<?xml version='1.0' encoding='UTF-8' ?><gpx version="1.1" creator="HikingTrailHK" xsi:schemaLocation="http://www.topografix.com/GPX/1/1 http://www.topografix.com/GPX/1/1/gpx.xsd" xmlns="http://www.topografix.com/GPX/1/1" xmlns:xsi="http://www.w3.org/2001/XMLSchema-instance"><metadata><name>北望神洲 @ 2017-11-18 10:10:32</name><desc></desc></metadata><wpt lat="22.53545202" lon="114.20192616"><ele>68.8453369140625</ele><time>2017-11-18T08:56:59Z</time></wpt><trk><trkseg><trkpt lat="22.51844324" lon="114.12513704"><ele>13.83038330078125</ele><time>2017-11-18T02:10:32Z</time></trkpt><trkpt lat="22.5184386" lon="114.12516251"><ele>12.30072021484375</ele><time>2017-11-18T02:10:36Z</time></trkpt><trkpt lat="22.51843035" lon="114.1251821"><ele>13.95745849609375</ele><time>2017-11-18T02:10:40Z</time></trkpt><trkpt lat="22.51843771" lon="114.12520122"><ele>14.34716796875</ele><time>2017-11-18T02:10:42Z</time></trkpt><trkpt lat="22.51844842" lon="114.12522735"><ele>13.462158203125</ele><time>2017-11-18T02:10:44Z</time></trkpt><trkpt lat="22.5184531" lon="114.12525093"><ele>13.90411376953125</ele><time>2017-11-18T02:10:46Z</time></trkpt><trkpt lat="22.5184573" lon="114.12528062"><ele>11.31109619140625</ele><time>2017-11-18T02:10:48Z</time></trkpt><trkpt lat="22.51847038" lon="114.12531438"><ele>10.7762451171875</ele><time>2017-11-18T02:10:50Z</time></trkpt><trkpt lat="22.51847985" lon="114.12534745"><ele>11.58856201171875</ele><time>2017-11-18T02:10:52Z</time></trkpt><trkpt lat="22.5184821" lon="114.12537827"><ele>9.2879638671875</ele><time>2017-11-18T02:10:54Z</time></trkpt><trkpt lat="22.51848997" lon="114.12541128"><ele>9.043243408203125</ele><time>2017-11-18T02:10:56Z</time></trkpt><trkpt lat="22.51849243" lon="114.12544173"><ele>7.39910888671875</ele><time>2017-11-18T02:10:58Z</time></trkpt><trkpt lat="22.51849655" lon="114.12546743"><ele>7.477569580078125</ele><time>2017-11-18T02:11:00Z</time></trkpt><trkpt lat="22.51849758" lon="114.12549934"><ele>8.869659423828125</ele><time>2017-11-18T02:11:03Z</time></trkpt><trkpt lat="22.51849719" lon="114.12551906"><ele>10.06390380859375</ele><time>2017-11-18T02:11:05Z</time></trkpt><trkpt lat="22.51849944" lon="114.12554347"><ele>11.41400146484375</ele><time>2017-11-18T02:11:07Z</time></trkpt><trkpt lat="22.51849921" lon="114.12557477"><ele>13.19683837890625</ele><time>2017-11-18T02:11:09Z</time></trkpt><trkpt lat="22.51849904" lon="114.12560056"><ele>13.4617919921875</ele><time>2017-11-18T02:11:11Z</time></trkpt><trkpt lat="22.51849879" lon="114.12562909"><ele>14.094970703125</ele><time>2017-11-18T02:11:13Z</time></trkpt><trkpt lat="22.51849968" lon="114.12565476"><ele>11.6090087890625</ele><time>2017-11-18T02:11:15Z</time></trkpt><trkpt lat="22.51850036" lon="114.12568546"><ele>12.28887939453125</ele><time>2017-11-18T02:11:17Z</time></trkpt><trkpt lat="22.51850115" lon="114.12571322"><ele>10.0911865234375</ele><time>2017-11-18T02:11:20Z</time></trkpt><trkpt lat="22.51849632" lon="114.12573343"><ele>10.88336181640625</ele><time>2017-11-18T02:11:22Z</time></trkpt><trkpt lat="22.51848842" lon="114.12575224"><ele>10.76763916015625</ele><time>2017-11-18T02:11:24Z</time></trkpt><trkpt lat="22.51847867" lon="114.12577541"><ele>11.488372802734375</ele><time>2017-11-18T02:11:27Z</time></trkpt><trkpt lat="22.51848105" lon="114.1257966"><ele>9.88836669921875</ele><time>2017-11-18T02:11:30Z</time></trkpt><trkpt lat="22.51849008" lon="114.12582972"><ele>10.34295654296875</ele><time>2017-11-18T02:11:33Z</time></trkpt><trkpt lat="22.51849528" lon="114.12586325"><ele>9.9222412109375</ele><time>2017-11-18T02:11:35Z</time></trkpt><trkpt lat="22.51849806" lon="114.12589776"><ele>9.61053466796875</ele><time>2017-11-18T02:11:37Z</time></trkpt><trkpt lat="22.51849814" lon="114.12591742"><ele>8.42633056640625</ele><time>2017-11-18T02:11:38Z</time></trkpt><trkpt lat="22.51849528" lon="114.12594986"><ele>8.994659423828125</ele><time>2017-11-18T02:11:40Z</time></trkpt><trkpt lat="22.5184886" lon="114.12598846"><ele>12.0745849609375</ele><time>2017-11-18T02:11:42Z</time></trkpt><trkpt lat="22.51848549" lon="114.12601082"><ele>15.54058837890625</ele><time>2017-11-18T02:11:43Z</time></trkpt><trkpt lat="22.51848023" lon="114.12604248"><ele>20.0950927734375</ele><time>2017-11-18T02:11:45Z</time></trkpt><trkpt lat="22.51847686" lon="114.12607719"><ele>21.88323974609375</ele><time>2017-11-18T02:11:47Z</time></trkpt><trkpt lat="22.51848183" lon="114.12611164"><ele>22.11322021484375</ele><time>2017-11-18T02:11:49Z</time></trkpt><trkpt lat="22.51847947" lon="114.1261402"><ele>22.9482421875</ele><time>2017-11-18T02:11:51Z</time></trkpt><trkpt lat="22.5184726" lon="114.1261592"><ele>23.4359130859375</ele><time>2017-11-18T02:11:53Z</time></trkpt><trkpt lat="22.51847438" lon="114.12618635"><ele>22.91961669921875</ele><time>2017-11-18T02:11:57Z</time></trkpt><trkpt lat="22.51848903" lon="114.12619827"><ele>23.72015380859375</ele><time>2017-11-18T02:11:59Z</time></trkpt><trkpt lat="22.51851217" lon="114.12621155"><ele>23.27685546875</ele><time>2017-11-18T02:12:01Z</time></trkpt><trkpt lat="22.51852971" lon="114.12621864"><ele>21.311767578125</ele><time>2017-11-18T02:12:03Z</time></trkpt><trkpt lat="22.51855609" lon="114.12622531"><ele>21.05316162109375</ele><time>2017-11-18T02:12:05Z</time></trkpt><trkpt lat="22.51858382" lon="114.12623736"><ele>20.48931884765625</ele><time>2017-11-18T02:12:07Z</time></trkpt><trkpt lat="22.51860914" lon="114.12624896"><ele>19.16278076171875</ele><time>2017-11-18T02:12:09Z</time></trkpt><trkpt lat="22.5186367" lon="114.1262636"><ele>19.71099853515625</ele><time>2017-11-18T02:12:12Z</time></trkpt><trkpt lat="22.51865675" lon="114.12627099"><ele>23.57843017578125</ele><time>2017-11-18T02:12:14Z</time></trkpt><trkpt lat="22.51867642" lon="114.1262767"><ele>26.83648681640625</ele><time>2017-11-18T02:12:16Z</time></trkpt><trkpt lat="22.51869718" lon="114.12627795"><ele>30.62286376953125</ele><time>2017-11-18T02:12:18Z</time></trkpt><trkpt lat="22.51871565" lon="114.12627514"><ele>32.19049072265625</ele><time>2017-11-18T02:12:20Z</time></trkpt><trkpt lat="22.51873658" lon="114.12626962"><ele>33.45465087890625</ele><time>2017-11-18T02:12:22Z</time></trkpt><trkpt lat="22.51875672" lon="114.12626568"><ele>34.5699462890625</ele><time>2017-11-18T02:12:25Z</time></trkpt><trkpt lat="22.51877734" lon="114.12627195"><ele>34.59326171875</ele><time>2017-11-18T02:12:27Z</time></trkpt><trkpt lat="22.51879542" lon="114.12626658"><ele>35.2515869140625</ele><time>2017-11-18T02:12:29Z</time></trkpt><trkpt lat="22.51881209" lon="114.12627612"><ele>37.34539794921875</ele><time>2017-11-18T02:12:33Z</time></trkpt><trkpt lat="22.51883055" lon="114.12628435"><ele>37.2132568359375</ele><time>2017-11-18T02:12:37Z</time></trkpt><trkpt lat="22.51885398" lon="114.12627565"><ele>36.83197021484375</ele><time>2017-11-18T02:12:40Z</time></trkpt><trkpt lat="22.51887942" lon="114.12626859"><ele>35.8634033203125</ele><time>2017-11-18T02:12:42Z</time></trkpt><trkpt lat="22.51902544" lon="114.12625944"><ele>41.47796630859375</ele><time>2017-11-18T02:12:54Z</time></trkpt><trkpt lat="22.51905839" lon="114.12622592"><ele>39.73931884765625</ele><time>2017-11-18T02:12:56Z</time></trkpt><trkpt lat="22.51907496" lon="114.12621695"><ele>43.96221923828125</ele><time>2017-11-18T02:12:57Z</time></trkpt><trkpt lat="22.51910245" lon="114.12621288"><ele>48.14581298828125</ele><time>2017-11-18T02:12:59Z</time></trkpt><trkpt lat="22.51912055" lon="114.12620711"><ele>50.341552734375</ele><time>2017-11-18T02:13:00Z</time></trkpt><trkpt lat="22.5191386" lon="114.12619923"><ele>52.33502197265625</ele><time>2017-11-18T02:13:03Z</time></trkpt><trkpt lat="22.51915739" lon="114.12620037"><ele>51.85791015625</ele><time>2017-11-18T02:13:05Z</time></trkpt><trkpt lat="22.51918627" lon="114.1262095"><ele>51.67962646484375</ele><time>2017-11-18T02:13:07Z</time></trkpt><trkpt lat="22.51921019" lon="114.12621955"><ele>52.24652099609375</ele><time>2017-11-18T02:13:09Z</time></trkpt><trkpt lat="22.5192309" lon="114.12624269"><ele>52.0150146484375</ele><time>2017-11-18T02:13:11Z</time></trkpt><trkpt lat="22.51924854" lon="114.12625855"><ele>47.882568359375</ele><time>2017-11-18T02:13:13Z</time></trkpt><trkpt lat="22.51926334" lon="114.12626958"><ele>49.27972412109375</ele><time>2017-11-18T02:13:15Z</time></trkpt><trkpt lat="22.51927459" lon="114.12628559"><ele>48.94256591796875</ele><time>2017-11-18T02:13:17Z</time></trkpt><trkpt lat="22.51929267" lon="114.12630805"><ele>47.70269775390625</ele><time>2017-11-18T02:13:19Z</time></trkpt><trkpt lat="22.51930915" lon="114.12632344"><ele>47.91448974609375</ele><time>2017-11-18T02:13:21Z</time></trkpt><trkpt lat="22.51932334" lon="114.12634734"><ele>51.99920654296875</ele><time>2017-11-18T02:13:23Z</time></trkpt><trkpt lat="22.51933275" lon="114.12637726"><ele>50.365234375</ele><time>2017-11-18T02:13:25Z</time></trkpt><trkpt lat="22.51934032" lon="114.12641197"><ele>51.03924560546875</ele><time>2017-11-18T02:13:27Z</time></trkpt><trkpt lat="22.51935232" lon="114.12644394"><ele>49.83447265625</ele><time>2017-11-18T02:13:29Z</time></trkpt><trkpt lat="22.51936496" lon="114.12647085"><ele>49.56353759765625</ele><time>2017-11-18T02:13:31Z</time></trkpt><trkpt lat="22.51938348" lon="114.12649393"><ele>49.84405517578125</ele><time>2017-11-18T02:13:33Z</time></trkpt><trkpt lat="22.51939307" lon="114.12652086"><ele>51.3143310546875</ele><time>2017-11-18T02:13:35Z</time></trkpt><trkpt lat="22.51940146" lon="114.12655407"><ele>51.002685546875</ele><time>2017-11-18T02:13:37Z</time></trkpt><trkpt lat="22.51940732" lon="114.12657933"><ele>49.7213134765625</ele><time>2017-11-18T02:13:40Z</time></trkpt><trkpt lat="22.51941845" lon="114.12660186"><ele>46.3958740234375</ele><time>2017-11-18T02:13:44Z</time></trkpt><trkpt lat="22.51943324" lon="114.12662011"><ele>44.8184814453125</ele><time>2017-11-18T02:13:47Z</time></trkpt><trkpt lat="22.51944331" lon="114.12663924"><ele>45.01654052734375</ele><time>2017-11-18T02:13:49Z</time></trkpt><trkpt lat="22.51945918" lon="114.12666986"><ele>44.0985107421875</ele><time>2017-11-18T02:13:51Z</time></trkpt><trkpt lat="22.51946875" lon="114.12668647"><ele>43.806640625</ele><time>2017-11-18T02:13:52Z</time></trkpt><trkpt lat="22.51947818" lon="114.12670354"><ele>44.36431884765625</ele><time>2017-11-18T02:13:53Z</time></trkpt><trkpt lat="22.51949462" lon="114.1267333"><ele>43.10137939453125</ele><time>2017-11-18T02:13:55Z</time></trkpt><trkpt lat="22.51950802" lon="114.12675516"><ele>44.54278564453125</ele><time>2017-11-18T02:13:57Z</time></trkpt><trkpt lat="22.51952018" lon="114.12678007"><ele>46.0531005859375</ele><time>2017-11-18T02:13:59Z</time></trkpt><trkpt lat="22.51952652" lon="114.1268113"><ele>46.0833740234375</ele><time>2017-11-18T02:14:01Z</time></trkpt><trkpt lat="22.51953391" lon="114.12684289"><ele>45.57843017578125</ele><time>2017-11-18T02:14:03Z</time></trkpt><trkpt lat="22.51953876" lon="114.12687609"><ele>40.95672607421875</ele><time>2017-11-18T02:14:05Z</time></trkpt><trkpt lat="22.51953993" lon="114.12689852"><ele>41.16583251953125</ele><time>2017-11-18T02:14:06Z</time></trkpt><trkpt lat="22.51953844" lon="114.12692078"><ele>40.88348388671875</ele><time>2017-11-18T02:14:07Z</time></trkpt><trkpt lat="22.51953496" lon="114.12694111"><ele>44.04534912109375</ele><time>2017-11-18T02:14:09Z</time></trkpt><trkpt lat="22.51953756" lon="114.12696754"><ele>44.95587158203125</ele><time>2017-11-18T02:14:13Z</time></trkpt><trkpt lat="22.51953903" lon="114.12699275"><ele>42.69970703125</ele><time>2017-11-18T02:14:16Z</time></trkpt><trkpt lat="22.51954514" lon="114.12701706"><ele>40.928955078125</ele><time>2017-11-18T02:14:19Z</time></trkpt><trkpt lat="22.51955065" lon="114.12704746"><ele>42.242919921875</ele><time>2017-11-18T02:14:21Z</time></trkpt><trkpt lat="22.51954622" lon="114.12707998"><ele>42.19879150390625</ele><time>2017-11-18T02:14:23Z</time></trkpt><trkpt lat="22.51953904" lon="114.12710114"><ele>40.88330078125</ele><time>2017-11-18T02:14:25Z</time></trkpt><trkpt lat="22.51953751" lon="114.12712502"><ele>39.38836669921875</ele><time>2017-11-18T02:14:28Z</time></trkpt><trkpt lat="22.51953843" lon="114.12715397"><ele>34.96734619140625</ele><time>2017-11-18T02:14:32Z</time></trkpt><trkpt lat="22.51953434" lon="114.12718083"><ele>33.40106201171875</ele><time>2017-11-18T02:14:34Z</time></trkpt><trkpt lat="22.51952891" lon="114.12721001"><ele>32.42724609375</ele><time>2017-11-18T02:14:36Z</time></trkpt><trkpt lat="22.51952559" lon="114.12723449"><ele>34.65008544921875</ele><time>2017-11-18T02:14:38Z</time></trkpt><trkpt lat="22.51952514" lon="114.12725519"><ele>36.11358642578125</ele><time>2017-11-18T02:14:40Z</time></trkpt><trkpt lat="22.51952631" lon="114.12728805"><ele>35.71148681640625</ele><time>2017-11-18T02:14:42Z</time></trkpt><trkpt lat="22.51953065" lon="114.12730858"><ele>35.764892578125</ele><time>2017-11-18T02:14:43Z</time></trkpt><trkpt lat="22.51953773" lon="114.12732767"><ele>36.12286376953125</ele><time>2017-11-18T02:14:44Z</time></trkpt><trkpt lat="22.51954789" lon="114.1273489"><ele>33.9908447265625</ele><time>2017-11-18T02:14:46Z</time></trkpt><trkpt lat="22.51956265" lon="114.12736654"><ele>28.92218017578125</ele><time>2017-11-18T02:14:48Z</time></trkpt><trkpt lat="22.51958074" lon="114.12738116"><ele>31.241455078125</ele><time>2017-11-18T02:14:50Z</time></trkpt><trkpt lat="22.51960045" lon="114.12739125"><ele>27.0177001953125</ele><time>2017-11-18T02:14:52Z</time></trkpt><trkpt lat="22.5196246" lon="114.12740104"><ele>26.38214111328125</ele><time>2017-11-18T02:14:54Z</time></trkpt><trkpt lat="22.51964841" lon="114.1274096"><ele>26.2484130859375</ele><time>2017-11-18T02:14:56Z</time></trkpt><trkpt lat="22.51968118" lon="114.12741552"><ele>26.1700439453125</ele><time>2017-11-18T02:14:58Z</time></trkpt><trkpt lat="22.51969926" lon="114.12741836"><ele>26.91864013671875</ele><time>2017-11-18T02:14:59Z</time></trkpt><trkpt lat="22.51972181" lon="114.12742827"><ele>31.78369140625</ele><time>2017-11-18T02:15:01Z</time></trkpt><trkpt lat="22.51973683" lon="114.1274456"><ele>31.7772216796875</ele><time>2017-11-18T02:15:03Z</time></trkpt><trkpt lat="22.5197498" lon="114.12746852"><ele>35.03155517578125</ele><time>2017-11-18T02:15:06Z</time></trkpt><trkpt lat="22.51976947" lon="114.12748247"><ele>37.11761474609375</ele><time>2017-11-18T02:15:08Z</time></trkpt><trkpt lat="22.51978572" lon="114.12749729"><ele>39.24053955078125</ele><time>2017-11-18T02:15:11Z</time></trkpt><trkpt lat="22.51980147" lon="114.12750866"><ele>39.59027099609375</ele><time>2017-11-18T02:15:14Z</time></trkpt><trkpt lat="22.51982283" lon="114.12751671"><ele>39.7138671875</ele><time>2017-11-18T02:15:16Z</time></trkpt><trkpt lat="22.51984095" lon="114.12753302"><ele>35.5875244140625</ele><time>2017-11-18T02:15:18Z</time></trkpt><trkpt lat="22.51985771" lon="114.12754372"><ele>34.16448974609375</ele><time>2017-11-18T02:15:20Z</time></trkpt><trkpt lat="22.51987272" lon="114.12756573"><ele>34.69927978515625</ele><time>2017-11-18T02:15:23Z</time></trkpt><trkpt lat="22.51989082" lon="114.12759299"><ele>35.725341796875</ele><time>2017-11-18T02:15:25Z</time></trkpt><trkpt lat="22.51990564" lon="114.12760892"><ele>35.7548828125</ele><time>2017-11-18T02:15:26Z</time></trkpt><trkpt lat="22.51992223" lon="114.12762932"><ele>39.0872802734375</ele><time>2017-11-18T02:15:28Z</time></trkpt><trkpt lat="22.51992565" lon="114.12764927"><ele>41.71636962890625</ele><time>2017-11-18T02:15:30Z</time></trkpt><trkpt lat="22.51992893" lon="114.12767118"><ele>40.600830078125</ele><time>2017-11-18T02:15:32Z</time></trkpt><trkpt lat="22.51993214" lon="114.12769529"><ele>40.534423828125</ele><time>2017-11-18T02:15:35Z</time></trkpt><trkpt lat="22.51995776" lon="114.12771111"><ele>35.700439453125</ele><time>2017-11-18T02:15:38Z</time></trkpt><trkpt lat="22.51997524" lon="114.12772676"><ele>32.33026123046875</ele><time>2017-11-18T02:15:42Z</time></trkpt><trkpt lat="22.51998053" lon="114.12774803"><ele>35.8704833984375</ele><time>2017-11-18T02:15:45Z</time></trkpt><trkpt lat="22.51998654" lon="114.12777475"><ele>34.54119873046875</ele><time>2017-11-18T02:15:47Z</time></trkpt><trkpt lat="22.51999664" lon="114.12779926"><ele>35.46295166015625</ele><time>2017-11-18T02:15:49Z</time></trkpt><trkpt lat="22.52001444" lon="114.12782453"><ele>33.514404296875</ele><time>2017-11-18T02:15:52Z</time></trkpt><trkpt lat="22.52002611" lon="114.12784096"><ele>33.584716796875</ele><time>2017-11-18T02:15:54Z</time></trkpt><trkpt lat="22.5200353" lon="114.12786602"><ele>34.80731201171875</ele><time>2017-11-18T02:15:57Z</time></trkpt><trkpt lat="22.52004915" lon="114.12788924"><ele>35.77435302734375</ele><time>2017-11-18T02:16:00Z</time></trkpt><trkpt lat="22.52006913" lon="114.12790948"><ele>34.91143798828125</ele><time>2017-11-18T02:16:02Z</time></trkpt><trkpt lat="22.5200832" lon="114.12793318"><ele>36.72076416015625</ele><time>2017-11-18T02:16:05Z</time></trkpt><trkpt lat="22.52009327" lon="114.12795207"><ele>37.98101806640625</ele><time>2017-11-18T02:16:08Z</time></trkpt><trkpt lat="22.52010472" lon="114.12797109"><ele>37.904052734375</ele><time>2017-11-18T02:16:10Z</time></trkpt><trkpt lat="22.52012326" lon="114.12799222"><ele>35.9774169921875</ele><time>2017-11-18T02:16:13Z</time></trkpt><trkpt lat="22.52013985" lon="114.12800666"><ele>35.509033203125</ele><time>2017-11-18T02:16:15Z</time></trkpt><trkpt lat="22.52014907" lon="114.12803022"><ele>35.26324462890625</ele><time>2017-11-18T02:16:18Z</time></trkpt><trkpt lat="22.52015788" lon="114.12804757"><ele>37.2506103515625</ele><time>2017-11-18T02:16:20Z</time></trkpt><trkpt lat="22.52017301" lon="114.12806787"><ele>37.87969970703125</ele><time>2017-11-18T02:16:22Z</time></trkpt><trkpt lat="22.52019263" lon="114.12807929"><ele>39.8001708984375</ele><time>2017-11-18T02:16:24Z</time></trkpt><trkpt lat="22.52021525" lon="114.12809458"><ele>40.2945556640625</ele><time>2017-11-18T02:16:27Z</time></trkpt><trkpt lat="22.52022851" lon="114.12811239"><ele>40.79913330078125</ele><time>2017-11-18T02:16:29Z</time></trkpt><trkpt lat="22.52024237" lon="114.12812697"><ele>42.70947265625</ele><time>2017-11-18T02:16:31Z</time></trkpt><trkpt lat="22.52025866" lon="114.12814405"><ele>47.9921875</ele><time>2017-11-18T02:16:33Z</time></trkpt><trkpt lat="22.52027567" lon="114.12815905"><ele>47.09027099609375</ele><time>2017-11-18T02:16:36Z</time></trkpt><trkpt lat="22.52030228" lon="114.12815945"><ele>52.85418701171875</ele><time>2017-11-18T02:16:40Z</time></trkpt><trkpt lat="22.52032315" lon="114.12815531"><ele>53.3294677734375</ele><time>2017-11-18T02:16:44Z</time></trkpt><trkpt lat="22.52034497" lon="114.12814807"><ele>53.711181640625</ele><time>2017-11-18T02:16:46Z</time></trkpt><trkpt lat="22.52036637" lon="114.12814463"><ele>52.65643310546875</ele><time>2017-11-18T02:16:48Z</time></trkpt><trkpt lat="22.52039099" lon="114.12814168"><ele>53.17901611328125</ele><time>2017-11-18T02:16:50Z</time></trkpt><trkpt lat="22.52041748" lon="114.12814048"><ele>52.37298583984375</ele><time>2017-11-18T02:16:52Z</time></trkpt><trkpt lat="22.52044017" lon="114.12813845"><ele>53.06304931640625</ele><time>2017-11-18T02:16:54Z</time></trkpt><trkpt lat="22.52045752" lon="114.12814541"><ele>52.504150390625</ele><time>2017-11-18T02:16:58Z</time></trkpt><trkpt lat="22.52047635" lon="114.12815775"><ele>53.00201416015625</ele><time>2017-11-18T02:17:00Z</time></trkpt><trkpt lat="22.5205006" lon="114.12817548"><ele>52.087158203125</ele><time>2017-11-18T02:17:02Z</time></trkpt><trkpt lat="22.52051637" lon="114.12819294"><ele>55.92730712890625</ele><time>2017-11-18T02:17:05Z</time></trkpt><trkpt lat="22.52053775" lon="114.12821321"><ele>56.18145751953125</ele><time>2017-11-18T02:17:08Z</time></trkpt><trkpt lat="22.52056009" lon="114.12823586"><ele>51.64337158203125</ele><time>2017-11-18T02:17:10Z</time></trkpt><trkpt lat="22.52058533" lon="114.12825061"><ele>50.78436279296875</ele><time>2017-11-18T02:17:14Z</time></trkpt><trkpt lat="22.52060447" lon="114.12827232"><ele>50.80743408203125</ele><time>2017-11-18T02:17:16Z</time></trkpt><trkpt lat="22.52061789" lon="114.12829862"><ele>54.83544921875</ele><time>2017-11-18T02:17:18Z</time></trkpt><trkpt lat="22.5206353" lon="114.12832481"><ele>55.01031494140625</ele><time>2017-11-18T02:17:20Z</time></trkpt><trkpt lat="22.52065513" lon="114.12834141"><ele>53.80072021484375</ele><time>2017-11-18T02:17:23Z</time></trkpt><trkpt lat="22.52066752" lon="114.12836161"><ele>55.9898681640625</ele><time>2017-11-18T02:17:25Z</time></trkpt><trkpt lat="22.52067521" lon="114.12838368"><ele>57.48797607421875</ele><time>2017-11-18T02:17:27Z</time></trkpt><trkpt lat="22.52069104" lon="114.12840873"><ele>54.22796630859375</ele><time>2017-11-18T02:17:29Z</time></trkpt><trkpt lat="22.52070867" lon="114.12844134"><ele>53.26263427734375</ele><time>2017-11-18T02:17:31Z</time></trkpt><trkpt lat="22.5207221" lon="114.12845903"><ele>52.7213134765625</ele><time>2017-11-18T02:17:33Z</time></trkpt><trkpt lat="22.52073135" lon="114.12847657"><ele>52.8194580078125</ele><time>2017-11-18T02:17:35Z</time></trkpt><trkpt lat="22.52073604" lon="114.1284988"><ele>53.1724853515625</ele><time>2017-11-18T02:17:37Z</time></trkpt><trkpt lat="22.52073769" lon="114.12852003"><ele>54.10638427734375</ele><time>2017-11-18T02:17:39Z</time></trkpt><trkpt lat="22.52073818" lon="114.12854626"><ele>54.5472412109375</ele><time>2017-11-18T02:17:42Z</time></trkpt><trkpt lat="22.52074562" lon="114.12859082"><ele>55.12945556640625</ele><time>2017-11-18T02:17:46Z</time></trkpt><trkpt lat="22.52074941" lon="114.12861581"><ele>55.14654541015625</ele><time>2017-11-18T02:17:48Z</time></trkpt><trkpt lat="22.52075102" lon="114.12863998"><ele>54.4071044921875</ele><time>2017-11-18T02:17:50Z</time></trkpt><trkpt lat="22.52075565" lon="114.1286621"><ele>55.05633544921875</ele><time>2017-11-18T02:17:52Z</time></trkpt><trkpt lat="22.52076643" lon="114.1286794"><ele>53.17559814453125</ele><time>2017-11-18T02:17:54Z</time></trkpt><trkpt lat="22.52077474" lon="114.12870201"><ele>53.14093017578125</ele><time>2017-11-18T02:17:56Z</time></trkpt><trkpt lat="22.52078099" lon="114.12872383"><ele>53.77886962890625</ele><time>2017-11-18T02:17:58Z</time></trkpt><trkpt lat="22.52078321" lon="114.12874623"><ele>55.96435546875</ele><time>2017-11-18T02:18:00Z</time></trkpt><trkpt lat="22.52079526" lon="114.12876642"><ele>54.19195556640625</ele><time>2017-11-18T02:18:02Z</time></trkpt><trkpt lat="22.5208072" lon="114.12878302"><ele>54.1131591796875</ele><time>2017-11-18T02:18:04Z</time></trkpt><trkpt lat="22.52081809" lon="114.12879994"><ele>55.63201904296875</ele><time>2017-11-18T02:18:06Z</time></trkpt><trkpt lat="22.52083111" lon="114.12881889"><ele>53.4268798828125</ele><time>2017-11-18T02:18:09Z</time></trkpt><trkpt lat="22.520833" lon="114.12884199"><ele>56.30560302734375</ele><time>2017-11-18T02:18:11Z</time></trkpt><trkpt lat="22.52084013" lon="114.12886354"><ele>55.7847900390625</ele><time>2017-11-18T02:18:13Z</time></trkpt><trkpt lat="22.52084829" lon="114.12888256"><ele>54.624755859375</ele><time>2017-11-18T02:18:15Z</time></trkpt><trkpt lat="22.52086081" lon="114.1289072"><ele>55.76177978515625</ele><time>2017-11-18T02:18:18Z</time></trkpt><trkpt lat="22.52086448" lon="114.12892749"><ele>56.88494873046875</ele><time>2017-11-18T02:18:20Z</time></trkpt><trkpt lat="22.5208722" lon="114.12894956"><ele>57.89752197265625</ele><time>2017-11-18T02:18:23Z</time></trkpt><trkpt lat="22.52087705" lon="114.12896951"><ele>56.90704345703125</ele><time>2017-11-18T02:18:25Z</time></trkpt><trkpt lat="22.52089614" lon="114.12899117"><ele>58.16424560546875</ele><time>2017-11-18T02:18:28Z</time></trkpt><trkpt lat="22.52091366" lon="114.12900981"><ele>57.48858642578125</ele><time>2017-11-18T02:18:30Z</time></trkpt><trkpt lat="22.520915" lon="114.12903462"><ele>59.142333984375</ele><time>2017-11-18T02:18:32Z</time></trkpt><trkpt lat="22.5209105" lon="114.12905725"><ele>61.19140625</ele><time>2017-11-18T02:18:35Z</time></trkpt><trkpt lat="22.52091666" lon="114.12907671"><ele>60.181640625</ele><time>2017-11-18T02:18:37Z</time></trkpt><trkpt lat="22.52092397" lon="114.12909937"><ele>59.88165283203125</ele><time>2017-11-18T02:18:39Z</time></trkpt><trkpt lat="22.52092754" lon="114.12912179"><ele>62.24249267578125</ele><time>2017-11-18T02:18:41Z</time></trkpt><trkpt lat="22.5209392" lon="114.12914544"><ele>60.6572265625</ele><time>2017-11-18T02:18:44Z</time></trkpt><trkpt lat="22.52094581" lon="114.1291667"><ele>63.7535400390625</ele><time>2017-11-18T02:18:46Z</time></trkpt><trkpt lat="22.52095824" lon="114.12919329"><ele>64.33721923828125</ele><time>2017-11-18T02:18:48Z</time></trkpt><trkpt lat="22.52097457" lon="114.12921258"><ele>65.17236328125</ele><time>2017-11-18T02:18:50Z</time></trkpt><trkpt lat="22.52098718" lon="114.12923061"><ele>63.9219970703125</ele><time>2017-11-18T02:18:53Z</time></trkpt><trkpt lat="22.52100369" lon="114.12924956"><ele>64.86962890625</ele><time>2017-11-18T02:18:58Z</time></trkpt><trkpt lat="22.52102102" lon="114.12926878"><ele>66.281494140625</ele><time>2017-11-18T02:19:00Z</time></trkpt><trkpt lat="22.52104214" lon="114.12928427"><ele>68.80218505859375</ele><time>2017-11-18T02:19:02Z</time></trkpt><trkpt lat="22.52105935" lon="114.12929895"><ele>69.9373779296875</ele><time>2017-11-18T02:19:04Z</time></trkpt><trkpt lat="22.52106625" lon="114.12932066"><ele>74.36181640625</ele><time>2017-11-18T02:19:06Z</time></trkpt><trkpt lat="22.52106778" lon="114.12934567"><ele>75.20867919921875</ele><time>2017-11-18T02:19:08Z</time></trkpt><trkpt lat="22.5210658" lon="114.12936972"><ele>73.0999755859375</ele><time>2017-11-18T02:19:10Z</time></trkpt><trkpt lat="22.5210673" lon="114.12939109"><ele>73.26348876953125</ele><time>2017-11-18T02:19:13Z</time></trkpt><trkpt lat="22.52107341" lon="114.1294197"><ele>69.8714599609375</ele><time>2017-11-18T02:19:16Z</time></trkpt><trkpt lat="22.52107662" lon="114.12944278"><ele>72.8756103515625</ele><time>2017-11-18T02:19:18Z</time></trkpt><trkpt lat="22.5210835" lon="114.12947401"><ele>73.181884765625</ele><time>2017-11-18T02:19:20Z</time></trkpt><trkpt lat="22.52109083" lon="114.1294968"><ele>73.05609130859375</ele><time>2017-11-18T02:19:22Z</time></trkpt><trkpt lat="22.52110251" lon="114.12951587"><ele>76.44775390625</ele><time>2017-11-18T02:19:25Z</time></trkpt><trkpt lat="22.52111006" lon="114.12953699"><ele>76.98956298828125</ele><time>2017-11-18T02:19:27Z</time></trkpt><trkpt lat="22.52111425" lon="114.12956"><ele>75.1083984375</ele><time>2017-11-18T02:19:29Z</time></trkpt><trkpt lat="22.52111957" lon="114.12959175"><ele>75.802490234375</ele><time>2017-11-18T02:19:31Z</time></trkpt><trkpt lat="22.52111921" lon="114.12962118"><ele>74.8909912109375</ele><time>2017-11-18T02:19:33Z</time></trkpt><trkpt lat="22.52110821" lon="114.1296398"><ele>71.80792236328125</ele><time>2017-11-18T02:19:38Z</time></trkpt><trkpt lat="22.52109166" lon="114.12966132"><ele>72.13983154296875</ele><time>2017-11-18T02:19:41Z</time></trkpt><trkpt lat="22.52108358" lon="114.1296806"><ele>72.85870361328125</ele><time>2017-11-18T02:19:43Z</time></trkpt><trkpt lat="22.52108014" lon="114.12971131"><ele>71.93804931640625</ele><time>2017-11-18T02:19:45Z</time></trkpt><trkpt lat="22.52107721" lon="114.1297313"><ele>71.3271484375</ele><time>2017-11-18T02:19:47Z</time></trkpt><trkpt lat="22.52107874" lon="114.12976044"><ele>71.8087158203125</ele><time>2017-11-18T02:19:50Z</time></trkpt><trkpt lat="22.52107999" lon="114.12978811"><ele>71.72955322265625</ele><time>2017-11-18T02:19:52Z</time></trkpt><trkpt lat="22.5210803" lon="114.12982397"><ele>73.41522216796875</ele><time>2017-11-18T02:19:54Z</time></trkpt><trkpt lat="22.52108464" lon="114.12985167"><ele>73.9395751953125</ele><time>2017-11-18T02:19:56Z</time></trkpt><trkpt lat="22.52108563" lon="114.12987289"><ele>74.3736572265625</ele><time>2017-11-18T02:19:58Z</time></trkpt><trkpt lat="22.52107899" lon="114.12990334"><ele>76.419921875</ele><time>2017-11-18T02:20:00Z</time></trkpt><trkpt lat="22.52107264" lon="114.12993862"><ele>78.63653564453125</ele><time>2017-11-18T02:20:02Z</time></trkpt><trkpt lat="22.52106762" lon="114.12995776"><ele>80.85546875</ele><time>2017-11-18T02:20:04Z</time></trkpt><trkpt lat="22.52105813" lon="114.12998316"><ele>81.5615234375</ele><time>2017-11-18T02:20:07Z</time></trkpt><trkpt lat="22.52105528" lon="114.13000517"><ele>83.18768310546875</ele><time>2017-11-18T02:20:09Z</time></trkpt><trkpt lat="22.52105259" lon="114.13003803"><ele>84.5830078125</ele><time>2017-11-18T02:20:11Z</time></trkpt><trkpt lat="22.52105263" lon="114.13006252"><ele>84.5284423828125</ele><time>2017-11-18T02:20:13Z</time></trkpt><trkpt lat="22.52105276" lon="114.13008422"><ele>83.77191162109375</ele><time>2017-11-18T02:20:15Z</time></trkpt><trkpt lat="22.52104891" lon="114.1301156"><ele>80.9478759765625</ele><time>2017-11-18T02:20:18Z</time></trkpt><trkpt lat="22.52104269" lon="114.13014727"><ele>80.24609375</ele><time>2017-11-18T02:20:20Z</time></trkpt><trkpt lat="22.52103882" lon="114.13016659"><ele>76.13653564453125</ele><time>2017-11-18T02:20:22Z</time></trkpt><trkpt lat="22.52103198" lon="114.13019278"><ele>76.498046875</ele><time>2017-11-18T02:20:24Z</time></trkpt><trkpt lat="22.52102659" lon="114.13021804"><ele>76.88409423828125</ele><time>2017-11-18T02:20:26Z</time></trkpt><trkpt lat="22.52102344" lon="114.13024153"><ele>77.9766845703125</ele><time>2017-11-18T02:20:29Z</time></trkpt><trkpt lat="22.52102547" lon="114.1302708"><ele>77.85845947265625</ele><time>2017-11-18T02:20:31Z</time></trkpt><trkpt lat="22.52102718" lon="114.13029553"><ele>76.732666015625</ele><time>2017-11-18T02:20:33Z</time></trkpt><trkpt lat="22.52103212" lon="114.13032587"><ele>74.03448486328125</ele><time>2017-11-18T02:20:35Z</time></trkpt><trkpt lat="22.52103942" lon="114.13035983"><ele>71.8497314453125</ele><time>2017-11-18T02:20:37Z</time></trkpt><trkpt lat="22.52103502" lon="114.13038325"><ele>74.304931640625</ele><time>2017-11-18T02:20:39Z</time></trkpt><trkpt lat="22.52105151" lon="114.13040647"><ele>69.7335205078125</ele><time>2017-11-18T02:20:43Z</time></trkpt><trkpt lat="22.52105956" lon="114.13043162"><ele>70.69012451171875</ele><time>2017-11-18T02:20:45Z</time></trkpt><trkpt lat="22.52106911" lon="114.13045865"><ele>70.615234375</ele><time>2017-11-18T02:20:47Z</time></trkpt><trkpt lat="22.52108083" lon="114.13049477"><ele>69.80841064453125</ele><time>2017-11-18T02:20:49Z</time></trkpt><trkpt lat="22.5210898" lon="114.13052923"><ele>70.49151611328125</ele><time>2017-11-18T02:20:51Z</time></trkpt><trkpt lat="22.5210974" lon="114.13055458"><ele>70.8458251953125</ele><time>2017-11-18T02:20:53Z</time></trkpt><trkpt lat="22.5211045" lon="114.13057557"><ele>71.60943603515625</ele><time>2017-11-18T02:20:56Z</time></trkpt><trkpt lat="22.52110935" lon="114.13059991"><ele>71.12841796875</ele><time>2017-11-18T02:20:58Z</time></trkpt><trkpt lat="22.52111132" lon="114.13062942"><ele>71.091552734375</ele><time>2017-11-18T02:21:00Z</time></trkpt><trkpt lat="22.52111073" lon="114.13065431"><ele>70.467041015625</ele><time>2017-11-18T02:21:02Z</time></trkpt><trkpt lat="22.5211118" lon="114.13068001"><ele>70.2899169921875</ele><time>2017-11-18T02:21:05Z</time></trkpt><trkpt lat="22.52110982" lon="114.1307094"><ele>71.63519287109375</ele><time>2017-11-18T02:21:07Z</time></trkpt><trkpt lat="22.52111043" lon="114.13073592"><ele>73.06414794921875</ele><time>2017-11-18T02:21:09Z</time></trkpt><trkpt lat="22.52110607" lon="114.13076045"><ele>74.23046875</ele><time>2017-11-18T02:21:12Z</time></trkpt><trkpt lat="22.52109932" lon="114.13078578"><ele>76.55218505859375</ele><time>2017-11-18T02:21:14Z</time></trkpt><trkpt lat="22.52109445" lon="114.13081579"><ele>77.99932861328125</ele><time>2017-11-18T02:21:16Z</time></trkpt><trkpt lat="22.52109089" lon="114.13084104"><ele>79.88494873046875</ele><time>2017-11-18T02:21:19Z</time></trkpt><trkpt lat="22.52108567" lon="114.13086172"><ele>80.80859375</ele><time>2017-11-18T02:21:21Z</time></trkpt><trkpt lat="22.52107688" lon="114.13088062"><ele>81.389404296875</ele><time>2017-11-18T02:21:23Z</time></trkpt><trkpt lat="22.5210673" lon="114.13089901"><ele>81.9241943359375</ele><time>2017-11-18T02:21:25Z</time></trkpt><trkpt lat="22.52105298" lon="114.130922"><ele>83.14111328125</ele><time>2017-11-18T02:21:28Z</time></trkpt><trkpt lat="22.52103839" lon="114.13094082"><ele>82.309814453125</ele><time>2017-11-18T02:21:31Z</time></trkpt><trkpt lat="22.52102264" lon="114.1309539"><ele>82.96575927734375</ele><time>2017-11-18T02:21:33Z</time></trkpt><trkpt lat="22.52101042" lon="114.13097145"><ele>84.2001953125</ele><time>2017-11-18T02:21:35Z</time></trkpt><trkpt lat="22.52099859" lon="114.13099489"><ele>86.7845458984375</ele><time>2017-11-18T02:21:38Z</time></trkpt><trkpt lat="22.52098359" lon="114.13101526"><ele>87.970458984375</ele><time>2017-11-18T02:21:40Z</time></trkpt><trkpt lat="22.52096939" lon="114.13103513"><ele>87.72509765625</ele><time>2017-11-18T02:21:43Z</time></trkpt><trkpt lat="22.52095529" lon="114.1310534"><ele>87.38092041015625</ele><time>2017-11-18T02:21:45Z</time></trkpt><trkpt lat="22.52094049" lon="114.1310671"><ele>88.720947265625</ele><time>2017-11-18T02:21:48Z</time></trkpt><trkpt lat="22.52092568" lon="114.13107882"><ele>90.652587890625</ele><time>2017-11-18T02:21:50Z</time></trkpt><trkpt lat="22.52090713" lon="114.13109268"><ele>92.192138671875</ele><time>2017-11-18T02:21:52Z</time></trkpt><trkpt lat="22.52089211" lon="114.13110633"><ele>93.8492431640625</ele><time>2017-11-18T02:21:55Z</time></trkpt><trkpt lat="22.52087805" lon="114.13112557"><ele>93.99139404296875</ele><time>2017-11-18T02:21:57Z</time></trkpt><trkpt lat="22.520862" lon="114.13113866"><ele>93.7945556640625</ele><time>2017-11-18T02:22:00Z</time></trkpt><trkpt lat="22.52084632" lon="114.13116537"><ele>96.5560302734375</ele><time>2017-11-18T02:22:03Z</time></trkpt><trkpt lat="22.52083251" lon="114.13118"><ele>97.25469970703125</ele><time>2017-11-18T02:22:05Z</time></trkpt><trkpt lat="22.52081898" lon="114.13119757"><ele>97.0887451171875</ele><time>2017-11-18T02:22:07Z</time></trkpt><trkpt lat="22.52080534" lon="114.13122266"><ele>98.8291015625</ele><time>2017-11-18T02:22:09Z</time></trkpt><trkpt lat="22.52079915" lon="114.13124471"><ele>97.9285888671875</ele><time>2017-11-18T02:22:12Z</time></trkpt><trkpt lat="22.5207971" lon="114.13126935"><ele>97.8160400390625</ele><time>2017-11-18T02:22:14Z</time></trkpt><trkpt lat="22.52079231" lon="114.13129438"><ele>98.166259765625</ele><time>2017-11-18T02:22:17Z</time></trkpt><trkpt lat="22.52078899" lon="114.13132239"><ele>98.123291015625</ele><time>2017-11-18T02:22:19Z</time></trkpt><trkpt lat="22.52078705" lon="114.13134561"><ele>98.28778076171875</ele><time>2017-11-18T02:22:21Z</time></trkpt><trkpt lat="22.52079095" lon="114.13136759"><ele>98.21112060546875</ele><time>2017-11-18T02:22:23Z</time></trkpt><trkpt lat="22.52079208" lon="114.13139441"><ele>99.440185546875</ele><time>2017-11-18T02:22:25Z</time></trkpt><trkpt lat="22.52079251" lon="114.13142306"><ele>99.5633544921875</ele><time>2017-11-18T02:22:27Z</time></trkpt><trkpt lat="22.52079295" lon="114.13144722"><ele>99.70147705078125</ele><time>2017-11-18T02:22:30Z</time></trkpt><trkpt lat="22.52079593" lon="114.13147643"><ele>100.4893798828125</ele><time>2017-11-18T02:22:32Z</time></trkpt><trkpt lat="22.52079767" lon="114.13150322"><ele>100.365478515625</ele><time>2017-11-18T02:22:34Z</time></trkpt><trkpt lat="22.52079702" lon="114.13153582"><ele>100.9234619140625</ele><time>2017-11-18T02:22:36Z</time></trkpt><trkpt lat="22.52079581" lon="114.13156024"><ele>100.859375</ele><time>2017-11-18T02:22:38Z</time></trkpt><trkpt lat="22.52080209" lon="114.13158485"><ele>100.70538330078125</ele><time>2017-11-18T02:22:41Z</time></trkpt><trkpt lat="22.52081141" lon="114.13160824"><ele>100.53106689453125</ele><time>2017-11-18T02:22:43Z</time></trkpt><trkpt lat="22.52082152" lon="114.1316351"><ele>101.87811279296875</ele><time>2017-11-18T02:22:45Z</time></trkpt><trkpt lat="22.52083462" lon="114.13165816"><ele>101.7877197265625</ele><time>2017-11-18T02:22:48Z</time></trkpt><trkpt lat="22.52084594" lon="114.13167817"><ele>103.52728271484375</ele><time>2017-11-18T02:22:50Z</time></trkpt><trkpt lat="22.52085436" lon="114.13170617"><ele>105.52374267578125</ele><time>2017-11-18T02:22:52Z</time></trkpt><trkpt lat="22.52086257" lon="114.13172448"><ele>105.03814697265625</ele><time>2017-11-18T02:22:54Z</time></trkpt><trkpt lat="22.52086965" lon="114.13175061"><ele>105.3975830078125</ele><time>2017-11-18T02:22:57Z</time></trkpt><trkpt lat="22.5208673" lon="114.13177078"><ele>104.97100830078125</ele><time>2017-11-18T02:22:59Z</time></trkpt><trkpt lat="22.52086107" lon="114.13179416"><ele>104.24017333984375</ele><time>2017-11-18T02:23:01Z</time></trkpt><trkpt lat="22.52084632" lon="114.13181981"><ele>104.30352783203125</ele><time>2017-11-18T02:23:03Z</time></trkpt><trkpt lat="22.52083241" lon="114.1318384"><ele>103.89227294921875</ele><time>2017-11-18T02:23:05Z</time></trkpt><trkpt lat="22.52082393" lon="114.13185896"><ele>103.78369140625</ele><time>2017-11-18T02:23:07Z</time></trkpt><trkpt lat="22.52081302" lon="114.13188528"><ele>103.7423095703125</ele><time>2017-11-18T02:23:10Z</time></trkpt><trkpt lat="22.52080557" lon="114.13191002"><ele>102.92193603515625</ele><time>2017-11-18T02:23:12Z</time></trkpt><trkpt lat="22.52079766" lon="114.13193327"><ele>102.5980224609375</ele><time>2017-11-18T02:23:14Z</time></trkpt><trkpt lat="22.52078738" lon="114.13196122"><ele>102.27069091796875</ele><time>2017-11-18T02:23:17Z</time></trkpt><trkpt lat="22.52077225" lon="114.13198772"><ele>102.9525146484375</ele><time>2017-11-18T02:23:19Z</time></trkpt><trkpt lat="22.52076142" lon="114.13200475"><ele>104.11651611328125</ele><time>2017-11-18T02:23:22Z</time></trkpt><trkpt lat="22.52075022" lon="114.13202635"><ele>102.82977294921875</ele><time>2017-11-18T02:23:25Z</time></trkpt><trkpt lat="22.52073604" lon="114.13204312"><ele>103.1246337890625</ele><time>2017-11-18T02:23:27Z</time></trkpt><trkpt lat="22.52071962" lon="114.13205661"><ele>102.6123046875</ele><time>2017-11-18T02:23:29Z</time></trkpt><trkpt lat="22.52069947" lon="114.13206915"><ele>102.6939697265625</ele><time>2017-11-18T02:23:32Z</time></trkpt><trkpt lat="22.52068176" lon="114.13208044"><ele>102.24267578125</ele><time>2017-11-18T02:23:34Z</time></trkpt><trkpt lat="22.52066392" lon="114.13207676"><ele>104.3609619140625</ele><time>2017-11-18T02:23:37Z</time></trkpt><trkpt lat="22.52064988" lon="114.13209717"><ele>104.699951171875</ele><time>2017-11-18T02:23:40Z</time></trkpt><trkpt lat="22.5206397" lon="114.13212263"><ele>104.73291015625</ele><time>2017-11-18T02:23:42Z</time></trkpt><trkpt lat="22.52063162" lon="114.1321476"><ele>105.6968994140625</ele><time>2017-11-18T02:23:44Z</time></trkpt><trkpt lat="22.52062557" lon="114.13216818"><ele>108.6011962890625</ele><time>2017-11-18T02:23:46Z</time></trkpt><trkpt lat="22.52061786" lon="114.1321911"><ele>108.18585205078125</ele><time>2017-11-18T02:23:48Z</time></trkpt><trkpt lat="22.520606" lon="114.13221424"><ele>106.66064453125</ele><time>2017-11-18T02:23:50Z</time></trkpt><trkpt lat="22.52059832" lon="114.13223958"><ele>107.70623779296875</ele><time>2017-11-18T02:23:52Z</time></trkpt><trkpt lat="22.52059654" lon="114.13226433"><ele>109.35321044921875</ele><time>2017-11-18T02:23:54Z</time></trkpt><trkpt lat="22.52059194" lon="114.13228738"><ele>109.09326171875</ele><time>2017-11-18T02:23:56Z</time></trkpt><trkpt lat="22.52059463" lon="114.13231839"><ele>110.14404296875</ele><time>2017-11-18T02:23:58Z</time></trkpt><trkpt lat="22.52059647" lon="114.13235144"><ele>110.0672607421875</ele><time>2017-11-18T02:24:00Z</time></trkpt><trkpt lat="22.52059321" lon="114.13238207"><ele>113.9063720703125</ele><time>2017-11-18T02:24:02Z</time></trkpt><trkpt lat="22.52057828" lon="114.13240331"><ele>112.43853759765625</ele><time>2017-11-18T02:24:04Z</time></trkpt><trkpt lat="22.52056534" lon="114.13242254"><ele>113.10516357421875</ele><time>2017-11-18T02:24:06Z</time></trkpt><trkpt lat="22.52055816" lon="114.13244515"><ele>113.06640625</ele><time>2017-11-18T02:24:08Z</time></trkpt><trkpt lat="22.52055146" lon="114.13246652"><ele>112.40228271484375</ele><time>2017-11-18T02:24:10Z</time></trkpt><trkpt lat="22.52054964" lon="114.132489"><ele>110.80279541015625</ele><time>2017-11-18T02:24:12Z</time></trkpt><trkpt lat="22.52054781" lon="114.13250929"><ele>110.87799072265625</ele><time>2017-11-18T02:24:14Z</time></trkpt><trkpt lat="22.52054081" lon="114.1325334"><ele>110.72772216796875</ele><time>2017-11-18T02:24:16Z</time></trkpt><trkpt lat="22.52053304" lon="114.13256012"><ele>110.7567138671875</ele><time>2017-11-18T02:24:18Z</time></trkpt><trkpt lat="22.52052588" lon="114.13258427"><ele>110.98345947265625</ele><time>2017-11-18T02:24:20Z</time></trkpt><trkpt lat="22.52051458" lon="114.132605"><ele>110.2139892578125</ele><time>2017-11-18T02:24:22Z</time></trkpt><trkpt lat="22.52049548" lon="114.13262058"><ele>107.542724609375</ele><time>2017-11-18T02:24:25Z</time></trkpt><trkpt lat="22.52047957" lon="114.13263738"><ele>107.04779052734375</ele><time>2017-11-18T02:24:27Z</time></trkpt><trkpt lat="22.52046525" lon="114.13265849"><ele>106.4522705078125</ele><time>2017-11-18T02:24:29Z</time></trkpt><trkpt lat="22.52045118" lon="114.13268481"><ele>105.8729248046875</ele><time>2017-11-18T02:24:31Z</time></trkpt><trkpt lat="22.52043766" lon="114.13270556"><ele>105.0948486328125</ele><time>2017-11-18T02:24:33Z</time></trkpt><trkpt lat="22.52042438" lon="114.13273193"><ele>106.00726318359375</ele><time>2017-11-18T02:24:35Z</time></trkpt><trkpt lat="22.52041064" lon="114.13275941"><ele>105.7554931640625</ele><time>2017-11-18T02:24:37Z</time></trkpt><trkpt lat="22.52040233" lon="114.13278208"><ele>105.195068359375</ele><time>2017-11-18T02:24:39Z</time></trkpt><trkpt lat="22.52039657" lon="114.13280568"><ele>104.9429931640625</ele><time>2017-11-18T02:24:41Z</time></trkpt><trkpt lat="22.52038759" lon="114.1328308"><ele>104.35430908203125</ele><time>2017-11-18T02:24:43Z</time></trkpt><trkpt lat="22.52037445" lon="114.1328513"><ele>104.17437744140625</ele><time>2017-11-18T02:24:45Z</time></trkpt><trkpt lat="22.5203627" lon="114.13286826"><ele>105.7415771484375</ele><time>2017-11-18T02:24:47Z</time></trkpt><trkpt lat="22.52034908" lon="114.13288835"><ele>104.9219970703125</ele><time>2017-11-18T02:24:49Z</time></trkpt><trkpt lat="22.52033864" lon="114.13291005"><ele>104.30645751953125</ele><time>2017-11-18T02:24:52Z</time></trkpt><trkpt lat="22.52033512" lon="114.13293438"><ele>104.66473388671875</ele><time>2017-11-18T02:25:04Z</time></trkpt><trkpt lat="22.52032643" lon="114.13295675"><ele>104.227294921875</ele><time>2017-11-18T02:25:06Z</time></trkpt><trkpt lat="22.52031699" lon="114.13297495"><ele>103.6693115234375</ele><time>2017-11-18T02:25:08Z</time></trkpt><trkpt lat="22.52030554" lon="114.13300194"><ele>103.036376953125</ele><time>2017-11-18T02:25:10Z</time></trkpt><trkpt lat="22.52029538" lon="114.13302486"><ele>103.63433837890625</ele><time>2017-11-18T02:25:12Z</time></trkpt><trkpt lat="22.52027872" lon="114.13304907"><ele>103.86962890625</ele><time>2017-11-18T02:25:14Z</time></trkpt><trkpt lat="22.52026124" lon="114.13307388"><ele>101.83758544921875</ele><time>2017-11-18T02:25:16Z</time></trkpt><trkpt lat="22.52024563" lon="114.1330999"><ele>100.91650390625</ele><time>2017-11-18T02:25:18Z</time></trkpt><trkpt lat="22.52022463" lon="114.13313199"><ele>100.30218505859375</ele><time>2017-11-18T02:25:20Z</time></trkpt><trkpt lat="22.52020829" lon="114.13315789"><ele>100.30401611328125</ele><time>2017-11-18T02:25:22Z</time></trkpt><trkpt lat="22.5201908" lon="114.13319102"><ele>100.2042236328125</ele><time>2017-11-18T02:25:24Z</time></trkpt><trkpt lat="22.52017556" lon="114.13322157"><ele>100.20147705078125</ele><time>2017-11-18T02:25:26Z</time></trkpt><trkpt lat="22.52016296" lon="114.13325156"><ele>100.697265625</ele><time>2017-11-18T02:25:28Z</time></trkpt><trkpt lat="22.52015387" lon="114.13327854"><ele>101.42608642578125</ele><time>2017-11-18T02:25:30Z</time></trkpt><trkpt lat="22.52014704" lon="114.13330733"><ele>102.43157958984375</ele><time>2017-11-18T02:25:34Z</time></trkpt><trkpt lat="22.52014396" lon="114.13333312"><ele>102.90777587890625</ele><time>2017-11-18T02:25:36Z</time></trkpt><trkpt lat="22.52014371" lon="114.13335318"><ele>103.38275146484375</ele><time>2017-11-18T02:25:38Z</time></trkpt><trkpt lat="22.52014133" lon="114.13338329"><ele>104.2862548828125</ele><time>2017-11-18T02:25:40Z</time></trkpt><trkpt lat="22.52014319" lon="114.13340796"><ele>104.61309814453125</ele><time>2017-11-18T02:25:42Z</time></trkpt><trkpt lat="22.52014794" lon="114.133436"><ele>104.065185546875</ele><time>2017-11-18T02:25:46Z</time></trkpt><trkpt lat="22.52014771" lon="114.13346519"><ele>104.6881103515625</ele><time>2017-11-18T02:25:49Z</time></trkpt><trkpt lat="22.52015185" lon="114.13349298"><ele>104.92913818359375</ele><time>2017-11-18T02:25:52Z</time></trkpt><trkpt lat="22.52015792" lon="114.13351693"><ele>105.010009765625</ele><time>2017-11-18T02:25:54Z</time></trkpt><trkpt lat="22.52015254" lon="114.13354228"><ele>105.718505859375</ele><time>2017-11-18T02:25:56Z</time></trkpt><trkpt lat="22.52015344" lon="114.13356329"><ele>105.68792724609375</ele><time>2017-11-18T02:25:58Z</time></trkpt><trkpt lat="22.52016126" lon="114.13358645"><ele>104.99884033203125</ele><time>2017-11-18T02:26:01Z</time></trkpt><trkpt lat="22.52016887" lon="114.13361213"><ele>105.54632568359375</ele><time>2017-11-18T02:26:04Z</time></trkpt><trkpt lat="22.52016613" lon="114.13364443"><ele>105.62811279296875</ele><time>2017-11-18T02:26:06Z</time></trkpt><trkpt lat="22.52016374" lon="114.13366516"><ele>106.9912109375</ele><time>2017-11-18T02:26:08Z</time></trkpt><trkpt lat="22.52016535" lon="114.13368729"><ele>108.06011962890625</ele><time>2017-11-18T02:26:11Z</time></trkpt><trkpt lat="22.52016644" lon="114.1337113"><ele>107.867919921875</ele><time>2017-11-18T02:26:13Z</time></trkpt><trkpt lat="22.52016683" lon="114.13374253"><ele>108.7767333984375</ele><time>2017-11-18T02:26:15Z</time></trkpt><trkpt lat="22.52016574" lon="114.13376751"><ele>106.35980224609375</ele><time>2017-11-18T02:26:17Z</time></trkpt><trkpt lat="22.52016179" lon="114.13378999"><ele>105.4263916015625</ele><time>2017-11-18T02:26:19Z</time></trkpt><trkpt lat="22.52016342" lon="114.13381898"><ele>103.9097900390625</ele><time>2017-11-18T02:26:21Z</time></trkpt><trkpt lat="22.52016632" lon="114.13384004"><ele>103.12579345703125</ele><time>2017-11-18T02:26:22Z</time></trkpt><trkpt lat="22.5201621" lon="114.13386181"><ele>102.01617431640625</ele><time>2017-11-18T02:26:24Z</time></trkpt><trkpt lat="22.52014991" lon="114.13388486"><ele>105.20599365234375</ele><time>2017-11-18T02:26:26Z</time></trkpt><trkpt lat="22.52013865" lon="114.13390751"><ele>105.49945068359375</ele><time>2017-11-18T02:26:28Z</time></trkpt><trkpt lat="22.52012606" lon="114.13392652"><ele>105.5335693359375</ele><time>2017-11-18T02:26:32Z</time></trkpt><trkpt lat="22.52011333" lon="114.13394822"><ele>104.67852783203125</ele><time>2017-11-18T02:26:34Z</time></trkpt><trkpt lat="22.52010334" lon="114.1339697"><ele>106.535888671875</ele><time>2017-11-18T02:26:37Z</time></trkpt><trkpt lat="22.5200882" lon="114.13398988"><ele>106.66278076171875</ele><time>2017-11-18T02:26:39Z</time></trkpt><trkpt lat="22.52007817" lon="114.13400616"><ele>105.6419677734375</ele><time>2017-11-18T02:26:42Z</time></trkpt><trkpt lat="22.52005966" lon="114.13402974"><ele>106.943603515625</ele><time>2017-11-18T02:26:45Z</time></trkpt><trkpt lat="22.52004246" lon="114.13404951"><ele>108.68194580078125</ele><time>2017-11-18T02:26:47Z</time></trkpt><trkpt lat="22.52002228" lon="114.13406512"><ele>110.0743408203125</ele><time>2017-11-18T02:26:49Z</time></trkpt><trkpt lat="22.52000989" lon="114.13408319"><ele>111.422607421875</ele><time>2017-11-18T02:26:52Z</time></trkpt><trkpt lat="22.51999311" lon="114.13409777"><ele>111.67156982421875</ele><time>2017-11-18T02:26:54Z</time></trkpt><trkpt lat="22.51998875" lon="114.13411795"><ele>114.726806640625</ele><time>2017-11-18T02:26:57Z</time></trkpt><trkpt lat="22.51997666" lon="114.13413878"><ele>112.76953125</ele><time>2017-11-18T02:27:17Z</time></trkpt><trkpt lat="22.51996789" lon="114.13415843"><ele>112.65093994140625</ele><time>2017-11-18T02:27:19Z</time></trkpt><trkpt lat="22.51995383" lon="114.13417353"><ele>113.319091796875</ele><time>2017-11-18T02:27:21Z</time></trkpt><trkpt lat="22.51993271" lon="114.13419027"><ele>114.034423828125</ele><time>2017-11-18T02:27:24Z</time></trkpt><trkpt lat="22.5199132" lon="114.13420118"><ele>115.1480712890625</ele><time>2017-11-18T02:27:28Z</time></trkpt><trkpt lat="22.51989565" lon="114.13421206"><ele>115.6434326171875</ele><time>2017-11-18T02:27:31Z</time></trkpt><trkpt lat="22.51987621" lon="114.13422942"><ele>115.50640869140625</ele><time>2017-11-18T02:27:33Z</time></trkpt><trkpt lat="22.51986057" lon="114.13425215"><ele>115.9976806640625</ele><time>2017-11-18T02:27:36Z</time></trkpt><trkpt lat="22.5198467" lon="114.13427248"><ele>114.89447021484375</ele><time>2017-11-18T02:27:38Z</time></trkpt><trkpt lat="22.51983335" lon="114.13429531"><ele>115.23614501953125</ele><time>2017-11-18T02:27:41Z</time></trkpt><trkpt lat="22.51982177" lon="114.13432513"><ele>116.425048828125</ele><time>2017-11-18T02:27:43Z</time></trkpt><trkpt lat="22.51981501" lon="114.13434432"><ele>117.11181640625</ele><time>2017-11-18T02:27:45Z</time></trkpt><trkpt lat="22.51981404" lon="114.13437405"><ele>116.5205078125</ele><time>2017-11-18T02:27:48Z</time></trkpt><trkpt lat="22.51980613" lon="114.13439328"><ele>116.142333984375</ele><time>2017-11-18T02:27:50Z</time></trkpt><trkpt lat="22.51979789" lon="114.13441999"><ele>116.8896484375</ele><time>2017-11-18T02:27:53Z</time></trkpt><trkpt lat="22.51978966" lon="114.13443923"><ele>116.3409423828125</ele><time>2017-11-18T02:27:55Z</time></trkpt><trkpt lat="22.51977642" lon="114.13446736"><ele>116.26470947265625</ele><time>2017-11-18T02:27:58Z</time></trkpt><trkpt lat="22.51976791" lon="114.13449248"><ele>116.56182861328125</ele><time>2017-11-18T02:28:02Z</time></trkpt><trkpt lat="22.51975693" lon="114.13451315"><ele>115.80645751953125</ele><time>2017-11-18T02:28:04Z</time></trkpt><trkpt lat="22.51974627" lon="114.13453038"><ele>116.6875</ele><time>2017-11-18T02:28:06Z</time></trkpt><trkpt lat="22.51973384" lon="114.1345462"><ele>116.710205078125</ele><time>2017-11-18T02:28:08Z</time></trkpt><trkpt lat="22.51972172" lon="114.13456151"><ele>116.77996826171875</ele><time>2017-11-18T02:28:12Z</time></trkpt><trkpt lat="22.51971114" lon="114.13458397"><ele>117.06561279296875</ele><time>2017-11-18T02:28:15Z</time></trkpt><trkpt lat="22.51969265" lon="114.1346039"><ele>117.54608154296875</ele><time>2017-11-18T02:28:18Z</time></trkpt><trkpt lat="22.51967457" lon="114.13461771"><ele>116.66790771484375</ele><time>2017-11-18T02:28:20Z</time></trkpt><trkpt lat="22.51965871" lon="114.13463942"><ele>116.49847412109375</ele><time>2017-11-18T02:28:26Z</time></trkpt><trkpt lat="22.51963424" lon="114.13465168"><ele>115.9566650390625</ele><time>2017-11-18T02:28:28Z</time></trkpt><trkpt lat="22.51961249" lon="114.13466098"><ele>115.6832275390625</ele><time>2017-11-18T02:28:30Z</time></trkpt><trkpt lat="22.51959509" lon="114.13467554"><ele>114.299560546875</ele><time>2017-11-18T02:28:35Z</time></trkpt><trkpt lat="22.51957893" lon="114.1346848"><ele>113.3916015625</ele><time>2017-11-18T02:28:37Z</time></trkpt><trkpt lat="22.5195601" lon="114.13469465"><ele>112.4678955078125</ele><time>2017-11-18T02:28:40Z</time></trkpt><trkpt lat="22.51954269" lon="114.1346999"><ele>111.80194091796875</ele><time>2017-11-18T02:28:47Z</time></trkpt><trkpt lat="22.51952676" lon="114.13471022"><ele>110.3553466796875</ele><time>2017-11-18T02:28:49Z</time></trkpt><trkpt lat="22.51950632" lon="114.13471573"><ele>110.69195556640625</ele><time>2017-11-18T02:28:51Z</time></trkpt><trkpt lat="22.51948971" lon="114.13472614"><ele>111.1424560546875</ele><time>2017-11-18T02:28:53Z</time></trkpt><trkpt lat="22.51947467" lon="114.13474208"><ele>112.60601806640625</ele><time>2017-11-18T02:28:56Z</time></trkpt><trkpt lat="22.51945131" lon="114.13473174"><ele>110.24090576171875</ele><time>2017-11-18T02:28:59Z</time></trkpt><trkpt lat="22.51942757" lon="114.13472534"><ele>113.31768798828125</ele><time>2017-11-18T02:29:01Z</time></trkpt><trkpt lat="22.51940598" lon="114.13473119"><ele>112.53204345703125</ele><time>2017-11-18T02:29:03Z</time></trkpt><trkpt lat="22.51938352" lon="114.13474475"><ele>115.530029296875</ele><time>2017-11-18T02:29:05Z</time></trkpt><trkpt lat="22.51936756" lon="114.13475486"><ele>116.52886962890625</ele><time>2017-11-18T02:29:07Z</time></trkpt><trkpt lat="22.51934934" lon="114.13475888"><ele>115.48431396484375</ele><time>2017-11-18T02:29:09Z</time></trkpt><trkpt lat="22.51932133" lon="114.13476219"><ele>115.562255859375</ele><time>2017-11-18T02:29:11Z</time></trkpt><trkpt lat="22.51930213" lon="114.13476993"><ele>118.04400634765625</ele><time>2017-11-18T02:29:13Z</time></trkpt><trkpt lat="22.51928399" lon="114.13477872"><ele>117.4853515625</ele><time>2017-11-18T02:29:16Z</time></trkpt><trkpt lat="22.51926456" lon="114.13478142"><ele>117.2508544921875</ele><time>2017-11-18T02:29:18Z</time></trkpt><trkpt lat="22.51924271" lon="114.13478211"><ele>118.51812744140625</ele><time>2017-11-18T02:29:20Z</time></trkpt><trkpt lat="22.51922429" lon="114.13478068"><ele>119.04962158203125</ele><time>2017-11-18T02:29:22Z</time></trkpt><trkpt lat="22.51920593" lon="114.13476822"><ele>116.73101806640625</ele><time>2017-11-18T02:29:25Z</time></trkpt><trkpt lat="22.51922752" lon="114.13476583"><ele>118.2955322265625</ele><time>2017-11-18T02:29:46Z</time></trkpt><trkpt lat="22.51924592" lon="114.13476116"><ele>118.4267578125</ele><time>2017-11-18T02:29:49Z</time></trkpt><trkpt lat="22.51926768" lon="114.13475972"><ele>118.00006103515625</ele><time>2017-11-18T02:29:52Z</time></trkpt><trkpt lat="22.51928626" lon="114.1347568"><ele>116.271240234375</ele><time>2017-11-18T02:29:55Z</time></trkpt><trkpt lat="22.51931029" lon="114.13475519"><ele>113.1861572265625</ele><time>2017-11-18T02:29:59Z</time></trkpt><trkpt lat="22.51930556" lon="114.1347743"><ele>112.76025390625</ele><time>2017-11-18T02:30:10Z</time></trkpt><trkpt lat="22.51932434" lon="114.13478599"><ele>111.6185302734375</ele><time>2017-11-18T02:30:31Z</time></trkpt><trkpt lat="22.51934776" lon="114.13478797"><ele>108.47607421875</ele><time>2017-11-18T02:30:34Z</time></trkpt><trkpt lat="22.51936608" lon="114.1347784"><ele>107.03363037109375</ele><time>2017-11-18T02:30:36Z</time></trkpt><trkpt lat="22.51939147" lon="114.13476734"><ele>107.14959716796875</ele><time>2017-11-18T02:30:38Z</time></trkpt><trkpt lat="22.51940941" lon="114.13476163"><ele>106.58929443359375</ele><time>2017-11-18T02:30:41Z</time></trkpt><trkpt lat="22.51943011" lon="114.13476772"><ele>107.714111328125</ele><time>2017-11-18T02:30:43Z</time></trkpt><trkpt lat="22.51942596" lon="114.13478722"><ele>108.27557373046875</ele><time>2017-11-18T02:30:47Z</time></trkpt><trkpt lat="22.51940937" lon="114.13479734"><ele>107.2183837890625</ele><time>2017-11-18T02:30:49Z</time></trkpt><trkpt lat="22.51938861" lon="114.13480702"><ele>105.98907470703125</ele><time>2017-11-18T02:30:55Z</time></trkpt><trkpt lat="22.51937057" lon="114.13482644"><ele>105.546875</ele><time>2017-11-18T02:30:57Z</time></trkpt><trkpt lat="22.51935168" lon="114.13484331"><ele>105.45166015625</ele><time>2017-11-18T02:30:59Z</time></trkpt><trkpt lat="22.51933558" lon="114.13485938"><ele>104.69940185546875</ele><time>2017-11-18T02:31:01Z</time></trkpt><trkpt lat="22.51932266" lon="114.1348741"><ele>102.92095947265625</ele><time>2017-11-18T02:31:04Z</time></trkpt><trkpt lat="22.51930291" lon="114.13489008"><ele>102.56365966796875</ele><time>2017-11-18T02:31:09Z</time></trkpt><trkpt lat="22.5192858" lon="114.13491054"><ele>101.5594482421875</ele><time>2017-11-18T02:31:12Z</time></trkpt><trkpt lat="22.51926952" lon="114.13492834"><ele>100.358642578125</ele><time>2017-11-18T02:31:15Z</time></trkpt><trkpt lat="22.51925326" lon="114.13494978"><ele>99.0181884765625</ele><time>2017-11-18T02:31:18Z</time></trkpt><trkpt lat="22.51923406" lon="114.13496364"><ele>97.71728515625</ele><time>2017-11-18T02:31:20Z</time></trkpt><trkpt lat="22.51921459" lon="114.13497457"><ele>98.1942138671875</ele><time>2017-11-18T02:31:22Z</time></trkpt><trkpt lat="22.51919296" lon="114.13499206"><ele>98.31903076171875</ele><time>2017-11-18T02:31:24Z</time></trkpt><trkpt lat="22.51917282" lon="114.13501836"><ele>98.1986083984375</ele><time>2017-11-18T02:31:26Z</time></trkpt><trkpt lat="22.51915463" lon="114.13503751"><ele>97.70977783203125</ele><time>2017-11-18T02:31:28Z</time></trkpt><trkpt lat="22.51913953" lon="114.13505229"><ele>97.6085205078125</ele><time>2017-11-18T02:31:30Z</time></trkpt><trkpt lat="22.51912408" lon="114.13506708"><ele>97.76470947265625</ele><time>2017-11-18T02:31:32Z</time></trkpt><trkpt lat="22.51910182" lon="114.13508144"><ele>98.89129638671875</ele><time>2017-11-18T02:31:34Z</time></trkpt><trkpt lat="22.51907864" lon="114.13510099"><ele>98.7716064453125</ele><time>2017-11-18T02:31:36Z</time></trkpt><trkpt lat="22.51905026" lon="114.13512515"><ele>99.742431640625</ele><time>2017-11-18T02:31:38Z</time></trkpt><trkpt lat="22.51903038" lon="114.13514648"><ele>99.80877685546875</ele><time>2017-11-18T02:31:40Z</time></trkpt><trkpt lat="22.51901" lon="114.13516143"><ele>99.40673828125</ele><time>2017-11-18T02:31:42Z</time></trkpt><trkpt lat="22.51899303" lon="114.13517534"><ele>98.11859130859375</ele><time>2017-11-18T02:31:44Z</time></trkpt><trkpt lat="22.51897247" lon="114.13519023"><ele>96.704345703125</ele><time>2017-11-18T02:31:46Z</time></trkpt><trkpt lat="22.51895916" lon="114.13520567"><ele>97.44525146484375</ele><time>2017-11-18T02:31:48Z</time></trkpt><trkpt lat="22.51894935" lon="114.13522297"><ele>97.60467529296875</ele><time>2017-11-18T02:31:53Z</time></trkpt><trkpt lat="22.51893556" lon="114.1352488"><ele>96.9906005859375</ele><time>2017-11-18T02:31:58Z</time></trkpt><trkpt lat="22.51891385" lon="114.13527051"><ele>96.6678466796875</ele><time>2017-11-18T02:32:00Z</time></trkpt><trkpt lat="22.51889263" lon="114.1352844"><ele>95.292724609375</ele><time>2017-11-18T02:32:02Z</time></trkpt><trkpt lat="22.51887234" lon="114.13530695"><ele>94.98297119140625</ele><time>2017-11-18T02:32:04Z</time></trkpt><trkpt lat="22.51885519" lon="114.13534019"><ele>95.20086669921875</ele><time>2017-11-18T02:32:06Z</time></trkpt><trkpt lat="22.51884391" lon="114.13536413"><ele>94.65789794921875</ele><time>2017-11-18T02:32:08Z</time></trkpt><trkpt lat="22.51883712" lon="114.13539248"><ele>95.153076171875</ele><time>2017-11-18T02:32:11Z</time></trkpt><trkpt lat="22.518834" lon="114.13541846"><ele>94.45477294921875</ele><time>2017-11-18T02:32:13Z</time></trkpt><trkpt lat="22.51883279" lon="114.13544712"><ele>93.76593017578125</ele><time>2017-11-18T02:32:15Z</time></trkpt><trkpt lat="22.51882721" lon="114.13547653"><ele>93.8212890625</ele><time>2017-11-18T02:32:17Z</time></trkpt><trkpt lat="22.51882348" lon="114.13550875"><ele>95.14752197265625</ele><time>2017-11-18T02:32:19Z</time></trkpt><trkpt lat="22.51881843" lon="114.13552985"><ele>95.1453857421875</ele><time>2017-11-18T02:32:22Z</time></trkpt><trkpt lat="22.51881843" lon="114.13555784"><ele>91.2586669921875</ele><time>2017-11-18T02:32:25Z</time></trkpt><trkpt lat="22.51881385" lon="114.13557701"><ele>90.55755615234375</ele><time>2017-11-18T02:32:27Z</time></trkpt><trkpt lat="22.51881208" lon="114.13560552"><ele>89.76324462890625</ele><time>2017-11-18T02:32:29Z</time></trkpt><trkpt lat="22.5188083" lon="114.13563737"><ele>88.72772216796875</ele><time>2017-11-18T02:32:31Z</time></trkpt><trkpt lat="22.51880401" lon="114.13565926"><ele>86.55670166015625</ele><time>2017-11-18T02:32:34Z</time></trkpt><trkpt lat="22.51879426" lon="114.13567742"><ele>88.818115234375</ele><time>2017-11-18T02:32:37Z</time></trkpt><trkpt lat="22.51877723" lon="114.13569912"><ele>86.51556396484375</ele><time>2017-11-18T02:32:42Z</time></trkpt><trkpt lat="22.5187535" lon="114.13571971"><ele>85.593505859375</ele><time>2017-11-18T02:32:44Z</time></trkpt><trkpt lat="22.51873059" lon="114.13573969"><ele>85.62103271484375</ele><time>2017-11-18T02:32:46Z</time></trkpt><trkpt lat="22.51870757" lon="114.13576507"><ele>84.75079345703125</ele><time>2017-11-18T02:32:48Z</time></trkpt><trkpt lat="22.51869181" lon="114.13577832"><ele>86.067626953125</ele><time>2017-11-18T02:32:50Z</time></trkpt><trkpt lat="22.51867418" lon="114.13578721"><ele>84.75628662109375</ele><time>2017-11-18T02:32:52Z</time></trkpt><trkpt lat="22.51864933" lon="114.13579873"><ele>84.873779296875</ele><time>2017-11-18T02:32:54Z</time></trkpt><trkpt lat="22.518622" lon="114.13580282"><ele>84.22979736328125</ele><time>2017-11-18T02:32:56Z</time></trkpt><trkpt lat="22.51859991" lon="114.1357974"><ele>82.44635009765625</ele><time>2017-11-18T02:32:58Z</time></trkpt><trkpt lat="22.51857612" lon="114.13579131"><ele>82.30889892578125</ele><time>2017-11-18T02:33:00Z</time></trkpt><trkpt lat="22.51855013" lon="114.13578586"><ele>82.64056396484375</ele><time>2017-11-18T02:33:02Z</time></trkpt><trkpt lat="22.5185339" lon="114.13577142"><ele>83.673583984375</ele><time>2017-11-18T02:33:05Z</time></trkpt><trkpt lat="22.51852552" lon="114.13574786"><ele>82.59716796875</ele><time>2017-11-18T02:33:08Z</time></trkpt><trkpt lat="22.51851539" lon="114.13573135"><ele>82.76214599609375</ele><time>2017-11-18T02:33:10Z</time></trkpt><trkpt lat="22.5185019" lon="114.13571359"><ele>82.9813232421875</ele><time>2017-11-18T02:33:12Z</time></trkpt><trkpt lat="22.51848494" lon="114.13569322"><ele>80.9932861328125</ele><time>2017-11-18T02:33:14Z</time></trkpt><trkpt lat="22.51846401" lon="114.13566393"><ele>81.3101806640625</ele><time>2017-11-18T02:33:16Z</time></trkpt><trkpt lat="22.51845185" lon="114.13564805"><ele>81.3470458984375</ele><time>2017-11-18T02:33:17Z</time></trkpt><trkpt lat="22.51842608" lon="114.13562725"><ele>81.53387451171875</ele><time>2017-11-18T02:33:19Z</time></trkpt><trkpt lat="22.51840024" lon="114.13561515"><ele>81.196044921875</ele><time>2017-11-18T02:33:21Z</time></trkpt><trkpt lat="22.51837292" lon="114.13560405"><ele>79.41455078125</ele><time>2017-11-18T02:33:23Z</time></trkpt><trkpt lat="22.51834416" lon="114.13559603"><ele>78.3143310546875</ele><time>2017-11-18T02:33:25Z</time></trkpt><trkpt lat="22.51831893" lon="114.13559447"><ele>76.99456787109375</ele><time>2017-11-18T02:33:27Z</time></trkpt><trkpt lat="22.51830058" lon="114.13559933"><ele>74.803955078125</ele><time>2017-11-18T02:33:29Z</time></trkpt><trkpt lat="22.51827699" lon="114.13560995"><ele>72.833740234375</ele><time>2017-11-18T02:33:32Z</time></trkpt><trkpt lat="22.51825576" lon="114.13563417"><ele>71.9119873046875</ele><time>2017-11-18T02:33:34Z</time></trkpt><trkpt lat="22.5182398" lon="114.1356636"><ele>72.93853759765625</ele><time>2017-11-18T02:33:36Z</time></trkpt><trkpt lat="22.51823072" lon="114.1356913"><ele>73.37872314453125</ele><time>2017-11-18T02:33:38Z</time></trkpt><trkpt lat="22.51823183" lon="114.13571542"><ele>72.54248046875</ele><time>2017-11-18T02:33:41Z</time></trkpt><trkpt lat="22.51823312" lon="114.13574077"><ele>72.11761474609375</ele><time>2017-11-18T02:33:43Z</time></trkpt><trkpt lat="22.51822025" lon="114.13577245"><ele>72.73614501953125</ele><time>2017-11-18T02:33:45Z</time></trkpt><trkpt lat="22.5182033" lon="114.1357995"><ele>70.87127685546875</ele><time>2017-11-18T02:33:47Z</time></trkpt><trkpt lat="22.51818715" lon="114.13582692"><ele>70.470703125</ele><time>2017-11-18T02:33:49Z</time></trkpt><trkpt lat="22.51817514" lon="114.13585748"><ele>68.59759521484375</ele><time>2017-11-18T02:33:51Z</time></trkpt><trkpt lat="22.51816743" lon="114.13589102"><ele>68.14410400390625</ele><time>2017-11-18T02:33:53Z</time></trkpt><trkpt lat="22.51815739" lon="114.13592012"><ele>67.74188232421875</ele><time>2017-11-18T02:33:55Z</time></trkpt><trkpt lat="22.5181417" lon="114.13593786"><ele>68.283203125</ele><time>2017-11-18T02:33:58Z</time></trkpt><trkpt lat="22.51812172" lon="114.13596453"><ele>69.07781982421875</ele><time>2017-11-18T02:34:01Z</time></trkpt><trkpt lat="22.51811121" lon="114.13598902"><ele>64.14013671875</ele><time>2017-11-18T02:34:03Z</time></trkpt><trkpt lat="22.51810222" lon="114.13600945"><ele>63.69091796875</ele><time>2017-11-18T02:34:05Z</time></trkpt><trkpt lat="22.51809302" lon="114.13603734"><ele>63.293212890625</ele><time>2017-11-18T02:34:07Z</time></trkpt><trkpt lat="22.51808852" lon="114.13606698"><ele>62.8748779296875</ele><time>2017-11-18T02:34:09Z</time></trkpt><trkpt lat="22.5180857" lon="114.13610322"><ele>63.20654296875</ele><time>2017-11-18T02:34:11Z</time></trkpt><trkpt lat="22.51808599" lon="114.1361229"><ele>63.2442626953125</ele><time>2017-11-18T02:34:12Z</time></trkpt><trkpt lat="22.51808731" lon="114.13615659"><ele>69.76153564453125</ele><time>2017-11-18T02:34:14Z</time></trkpt><trkpt lat="22.51808623" lon="114.13617927"><ele>70.84185791015625</ele><time>2017-11-18T02:34:16Z</time></trkpt><trkpt lat="22.51809054" lon="114.13620169"><ele>71.025390625</ele><time>2017-11-18T02:34:18Z</time></trkpt><trkpt lat="22.51808744" lon="114.13623046"><ele>70.261474609375</ele><time>2017-11-18T02:34:20Z</time></trkpt><trkpt lat="22.51808463" lon="114.13625742"><ele>72.65411376953125</ele><time>2017-11-18T02:34:23Z</time></trkpt><trkpt lat="22.51807843" lon="114.13627753"><ele>71.0638427734375</ele><time>2017-11-18T02:34:25Z</time></trkpt><trkpt lat="22.51807923" lon="114.13630551"><ele>70.9779052734375</ele><time>2017-11-18T02:34:28Z</time></trkpt><trkpt lat="22.51808578" lon="114.13633105"><ele>69.49127197265625</ele><time>2017-11-18T02:34:31Z</time></trkpt><trkpt lat="22.51809673" lon="114.13635341"><ele>70.0780029296875</ele><time>2017-11-18T02:34:35Z</time></trkpt><trkpt lat="22.51808767" lon="114.13637024"><ele>71.51104736328125</ele><time>2017-11-18T02:34:40Z</time></trkpt><trkpt lat="22.51807126" lon="114.13638797"><ele>69.702392578125</ele><time>2017-11-18T02:34:45Z</time></trkpt><trkpt lat="22.51807468" lon="114.13640817"><ele>72.349365234375</ele><time>2017-11-18T02:34:48Z</time></trkpt><trkpt lat="22.51808567" lon="114.13642994"><ele>72.90069580078125</ele><time>2017-11-18T02:34:52Z</time></trkpt><trkpt lat="22.51808541" lon="114.1364519"><ele>73.83929443359375</ele><time>2017-11-18T02:34:57Z</time></trkpt><trkpt lat="22.51809609" lon="114.13646827"><ele>75.102294921875</ele><time>2017-11-18T02:35:01Z</time></trkpt><trkpt lat="22.51809838" lon="114.13649581"><ele>74.7576904296875</ele><time>2017-11-18T02:35:05Z</time></trkpt><trkpt lat="22.51809727" lon="114.13652009"><ele>77.000732421875</ele><time>2017-11-18T02:35:08Z</time></trkpt><trkpt lat="22.51810842" lon="114.13654078"><ele>78.99627685546875</ele><time>2017-11-18T02:35:11Z</time></trkpt><trkpt lat="22.51811099" lon="114.13656207"><ele>80.7716064453125</ele><time>2017-11-18T02:35:16Z</time></trkpt><trkpt lat="22.51809817" lon="114.13658326"><ele>80.47222900390625</ele><time>2017-11-18T02:35:23Z</time></trkpt><trkpt lat="22.51808479" lon="114.13660541"><ele>81.49176025390625</ele><time>2017-11-18T02:35:26Z</time></trkpt><trkpt lat="22.51807988" lon="114.13662791"><ele>81.3231201171875</ele><time>2017-11-18T02:35:28Z</time></trkpt><trkpt lat="22.51807232" lon="114.13665066"><ele>84.65667724609375</ele><time>2017-11-18T02:35:32Z</time></trkpt><trkpt lat="22.51806231" lon="114.13666866"><ele>84.16510009765625</ele><time>2017-11-18T02:35:35Z</time></trkpt><trkpt lat="22.518063" lon="114.13668957"><ele>84.34552001953125</ele><time>2017-11-18T02:35:38Z</time></trkpt><trkpt lat="22.5180573" lon="114.13670857"><ele>84.8675537109375</ele><time>2017-11-18T02:35:41Z</time></trkpt><trkpt lat="22.51806195" lon="114.13672768"><ele>85.18011474609375</ele><time>2017-11-18T02:35:44Z</time></trkpt><trkpt lat="22.51805937" lon="114.13674847"><ele>87.12921142578125</ele><time>2017-11-18T02:35:47Z</time></trkpt><trkpt lat="22.51804936" lon="114.13676572"><ele>89.64410400390625</ele><time>2017-11-18T02:35:51Z</time></trkpt><trkpt lat="22.51803086" lon="114.13677636"><ele>90.6973876953125</ele><time>2017-11-18T02:35:55Z</time></trkpt><trkpt lat="22.51801426" lon="114.13678414"><ele>91.00372314453125</ele><time>2017-11-18T02:35:58Z</time></trkpt><trkpt lat="22.5179946" lon="114.13679648"><ele>88.97491455078125</ele><time>2017-11-18T02:36:01Z</time></trkpt><trkpt lat="22.51797629" lon="114.13680632"><ele>88.892333984375</ele><time>2017-11-18T02:36:04Z</time></trkpt><trkpt lat="22.51795656" lon="114.13681325"><ele>88.022705078125</ele><time>2017-11-18T02:36:08Z</time></trkpt><trkpt lat="22.51795042" lon="114.13683249"><ele>88.09033203125</ele><time>2017-11-18T02:36:12Z</time></trkpt><trkpt lat="22.51793863" lon="114.13685209"><ele>87.078857421875</ele><time>2017-11-18T02:36:15Z</time></trkpt><trkpt lat="22.51792303" lon="114.13686773"><ele>85.77484130859375</ele><time>2017-11-18T02:36:18Z</time></trkpt><trkpt lat="22.51790538" lon="114.13687641"><ele>86.5845947265625</ele><time>2017-11-18T02:36:20Z</time></trkpt><trkpt lat="22.51788605" lon="114.13687887"><ele>87.16668701171875</ele><time>2017-11-18T02:36:23Z</time></trkpt><trkpt lat="22.51786974" lon="114.13689743"><ele>86.09661865234375</ele><time>2017-11-18T02:36:29Z</time></trkpt><trkpt lat="22.51785301" lon="114.13690741"><ele>85.8526611328125</ele><time>2017-11-18T02:36:32Z</time></trkpt><trkpt lat="22.51783144" lon="114.13692849"><ele>86.2926025390625</ele><time>2017-11-18T02:36:34Z</time></trkpt><trkpt lat="22.51781204" lon="114.13694145"><ele>86.666015625</ele><time>2017-11-18T02:36:36Z</time></trkpt><trkpt lat="22.51778813" lon="114.13695032"><ele>85.524658203125</ele><time>2017-11-18T02:36:38Z</time></trkpt><trkpt lat="22.51776612" lon="114.13695839"><ele>83.6292724609375</ele><time>2017-11-18T02:36:40Z</time></trkpt><trkpt lat="22.5177437" lon="114.13695982"><ele>82.00604248046875</ele><time>2017-11-18T02:36:43Z</time></trkpt><trkpt lat="22.51772303" lon="114.13696776"><ele>80.48211669921875</ele><time>2017-11-18T02:36:45Z</time></trkpt><trkpt lat="22.51770401" lon="114.13697561"><ele>81.98565673828125</ele><time>2017-11-18T02:36:47Z</time></trkpt><trkpt lat="22.51768321" lon="114.13698419"><ele>82.7471923828125</ele><time>2017-11-18T02:36:50Z</time></trkpt><trkpt lat="22.51766173" lon="114.13699293"><ele>81.875</ele><time>2017-11-18T02:36:52Z</time></trkpt><trkpt lat="22.51763465" lon="114.13700564"><ele>80.66204833984375</ele><time>2017-11-18T02:36:54Z</time></trkpt><trkpt lat="22.51760874" lon="114.13701567"><ele>82.27874755859375</ele><time>2017-11-18T02:36:56Z</time></trkpt><trkpt lat="22.51758635" lon="114.13702118"><ele>84.37579345703125</ele><time>2017-11-18T02:36:58Z</time></trkpt><trkpt lat="22.51756698" lon="114.13702929"><ele>83.0224609375</ele><time>2017-11-18T02:37:00Z</time></trkpt><trkpt lat="22.51754897" lon="114.13703821"><ele>83.55120849609375</ele><time>2017-11-18T02:37:03Z</time></trkpt><trkpt lat="22.51752599" lon="114.13704575"><ele>85.7969970703125</ele><time>2017-11-18T02:37:07Z</time></trkpt><trkpt lat="22.51750624" lon="114.13704949"><ele>87.66644287109375</ele><time>2017-11-18T02:37:17Z</time></trkpt><trkpt lat="22.51748332" lon="114.13706003"><ele>87.43536376953125</ele><time>2017-11-18T02:37:20Z</time></trkpt><trkpt lat="22.51746156" lon="114.13707443"><ele>90.07342529296875</ele><time>2017-11-18T02:37:22Z</time></trkpt><trkpt lat="22.5174443" lon="114.13708529"><ele>88.5205078125</ele><time>2017-11-18T02:37:24Z</time></trkpt><trkpt lat="22.51742209" lon="114.13710152"><ele>85.7454833984375</ele><time>2017-11-18T02:37:27Z</time></trkpt><trkpt lat="22.51740839" lon="114.13711582"><ele>86.00347900390625</ele><time>2017-11-18T02:37:29Z</time></trkpt><trkpt lat="22.51739568" lon="114.13713284"><ele>85.329345703125</ele><time>2017-11-18T02:37:31Z</time></trkpt><trkpt lat="22.51737414" lon="114.13715093"><ele>86.74615478515625</ele><time>2017-11-18T02:37:34Z</time></trkpt><trkpt lat="22.51736135" lon="114.1371648"><ele>87.6046142578125</ele><time>2017-11-18T02:37:36Z</time></trkpt><trkpt lat="22.51734413" lon="114.13717984"><ele>89.87060546875</ele><time>2017-11-18T02:37:38Z</time></trkpt><trkpt lat="22.51732411" lon="114.13719265"><ele>89.432373046875</ele><time>2017-11-18T02:37:40Z</time></trkpt><trkpt lat="22.51731016" lon="114.13720547"><ele>91.04071044921875</ele><time>2017-11-18T02:37:42Z</time></trkpt><trkpt lat="22.51729224" lon="114.13722363"><ele>90.639404296875</ele><time>2017-11-18T02:37:44Z</time></trkpt><trkpt lat="22.51727428" lon="114.13723895"><ele>90.99664306640625</ele><time>2017-11-18T02:37:46Z</time></trkpt><trkpt lat="22.51725793" lon="114.13725204"><ele>91.64434814453125</ele><time>2017-11-18T02:37:48Z</time></trkpt><trkpt lat="22.51723974" lon="114.13726504"><ele>90.814453125</ele><time>2017-11-18T02:37:50Z</time></trkpt><trkpt lat="22.51721674" lon="114.13727301"><ele>89.6390380859375</ele><time>2017-11-18T02:37:53Z</time></trkpt><trkpt lat="22.51719395" lon="114.13729169"><ele>90.90850830078125</ele><time>2017-11-18T02:37:56Z</time></trkpt><trkpt lat="22.5171797" lon="114.13731593"><ele>91.45379638671875</ele><time>2017-11-18T02:37:59Z</time></trkpt><trkpt lat="22.5171673" lon="114.13733463"><ele>92.94842529296875</ele><time>2017-11-18T02:38:01Z</time></trkpt><trkpt lat="22.51715798" lon="114.13735381"><ele>94.45440673828125</ele><time>2017-11-18T02:38:03Z</time></trkpt><trkpt lat="22.51715006" lon="114.13737557"><ele>94.5574951171875</ele><time>2017-11-18T02:38:05Z</time></trkpt><trkpt lat="22.5171379" lon="114.13739397"><ele>94.95855712890625</ele><time>2017-11-18T02:38:07Z</time></trkpt><trkpt lat="22.51712501" lon="114.13741153"><ele>98.00701904296875</ele><time>2017-11-18T02:38:09Z</time></trkpt><trkpt lat="22.51711285" lon="114.13743"><ele>98.1776123046875</ele><time>2017-11-18T02:38:12Z</time></trkpt><trkpt lat="22.51711243" lon="114.13745203"><ele>97.54547119140625</ele><time>2017-11-18T02:38:18Z</time></trkpt><trkpt lat="22.51709337" lon="114.13746647"><ele>97.48095703125</ele><time>2017-11-18T02:38:20Z</time></trkpt><trkpt lat="22.51707785" lon="114.13748234"><ele>96.70263671875</ele><time>2017-11-18T02:38:22Z</time></trkpt><trkpt lat="22.51706652" lon="114.13750447"><ele>97.4244384765625</ele><time>2017-11-18T02:38:25Z</time></trkpt><trkpt lat="22.51705268" lon="114.13752186"><ele>98.46392822265625</ele><time>2017-11-18T02:38:27Z</time></trkpt><trkpt lat="22.51703717" lon="114.13754132"><ele>98.72320556640625</ele><time>2017-11-18T02:38:30Z</time></trkpt><trkpt lat="22.51702312" lon="114.13755997"><ele>98.6143798828125</ele><time>2017-11-18T02:38:32Z</time></trkpt><trkpt lat="22.51700942" lon="114.13757644"><ele>98.80218505859375</ele><time>2017-11-18T02:38:34Z</time></trkpt><trkpt lat="22.5169958" lon="114.13759678"><ele>99.5462646484375</ele><time>2017-11-18T02:38:36Z</time></trkpt><trkpt lat="22.5169821" lon="114.13761843"><ele>99.50897216796875</ele><time>2017-11-18T02:38:39Z</time></trkpt><trkpt lat="22.51696355" lon="114.13763747"><ele>102.0474853515625</ele><time>2017-11-18T02:38:42Z</time></trkpt><trkpt lat="22.5169486" lon="114.13765118"><ele>102.711181640625</ele><time>2017-11-18T02:38:45Z</time></trkpt><trkpt lat="22.51693149" lon="114.137664"><ele>104.33367919921875</ele><time>2017-11-18T02:38:51Z</time></trkpt><trkpt lat="22.51691859" lon="114.13768266"><ele>107.259765625</ele><time>2017-11-18T02:38:55Z</time></trkpt><trkpt lat="22.51690333" lon="114.13769499"><ele>108.75152587890625</ele><time>2017-11-18T02:39:00Z</time></trkpt><trkpt lat="22.51688646" lon="114.13770519"><ele>107.7020263671875</ele><time>2017-11-18T02:39:07Z</time></trkpt><trkpt lat="22.51688035" lon="114.13773078"><ele>108.0941162109375</ele><time>2017-11-18T02:39:11Z</time></trkpt><trkpt lat="22.51686659" lon="114.13774518"><ele>106.92169189453125</ele><time>2017-11-18T02:39:16Z</time></trkpt><trkpt lat="22.51685016" lon="114.13775474"><ele>106.06396484375</ele><time>2017-11-18T02:39:18Z</time></trkpt><trkpt lat="22.51683514" lon="114.13776644"><ele>107.80242919921875</ele><time>2017-11-18T02:39:20Z</time></trkpt><trkpt lat="22.51681628" lon="114.13777703"><ele>110.07684326171875</ele><time>2017-11-18T02:39:24Z</time></trkpt><trkpt lat="22.51679783" lon="114.13779068"><ele>111.3978271484375</ele><time>2017-11-18T02:39:27Z</time></trkpt><trkpt lat="22.51677857" lon="114.13779325"><ele>111.1898193359375</ele><time>2017-11-18T02:39:30Z</time></trkpt><trkpt lat="22.5167591" lon="114.13779915"><ele>110.927490234375</ele><time>2017-11-18T02:39:33Z</time></trkpt><trkpt lat="22.51673532" lon="114.13780472"><ele>112.42059326171875</ele><time>2017-11-18T02:39:36Z</time></trkpt><trkpt lat="22.51671594" lon="114.13781088"><ele>112.59423828125</ele><time>2017-11-18T02:39:39Z</time></trkpt><trkpt lat="22.51669755" lon="114.13781916"><ele>113.64923095703125</ele><time>2017-11-18T02:39:43Z</time></trkpt><trkpt lat="22.51667415" lon="114.13782892"><ele>114.71783447265625</ele><time>2017-11-18T02:39:47Z</time></trkpt><trkpt lat="22.51665286" lon="114.13783807"><ele>115.6656494140625</ele><time>2017-11-18T02:39:52Z</time></trkpt><trkpt lat="22.51663602" lon="114.13784675"><ele>116.1361083984375</ele><time>2017-11-18T02:39:55Z</time></trkpt><trkpt lat="22.51661674" lon="114.13785089"><ele>115.48541259765625</ele><time>2017-11-18T02:39:58Z</time></trkpt><trkpt lat="22.51659883" lon="114.13785614"><ele>115.81829833984375</ele><time>2017-11-18T02:40:03Z</time></trkpt><trkpt lat="22.51657872" lon="114.13786493"><ele>118.72686767578125</ele><time>2017-11-18T02:40:11Z</time></trkpt><trkpt lat="22.51655844" lon="114.13787268"><ele>119.75836181640625</ele><time>2017-11-18T02:40:14Z</time></trkpt><trkpt lat="22.51653945" lon="114.13787806"><ele>120.175048828125</ele><time>2017-11-18T02:40:17Z</time></trkpt><trkpt lat="22.51651974" lon="114.13787937"><ele>121.581298828125</ele><time>2017-11-18T02:40:21Z</time></trkpt><trkpt lat="22.51650929" lon="114.13790057"><ele>122.89404296875</ele><time>2017-11-18T02:40:26Z</time></trkpt><trkpt lat="22.51649449" lon="114.13791929"><ele>122.59979248046875</ele><time>2017-11-18T02:40:31Z</time></trkpt><trkpt lat="22.51647898" lon="114.13793838"><ele>123.44305419921875</ele><time>2017-11-18T02:40:35Z</time></trkpt><trkpt lat="22.51646744" lon="114.13795385"><ele>124.5433349609375</ele><time>2017-11-18T02:40:38Z</time></trkpt><trkpt lat="22.51645691" lon="114.13797156"><ele>124.9581298828125</ele><time>2017-11-18T02:40:42Z</time></trkpt><trkpt lat="22.51644257" lon="114.13799018"><ele>126.20758056640625</ele><time>2017-11-18T02:40:46Z</time></trkpt><trkpt lat="22.51642916" lon="114.13800654"><ele>126.22576904296875</ele><time>2017-11-18T02:40:49Z</time></trkpt><trkpt lat="22.51641061" lon="114.13801312"><ele>125.45855712890625</ele><time>2017-11-18T02:40:53Z</time></trkpt><trkpt lat="22.51639264" lon="114.13803075"><ele>126.511474609375</ele><time>2017-11-18T02:40:57Z</time></trkpt><trkpt lat="22.51637713" lon="114.13804874"><ele>126.09771728515625</ele><time>2017-11-18T02:41:01Z</time></trkpt><trkpt lat="22.51636425" lon="114.13806542"><ele>124.9959716796875</ele><time>2017-11-18T02:41:04Z</time></trkpt><trkpt lat="22.51635556" lon="114.13808356"><ele>122.9903564453125</ele><time>2017-11-18T02:41:07Z</time></trkpt><trkpt lat="22.51634653" lon="114.13810454"><ele>123.63006591796875</ele><time>2017-11-18T02:41:11Z</time></trkpt><trkpt lat="22.51633348" lon="114.13812316"><ele>124.84698486328125</ele><time>2017-11-18T02:41:14Z</time></trkpt><trkpt lat="22.51632053" lon="114.13814006"><ele>124.4261474609375</ele><time>2017-11-18T02:41:17Z</time></trkpt><trkpt lat="22.51630611" lon="114.13815753"><ele>125.80517578125</ele><time>2017-11-18T02:41:21Z</time></trkpt><trkpt lat="22.51628965" lon="114.13816595"><ele>126.68634033203125</ele><time>2017-11-18T02:41:23Z</time></trkpt><trkpt lat="22.51627485" lon="114.13817979"><ele>127.32861328125</ele><time>2017-11-18T02:41:27Z</time></trkpt><trkpt lat="22.51626165" lon="114.13819385"><ele>127.757568359375</ele><time>2017-11-18T02:41:29Z</time></trkpt><trkpt lat="22.51625395" lon="114.13821408"><ele>127.658447265625</ele><time>2017-11-18T02:41:32Z</time></trkpt><trkpt lat="22.51624209" lon="114.13823284"><ele>128.96246337890625</ele><time>2017-11-18T02:41:35Z</time></trkpt><trkpt lat="22.51623173" lon="114.13825558"><ele>128.57122802734375</ele><time>2017-11-18T02:41:38Z</time></trkpt><trkpt lat="22.51621928" lon="114.13827043"><ele>129.1207275390625</ele><time>2017-11-18T02:41:40Z</time></trkpt><trkpt lat="22.51621116" lon="114.13829508"><ele>130.322998046875</ele><time>2017-11-18T02:41:43Z</time></trkpt><trkpt lat="22.51620265" lon="114.13831859"><ele>129.720458984375</ele><time>2017-11-18T02:41:46Z</time></trkpt><trkpt lat="22.51619248" lon="114.13833689"><ele>131.3505859375</ele><time>2017-11-18T02:41:48Z</time></trkpt><trkpt lat="22.51619062" lon="114.13835894"><ele>131.34869384765625</ele><time>2017-11-18T02:41:51Z</time></trkpt><trkpt lat="22.51619139" lon="114.13838713"><ele>132.8236083984375</ele><time>2017-11-18T02:41:53Z</time></trkpt><trkpt lat="22.51619009" lon="114.13840864"><ele>133.09503173828125</ele><time>2017-11-18T02:41:55Z</time></trkpt><trkpt lat="22.51618269" lon="114.13842733"><ele>132.8314208984375</ele><time>2017-11-18T02:41:58Z</time></trkpt><trkpt lat="22.51616135" lon="114.13842143"><ele>133.29339599609375</ele><time>2017-11-18T02:42:05Z</time></trkpt><trkpt lat="22.5161366" lon="114.13841085"><ele>134.44873046875</ele><time>2017-11-18T02:42:07Z</time></trkpt><trkpt lat="22.51611747" lon="114.13838596"><ele>134.4996337890625</ele><time>2017-11-18T02:42:09Z</time></trkpt><trkpt lat="22.51612053" lon="114.13836306"><ele>138.31146240234375</ele><time>2017-11-18T02:42:12Z</time></trkpt><trkpt lat="22.51612826" lon="114.13834539"><ele>138.3194580078125</ele><time>2017-11-18T02:42:14Z</time></trkpt><trkpt lat="22.51613866" lon="114.13832417"><ele>139.39776611328125</ele><time>2017-11-18T02:42:16Z</time></trkpt><trkpt lat="22.51614981" lon="114.13829859"><ele>141.2896728515625</ele><time>2017-11-18T02:42:19Z</time></trkpt><trkpt lat="22.51615693" lon="114.13827335"><ele>141.2635498046875</ele><time>2017-11-18T02:42:22Z</time></trkpt><trkpt lat="22.51615106" lon="114.13825173"><ele>141.270751953125</ele><time>2017-11-18T02:42:25Z</time></trkpt><trkpt lat="22.5161502" lon="114.13823196"><ele>140.20355224609375</ele><time>2017-11-18T02:42:51Z</time></trkpt><trkpt lat="22.51613838" lon="114.13824695"><ele>138.92303466796875</ele><time>2017-11-18T02:43:37Z</time></trkpt><trkpt lat="22.5161203" lon="114.13825779"><ele>140.2576904296875</ele><time>2017-11-18T02:43:43Z</time></trkpt><trkpt lat="22.51610428" lon="114.1382479"><ele>143.9791259765625</ele><time>2017-11-18T02:44:04Z</time></trkpt><trkpt lat="22.51609979" lon="114.13826746"><ele>139.0894775390625</ele><time>2017-11-18T02:44:39Z</time></trkpt><trkpt lat="22.51609569" lon="114.13824756"><ele>140.0615234375</ele><time>2017-11-18T02:45:01Z</time></trkpt><trkpt lat="22.51611024" lon="114.13826019"><ele>139.216796875</ele><time>2017-11-18T02:46:15Z</time></trkpt><trkpt lat="22.51611" lon="114.13828609"><ele>139.232421875</ele><time>2017-11-18T02:46:17Z</time></trkpt><trkpt lat="22.51610209" lon="114.13830478"><ele>139.30712890625</ele><time>2017-11-18T02:46:19Z</time></trkpt><trkpt lat="22.51609251" lon="114.13832934"><ele>139.7216796875</ele><time>2017-11-18T02:46:22Z</time></trkpt><trkpt lat="22.51608923" lon="114.13835226"><ele>140.12054443359375</ele><time>2017-11-18T02:46:24Z</time></trkpt><trkpt lat="22.5161019" lon="114.13837201"><ele>142.2208251953125</ele><time>2017-11-18T02:46:26Z</time></trkpt><trkpt lat="22.51613041" lon="114.13839082"><ele>143.49493408203125</ele><time>2017-11-18T02:46:28Z</time></trkpt><trkpt lat="22.51614511" lon="114.1384021"><ele>143.8411865234375</ele><time>2017-11-18T02:46:29Z</time></trkpt><trkpt lat="22.51615644" lon="114.13843096"><ele>145.5430908203125</ele><time>2017-11-18T02:46:31Z</time></trkpt><trkpt lat="22.51615796" lon="114.13845071"><ele>144.01019287109375</ele><time>2017-11-18T02:46:32Z</time></trkpt><trkpt lat="22.51615541" lon="114.13847807"><ele>145.3248291015625</ele><time>2017-11-18T02:46:34Z</time></trkpt><trkpt lat="22.51615815" lon="114.13849844"><ele>142.6436767578125</ele><time>2017-11-18T02:46:36Z</time></trkpt><trkpt lat="22.51616139" lon="114.1385282"><ele>140.532958984375</ele><time>2017-11-18T02:46:38Z</time></trkpt><trkpt lat="22.51616357" lon="114.13855359"><ele>138.61505126953125</ele><time>2017-11-18T02:46:40Z</time></trkpt><trkpt lat="22.51616674" lon="114.13858172"><ele>136.8375244140625</ele><time>2017-11-18T02:46:42Z</time></trkpt><trkpt lat="22.51617004" lon="114.13860907"><ele>136.02459716796875</ele><time>2017-11-18T02:46:44Z</time></trkpt><trkpt lat="22.51616629" lon="114.13863026"><ele>133.89569091796875</ele><time>2017-11-18T02:46:47Z</time></trkpt><trkpt lat="22.51617949" lon="114.13865355"><ele>133.17041015625</ele><time>2017-11-18T02:47:01Z</time></trkpt><trkpt lat="22.51619528" lon="114.13867169"><ele>133.8681640625</ele><time>2017-11-18T02:47:03Z</time></trkpt><trkpt lat="22.51621614" lon="114.13869242"><ele>133.4376220703125</ele><time>2017-11-18T02:47:05Z</time></trkpt><trkpt lat="22.51623547" lon="114.13870868"><ele>133.1439208984375</ele><time>2017-11-18T02:47:07Z</time></trkpt><trkpt lat="22.51625257" lon="114.13873496"><ele>133.4058837890625</ele><time>2017-11-18T02:47:09Z</time></trkpt><trkpt lat="22.51626422" lon="114.13875978"><ele>131.13330078125</ele><time>2017-11-18T02:47:11Z</time></trkpt><trkpt lat="22.51626822" lon="114.13878469"><ele>130.8385009765625</ele><time>2017-11-18T02:47:14Z</time></trkpt><trkpt lat="22.51627523" lon="114.13880623"><ele>130.1435546875</ele><time>2017-11-18T02:47:16Z</time></trkpt><trkpt lat="22.51629181" lon="114.13882369"><ele>129.322509765625</ele><time>2017-11-18T02:47:19Z</time></trkpt><trkpt lat="22.51629685" lon="114.13884396"><ele>129.27362060546875</ele><time>2017-11-18T02:47:23Z</time></trkpt><trkpt lat="22.51631417" lon="114.13886639"><ele>130.036376953125</ele><time>2017-11-18T02:47:29Z</time></trkpt><trkpt lat="22.51632228" lon="114.13889042"><ele>128.4140625</ele><time>2017-11-18T02:47:31Z</time></trkpt><trkpt lat="22.51632849" lon="114.13891948"><ele>128.3084716796875</ele><time>2017-11-18T02:47:33Z</time></trkpt><trkpt lat="22.51633609" lon="114.13893975"><ele>127.73345947265625</ele><time>2017-11-18T02:47:35Z</time></trkpt><trkpt lat="22.51634991" lon="114.13896445"><ele>124.130859375</ele><time>2017-11-18T02:47:38Z</time></trkpt><trkpt lat="22.51636046" lon="114.13898141"><ele>122.90966796875</ele><time>2017-11-18T02:47:40Z</time></trkpt><trkpt lat="22.51638156" lon="114.13900059"><ele>124.5706787109375</ele><time>2017-11-18T02:47:50Z</time></trkpt><trkpt lat="22.51639633" lon="114.13902116"><ele>127.0889892578125</ele><time>2017-11-18T02:47:52Z</time></trkpt><trkpt lat="22.51641096" lon="114.13904309"><ele>126.4971923828125</ele><time>2017-11-18T02:47:54Z</time></trkpt><trkpt lat="22.51642274" lon="114.13906275"><ele>125.9228515625</ele><time>2017-11-18T02:47:59Z</time></trkpt><trkpt lat="22.51643728" lon="114.13908472"><ele>125.532470703125</ele><time>2017-11-18T02:48:02Z</time></trkpt><trkpt lat="22.51645841" lon="114.13910909"><ele>122.21173095703125</ele><time>2017-11-18T02:48:04Z</time></trkpt><trkpt lat="22.516475" lon="114.13912602"><ele>120.68145751953125</ele><time>2017-11-18T02:48:06Z</time></trkpt><trkpt lat="22.51649184" lon="114.13914755"><ele>121.1796875</ele><time>2017-11-18T02:48:08Z</time></trkpt><trkpt lat="22.51651168" lon="114.13916689"><ele>119.56280517578125</ele><time>2017-11-18T02:48:10Z</time></trkpt><trkpt lat="22.51653086" lon="114.13918443"><ele>117.316162109375</ele><time>2017-11-18T02:48:12Z</time></trkpt><trkpt lat="22.51654333" lon="114.13921104"><ele>116.93804931640625</ele><time>2017-11-18T02:48:15Z</time></trkpt><trkpt lat="22.51655663" lon="114.13922623"><ele>115.41778564453125</ele><time>2017-11-18T02:48:17Z</time></trkpt><trkpt lat="22.51657504" lon="114.13924246"><ele>114.65704345703125</ele><time>2017-11-18T02:48:19Z</time></trkpt><trkpt lat="22.51658809" lon="114.13926143"><ele>113.565673828125</ele><time>2017-11-18T02:48:21Z</time></trkpt><trkpt lat="22.51660213" lon="114.13927544"><ele>114.78582763671875</ele><time>2017-11-18T02:48:24Z</time></trkpt><trkpt lat="22.51661795" lon="114.13928671"><ele>114.9652099609375</ele><time>2017-11-18T02:48:30Z</time></trkpt><trkpt lat="22.5166348" lon="114.13930316"><ele>113.79876708984375</ele><time>2017-11-18T02:48:32Z</time></trkpt><trkpt lat="22.516656" lon="114.13932516"><ele>113.31475830078125</ele><time>2017-11-18T02:48:34Z</time></trkpt><trkpt lat="22.5166715" lon="114.13934516"><ele>112.806884765625</ele><time>2017-11-18T02:48:37Z</time></trkpt><trkpt lat="22.51668448" lon="114.13935989"><ele>113.315673828125</ele><time>2017-11-18T02:48:40Z</time></trkpt><trkpt lat="22.51669888" lon="114.13937769"><ele>113.45361328125</ele><time>2017-11-18T02:48:43Z</time></trkpt><trkpt lat="22.51671179" lon="114.13940136"><ele>113.4439697265625</ele><time>2017-11-18T02:48:45Z</time></trkpt><trkpt lat="22.51672229" lon="114.13942368"><ele>114.90692138671875</ele><time>2017-11-18T02:48:48Z</time></trkpt><trkpt lat="22.51673633" lon="114.13944443"><ele>113.95361328125</ele><time>2017-11-18T02:48:50Z</time></trkpt><trkpt lat="22.51675182" lon="114.13947131"><ele>113.66168212890625</ele><time>2017-11-18T02:48:52Z</time></trkpt><trkpt lat="22.51675675" lon="114.13949859"><ele>113.89007568359375</ele><time>2017-11-18T02:48:54Z</time></trkpt><trkpt lat="22.51675737" lon="114.13952258"><ele>114.103271484375</ele><time>2017-11-18T02:48:57Z</time></trkpt><trkpt lat="22.51677683" lon="114.13952203"><ele>114.05712890625</ele><time>2017-11-18T02:49:05Z</time></trkpt><trkpt lat="22.5167647" lon="114.13953977"><ele>113.982421875</ele><time>2017-11-18T02:49:22Z</time></trkpt><trkpt lat="22.51676968" lon="114.139521"><ele>113.12646484375</ele><time>2017-11-18T02:49:35Z</time></trkpt><trkpt lat="22.51678571" lon="114.1395309"><ele>115.70318603515625</ele><time>2017-11-18T02:49:40Z</time></trkpt><trkpt lat="22.51680468" lon="114.13954051"><ele>115.9071044921875</ele><time>2017-11-18T02:49:42Z</time></trkpt><trkpt lat="22.51682755" lon="114.13955433"><ele>117.024658203125</ele><time>2017-11-18T02:49:44Z</time></trkpt><trkpt lat="22.51682516" lon="114.139577"><ele>116.99200439453125</ele><time>2017-11-18T02:49:48Z</time></trkpt><trkpt lat="22.51684553" lon="114.13958679"><ele>116.31109619140625</ele><time>2017-11-18T02:49:58Z</time></trkpt><trkpt lat="22.51685745" lon="114.13960223"><ele>115.1094970703125</ele><time>2017-11-18T02:50:13Z</time></trkpt><trkpt lat="22.51687607" lon="114.13963113"><ele>115.5950927734375</ele><time>2017-11-18T02:50:15Z</time></trkpt><trkpt lat="22.51689817" lon="114.13965156"><ele>115.3421630859375</ele><time>2017-11-18T02:50:17Z</time></trkpt><trkpt lat="22.51691962" lon="114.13966385"><ele>117.24444580078125</ele><time>2017-11-18T02:50:19Z</time></trkpt><trkpt lat="22.51693634" lon="114.13968345"><ele>117.929443359375</ele><time>2017-11-18T02:50:21Z</time></trkpt><trkpt lat="22.51695334" lon="114.13969767"><ele>116.265380859375</ele><time>2017-11-18T02:50:23Z</time></trkpt><trkpt lat="22.51697477" lon="114.13972204"><ele>114.06756591796875</ele><time>2017-11-18T02:50:25Z</time></trkpt><trkpt lat="22.51699911" lon="114.13974755"><ele>113.7637939453125</ele><time>2017-11-18T02:50:27Z</time></trkpt><trkpt lat="22.51701153" lon="114.13976325"><ele>114.46185302734375</ele><time>2017-11-18T02:50:28Z</time></trkpt><trkpt lat="22.51702214" lon="114.13978033"><ele>115.0545654296875</ele><time>2017-11-18T02:50:29Z</time></trkpt><trkpt lat="22.51704037" lon="114.13980735"><ele>113.2781982421875</ele><time>2017-11-18T02:50:31Z</time></trkpt><trkpt lat="22.5170526" lon="114.13982572"><ele>112.46392822265625</ele><time>2017-11-18T02:50:33Z</time></trkpt><trkpt lat="22.51706899" lon="114.13984804"><ele>111.9752197265625</ele><time>2017-11-18T02:50:35Z</time></trkpt><trkpt lat="22.51707321" lon="114.13986933"><ele>112.73046875</ele><time>2017-11-18T02:50:37Z</time></trkpt><trkpt lat="22.51708012" lon="114.1398885"><ele>111.43310546875</ele><time>2017-11-18T02:50:39Z</time></trkpt><trkpt lat="22.51709833" lon="114.13990525"><ele>112.1427001953125</ele><time>2017-11-18T02:50:41Z</time></trkpt><trkpt lat="22.51711358" lon="114.13992338"><ele>111.64947509765625</ele><time>2017-11-18T02:50:43Z</time></trkpt><trkpt lat="22.5171249" lon="114.13994212"><ele>110.7000732421875</ele><time>2017-11-18T02:50:45Z</time></trkpt><trkpt lat="22.51714108" lon="114.1399597"><ele>110.34381103515625</ele><time>2017-11-18T02:50:47Z</time></trkpt><trkpt lat="22.51715392" lon="114.13997671"><ele>109.28106689453125</ele><time>2017-11-18T02:50:49Z</time></trkpt><trkpt lat="22.51716353" lon="114.14000277"><ele>109.36260986328125</ele><time>2017-11-18T02:50:52Z</time></trkpt><trkpt lat="22.51716896" lon="114.14002799"><ele>108.9971923828125</ele><time>2017-11-18T02:50:54Z</time></trkpt><trkpt lat="22.51719112" lon="114.14004462"><ele>110.75531005859375</ele><time>2017-11-18T02:52:10Z</time></trkpt><trkpt lat="22.51721157" lon="114.14007202"><ele>110.38165283203125</ele><time>2017-11-18T02:52:12Z</time></trkpt><trkpt lat="22.51723458" lon="114.14009569"><ele>110.8218994140625</ele><time>2017-11-18T02:52:14Z</time></trkpt><trkpt lat="22.5172559" lon="114.14012029"><ele>110.496337890625</ele><time>2017-11-18T02:52:16Z</time></trkpt><trkpt lat="22.51726761" lon="114.14013603"><ele>111.2010498046875</ele><time>2017-11-18T02:52:18Z</time></trkpt><trkpt lat="22.51727771" lon="114.14015726"><ele>110.93609619140625</ele><time>2017-11-18T02:52:20Z</time></trkpt><trkpt lat="22.51728778" lon="114.14017753"><ele>111.082275390625</ele><time>2017-11-18T02:52:23Z</time></trkpt><trkpt lat="22.51731049" lon="114.14019356"><ele>111.5357666015625</ele><time>2017-11-18T02:52:26Z</time></trkpt><trkpt lat="22.51731573" lon="114.14021932"><ele>107.527587890625</ele><time>2017-11-18T02:53:14Z</time></trkpt><trkpt lat="22.51732789" lon="114.14024579"><ele>112.32537841796875</ele><time>2017-11-18T02:53:35Z</time></trkpt><trkpt lat="22.51733555" lon="114.14026759"><ele>108.575927734375</ele><time>2017-11-18T02:53:38Z</time></trkpt><trkpt lat="22.51734763" lon="114.14028586"><ele>110.27276611328125</ele><time>2017-11-18T02:53:40Z</time></trkpt><trkpt lat="22.51735883" lon="114.14030351"><ele>111.20703125</ele><time>2017-11-18T02:53:42Z</time></trkpt><trkpt lat="22.5173747" lon="114.14031955"><ele>111.1015625</ele><time>2017-11-18T02:53:44Z</time></trkpt><trkpt lat="22.51738449" lon="114.14034571"><ele>109.68408203125</ele><time>2017-11-18T02:53:49Z</time></trkpt><trkpt lat="22.51740081" lon="114.14036314"><ele>110.81072998046875</ele><time>2017-11-18T02:53:51Z</time></trkpt><trkpt lat="22.51741786" lon="114.14038187"><ele>110.35736083984375</ele><time>2017-11-18T02:53:54Z</time></trkpt><trkpt lat="22.51743407" lon="114.14040459"><ele>111.254638671875</ele><time>2017-11-18T02:53:56Z</time></trkpt><trkpt lat="22.517456" lon="114.14043385"><ele>111.33642578125</ele><time>2017-11-18T02:53:58Z</time></trkpt><trkpt lat="22.51746009" lon="114.1404602"><ele>114.2042236328125</ele><time>2017-11-18T02:54:01Z</time></trkpt><trkpt lat="22.51745435" lon="114.14048407"><ele>111.9178466796875</ele><time>2017-11-18T02:54:03Z</time></trkpt><trkpt lat="22.5174512" lon="114.14050338"><ele>114.0262451171875</ele><time>2017-11-18T02:54:05Z</time></trkpt><trkpt lat="22.51745169" lon="114.14052393"><ele>114.70562744140625</ele><time>2017-11-18T02:54:08Z</time></trkpt><trkpt lat="22.51745392" lon="114.14054492"><ele>114.05340576171875</ele><time>2017-11-18T02:54:10Z</time></trkpt><trkpt lat="22.51746031" lon="114.14057652"><ele>113.84161376953125</ele><time>2017-11-18T02:54:13Z</time></trkpt><trkpt lat="22.51746692" lon="114.14059889"><ele>112.61248779296875</ele><time>2017-11-18T02:54:15Z</time></trkpt><trkpt lat="22.51747933" lon="114.14061349"><ele>112.875732421875</ele><time>2017-11-18T02:54:17Z</time></trkpt><trkpt lat="22.51749479" lon="114.1406305"><ele>112.6988525390625</ele><time>2017-11-18T02:54:19Z</time></trkpt><trkpt lat="22.51751052" lon="114.14064919"><ele>112.1390380859375</ele><time>2017-11-18T02:54:22Z</time></trkpt><trkpt lat="22.5175285" lon="114.14066257"><ele>111.6568603515625</ele><time>2017-11-18T02:54:24Z</time></trkpt><trkpt lat="22.5175443" lon="114.14068307"><ele>114.733642578125</ele><time>2017-11-18T02:54:26Z</time></trkpt><trkpt lat="22.51755889" lon="114.14071197"><ele>115.70947265625</ele><time>2017-11-18T02:54:29Z</time></trkpt><trkpt lat="22.51757167" lon="114.14072915"><ele>116.111328125</ele><time>2017-11-18T02:54:31Z</time></trkpt><trkpt lat="22.51758888" lon="114.14074974"><ele>118.01605224609375</ele><time>2017-11-18T02:54:34Z</time></trkpt><trkpt lat="22.51760334" lon="114.1407744"><ele>116.82232666015625</ele><time>2017-11-18T02:54:36Z</time></trkpt><trkpt lat="22.51761472" lon="114.14079781"><ele>117.7642822265625</ele><time>2017-11-18T02:54:39Z</time></trkpt><trkpt lat="22.51762378" lon="114.14082383"><ele>117.21771240234375</ele><time>2017-11-18T02:54:41Z</time></trkpt><trkpt lat="22.5176346" lon="114.14085338"><ele>118.307373046875</ele><time>2017-11-18T02:54:43Z</time></trkpt><trkpt lat="22.5176446" lon="114.14088082"><ele>118.02239990234375</ele><time>2017-11-18T02:54:45Z</time></trkpt><trkpt lat="22.51765204" lon="114.14089874"><ele>117.93292236328125</ele><time>2017-11-18T02:54:47Z</time></trkpt><trkpt lat="22.51766291" lon="114.14091669"><ele>117.7677001953125</ele><time>2017-11-18T02:54:49Z</time></trkpt><trkpt lat="22.51767333" lon="114.14095009"><ele>115.80908203125</ele><time>2017-11-18T02:54:51Z</time></trkpt><trkpt lat="22.51766996" lon="114.14098118"><ele>116.68560791015625</ele><time>2017-11-18T02:54:53Z</time></trkpt><trkpt lat="22.51767456" lon="114.14101667"><ele>117.5428466796875</ele><time>2017-11-18T02:54:55Z</time></trkpt><trkpt lat="22.51768019" lon="114.14104878"><ele>120.25146484375</ele><time>2017-11-18T02:54:57Z</time></trkpt><trkpt lat="22.51767307" lon="114.14107384"><ele>123.242919921875</ele><time>2017-11-18T02:54:59Z</time></trkpt><trkpt lat="22.51766614" lon="114.14109637"><ele>123.0118408203125</ele><time>2017-11-18T02:55:02Z</time></trkpt><trkpt lat="22.51765768" lon="114.14111427"><ele>121.94305419921875</ele><time>2017-11-18T02:55:06Z</time></trkpt><trkpt lat="22.51766685" lon="114.14114655"><ele>123.101318359375</ele><time>2017-11-18T02:55:09Z</time></trkpt><trkpt lat="22.51767379" lon="114.14117878"><ele>122.75457763671875</ele><time>2017-11-18T02:55:11Z</time></trkpt><trkpt lat="22.51767868" lon="114.14121479"><ele>123.06500244140625</ele><time>2017-11-18T02:55:13Z</time></trkpt><trkpt lat="22.51767822" lon="114.14124345"><ele>123.12139892578125</ele><time>2017-11-18T02:55:15Z</time></trkpt><trkpt lat="22.51767334" lon="114.14126989"><ele>124.10394287109375</ele><time>2017-11-18T02:55:17Z</time></trkpt><trkpt lat="22.5176649" lon="114.1413003"><ele>124.28167724609375</ele><time>2017-11-18T02:55:19Z</time></trkpt><trkpt lat="22.51765417" lon="114.14133078"><ele>125.71685791015625</ele><time>2017-11-18T02:55:21Z</time></trkpt><trkpt lat="22.51763491" lon="114.14134782"><ele>126.68109130859375</ele><time>2017-11-18T02:55:23Z</time></trkpt><trkpt lat="22.5176183" lon="114.14135671"><ele>126.997802734375</ele><time>2017-11-18T02:55:25Z</time></trkpt><trkpt lat="22.51760398" lon="114.14138246"><ele>126.7022705078125</ele><time>2017-11-18T02:55:28Z</time></trkpt><trkpt lat="22.51760024" lon="114.14141361"><ele>127.4742431640625</ele><time>2017-11-18T02:55:30Z</time></trkpt><trkpt lat="22.51760239" lon="114.1414423"><ele>125.96484375</ele><time>2017-11-18T02:55:32Z</time></trkpt><trkpt lat="22.5175997" lon="114.14147288"><ele>127.08160400390625</ele><time>2017-11-18T02:55:35Z</time></trkpt><trkpt lat="22.51760612" lon="114.1414962"><ele>127.84246826171875</ele><time>2017-11-18T02:55:37Z</time></trkpt><trkpt lat="22.51761565" lon="114.14152579"><ele>128.2694091796875</ele><time>2017-11-18T02:55:39Z</time></trkpt><trkpt lat="22.51762074" lon="114.14154519"><ele>129.121826171875</ele><time>2017-11-18T02:55:40Z</time></trkpt><trkpt lat="22.51762355" lon="114.14156481"><ele>129.79425048828125</ele><time>2017-11-18T02:55:41Z</time></trkpt><trkpt lat="22.51763271" lon="114.14159735"><ele>128.68365478515625</ele><time>2017-11-18T02:55:43Z</time></trkpt><trkpt lat="22.51763653" lon="114.14162358"><ele>127.2655029296875</ele><time>2017-11-18T02:55:45Z</time></trkpt><trkpt lat="22.5176399" lon="114.14164559"><ele>125.95391845703125</ele><time>2017-11-18T02:55:47Z</time></trkpt><trkpt lat="22.51764646" lon="114.14166509"><ele>127.20367431640625</ele><time>2017-11-18T02:55:49Z</time></trkpt><trkpt lat="22.51765639" lon="114.14168463"><ele>127.80584716796875</ele><time>2017-11-18T02:55:51Z</time></trkpt><trkpt lat="22.51766529" lon="114.14171179"><ele>128.15570068359375</ele><time>2017-11-18T02:55:53Z</time></trkpt><trkpt lat="22.5176723" lon="114.14174304"><ele>127.0753173828125</ele><time>2017-11-18T02:55:55Z</time></trkpt><trkpt lat="22.51768107" lon="114.14177807"><ele>126.57269287109375</ele><time>2017-11-18T02:55:57Z</time></trkpt><trkpt lat="22.51768362" lon="114.14179791"><ele>126.49151611328125</ele><time>2017-11-18T02:55:58Z</time></trkpt><trkpt lat="22.51768713" lon="114.14183303"><ele>127.686767578125</ele><time>2017-11-18T02:56:00Z</time></trkpt><trkpt lat="22.51768904" lon="114.14185332"><ele>128.09161376953125</ele><time>2017-11-18T02:56:01Z</time></trkpt><trkpt lat="22.5176905" lon="114.14187292"><ele>128.6053466796875</ele><time>2017-11-18T02:56:02Z</time></trkpt><trkpt lat="22.5176924" lon="114.14189233"><ele>128.48638916015625</ele><time>2017-11-18T02:56:03Z</time></trkpt><trkpt lat="22.51769784" lon="114.14192572"><ele>127.217041015625</ele><time>2017-11-18T02:56:05Z</time></trkpt><trkpt lat="22.51770374" lon="114.14195557"><ele>127.1270751953125</ele><time>2017-11-18T02:56:07Z</time></trkpt><trkpt lat="22.51769471" lon="114.14198289"><ele>128.606201171875</ele><time>2017-11-18T02:56:10Z</time></trkpt><trkpt lat="22.51768681" lon="114.14200756"><ele>131.01312255859375</ele><time>2017-11-18T02:56:12Z</time></trkpt><trkpt lat="22.5176798" lon="114.1420311"><ele>132.156982421875</ele><time>2017-11-18T02:56:14Z</time></trkpt><trkpt lat="22.51767653" lon="114.14205631"><ele>131.963623046875</ele><time>2017-11-18T02:56:16Z</time></trkpt><trkpt lat="22.51766714" lon="114.14207609"><ele>134.8353271484375</ele><time>2017-11-18T02:56:18Z</time></trkpt><trkpt lat="22.51766122" lon="114.14210709"><ele>134.48712158203125</ele><time>2017-11-18T02:56:20Z</time></trkpt><trkpt lat="22.51765645" lon="114.14213872"><ele>134.980224609375</ele><time>2017-11-18T02:56:22Z</time></trkpt><trkpt lat="22.51765559" lon="114.14217455"><ele>132.3109130859375</ele><time>2017-11-18T02:56:24Z</time></trkpt><trkpt lat="22.51765779" lon="114.14220874"><ele>132.43304443359375</ele><time>2017-11-18T02:56:26Z</time></trkpt><trkpt lat="22.51766773" lon="114.14224645"><ele>131.951171875</ele><time>2017-11-18T02:56:28Z</time></trkpt><trkpt lat="22.51767578" lon="114.14228149"><ele>132.52294921875</ele><time>2017-11-18T02:56:30Z</time></trkpt><trkpt lat="22.51766946" lon="114.14231175"><ele>133.9359130859375</ele><time>2017-11-18T02:56:32Z</time></trkpt><trkpt lat="22.51764448" lon="114.14231583"><ele>133.2720947265625</ele><time>2017-11-18T02:56:34Z</time></trkpt><trkpt lat="22.51763709" lon="114.14234183"><ele>131.4976806640625</ele><time>2017-11-18T02:56:38Z</time></trkpt><trkpt lat="22.51764261" lon="114.14237211"><ele>130.8668212890625</ele><time>2017-11-18T02:56:40Z</time></trkpt><trkpt lat="22.51764494" lon="114.14240017"><ele>130.635009765625</ele><time>2017-11-18T02:56:42Z</time></trkpt><trkpt lat="22.51764801" lon="114.14242811"><ele>131.6553955078125</ele><time>2017-11-18T02:56:44Z</time></trkpt><trkpt lat="22.51765345" lon="114.14245838"><ele>131.7550048828125</ele><time>2017-11-18T02:56:46Z</time></trkpt><trkpt lat="22.51764617" lon="114.14248586"><ele>132.919189453125</ele><time>2017-11-18T02:56:48Z</time></trkpt><trkpt lat="22.51764555" lon="114.142506"><ele>131.80926513671875</ele><time>2017-11-18T02:56:50Z</time></trkpt><trkpt lat="22.5176468" lon="114.14253009"><ele>128.3828125</ele><time>2017-11-18T02:56:53Z</time></trkpt><trkpt lat="22.51764718" lon="114.14255204"><ele>128.8984375</ele><time>2017-11-18T02:56:55Z</time></trkpt><trkpt lat="22.51764106" lon="114.14257817"><ele>129.0447998046875</ele><time>2017-11-18T02:56:57Z</time></trkpt><trkpt lat="22.51763424" lon="114.14260369"><ele>128.58441162109375</ele><time>2017-11-18T02:56:59Z</time></trkpt><trkpt lat="22.51762841" lon="114.14262684"><ele>128.85980224609375</ele><time>2017-11-18T02:57:01Z</time></trkpt><trkpt lat="22.51762102" lon="114.14264663"><ele>130.03875732421875</ele><time>2017-11-18T02:57:03Z</time></trkpt><trkpt lat="22.51761516" lon="114.14267139"><ele>128.64874267578125</ele><time>2017-11-18T02:57:06Z</time></trkpt><trkpt lat="22.51761122" lon="114.1426971"><ele>128.31536865234375</ele><time>2017-11-18T02:57:08Z</time></trkpt><trkpt lat="22.51760785" lon="114.14272822"><ele>126.54229736328125</ele><time>2017-11-18T02:57:10Z</time></trkpt><trkpt lat="22.51759965" lon="114.14276371"><ele>125.7005615234375</ele><time>2017-11-18T02:57:12Z</time></trkpt><trkpt lat="22.51758847" lon="114.14279783"><ele>126.185546875</ele><time>2017-11-18T02:57:14Z</time></trkpt><trkpt lat="22.51757855" lon="114.14282882"><ele>126.84423828125</ele><time>2017-11-18T02:57:16Z</time></trkpt><trkpt lat="22.51757131" lon="114.14286256"><ele>127.68377685546875</ele><time>2017-11-18T02:57:18Z</time></trkpt><trkpt lat="22.51756346" lon="114.14288961"><ele>126.8079833984375</ele><time>2017-11-18T02:57:20Z</time></trkpt><trkpt lat="22.51755539" lon="114.14291595"><ele>128.115478515625</ele><time>2017-11-18T02:57:22Z</time></trkpt><trkpt lat="22.51754064" lon="114.14294774"><ele>131.91259765625</ele><time>2017-11-18T02:57:24Z</time></trkpt><trkpt lat="22.51752988" lon="114.14297741"><ele>130.6807861328125</ele><time>2017-11-18T02:57:26Z</time></trkpt><trkpt lat="22.51751982" lon="114.14299998"><ele>130.4283447265625</ele><time>2017-11-18T02:57:28Z</time></trkpt><trkpt lat="22.51750761" lon="114.14301566"><ele>129.2158203125</ele><time>2017-11-18T02:57:30Z</time></trkpt><trkpt lat="22.51748724" lon="114.1430245"><ele>131.4957275390625</ele><time>2017-11-18T02:57:32Z</time></trkpt><trkpt lat="22.51747615" lon="114.14304672"><ele>130.6259765625</ele><time>2017-11-18T02:57:36Z</time></trkpt><trkpt lat="22.51747259" lon="114.14307029"><ele>130.8665771484375</ele><time>2017-11-18T02:57:38Z</time></trkpt><trkpt lat="22.5174698" lon="114.1430957"><ele>132.41650390625</ele><time>2017-11-18T02:57:40Z</time></trkpt><trkpt lat="22.51746093" lon="114.14312096"><ele>133.74017333984375</ele><time>2017-11-18T02:57:42Z</time></trkpt><trkpt lat="22.51744788" lon="114.14314956"><ele>136.3748779296875</ele><time>2017-11-18T02:57:44Z</time></trkpt><trkpt lat="22.51743578" lon="114.14317964"><ele>135.5528564453125</ele><time>2017-11-18T02:57:46Z</time></trkpt><trkpt lat="22.51742956" lon="114.14321477"><ele>136.8712158203125</ele><time>2017-11-18T02:57:48Z</time></trkpt><trkpt lat="22.51742968" lon="114.14324547"><ele>136.19305419921875</ele><time>2017-11-18T02:57:50Z</time></trkpt><trkpt lat="22.51742855" lon="114.14327709"><ele>135.305908203125</ele><time>2017-11-18T02:57:52Z</time></trkpt><trkpt lat="22.51741532" lon="114.14330325"><ele>135.9476318359375</ele><time>2017-11-18T02:57:54Z</time></trkpt><trkpt lat="22.51739955" lon="114.14331722"><ele>136.50933837890625</ele><time>2017-11-18T02:57:56Z</time></trkpt><trkpt lat="22.5173922" lon="114.14333598"><ele>135.47821044921875</ele><time>2017-11-18T02:57:59Z</time></trkpt><trkpt lat="22.5173947" lon="114.14335608"><ele>135.47265625</ele><time>2017-11-18T02:58:01Z</time></trkpt><trkpt lat="22.51738995" lon="114.14339018"><ele>135.53607177734375</ele><time>2017-11-18T02:58:03Z</time></trkpt><trkpt lat="22.51737807" lon="114.143419"><ele>137.48870849609375</ele><time>2017-11-18T02:58:05Z</time></trkpt><trkpt lat="22.51737745" lon="114.14344015"><ele>138.5299072265625</ele><time>2017-11-18T02:58:07Z</time></trkpt><trkpt lat="22.51737787" lon="114.14346439"><ele>139.98370361328125</ele><time>2017-11-18T02:58:10Z</time></trkpt><trkpt lat="22.51736981" lon="114.14348875"><ele>139.941162109375</ele><time>2017-11-18T02:58:12Z</time></trkpt><trkpt lat="22.51736858" lon="114.14351421"><ele>139.27227783203125</ele><time>2017-11-18T02:58:15Z</time></trkpt><trkpt lat="22.51737458" lon="114.14354491"><ele>138.63665771484375</ele><time>2017-11-18T02:58:17Z</time></trkpt><trkpt lat="22.51737867" lon="114.14358031"><ele>137.92022705078125</ele><time>2017-11-18T02:58:19Z</time></trkpt><trkpt lat="22.51738107" lon="114.14361228"><ele>138.32427978515625</ele><time>2017-11-18T02:58:21Z</time></trkpt><trkpt lat="22.5173828" lon="114.14363406"><ele>139.60223388671875</ele><time>2017-11-18T02:58:24Z</time></trkpt><trkpt lat="22.51738064" lon="114.14365779"><ele>141.44866943359375</ele><time>2017-11-18T02:58:27Z</time></trkpt><trkpt lat="22.51738403" lon="114.14368259"><ele>143.50244140625</ele><time>2017-11-18T02:58:31Z</time></trkpt><trkpt lat="22.517396" lon="114.14371112"><ele>143.27642822265625</ele><time>2017-11-18T02:58:33Z</time></trkpt><trkpt lat="22.51740702" lon="114.14374691"><ele>143.41595458984375</ele><time>2017-11-18T02:58:35Z</time></trkpt><trkpt lat="22.51741933" lon="114.14377419"><ele>144.34442138671875</ele><time>2017-11-18T02:58:37Z</time></trkpt><trkpt lat="22.51742698" lon="114.14379301"><ele>143.59271240234375</ele><time>2017-11-18T02:58:39Z</time></trkpt><trkpt lat="22.51743971" lon="114.14381955"><ele>146.23895263671875</ele><time>2017-11-18T02:58:41Z</time></trkpt><trkpt lat="22.51745537" lon="114.14384492"><ele>146.55010986328125</ele><time>2017-11-18T02:58:43Z</time></trkpt><trkpt lat="22.51746442" lon="114.14387322"><ele>143.924072265625</ele><time>2017-11-18T02:58:45Z</time></trkpt><trkpt lat="22.51746979" lon="114.14389968"><ele>143.3575439453125</ele><time>2017-11-18T02:58:47Z</time></trkpt><trkpt lat="22.51747454" lon="114.14392513"><ele>143.43927001953125</ele><time>2017-11-18T02:58:49Z</time></trkpt><trkpt lat="22.51747418" lon="114.14395552"><ele>144.80950927734375</ele><time>2017-11-18T02:58:52Z</time></trkpt><trkpt lat="22.51747248" lon="114.14398104"><ele>147.9979248046875</ele><time>2017-11-18T02:58:54Z</time></trkpt><trkpt lat="22.51747781" lon="114.14400838"><ele>147.380615234375</ele><time>2017-11-18T02:58:56Z</time></trkpt><trkpt lat="22.51749101" lon="114.1440313"><ele>146.665771484375</ele><time>2017-11-18T02:58:59Z</time></trkpt><trkpt lat="22.51749677" lon="114.14405186"><ele>148.37908935546875</ele><time>2017-11-18T02:59:01Z</time></trkpt><trkpt lat="22.51750954" lon="114.14406965"><ele>148.2603759765625</ele><time>2017-11-18T02:59:04Z</time></trkpt><trkpt lat="22.51752522" lon="114.14409288"><ele>148.97857666015625</ele><time>2017-11-18T02:59:08Z</time></trkpt><trkpt lat="22.51754125" lon="114.14410544"><ele>149.82220458984375</ele><time>2017-11-18T02:59:10Z</time></trkpt><trkpt lat="22.51755578" lon="114.14412043"><ele>148.001220703125</ele><time>2017-11-18T02:59:12Z</time></trkpt><trkpt lat="22.51757312" lon="114.14413445"><ele>149.69610595703125</ele><time>2017-11-18T02:59:14Z</time></trkpt><trkpt lat="22.51758769" lon="114.1441518"><ele>148.7752685546875</ele><time>2017-11-18T02:59:16Z</time></trkpt><trkpt lat="22.51760196" lon="114.14417519"><ele>150.32769775390625</ele><time>2017-11-18T02:59:18Z</time></trkpt><trkpt lat="22.51760809" lon="114.14419726"><ele>149.163818359375</ele><time>2017-11-18T02:59:20Z</time></trkpt><trkpt lat="22.51760563" lon="114.1442299"><ele>148.7467041015625</ele><time>2017-11-18T02:59:22Z</time></trkpt><trkpt lat="22.51759466" lon="114.14426085"><ele>148.1131591796875</ele><time>2017-11-18T02:59:24Z</time></trkpt><trkpt lat="22.51757123" lon="114.14428228"><ele>147.0555419921875</ele><time>2017-11-18T02:59:26Z</time></trkpt><trkpt lat="22.51754357" lon="114.1442928"><ele>145.357421875</ele><time>2017-11-18T02:59:28Z</time></trkpt><trkpt lat="22.51751099" lon="114.1442956"><ele>142.52581787109375</ele><time>2017-11-18T02:59:30Z</time></trkpt><trkpt lat="22.51747999" lon="114.14429498"><ele>140.4666748046875</ele><time>2017-11-18T02:59:32Z</time></trkpt><trkpt lat="22.51744722" lon="114.14429158"><ele>140.5780029296875</ele><time>2017-11-18T02:59:34Z</time></trkpt><trkpt lat="22.51742777" lon="114.14429186"><ele>139.80987548828125</ele><time>2017-11-18T02:59:35Z</time></trkpt><trkpt lat="22.51739734" lon="114.14429058"><ele>139.09088134765625</ele><time>2017-11-18T02:59:37Z</time></trkpt><trkpt lat="22.5173702" lon="114.14429191"><ele>138.213623046875</ele><time>2017-11-18T02:59:39Z</time></trkpt><trkpt lat="22.51734511" lon="114.14430409"><ele>137.6619873046875</ele><time>2017-11-18T02:59:41Z</time></trkpt><trkpt lat="22.51732584" lon="114.14431835"><ele>134.62109375</ele><time>2017-11-18T02:59:43Z</time></trkpt><trkpt lat="22.51730211" lon="114.14433681"><ele>135.2958984375</ele><time>2017-11-18T02:59:45Z</time></trkpt><trkpt lat="22.51727694" lon="114.14435436"><ele>134.07611083984375</ele><time>2017-11-18T02:59:47Z</time></trkpt><trkpt lat="22.51725776" lon="114.14437096"><ele>131.65118408203125</ele><time>2017-11-18T02:59:49Z</time></trkpt><trkpt lat="22.51724046" lon="114.14439393"><ele>131.35198974609375</ele><time>2017-11-18T02:59:51Z</time></trkpt><trkpt lat="22.51721817" lon="114.14441882"><ele>130.97723388671875</ele><time>2017-11-18T02:59:53Z</time></trkpt><trkpt lat="22.5171901" lon="114.14444414"><ele>129.550537109375</ele><time>2017-11-18T02:59:55Z</time></trkpt><trkpt lat="22.51717651" lon="114.14445774"><ele>129.0159912109375</ele><time>2017-11-18T02:59:56Z</time></trkpt><trkpt lat="22.51715595" lon="114.1444751"><ele>127.99713134765625</ele><time>2017-11-18T02:59:58Z</time></trkpt><trkpt lat="22.51712879" lon="114.14450023"><ele>127.78564453125</ele><time>2017-11-18T03:00:00Z</time></trkpt><trkpt lat="22.51711239" lon="114.14451561"><ele>127.84466552734375</ele><time>2017-11-18T03:00:01Z</time></trkpt><trkpt lat="22.51709855" lon="114.14452848"><ele>128.0645751953125</ele><time>2017-11-18T03:00:02Z</time></trkpt><trkpt lat="22.51707515" lon="114.1445448"><ele>127.095703125</ele><time>2017-11-18T03:00:04Z</time></trkpt><trkpt lat="22.5170545" lon="114.14455451"><ele>127.22808837890625</ele><time>2017-11-18T03:00:06Z</time></trkpt><trkpt lat="22.51703189" lon="114.14456801"><ele>126.53704833984375</ele><time>2017-11-18T03:00:08Z</time></trkpt><trkpt lat="22.51701133" lon="114.14458262"><ele>125.4715576171875</ele><time>2017-11-18T03:00:10Z</time></trkpt><trkpt lat="22.51699353" lon="114.14459469"><ele>122.5208740234375</ele><time>2017-11-18T03:00:11Z</time></trkpt><trkpt lat="22.5169762" lon="114.14460739"><ele>121.31378173828125</ele><time>2017-11-18T03:00:12Z</time></trkpt><trkpt lat="22.51695583" lon="114.14462837"><ele>117.62774658203125</ele><time>2017-11-18T03:00:14Z</time></trkpt><trkpt lat="22.51692716" lon="114.14465392"><ele>118.21099853515625</ele><time>2017-11-18T03:00:16Z</time></trkpt><trkpt lat="22.51691052" lon="114.14466695"><ele>118.47076416015625</ele><time>2017-11-18T03:00:17Z</time></trkpt><trkpt lat="22.51689063" lon="114.14468738"><ele>118.847900390625</ele><time>2017-11-18T03:00:19Z</time></trkpt><trkpt lat="22.51687014" lon="114.14471044"><ele>118.3125</ele><time>2017-11-18T03:00:21Z</time></trkpt><trkpt lat="22.51684488" lon="114.14473878"><ele>119.29852294921875</ele><time>2017-11-18T03:00:23Z</time></trkpt><trkpt lat="22.51683062" lon="114.14475285"><ele>119.2694091796875</ele><time>2017-11-18T03:00:24Z</time></trkpt><trkpt lat="22.51681616" lon="114.14476666"><ele>119.02459716796875</ele><time>2017-11-18T03:00:25Z</time></trkpt><trkpt lat="22.51680172" lon="114.14477874"><ele>117.651611328125</ele><time>2017-11-18T03:00:26Z</time></trkpt><trkpt lat="22.51677519" lon="114.14479777"><ele>114.933837890625</ele><time>2017-11-18T03:00:28Z</time></trkpt><trkpt lat="22.5167447" lon="114.14480761"><ele>117.9571533203125</ele><time>2017-11-18T03:00:30Z</time></trkpt><trkpt lat="22.5167155" lon="114.14481016"><ele>119.9656982421875</ele><time>2017-11-18T03:00:32Z</time></trkpt><trkpt lat="22.51669545" lon="114.14480812"><ele>120.69232177734375</ele><time>2017-11-18T03:00:34Z</time></trkpt><trkpt lat="22.51667507" lon="114.14481502"><ele>119.63800048828125</ele><time>2017-11-18T03:00:37Z</time></trkpt><trkpt lat="22.51665356" lon="114.14482556"><ele>115.865966796875</ele><time>2017-11-18T03:00:40Z</time></trkpt><trkpt lat="22.51662689" lon="114.14483237"><ele>116.8282470703125</ele><time>2017-11-18T03:00:42Z</time></trkpt><trkpt lat="22.51660044" lon="114.14483528"><ele>115.93560791015625</ele><time>2017-11-18T03:00:44Z</time></trkpt><trkpt lat="22.51658062" lon="114.14483908"><ele>117.30914306640625</ele><time>2017-11-18T03:00:46Z</time></trkpt><trkpt lat="22.51655834" lon="114.14484352"><ele>120.4075927734375</ele><time>2017-11-18T03:00:49Z</time></trkpt><trkpt lat="22.5165351" lon="114.14483683"><ele>122.0284423828125</ele><time>2017-11-18T03:00:51Z</time></trkpt><trkpt lat="22.51650519" lon="114.14483726"><ele>122.2149658203125</ele><time>2017-11-18T03:00:53Z</time></trkpt><trkpt lat="22.51648556" lon="114.14483322"><ele>121.04107666015625</ele><time>2017-11-18T03:00:55Z</time></trkpt><trkpt lat="22.51646752" lon="114.14482354"><ele>121.3541259765625</ele><time>2017-11-18T03:00:58Z</time></trkpt><trkpt lat="22.5164459" lon="114.1448207"><ele>121.3748779296875</ele><time>2017-11-18T03:01:00Z</time></trkpt><trkpt lat="22.51642579" lon="114.14481661"><ele>123.05328369140625</ele><time>2017-11-18T03:01:02Z</time></trkpt><trkpt lat="22.5164064" lon="114.14481609"><ele>122.59832763671875</ele><time>2017-11-18T03:01:05Z</time></trkpt><trkpt lat="22.51638754" lon="114.14481733"><ele>120.78936767578125</ele><time>2017-11-18T03:01:07Z</time></trkpt><trkpt lat="22.51636062" lon="114.14481289"><ele>121.15667724609375</ele><time>2017-11-18T03:01:09Z</time></trkpt><trkpt lat="22.51633052" lon="114.14481237"><ele>121.7042236328125</ele><time>2017-11-18T03:01:11Z</time></trkpt><trkpt lat="22.5163093" lon="114.14481483"><ele>121.76617431640625</ele><time>2017-11-18T03:01:12Z</time></trkpt><trkpt lat="22.51628828" lon="114.14481852"><ele>123.57135009765625</ele><time>2017-11-18T03:01:14Z</time></trkpt><trkpt lat="22.51626824" lon="114.14482409"><ele>124.5572509765625</ele><time>2017-11-18T03:01:16Z</time></trkpt><trkpt lat="22.51624561" lon="114.14483255"><ele>123.53240966796875</ele><time>2017-11-18T03:01:18Z</time></trkpt><trkpt lat="22.51622638" lon="114.14483489"><ele>123.9293212890625</ele><time>2017-11-18T03:01:20Z</time></trkpt><trkpt lat="22.51620349" lon="114.14483287"><ele>128.94482421875</ele><time>2017-11-18T03:01:22Z</time></trkpt><trkpt lat="22.51619326" lon="114.14481356"><ele>129.41912841796875</ele><time>2017-11-18T03:01:26Z</time></trkpt><trkpt lat="22.5161738" lon="114.1448221"><ele>129.115234375</ele><time>2017-11-18T03:01:41Z</time></trkpt><trkpt lat="22.51615286" lon="114.1448409"><ele>128.94171142578125</ele><time>2017-11-18T03:01:43Z</time></trkpt><trkpt lat="22.51612559" lon="114.14485439"><ele>127.87591552734375</ele><time>2017-11-18T03:01:45Z</time></trkpt><trkpt lat="22.51609908" lon="114.14487212"><ele>127.1396484375</ele><time>2017-11-18T03:01:47Z</time></trkpt><trkpt lat="22.51607216" lon="114.14488934"><ele>125.9329833984375</ele><time>2017-11-18T03:01:49Z</time></trkpt><trkpt lat="22.5160424" lon="114.14490506"><ele>125.69537353515625</ele><time>2017-11-18T03:01:51Z</time></trkpt><trkpt lat="22.51601637" lon="114.14491244"><ele>122.9483642578125</ele><time>2017-11-18T03:01:53Z</time></trkpt><trkpt lat="22.51598941" lon="114.14491568"><ele>122.6290283203125</ele><time>2017-11-18T03:01:55Z</time></trkpt><trkpt lat="22.51597305" lon="114.14492567"><ele>122.46661376953125</ele><time>2017-11-18T03:01:58Z</time></trkpt><trkpt lat="22.51595865" lon="114.14493997"><ele>122.27301025390625</ele><time>2017-11-18T03:02:08Z</time></trkpt><trkpt lat="22.51593702" lon="114.14496295"><ele>120.66644287109375</ele><time>2017-11-18T03:02:10Z</time></trkpt><trkpt lat="22.51591936" lon="114.14498339"><ele>120.8948974609375</ele><time>2017-11-18T03:02:12Z</time></trkpt><trkpt lat="22.51590729" lon="114.14500047"><ele>119.62567138671875</ele><time>2017-11-18T03:02:14Z</time></trkpt><trkpt lat="22.51589534" lon="114.1450207"><ele>118.9765625</ele><time>2017-11-18T03:02:16Z</time></trkpt><trkpt lat="22.51588774" lon="114.1450426"><ele>120.33148193359375</ele><time>2017-11-18T03:02:18Z</time></trkpt><trkpt lat="22.51587586" lon="114.14506114"><ele>122.70074462890625</ele><time>2017-11-18T03:02:20Z</time></trkpt><trkpt lat="22.51586155" lon="114.14507526"><ele>121.9537353515625</ele><time>2017-11-18T03:02:22Z</time></trkpt><trkpt lat="22.51584348" lon="114.14508978"><ele>122.70953369140625</ele><time>2017-11-18T03:02:24Z</time></trkpt><trkpt lat="22.51581984" lon="114.14510351"><ele>122.1004638671875</ele><time>2017-11-18T03:02:26Z</time></trkpt><trkpt lat="22.51580351" lon="114.14511381"><ele>122.170654296875</ele><time>2017-11-18T03:02:28Z</time></trkpt><trkpt lat="22.51578663" lon="114.14512716"><ele>122.53106689453125</ele><time>2017-11-18T03:02:30Z</time></trkpt><trkpt lat="22.51576924" lon="114.1451415"><ele>126.17425537109375</ele><time>2017-11-18T03:02:33Z</time></trkpt><trkpt lat="22.51574911" lon="114.1451587"><ele>126.27880859375</ele><time>2017-11-18T03:02:36Z</time></trkpt><trkpt lat="22.51572902" lon="114.14517083"><ele>127.5128173828125</ele><time>2017-11-18T03:02:39Z</time></trkpt><trkpt lat="22.5157195" lon="114.14518981"><ele>128.517333984375</ele><time>2017-11-18T03:02:44Z</time></trkpt><trkpt lat="22.51570997" lon="114.14521411"><ele>129.90234375</ele><time>2017-11-18T03:02:47Z</time></trkpt><trkpt lat="22.51569916" lon="114.14523456"><ele>130.93768310546875</ele><time>2017-11-18T03:02:50Z</time></trkpt><trkpt lat="22.51568526" lon="114.14525197"><ele>132.72064208984375</ele><time>2017-11-18T03:02:56Z</time></trkpt><trkpt lat="22.51567544" lon="114.14526827"><ele>131.32159423828125</ele><time>2017-11-18T03:02:59Z</time></trkpt><trkpt lat="22.51566633" lon="114.14528668"><ele>130.9046630859375</ele><time>2017-11-18T03:03:02Z</time></trkpt><trkpt lat="22.51565253" lon="114.14530082"><ele>130.7100830078125</ele><time>2017-11-18T03:03:06Z</time></trkpt><trkpt lat="22.51563947" lon="114.14532316"><ele>128.92852783203125</ele><time>2017-11-18T03:03:10Z</time></trkpt><trkpt lat="22.51563584" lon="114.1453483"><ele>128.3299560546875</ele><time>2017-11-18T03:03:13Z</time></trkpt><trkpt lat="22.51562856" lon="114.14537263"><ele>128.60723876953125</ele><time>2017-11-18T03:03:16Z</time></trkpt><trkpt lat="22.51562151" lon="114.14539813"><ele>129.6119384765625</ele><time>2017-11-18T03:03:19Z</time></trkpt><trkpt lat="22.5156075" lon="114.1454105"><ele>132.740478515625</ele><time>2017-11-18T03:03:23Z</time></trkpt><trkpt lat="22.51559525" lon="114.14542641"><ele>132.4237060546875</ele><time>2017-11-18T03:03:27Z</time></trkpt><trkpt lat="22.51557783" lon="114.14544198"><ele>135.2900390625</ele><time>2017-11-18T03:03:30Z</time></trkpt><trkpt lat="22.51556222" lon="114.14545759"><ele>132.678466796875</ele><time>2017-11-18T03:03:33Z</time></trkpt><trkpt lat="22.51554928" lon="114.14547753"><ele>135.08154296875</ele><time>2017-11-18T03:03:36Z</time></trkpt><trkpt lat="22.51553196" lon="114.14549123"><ele>137.23760986328125</ele><time>2017-11-18T03:03:39Z</time></trkpt><trkpt lat="22.51552032" lon="114.14551138"><ele>136.6361083984375</ele><time>2017-11-18T03:03:42Z</time></trkpt><trkpt lat="22.51550869" lon="114.14553017"><ele>136.416748046875</ele><time>2017-11-18T03:03:44Z</time></trkpt><trkpt lat="22.51549228" lon="114.14555316"><ele>137.2052001953125</ele><time>2017-11-18T03:03:47Z</time></trkpt><trkpt lat="22.51547512" lon="114.14557581"><ele>138.45074462890625</ele><time>2017-11-18T03:03:49Z</time></trkpt><trkpt lat="22.51546247" lon="114.14559329"><ele>141.187744140625</ele><time>2017-11-18T03:03:51Z</time></trkpt><trkpt lat="22.51544807" lon="114.14561817"><ele>139.88800048828125</ele><time>2017-11-18T03:03:54Z</time></trkpt><trkpt lat="22.51543187" lon="114.14563776"><ele>139.1968994140625</ele><time>2017-11-18T03:03:56Z</time></trkpt><trkpt lat="22.51541307" lon="114.14565689"><ele>138.90679931640625</ele><time>2017-11-18T03:03:58Z</time></trkpt><trkpt lat="22.51540057" lon="114.14567594"><ele>139.157958984375</ele><time>2017-11-18T03:04:01Z</time></trkpt><trkpt lat="22.51538451" lon="114.14569451"><ele>139.036376953125</ele><time>2017-11-18T03:04:03Z</time></trkpt><trkpt lat="22.51536177" lon="114.14571399"><ele>140.91876220703125</ele><time>2017-11-18T03:04:05Z</time></trkpt><trkpt lat="22.51534179" lon="114.14573597"><ele>141.36773681640625</ele><time>2017-11-18T03:04:08Z</time></trkpt><trkpt lat="22.51532528" lon="114.14575296"><ele>141.798095703125</ele><time>2017-11-18T03:04:10Z</time></trkpt><trkpt lat="22.5153085" lon="114.14576789"><ele>142.608642578125</ele><time>2017-11-18T03:04:13Z</time></trkpt><trkpt lat="22.51529197" lon="114.14578621"><ele>142.5318603515625</ele><time>2017-11-18T03:04:15Z</time></trkpt><trkpt lat="22.51527367" lon="114.14580401"><ele>142.55255126953125</ele><time>2017-11-18T03:04:17Z</time></trkpt><trkpt lat="22.51525679" lon="114.14581576"><ele>141.55621337890625</ele><time>2017-11-18T03:04:19Z</time></trkpt><trkpt lat="22.51524086" lon="114.14583057"><ele>141.01995849609375</ele><time>2017-11-18T03:04:21Z</time></trkpt><trkpt lat="22.51522365" lon="114.14584655"><ele>141.85638427734375</ele><time>2017-11-18T03:04:23Z</time></trkpt><trkpt lat="22.51520879" lon="114.14586152"><ele>144.70062255859375</ele><time>2017-11-18T03:04:25Z</time></trkpt><trkpt lat="22.51519485" lon="114.14587872"><ele>142.987060546875</ele><time>2017-11-18T03:04:27Z</time></trkpt><trkpt lat="22.5151802" lon="114.14590262"><ele>142.447509765625</ele><time>2017-11-18T03:04:30Z</time></trkpt><trkpt lat="22.51516983" lon="114.14592397"><ele>141.8399658203125</ele><time>2017-11-18T03:04:32Z</time></trkpt><trkpt lat="22.51515839" lon="114.14594659"><ele>140.3201904296875</ele><time>2017-11-18T03:04:34Z</time></trkpt><trkpt lat="22.51514686" lon="114.14596913"><ele>142.6197509765625</ele><time>2017-11-18T03:04:36Z</time></trkpt><trkpt lat="22.51513923" lon="114.1459879"><ele>144.31060791015625</ele><time>2017-11-18T03:04:38Z</time></trkpt><trkpt lat="22.5151267" lon="114.14600511"><ele>144.2479248046875</ele><time>2017-11-18T03:04:40Z</time></trkpt><trkpt lat="22.51511343" lon="114.14602486"><ele>144.04815673828125</ele><time>2017-11-18T03:04:42Z</time></trkpt><trkpt lat="22.51509944" lon="114.14603775"><ele>147.977783203125</ele><time>2017-11-18T03:04:56Z</time></trkpt><trkpt lat="22.51507923" lon="114.14603892"><ele>149.14569091796875</ele><time>2017-11-18T03:05:00Z</time></trkpt><trkpt lat="22.51506847" lon="114.14605796"><ele>150.281005859375</ele><time>2017-11-18T03:05:02Z</time></trkpt><trkpt lat="22.51505351" lon="114.14607023"><ele>150.7989501953125</ele><time>2017-11-18T03:05:06Z</time></trkpt><trkpt lat="22.51503528" lon="114.1460597"><ele>151.7130126953125</ele><time>2017-11-18T03:05:10Z</time></trkpt><trkpt lat="22.51501129" lon="114.1460553"><ele>153.4952392578125</ele><time>2017-11-18T03:05:14Z</time></trkpt><trkpt lat="22.51499208" lon="114.14605673"><ele>152.7701416015625</ele><time>2017-11-18T03:05:16Z</time></trkpt><trkpt lat="22.51496647" lon="114.14606049"><ele>153.51123046875</ele><time>2017-11-18T03:05:19Z</time></trkpt><trkpt lat="22.51494677" lon="114.14605774"><ele>154.3681640625</ele><time>2017-11-18T03:05:23Z</time></trkpt><trkpt lat="22.51491893" lon="114.14606069"><ele>154.2115478515625</ele><time>2017-11-18T03:05:30Z</time></trkpt><trkpt lat="22.51489283" lon="114.14605701"><ele>158.0147705078125</ele><time>2017-11-18T03:05:33Z</time></trkpt><trkpt lat="22.51487171" lon="114.14605363"><ele>158.208984375</ele><time>2017-11-18T03:05:35Z</time></trkpt><trkpt lat="22.51484908" lon="114.14605122"><ele>160.226806640625</ele><time>2017-11-18T03:05:38Z</time></trkpt><trkpt lat="22.51482519" lon="114.14605634"><ele>161.3568115234375</ele><time>2017-11-18T03:05:42Z</time></trkpt><trkpt lat="22.51480022" lon="114.14606449"><ele>160.675537109375</ele><time>2017-11-18T03:05:45Z</time></trkpt><trkpt lat="22.51478049" lon="114.14607048"><ele>163.3642578125</ele><time>2017-11-18T03:05:47Z</time></trkpt><trkpt lat="22.51475716" lon="114.14608465"><ele>163.93719482421875</ele><time>2017-11-18T03:05:50Z</time></trkpt><trkpt lat="22.51476152" lon="114.14611009"><ele>163.64044189453125</ele><time>2017-11-18T03:05:53Z</time></trkpt><trkpt lat="22.51477171" lon="114.14612802"><ele>163.4423828125</ele><time>2017-11-18T03:05:55Z</time></trkpt><trkpt lat="22.51479004" lon="114.14614874"><ele>164.5970458984375</ele><time>2017-11-18T03:05:58Z</time></trkpt><trkpt lat="22.51480772" lon="114.14615264"><ele>164.31915283203125</ele><time>2017-11-18T03:06:09Z</time></trkpt><trkpt lat="22.51478551" lon="114.14615512"><ele>170.04180908203125</ele><time>2017-11-18T03:07:01Z</time></trkpt><trkpt lat="22.51477092" lon="114.14614185"><ele>168.53045654296875</ele><time>2017-11-18T03:07:57Z</time></trkpt><trkpt lat="22.51476827" lon="114.14611966"><ele>166.43731689453125</ele><time>2017-11-18T03:08:22Z</time></trkpt><trkpt lat="22.51475053" lon="114.14610803"><ele>165.39971923828125</ele><time>2017-11-18T03:08:33Z</time></trkpt><trkpt lat="22.5147648" lon="114.14612094"><ele>163.0203857421875</ele><time>2017-11-18T03:08:47Z</time></trkpt><trkpt lat="22.51476717" lon="114.14614141"><ele>164.09619140625</ele><time>2017-11-18T03:09:05Z</time></trkpt><trkpt lat="22.51478538" lon="114.14614449"><ele>164.77471923828125</ele><time>2017-11-18T03:09:08Z</time></trkpt><trkpt lat="22.51478427" lon="114.14612116"><ele>165.40765380859375</ele><time>2017-11-18T03:09:38Z</time></trkpt><trkpt lat="22.51479991" lon="114.14613249"><ele>163.21954345703125</ele><time>2017-11-18T03:09:43Z</time></trkpt><trkpt lat="22.51480252" lon="114.14615207"><ele>164.35626220703125</ele><time>2017-11-18T03:10:55Z</time></trkpt><trkpt lat="22.51481732" lon="114.14616366"><ele>165.98431396484375</ele><time>2017-11-18T03:11:20Z</time></trkpt><trkpt lat="22.51480768" lon="114.14614715"><ele>167.1318359375</ele><time>2017-11-18T03:11:57Z</time></trkpt><trkpt lat="22.51481809" lon="114.14616876"><ele>161.9364013671875</ele><time>2017-11-18T03:19:03Z</time></trkpt><trkpt lat="22.514821" lon="114.14614889"><ele>163.82220458984375</ele><time>2017-11-18T03:19:47Z</time></trkpt><trkpt lat="22.51480251" lon="114.14615594"><ele>167.217041015625</ele><time>2017-11-18T03:20:11Z</time></trkpt><trkpt lat="22.51482431" lon="114.14615292"><ele>168.42218017578125</ele><time>2017-11-18T03:21:05Z</time></trkpt><trkpt lat="22.51483424" lon="114.14613427"><ele>168.8106689453125</ele><time>2017-11-18T03:21:13Z</time></trkpt><trkpt lat="22.51482487" lon="114.14615264"><ele>165.135986328125</ele><time>2017-11-18T03:23:19Z</time></trkpt><trkpt lat="22.51482034" lon="114.14617631"><ele>168.94342041015625</ele><time>2017-11-18T03:25:21Z</time></trkpt><trkpt lat="22.51482193" lon="114.14615655"><ele>172.3709716796875</ele><time>2017-11-18T03:26:07Z</time></trkpt><trkpt lat="22.51482679" lon="114.14613709"><ele>167.34222412109375</ele><time>2017-11-18T03:27:28Z</time></trkpt><trkpt lat="22.51483918" lon="114.14615847"><ele>166.390625</ele><time>2017-11-18T03:27:45Z</time></trkpt><trkpt lat="22.51482076" lon="114.14615652"><ele>165.00311279296875</ele><time>2017-11-18T03:28:05Z</time></trkpt><trkpt lat="22.51480473" lon="114.14616664"><ele>165.66058349609375</ele><time>2017-11-18T03:28:16Z</time></trkpt><trkpt lat="22.51478613" lon="114.14617441"><ele>168.3883056640625</ele><time>2017-11-18T03:29:08Z</time></trkpt><trkpt lat="22.51480064" lon="114.14615902"><ele>169.60003662109375</ele><time>2017-11-18T03:29:34Z</time></trkpt><trkpt lat="22.51481658" lon="114.14614563"><ele>168.66162109375</ele><time>2017-11-18T03:29:41Z</time></trkpt><trkpt lat="22.51483364" lon="114.14615186"><ele>167.2821044921875</ele><time>2017-11-18T03:30:32Z</time></trkpt><trkpt lat="22.5148165" lon="114.14615871"><ele>167.30133056640625</ele><time>2017-11-18T03:30:45Z</time></trkpt><trkpt lat="22.5148039" lon="114.14614312"><ele>169.9256591796875</ele><time>2017-11-18T03:31:34Z</time></trkpt><trkpt lat="22.51479745" lon="114.14612453"><ele>165.83489990234375</ele><time>2017-11-18T03:32:17Z</time></trkpt><trkpt lat="22.51480745" lon="114.14614387"><ele>164.85272216796875</ele><time>2017-11-18T03:32:36Z</time></trkpt><trkpt lat="22.51480987" lon="114.14612316"><ele>166.3782958984375</ele><time>2017-11-18T03:32:54Z</time></trkpt><trkpt lat="22.51482472" lon="114.14611083"><ele>166.1954345703125</ele><time>2017-11-18T03:32:57Z</time></trkpt><trkpt lat="22.51481663" lon="114.14612824"><ele>165.14215087890625</ele><time>2017-11-18T03:33:08Z</time></trkpt><trkpt lat="22.51480774" lon="114.14614611"><ele>168.671142578125</ele><time>2017-11-18T03:33:49Z</time></trkpt><trkpt lat="22.51479459" lon="114.14616027"><ele>169.3760986328125</ele><time>2017-11-18T03:34:08Z</time></trkpt><trkpt lat="22.51480086" lon="114.14614066"><ele>168.24798583984375</ele><time>2017-11-18T03:34:21Z</time></trkpt><trkpt lat="22.51478302" lon="114.1461316"><ele>166.6424560546875</ele><time>2017-11-18T03:35:12Z</time></trkpt><trkpt lat="22.51478934" lon="114.14615079"><ele>168.0867919921875</ele><time>2017-11-18T03:35:17Z</time></trkpt><trkpt lat="22.51477867" lon="114.14616663"><ele>167.8702392578125</ele><time>2017-11-18T03:35:35Z</time></trkpt><trkpt lat="22.51479769" lon="114.1461563"><ele>167.51776123046875</ele><time>2017-11-18T03:36:00Z</time></trkpt><trkpt lat="22.51481998" lon="114.14615985"><ele>163.97894287109375</ele><time>2017-11-18T03:36:22Z</time></trkpt><trkpt lat="22.5148348" lon="114.14614747"><ele>164.69622802734375</ele><time>2017-11-18T03:36:29Z</time></trkpt><trkpt lat="22.51481774" lon="114.14614011"><ele>166.78131103515625</ele><time>2017-11-18T03:37:07Z</time></trkpt><trkpt lat="22.51482041" lon="114.14615965"><ele>165.52130126953125</ele><time>2017-11-18T03:37:43Z</time></trkpt><trkpt lat="22.51479901" lon="114.14616083"><ele>170.147705078125</ele><time>2017-11-18T03:38:22Z</time></trkpt><trkpt lat="22.51481688" lon="114.14616307"><ele>167.1807861328125</ele><time>2017-11-18T03:38:37Z</time></trkpt><trkpt lat="22.51480052" lon="114.14615104"><ele>164.4451904296875</ele><time>2017-11-18T03:42:01Z</time></trkpt><trkpt lat="22.51478807" lon="114.14612965"><ele>163.9930419921875</ele><time>2017-11-18T03:42:03Z</time></trkpt><trkpt lat="22.51478483" lon="114.14610886"><ele>163.75</ele><time>2017-11-18T03:42:07Z</time></trkpt><trkpt lat="22.51475981" lon="114.14609778"><ele>166.6341552734375</ele><time>2017-11-18T03:42:12Z</time></trkpt><trkpt lat="22.51474283" lon="114.14608394"><ele>165.5521240234375</ele><time>2017-11-18T03:42:14Z</time></trkpt><trkpt lat="22.5147332" lon="114.1460646"><ele>164.2894287109375</ele><time>2017-11-18T03:42:17Z</time></trkpt><trkpt lat="22.5147315" lon="114.1460406"><ele>163.8116455078125</ele><time>2017-11-18T03:42:20Z</time></trkpt><trkpt lat="22.51473388" lon="114.14601908"><ele>163.17584228515625</ele><time>2017-11-18T03:42:55Z</time></trkpt><trkpt lat="22.51471598" lon="114.1460248"><ele>164.53192138671875</ele><time>2017-11-18T03:43:06Z</time></trkpt><trkpt lat="22.51473625" lon="114.14602634"><ele>158.95849609375</ele><time>2017-11-18T03:43:29Z</time></trkpt><trkpt lat="22.51475174" lon="114.14601533"><ele>159.4718017578125</ele><time>2017-11-18T03:43:32Z</time></trkpt><trkpt lat="22.51475834" lon="114.14599289"><ele>160.40234375</ele><time>2017-11-18T03:44:09Z</time></trkpt><trkpt lat="22.5147775" lon="114.14598145"><ele>159.9691162109375</ele><time>2017-11-18T03:44:15Z</time></trkpt><trkpt lat="22.5147966" lon="114.14598498"><ele>159.473388671875</ele><time>2017-11-18T03:44:17Z</time></trkpt><trkpt lat="22.51480522" lon="114.14600391"><ele>162.1153564453125</ele><time>2017-11-18T03:44:20Z</time></trkpt><trkpt lat="22.51480023" lon="114.14603242"><ele>162.58599853515625</ele><time>2017-11-18T03:44:22Z</time></trkpt><trkpt lat="22.51479093" lon="114.14605017"><ele>163.133544921875</ele><time>2017-11-18T03:44:24Z</time></trkpt><trkpt lat="22.51479577" lon="114.14607149"><ele>163.92010498046875</ele><time>2017-11-18T03:44:27Z</time></trkpt><trkpt lat="22.51480861" lon="114.14609085"><ele>165.07647705078125</ele><time>2017-11-18T03:44:29Z</time></trkpt><trkpt lat="22.51481017" lon="114.14611107"><ele>165.62921142578125</ele><time>2017-11-18T03:44:31Z</time></trkpt><trkpt lat="22.51479371" lon="114.14612733"><ele>167.39923095703125</ele><time>2017-11-18T03:44:33Z</time></trkpt><trkpt lat="22.51477373" lon="114.1461279"><ele>166.9178466796875</ele><time>2017-11-18T03:44:41Z</time></trkpt><trkpt lat="22.51475394" lon="114.14611907"><ele>161.219482421875</ele><time>2017-11-18T03:44:52Z</time></trkpt><trkpt lat="22.51473932" lon="114.14609027"><ele>160.90203857421875</ele><time>2017-11-18T03:44:54Z</time></trkpt><trkpt lat="22.51474401" lon="114.14605845"><ele>160.31170654296875</ele><time>2017-11-18T03:44:56Z</time></trkpt><trkpt lat="22.51476476" lon="114.14604723"><ele>159.86273193359375</ele><time>2017-11-18T03:44:58Z</time></trkpt><trkpt lat="22.5147841" lon="114.14605947"><ele>160.29156494140625</ele><time>2017-11-18T03:45:00Z</time></trkpt><trkpt lat="22.51480256" lon="114.14606069"><ele>160.78399658203125</ele><time>2017-11-18T03:45:02Z</time></trkpt><trkpt lat="22.51482173" lon="114.14606484"><ele>160.72235107421875</ele><time>2017-11-18T03:45:05Z</time></trkpt><trkpt lat="22.51484505" lon="114.14606972"><ele>161.1092529296875</ele><time>2017-11-18T03:45:10Z</time></trkpt><trkpt lat="22.51486363" lon="114.14607497"><ele>161.29949951171875</ele><time>2017-11-18T03:45:12Z</time></trkpt><trkpt lat="22.51488166" lon="114.14607666"><ele>160.8013916015625</ele><time>2017-11-18T03:45:14Z</time></trkpt><trkpt lat="22.51489974" lon="114.14607204"><ele>161.28271484375</ele><time>2017-11-18T03:45:18Z</time></trkpt><trkpt lat="22.5149219" lon="114.14606111"><ele>161.09771728515625</ele><time>2017-11-18T03:45:21Z</time></trkpt><trkpt lat="22.51494091" lon="114.14604907"><ele>159.351806640625</ele><time>2017-11-18T03:45:25Z</time></trkpt><trkpt lat="22.51496423" lon="114.14604528"><ele>163.099853515625</ele><time>2017-11-18T03:45:31Z</time></trkpt><trkpt lat="22.51498264" lon="114.14604206"><ele>160.51263427734375</ele><time>2017-11-18T03:45:33Z</time></trkpt><trkpt lat="22.51500208" lon="114.1460435"><ele>160.4683837890625</ele><time>2017-11-18T03:45:35Z</time></trkpt><trkpt lat="22.51502278" lon="114.14605086"><ele>156.83343505859375</ele><time>2017-11-18T03:45:37Z</time></trkpt><trkpt lat="22.51504615" lon="114.14604413"><ele>155.2015380859375</ele><time>2017-11-18T03:45:40Z</time></trkpt><trkpt lat="22.51506407" lon="114.14602437"><ele>155.4036865234375</ele><time>2017-11-18T03:45:44Z</time></trkpt><trkpt lat="22.51507852" lon="114.14601082"><ele>155.990966796875</ele><time>2017-11-18T03:45:46Z</time></trkpt><trkpt lat="22.51510048" lon="114.14601418"><ele>154.817138671875</ele><time>2017-11-18T03:45:49Z</time></trkpt><trkpt lat="22.51511448" lon="114.14603946"><ele>154.4576416015625</ele><time>2017-11-18T03:45:51Z</time></trkpt><trkpt lat="22.51511324" lon="114.14607153"><ele>159.13720703125</ele><time>2017-11-18T03:45:53Z</time></trkpt><trkpt lat="22.51510896" lon="114.14609528"><ele>158.0087890625</ele><time>2017-11-18T03:46:00Z</time></trkpt><trkpt lat="22.5151026" lon="114.14611984"><ele>157.38482666015625</ele><time>2017-11-18T03:46:03Z</time></trkpt><trkpt lat="22.51508946" lon="114.14614283"><ele>158.5794677734375</ele><time>2017-11-18T03:46:05Z</time></trkpt><trkpt lat="22.51508666" lon="114.14616249"><ele>155.8914794921875</ele><time>2017-11-18T03:46:08Z</time></trkpt><trkpt lat="22.51508652" lon="114.14618617"><ele>153.4097900390625</ele><time>2017-11-18T03:46:11Z</time></trkpt><trkpt lat="22.51508911" lon="114.14621447"><ele>153.5244140625</ele><time>2017-11-18T03:46:14Z</time></trkpt><trkpt lat="22.51508436" lon="114.14624834"><ele>154.5465087890625</ele><time>2017-11-18T03:46:16Z</time></trkpt><trkpt lat="22.51507353" lon="114.14626988"><ele>153.56060791015625</ele><time>2017-11-18T03:46:18Z</time></trkpt><trkpt lat="22.51506112" lon="114.14628997"><ele>153.99908447265625</ele><time>2017-11-18T03:46:20Z</time></trkpt><trkpt lat="22.51505044" lon="114.14630975"><ele>152.31512451171875</ele><time>2017-11-18T03:46:22Z</time></trkpt><trkpt lat="22.51503181" lon="114.14632673"><ele>152.152099609375</ele><time>2017-11-18T03:46:24Z</time></trkpt><trkpt lat="22.5150179" lon="114.14634691"><ele>151.6724853515625</ele><time>2017-11-18T03:46:27Z</time></trkpt><trkpt lat="22.5150055" lon="114.14637426"><ele>150.6793212890625</ele><time>2017-11-18T03:46:30Z</time></trkpt><trkpt lat="22.51498687" lon="114.14639664"><ele>147.2049560546875</ele><time>2017-11-18T03:46:32Z</time></trkpt><trkpt lat="22.51496819" lon="114.1464138"><ele>147.35833740234375</ele><time>2017-11-18T03:46:34Z</time></trkpt><trkpt lat="22.51495493" lon="114.14643434"><ele>145.885498046875</ele><time>2017-11-18T03:46:38Z</time></trkpt><trkpt lat="22.51494311" lon="114.14645119"><ele>144.1895751953125</ele><time>2017-11-18T03:46:40Z</time></trkpt><trkpt lat="22.51492975" lon="114.14646815"><ele>143.5594482421875</ele><time>2017-11-18T03:46:42Z</time></trkpt><trkpt lat="22.51491576" lon="114.14649421"><ele>142.45928955078125</ele><time>2017-11-18T03:46:44Z</time></trkpt><trkpt lat="22.51490121" lon="114.1465213"><ele>141.2984619140625</ele><time>2017-11-18T03:46:46Z</time></trkpt><trkpt lat="22.51487525" lon="114.14653704"><ele>143.05291748046875</ele><time>2017-11-18T03:46:48Z</time></trkpt><trkpt lat="22.51484758" lon="114.14654897"><ele>146.2174072265625</ele><time>2017-11-18T03:46:50Z</time></trkpt><trkpt lat="22.51483178" lon="114.14656801"><ele>143.20361328125</ele><time>2017-11-18T03:46:52Z</time></trkpt><trkpt lat="22.51481484" lon="114.14657926"><ele>142.61663818359375</ele><time>2017-11-18T03:46:54Z</time></trkpt><trkpt lat="22.51480503" lon="114.14659763"><ele>143.02117919921875</ele><time>2017-11-18T03:46:56Z</time></trkpt><trkpt lat="22.51479321" lon="114.14662441"><ele>143.4166259765625</ele><time>2017-11-18T03:46:59Z</time></trkpt><trkpt lat="22.51479478" lon="114.1466498"><ele>140.94476318359375</ele><time>2017-11-18T03:47:01Z</time></trkpt><trkpt lat="22.5148054" lon="114.14666927"><ele>141.6470947265625</ele><time>2017-11-18T03:47:06Z</time></trkpt><trkpt lat="22.5148053" lon="114.1466948"><ele>140.9945068359375</ele><time>2017-11-18T03:47:12Z</time></trkpt><trkpt lat="22.51480437" lon="114.14671472"><ele>141.519287109375</ele><time>2017-11-18T03:47:14Z</time></trkpt><trkpt lat="22.51480474" lon="114.14673943"><ele>139.57745361328125</ele><time>2017-11-18T03:47:16Z</time></trkpt><trkpt lat="22.5148022" lon="114.14676593"><ele>139.7200927734375</ele><time>2017-11-18T03:47:18Z</time></trkpt><trkpt lat="22.51480077" lon="114.14679007"><ele>138.8760986328125</ele><time>2017-11-18T03:47:20Z</time></trkpt><trkpt lat="22.51480125" lon="114.14680987"><ele>136.571533203125</ele><time>2017-11-18T03:47:22Z</time></trkpt><trkpt lat="22.51480102" lon="114.14683414"><ele>136.206298828125</ele><time>2017-11-18T03:47:24Z</time></trkpt><trkpt lat="22.51479973" lon="114.14686352"><ele>138.515869140625</ele><time>2017-11-18T03:47:26Z</time></trkpt><trkpt lat="22.51480556" lon="114.14689181"><ele>136.7862548828125</ele><time>2017-11-18T03:47:28Z</time></trkpt><trkpt lat="22.51480722" lon="114.1469189"><ele>135.46136474609375</ele><time>2017-11-18T03:47:30Z</time></trkpt><trkpt lat="22.51481524" lon="114.14694662"><ele>136.456787109375</ele><time>2017-11-18T03:47:32Z</time></trkpt><trkpt lat="22.51482524" lon="114.14697029"><ele>137.90313720703125</ele><time>2017-11-18T03:47:34Z</time></trkpt><trkpt lat="22.51483631" lon="114.14699903"><ele>138.13720703125</ele><time>2017-11-18T03:47:36Z</time></trkpt><trkpt lat="22.51484426" lon="114.14703104"><ele>137.83563232421875</ele><time>2017-11-18T03:47:38Z</time></trkpt><trkpt lat="22.51484307" lon="114.14706824"><ele>137.30908203125</ele><time>2017-11-18T03:47:40Z</time></trkpt><trkpt lat="22.51483997" lon="114.14708808"><ele>135.780517578125</ele><time>2017-11-18T03:47:41Z</time></trkpt><trkpt lat="22.51482761" lon="114.14711921"><ele>135.12939453125</ele><time>2017-11-18T03:47:43Z</time></trkpt><trkpt lat="22.51481558" lon="114.14714474"><ele>132.63067626953125</ele><time>2017-11-18T03:47:45Z</time></trkpt><trkpt lat="22.51481985" lon="114.1471836"><ele>135.2249755859375</ele><time>2017-11-18T03:47:47Z</time></trkpt><trkpt lat="22.51482119" lon="114.14720471"><ele>134.312744140625</ele><time>2017-11-18T03:47:48Z</time></trkpt><trkpt lat="22.51481403" lon="114.1472358"><ele>132.71240234375</ele><time>2017-11-18T03:47:50Z</time></trkpt><trkpt lat="22.51480976" lon="114.14725561"><ele>131.52496337890625</ele><time>2017-11-18T03:47:54Z</time></trkpt><trkpt lat="22.51480904" lon="114.14728269"><ele>128.4072265625</ele><time>2017-11-18T03:47:57Z</time></trkpt><trkpt lat="22.51480936" lon="114.14731103"><ele>128.90643310546875</ele><time>2017-11-18T03:47:59Z</time></trkpt><trkpt lat="22.51481192" lon="114.14733826"><ele>128.64007568359375</ele><time>2017-11-18T03:48:01Z</time></trkpt><trkpt lat="22.51482351" lon="114.14736777"><ele>127.4130859375</ele><time>2017-11-18T03:48:03Z</time></trkpt><trkpt lat="22.51483962" lon="114.14740086"><ele>127.684814453125</ele><time>2017-11-18T03:48:05Z</time></trkpt><trkpt lat="22.51485847" lon="114.14743181"><ele>128.23785400390625</ele><time>2017-11-18T03:48:07Z</time></trkpt><trkpt lat="22.51486796" lon="114.14746021"><ele>128.4075927734375</ele><time>2017-11-18T03:48:09Z</time></trkpt><trkpt lat="22.51488094" lon="114.14749182"><ele>128.86676025390625</ele><time>2017-11-18T03:48:11Z</time></trkpt><trkpt lat="22.51489624" lon="114.14751881"><ele>127.4365234375</ele><time>2017-11-18T03:48:13Z</time></trkpt><trkpt lat="22.51491768" lon="114.1475447"><ele>128.407958984375</ele><time>2017-11-18T03:48:15Z</time></trkpt><trkpt lat="22.51493927" lon="114.14756888"><ele>127.69635009765625</ele><time>2017-11-18T03:48:17Z</time></trkpt><trkpt lat="22.51495785" lon="114.1475945"><ele>126.14691162109375</ele><time>2017-11-18T03:48:19Z</time></trkpt><trkpt lat="22.5149723" lon="114.14761641"><ele>125.63104248046875</ele><time>2017-11-18T03:48:21Z</time></trkpt><trkpt lat="22.51498241" lon="114.14763308"><ele>124.875</ele><time>2017-11-18T03:48:23Z</time></trkpt><trkpt lat="22.51499418" lon="114.14765301"><ele>125.4117431640625</ele><time>2017-11-18T03:48:25Z</time></trkpt><trkpt lat="22.5150071" lon="114.1476737"><ele>124.56439208984375</ele><time>2017-11-18T03:48:27Z</time></trkpt><trkpt lat="22.51502165" lon="114.1477004"><ele>125.48577880859375</ele><time>2017-11-18T03:48:30Z</time></trkpt><trkpt lat="22.51502774" lon="114.14772042"><ele>125.5843505859375</ele><time>2017-11-18T03:48:32Z</time></trkpt><trkpt lat="22.51503315" lon="114.1477422"><ele>125.53375244140625</ele><time>2017-11-18T03:48:35Z</time></trkpt><trkpt lat="22.51503834" lon="114.14776809"><ele>126.265380859375</ele><time>2017-11-18T03:48:38Z</time></trkpt><trkpt lat="22.51504279" lon="114.14778852"><ele>125.48345947265625</ele><time>2017-11-18T03:48:40Z</time></trkpt><trkpt lat="22.51504426" lon="114.1478098"><ele>125.29681396484375</ele><time>2017-11-18T03:48:42Z</time></trkpt><trkpt lat="22.51504448" lon="114.1478352"><ele>124.5672607421875</ele><time>2017-11-18T03:48:44Z</time></trkpt><trkpt lat="22.51504898" lon="114.14786411"><ele>124.0186767578125</ele><time>2017-11-18T03:48:46Z</time></trkpt><trkpt lat="22.51505387" lon="114.14789586"><ele>122.5084228515625</ele><time>2017-11-18T03:48:48Z</time></trkpt><trkpt lat="22.51505368" lon="114.1479239"><ele>120.7716064453125</ele><time>2017-11-18T03:48:50Z</time></trkpt><trkpt lat="22.51505107" lon="114.14794631"><ele>120.97314453125</ele><time>2017-11-18T03:48:52Z</time></trkpt><trkpt lat="22.51504588" lon="114.14796653"><ele>120.302001953125</ele><time>2017-11-18T03:48:54Z</time></trkpt><trkpt lat="22.51504161" lon="114.14799307"><ele>120.83099365234375</ele><time>2017-11-18T03:48:57Z</time></trkpt><trkpt lat="22.51503482" lon="114.14801245"><ele>121.484619140625</ele><time>2017-11-18T03:48:59Z</time></trkpt><trkpt lat="22.51502419" lon="114.14803951"><ele>121.20758056640625</ele><time>2017-11-18T03:49:01Z</time></trkpt><trkpt lat="22.51500883" lon="114.14806352"><ele>121.83251953125</ele><time>2017-11-18T03:49:03Z</time></trkpt><trkpt lat="22.51498825" lon="114.14808819"><ele>122.4066162109375</ele><time>2017-11-18T03:49:05Z</time></trkpt><trkpt lat="22.51497496" lon="114.14811123"><ele>121.83648681640625</ele><time>2017-11-18T03:49:07Z</time></trkpt><trkpt lat="22.51496848" lon="114.14813959"><ele>121.25225830078125</ele><time>2017-11-18T03:49:09Z</time></trkpt><trkpt lat="22.51496216" lon="114.14816999"><ele>120.2254638671875</ele><time>2017-11-18T03:49:11Z</time></trkpt><trkpt lat="22.51495513" lon="114.14819699"><ele>119.896484375</ele><time>2017-11-18T03:49:13Z</time></trkpt><trkpt lat="22.51494239" lon="114.14822912"><ele>119.97344970703125</ele><time>2017-11-18T03:49:15Z</time></trkpt><trkpt lat="22.51493138" lon="114.14826054"><ele>119.4495849609375</ele><time>2017-11-18T03:49:17Z</time></trkpt><trkpt lat="22.51492603" lon="114.14829447"><ele>118.5386962890625</ele><time>2017-11-18T03:49:19Z</time></trkpt><trkpt lat="22.51491666" lon="114.14832786"><ele>117.58721923828125</ele><time>2017-11-18T03:49:21Z</time></trkpt><trkpt lat="22.51490852" lon="114.1483585"><ele>116.44219970703125</ele><time>2017-11-18T03:49:23Z</time></trkpt><trkpt lat="22.51490677" lon="114.14839042"><ele>116.549560546875</ele><time>2017-11-18T03:49:25Z</time></trkpt><trkpt lat="22.51490517" lon="114.14842352"><ele>115.89080810546875</ele><time>2017-11-18T03:49:27Z</time></trkpt><trkpt lat="22.51489829" lon="114.14845061"><ele>113.8460693359375</ele><time>2017-11-18T03:49:29Z</time></trkpt><trkpt lat="22.51488791" lon="114.14847406"><ele>114.53875732421875</ele><time>2017-11-18T03:49:31Z</time></trkpt><trkpt lat="22.51487957" lon="114.14849839"><ele>113.74237060546875</ele><time>2017-11-18T03:49:33Z</time></trkpt><trkpt lat="22.51486958" lon="114.14852419"><ele>113.770263671875</ele><time>2017-11-18T03:49:35Z</time></trkpt><trkpt lat="22.51485916" lon="114.14855048"><ele>114.06829833984375</ele><time>2017-11-18T03:49:37Z</time></trkpt><trkpt lat="22.51484991" lon="114.14857794"><ele>114.533447265625</ele><time>2017-11-18T03:49:39Z</time></trkpt><trkpt lat="22.51483823" lon="114.14860175"><ele>113.53704833984375</ele><time>2017-11-18T03:49:41Z</time></trkpt><trkpt lat="22.51482872" lon="114.14862645"><ele>113.576171875</ele><time>2017-11-18T03:49:43Z</time></trkpt><trkpt lat="22.51482089" lon="114.14864767"><ele>113.39569091796875</ele><time>2017-11-18T03:49:45Z</time></trkpt><trkpt lat="22.51481202" lon="114.14866707"><ele>112.8232421875</ele><time>2017-11-18T03:49:47Z</time></trkpt><trkpt lat="22.51480163" lon="114.14869835"><ele>111.01397705078125</ele><time>2017-11-18T03:49:49Z</time></trkpt><trkpt lat="22.51479378" lon="114.1487278"><ele>110.8800048828125</ele><time>2017-11-18T03:49:51Z</time></trkpt><trkpt lat="22.51478446" lon="114.14874915"><ele>109.862548828125</ele><time>2017-11-18T03:49:54Z</time></trkpt><trkpt lat="22.514774" lon="114.14877309"><ele>110.42706298828125</ele><time>2017-11-18T03:49:57Z</time></trkpt><trkpt lat="22.51477131" lon="114.14880322"><ele>112.1143798828125</ele><time>2017-11-18T03:50:00Z</time></trkpt><trkpt lat="22.51476516" lon="114.14882299"><ele>110.574462890625</ele><time>2017-11-18T03:50:02Z</time></trkpt><trkpt lat="22.51475204" lon="114.14884873"><ele>109.61785888671875</ele><time>2017-11-18T03:50:04Z</time></trkpt><trkpt lat="22.51473396" lon="114.14887138"><ele>109.0255126953125</ele><time>2017-11-18T03:50:06Z</time></trkpt><trkpt lat="22.51471536" lon="114.1488767"><ele>107.47723388671875</ele><time>2017-11-18T03:50:08Z</time></trkpt><trkpt lat="22.51470305" lon="114.1488913"><ele>109.45880126953125</ele><time>2017-11-18T03:50:11Z</time></trkpt><trkpt lat="22.51469264" lon="114.14891602"><ele>107.8345947265625</ele><time>2017-11-18T03:50:13Z</time></trkpt><trkpt lat="22.51468246" lon="114.14894073"><ele>106.0914306640625</ele><time>2017-11-18T03:50:15Z</time></trkpt><trkpt lat="22.51467449" lon="114.14896524"><ele>106.9908447265625</ele><time>2017-11-18T03:50:17Z</time></trkpt><trkpt lat="22.51466956" lon="114.1489933"><ele>108.2510986328125</ele><time>2017-11-18T03:50:19Z</time></trkpt><trkpt lat="22.51466317" lon="114.1490146"><ele>107.8060302734375</ele><time>2017-11-18T03:50:21Z</time></trkpt><trkpt lat="22.51465399" lon="114.14903676"><ele>108.53240966796875</ele><time>2017-11-18T03:50:23Z</time></trkpt><trkpt lat="22.51465179" lon="114.14905915"><ele>108.665771484375</ele><time>2017-11-18T03:50:25Z</time></trkpt><trkpt lat="22.51464338" lon="114.14908314"><ele>110.923828125</ele><time>2017-11-18T03:50:27Z</time></trkpt><trkpt lat="22.51463824" lon="114.14910754"><ele>110.54974365234375</ele><time>2017-11-18T03:50:29Z</time></trkpt><trkpt lat="22.51463756" lon="114.14913231"><ele>111.20709228515625</ele><time>2017-11-18T03:50:31Z</time></trkpt><trkpt lat="22.51463765" lon="114.14915587"><ele>113.08441162109375</ele><time>2017-11-18T03:50:33Z</time></trkpt><trkpt lat="22.51464039" lon="114.14917948"><ele>113.573486328125</ele><time>2017-11-18T03:50:35Z</time></trkpt><trkpt lat="22.51463995" lon="114.149204"><ele>112.7960205078125</ele><time>2017-11-18T03:50:37Z</time></trkpt><trkpt lat="22.51463654" lon="114.1492244"><ele>109.70654296875</ele><time>2017-11-18T03:50:39Z</time></trkpt><trkpt lat="22.51463115" lon="114.14924301"><ele>108.0404052734375</ele><time>2017-11-18T03:50:41Z</time></trkpt><trkpt lat="22.5146237" lon="114.14926302"><ele>106.19598388671875</ele><time>2017-11-18T03:50:43Z</time></trkpt><trkpt lat="22.51461682" lon="114.14928605"><ele>107.85467529296875</ele><time>2017-11-18T03:50:45Z</time></trkpt><trkpt lat="22.51460922" lon="114.14931462"><ele>108.3092041015625</ele><time>2017-11-18T03:50:47Z</time></trkpt><trkpt lat="22.51460101" lon="114.14933843"><ele>109.66827392578125</ele><time>2017-11-18T03:50:49Z</time></trkpt><trkpt lat="22.51459708" lon="114.14936526"><ele>107.89093017578125</ele><time>2017-11-18T03:50:52Z</time></trkpt><trkpt lat="22.51459055" lon="114.14938873"><ele>108.08935546875</ele><time>2017-11-18T03:50:54Z</time></trkpt><trkpt lat="22.51458256" lon="114.14941466"><ele>107.73077392578125</ele><time>2017-11-18T03:50:56Z</time></trkpt><trkpt lat="22.51457096" lon="114.14943845"><ele>108.72271728515625</ele><time>2017-11-18T03:50:58Z</time></trkpt><trkpt lat="22.51455405" lon="114.14946699"><ele>109.61822509765625</ele><time>2017-11-18T03:51:00Z</time></trkpt><trkpt lat="22.51454229" lon="114.14949488"><ele>110.3857421875</ele><time>2017-11-18T03:51:02Z</time></trkpt><trkpt lat="22.51452994" lon="114.1495179"><ele>110.3214111328125</ele><time>2017-11-18T03:51:05Z</time></trkpt><trkpt lat="22.51453136" lon="114.14953853"><ele>105.96514892578125</ele><time>2017-11-18T03:51:07Z</time></trkpt><trkpt lat="22.51453492" lon="114.1495581"><ele>105.392578125</ele><time>2017-11-18T03:51:09Z</time></trkpt><trkpt lat="22.51452938" lon="114.14957756"><ele>104.17755126953125</ele><time>2017-11-18T03:51:11Z</time></trkpt><trkpt lat="22.51452558" lon="114.14960008"><ele>103.25897216796875</ele><time>2017-11-18T03:51:13Z</time></trkpt><trkpt lat="22.51452631" lon="114.14962654"><ele>103.13836669921875</ele><time>2017-11-18T03:51:15Z</time></trkpt><trkpt lat="22.51452487" lon="114.14965656"><ele>105.4097900390625</ele><time>2017-11-18T03:51:17Z</time></trkpt><trkpt lat="22.51452615" lon="114.14968882"><ele>104.50469970703125</ele><time>2017-11-18T03:51:19Z</time></trkpt><trkpt lat="22.51453451" lon="114.14972075"><ele>103.1461181640625</ele><time>2017-11-18T03:51:21Z</time></trkpt><trkpt lat="22.51453876" lon="114.14974693"><ele>102.2183837890625</ele><time>2017-11-18T03:51:23Z</time></trkpt><trkpt lat="22.5145383" lon="114.14977179"><ele>101.39215087890625</ele><time>2017-11-18T03:51:25Z</time></trkpt><trkpt lat="22.5145381" lon="114.1497959"><ele>101.3426513671875</ele><time>2017-11-18T03:51:27Z</time></trkpt><trkpt lat="22.51454394" lon="114.14982674"><ele>101.47869873046875</ele><time>2017-11-18T03:51:29Z</time></trkpt><trkpt lat="22.514554" lon="114.1498574"><ele>102.2149658203125</ele><time>2017-11-18T03:51:31Z</time></trkpt><trkpt lat="22.51456209" lon="114.14988632"><ele>100.22039794921875</ele><time>2017-11-18T03:51:33Z</time></trkpt><trkpt lat="22.51457223" lon="114.14991879"><ele>99.964599609375</ele><time>2017-11-18T03:51:35Z</time></trkpt><trkpt lat="22.51458049" lon="114.14993873"><ele>99.594482421875</ele><time>2017-11-18T03:51:37Z</time></trkpt><trkpt lat="22.5145903" lon="114.14996399"><ele>103.26873779296875</ele><time>2017-11-18T03:51:39Z</time></trkpt><trkpt lat="22.51458708" lon="114.14998363"><ele>99.02874755859375</ele><time>2017-11-18T03:51:41Z</time></trkpt><trkpt lat="22.51457915" lon="114.15000492"><ele>100.17449951171875</ele><time>2017-11-18T03:51:44Z</time></trkpt><trkpt lat="22.51458613" lon="114.15002533"><ele>100.81201171875</ele><time>2017-11-18T03:51:46Z</time></trkpt><trkpt lat="22.51459574" lon="114.15005042"><ele>98.88665771484375</ele><time>2017-11-18T03:51:48Z</time></trkpt><trkpt lat="22.51460496" lon="114.15007228"><ele>97.7261962890625</ele><time>2017-11-18T03:51:50Z</time></trkpt><trkpt lat="22.51461632" lon="114.15009241"><ele>97.1917724609375</ele><time>2017-11-18T03:51:52Z</time></trkpt><trkpt lat="22.51462366" lon="114.15011114"><ele>96.24078369140625</ele><time>2017-11-18T03:51:54Z</time></trkpt><trkpt lat="22.51463133" lon="114.15013483"><ele>97.01904296875</ele><time>2017-11-18T03:51:56Z</time></trkpt><trkpt lat="22.51463818" lon="114.15015376"><ele>97.08251953125</ele><time>2017-11-18T03:51:58Z</time></trkpt><trkpt lat="22.51464453" lon="114.15017292"><ele>97.73687744140625</ele><time>2017-11-18T03:52:00Z</time></trkpt><trkpt lat="22.51464258" lon="114.15019682"><ele>99.0260009765625</ele><time>2017-11-18T03:52:02Z</time></trkpt><trkpt lat="22.51464476" lon="114.15022446"><ele>99.517822265625</ele><time>2017-11-18T03:52:04Z</time></trkpt><trkpt lat="22.51465785" lon="114.15024761"><ele>103.39703369140625</ele><time>2017-11-18T03:52:06Z</time></trkpt><trkpt lat="22.51466527" lon="114.15027471"><ele>104.24688720703125</ele><time>2017-11-18T03:52:08Z</time></trkpt><trkpt lat="22.51466952" lon="114.15029524"><ele>105.12689208984375</ele><time>2017-11-18T03:52:10Z</time></trkpt><trkpt lat="22.51466946" lon="114.15032294"><ele>102.504150390625</ele><time>2017-11-18T03:52:12Z</time></trkpt><trkpt lat="22.51467318" lon="114.15034882"><ele>103.14312744140625</ele><time>2017-11-18T03:52:14Z</time></trkpt><trkpt lat="22.51467692" lon="114.15037053"><ele>101.96600341796875</ele><time>2017-11-18T03:52:16Z</time></trkpt><trkpt lat="22.51467209" lon="114.15039115"><ele>103.6434326171875</ele><time>2017-11-18T03:52:19Z</time></trkpt><trkpt lat="22.51466673" lon="114.15041046"><ele>100.964599609375</ele><time>2017-11-18T03:52:29Z</time></trkpt><trkpt lat="22.51466409" lon="114.15043399"><ele>100.49951171875</ele><time>2017-11-18T03:52:45Z</time></trkpt><trkpt lat="22.51466803" lon="114.1504585"><ele>100.185302734375</ele><time>2017-11-18T03:52:48Z</time></trkpt><trkpt lat="22.51465988" lon="114.1504819"><ele>99.71923828125</ele><time>2017-11-18T03:52:51Z</time></trkpt><trkpt lat="22.51465261" lon="114.15050437"><ele>101.77154541015625</ele><time>2017-11-18T03:52:54Z</time></trkpt><trkpt lat="22.51464671" lon="114.1505289"><ele>102.9830322265625</ele><time>2017-11-18T03:52:57Z</time></trkpt><trkpt lat="22.51463893" lon="114.15055848"><ele>101.81817626953125</ele><time>2017-11-18T03:53:00Z</time></trkpt><trkpt lat="22.51463494" lon="114.15057769"><ele>101.9847412109375</ele><time>2017-11-18T03:53:03Z</time></trkpt><trkpt lat="22.51462444" lon="114.1505957"><ele>104.0589599609375</ele><time>2017-11-18T03:53:06Z</time></trkpt><trkpt lat="22.51460641" lon="114.15061489"><ele>106.52685546875</ele><time>2017-11-18T03:53:17Z</time></trkpt><trkpt lat="22.51460288" lon="114.15063941"><ele>106.90423583984375</ele><time>2017-11-18T03:53:23Z</time></trkpt><trkpt lat="22.51458815" lon="114.15066118"><ele>108.63165283203125</ele><time>2017-11-18T03:53:27Z</time></trkpt><trkpt lat="22.51457039" lon="114.15066835"><ele>107.80035400390625</ele><time>2017-11-18T03:53:32Z</time></trkpt><trkpt lat="22.5145643" lon="114.15069299"><ele>107.1824951171875</ele><time>2017-11-18T03:53:35Z</time></trkpt><trkpt lat="22.51455361" lon="114.15071316"><ele>109.35498046875</ele><time>2017-11-18T03:53:39Z</time></trkpt><trkpt lat="22.51452677" lon="114.15072272"><ele>109.25726318359375</ele><time>2017-11-18T03:53:42Z</time></trkpt><trkpt lat="22.51450442" lon="114.15071955"><ele>106.723388671875</ele><time>2017-11-18T03:53:44Z</time></trkpt><trkpt lat="22.51448477" lon="114.15071823"><ele>105.80780029296875</ele><time>2017-11-18T03:53:46Z</time></trkpt><trkpt lat="22.51447039" lon="114.15073526"><ele>106.7642822265625</ele><time>2017-11-18T03:53:49Z</time></trkpt><trkpt lat="22.51445136" lon="114.15074712"><ele>106.254150390625</ele><time>2017-11-18T03:53:52Z</time></trkpt><trkpt lat="22.5144337" lon="114.15076533"><ele>106.7706298828125</ele><time>2017-11-18T03:53:55Z</time></trkpt><trkpt lat="22.51442184" lon="114.15078247"><ele>106.13037109375</ele><time>2017-11-18T03:53:58Z</time></trkpt><trkpt lat="22.51440781" lon="114.15079534"><ele>108.37213134765625</ele><time>2017-11-18T03:54:02Z</time></trkpt><trkpt lat="22.51439437" lon="114.15081486"><ele>108.13177490234375</ele><time>2017-11-18T03:54:05Z</time></trkpt><trkpt lat="22.51438425" lon="114.1508361"><ele>109.4329833984375</ele><time>2017-11-18T03:54:09Z</time></trkpt><trkpt lat="22.5143693" lon="114.15085216"><ele>111.51806640625</ele><time>2017-11-18T03:54:14Z</time></trkpt><trkpt lat="22.51434582" lon="114.15084833"><ele>110.9281005859375</ele><time>2017-11-18T03:54:17Z</time></trkpt><trkpt lat="22.51433151" lon="114.15086191"><ele>112.31878662109375</ele><time>2017-11-18T03:54:20Z</time></trkpt><trkpt lat="22.51431022" lon="114.15086989"><ele>111.2662353515625</ele><time>2017-11-18T03:54:24Z</time></trkpt><trkpt lat="22.51429351" lon="114.15088235"><ele>111.71728515625</ele><time>2017-11-18T03:54:28Z</time></trkpt><trkpt lat="22.5142771" lon="114.15090436"><ele>122.4512939453125</ele><time>2017-11-18T03:54:35Z</time></trkpt><trkpt lat="22.51426211" lon="114.15092379"><ele>119.57086181640625</ele><time>2017-11-18T03:54:38Z</time></trkpt><trkpt lat="22.51425103" lon="114.15094653"><ele>121.98553466796875</ele><time>2017-11-18T03:54:41Z</time></trkpt><trkpt lat="22.51424556" lon="114.15096949"><ele>123.2437744140625</ele><time>2017-11-18T03:54:44Z</time></trkpt><trkpt lat="22.514238" lon="114.15099433"><ele>125.990478515625</ele><time>2017-11-18T03:54:47Z</time></trkpt><trkpt lat="22.51422927" lon="114.15101739"><ele>128.15545654296875</ele><time>2017-11-18T03:54:49Z</time></trkpt><trkpt lat="22.51421745" lon="114.15103738"><ele>127.37548828125</ele><time>2017-11-18T03:54:51Z</time></trkpt><trkpt lat="22.51421233" lon="114.15105948"><ele>127.7041015625</ele><time>2017-11-18T03:54:54Z</time></trkpt><trkpt lat="22.51421637" lon="114.15107977"><ele>129.05548095703125</ele><time>2017-11-18T03:54:56Z</time></trkpt><trkpt lat="22.51421678" lon="114.15110039"><ele>126.7476806640625</ele><time>2017-11-18T03:54:58Z</time></trkpt><trkpt lat="22.51421767" lon="114.15112211"><ele>128.62200927734375</ele><time>2017-11-18T03:55:01Z</time></trkpt><trkpt lat="22.5142328" lon="114.15113343"><ele>129.6728515625</ele><time>2017-11-18T03:55:21Z</time></trkpt><trkpt lat="22.51421908" lon="114.15114642"><ele>128.885498046875</ele><time>2017-11-18T03:55:24Z</time></trkpt><trkpt lat="22.51422672" lon="114.15117162"><ele>125.1478271484375</ele><time>2017-11-18T03:55:28Z</time></trkpt><trkpt lat="22.51422545" lon="114.15119207"><ele>123.40093994140625</ele><time>2017-11-18T03:55:30Z</time></trkpt><trkpt lat="22.51422706" lon="114.15121781"><ele>127.359375</ele><time>2017-11-18T03:55:33Z</time></trkpt><trkpt lat="22.51421213" lon="114.15122893"><ele>128.8016357421875</ele><time>2017-11-18T03:55:38Z</time></trkpt><trkpt lat="22.51422229" lon="114.15125593"><ele>127.62762451171875</ele><time>2017-11-18T03:55:43Z</time></trkpt><trkpt lat="22.51422889" lon="114.1512756"><ele>125.76055908203125</ele><time>2017-11-18T03:55:45Z</time></trkpt><trkpt lat="22.51423078" lon="114.1512956"><ele>122.911865234375</ele><time>2017-11-18T03:55:49Z</time></trkpt><trkpt lat="22.5142474" lon="114.1513043"><ele>121.86798095703125</ele><time>2017-11-18T03:55:56Z</time></trkpt><trkpt lat="22.51426505" lon="114.15129883"><ele>126.1573486328125</ele><time>2017-11-18T03:56:33Z</time></trkpt><trkpt lat="22.5142746" lon="114.15131664"><ele>124.92462158203125</ele><time>2017-11-18T03:56:39Z</time></trkpt><trkpt lat="22.51426772" lon="114.15133902"><ele>124.865478515625</ele><time>2017-11-18T03:56:41Z</time></trkpt><trkpt lat="22.51426937" lon="114.1513589"><ele>124.1832275390625</ele><time>2017-11-18T03:56:43Z</time></trkpt><trkpt lat="22.51427477" lon="114.15138626"><ele>123.0333251953125</ele><time>2017-11-18T03:56:46Z</time></trkpt><trkpt lat="22.51428054" lon="114.15141308"><ele>123.810302734375</ele><time>2017-11-18T03:56:49Z</time></trkpt><trkpt lat="22.51428265" lon="114.15143525"><ele>122.80218505859375</ele><time>2017-11-18T03:56:51Z</time></trkpt><trkpt lat="22.51428723" lon="114.15145948"><ele>122.49932861328125</ele><time>2017-11-18T03:56:54Z</time></trkpt><trkpt lat="22.51428196" lon="114.1514848"><ele>121.5419921875</ele><time>2017-11-18T03:56:56Z</time></trkpt><trkpt lat="22.51427322" lon="114.15151304"><ele>118.6927490234375</ele><time>2017-11-18T03:56:58Z</time></trkpt><trkpt lat="22.51426655" lon="114.15153465"><ele>116.83563232421875</ele><time>2017-11-18T03:57:00Z</time></trkpt><trkpt lat="22.51426035" lon="114.1515603"><ele>115.8934326171875</ele><time>2017-11-18T03:57:03Z</time></trkpt><trkpt lat="22.51426896" lon="114.1515861"><ele>116.7313232421875</ele><time>2017-11-18T03:57:05Z</time></trkpt><trkpt lat="22.51427879" lon="114.1516129"><ele>114.94085693359375</ele><time>2017-11-18T03:57:07Z</time></trkpt><trkpt lat="22.51428678" lon="114.15163534"><ele>113.0059814453125</ele><time>2017-11-18T03:57:10Z</time></trkpt><trkpt lat="22.51429952" lon="114.15166067"><ele>114.2952880859375</ele><time>2017-11-18T03:57:13Z</time></trkpt><trkpt lat="22.51430715" lon="114.15168472"><ele>114.3868408203125</ele><time>2017-11-18T03:57:15Z</time></trkpt><trkpt lat="22.5143263" lon="114.15170858"><ele>117.61822509765625</ele><time>2017-11-18T03:57:18Z</time></trkpt><trkpt lat="22.51433662" lon="114.15172721"><ele>118.910400390625</ele><time>2017-11-18T03:57:20Z</time></trkpt><trkpt lat="22.51435265" lon="114.15174112"><ele>119.46636962890625</ele><time>2017-11-18T03:57:23Z</time></trkpt><trkpt lat="22.51436417" lon="114.15175881"><ele>118.94635009765625</ele><time>2017-11-18T03:57:28Z</time></trkpt><trkpt lat="22.5143793" lon="114.15178559"><ele>120.44085693359375</ele><time>2017-11-18T03:57:31Z</time></trkpt><trkpt lat="22.51438903" lon="114.15180461"><ele>122.7845458984375</ele><time>2017-11-18T03:57:34Z</time></trkpt><trkpt lat="22.51439806" lon="114.15183064"><ele>120.059326171875</ele><time>2017-11-18T03:57:43Z</time></trkpt><trkpt lat="22.51440709" lon="114.15185794"><ele>120.28497314453125</ele><time>2017-11-18T03:57:45Z</time></trkpt><trkpt lat="22.51441433" lon="114.15188296"><ele>119.853759765625</ele><time>2017-11-18T03:57:48Z</time></trkpt><trkpt lat="22.51442969" lon="114.15190811"><ele>120.26800537109375</ele><time>2017-11-18T03:57:50Z</time></trkpt><trkpt lat="22.51443572" lon="114.15193123"><ele>120.4501953125</ele><time>2017-11-18T03:57:52Z</time></trkpt><trkpt lat="22.51445329" lon="114.15195053"><ele>118.38232421875</ele><time>2017-11-18T03:57:55Z</time></trkpt><trkpt lat="22.51448194" lon="114.15195365"><ele>118.050537109375</ele><time>2017-11-18T03:57:57Z</time></trkpt><trkpt lat="22.51448585" lon="114.15193084"><ele>116.08099365234375</ele><time>2017-11-18T03:58:03Z</time></trkpt><trkpt lat="22.51447282" lon="114.15191156"><ele>115.90911865234375</ele><time>2017-11-18T03:58:30Z</time></trkpt><trkpt lat="22.51445066" lon="114.15192104"><ele>116.165771484375</ele><time>2017-11-18T03:58:34Z</time></trkpt><trkpt lat="22.51443263" lon="114.15194829"><ele>116.58453369140625</ele><time>2017-11-18T03:58:36Z</time></trkpt><trkpt lat="22.51442406" lon="114.15198259"><ele>118.45220947265625</ele><time>2017-11-18T03:58:38Z</time></trkpt><trkpt lat="22.51442741" lon="114.15200273"><ele>116.8521728515625</ele><time>2017-11-18T03:58:40Z</time></trkpt><trkpt lat="22.51444684" lon="114.15201808"><ele>116.59735107421875</ele><time>2017-11-18T03:58:43Z</time></trkpt><trkpt lat="22.5144572" lon="114.15203741"><ele>115.45074462890625</ele><time>2017-11-18T03:58:45Z</time></trkpt><trkpt lat="22.51446772" lon="114.15206247"><ele>115.093994140625</ele><time>2017-11-18T03:58:47Z</time></trkpt><trkpt lat="22.51447909" lon="114.15208035"><ele>114.883056640625</ele><time>2017-11-18T03:58:49Z</time></trkpt><trkpt lat="22.51449347" lon="114.15210318"><ele>115.10711669921875</ele><time>2017-11-18T03:58:51Z</time></trkpt><trkpt lat="22.51450536" lon="114.1521258"><ele>114.150390625</ele><time>2017-11-18T03:58:53Z</time></trkpt><trkpt lat="22.51451449" lon="114.15214283"><ele>114.10858154296875</ele><time>2017-11-18T03:58:55Z</time></trkpt><trkpt lat="22.51452327" lon="114.15216081"><ele>114.48150634765625</ele><time>2017-11-18T03:58:57Z</time></trkpt><trkpt lat="22.51453723" lon="114.15218748"><ele>115.40948486328125</ele><time>2017-11-18T03:58:59Z</time></trkpt><trkpt lat="22.51454515" lon="114.15221554"><ele>115.84173583984375</ele><time>2017-11-18T03:59:01Z</time></trkpt><trkpt lat="22.51456246" lon="114.15223856"><ele>115.18170166015625</ele><time>2017-11-18T03:59:04Z</time></trkpt><trkpt lat="22.51457545" lon="114.15226187"><ele>116.3961181640625</ele><time>2017-11-18T03:59:07Z</time></trkpt><trkpt lat="22.51459288" lon="114.15227975"><ele>113.7215576171875</ele><time>2017-11-18T03:59:10Z</time></trkpt><trkpt lat="22.51460513" lon="114.15229806"><ele>113.83294677734375</ele><time>2017-11-18T03:59:12Z</time></trkpt><trkpt lat="22.51462551" lon="114.15231998"><ele>113.95098876953125</ele><time>2017-11-18T03:59:14Z</time></trkpt><trkpt lat="22.51464121" lon="114.1523377"><ele>115.0416259765625</ele><time>2017-11-18T03:59:17Z</time></trkpt><trkpt lat="22.51464814" lon="114.15235579"><ele>113.2730712890625</ele><time>2017-11-18T03:59:19Z</time></trkpt><trkpt lat="22.5146557" lon="114.15238381"><ele>113.0963134765625</ele><time>2017-11-18T03:59:21Z</time></trkpt><trkpt lat="22.51466456" lon="114.15240421"><ele>114.3907470703125</ele><time>2017-11-18T03:59:23Z</time></trkpt><trkpt lat="22.51467428" lon="114.15242622"><ele>115.3970947265625</ele><time>2017-11-18T03:59:25Z</time></trkpt><trkpt lat="22.51468491" lon="114.15245012"><ele>117.81048583984375</ele><time>2017-11-18T03:59:27Z</time></trkpt><trkpt lat="22.5146939" lon="114.15247102"><ele>119.20074462890625</ele><time>2017-11-18T03:59:30Z</time></trkpt><trkpt lat="22.51470147" lon="114.15249288"><ele>121.15643310546875</ele><time>2017-11-18T03:59:32Z</time></trkpt><trkpt lat="22.51471146" lon="114.1525144"><ele>122.26898193359375</ele><time>2017-11-18T03:59:34Z</time></trkpt><trkpt lat="22.51471864" lon="114.15253519"><ele>122.46728515625</ele><time>2017-11-18T03:59:36Z</time></trkpt><trkpt lat="22.51472445" lon="114.15255936"><ele>122.716064453125</ele><time>2017-11-18T03:59:38Z</time></trkpt><trkpt lat="22.51473736" lon="114.15258351"><ele>123.697998046875</ele><time>2017-11-18T03:59:40Z</time></trkpt><trkpt lat="22.51475614" lon="114.15259971"><ele>122.8572998046875</ele><time>2017-11-18T03:59:43Z</time></trkpt><trkpt lat="22.51476741" lon="114.15261694"><ele>121.3284912109375</ele><time>2017-11-18T03:59:45Z</time></trkpt><trkpt lat="22.5147798" lon="114.15263904"><ele>122.05133056640625</ele><time>2017-11-18T03:59:48Z</time></trkpt><trkpt lat="22.51476712" lon="114.15265522"><ele>122.181640625</ele><time>2017-11-18T03:59:51Z</time></trkpt><trkpt lat="22.51474848" lon="114.15265626"><ele>119.8275146484375</ele><time>2017-11-18T03:59:55Z</time></trkpt><trkpt lat="22.51473808" lon="114.15263755"><ele>119.57818603515625</ele><time>2017-11-18T04:00:52Z</time></trkpt><trkpt lat="22.51471443" lon="114.15263981"><ele>120.26763916015625</ele><time>2017-11-18T04:00:54Z</time></trkpt><trkpt lat="22.51469387" lon="114.15264737"><ele>119.3067626953125</ele><time>2017-11-18T04:00:56Z</time></trkpt><trkpt lat="22.5146695" lon="114.15265841"><ele>118.22607421875</ele><time>2017-11-18T04:00:58Z</time></trkpt><trkpt lat="22.51465472" lon="114.1526702"><ele>118.27020263671875</ele><time>2017-11-18T04:00:59Z</time></trkpt><trkpt lat="22.5146389" lon="114.15268284"><ele>117.17950439453125</ele><time>2017-11-18T04:01:01Z</time></trkpt><trkpt lat="22.51461762" lon="114.15268988"><ele>118.365234375</ele><time>2017-11-18T04:01:04Z</time></trkpt><trkpt lat="22.51459958" lon="114.15268465"><ele>118.69921875</ele><time>2017-11-18T04:01:13Z</time></trkpt><trkpt lat="22.51458876" lon="114.15266837"><ele>119.39703369140625</ele><time>2017-11-18T04:01:54Z</time></trkpt><trkpt lat="22.5145938" lon="114.15268933"><ele>117.9093017578125</ele><time>2017-11-18T04:02:11Z</time></trkpt><trkpt lat="22.51460081" lon="114.15266901"><ele>118.27838134765625</ele><time>2017-11-18T04:02:18Z</time></trkpt><trkpt lat="22.51461554" lon="114.15265734"><ele>118.81427001953125</ele><time>2017-11-18T04:02:57Z</time></trkpt><trkpt lat="22.51464107" lon="114.15264313"><ele>118.8480224609375</ele><time>2017-11-18T04:02:59Z</time></trkpt><trkpt lat="22.51465918" lon="114.15263686"><ele>118.0498046875</ele><time>2017-11-18T04:03:00Z</time></trkpt><trkpt lat="22.51468165" lon="114.15263575"><ele>117.20196533203125</ele><time>2017-11-18T04:03:02Z</time></trkpt><trkpt lat="22.51470527" lon="114.15263509"><ele>117.27740478515625</ele><time>2017-11-18T04:03:05Z</time></trkpt><trkpt lat="22.51472681" lon="114.15263742"><ele>117.26251220703125</ele><time>2017-11-18T04:03:07Z</time></trkpt><trkpt lat="22.51473015" lon="114.15261829"><ele>119.67547607421875</ele><time>2017-11-18T04:03:11Z</time></trkpt><trkpt lat="22.51474179" lon="114.15264274"><ele>117.2828369140625</ele><time>2017-11-18T04:03:20Z</time></trkpt><trkpt lat="22.51474201" lon="114.1526197"><ele>118.4307861328125</ele><time>2017-11-18T04:03:32Z</time></trkpt><trkpt lat="22.5147465" lon="114.1526391"><ele>115.5264892578125</ele><time>2017-11-18T04:03:44Z</time></trkpt><trkpt lat="22.51475891" lon="114.15265606"><ele>113.87677001953125</ele><time>2017-11-18T04:03:59Z</time></trkpt><trkpt lat="22.51474149" lon="114.15266137"><ele>114.44989013671875</ele><time>2017-11-18T04:04:28Z</time></trkpt><trkpt lat="22.51475876" lon="114.15266778"><ele>116.5927734375</ele><time>2017-11-18T04:05:03Z</time></trkpt><trkpt lat="22.51475183" lon="114.15264779"><ele>116.283935546875</ele><time>2017-11-18T04:05:14Z</time></trkpt><trkpt lat="22.51476309" lon="114.15267217"><ele>116.79052734375</ele><time>2017-11-18T04:05:23Z</time></trkpt><trkpt lat="22.51477489" lon="114.15270227"><ele>117.14703369140625</ele><time>2017-11-18T04:05:25Z</time></trkpt><trkpt lat="22.51478584" lon="114.15273371"><ele>118.22088623046875</ele><time>2017-11-18T04:05:27Z</time></trkpt><trkpt lat="22.51479794" lon="114.15274921"><ele>118.5235595703125</ele><time>2017-11-18T04:05:29Z</time></trkpt><trkpt lat="22.51481527" lon="114.15276741"><ele>118.1654052734375</ele><time>2017-11-18T04:05:31Z</time></trkpt><trkpt lat="22.51483662" lon="114.1527898"><ele>118.6826171875</ele><time>2017-11-18T04:05:33Z</time></trkpt><trkpt lat="22.51486249" lon="114.15280138"><ele>118.4307861328125</ele><time>2017-11-18T04:05:36Z</time></trkpt><trkpt lat="22.51488055" lon="114.15281491"><ele>117.0050048828125</ele><time>2017-11-18T04:05:38Z</time></trkpt><trkpt lat="22.51489727" lon="114.15282837"><ele>119.167724609375</ele><time>2017-11-18T04:05:40Z</time></trkpt><trkpt lat="22.51491512" lon="114.15283973"><ele>118.70849609375</ele><time>2017-11-18T04:05:42Z</time></trkpt><trkpt lat="22.51493148" lon="114.15285176"><ele>116.69921875</ele><time>2017-11-18T04:05:44Z</time></trkpt><trkpt lat="22.51494763" lon="114.15286108"><ele>116.65234375</ele><time>2017-11-18T04:05:46Z</time></trkpt><trkpt lat="22.51496981" lon="114.15287891"><ele>118.08135986328125</ele><time>2017-11-18T04:05:49Z</time></trkpt><trkpt lat="22.51498941" lon="114.15290078"><ele>117.3408203125</ele><time>2017-11-18T04:05:51Z</time></trkpt><trkpt lat="22.51500561" lon="114.15292134"><ele>116.86614990234375</ele><time>2017-11-18T04:05:53Z</time></trkpt><trkpt lat="22.51502502" lon="114.15293792"><ele>117.8798828125</ele><time>2017-11-18T04:05:56Z</time></trkpt><trkpt lat="22.51504246" lon="114.1529512"><ele>117.595458984375</ele><time>2017-11-18T04:05:58Z</time></trkpt><trkpt lat="22.5150622" lon="114.15296955"><ele>118.54571533203125</ele><time>2017-11-18T04:06:00Z</time></trkpt><trkpt lat="22.51508642" lon="114.15299354"><ele>119.909423828125</ele><time>2017-11-18T04:06:02Z</time></trkpt><trkpt lat="22.51511251" lon="114.15301711"><ele>121.02410888671875</ele><time>2017-11-18T04:06:04Z</time></trkpt><trkpt lat="22.51512802" lon="114.15303693"><ele>120.06048583984375</ele><time>2017-11-18T04:06:06Z</time></trkpt><trkpt lat="22.51514035" lon="114.15305474"><ele>121.3450927734375</ele><time>2017-11-18T04:06:10Z</time></trkpt><trkpt lat="22.51515613" lon="114.15306772"><ele>121.5609130859375</ele><time>2017-11-18T04:06:12Z</time></trkpt><trkpt lat="22.51517613" lon="114.15308923"><ele>121.31219482421875</ele><time>2017-11-18T04:06:15Z</time></trkpt><trkpt lat="22.51519508" lon="114.15310209"><ele>121.0682373046875</ele><time>2017-11-18T04:06:18Z</time></trkpt><trkpt lat="22.51521259" lon="114.15310984"><ele>122.1636962890625</ele><time>2017-11-18T04:06:24Z</time></trkpt><trkpt lat="22.51523264" lon="114.15311629"><ele>122.54248046875</ele><time>2017-11-18T04:06:31Z</time></trkpt><trkpt lat="22.51525029" lon="114.15312514"><ele>124.51654052734375</ele><time>2017-11-18T04:06:39Z</time></trkpt><trkpt lat="22.51523081" lon="114.15312724"><ele>122.96148681640625</ele><time>2017-11-18T04:06:50Z</time></trkpt><trkpt lat="22.5152505" lon="114.15315473"><ele>121.07037353515625</ele><time>2017-11-18T04:07:38Z</time></trkpt><trkpt lat="22.5152653" lon="114.15316656"><ele>122.6207275390625</ele><time>2017-11-18T04:07:40Z</time></trkpt><trkpt lat="22.5152893" lon="114.15316651"><ele>120.2320556640625</ele><time>2017-11-18T04:09:09Z</time></trkpt><trkpt lat="22.51531504" lon="114.15316768"><ele>119.04302978515625</ele><time>2017-11-18T04:09:11Z</time></trkpt><trkpt lat="22.51534162" lon="114.15316922"><ele>118.726318359375</ele><time>2017-11-18T04:09:13Z</time></trkpt><trkpt lat="22.51536569" lon="114.15317534"><ele>117.8341064453125</ele><time>2017-11-18T04:09:15Z</time></trkpt><trkpt lat="22.51539212" lon="114.15318411"><ele>116.72418212890625</ele><time>2017-11-18T04:09:18Z</time></trkpt><trkpt lat="22.51541113" lon="114.15318927"><ele>117.751953125</ele><time>2017-11-18T04:09:20Z</time></trkpt><trkpt lat="22.51542373" lon="114.15320471"><ele>116.7803955078125</ele><time>2017-11-18T04:09:23Z</time></trkpt><trkpt lat="22.51544243" lon="114.15321593"><ele>115.14373779296875</ele><time>2017-11-18T04:09:26Z</time></trkpt><trkpt lat="22.51546294" lon="114.15322438"><ele>115.51776123046875</ele><time>2017-11-18T04:09:28Z</time></trkpt><trkpt lat="22.51549358" lon="114.15323785"><ele>115.36456298828125</ele><time>2017-11-18T04:09:30Z</time></trkpt><trkpt lat="22.51551607" lon="114.15325301"><ele>113.9205322265625</ele><time>2017-11-18T04:09:32Z</time></trkpt><trkpt lat="22.51553722" lon="114.15326758"><ele>114.33038330078125</ele><time>2017-11-18T04:09:34Z</time></trkpt><trkpt lat="22.51555574" lon="114.15328359"><ele>115.60076904296875</ele><time>2017-11-18T04:09:36Z</time></trkpt><trkpt lat="22.51558413" lon="114.15330234"><ele>115.05047607421875</ele><time>2017-11-18T04:09:38Z</time></trkpt><trkpt lat="22.51561241" lon="114.1533176"><ele>114.4862060546875</ele><time>2017-11-18T04:09:40Z</time></trkpt><trkpt lat="22.51563662" lon="114.15333686"><ele>114.41455078125</ele><time>2017-11-18T04:09:42Z</time></trkpt><trkpt lat="22.51566188" lon="114.15334798"><ele>114.433837890625</ele><time>2017-11-18T04:09:44Z</time></trkpt><trkpt lat="22.51568906" lon="114.15336055"><ele>113.60638427734375</ele><time>2017-11-18T04:09:46Z</time></trkpt><trkpt lat="22.51571512" lon="114.15337449"><ele>112.336181640625</ele><time>2017-11-18T04:09:48Z</time></trkpt><trkpt lat="22.51573155" lon="114.15338952"><ele>112.93792724609375</ele><time>2017-11-18T04:09:50Z</time></trkpt><trkpt lat="22.51574643" lon="114.15340596"><ele>112.43505859375</ele><time>2017-11-18T04:09:52Z</time></trkpt><trkpt lat="22.51576759" lon="114.15342262"><ele>113.0623779296875</ele><time>2017-11-18T04:09:54Z</time></trkpt><trkpt lat="22.51579072" lon="114.15343672"><ele>111.92755126953125</ele><time>2017-11-18T04:09:56Z</time></trkpt><trkpt lat="22.51581486" lon="114.15345489"><ele>111.143798828125</ele><time>2017-11-18T04:09:58Z</time></trkpt><trkpt lat="22.51583752" lon="114.15346809"><ele>110.28363037109375</ele><time>2017-11-18T04:10:00Z</time></trkpt><trkpt lat="22.51585751" lon="114.15347722"><ele>109.9088134765625</ele><time>2017-11-18T04:10:02Z</time></trkpt><trkpt lat="22.51587678" lon="114.15348547"><ele>108.072509765625</ele><time>2017-11-18T04:10:07Z</time></trkpt><trkpt lat="22.51589976" lon="114.15349331"><ele>106.85736083984375</ele><time>2017-11-18T04:10:11Z</time></trkpt><trkpt lat="22.51592288" lon="114.15350076"><ele>106.2115478515625</ele><time>2017-11-18T04:10:14Z</time></trkpt><trkpt lat="22.51595651" lon="114.15351386"><ele>105.74005126953125</ele><time>2017-11-18T04:10:16Z</time></trkpt><trkpt lat="22.51598598" lon="114.15352547"><ele>105.40985107421875</ele><time>2017-11-18T04:10:18Z</time></trkpt><trkpt lat="22.51601642" lon="114.15353729"><ele>103.260009765625</ele><time>2017-11-18T04:10:20Z</time></trkpt><trkpt lat="22.51604889" lon="114.15354742"><ele>103.3526611328125</ele><time>2017-11-18T04:10:22Z</time></trkpt><trkpt lat="22.51608005" lon="114.15355766"><ele>103.31890869140625</ele><time>2017-11-18T04:10:24Z</time></trkpt><trkpt lat="22.5161033" lon="114.15356976"><ele>102.63482666015625</ele><time>2017-11-18T04:10:26Z</time></trkpt><trkpt lat="22.51612259" lon="114.15358247"><ele>101.66058349609375</ele><time>2017-11-18T04:10:28Z</time></trkpt><trkpt lat="22.51613983" lon="114.15360004"><ele>100.41339111328125</ele><time>2017-11-18T04:10:30Z</time></trkpt><trkpt lat="22.51616908" lon="114.1536171"><ele>99.36370849609375</ele><time>2017-11-18T04:10:32Z</time></trkpt><trkpt lat="22.51619649" lon="114.15363023"><ele>99.9989013671875</ele><time>2017-11-18T04:10:34Z</time></trkpt><trkpt lat="22.51622119" lon="114.15364815"><ele>100.9552001953125</ele><time>2017-11-18T04:10:36Z</time></trkpt><trkpt lat="22.51624183" lon="114.15366591"><ele>100.98382568359375</ele><time>2017-11-18T04:10:38Z</time></trkpt><trkpt lat="22.51625939" lon="114.15367988"><ele>100.42266845703125</ele><time>2017-11-18T04:10:40Z</time></trkpt><trkpt lat="22.51627849" lon="114.15368986"><ele>100.22955322265625</ele><time>2017-11-18T04:10:42Z</time></trkpt><trkpt lat="22.51630147" lon="114.15370368"><ele>100.89605712890625</ele><time>2017-11-18T04:10:44Z</time></trkpt><trkpt lat="22.51632598" lon="114.15371897"><ele>100.64459228515625</ele><time>2017-11-18T04:10:46Z</time></trkpt><trkpt lat="22.51634893" lon="114.15373154"><ele>99.21148681640625</ele><time>2017-11-18T04:10:48Z</time></trkpt><trkpt lat="22.51637086" lon="114.15374535"><ele>100.01025390625</ele><time>2017-11-18T04:10:50Z</time></trkpt><trkpt lat="22.51638515" lon="114.1537603"><ele>99.1337890625</ele><time>2017-11-18T04:10:52Z</time></trkpt><trkpt lat="22.51641028" lon="114.15377863"><ele>97.7415771484375</ele><time>2017-11-18T04:10:54Z</time></trkpt><trkpt lat="22.51643261" lon="114.15379345"><ele>97.11639404296875</ele><time>2017-11-18T04:10:56Z</time></trkpt><trkpt lat="22.51645125" lon="114.15380511"><ele>96.17584228515625</ele><time>2017-11-18T04:10:58Z</time></trkpt><trkpt lat="22.51647692" lon="114.15382208"><ele>95.21636962890625</ele><time>2017-11-18T04:11:00Z</time></trkpt><trkpt lat="22.51650259" lon="114.15384562"><ele>95.2257080078125</ele><time>2017-11-18T04:11:02Z</time></trkpt><trkpt lat="22.51652467" lon="114.15386935"><ele>95.07110595703125</ele><time>2017-11-18T04:11:04Z</time></trkpt><trkpt lat="22.51654237" lon="114.1538928"><ele>96.35687255859375</ele><time>2017-11-18T04:11:06Z</time></trkpt><trkpt lat="22.51656434" lon="114.15391917"><ele>97.5721435546875</ele><time>2017-11-18T04:11:08Z</time></trkpt><trkpt lat="22.51658885" lon="114.15394536"><ele>98.89837646484375</ele><time>2017-11-18T04:11:10Z</time></trkpt><trkpt lat="22.51660273" lon="114.15396492"><ele>95.8948974609375</ele><time>2017-11-18T04:11:12Z</time></trkpt><trkpt lat="22.51661572" lon="114.15398128"><ele>95.23260498046875</ele><time>2017-11-18T04:11:14Z</time></trkpt><trkpt lat="22.51662518" lon="114.15399874"><ele>93.13525390625</ele><time>2017-11-18T04:11:17Z</time></trkpt><trkpt lat="22.51664658" lon="114.15401784"><ele>90.30078125</ele><time>2017-11-18T04:11:41Z</time></trkpt><trkpt lat="22.51665993" lon="114.15403465"><ele>89.5501708984375</ele><time>2017-11-18T04:11:43Z</time></trkpt><trkpt lat="22.51666976" lon="114.15405341"><ele>89.58123779296875</ele><time>2017-11-18T04:11:45Z</time></trkpt><trkpt lat="22.51669096" lon="114.15407016"><ele>89.673095703125</ele><time>2017-11-18T04:11:48Z</time></trkpt><trkpt lat="22.51671429" lon="114.15407942"><ele>90.01611328125</ele><time>2017-11-18T04:11:50Z</time></trkpt><trkpt lat="22.51673433" lon="114.15409119"><ele>89.1942138671875</ele><time>2017-11-18T04:11:52Z</time></trkpt><trkpt lat="22.51675736" lon="114.15410973"><ele>88.27349853515625</ele><time>2017-11-18T04:11:54Z</time></trkpt><trkpt lat="22.51677523" lon="114.1541249"><ele>87.28228759765625</ele><time>2017-11-18T04:11:56Z</time></trkpt><trkpt lat="22.51679169" lon="114.15413386"><ele>89.25531005859375</ele><time>2017-11-18T04:11:58Z</time></trkpt><trkpt lat="22.51681133" lon="114.1541484"><ele>88.87939453125</ele><time>2017-11-18T04:12:00Z</time></trkpt><trkpt lat="22.51683034" lon="114.15416747"><ele>89.991943359375</ele><time>2017-11-18T04:12:02Z</time></trkpt><trkpt lat="22.51684921" lon="114.15418723"><ele>89.359130859375</ele><time>2017-11-18T04:12:04Z</time></trkpt><trkpt lat="22.51687023" lon="114.15420892"><ele>90.07171630859375</ele><time>2017-11-18T04:12:06Z</time></trkpt><trkpt lat="22.5168925" lon="114.15423028"><ele>90.24517822265625</ele><time>2017-11-18T04:12:08Z</time></trkpt><trkpt lat="22.51690841" lon="114.15424388"><ele>89.584716796875</ele><time>2017-11-18T04:12:10Z</time></trkpt><trkpt lat="22.51692612" lon="114.1542586"><ele>89.61102294921875</ele><time>2017-11-18T04:12:14Z</time></trkpt><trkpt lat="22.51694736" lon="114.15427226"><ele>89.487548828125</ele><time>2017-11-18T04:12:16Z</time></trkpt><trkpt lat="22.51697475" lon="114.15428948"><ele>89.902099609375</ele><time>2017-11-18T04:12:19Z</time></trkpt><trkpt lat="22.51700189" lon="114.15430343"><ele>90.03607177734375</ele><time>2017-11-18T04:12:21Z</time></trkpt><trkpt lat="22.51702141" lon="114.15432297"><ele>89.73681640625</ele><time>2017-11-18T04:12:24Z</time></trkpt><trkpt lat="22.51703636" lon="114.15433984"><ele>88.96044921875</ele><time>2017-11-18T04:12:26Z</time></trkpt><trkpt lat="22.51705551" lon="114.15435976"><ele>90.29931640625</ele><time>2017-11-18T04:12:28Z</time></trkpt><trkpt lat="22.51706854" lon="114.15437329"><ele>90.76953125</ele><time>2017-11-18T04:12:31Z</time></trkpt><trkpt lat="22.51706025" lon="114.15439119"><ele>90.26666259765625</ele><time>2017-11-18T04:12:39Z</time></trkpt><trkpt lat="22.51707703" lon="114.15440812"><ele>91.81103515625</ele><time>2017-11-18T04:13:05Z</time></trkpt><trkpt lat="22.5170905" lon="114.15442116"><ele>92.6292724609375</ele><time>2017-11-18T04:13:08Z</time></trkpt><trkpt lat="22.5171077" lon="114.15443294"><ele>92.7191162109375</ele><time>2017-11-18T04:13:10Z</time></trkpt><trkpt lat="22.51711763" lon="114.15445141"><ele>92.01446533203125</ele><time>2017-11-18T04:13:12Z</time></trkpt><trkpt lat="22.51712836" lon="114.15446753"><ele>93.4327392578125</ele><time>2017-11-18T04:13:15Z</time></trkpt><trkpt lat="22.51713944" lon="114.15448654"><ele>91.5283203125</ele><time>2017-11-18T04:13:17Z</time></trkpt><trkpt lat="22.51714584" lon="114.15450535"><ele>93.0340576171875</ele><time>2017-11-18T04:13:19Z</time></trkpt><trkpt lat="22.51715565" lon="114.15452764"><ele>93.73480224609375</ele><time>2017-11-18T04:13:27Z</time></trkpt><trkpt lat="22.51716677" lon="114.15454355"><ele>91.70318603515625</ele><time>2017-11-18T04:13:29Z</time></trkpt><trkpt lat="22.51718751" lon="114.15456069"><ele>89.96038818359375</ele><time>2017-11-18T04:13:31Z</time></trkpt><trkpt lat="22.51719934" lon="114.15457564"><ele>89.87835693359375</ele><time>2017-11-18T04:13:33Z</time></trkpt><trkpt lat="22.51720526" lon="114.15459741"><ele>89.936279296875</ele><time>2017-11-18T04:13:37Z</time></trkpt><trkpt lat="22.51721396" lon="114.15461498"><ele>91.2076416015625</ele><time>2017-11-18T04:13:39Z</time></trkpt><trkpt lat="22.5172243" lon="114.15463601"><ele>91.98004150390625</ele><time>2017-11-18T04:13:41Z</time></trkpt><trkpt lat="22.51723283" lon="114.15465525"><ele>87.9849853515625</ele><time>2017-11-18T04:13:45Z</time></trkpt><trkpt lat="22.51723691" lon="114.15467702"><ele>85.00396728515625</ele><time>2017-11-18T04:13:56Z</time></trkpt><trkpt lat="22.51724725" lon="114.15470292"><ele>83.9638671875</ele><time>2017-11-18T04:13:59Z</time></trkpt><trkpt lat="22.51725945" lon="114.15473345"><ele>83.0634765625</ele><time>2017-11-18T04:14:01Z</time></trkpt><trkpt lat="22.51726879" lon="114.15476775"><ele>82.7275390625</ele><time>2017-11-18T04:14:03Z</time></trkpt><trkpt lat="22.51727491" lon="114.15479752"><ele>84.03759765625</ele><time>2017-11-18T04:14:05Z</time></trkpt><trkpt lat="22.51728273" lon="114.15482239"><ele>83.771728515625</ele><time>2017-11-18T04:14:07Z</time></trkpt><trkpt lat="22.51728716" lon="114.15484285"><ele>84.135009765625</ele><time>2017-11-18T04:14:10Z</time></trkpt><trkpt lat="22.51729192" lon="114.15486328"><ele>83.4327392578125</ele><time>2017-11-18T04:14:12Z</time></trkpt><trkpt lat="22.51729645" lon="114.1548872"><ele>83.02008056640625</ele><time>2017-11-18T04:14:14Z</time></trkpt><trkpt lat="22.51730364" lon="114.15491142"><ele>83.531494140625</ele><time>2017-11-18T04:14:16Z</time></trkpt><trkpt lat="22.51731407" lon="114.15494788"><ele>82.60223388671875</ele><time>2017-11-18T04:14:18Z</time></trkpt><trkpt lat="22.51732406" lon="114.15497813"><ele>81.00177001953125</ele><time>2017-11-18T04:14:20Z</time></trkpt><trkpt lat="22.51733028" lon="114.15500361"><ele>79.49249267578125</ele><time>2017-11-18T04:14:22Z</time></trkpt><trkpt lat="22.51733592" lon="114.15503046"><ele>78.22247314453125</ele><time>2017-11-18T04:14:24Z</time></trkpt><trkpt lat="22.51734087" lon="114.15506247"><ele>78.9730224609375</ele><time>2017-11-18T04:14:26Z</time></trkpt><trkpt lat="22.5173501" lon="114.15509909"><ele>78.9197998046875</ele><time>2017-11-18T04:14:28Z</time></trkpt><trkpt lat="22.51735527" lon="114.15511915"><ele>78.6138916015625</ele><time>2017-11-18T04:14:29Z</time></trkpt><trkpt lat="22.5173608" lon="114.15513877"><ele>78.80029296875</ele><time>2017-11-18T04:14:30Z</time></trkpt><trkpt lat="22.51737011" lon="114.15516878"><ele>78.98785400390625</ele><time>2017-11-18T04:14:32Z</time></trkpt><trkpt lat="22.51737948" lon="114.15518715"><ele>77.746337890625</ele><time>2017-11-18T04:14:35Z</time></trkpt><trkpt lat="22.51738591" lon="114.15521261"><ele>77.94140625</ele><time>2017-11-18T04:14:37Z</time></trkpt><trkpt lat="22.51738997" lon="114.15523398"><ele>77.2921142578125</ele><time>2017-11-18T04:14:39Z</time></trkpt><trkpt lat="22.51739539" lon="114.15526373"><ele>77.68426513671875</ele><time>2017-11-18T04:14:41Z</time></trkpt><trkpt lat="22.51739954" lon="114.15529207"><ele>77.66790771484375</ele><time>2017-11-18T04:14:43Z</time></trkpt><trkpt lat="22.51740267" lon="114.15531193"><ele>78.53656005859375</ele><time>2017-11-18T04:14:46Z</time></trkpt><trkpt lat="22.51740473" lon="114.15533162"><ele>79.06591796875</ele><time>2017-11-18T04:14:48Z</time></trkpt><trkpt lat="22.51740146" lon="114.15535945"><ele>81.35772705078125</ele><time>2017-11-18T04:14:54Z</time></trkpt><trkpt lat="22.5173987" lon="114.15538741"><ele>80.4625244140625</ele><time>2017-11-18T04:14:56Z</time></trkpt><trkpt lat="22.51740113" lon="114.15541547"><ele>79.54827880859375</ele><time>2017-11-18T04:14:58Z</time></trkpt><trkpt lat="22.51740406" lon="114.15543976"><ele>78.61968994140625</ele><time>2017-11-18T04:15:00Z</time></trkpt><trkpt lat="22.51740059" lon="114.15546368"><ele>77.1866455078125</ele><time>2017-11-18T04:15:02Z</time></trkpt><trkpt lat="22.51739416" lon="114.15548956"><ele>77.42095947265625</ele><time>2017-11-18T04:15:04Z</time></trkpt><trkpt lat="22.51738833" lon="114.15551213"><ele>78.4537353515625</ele><time>2017-11-18T04:15:06Z</time></trkpt><trkpt lat="22.51738014" lon="114.15553122"><ele>79.17657470703125</ele><time>2017-11-18T04:15:08Z</time></trkpt><trkpt lat="22.51738033" lon="114.15555412"><ele>79.2479248046875</ele><time>2017-11-18T04:15:12Z</time></trkpt><trkpt lat="22.51738585" lon="114.15557837"><ele>78.7357177734375</ele><time>2017-11-18T04:15:14Z</time></trkpt><trkpt lat="22.51738548" lon="114.15559932"><ele>77.7767333984375</ele><time>2017-11-18T04:15:16Z</time></trkpt><trkpt lat="22.51737808" lon="114.15562784"><ele>79.622314453125</ele><time>2017-11-18T04:15:18Z</time></trkpt><trkpt lat="22.51737161" lon="114.15566045"><ele>79.83123779296875</ele><time>2017-11-18T04:15:20Z</time></trkpt><trkpt lat="22.51736579" lon="114.1556837"><ele>79.5869140625</ele><time>2017-11-18T04:15:23Z</time></trkpt><trkpt lat="22.51736274" lon="114.15570541"><ele>80.57574462890625</ele><time>2017-11-18T04:15:25Z</time></trkpt><trkpt lat="22.5173624" lon="114.15572836"><ele>80.864990234375</ele><time>2017-11-18T04:15:27Z</time></trkpt><trkpt lat="22.51736725" lon="114.15575526"><ele>81.58514404296875</ele><time>2017-11-18T04:15:30Z</time></trkpt><trkpt lat="22.51737251" lon="114.15577467"><ele>81.3768310546875</ele><time>2017-11-18T04:15:32Z</time></trkpt><trkpt lat="22.51737444" lon="114.15580156"><ele>82.8836669921875</ele><time>2017-11-18T04:15:35Z</time></trkpt><trkpt lat="22.51736494" lon="114.15583363"><ele>84.8416748046875</ele><time>2017-11-18T04:15:38Z</time></trkpt><trkpt lat="22.51735991" lon="114.15585631"><ele>85.69500732421875</ele><time>2017-11-18T04:15:40Z</time></trkpt><trkpt lat="22.51735394" lon="114.15587518"><ele>86.84674072265625</ele><time>2017-11-18T04:15:42Z</time></trkpt><trkpt lat="22.51735282" lon="114.15590086"><ele>85.29052734375</ele><time>2017-11-18T04:15:45Z</time></trkpt><trkpt lat="22.5173518" lon="114.15592064"><ele>85.1484375</ele><time>2017-11-18T04:15:47Z</time></trkpt><trkpt lat="22.51735234" lon="114.15595095"><ele>85.056640625</ele><time>2017-11-18T04:15:50Z</time></trkpt><trkpt lat="22.51735271" lon="114.15597412"><ele>84.89794921875</ele><time>2017-11-18T04:15:52Z</time></trkpt><trkpt lat="22.51735476" lon="114.15599637"><ele>86.03424072265625</ele><time>2017-11-18T04:15:55Z</time></trkpt><trkpt lat="22.51735976" lon="114.15602033"><ele>86.9906005859375</ele><time>2017-11-18T04:15:58Z</time></trkpt><trkpt lat="22.51736747" lon="114.15604129"><ele>87.52783203125</ele><time>2017-11-18T04:16:00Z</time></trkpt><trkpt lat="22.51737606" lon="114.15606583"><ele>84.43475341796875</ele><time>2017-11-18T04:16:02Z</time></trkpt><trkpt lat="22.51737972" lon="114.15609182"><ele>85.1826171875</ele><time>2017-11-18T04:16:04Z</time></trkpt><trkpt lat="22.51738142" lon="114.15611591"><ele>82.2969970703125</ele><time>2017-11-18T04:16:07Z</time></trkpt><trkpt lat="22.51738749" lon="114.15614012"><ele>80.84942626953125</ele><time>2017-11-18T04:16:11Z</time></trkpt><trkpt lat="22.51739607" lon="114.15616295"><ele>80.47552490234375</ele><time>2017-11-18T04:16:13Z</time></trkpt><trkpt lat="22.5174051" lon="114.15619066"><ele>80.0521240234375</ele><time>2017-11-18T04:16:15Z</time></trkpt><trkpt lat="22.51740461" lon="114.15621232"><ele>81.55938720703125</ele><time>2017-11-18T04:16:17Z</time></trkpt><trkpt lat="22.51741279" lon="114.15624231"><ele>81.35430908203125</ele><time>2017-11-18T04:16:19Z</time></trkpt><trkpt lat="22.51742174" lon="114.15627059"><ele>80.86083984375</ele><time>2017-11-18T04:16:22Z</time></trkpt><trkpt lat="22.51742827" lon="114.15629345"><ele>81.423828125</ele><time>2017-11-18T04:16:24Z</time></trkpt><trkpt lat="22.51741372" lon="114.15628071"><ele>81.0035400390625</ele><time>2017-11-18T04:18:24Z</time></trkpt><trkpt lat="22.51741205" lon="114.15630487"><ele>82.2786865234375</ele><time>2017-11-18T04:18:41Z</time></trkpt><trkpt lat="22.51742176" lon="114.15632139"><ele>83.2193603515625</ele><time>2017-11-18T04:18:44Z</time></trkpt><trkpt lat="22.51742992" lon="114.15634159"><ele>82.0091552734375</ele><time>2017-11-18T04:19:01Z</time></trkpt><trkpt lat="22.51743698" lon="114.15635951"><ele>82.14990234375</ele><time>2017-11-18T04:19:06Z</time></trkpt><trkpt lat="22.51745222" lon="114.15638039"><ele>81.8848876953125</ele><time>2017-11-18T04:19:09Z</time></trkpt><trkpt lat="22.51747103" lon="114.15639929"><ele>81.82177734375</ele><time>2017-11-18T04:19:12Z</time></trkpt><trkpt lat="22.51749358" lon="114.15640897"><ele>81.5758056640625</ele><time>2017-11-18T04:19:16Z</time></trkpt><trkpt lat="22.51750827" lon="114.15642104"><ele>86.3114013671875</ele><time>2017-11-18T04:19:44Z</time></trkpt><trkpt lat="22.51752292" lon="114.15643463"><ele>85.50830078125</ele><time>2017-11-18T04:19:47Z</time></trkpt><trkpt lat="22.51753585" lon="114.15645636"><ele>82.77392578125</ele><time>2017-11-18T04:19:53Z</time></trkpt><trkpt lat="22.51755078" lon="114.15646924"><ele>83.30377197265625</ele><time>2017-11-18T04:19:55Z</time></trkpt><trkpt lat="22.51757059" lon="114.156481"><ele>82.986083984375</ele><time>2017-11-18T04:19:57Z</time></trkpt><trkpt lat="22.5175896" lon="114.15649186"><ele>81.227294921875</ele><time>2017-11-18T04:20:00Z</time></trkpt><trkpt lat="22.51760859" lon="114.1564987"><ele>81.38360595703125</ele><time>2017-11-18T04:20:02Z</time></trkpt><trkpt lat="22.5176332" lon="114.15651146"><ele>81.20074462890625</ele><time>2017-11-18T04:20:05Z</time></trkpt><trkpt lat="22.51765107" lon="114.15652372"><ele>80.57379150390625</ele><time>2017-11-18T04:20:07Z</time></trkpt><trkpt lat="22.51766213" lon="114.15654836"><ele>79.2391357421875</ele><time>2017-11-18T04:20:11Z</time></trkpt><trkpt lat="22.51766959" lon="114.1565748"><ele>79.4384765625</ele><time>2017-11-18T04:20:14Z</time></trkpt><trkpt lat="22.51768488" lon="114.15658515"><ele>80.84844970703125</ele><time>2017-11-18T04:20:16Z</time></trkpt><trkpt lat="22.51770513" lon="114.15660288"><ele>81.965576171875</ele><time>2017-11-18T04:20:19Z</time></trkpt><trkpt lat="22.51771941" lon="114.15662193"><ele>83.605224609375</ele><time>2017-11-18T04:20:21Z</time></trkpt><trkpt lat="22.51773532" lon="114.15663371"><ele>85.10858154296875</ele><time>2017-11-18T04:20:23Z</time></trkpt><trkpt lat="22.51775572" lon="114.15664822"><ele>86.31036376953125</ele><time>2017-11-18T04:20:25Z</time></trkpt><trkpt lat="22.51777382" lon="114.15666863"><ele>87.3681640625</ele><time>2017-11-18T04:20:28Z</time></trkpt><trkpt lat="22.51778641" lon="114.15668538"><ele>86.5877685546875</ele><time>2017-11-18T04:20:30Z</time></trkpt><trkpt lat="22.51780947" lon="114.15670906"><ele>88.02008056640625</ele><time>2017-11-18T04:20:33Z</time></trkpt><trkpt lat="22.51783024" lon="114.15672972"><ele>87.520751953125</ele><time>2017-11-18T04:20:36Z</time></trkpt><trkpt lat="22.51784339" lon="114.15674484"><ele>86.83966064453125</ele><time>2017-11-18T04:20:38Z</time></trkpt><trkpt lat="22.51785939" lon="114.15675958"><ele>87.04547119140625</ele><time>2017-11-18T04:20:47Z</time></trkpt><trkpt lat="22.51787703" lon="114.15677084"><ele>88.32965087890625</ele><time>2017-11-18T04:20:49Z</time></trkpt><trkpt lat="22.51788917" lon="114.15678849"><ele>88.09033203125</ele><time>2017-11-18T04:20:51Z</time></trkpt><trkpt lat="22.51790208" lon="114.15680789"><ele>89.1683349609375</ele><time>2017-11-18T04:20:54Z</time></trkpt><trkpt lat="22.5179169" lon="114.15682452"><ele>89.4039306640625</ele><time>2017-11-18T04:20:56Z</time></trkpt><trkpt lat="22.51793103" lon="114.15684543"><ele>89.0938720703125</ele><time>2017-11-18T04:20:58Z</time></trkpt><trkpt lat="22.51794398" lon="114.15686195"><ele>89.1715087890625</ele><time>2017-11-18T04:21:00Z</time></trkpt><trkpt lat="22.51795868" lon="114.15687978"><ele>89.1297607421875</ele><time>2017-11-18T04:21:03Z</time></trkpt><trkpt lat="22.51797176" lon="114.15690388"><ele>88.37030029296875</ele><time>2017-11-18T04:21:05Z</time></trkpt><trkpt lat="22.51798131" lon="114.15692113"><ele>86.47802734375</ele><time>2017-11-18T04:21:08Z</time></trkpt><trkpt lat="22.51799313" lon="114.15693683"><ele>85.806884765625</ele><time>2017-11-18T04:21:10Z</time></trkpt><trkpt lat="22.51800101" lon="114.15695644"><ele>83.869384765625</ele><time>2017-11-18T04:21:12Z</time></trkpt><trkpt lat="22.51801548" lon="114.15698024"><ele>84.98358154296875</ele><time>2017-11-18T04:21:15Z</time></trkpt><trkpt lat="22.5180283" lon="114.15700022"><ele>84.532470703125</ele><time>2017-11-18T04:21:17Z</time></trkpt><trkpt lat="22.51804531" lon="114.15702703"><ele>84.1573486328125</ele><time>2017-11-18T04:21:19Z</time></trkpt><trkpt lat="22.51805887" lon="114.15705131"><ele>83.8902587890625</ele><time>2017-11-18T04:21:21Z</time></trkpt><trkpt lat="22.51807714" lon="114.15707466"><ele>83.06427001953125</ele><time>2017-11-18T04:21:24Z</time></trkpt><trkpt lat="22.51809112" lon="114.15709502"><ele>81.8548583984375</ele><time>2017-11-18T04:21:26Z</time></trkpt><trkpt lat="22.5181013" lon="114.15711662"><ele>82.826904296875</ele><time>2017-11-18T04:21:28Z</time></trkpt><trkpt lat="22.51811084" lon="114.15714094"><ele>83.5897216796875</ele><time>2017-11-18T04:21:30Z</time></trkpt><trkpt lat="22.51811335" lon="114.15716277"><ele>82.33428955078125</ele><time>2017-11-18T04:21:33Z</time></trkpt><trkpt lat="22.51811711" lon="114.15718338"><ele>80.2750244140625</ele><time>2017-11-18T04:21:39Z</time></trkpt><trkpt lat="22.51811916" lon="114.15720824"><ele>79.279296875</ele><time>2017-11-18T04:21:41Z</time></trkpt><trkpt lat="22.5181197" lon="114.15723401"><ele>78.53363037109375</ele><time>2017-11-18T04:21:43Z</time></trkpt><trkpt lat="22.5181203" lon="114.15725979"><ele>78.4290771484375</ele><time>2017-11-18T04:21:45Z</time></trkpt><trkpt lat="22.5181254" lon="114.15728553"><ele>79.75689697265625</ele><time>2017-11-18T04:21:47Z</time></trkpt><trkpt lat="22.51812993" lon="114.15731139"><ele>79.72021484375</ele><time>2017-11-18T04:21:49Z</time></trkpt><trkpt lat="22.51813205" lon="114.15733454"><ele>78.95538330078125</ele><time>2017-11-18T04:21:51Z</time></trkpt><trkpt lat="22.518127" lon="114.15735829"><ele>79.1717529296875</ele><time>2017-11-18T04:21:53Z</time></trkpt><trkpt lat="22.51812336" lon="114.1573826"><ele>77.7633056640625</ele><time>2017-11-18T04:21:55Z</time></trkpt><trkpt lat="22.51812084" lon="114.15740756"><ele>76.9053955078125</ele><time>2017-11-18T04:21:57Z</time></trkpt><trkpt lat="22.51811711" lon="114.15743578"><ele>76.0780029296875</ele><time>2017-11-18T04:22:00Z</time></trkpt><trkpt lat="22.51811537" lon="114.15745655"><ele>75.24700927734375</ele><time>2017-11-18T04:22:02Z</time></trkpt><trkpt lat="22.51811507" lon="114.15747609"><ele>75.97515869140625</ele><time>2017-11-18T04:22:04Z</time></trkpt><trkpt lat="22.51812019" lon="114.15750066"><ele>75.228271484375</ele><time>2017-11-18T04:22:07Z</time></trkpt><trkpt lat="22.51812761" lon="114.15751871"><ele>74.96136474609375</ele><time>2017-11-18T04:22:09Z</time></trkpt><trkpt lat="22.51813281" lon="114.15753984"><ele>74.6907958984375</ele><time>2017-11-18T04:22:12Z</time></trkpt><trkpt lat="22.51813991" lon="114.15756177"><ele>73.62628173828125</ele><time>2017-11-18T04:22:14Z</time></trkpt><trkpt lat="22.51815181" lon="114.15758733"><ele>72.9837646484375</ele><time>2017-11-18T04:22:16Z</time></trkpt><trkpt lat="22.51816541" lon="114.15762095"><ele>72.7760009765625</ele><time>2017-11-18T04:22:18Z</time></trkpt><trkpt lat="22.51817461" lon="114.15764255"><ele>72.62774658203125</ele><time>2017-11-18T04:22:19Z</time></trkpt><trkpt lat="22.51818523" lon="114.15766199"><ele>72.6873779296875</ele><time>2017-11-18T04:22:20Z</time></trkpt><trkpt lat="22.51819725" lon="114.15767924"><ele>72.228759765625</ele><time>2017-11-18T04:22:22Z</time></trkpt><trkpt lat="22.51820808" lon="114.15769801"><ele>71.4478759765625</ele><time>2017-11-18T04:22:25Z</time></trkpt><trkpt lat="22.51821816" lon="114.15771782"><ele>70.8468017578125</ele><time>2017-11-18T04:22:27Z</time></trkpt><trkpt lat="22.51823172" lon="114.15774771"><ele>71.421875</ele><time>2017-11-18T04:22:29Z</time></trkpt><trkpt lat="22.51824367" lon="114.15777624"><ele>71.9779052734375</ele><time>2017-11-18T04:22:31Z</time></trkpt><trkpt lat="22.51825514" lon="114.15780164"><ele>71.33355712890625</ele><time>2017-11-18T04:22:33Z</time></trkpt><trkpt lat="22.51826803" lon="114.1578305"><ele>72.169677734375</ele><time>2017-11-18T04:22:36Z</time></trkpt><trkpt lat="22.51828356" lon="114.15785393"><ele>72.854736328125</ele><time>2017-11-18T04:22:38Z</time></trkpt><trkpt lat="22.51829925" lon="114.15787334"><ele>73.7633056640625</ele><time>2017-11-18T04:22:41Z</time></trkpt><trkpt lat="22.51831491" lon="114.15789486"><ele>74.36602783203125</ele><time>2017-11-18T04:22:43Z</time></trkpt><trkpt lat="22.51833191" lon="114.1579193"><ele>74.5478515625</ele><time>2017-11-18T04:22:45Z</time></trkpt><trkpt lat="22.51835096" lon="114.15794615"><ele>74.023681640625</ele><time>2017-11-18T04:22:47Z</time></trkpt><trkpt lat="22.51836553" lon="114.15797166"><ele>73.44378662109375</ele><time>2017-11-18T04:22:49Z</time></trkpt><trkpt lat="22.51838431" lon="114.15798564"><ele>73.8262939453125</ele><time>2017-11-18T04:22:52Z</time></trkpt><trkpt lat="22.51840936" lon="114.15800287"><ele>74.2410888671875</ele><time>2017-11-18T04:22:55Z</time></trkpt><trkpt lat="22.51842573" lon="114.15802114"><ele>74.337646484375</ele><time>2017-11-18T04:22:57Z</time></trkpt><trkpt lat="22.51843893" lon="114.15804073"><ele>73.254638671875</ele><time>2017-11-18T04:23:00Z</time></trkpt><trkpt lat="22.51845475" lon="114.15805332"><ele>73.77716064453125</ele><time>2017-11-18T04:23:02Z</time></trkpt><trkpt lat="22.51847621" lon="114.15806903"><ele>73.98199462890625</ele><time>2017-11-18T04:23:04Z</time></trkpt><trkpt lat="22.51849505" lon="114.1580853"><ele>73.76715087890625</ele><time>2017-11-18T04:23:06Z</time></trkpt><trkpt lat="22.51850911" lon="114.15809806"><ele>74.57904052734375</ele><time>2017-11-18T04:23:08Z</time></trkpt><trkpt lat="22.51852313" lon="114.15811165"><ele>72.6153564453125</ele><time>2017-11-18T04:23:10Z</time></trkpt><trkpt lat="22.51853815" lon="114.15812597"><ele>70.1318359375</ele><time>2017-11-18T04:23:13Z</time></trkpt><trkpt lat="22.51855919" lon="114.15814617"><ele>67.70745849609375</ele><time>2017-11-18T04:23:16Z</time></trkpt><trkpt lat="22.51857864" lon="114.15816996"><ele>67.99945068359375</ele><time>2017-11-18T04:23:18Z</time></trkpt><trkpt lat="22.51859897" lon="114.15820065"><ele>66.2066650390625</ele><time>2017-11-18T04:23:20Z</time></trkpt><trkpt lat="22.51862556" lon="114.15822791"><ele>66.3519287109375</ele><time>2017-11-18T04:23:22Z</time></trkpt><trkpt lat="22.51864222" lon="114.15823678"><ele>67.3775634765625</ele><time>2017-11-18T04:23:23Z</time></trkpt><trkpt lat="22.51866642" lon="114.15824668"><ele>66.0010986328125</ele><time>2017-11-18T04:23:25Z</time></trkpt><trkpt lat="22.51868237" lon="114.15826617"><ele>65.34765625</ele><time>2017-11-18T04:23:27Z</time></trkpt><trkpt lat="22.51869227" lon="114.15828417"><ele>64.402099609375</ele><time>2017-11-18T04:23:29Z</time></trkpt><trkpt lat="22.51870622" lon="114.15829691"><ele>64.529052734375</ele><time>2017-11-18T04:23:31Z</time></trkpt><trkpt lat="22.51872298" lon="114.15830879"><ele>64.68829345703125</ele><time>2017-11-18T04:23:34Z</time></trkpt><trkpt lat="22.51873934" lon="114.15831982"><ele>63.99127197265625</ele><time>2017-11-18T04:23:36Z</time></trkpt><trkpt lat="22.51876213" lon="114.15834314"><ele>63.75299072265625</ele><time>2017-11-18T04:23:38Z</time></trkpt><trkpt lat="22.51877488" lon="114.1583576"><ele>63.7835693359375</ele><time>2017-11-18T04:23:39Z</time></trkpt><trkpt lat="22.51880247" lon="114.15838193"><ele>64.3804931640625</ele><time>2017-11-18T04:23:41Z</time></trkpt><trkpt lat="22.5188338" lon="114.15840493"><ele>64.80023193359375</ele><time>2017-11-18T04:23:43Z</time></trkpt><trkpt lat="22.51885782" lon="114.15842673"><ele>60.553466796875</ele><time>2017-11-18T04:23:45Z</time></trkpt><trkpt lat="22.51887142" lon="114.15845038"><ele>58.4168701171875</ele><time>2017-11-18T04:23:47Z</time></trkpt><trkpt lat="22.51888459" lon="114.15847082"><ele>57.483154296875</ele><time>2017-11-18T04:23:49Z</time></trkpt><trkpt lat="22.51890202" lon="114.15848705"><ele>56.56884765625</ele><time>2017-11-18T04:23:51Z</time></trkpt><trkpt lat="22.51891979" lon="114.15850147"><ele>55.99481201171875</ele><time>2017-11-18T04:23:53Z</time></trkpt><trkpt lat="22.51894024" lon="114.15851325"><ele>56.72711181640625</ele><time>2017-11-18T04:23:55Z</time></trkpt><trkpt lat="22.51896065" lon="114.15853291"><ele>55.79180908203125</ele><time>2017-11-18T04:23:57Z</time></trkpt><trkpt lat="22.51897736" lon="114.15855324"><ele>55.28558349609375</ele><time>2017-11-18T04:23:59Z</time></trkpt><trkpt lat="22.51899659" lon="114.15857427"><ele>53.47418212890625</ele><time>2017-11-18T04:24:01Z</time></trkpt><trkpt lat="22.51901001" lon="114.15859321"><ele>53.44183349609375</ele><time>2017-11-18T04:24:03Z</time></trkpt><trkpt lat="22.51902182" lon="114.1586175"><ele>52.90582275390625</ele><time>2017-11-18T04:24:05Z</time></trkpt><trkpt lat="22.51903531" lon="114.15864411"><ele>53.88201904296875</ele><time>2017-11-18T04:24:07Z</time></trkpt><trkpt lat="22.51905215" lon="114.1586735"><ele>55.3907470703125</ele><time>2017-11-18T04:24:09Z</time></trkpt><trkpt lat="22.51906693" lon="114.15870076"><ele>55.7965087890625</ele><time>2017-11-18T04:24:11Z</time></trkpt><trkpt lat="22.51908018" lon="114.15872864"><ele>55.9752197265625</ele><time>2017-11-18T04:24:13Z</time></trkpt><trkpt lat="22.51909129" lon="114.15875504"><ele>56.83648681640625</ele><time>2017-11-18T04:24:15Z</time></trkpt><trkpt lat="22.51910138" lon="114.15877427"><ele>56.90753173828125</ele><time>2017-11-18T04:24:17Z</time></trkpt><trkpt lat="22.51911404" lon="114.15879041"><ele>58.4093017578125</ele><time>2017-11-18T04:24:19Z</time></trkpt><trkpt lat="22.51912907" lon="114.15880843"><ele>59.9241943359375</ele><time>2017-11-18T04:24:21Z</time></trkpt><trkpt lat="22.5191513" lon="114.15883249"><ele>61.6173095703125</ele><time>2017-11-18T04:24:23Z</time></trkpt><trkpt lat="22.5191772" lon="114.15885536"><ele>61.9635009765625</ele><time>2017-11-18T04:24:25Z</time></trkpt><trkpt lat="22.51920614" lon="114.15887431"><ele>61.291259765625</ele><time>2017-11-18T04:24:27Z</time></trkpt><trkpt lat="22.51923063" lon="114.15889755"><ele>62.22412109375</ele><time>2017-11-18T04:24:29Z</time></trkpt><trkpt lat="22.51925165" lon="114.15892504"><ele>63.40032958984375</ele><time>2017-11-18T04:24:31Z</time></trkpt><trkpt lat="22.51926786" lon="114.15895512"><ele>62.01409912109375</ele><time>2017-11-18T04:24:33Z</time></trkpt><trkpt lat="22.51927878" lon="114.15898937"><ele>63.08837890625</ele><time>2017-11-18T04:24:35Z</time></trkpt><trkpt lat="22.51928515" lon="114.15901791"><ele>60.4049072265625</ele><time>2017-11-18T04:24:37Z</time></trkpt><trkpt lat="22.51928998" lon="114.15903698"><ele>60.83099365234375</ele><time>2017-11-18T04:24:40Z</time></trkpt><trkpt lat="22.51929906" lon="114.15905601"><ele>60.97607421875</ele><time>2017-11-18T04:24:44Z</time></trkpt><trkpt lat="22.51930794" lon="114.15907551"><ele>59.75238037109375</ele><time>2017-11-18T04:24:46Z</time></trkpt><trkpt lat="22.51931534" lon="114.15909488"><ele>58.349609375</ele><time>2017-11-18T04:24:48Z</time></trkpt><trkpt lat="22.51932658" lon="114.15911739"><ele>57.98980712890625</ele><time>2017-11-18T04:24:50Z</time></trkpt><trkpt lat="22.51934401" lon="114.15914335"><ele>58.22845458984375</ele><time>2017-11-18T04:24:52Z</time></trkpt><trkpt lat="22.51935524" lon="114.15916499"><ele>57.967529296875</ele><time>2017-11-18T04:24:54Z</time></trkpt><trkpt lat="22.51936666" lon="114.1591915"><ele>55.732177734375</ele><time>2017-11-18T04:24:56Z</time></trkpt><trkpt lat="22.51938111" lon="114.15922328"><ele>56.4993896484375</ele><time>2017-11-18T04:24:58Z</time></trkpt><trkpt lat="22.51939337" lon="114.15925122"><ele>57.29571533203125</ele><time>2017-11-18T04:25:00Z</time></trkpt><trkpt lat="22.51939628" lon="114.15927076"><ele>55.54180908203125</ele><time>2017-11-18T04:25:02Z</time></trkpt><trkpt lat="22.51939182" lon="114.15929184"><ele>52.9051513671875</ele><time>2017-11-18T04:25:04Z</time></trkpt><trkpt lat="22.51938626" lon="114.15931715"><ele>51.6365966796875</ele><time>2017-11-18T04:25:06Z</time></trkpt><trkpt lat="22.51938583" lon="114.15934316"><ele>52.65496826171875</ele><time>2017-11-18T04:25:09Z</time></trkpt><trkpt lat="22.51938431" lon="114.15936858"><ele>51.3560791015625</ele><time>2017-11-18T04:25:11Z</time></trkpt><trkpt lat="22.51938162" lon="114.1594011"><ele>50.8095703125</ele><time>2017-11-18T04:25:13Z</time></trkpt><trkpt lat="22.51938268" lon="114.15943058"><ele>51.243896484375</ele><time>2017-11-18T04:25:15Z</time></trkpt><trkpt lat="22.51938346" lon="114.15945835"><ele>49.0135498046875</ele><time>2017-11-18T04:25:17Z</time></trkpt><trkpt lat="22.51938634" lon="114.15948957"><ele>48.36077880859375</ele><time>2017-11-18T04:25:19Z</time></trkpt><trkpt lat="22.51939388" lon="114.15951825"><ele>48.07562255859375</ele><time>2017-11-18T04:25:21Z</time></trkpt><trkpt lat="22.5194031" lon="114.15955338"><ele>47.81390380859375</ele><time>2017-11-18T04:25:23Z</time></trkpt><trkpt lat="22.51941114" lon="114.15958683"><ele>48.31573486328125</ele><time>2017-11-18T04:25:25Z</time></trkpt><trkpt lat="22.51941747" lon="114.15961833"><ele>48.54296875</ele><time>2017-11-18T04:25:27Z</time></trkpt><trkpt lat="22.51942686" lon="114.15964908"><ele>47.837890625</ele><time>2017-11-18T04:25:29Z</time></trkpt><trkpt lat="22.51944144" lon="114.15967881"><ele>45.442626953125</ele><time>2017-11-18T04:25:31Z</time></trkpt><trkpt lat="22.51945699" lon="114.15970748"><ele>46.03912353515625</ele><time>2017-11-18T04:25:33Z</time></trkpt><trkpt lat="22.51947625" lon="114.15973393"><ele>46.439208984375</ele><time>2017-11-18T04:25:35Z</time></trkpt><trkpt lat="22.51949537" lon="114.15976492"><ele>45.7918701171875</ele><time>2017-11-18T04:25:37Z</time></trkpt><trkpt lat="22.51951057" lon="114.159792"><ele>44.2366943359375</ele><time>2017-11-18T04:25:39Z</time></trkpt><trkpt lat="22.51951999" lon="114.15981081"><ele>41.8338623046875</ele><time>2017-11-18T04:25:41Z</time></trkpt><trkpt lat="22.51952398" lon="114.15983915"><ele>41.4486083984375</ele><time>2017-11-18T04:25:44Z</time></trkpt><trkpt lat="22.51952933" lon="114.15986654"><ele>41.16607666015625</ele><time>2017-11-18T04:25:46Z</time></trkpt><trkpt lat="22.51953416" lon="114.15989485"><ele>40.541259765625</ele><time>2017-11-18T04:25:48Z</time></trkpt><trkpt lat="22.51953235" lon="114.15991939"><ele>41.80908203125</ele><time>2017-11-18T04:25:50Z</time></trkpt><trkpt lat="22.51953271" lon="114.15994437"><ele>41.70953369140625</ele><time>2017-11-18T04:25:52Z</time></trkpt><trkpt lat="22.51954167" lon="114.15997457"><ele>39.98150634765625</ele><time>2017-11-18T04:25:54Z</time></trkpt><trkpt lat="22.51954993" lon="114.15999927"><ele>35.8529052734375</ele><time>2017-11-18T04:25:56Z</time></trkpt><trkpt lat="22.51955541" lon="114.1600217"><ele>34.58746337890625</ele><time>2017-11-18T04:25:58Z</time></trkpt><trkpt lat="22.51956098" lon="114.16004529"><ele>35.21368408203125</ele><time>2017-11-18T04:26:01Z</time></trkpt><trkpt lat="22.51956978" lon="114.16006769"><ele>35.5980224609375</ele><time>2017-11-18T04:26:04Z</time></trkpt><trkpt lat="22.51957174" lon="114.16009853"><ele>31.9486083984375</ele><time>2017-11-18T04:26:06Z</time></trkpt><trkpt lat="22.51956851" lon="114.1601239"><ele>31.3590087890625</ele><time>2017-11-18T04:26:08Z</time></trkpt><trkpt lat="22.51956866" lon="114.16014773"><ele>31.4903564453125</ele><time>2017-11-18T04:26:10Z</time></trkpt><trkpt lat="22.51955898" lon="114.16016797"><ele>33.2432861328125</ele><time>2017-11-18T04:26:21Z</time></trkpt><trkpt lat="22.51955972" lon="114.16019054"><ele>31.61376953125</ele><time>2017-11-18T04:26:46Z</time></trkpt><trkpt lat="22.51954433" lon="114.16022027"><ele>32.27911376953125</ele><time>2017-11-18T04:26:54Z</time></trkpt><trkpt lat="22.5195225" lon="114.16024584"><ele>32.0291748046875</ele><time>2017-11-18T04:26:56Z</time></trkpt><trkpt lat="22.51950687" lon="114.16027403"><ele>29.5172119140625</ele><time>2017-11-18T04:26:58Z</time></trkpt><trkpt lat="22.5194953" lon="114.1603026"><ele>27.71490478515625</ele><time>2017-11-18T04:27:00Z</time></trkpt><trkpt lat="22.5194942" lon="114.16033009"><ele>27.58392333984375</ele><time>2017-11-18T04:27:02Z</time></trkpt><trkpt lat="22.51950241" lon="114.16036956"><ele>26.91485595703125</ele><time>2017-11-18T04:27:04Z</time></trkpt><trkpt lat="22.51950897" lon="114.16039222"><ele>26.29510498046875</ele><time>2017-11-18T04:27:06Z</time></trkpt><trkpt lat="22.51951859" lon="114.16041326"><ele>29.07879638671875</ele><time>2017-11-18T04:27:08Z</time></trkpt><trkpt lat="22.51953087" lon="114.16043308"><ele>28.7698974609375</ele><time>2017-11-18T04:27:10Z</time></trkpt><trkpt lat="22.51955135" lon="114.16045344"><ele>27.418701171875</ele><time>2017-11-18T04:27:13Z</time></trkpt><trkpt lat="22.51957123" lon="114.16046575"><ele>29.2694091796875</ele><time>2017-11-18T04:27:15Z</time></trkpt><trkpt lat="22.51959839" lon="114.16048469"><ele>29.714599609375</ele><time>2017-11-18T04:27:17Z</time></trkpt><trkpt lat="22.51962263" lon="114.16050326"><ele>29.528076171875</ele><time>2017-11-18T04:27:19Z</time></trkpt><trkpt lat="22.51964694" lon="114.16051571"><ele>29.93829345703125</ele><time>2017-11-18T04:27:21Z</time></trkpt><trkpt lat="22.51967939" lon="114.16053144"><ele>28.92364501953125</ele><time>2017-11-18T04:27:23Z</time></trkpt><trkpt lat="22.51969592" lon="114.16054277"><ele>28.3685302734375</ele><time>2017-11-18T04:27:24Z</time></trkpt><trkpt lat="22.51971592" lon="114.16055143"><ele>29.6199951171875</ele><time>2017-11-18T04:27:25Z</time></trkpt><trkpt lat="22.51973439" lon="114.16055931"><ele>30.54681396484375</ele><time>2017-11-18T04:27:26Z</time></trkpt><trkpt lat="22.51976291" lon="114.16057528"><ele>29.84326171875</ele><time>2017-11-18T04:27:28Z</time></trkpt><trkpt lat="22.51978261" lon="114.16058722"><ele>24.2574462890625</ele><time>2017-11-18T04:27:31Z</time></trkpt><trkpt lat="22.51978872" lon="114.16060956"><ele>25.51251220703125</ele><time>2017-11-18T04:27:34Z</time></trkpt><trkpt lat="22.51979087" lon="114.16063549"><ele>23.3846435546875</ele><time>2017-11-18T04:27:37Z</time></trkpt><trkpt lat="22.51980406" lon="114.16066391"><ele>26.60430908203125</ele><time>2017-11-18T04:27:39Z</time></trkpt><trkpt lat="22.51981915" lon="114.16069304"><ele>26.44854736328125</ele><time>2017-11-18T04:27:41Z</time></trkpt><trkpt lat="22.51983689" lon="114.16072062"><ele>26.84844970703125</ele><time>2017-11-18T04:27:43Z</time></trkpt><trkpt lat="22.51984551" lon="114.16073907"><ele>26.44171142578125</ele><time>2017-11-18T04:27:44Z</time></trkpt><trkpt lat="22.51985422" lon="114.1607573"><ele>26.48779296875</ele><time>2017-11-18T04:27:45Z</time></trkpt><trkpt lat="22.51987688" lon="114.1607867"><ele>26.9659423828125</ele><time>2017-11-18T04:27:47Z</time></trkpt><trkpt lat="22.51988903" lon="114.16080234"><ele>26.84228515625</ele><time>2017-11-18T04:27:48Z</time></trkpt><trkpt lat="22.5198986" lon="114.16082415"><ele>27.3524169921875</ele><time>2017-11-18T04:27:50Z</time></trkpt><trkpt lat="22.51990348" lon="114.16084709"><ele>26.05267333984375</ele><time>2017-11-18T04:27:52Z</time></trkpt><trkpt lat="22.51990625" lon="114.16087507"><ele>23.83282470703125</ele><time>2017-11-18T04:27:55Z</time></trkpt><trkpt lat="22.519904" lon="114.16089554"><ele>22.68743896484375</ele><time>2017-11-18T04:27:57Z</time></trkpt><trkpt lat="22.51990043" lon="114.16091959"><ele>23.15167236328125</ele><time>2017-11-18T04:27:59Z</time></trkpt><trkpt lat="22.51989905" lon="114.16094418"><ele>21.4927978515625</ele><time>2017-11-18T04:28:01Z</time></trkpt><trkpt lat="22.51989435" lon="114.16097394"><ele>20.8382568359375</ele><time>2017-11-18T04:28:03Z</time></trkpt><trkpt lat="22.51987876" lon="114.16100279"><ele>20.4891357421875</ele><time>2017-11-18T04:28:05Z</time></trkpt><trkpt lat="22.51985755" lon="114.16102114"><ele>16.81927490234375</ele><time>2017-11-18T04:28:07Z</time></trkpt><trkpt lat="22.51983843" lon="114.16104741"><ele>16.6910400390625</ele><time>2017-11-18T04:28:09Z</time></trkpt><trkpt lat="22.51982574" lon="114.16107629"><ele>16.16021728515625</ele><time>2017-11-18T04:28:11Z</time></trkpt><trkpt lat="22.51981801" lon="114.16110804"><ele>15.25787353515625</ele><time>2017-11-18T04:28:13Z</time></trkpt><trkpt lat="22.51981812" lon="114.16113512"><ele>16.42132568359375</ele><time>2017-11-18T04:28:16Z</time></trkpt><trkpt lat="22.51982972" lon="114.16115202"><ele>16.28326416015625</ele><time>2017-11-18T04:28:18Z</time></trkpt><trkpt lat="22.51984696" lon="114.16116485"><ele>15.9422607421875</ele><time>2017-11-18T04:28:20Z</time></trkpt><trkpt lat="22.51986534" lon="114.16116644"><ele>15.2794189453125</ele><time>2017-11-18T04:28:23Z</time></trkpt><trkpt lat="22.51988555" lon="114.16116573"><ele>15.3026123046875</ele><time>2017-11-18T04:28:26Z</time></trkpt><trkpt lat="22.51990446" lon="114.16117553"><ele>14.38043212890625</ele><time>2017-11-18T04:28:28Z</time></trkpt><trkpt lat="22.51992105" lon="114.16118734"><ele>12.45526123046875</ele><time>2017-11-18T04:28:30Z</time></trkpt><trkpt lat="22.51994198" lon="114.16120415"><ele>9.598052978515625</ele><time>2017-11-18T04:28:33Z</time></trkpt><trkpt lat="22.51995423" lon="114.16121985"><ele>9.995574951171875</ele><time>2017-11-18T04:28:35Z</time></trkpt><trkpt lat="22.51996646" lon="114.16124104"><ele>8.784912109375</ele><time>2017-11-18T04:28:37Z</time></trkpt><trkpt lat="22.51998415" lon="114.16125927"><ele>8.2708740234375</ele><time>2017-11-18T04:28:39Z</time></trkpt><trkpt lat="22.5200051" lon="114.16126946"><ele>8.747100830078125</ele><time>2017-11-18T04:28:42Z</time></trkpt><trkpt lat="22.52002655" lon="114.16127761"><ele>7.4609375</ele><time>2017-11-18T04:28:45Z</time></trkpt><trkpt lat="22.52004913" lon="114.16127693"><ele>7.218963623046875</ele><time>2017-11-18T04:28:47Z</time></trkpt><trkpt lat="22.52007401" lon="114.16128062"><ele>8.03326416015625</ele><time>2017-11-18T04:28:49Z</time></trkpt><trkpt lat="22.52010457" lon="114.16128655"><ele>8.5870361328125</ele><time>2017-11-18T04:28:51Z</time></trkpt><trkpt lat="22.52012723" lon="114.16129283"><ele>9.29449462890625</ele><time>2017-11-18T04:28:53Z</time></trkpt><trkpt lat="22.5201495" lon="114.16129547"><ele>8.75714111328125</ele><time>2017-11-18T04:28:55Z</time></trkpt><trkpt lat="22.52017468" lon="114.1612952"><ele>7.824981689453125</ele><time>2017-11-18T04:28:58Z</time></trkpt><trkpt lat="22.52019986" lon="114.16129841"><ele>6.677520751953125</ele><time>2017-11-18T04:29:01Z</time></trkpt><trkpt lat="22.52022272" lon="114.16130125"><ele>8.028961181640625</ele><time>2017-11-18T04:29:03Z</time></trkpt><trkpt lat="22.5202486" lon="114.16130192"><ele>8.7130126953125</ele><time>2017-11-18T04:29:05Z</time></trkpt><trkpt lat="22.52027029" lon="114.1613047"><ele>7.551116943359375</ele><time>2017-11-18T04:29:07Z</time></trkpt><trkpt lat="22.52029523" lon="114.16130408"><ele>7.4593505859375</ele><time>2017-11-18T04:29:09Z</time></trkpt><trkpt lat="22.52031342" lon="114.16129978"><ele>6.09027099609375</ele><time>2017-11-18T04:29:12Z</time></trkpt><trkpt lat="22.52033699" lon="114.16129525"><ele>5.4149169921875</ele><time>2017-11-18T04:29:14Z</time></trkpt><trkpt lat="22.52035803" lon="114.16130304"><ele>6.22064208984375</ele><time>2017-11-18T04:29:16Z</time></trkpt><trkpt lat="22.52037677" lon="114.1613098"><ele>7.46539306640625</ele><time>2017-11-18T04:29:18Z</time></trkpt><trkpt lat="22.52040456" lon="114.16131434"><ele>7.658660888671875</ele><time>2017-11-18T04:29:20Z</time></trkpt><trkpt lat="22.52042726" lon="114.16131433"><ele>8.99761962890625</ele><time>2017-11-18T04:29:22Z</time></trkpt><trkpt lat="22.52045068" lon="114.16130994"><ele>9.885650634765625</ele><time>2017-11-18T04:29:24Z</time></trkpt><trkpt lat="22.52047225" lon="114.16130526"><ele>9.789398193359375</ele><time>2017-11-18T04:29:26Z</time></trkpt><trkpt lat="22.52049542" lon="114.16130559"><ele>10.05126953125</ele><time>2017-11-18T04:29:28Z</time></trkpt><trkpt lat="22.52051649" lon="114.16131295"><ele>9.58392333984375</ele><time>2017-11-18T04:29:30Z</time></trkpt><trkpt lat="22.52053938" lon="114.16131785"><ele>11.95538330078125</ele><time>2017-11-18T04:29:32Z</time></trkpt><trkpt lat="22.52056304" lon="114.16132672"><ele>12.81695556640625</ele><time>2017-11-18T04:29:34Z</time></trkpt><trkpt lat="22.5205813" lon="114.16133499"><ele>11.5634765625</ele><time>2017-11-18T04:29:36Z</time></trkpt><trkpt lat="22.52059936" lon="114.16134665"><ele>11.20574951171875</ele><time>2017-11-18T04:29:38Z</time></trkpt><trkpt lat="22.52062034" lon="114.16135901"><ele>12.007080078125</ele><time>2017-11-18T04:29:40Z</time></trkpt><trkpt lat="22.52063717" lon="114.16137231"><ele>10.616943359375</ele><time>2017-11-18T04:29:42Z</time></trkpt><trkpt lat="22.52065585" lon="114.16137934"><ele>11.069732666015625</ele><time>2017-11-18T04:29:44Z</time></trkpt><trkpt lat="22.52067232" lon="114.16138731"><ele>11.75701904296875</ele><time>2017-11-18T04:29:46Z</time></trkpt><trkpt lat="22.5206924" lon="114.16139285"><ele>11.9263916015625</ele><time>2017-11-18T04:29:48Z</time></trkpt><trkpt lat="22.52071495" lon="114.1614006"><ele>12.30804443359375</ele><time>2017-11-18T04:29:50Z</time></trkpt><trkpt lat="22.52073936" lon="114.16141043"><ele>12.1932373046875</ele><time>2017-11-18T04:29:53Z</time></trkpt><trkpt lat="22.52075803" lon="114.16141589"><ele>9.87921142578125</ele><time>2017-11-18T04:29:55Z</time></trkpt><trkpt lat="22.52078088" lon="114.16142189"><ele>9.813446044921875</ele><time>2017-11-18T04:29:58Z</time></trkpt><trkpt lat="22.52079635" lon="114.16143194"><ele>10.5518798828125</ele><time>2017-11-18T04:30:00Z</time></trkpt><trkpt lat="22.52081237" lon="114.16144238"><ele>10.8775634765625</ele><time>2017-11-18T04:30:02Z</time></trkpt><trkpt lat="22.52083454" lon="114.16144505"><ele>7.1337890625</ele><time>2017-11-18T04:30:04Z</time></trkpt><trkpt lat="22.52085341" lon="114.16144958"><ele>9.3759765625</ele><time>2017-11-18T04:30:06Z</time></trkpt><trkpt lat="22.52087395" lon="114.16146098"><ele>10.098236083984375</ele><time>2017-11-18T04:30:08Z</time></trkpt><trkpt lat="22.5208974" lon="114.16146732"><ele>11.907073974609375</ele><time>2017-11-18T04:30:10Z</time></trkpt><trkpt lat="22.5209209" lon="114.16147019"><ele>13.21417236328125</ele><time>2017-11-18T04:30:12Z</time></trkpt><trkpt lat="22.52093902" lon="114.16147646"><ele>15.11669921875</ele><time>2017-11-18T04:30:14Z</time></trkpt><trkpt lat="22.52096511" lon="114.16148903"><ele>14.20892333984375</ele><time>2017-11-18T04:30:17Z</time></trkpt><trkpt lat="22.52099024" lon="114.16149556"><ele>14.90411376953125</ele><time>2017-11-18T04:30:19Z</time></trkpt><trkpt lat="22.52101362" lon="114.1614972"><ele>14.35137939453125</ele><time>2017-11-18T04:30:21Z</time></trkpt><trkpt lat="22.5210498" lon="114.16150072"><ele>13.9317626953125</ele><time>2017-11-18T04:30:23Z</time></trkpt><trkpt lat="22.52106761" lon="114.16150435"><ele>14.2681884765625</ele><time>2017-11-18T04:30:24Z</time></trkpt><trkpt lat="22.52109219" lon="114.1615118"><ele>13.15826416015625</ele><time>2017-11-18T04:30:26Z</time></trkpt><trkpt lat="22.52110943" lon="114.1615183"><ele>12.5150146484375</ele><time>2017-11-18T04:30:28Z</time></trkpt><trkpt lat="22.52113048" lon="114.16152793"><ele>10.71478271484375</ele><time>2017-11-18T04:30:30Z</time></trkpt><trkpt lat="22.52116165" lon="114.16154442"><ele>9.596466064453125</ele><time>2017-11-18T04:30:32Z</time></trkpt><trkpt lat="22.52117922" lon="114.16155012"><ele>9.695526123046875</ele><time>2017-11-18T04:30:33Z</time></trkpt><trkpt lat="22.52119827" lon="114.16155632"><ele>9.414703369140625</ele><time>2017-11-18T04:30:35Z</time></trkpt><trkpt lat="22.52121691" lon="114.16156062"><ele>8.8570556640625</ele><time>2017-11-18T04:30:37Z</time></trkpt><trkpt lat="22.52124247" lon="114.16156718"><ele>9.79022216796875</ele><time>2017-11-18T04:30:39Z</time></trkpt><trkpt lat="22.52127017" lon="114.16157207"><ele>9.76947021484375</ele><time>2017-11-18T04:30:41Z</time></trkpt><trkpt lat="22.5212998" lon="114.16157419"><ele>11.02069091796875</ele><time>2017-11-18T04:30:43Z</time></trkpt><trkpt lat="22.5213256" lon="114.161575"><ele>11.330291748046875</ele><time>2017-11-18T04:30:45Z</time></trkpt><trkpt lat="22.52135894" lon="114.16156854"><ele>11.684234619140625</ele><time>2017-11-18T04:30:47Z</time></trkpt><trkpt lat="22.52138948" lon="114.16156768"><ele>9.26434326171875</ele><time>2017-11-18T04:30:49Z</time></trkpt><trkpt lat="22.52141211" lon="114.16157352"><ele>7.02294921875</ele><time>2017-11-18T04:30:52Z</time></trkpt><trkpt lat="22.5214372" lon="114.16157095"><ele>8.610809326171875</ele><time>2017-11-18T04:30:55Z</time></trkpt><trkpt lat="22.52146192" lon="114.16156468"><ele>5.17645263671875</ele><time>2017-11-18T04:30:57Z</time></trkpt><trkpt lat="22.52148928" lon="114.16155823"><ele>2.909210205078125</ele><time>2017-11-18T04:30:59Z</time></trkpt><trkpt lat="22.52151046" lon="114.16156052"><ele>1.00653076171875</ele><time>2017-11-18T04:31:01Z</time></trkpt><trkpt lat="22.5215329" lon="114.16156393"><ele>3.5230712890625</ele><time>2017-11-18T04:31:04Z</time></trkpt><trkpt lat="22.52155972" lon="114.16156001"><ele>1.951507568359375</ele><time>2017-11-18T04:31:06Z</time></trkpt><trkpt lat="22.52158138" lon="114.16155203"><ele>1.417877197265625</ele><time>2017-11-18T04:31:10Z</time></trkpt><trkpt lat="22.52160374" lon="114.16155679"><ele>1.310699462890625</ele><time>2017-11-18T04:31:13Z</time></trkpt><trkpt lat="22.52161867" lon="114.16157003"><ele>1.692352294921875</ele><time>2017-11-18T04:31:15Z</time></trkpt><trkpt lat="22.52164589" lon="114.16159358"><ele>2.203155517578125</ele><time>2017-11-18T04:31:17Z</time></trkpt><trkpt lat="22.52166146" lon="114.16160452"><ele>2.571258544921875</ele><time>2017-11-18T04:31:18Z</time></trkpt><trkpt lat="22.52168445" lon="114.16162234"><ele>1.55120849609375</ele><time>2017-11-18T04:31:20Z</time></trkpt><trkpt lat="22.52169906" lon="114.16164483"><ele>0.986724853515625</ele><time>2017-11-18T04:31:22Z</time></trkpt><trkpt lat="22.52172353" lon="114.16166944"><ele>1.817718505859375</ele><time>2017-11-18T04:31:24Z</time></trkpt><trkpt lat="22.52174642" lon="114.16167994"><ele>2.85833740234375</ele><time>2017-11-18T04:31:26Z</time></trkpt><trkpt lat="22.52176623" lon="114.1616818"><ele>3.626190185546875</ele><time>2017-11-18T04:31:28Z</time></trkpt><trkpt lat="22.52179359" lon="114.16167288"><ele>5.284881591796875</ele><time>2017-11-18T04:31:30Z</time></trkpt><trkpt lat="22.52181738" lon="114.16166519"><ele>5.1192626953125</ele><time>2017-11-18T04:31:32Z</time></trkpt><trkpt lat="22.52184228" lon="114.16166076"><ele>7.378875732421875</ele><time>2017-11-18T04:31:34Z</time></trkpt><trkpt lat="22.52187052" lon="114.16165059"><ele>4.9453125</ele><time>2017-11-18T04:31:36Z</time></trkpt><trkpt lat="22.52188979" lon="114.16164881"><ele>-1.141204833984375</ele><time>2017-11-18T04:31:40Z</time></trkpt><trkpt lat="22.52190921" lon="114.16165165"><ele>-0.621368408203125</ele><time>2017-11-18T04:31:42Z</time></trkpt><trkpt lat="22.5219279" lon="114.16165111"><ele>-0.182403564453125</ele><time>2017-11-18T04:31:44Z</time></trkpt><trkpt lat="22.52194506" lon="114.16164075"><ele>2.5068359375</ele><time>2017-11-18T04:31:46Z</time></trkpt><trkpt lat="22.52196304" lon="114.1616177"><ele>3.791259765625</ele><time>2017-11-18T04:31:48Z</time></trkpt><trkpt lat="22.52198433" lon="114.16161148"><ele>3.812896728515625</ele><time>2017-11-18T04:31:50Z</time></trkpt><trkpt lat="22.52200632" lon="114.16161798"><ele>1.40936279296875</ele><time>2017-11-18T04:31:52Z</time></trkpt><trkpt lat="22.52203155" lon="114.1616287"><ele>2.266571044921875</ele><time>2017-11-18T04:31:54Z</time></trkpt><trkpt lat="22.52205579" lon="114.16163907"><ele>1.690826416015625</ele><time>2017-11-18T04:31:56Z</time></trkpt><trkpt lat="22.52208173" lon="114.16165907"><ele>2.732025146484375</ele><time>2017-11-18T04:31:58Z</time></trkpt><trkpt lat="22.52210738" lon="114.16167197"><ele>3.73309326171875</ele><time>2017-11-18T04:32:00Z</time></trkpt><trkpt lat="22.52212597" lon="114.16167402"><ele>4.7755126953125</ele><time>2017-11-18T04:32:03Z</time></trkpt><trkpt lat="22.52214593" lon="114.16167771"><ele>4.8106689453125</ele><time>2017-11-18T04:32:05Z</time></trkpt><trkpt lat="22.52216536" lon="114.16168301"><ele>5.187652587890625</ele><time>2017-11-18T04:32:07Z</time></trkpt><trkpt lat="22.52218725" lon="114.16169174"><ele>4.975677490234375</ele><time>2017-11-18T04:32:09Z</time></trkpt><trkpt lat="22.52220462" lon="114.16170509"><ele>6.72882080078125</ele><time>2017-11-18T04:32:11Z</time></trkpt><trkpt lat="22.52222756" lon="114.16172409"><ele>6.180023193359375</ele><time>2017-11-18T04:32:14Z</time></trkpt><trkpt lat="22.52224894" lon="114.1617384"><ele>7.6658935546875</ele><time>2017-11-18T04:32:16Z</time></trkpt><trkpt lat="22.52227089" lon="114.16174831"><ele>7.63275146484375</ele><time>2017-11-18T04:32:18Z</time></trkpt><trkpt lat="22.52229672" lon="114.16175755"><ele>6.68994140625</ele><time>2017-11-18T04:32:20Z</time></trkpt><trkpt lat="22.52231872" lon="114.16177699"><ele>7.121551513671875</ele><time>2017-11-18T04:32:22Z</time></trkpt><trkpt lat="22.52233436" lon="114.16178762"><ele>10.177459716796875</ele><time>2017-11-18T04:32:24Z</time></trkpt><trkpt lat="22.52235388" lon="114.16179606"><ele>7.012786865234375</ele><time>2017-11-18T04:32:27Z</time></trkpt><trkpt lat="22.52237881" lon="114.1618108"><ele>6.30169677734375</ele><time>2017-11-18T04:32:30Z</time></trkpt><trkpt lat="22.52241078" lon="114.16181543"><ele>7.152130126953125</ele><time>2017-11-18T04:32:32Z</time></trkpt><trkpt lat="22.52243214" lon="114.16181491"><ele>5.93243408203125</ele><time>2017-11-18T04:32:34Z</time></trkpt><trkpt lat="22.52244916" lon="114.16182151"><ele>6.654205322265625</ele><time>2017-11-18T04:32:36Z</time></trkpt><trkpt lat="22.52247026" lon="114.16182573"><ele>6.764495849609375</ele><time>2017-11-18T04:32:38Z</time></trkpt><trkpt lat="22.52249344" lon="114.16182868"><ele>7.728057861328125</ele><time>2017-11-18T04:32:40Z</time></trkpt><trkpt lat="22.52251478" lon="114.16183133"><ele>6.245208740234375</ele><time>2017-11-18T04:32:42Z</time></trkpt><trkpt lat="22.52254297" lon="114.16184712"><ele>7.909912109375</ele><time>2017-11-18T04:32:44Z</time></trkpt><trkpt lat="22.52256057" lon="114.16186295"><ele>4.62646484375</ele><time>2017-11-18T04:32:47Z</time></trkpt><trkpt lat="22.52257815" lon="114.16188239"><ele>6.446533203125</ele><time>2017-11-18T04:32:50Z</time></trkpt><trkpt lat="22.52259826" lon="114.16189888"><ele>8.766510009765625</ele><time>2017-11-18T04:32:52Z</time></trkpt><trkpt lat="22.52261647" lon="114.16191876"><ele>10.3118896484375</ele><time>2017-11-18T04:32:54Z</time></trkpt><trkpt lat="22.52262674" lon="114.16194036"><ele>12.68408203125</ele><time>2017-11-18T04:32:56Z</time></trkpt><trkpt lat="22.52263219" lon="114.16195904"><ele>10.871490478515625</ele><time>2017-11-18T04:32:58Z</time></trkpt><trkpt lat="22.5226397" lon="114.16198129"><ele>11.892974853515625</ele><time>2017-11-18T04:33:00Z</time></trkpt><trkpt lat="22.52264604" lon="114.16200122"><ele>11.783782958984375</ele><time>2017-11-18T04:33:02Z</time></trkpt><trkpt lat="22.52265126" lon="114.16202291"><ele>11.193695068359375</ele><time>2017-11-18T04:33:04Z</time></trkpt><trkpt lat="22.52267192" lon="114.16203005"><ele>12.39508056640625</ele><time>2017-11-18T04:33:07Z</time></trkpt><trkpt lat="22.52268459" lon="114.16201262"><ele>13.28228759765625</ele><time>2017-11-18T04:33:11Z</time></trkpt><trkpt lat="22.52270776" lon="114.16199792"><ele>8.602508544921875</ele><time>2017-11-18T04:33:16Z</time></trkpt><trkpt lat="22.52272685" lon="114.16198282"><ele>7.6123046875</ele><time>2017-11-18T04:33:19Z</time></trkpt><trkpt lat="22.52274419" lon="114.16196827"><ele>8.15313720703125</ele><time>2017-11-18T04:33:21Z</time></trkpt><trkpt lat="22.52276361" lon="114.16196554"><ele>8.618438720703125</ele><time>2017-11-18T04:33:31Z</time></trkpt><trkpt lat="22.52276937" lon="114.16198404"><ele>8.8917236328125</ele><time>2017-11-18T04:33:33Z</time></trkpt><trkpt lat="22.52276724" lon="114.16201618"><ele>9.3204345703125</ele><time>2017-11-18T04:33:35Z</time></trkpt><trkpt lat="22.52277146" lon="114.16204179"><ele>8.02984619140625</ele><time>2017-11-18T04:33:37Z</time></trkpt><trkpt lat="22.52278685" lon="114.16205887"><ele>5.409637451171875</ele><time>2017-11-18T04:33:40Z</time></trkpt><trkpt lat="22.52281056" lon="114.16207009"><ele>2.4951171875</ele><time>2017-11-18T04:33:44Z</time></trkpt><trkpt lat="22.52283945" lon="114.1620785"><ele>1.221160888671875</ele><time>2017-11-18T04:33:46Z</time></trkpt><trkpt lat="22.52286208" lon="114.16208832"><ele>-1.128997802734375</ele><time>2017-11-18T04:33:48Z</time></trkpt><trkpt lat="22.52288208" lon="114.16209989"><ele>-0.877685546875</ele><time>2017-11-18T04:33:50Z</time></trkpt><trkpt lat="22.52290751" lon="114.16210265"><ele>-0.2308349609375</ele><time>2017-11-18T04:33:52Z</time></trkpt><trkpt lat="22.52293739" lon="114.16210342"><ele>1.3116455078125</ele><time>2017-11-18T04:33:54Z</time></trkpt><trkpt lat="22.52296492" lon="114.16211006"><ele>1.171051025390625</ele><time>2017-11-18T04:33:56Z</time></trkpt><trkpt lat="22.52299169" lon="114.16211734"><ele>0.77874755859375</ele><time>2017-11-18T04:33:58Z</time></trkpt><trkpt lat="22.52302203" lon="114.16212351"><ele>1.541961669921875</ele><time>2017-11-18T04:34:00Z</time></trkpt><trkpt lat="22.52305314" lon="114.16212563"><ele>1.628875732421875</ele><time>2017-11-18T04:34:02Z</time></trkpt><trkpt lat="22.5230752" lon="114.16212712"><ele>2.19354248046875</ele><time>2017-11-18T04:34:04Z</time></trkpt><trkpt lat="22.52309952" lon="114.16213674"><ele>3.4033203125</ele><time>2017-11-18T04:34:07Z</time></trkpt><trkpt lat="22.52311882" lon="114.16214014"><ele>3.289398193359375</ele><time>2017-11-18T04:34:09Z</time></trkpt><trkpt lat="22.52314555" lon="114.16214302"><ele>2.38958740234375</ele><time>2017-11-18T04:34:13Z</time></trkpt><trkpt lat="22.52316414" lon="114.16214884"><ele>2.30108642578125</ele><time>2017-11-18T04:34:15Z</time></trkpt><trkpt lat="22.52319113" lon="114.16215672"><ele>3.766510009765625</ele><time>2017-11-18T04:34:17Z</time></trkpt><trkpt lat="22.52320986" lon="114.16215601"><ele>3.79046630859375</ele><time>2017-11-18T04:34:18Z</time></trkpt><trkpt lat="22.52323343" lon="114.16215219"><ele>3.095123291015625</ele><time>2017-11-18T04:34:20Z</time></trkpt><trkpt lat="22.52326098" lon="114.16215091"><ele>0.490203857421875</ele><time>2017-11-18T04:34:23Z</time></trkpt><trkpt lat="22.52342893" lon="114.16250052"><ele>58.47125244140625</ele><time>2017-11-18T04:34:24Z</time></trkpt><trkpt lat="22.52328121" lon="114.16215403"><ele>4.015228271484375</ele><time>2017-11-18T04:34:25Z</time></trkpt><trkpt lat="22.52331096" lon="114.16215053"><ele>4.638824462890625</ele><time>2017-11-18T04:34:27Z</time></trkpt><trkpt lat="22.52333417" lon="114.16214534"><ele>4.8116455078125</ele><time>2017-11-18T04:34:29Z</time></trkpt><trkpt lat="22.52335939" lon="114.1621411"><ele>5.890350341796875</ele><time>2017-11-18T04:34:31Z</time></trkpt><trkpt lat="22.52338322" lon="114.16213976"><ele>8.688720703125</ele><time>2017-11-18T04:34:33Z</time></trkpt><trkpt lat="22.52340858" lon="114.16213879"><ele>9.8714599609375</ele><time>2017-11-18T04:34:35Z</time></trkpt><trkpt lat="22.52342703" lon="114.162137"><ele>10.82159423828125</ele><time>2017-11-18T04:34:36Z</time></trkpt><trkpt lat="22.5234624" lon="114.16213693"><ele>10.16351318359375</ele><time>2017-11-18T04:34:38Z</time></trkpt><trkpt lat="22.52349852" lon="114.16213471"><ele>9.202880859375</ele><time>2017-11-18T04:34:40Z</time></trkpt><trkpt lat="22.52352767" lon="114.16213172"><ele>8.536895751953125</ele><time>2017-11-18T04:34:42Z</time></trkpt><trkpt lat="22.52354784" lon="114.16213081"><ele>8.78179931640625</ele><time>2017-11-18T04:34:45Z</time></trkpt><trkpt lat="22.52357428" lon="114.16213446"><ele>10.629913330078125</ele><time>2017-11-18T04:34:47Z</time></trkpt><trkpt lat="22.52360831" lon="114.16212889"><ele>9.801910400390625</ele><time>2017-11-18T04:34:49Z</time></trkpt><trkpt lat="22.52364068" lon="114.16212184"><ele>8.416412353515625</ele><time>2017-11-18T04:34:51Z</time></trkpt><trkpt lat="22.52366214" lon="114.16211768"><ele>7.3306884765625</ele><time>2017-11-18T04:34:53Z</time></trkpt><trkpt lat="22.52369245" lon="114.16210701"><ele>8.701171875</ele><time>2017-11-18T04:34:55Z</time></trkpt><trkpt lat="22.52371545" lon="114.16210429"><ele>11.140106201171875</ele><time>2017-11-18T04:34:57Z</time></trkpt><trkpt lat="22.52373781" lon="114.16209717"><ele>11.3822021484375</ele><time>2017-11-18T04:35:00Z</time></trkpt><trkpt lat="22.5237503" lon="114.16208245"><ele>11.79583740234375</ele><time>2017-11-18T04:35:02Z</time></trkpt><trkpt lat="22.52376911" lon="114.16207202"><ele>12.60498046875</ele><time>2017-11-18T04:35:04Z</time></trkpt><trkpt lat="22.52378837" lon="114.16206683"><ele>10.617584228515625</ele><time>2017-11-18T04:35:06Z</time></trkpt><trkpt lat="22.52380922" lon="114.16205899"><ele>9.80059814453125</ele><time>2017-11-18T04:35:08Z</time></trkpt><trkpt lat="22.52384157" lon="114.16204615"><ele>12.11798095703125</ele><time>2017-11-18T04:35:10Z</time></trkpt><trkpt lat="22.52386448" lon="114.16203584"><ele>11.689178466796875</ele><time>2017-11-18T04:35:12Z</time></trkpt><trkpt lat="22.52388303" lon="114.16202914"><ele>12.73980712890625</ele><time>2017-11-18T04:35:15Z</time></trkpt><trkpt lat="22.52390452" lon="114.16202107"><ele>13.76348876953125</ele><time>2017-11-18T04:35:17Z</time></trkpt><trkpt lat="22.52392492" lon="114.16201223"><ele>13.963623046875</ele><time>2017-11-18T04:35:19Z</time></trkpt><trkpt lat="22.52394121" lon="114.16200055"><ele>14.533935546875</ele><time>2017-11-18T04:35:21Z</time></trkpt><trkpt lat="22.52396071" lon="114.16198665"><ele>15.02777099609375</ele><time>2017-11-18T04:35:23Z</time></trkpt><trkpt lat="22.52396963" lon="114.16195559"><ele>11.871826171875</ele><time>2017-11-18T04:35:26Z</time></trkpt><trkpt lat="22.5239843" lon="114.16193247"><ele>12.957763671875</ele><time>2017-11-18T04:35:29Z</time></trkpt><trkpt lat="22.52399946" lon="114.16192059"><ele>10.984039306640625</ele><time>2017-11-18T04:35:31Z</time></trkpt><trkpt lat="22.52402726" lon="114.16190432"><ele>10.262939453125</ele><time>2017-11-18T04:35:34Z</time></trkpt><trkpt lat="22.52404368" lon="114.16188833"><ele>9.5211181640625</ele><time>2017-11-18T04:35:36Z</time></trkpt><trkpt lat="22.52406179" lon="114.16186565"><ele>9.29681396484375</ele><time>2017-11-18T04:35:39Z</time></trkpt><trkpt lat="22.52408323" lon="114.16185145"><ele>8.170379638671875</ele><time>2017-11-18T04:35:42Z</time></trkpt><trkpt lat="22.52410406" lon="114.16183752"><ele>8.990081787109375</ele><time>2017-11-18T04:35:44Z</time></trkpt><trkpt lat="22.5241271" lon="114.1618288"><ele>10.23834228515625</ele><time>2017-11-18T04:35:46Z</time></trkpt><trkpt lat="22.52414902" lon="114.16182423"><ele>12.131103515625</ele><time>2017-11-18T04:35:48Z</time></trkpt><trkpt lat="22.52417803" lon="114.16181984"><ele>12.6103515625</ele><time>2017-11-18T04:35:51Z</time></trkpt><trkpt lat="22.52420249" lon="114.1618091"><ele>13.080078125</ele><time>2017-11-18T04:35:53Z</time></trkpt><trkpt lat="22.52422527" lon="114.16179803"><ele>10.662933349609375</ele><time>2017-11-18T04:35:55Z</time></trkpt><trkpt lat="22.52424404" lon="114.16179479"><ele>9.54248046875</ele><time>2017-11-18T04:35:57Z</time></trkpt><trkpt lat="22.52427016" lon="114.1617952"><ele>10.9462890625</ele><time>2017-11-18T04:36:00Z</time></trkpt><trkpt lat="22.52428939" lon="114.16179169"><ele>13.1240234375</ele><time>2017-11-18T04:36:04Z</time></trkpt><trkpt lat="22.52431143" lon="114.16177822"><ele>12.74017333984375</ele><time>2017-11-18T04:36:07Z</time></trkpt><trkpt lat="22.52433164" lon="114.16177534"><ele>14.02850341796875</ele><time>2017-11-18T04:36:09Z</time></trkpt><trkpt lat="22.52436067" lon="114.16177469"><ele>12.5792236328125</ele><time>2017-11-18T04:36:11Z</time></trkpt><trkpt lat="22.5243861" lon="114.1617753"><ele>13.447998046875</ele><time>2017-11-18T04:36:13Z</time></trkpt><trkpt lat="22.52441507" lon="114.16177674"><ele>14.02508544921875</ele><time>2017-11-18T04:36:15Z</time></trkpt><trkpt lat="22.52443423" lon="114.16177805"><ele>15.41357421875</ele><time>2017-11-18T04:36:17Z</time></trkpt><trkpt lat="22.52445726" lon="114.16178432"><ele>15.22991943359375</ele><time>2017-11-18T04:36:19Z</time></trkpt><trkpt lat="22.52448617" lon="114.161792"><ele>13.6741943359375</ele><time>2017-11-18T04:36:21Z</time></trkpt><trkpt lat="22.52452049" lon="114.16179869"><ele>12.75946044921875</ele><time>2017-11-18T04:36:23Z</time></trkpt><trkpt lat="22.52453875" lon="114.16180113"><ele>12.89593505859375</ele><time>2017-11-18T04:36:24Z</time></trkpt><trkpt lat="22.52456804" lon="114.16180719"><ele>13.81951904296875</ele><time>2017-11-18T04:36:26Z</time></trkpt><trkpt lat="22.52459756" lon="114.16181919"><ele>13.745849609375</ele><time>2017-11-18T04:36:28Z</time></trkpt><trkpt lat="22.52461942" lon="114.16182685"><ele>13.66973876953125</ele><time>2017-11-18T04:36:30Z</time></trkpt><trkpt lat="22.5246374" lon="114.16183079"><ele>14.38519287109375</ele><time>2017-11-18T04:36:33Z</time></trkpt><trkpt lat="22.52465712" lon="114.16183074"><ele>12.778564453125</ele><time>2017-11-18T04:36:35Z</time></trkpt><trkpt lat="22.52467649" lon="114.16183606"><ele>11.3912353515625</ele><time>2017-11-18T04:36:38Z</time></trkpt><trkpt lat="22.52470029" lon="114.16184687"><ele>11.616607666015625</ele><time>2017-11-18T04:36:41Z</time></trkpt><trkpt lat="22.52472725" lon="114.16184764"><ele>10.17730712890625</ele><time>2017-11-18T04:36:44Z</time></trkpt><trkpt lat="22.5247535" lon="114.1618418"><ele>11.344635009765625</ele><time>2017-11-18T04:36:46Z</time></trkpt><trkpt lat="22.52477998" lon="114.1618381"><ele>10.1160888671875</ele><time>2017-11-18T04:36:48Z</time></trkpt><trkpt lat="22.52480148" lon="114.16182932"><ele>9.192230224609375</ele><time>2017-11-18T04:36:50Z</time></trkpt><trkpt lat="22.52483315" lon="114.16181786"><ele>10.060577392578125</ele><time>2017-11-18T04:36:52Z</time></trkpt><trkpt lat="22.52485491" lon="114.16181232"><ele>9.87615966796875</ele><time>2017-11-18T04:36:54Z</time></trkpt><trkpt lat="22.52487212" lon="114.16180152"><ele>9.199127197265625</ele><time>2017-11-18T04:36:56Z</time></trkpt><trkpt lat="22.52489086" lon="114.16178393"><ele>8.69512939453125</ele><time>2017-11-18T04:36:59Z</time></trkpt><trkpt lat="22.52490915" lon="114.16177523"><ele>9.71600341796875</ele><time>2017-11-18T04:37:02Z</time></trkpt><trkpt lat="22.52492851" lon="114.16176763"><ele>9.429901123046875</ele><time>2017-11-18T04:37:04Z</time></trkpt><trkpt lat="22.52494561" lon="114.16175456"><ele>7.401031494140625</ele><time>2017-11-18T04:37:06Z</time></trkpt><trkpt lat="22.5249771" lon="114.16173133"><ele>9.116180419921875</ele><time>2017-11-18T04:37:08Z</time></trkpt><trkpt lat="22.52499875" lon="114.16171272"><ele>8.9505615234375</ele><time>2017-11-18T04:37:10Z</time></trkpt><trkpt lat="22.52501058" lon="114.16168336"><ele>9.4822998046875</ele><time>2017-11-18T04:37:12Z</time></trkpt><trkpt lat="22.52501583" lon="114.16166035"><ele>8.34283447265625</ele><time>2017-11-18T04:37:14Z</time></trkpt><trkpt lat="22.52503303" lon="114.16164061"><ele>8.884124755859375</ele><time>2017-11-18T04:37:18Z</time></trkpt><trkpt lat="22.5250576" lon="114.16164424"><ele>10.465240478515625</ele><time>2017-11-18T04:37:20Z</time></trkpt><trkpt lat="22.5250892" lon="114.16165201"><ele>9.202911376953125</ele><time>2017-11-18T04:37:22Z</time></trkpt><trkpt lat="22.52511801" lon="114.16165186"><ele>8.64007568359375</ele><time>2017-11-18T04:37:24Z</time></trkpt><trkpt lat="22.52514275" lon="114.16165848"><ele>10.15167236328125</ele><time>2017-11-18T04:37:27Z</time></trkpt><trkpt lat="22.52515335" lon="114.1616764"><ele>8.7725830078125</ele><time>2017-11-18T04:37:29Z</time></trkpt><trkpt lat="22.52516262" lon="114.16170311"><ele>7.838470458984375</ele><time>2017-11-18T04:37:32Z</time></trkpt><trkpt lat="22.5251822" lon="114.16172779"><ele>3.79833984375</ele><time>2017-11-18T04:37:35Z</time></trkpt><trkpt lat="22.52519961" lon="114.16174425"><ele>0.08453369140625</ele><time>2017-11-18T04:37:38Z</time></trkpt><trkpt lat="22.52521677" lon="114.16176327"><ele>-4.99212646484375</ele><time>2017-11-18T04:37:43Z</time></trkpt><trkpt lat="22.52523926" lon="114.16176509"><ele>-6.146759033203125</ele><time>2017-11-18T04:37:46Z</time></trkpt><trkpt lat="22.5252586" lon="114.16176315"><ele>-6.4302978515625</ele><time>2017-11-18T04:37:48Z</time></trkpt><trkpt lat="22.5252773" lon="114.16176533"><ele>-6.4886474609375</ele><time>2017-11-18T04:37:51Z</time></trkpt><trkpt lat="22.52529781" lon="114.16176398"><ele>-5.03192138671875</ele><time>2017-11-18T04:37:53Z</time></trkpt><trkpt lat="22.52531877" lon="114.16176171"><ele>-1.778289794921875</ele><time>2017-11-18T04:37:56Z</time></trkpt><trkpt lat="22.52533792" lon="114.16175514"><ele>-0.47442626953125</ele><time>2017-11-18T04:37:58Z</time></trkpt><trkpt lat="22.52535685" lon="114.16174678"><ele>1.987640380859375</ele><time>2017-11-18T04:38:00Z</time></trkpt><trkpt lat="22.52538549" lon="114.16174181"><ele>4.16827392578125</ele><time>2017-11-18T04:38:02Z</time></trkpt><trkpt lat="22.52541473" lon="114.1617334"><ele>3.818817138671875</ele><time>2017-11-18T04:38:04Z</time></trkpt><trkpt lat="22.5254339" lon="114.16172616"><ele>3.250885009765625</ele><time>2017-11-18T04:38:05Z</time></trkpt><trkpt lat="22.52545685" lon="114.16172077"><ele>4.37640380859375</ele><time>2017-11-18T04:38:07Z</time></trkpt><trkpt lat="22.52547986" lon="114.16172926"><ele>4.68017578125</ele><time>2017-11-18T04:38:09Z</time></trkpt><trkpt lat="22.52550814" lon="114.16172847"><ele>5.1221923828125</ele><time>2017-11-18T04:38:11Z</time></trkpt><trkpt lat="22.52553167" lon="114.16172587"><ele>4.32611083984375</ele><time>2017-11-18T04:38:14Z</time></trkpt><trkpt lat="22.52555603" lon="114.16172883"><ele>2.485748291015625</ele><time>2017-11-18T04:38:17Z</time></trkpt><trkpt lat="22.52558254" lon="114.16172327"><ele>2.71771240234375</ele><time>2017-11-18T04:38:19Z</time></trkpt><trkpt lat="22.52560721" lon="114.1617238"><ele>3.75030517578125</ele><time>2017-11-18T04:38:22Z</time></trkpt><trkpt lat="22.52562519" lon="114.16172259"><ele>5.654754638671875</ele><time>2017-11-18T04:38:24Z</time></trkpt><trkpt lat="22.52564355" lon="114.16172766"><ele>6.649200439453125</ele><time>2017-11-18T04:38:27Z</time></trkpt><trkpt lat="22.52567075" lon="114.16172895"><ele>8.24151611328125</ele><time>2017-11-18T04:38:30Z</time></trkpt><trkpt lat="22.5256899" lon="114.1617297"><ele>6.938751220703125</ele><time>2017-11-18T04:38:33Z</time></trkpt><trkpt lat="22.5257082" lon="114.16173675"><ele>8.251922607421875</ele><time>2017-11-18T04:38:36Z</time></trkpt><trkpt lat="22.52572632" lon="114.16174"><ele>7.351409912109375</ele><time>2017-11-18T04:38:38Z</time></trkpt><trkpt lat="22.5257529" lon="114.16173829"><ele>7.8768310546875</ele><time>2017-11-18T04:38:40Z</time></trkpt><trkpt lat="22.52577511" lon="114.16173261"><ele>6.313323974609375</ele><time>2017-11-18T04:38:42Z</time></trkpt><trkpt lat="22.52579592" lon="114.16172939"><ele>4.8819580078125</ele><time>2017-11-18T04:38:44Z</time></trkpt><trkpt lat="22.5258234" lon="114.16173236"><ele>6.99407958984375</ele><time>2017-11-18T04:38:47Z</time></trkpt><trkpt lat="22.52585033" lon="114.16173448"><ele>6.865264892578125</ele><time>2017-11-18T04:38:49Z</time></trkpt><trkpt lat="22.52587598" lon="114.16173275"><ele>5.40380859375</ele><time>2017-11-18T04:38:51Z</time></trkpt><trkpt lat="22.52589515" lon="114.1617335"><ele>4.663543701171875</ele><time>2017-11-18T04:38:53Z</time></trkpt><trkpt lat="22.52591906" lon="114.16173587"><ele>3.22613525390625</ele><time>2017-11-18T04:38:55Z</time></trkpt><trkpt lat="22.52594418" lon="114.16173021"><ele>1.711151123046875</ele><time>2017-11-18T04:38:57Z</time></trkpt><trkpt lat="22.5259641" lon="114.16171933"><ele>1.755645751953125</ele><time>2017-11-18T04:38:59Z</time></trkpt><trkpt lat="22.52597918" lon="114.16170661"><ele>0.62664794921875</ele><time>2017-11-18T04:39:01Z</time></trkpt><trkpt lat="22.52599785" lon="114.16169899"><ele>0.966033935546875</ele><time>2017-11-18T04:39:03Z</time></trkpt><trkpt lat="22.52602468" lon="114.16170299"><ele>1.970489501953125</ele><time>2017-11-18T04:39:06Z</time></trkpt><trkpt lat="22.52604293" lon="114.16170021"><ele>4.254730224609375</ele><time>2017-11-18T04:39:09Z</time></trkpt><trkpt lat="22.52606226" lon="114.16170482"><ele>8.307037353515625</ele><time>2017-11-18T04:39:20Z</time></trkpt><trkpt lat="22.5260744" lon="114.16168992"><ele>10.29510498046875</ele><time>2017-11-18T04:39:24Z</time></trkpt><trkpt lat="22.52606753" lon="114.16166349"><ele>10.2593994140625</ele><time>2017-11-18T04:39:30Z</time></trkpt><trkpt lat="22.52605938" lon="114.16163839"><ele>10.534088134765625</ele><time>2017-11-18T04:39:33Z</time></trkpt><trkpt lat="22.52607385" lon="114.16162546"><ele>3.03289794921875</ele><time>2017-11-18T04:39:38Z</time></trkpt><trkpt lat="22.52609704" lon="114.16162513"><ele>1.868804931640625</ele><time>2017-11-18T04:39:41Z</time></trkpt><trkpt lat="22.52611812" lon="114.16161913"><ele>2.269683837890625</ele><time>2017-11-18T04:39:43Z</time></trkpt><trkpt lat="22.52614167" lon="114.16161015"><ele>1.8583984375</ele><time>2017-11-18T04:39:46Z</time></trkpt><trkpt lat="22.52615893" lon="114.16160009"><ele>3.708251953125</ele><time>2017-11-18T04:39:48Z</time></trkpt><trkpt lat="22.52618004" lon="114.16158418"><ele>2.7318115234375</ele><time>2017-11-18T04:39:50Z</time></trkpt><trkpt lat="22.52620178" lon="114.16156388"><ele>2.979217529296875</ele><time>2017-11-18T04:39:52Z</time></trkpt><trkpt lat="22.52621666" lon="114.16154677"><ele>2.975921630859375</ele><time>2017-11-18T04:39:54Z</time></trkpt><trkpt lat="22.52622475" lon="114.16152564"><ele>3.80364990234375</ele><time>2017-11-18T04:39:56Z</time></trkpt><trkpt lat="22.52622978" lon="114.16149962"><ele>5.157745361328125</ele><time>2017-11-18T04:39:59Z</time></trkpt><trkpt lat="22.52623766" lon="114.1614726"><ele>6.48590087890625</ele><time>2017-11-18T04:40:02Z</time></trkpt><trkpt lat="22.52624474" lon="114.16144946"><ele>5.69140625</ele><time>2017-11-18T04:40:08Z</time></trkpt><trkpt lat="22.52626105" lon="114.16146209"><ele>5.60272216796875</ele><time>2017-11-18T04:40:11Z</time></trkpt><trkpt lat="22.52625603" lon="114.1614851"><ele>5.44805908203125</ele><time>2017-11-18T04:40:13Z</time></trkpt><trkpt lat="22.5262377" lon="114.16151113"><ele>3.55194091796875</ele><time>2017-11-18T04:40:15Z</time></trkpt><trkpt lat="22.52621985" lon="114.1615301"><ele>3.13446044921875</ele><time>2017-11-18T04:40:17Z</time></trkpt><trkpt lat="22.52619351" lon="114.16154369"><ele>1.691741943359375</ele><time>2017-11-18T04:40:19Z</time></trkpt><trkpt lat="22.52616875" lon="114.16154821"><ele>1.910064697265625</ele><time>2017-11-18T04:40:21Z</time></trkpt><trkpt lat="22.52614394" lon="114.16155061"><ele>2.022064208984375</ele><time>2017-11-18T04:40:23Z</time></trkpt><trkpt lat="22.52611921" lon="114.16155213"><ele>1.714508056640625</ele><time>2017-11-18T04:40:25Z</time></trkpt><trkpt lat="22.52609348" lon="114.16155495"><ele>-0.329864501953125</ele><time>2017-11-18T04:40:27Z</time></trkpt><trkpt lat="22.52607368" lon="114.16156238"><ele>1.473052978515625</ele><time>2017-11-18T04:40:29Z</time></trkpt><trkpt lat="22.52605628" lon="114.16157888"><ele>-1.014495849609375</ele><time>2017-11-18T04:40:32Z</time></trkpt><trkpt lat="22.52605516" lon="114.16160476"><ele>-2.044921875</ele><time>2017-11-18T04:40:35Z</time></trkpt><trkpt lat="22.52606385" lon="114.16162385"><ele>-2.5928955078125</ele><time>2017-11-18T04:40:37Z</time></trkpt><trkpt lat="22.52606858" lon="114.16164553"><ele>-1.612701416015625</ele><time>2017-11-18T04:40:39Z</time></trkpt><trkpt lat="22.52608411" lon="114.16166212"><ele>-1.0672607421875</ele><time>2017-11-18T04:40:41Z</time></trkpt><trkpt lat="22.52610826" lon="114.16166463"><ele>1.541900634765625</ele><time>2017-11-18T04:40:43Z</time></trkpt><trkpt lat="22.52612919" lon="114.16165909"><ele>2.0635986328125</ele><time>2017-11-18T04:40:45Z</time></trkpt><trkpt lat="22.52615504" lon="114.16167406"><ele>2.246612548828125</ele><time>2017-11-18T04:40:48Z</time></trkpt><trkpt lat="22.52617328" lon="114.16168733"><ele>2.813140869140625</ele><time>2017-11-18T04:40:50Z</time></trkpt><trkpt lat="22.52618873" lon="114.1617031"><ele>2.087799072265625</ele><time>2017-11-18T04:40:52Z</time></trkpt><trkpt lat="22.52621058" lon="114.16171522"><ele>2.68133544921875</ele><time>2017-11-18T04:40:54Z</time></trkpt><trkpt lat="22.52623217" lon="114.16171469"><ele>1.041046142578125</ele><time>2017-11-18T04:40:56Z</time></trkpt><trkpt lat="22.52625544" lon="114.16172219"><ele>-0.062469482421875</ele><time>2017-11-18T04:40:59Z</time></trkpt><trkpt lat="22.52623278" lon="114.16170898"><ele>2.886138916015625</ele><time>2017-11-18T04:42:14Z</time></trkpt><trkpt lat="22.5262045" lon="114.16170649"><ele>3.8505859375</ele><time>2017-11-18T04:42:16Z</time></trkpt><trkpt lat="22.52618475" lon="114.16169707"><ele>2.14520263671875</ele><time>2017-11-18T04:42:18Z</time></trkpt><trkpt lat="22.52616942" lon="114.16168129"><ele>1.977447509765625</ele><time>2017-11-18T04:42:20Z</time></trkpt><trkpt lat="22.52615094" lon="114.16167084"><ele>2.963623046875</ele><time>2017-11-18T04:42:22Z</time></trkpt><trkpt lat="22.5261283" lon="114.16166894"><ele>3.534271240234375</ele><time>2017-11-18T04:42:25Z</time></trkpt><trkpt lat="22.52610406" lon="114.16166982"><ele>2.453094482421875</ele><time>2017-11-18T04:42:27Z</time></trkpt><trkpt lat="22.52608084" lon="114.16167069"><ele>1.347198486328125</ele><time>2017-11-18T04:42:29Z</time></trkpt><trkpt lat="22.52605208" lon="114.16167718"><ele>2.401397705078125</ele><time>2017-11-18T04:42:31Z</time></trkpt><trkpt lat="22.52603193" lon="114.16168494"><ele>4.397918701171875</ele><time>2017-11-18T04:42:33Z</time></trkpt><trkpt lat="22.52602523" lon="114.16170555"><ele>2.660247802734375</ele><time>2017-11-18T04:42:35Z</time></trkpt><trkpt lat="22.52602582" lon="114.16173123"><ele>3.175262451171875</ele><time>2017-11-18T04:42:37Z</time></trkpt><trkpt lat="22.52603173" lon="114.16175489"><ele>1.164031982421875</ele><time>2017-11-18T04:42:39Z</time></trkpt><trkpt lat="22.52603657" lon="114.16177798"><ele>1.20513916015625</ele><time>2017-11-18T04:42:41Z</time></trkpt><trkpt lat="22.52604778" lon="114.16180463"><ele>1.164276123046875</ele><time>2017-11-18T04:42:43Z</time></trkpt><trkpt lat="22.52606438" lon="114.16182475"><ele>1.362823486328125</ele><time>2017-11-18T04:42:45Z</time></trkpt><trkpt lat="22.52607901" lon="114.16183623"><ele>0.75250244140625</ele><time>2017-11-18T04:42:47Z</time></trkpt><trkpt lat="22.52609658" lon="114.16185996"><ele>3.079925537109375</ele><time>2017-11-18T04:42:50Z</time></trkpt><trkpt lat="22.5261036" lon="114.16188104"><ele>2.76507568359375</ele><time>2017-11-18T04:42:52Z</time></trkpt><trkpt lat="22.52611266" lon="114.16190731"><ele>4.601715087890625</ele><time>2017-11-18T04:42:54Z</time></trkpt><trkpt lat="22.52612378" lon="114.16193133"><ele>7.5</ele><time>2017-11-18T04:42:57Z</time></trkpt><trkpt lat="22.52611405" lon="114.1619516"><ele>7.730712890625</ele><time>2017-11-18T04:43:00Z</time></trkpt><trkpt lat="22.52611475" lon="114.16197426"><ele>3.807647705078125</ele><time>2017-11-18T04:43:03Z</time></trkpt><trkpt lat="22.52612417" lon="114.16199404"><ele>3.458831787109375</ele><time>2017-11-18T04:43:05Z</time></trkpt><trkpt lat="22.52613826" lon="114.16201448"><ele>1.64849853515625</ele><time>2017-11-18T04:43:07Z</time></trkpt><trkpt lat="22.52615938" lon="114.16202967"><ele>0.434478759765625</ele><time>2017-11-18T04:43:09Z</time></trkpt><trkpt lat="22.52617498" lon="114.16204144"><ele>-0.880035400390625</ele><time>2017-11-18T04:43:10Z</time></trkpt><trkpt lat="22.52620301" lon="114.16205768"><ele>0.542236328125</ele><time>2017-11-18T04:43:12Z</time></trkpt><trkpt lat="22.52623224" lon="114.1620775"><ele>-0.176055908203125</ele><time>2017-11-18T04:43:14Z</time></trkpt><trkpt lat="22.52625471" lon="114.16209477"><ele>0.395477294921875</ele><time>2017-11-18T04:43:16Z</time></trkpt><trkpt lat="22.52628032" lon="114.16213161"><ele>1.83856201171875</ele><time>2017-11-18T04:43:24Z</time></trkpt><trkpt lat="22.52630342" lon="114.16214045"><ele>1.636474609375</ele><time>2017-11-18T04:43:26Z</time></trkpt><trkpt lat="22.52631679" lon="114.16215687"><ele>0.75384521484375</ele><time>2017-11-18T04:43:28Z</time></trkpt><trkpt lat="22.52633189" lon="114.16218371"><ele>1.288543701171875</ele><time>2017-11-18T04:43:30Z</time></trkpt><trkpt lat="22.52634602" lon="114.16221123"><ele>2.3165283203125</ele><time>2017-11-18T04:43:32Z</time></trkpt><trkpt lat="22.52636578" lon="114.16223914"><ele>3.57769775390625</ele><time>2017-11-18T04:43:34Z</time></trkpt><trkpt lat="22.526381" lon="114.16225942"><ele>3.07958984375</ele><time>2017-11-18T04:43:36Z</time></trkpt><trkpt lat="22.52639451" lon="114.16227287"><ele>3.725860595703125</ele><time>2017-11-18T04:43:38Z</time></trkpt><trkpt lat="22.52641541" lon="114.16229803"><ele>6.574462890625</ele><time>2017-11-18T04:43:40Z</time></trkpt><trkpt lat="22.52643182" lon="114.16232027"><ele>7.041351318359375</ele><time>2017-11-18T04:43:42Z</time></trkpt><trkpt lat="22.52644575" lon="114.1623441"><ele>7.382568359375</ele><time>2017-11-18T04:43:44Z</time></trkpt><trkpt lat="22.52645987" lon="114.16236234"><ele>7.059234619140625</ele><time>2017-11-18T04:43:46Z</time></trkpt><trkpt lat="22.52647637" lon="114.16237925"><ele>7.363250732421875</ele><time>2017-11-18T04:43:48Z</time></trkpt><trkpt lat="22.52649021" lon="114.1624034"><ele>5.673675537109375</ele><time>2017-11-18T04:43:50Z</time></trkpt><trkpt lat="22.52650625" lon="114.16242982"><ele>5.21087646484375</ele><time>2017-11-18T04:43:52Z</time></trkpt><trkpt lat="22.52651873" lon="114.16244831"><ele>2.780364990234375</ele><time>2017-11-18T04:43:54Z</time></trkpt><trkpt lat="22.52653045" lon="114.16246468"><ele>2.12872314453125</ele><time>2017-11-18T04:43:57Z</time></trkpt><trkpt lat="22.52654608" lon="114.16248115"><ele>3.235198974609375</ele><time>2017-11-18T04:43:59Z</time></trkpt><trkpt lat="22.52655741" lon="114.16250376"><ele>2.005523681640625</ele><time>2017-11-18T04:44:01Z</time></trkpt><trkpt lat="22.52657117" lon="114.16253042"><ele>-1.223114013671875</ele><time>2017-11-18T04:44:03Z</time></trkpt><trkpt lat="22.52658521" lon="114.16255104"><ele>0.0977783203125</ele><time>2017-11-18T04:44:06Z</time></trkpt><trkpt lat="22.52659321" lon="114.16257056"><ele>-1.336883544921875</ele><time>2017-11-18T04:44:08Z</time></trkpt><trkpt lat="22.52660136" lon="114.1625977"><ele>-1.434173583984375</ele><time>2017-11-18T04:44:10Z</time></trkpt><trkpt lat="22.52660833" lon="114.16262204"><ele>-0.807952880859375</ele><time>2017-11-18T04:44:12Z</time></trkpt><trkpt lat="22.52661973" lon="114.16264723"><ele>1.065521240234375</ele><time>2017-11-18T04:44:14Z</time></trkpt><trkpt lat="22.52662523" lon="114.16267104"><ele>6.426483154296875</ele><time>2017-11-18T04:44:16Z</time></trkpt><trkpt lat="22.52663085" lon="114.16269771"><ele>6.457733154296875</ele><time>2017-11-18T04:44:18Z</time></trkpt><trkpt lat="22.52664307" lon="114.16271572"><ele>7.878662109375</ele><time>2017-11-18T04:44:20Z</time></trkpt><trkpt lat="22.52663309" lon="114.16269735"><ele>8.312286376953125</ele><time>2017-11-18T04:44:40Z</time></trkpt><trkpt lat="22.52664382" lon="114.16267734"><ele>7.72991943359375</ele><time>2017-11-18T04:44:42Z</time></trkpt><trkpt lat="22.52665532" lon="114.16265671"><ele>5.410675048828125</ele><time>2017-11-18T04:44:44Z</time></trkpt><trkpt lat="22.52667134" lon="114.16264002"><ele>2.35888671875</ele><time>2017-11-18T04:44:46Z</time></trkpt><trkpt lat="22.52669306" lon="114.1626295"><ele>2.95782470703125</ele><time>2017-11-18T04:44:48Z</time></trkpt><trkpt lat="22.52671029" lon="114.16262101"><ele>3.2357177734375</ele><time>2017-11-18T04:44:50Z</time></trkpt><trkpt lat="22.52673169" lon="114.16261602"><ele>3.6336669921875</ele><time>2017-11-18T04:44:52Z</time></trkpt><trkpt lat="22.52675039" lon="114.16260727"><ele>3.619476318359375</ele><time>2017-11-18T04:44:54Z</time></trkpt><trkpt lat="22.52676739" lon="114.16259094"><ele>4.37799072265625</ele><time>2017-11-18T04:44:57Z</time></trkpt><trkpt lat="22.5267907" lon="114.16257532"><ele>4.08990478515625</ele><time>2017-11-18T04:45:00Z</time></trkpt><trkpt lat="22.52680819" lon="114.16256163"><ele>6.17108154296875</ele><time>2017-11-18T04:45:02Z</time></trkpt><trkpt lat="22.52682588" lon="114.16255298"><ele>5.64727783203125</ele><time>2017-11-18T04:45:04Z</time></trkpt><trkpt lat="22.52684581" lon="114.1625584"><ele>5.939788818359375</ele><time>2017-11-18T04:45:06Z</time></trkpt><trkpt lat="22.5268504" lon="114.16253924"><ele>5.883880615234375</ele><time>2017-11-18T04:45:11Z</time></trkpt><trkpt lat="22.52683632" lon="114.16255381"><ele>5.6519775390625</ele><time>2017-11-18T04:45:26Z</time></trkpt><trkpt lat="22.52682286" lon="114.16256736"><ele>6.0380859375</ele><time>2017-11-18T04:45:35Z</time></trkpt><trkpt lat="22.52680793" lon="114.16258096"><ele>5.613433837890625</ele><time>2017-11-18T04:45:38Z</time></trkpt><trkpt lat="22.52678945" lon="114.16258117"><ele>5.881195068359375</ele><time>2017-11-18T04:45:40Z</time></trkpt><trkpt lat="22.52676195" lon="114.16258798"><ele>6.131988525390625</ele><time>2017-11-18T04:45:43Z</time></trkpt><trkpt lat="22.52674336" lon="114.16259157"><ele>4.437225341796875</ele><time>2017-11-18T04:45:48Z</time></trkpt><trkpt lat="22.52672128" lon="114.16259937"><ele>6.676971435546875</ele><time>2017-11-18T04:45:51Z</time></trkpt><trkpt lat="22.5266983" lon="114.16260817"><ele>5.401519775390625</ele><time>2017-11-18T04:45:53Z</time></trkpt><trkpt lat="22.52667971" lon="114.1626189"><ele>6.234588623046875</ele><time>2017-11-18T04:45:55Z</time></trkpt><trkpt lat="22.52666613" lon="114.1626368"><ele>7.15362548828125</ele><time>2017-11-18T04:45:57Z</time></trkpt><trkpt lat="22.52665693" lon="114.16265816"><ele>7.216400146484375</ele><time>2017-11-18T04:45:59Z</time></trkpt><trkpt lat="22.5266545" lon="114.16267866"><ele>6.90301513671875</ele><time>2017-11-18T04:46:01Z</time></trkpt><trkpt lat="22.52666331" lon="114.16270349"><ele>7.531402587890625</ele><time>2017-11-18T04:46:03Z</time></trkpt><trkpt lat="22.5266698" lon="114.16272904"><ele>5.01068115234375</ele><time>2017-11-18T04:46:05Z</time></trkpt><trkpt lat="22.52667478" lon="114.16275859"><ele>3.841033935546875</ele><time>2017-11-18T04:46:07Z</time></trkpt><trkpt lat="22.52668508" lon="114.16279437"><ele>2.74383544921875</ele><time>2017-11-18T04:46:09Z</time></trkpt><trkpt lat="22.52669551" lon="114.1628268"><ele>2.6072998046875</ele><time>2017-11-18T04:46:11Z</time></trkpt><trkpt lat="22.52669861" lon="114.1628477"><ele>2.370361328125</ele><time>2017-11-18T04:46:13Z</time></trkpt><trkpt lat="22.52669998" lon="114.1628706"><ele>1.105133056640625</ele><time>2017-11-18T04:46:16Z</time></trkpt><trkpt lat="22.52669492" lon="114.16289303"><ele>0.5465087890625</ele><time>2017-11-18T04:46:18Z</time></trkpt><trkpt lat="22.52669292" lon="114.16291391"><ele>-0.1259765625</ele><time>2017-11-18T04:46:20Z</time></trkpt><trkpt lat="22.52669158" lon="114.16293794"><ele>-1.145111083984375</ele><time>2017-11-18T04:46:22Z</time></trkpt><trkpt lat="22.52669861" lon="114.16296786"><ele>-1.6104736328125</ele><time>2017-11-18T04:46:24Z</time></trkpt><trkpt lat="22.52670467" lon="114.16299141"><ele>-1.310546875</ele><time>2017-11-18T04:46:26Z</time></trkpt><trkpt lat="22.5267081" lon="114.16301397"><ele>0.0322265625</ele><time>2017-11-18T04:46:29Z</time></trkpt><trkpt lat="22.52670824" lon="114.16304192"><ele>-1.512451171875</ele><time>2017-11-18T04:46:32Z</time></trkpt><trkpt lat="22.52671276" lon="114.16307077"><ele>-0.95208740234375</ele><time>2017-11-18T04:46:34Z</time></trkpt><trkpt lat="22.52672448" lon="114.16309444"><ele>-0.90576171875</ele><time>2017-11-18T04:46:37Z</time></trkpt><trkpt lat="22.52673342" lon="114.16311572"><ele>0.4404296875</ele><time>2017-11-18T04:46:40Z</time></trkpt><trkpt lat="22.52673024" lon="114.16314025"><ele>0.77301025390625</ele><time>2017-11-18T04:46:42Z</time></trkpt><trkpt lat="22.52672893" lon="114.16316508"><ele>2.9754638671875</ele><time>2017-11-18T04:46:44Z</time></trkpt><trkpt lat="22.52673177" lon="114.16318516"><ele>2.719696044921875</ele><time>2017-11-18T04:46:46Z</time></trkpt><trkpt lat="22.52673112" lon="114.16320522"><ele>2.691558837890625</ele><time>2017-11-18T04:46:48Z</time></trkpt><trkpt lat="22.52673118" lon="114.16323495"><ele>4.151275634765625</ele><time>2017-11-18T04:46:50Z</time></trkpt><trkpt lat="22.52672967" lon="114.16326139"><ele>4.770660400390625</ele><time>2017-11-18T04:46:52Z</time></trkpt><trkpt lat="22.52673616" lon="114.16328202"><ele>0.904815673828125</ele><time>2017-11-18T04:46:54Z</time></trkpt><trkpt lat="22.52673565" lon="114.16330667"><ele>-1.7178955078125</ele><time>2017-11-18T04:46:58Z</time></trkpt><trkpt lat="22.52674226" lon="114.16333726"><ele>-3.138275146484375</ele><time>2017-11-18T04:47:01Z</time></trkpt><trkpt lat="22.52674922" lon="114.16336198"><ele>-2.481597900390625</ele><time>2017-11-18T04:47:03Z</time></trkpt><trkpt lat="22.52675596" lon="114.16338285"><ele>-1.826019287109375</ele><time>2017-11-18T04:47:05Z</time></trkpt><trkpt lat="22.52676085" lon="114.16341675"><ele>-2.030914306640625</ele><time>2017-11-18T04:47:07Z</time></trkpt><trkpt lat="22.52676347" lon="114.16343964"><ele>-0.16510009765625</ele><time>2017-11-18T04:47:09Z</time></trkpt><trkpt lat="22.52676725" lon="114.16346984"><ele>-0.967926025390625</ele><time>2017-11-18T04:47:13Z</time></trkpt><trkpt lat="22.52676492" lon="114.16349331"><ele>0.063201904296875</ele><time>2017-11-18T04:47:15Z</time></trkpt><trkpt lat="22.52676041" lon="114.16352169"><ele>1.2647705078125</ele><time>2017-11-18T04:47:17Z</time></trkpt><trkpt lat="22.5267606" lon="114.16354126"><ele>1.7672119140625</ele><time>2017-11-18T04:47:19Z</time></trkpt><trkpt lat="22.52676095" lon="114.16356577"><ele>1.600860595703125</ele><time>2017-11-18T04:47:21Z</time></trkpt><trkpt lat="22.52676173" lon="114.16358894"><ele>1.400177001953125</ele><time>2017-11-18T04:47:23Z</time></trkpt><trkpt lat="22.52676636" lon="114.1636158"><ele>0.97064208984375</ele><time>2017-11-18T04:47:26Z</time></trkpt><trkpt lat="22.52677064" lon="114.16363629"><ele>0.353118896484375</ele><time>2017-11-18T04:47:28Z</time></trkpt><trkpt lat="22.52677199" lon="114.16366284"><ele>0.674224853515625</ele><time>2017-11-18T04:47:30Z</time></trkpt><trkpt lat="22.52677773" lon="114.16369212"><ele>1.30548095703125</ele><time>2017-11-18T04:47:32Z</time></trkpt><trkpt lat="22.52678664" lon="114.16372398"><ele>3.0118408203125</ele><time>2017-11-18T04:47:34Z</time></trkpt><trkpt lat="22.5267895" lon="114.16375535"><ele>3.834686279296875</ele><time>2017-11-18T04:47:36Z</time></trkpt><trkpt lat="22.52678987" lon="114.16377681"><ele>4.067718505859375</ele><time>2017-11-18T04:47:38Z</time></trkpt><trkpt lat="22.52679232" lon="114.16379723"><ele>5.019500732421875</ele><time>2017-11-18T04:47:40Z</time></trkpt><trkpt lat="22.52679617" lon="114.1638245"><ele>2.495513916015625</ele><time>2017-11-18T04:47:42Z</time></trkpt><trkpt lat="22.5267997" lon="114.16385188"><ele>3.353851318359375</ele><time>2017-11-18T04:47:44Z</time></trkpt><trkpt lat="22.52680319" lon="114.16388154"><ele>2.4951171875</ele><time>2017-11-18T04:47:46Z</time></trkpt><trkpt lat="22.5268069" lon="114.16390366"><ele>1.3673095703125</ele><time>2017-11-18T04:47:48Z</time></trkpt><trkpt lat="22.5268119" lon="114.16393071"><ele>1.1317138671875</ele><time>2017-11-18T04:47:51Z</time></trkpt><trkpt lat="22.52681573" lon="114.16395064"><ele>2.898284912109375</ele><time>2017-11-18T04:47:53Z</time></trkpt><trkpt lat="22.52682955" lon="114.16396604"><ele>2.846405029296875</ele><time>2017-11-18T04:47:57Z</time></trkpt><trkpt lat="22.52683741" lon="114.16399252"><ele>1.193084716796875</ele><time>2017-11-18T04:47:59Z</time></trkpt><trkpt lat="22.52684131" lon="114.16401269"><ele>0.650054931640625</ele><time>2017-11-18T04:48:01Z</time></trkpt><trkpt lat="22.52683253" lon="114.16403071"><ele>0.449310302734375</ele><time>2017-11-18T04:48:04Z</time></trkpt><trkpt lat="22.52682063" lon="114.16405972"><ele>1.1571044921875</ele><time>2017-11-18T04:48:06Z</time></trkpt><trkpt lat="22.5268146" lon="114.1640836"><ele>0.333251953125</ele><time>2017-11-18T04:48:08Z</time></trkpt><trkpt lat="22.52681152" lon="114.16410879"><ele>0.310638427734375</ele><time>2017-11-18T04:48:10Z</time></trkpt><trkpt lat="22.52680446" lon="114.16412682"><ele>-0.4537353515625</ele><time>2017-11-18T04:48:12Z</time></trkpt><trkpt lat="22.52679232" lon="114.16414684"><ele>-0.658355712890625</ele><time>2017-11-18T04:48:15Z</time></trkpt><trkpt lat="22.52678519" lon="114.16417559"><ele>-1.1663818359375</ele><time>2017-11-18T04:48:17Z</time></trkpt><trkpt lat="22.52677994" lon="114.16420301"><ele>1.089324951171875</ele><time>2017-11-18T04:48:19Z</time></trkpt><trkpt lat="22.52677778" lon="114.16422678"><ele>0.161346435546875</ele><time>2017-11-18T04:48:21Z</time></trkpt><trkpt lat="22.52677366" lon="114.16424842"><ele>-0.42303466796875</ele><time>2017-11-18T04:48:23Z</time></trkpt><trkpt lat="22.52676538" lon="114.16426881"><ele>-0.068206787109375</ele><time>2017-11-18T04:48:25Z</time></trkpt><trkpt lat="22.52675323" lon="114.16429535"><ele>1.1298828125</ele><time>2017-11-18T04:48:28Z</time></trkpt><trkpt lat="22.52674863" lon="114.16432128"><ele>2.98834228515625</ele><time>2017-11-18T04:48:30Z</time></trkpt><trkpt lat="22.52674287" lon="114.1643459"><ele>2.495330810546875</ele><time>2017-11-18T04:48:33Z</time></trkpt><trkpt lat="22.52674351" lon="114.16436754"><ele>0.024444580078125</ele><time>2017-11-18T04:48:35Z</time></trkpt><trkpt lat="22.5267456" lon="114.16439313"><ele>1.6678466796875</ele><time>2017-11-18T04:48:37Z</time></trkpt><trkpt lat="22.52674631" lon="114.16441685"><ele>3.004150390625</ele><time>2017-11-18T04:48:39Z</time></trkpt><trkpt lat="22.5267454" lon="114.16443917"><ele>3.67138671875</ele><time>2017-11-18T04:48:41Z</time></trkpt><trkpt lat="22.52673976" lon="114.16446396"><ele>3.08441162109375</ele><time>2017-11-18T04:48:43Z</time></trkpt><trkpt lat="22.52674013" lon="114.16448935"><ele>0.769622802734375</ele><time>2017-11-18T04:48:46Z</time></trkpt><trkpt lat="22.52673386" lon="114.1645108"><ele>4.254638671875</ele><time>2017-11-18T04:48:48Z</time></trkpt><trkpt lat="22.52673265" lon="114.16453467"><ele>4.56304931640625</ele><time>2017-11-18T04:48:50Z</time></trkpt><trkpt lat="22.52674016" lon="114.16455769"><ele>2.627471923828125</ele><time>2017-11-18T04:48:52Z</time></trkpt><trkpt lat="22.52673708" lon="114.16458852"><ele>5.549591064453125</ele><time>2017-11-18T04:48:55Z</time></trkpt><trkpt lat="22.52673517" lon="114.16460906"><ele>5.092376708984375</ele><time>2017-11-18T04:48:57Z</time></trkpt><trkpt lat="22.52673285" lon="114.16463598"><ele>4.511138916015625</ele><time>2017-11-18T04:49:00Z</time></trkpt><trkpt lat="22.5267264" lon="114.16465982"><ele>3.42095947265625</ele><time>2017-11-18T04:49:03Z</time></trkpt><trkpt lat="22.52671601" lon="114.164682"><ele>4.760162353515625</ele><time>2017-11-18T04:49:05Z</time></trkpt><trkpt lat="22.52670285" lon="114.16469643"><ele>4.949493408203125</ele><time>2017-11-18T04:49:07Z</time></trkpt><trkpt lat="22.52668972" lon="114.16472031"><ele>5.571868896484375</ele><time>2017-11-18T04:49:11Z</time></trkpt><trkpt lat="22.52669296" lon="114.16474054"><ele>8.962554931640625</ele><time>2017-11-18T04:49:13Z</time></trkpt><trkpt lat="22.52669023" lon="114.16476364"><ele>11.49871826171875</ele><time>2017-11-18T04:49:16Z</time></trkpt><trkpt lat="22.52670473" lon="114.1647828"><ele>5.632049560546875</ele><time>2017-11-18T04:49:18Z</time></trkpt><trkpt lat="22.52671819" lon="114.1648002"><ele>5.04736328125</ele><time>2017-11-18T04:49:20Z</time></trkpt><trkpt lat="22.5267123" lon="114.16482581"><ele>11.828399658203125</ele><time>2017-11-18T04:49:30Z</time></trkpt><trkpt lat="22.5267138" lon="114.16485633"><ele>12.50372314453125</ele><time>2017-11-18T04:49:32Z</time></trkpt><trkpt lat="22.52671703" lon="114.16488019"><ele>13.3646240234375</ele><time>2017-11-18T04:49:34Z</time></trkpt><trkpt lat="22.52671268" lon="114.1649079"><ele>13.3876953125</ele><time>2017-11-18T04:49:36Z</time></trkpt><trkpt lat="22.52670521" lon="114.16493497"><ele>14.961181640625</ele><time>2017-11-18T04:49:38Z</time></trkpt><trkpt lat="22.52670324" lon="114.16495975"><ele>14.82025146484375</ele><time>2017-11-18T04:49:41Z</time></trkpt><trkpt lat="22.52673075" lon="114.16496128"><ele>12.075927734375</ele><time>2017-11-18T04:49:53Z</time></trkpt><trkpt lat="22.52672698" lon="114.16494043"><ele>12.64654541015625</ele><time>2017-11-18T04:49:55Z</time></trkpt><trkpt lat="22.52671025" lon="114.16496252"><ele>10.35711669921875</ele><time>2017-11-18T04:49:58Z</time></trkpt><trkpt lat="22.52670453" lon="114.16498443"><ele>10.108245849609375</ele><time>2017-11-18T04:49:59Z</time></trkpt><trkpt lat="22.52669876" lon="114.16500626"><ele>9.5784912109375</ele><time>2017-11-18T04:50:00Z</time></trkpt><trkpt lat="22.52669221" lon="114.16502484"><ele>8.182647705078125</ele><time>2017-11-18T04:50:01Z</time></trkpt><trkpt lat="22.52668653" lon="114.16504461"><ele>8.131072998046875</ele><time>2017-11-18T04:50:02Z</time></trkpt><trkpt lat="22.52668107" lon="114.16507841"><ele>6.467987060546875</ele><time>2017-11-18T04:50:04Z</time></trkpt><trkpt lat="22.52668067" lon="114.16509851"><ele>7.801422119140625</ele><time>2017-11-18T04:50:06Z</time></trkpt><trkpt lat="22.52668209" lon="114.16512286"><ele>8.007843017578125</ele><time>2017-11-18T04:50:08Z</time></trkpt><trkpt lat="22.52668323" lon="114.16515211"><ele>8.46099853515625</ele><time>2017-11-18T04:50:10Z</time></trkpt><trkpt lat="22.52669089" lon="114.16517106"><ele>9.5257568359375</ele><time>2017-11-18T04:50:13Z</time></trkpt><trkpt lat="22.52670428" lon="114.16518603"><ele>13.177734375</ele><time>2017-11-18T04:50:19Z</time></trkpt><trkpt lat="22.52670163" lon="114.165219"><ele>13.22991943359375</ele><time>2017-11-18T04:50:21Z</time></trkpt><trkpt lat="22.52670451" lon="114.16525313"><ele>14.86749267578125</ele><time>2017-11-18T04:50:23Z</time></trkpt><trkpt lat="22.52671193" lon="114.16527397"><ele>13.6082763671875</ele><time>2017-11-18T04:50:26Z</time></trkpt><trkpt lat="22.52672028" lon="114.165293"><ele>15.4935302734375</ele><time>2017-11-18T04:50:28Z</time></trkpt><trkpt lat="22.5267306" lon="114.16531783"><ele>13.21722412109375</ele><time>2017-11-18T04:50:31Z</time></trkpt><trkpt lat="22.52673802" lon="114.16534105"><ele>13.37677001953125</ele><time>2017-11-18T04:50:33Z</time></trkpt><trkpt lat="22.52674405" lon="114.16536162"><ele>13.2205810546875</ele><time>2017-11-18T04:50:35Z</time></trkpt><trkpt lat="22.52674854" lon="114.16539088"><ele>12.51226806640625</ele><time>2017-11-18T04:50:38Z</time></trkpt><trkpt lat="22.52674279" lon="114.16541551"><ele>9.753631591796875</ele><time>2017-11-18T04:50:41Z</time></trkpt><trkpt lat="22.52673615" lon="114.16543753"><ele>8.05535888671875</ele><time>2017-11-18T04:50:43Z</time></trkpt><trkpt lat="22.52673315" lon="114.16546259"><ele>5.78338623046875</ele><time>2017-11-18T04:50:45Z</time></trkpt><trkpt lat="22.52672621" lon="114.16548168"><ele>2.090118408203125</ele><time>2017-11-18T04:50:48Z</time></trkpt><trkpt lat="22.52672038" lon="114.16550518"><ele>1.73394775390625</ele><time>2017-11-18T04:50:50Z</time></trkpt><trkpt lat="22.5267156" lon="114.16552793"><ele>1.18988037109375</ele><time>2017-11-18T04:50:52Z</time></trkpt><trkpt lat="22.52670445" lon="114.16555133"><ele>3.85113525390625</ele><time>2017-11-18T04:50:55Z</time></trkpt><trkpt lat="22.52669446" lon="114.16556992"><ele>4.498870849609375</ele><time>2017-11-18T04:50:57Z</time></trkpt><trkpt lat="22.52668662" lon="114.16559522"><ele>4.272705078125</ele><time>2017-11-18T04:50:59Z</time></trkpt><trkpt lat="22.52668378" lon="114.16561528"><ele>1.03515625</ele><time>2017-11-18T04:51:01Z</time></trkpt><trkpt lat="22.52667863" lon="114.16563827"><ele>-0.106536865234375</ele><time>2017-11-18T04:51:03Z</time></trkpt><trkpt lat="22.52667799" lon="114.16566003"><ele>-0.36260986328125</ele><time>2017-11-18T04:51:05Z</time></trkpt><trkpt lat="22.52667857" lon="114.16568957"><ele>-0.94427490234375</ele><time>2017-11-18T04:51:08Z</time></trkpt><trkpt lat="22.52667136" lon="114.16571314"><ele>-0.6669921875</ele><time>2017-11-18T04:51:10Z</time></trkpt><trkpt lat="22.52666531" lon="114.16573853"><ele>1.5244140625</ele><time>2017-11-18T04:51:12Z</time></trkpt><trkpt lat="22.52666331" lon="114.16576784"><ele>1.823394775390625</ele><time>2017-11-18T04:51:14Z</time></trkpt><trkpt lat="22.52666252" lon="114.16579776"><ele>3.244903564453125</ele><time>2017-11-18T04:51:16Z</time></trkpt><trkpt lat="22.52666388" lon="114.16582527"><ele>4.64520263671875</ele><time>2017-11-18T04:51:18Z</time></trkpt><trkpt lat="22.52666307" lon="114.16585028"><ele>5.056610107421875</ele><time>2017-11-18T04:51:20Z</time></trkpt><trkpt lat="22.52666298" lon="114.16587497"><ele>4.8355712890625</ele><time>2017-11-18T04:51:22Z</time></trkpt><trkpt lat="22.52665198" lon="114.16589703"><ele>4.724029541015625</ele><time>2017-11-18T04:51:24Z</time></trkpt><trkpt lat="22.52664763" lon="114.16592134"><ele>3.611419677734375</ele><time>2017-11-18T04:51:26Z</time></trkpt><trkpt lat="22.52664333" lon="114.16594297"><ele>3.447601318359375</ele><time>2017-11-18T04:51:28Z</time></trkpt><trkpt lat="22.52664477" lon="114.16596523"><ele>6.45135498046875</ele><time>2017-11-18T04:51:30Z</time></trkpt><trkpt lat="22.52666428" lon="114.16597459"><ele>8.367889404296875</ele><time>2017-11-18T04:51:33Z</time></trkpt><trkpt lat="22.52666321" lon="114.16599403"><ele>9.052581787109375</ele><time>2017-11-18T04:51:35Z</time></trkpt><trkpt lat="22.52668283" lon="114.16599023"><ele>9.85028076171875</ele><time>2017-11-18T04:51:41Z</time></trkpt><trkpt lat="22.52667318" lon="114.16601092"><ele>10.60693359375</ele><time>2017-11-18T04:51:51Z</time></trkpt><trkpt lat="22.52668022" lon="114.16603101"><ele>9.374542236328125</ele><time>2017-11-18T04:51:54Z</time></trkpt><trkpt lat="22.52669971" lon="114.16603388"><ele>11.869049072265625</ele><time>2017-11-18T04:51:57Z</time></trkpt><trkpt lat="22.52669337" lon="114.16605211"><ele>10.6297607421875</ele><time>2017-11-18T04:52:02Z</time></trkpt><trkpt lat="22.52668091" lon="114.16607019"><ele>9.372406005859375</ele><time>2017-11-18T04:52:04Z</time></trkpt><trkpt lat="22.52668244" lon="114.16609519"><ele>8.019317626953125</ele><time>2017-11-18T04:52:06Z</time></trkpt><trkpt lat="22.52668786" lon="114.16612294"><ele>7.25164794921875</ele><time>2017-11-18T04:52:08Z</time></trkpt><trkpt lat="22.52668615" lon="114.16614794"><ele>6.034515380859375</ele><time>2017-11-18T04:52:10Z</time></trkpt><trkpt lat="22.5266883" lon="114.16617631"><ele>5.011993408203125</ele><time>2017-11-18T04:52:12Z</time></trkpt><trkpt lat="22.52669895" lon="114.16619797"><ele>6.06231689453125</ele><time>2017-11-18T04:52:14Z</time></trkpt><trkpt lat="22.5267112" lon="114.16622257"><ele>4.530029296875</ele><time>2017-11-18T04:52:16Z</time></trkpt><trkpt lat="22.52672183" lon="114.16625237"><ele>3.91754150390625</ele><time>2017-11-18T04:52:18Z</time></trkpt><trkpt lat="22.52672329" lon="114.16627234"><ele>4.265594482421875</ele><time>2017-11-18T04:52:20Z</time></trkpt><trkpt lat="22.52672529" lon="114.16629595"><ele>5.45001220703125</ele><time>2017-11-18T04:52:22Z</time></trkpt><trkpt lat="22.5267263" lon="114.16632092"><ele>3.6815185546875</ele><time>2017-11-18T04:52:24Z</time></trkpt><trkpt lat="22.52673191" lon="114.16634078"><ele>4.952667236328125</ele><time>2017-11-18T04:52:26Z</time></trkpt><trkpt lat="22.52674161" lon="114.16635999"><ele>5.896759033203125</ele><time>2017-11-18T04:52:28Z</time></trkpt><trkpt lat="22.52675195" lon="114.16638693"><ele>6.588653564453125</ele><time>2017-11-18T04:52:31Z</time></trkpt><trkpt lat="22.52675635" lon="114.16640772"><ele>5.991119384765625</ele><time>2017-11-18T04:52:33Z</time></trkpt><trkpt lat="22.52676103" lon="114.16642762"><ele>5.9560546875</ele><time>2017-11-18T04:52:35Z</time></trkpt><trkpt lat="22.52676605" lon="114.16645195"><ele>5.84820556640625</ele><time>2017-11-18T04:52:38Z</time></trkpt><trkpt lat="22.52677623" lon="114.16647325"><ele>7.378387451171875</ele><time>2017-11-18T04:52:42Z</time></trkpt><trkpt lat="22.52678578" lon="114.16649359"><ele>5.48321533203125</ele><time>2017-11-18T04:52:44Z</time></trkpt><trkpt lat="22.52679343" lon="114.16651864"><ele>5.388397216796875</ele><time>2017-11-18T04:52:48Z</time></trkpt><trkpt lat="22.52679814" lon="114.16654108"><ele>2.141387939453125</ele><time>2017-11-18T04:52:52Z</time></trkpt><trkpt lat="22.52679375" lon="114.16656054"><ele>2.172607421875</ele><time>2017-11-18T04:52:54Z</time></trkpt><trkpt lat="22.52679116" lon="114.1665833"><ele>1.523895263671875</ele><time>2017-11-18T04:52:56Z</time></trkpt><trkpt lat="22.52677785" lon="114.16660934"><ele>0.276458740234375</ele><time>2017-11-18T04:52:58Z</time></trkpt><trkpt lat="22.52676835" lon="114.16662627"><ele>-0.3623046875</ele><time>2017-11-18T04:53:00Z</time></trkpt><trkpt lat="22.5267598" lon="114.1666444"><ele>-0.290008544921875</ele><time>2017-11-18T04:53:03Z</time></trkpt><trkpt lat="22.5267477" lon="114.16665978"><ele>0.06170654296875</ele><time>2017-11-18T04:53:05Z</time></trkpt><trkpt lat="22.52674134" lon="114.16668059"><ele>-0.13287353515625</ele><time>2017-11-18T04:53:07Z</time></trkpt><trkpt lat="22.52673702" lon="114.16670013"><ele>-0.764739990234375</ele><time>2017-11-18T04:53:08Z</time></trkpt><trkpt lat="22.52672133" lon="114.16673332"><ele>0.129669189453125</ele><time>2017-11-18T04:53:10Z</time></trkpt><trkpt lat="22.52671159" lon="114.16675696"><ele>0.501861572265625</ele><time>2017-11-18T04:53:12Z</time></trkpt><trkpt lat="22.52670241" lon="114.1667786"><ele>0.6729736328125</ele><time>2017-11-18T04:53:14Z</time></trkpt><trkpt lat="22.52669644" lon="114.16679976"><ele>2.112548828125</ele><time>2017-11-18T04:53:16Z</time></trkpt><trkpt lat="22.52669803" lon="114.16682925"><ele>2.4542236328125</ele><time>2017-11-18T04:53:18Z</time></trkpt><trkpt lat="22.52669952" lon="114.16685835"><ele>2.818084716796875</ele><time>2017-11-18T04:53:20Z</time></trkpt><trkpt lat="22.52669748" lon="114.16689235"><ele>2.544921875</ele><time>2017-11-18T04:53:22Z</time></trkpt><trkpt lat="22.52670133" lon="114.16692501"><ele>5.3812255859375</ele><time>2017-11-18T04:53:24Z</time></trkpt><trkpt lat="22.52670539" lon="114.1669471"><ele>7.137786865234375</ele><time>2017-11-18T04:53:26Z</time></trkpt><trkpt lat="22.52671961" lon="114.16696259"><ele>8.563140869140625</ele><time>2017-11-18T04:53:28Z</time></trkpt><trkpt lat="22.52673373" lon="114.16697499"><ele>9.9906005859375</ele><time>2017-11-18T04:53:30Z</time></trkpt><trkpt lat="22.52674978" lon="114.16699858"><ele>10.36444091796875</ele><time>2017-11-18T04:53:33Z</time></trkpt><trkpt lat="22.52676065" lon="114.16702502"><ele>11.769927978515625</ele><time>2017-11-18T04:53:35Z</time></trkpt><trkpt lat="22.5267731" lon="114.16704861"><ele>10.95013427734375</ele><time>2017-11-18T04:53:38Z</time></trkpt><trkpt lat="22.5267894" lon="114.16706397"><ele>10.404449462890625</ele><time>2017-11-18T04:53:40Z</time></trkpt><trkpt lat="22.52680465" lon="114.16708979"><ele>8.352325439453125</ele><time>2017-11-18T04:53:42Z</time></trkpt><trkpt lat="22.52681645" lon="114.16711976"><ele>6.64959716796875</ele><time>2017-11-18T04:53:44Z</time></trkpt><trkpt lat="22.52682875" lon="114.16713748"><ele>7.91064453125</ele><time>2017-11-18T04:53:46Z</time></trkpt><trkpt lat="22.52684686" lon="114.16714983"><ele>8.39190673828125</ele><time>2017-11-18T04:53:48Z</time></trkpt><trkpt lat="22.5268718" lon="114.167165"><ele>5.5618896484375</ele><time>2017-11-18T04:53:50Z</time></trkpt><trkpt lat="22.52689676" lon="114.16718009"><ele>6.5792236328125</ele><time>2017-11-18T04:53:52Z</time></trkpt><trkpt lat="22.52691843" lon="114.16719156"><ele>8.74365234375</ele><time>2017-11-18T04:53:54Z</time></trkpt><trkpt lat="22.52694387" lon="114.16721046"><ele>11.682586669921875</ele><time>2017-11-18T04:53:56Z</time></trkpt><trkpt lat="22.52696462" lon="114.16722747"><ele>11.8515625</ele><time>2017-11-18T04:53:58Z</time></trkpt><trkpt lat="22.52698284" lon="114.16724226"><ele>11.157989501953125</ele><time>2017-11-18T04:54:00Z</time></trkpt><trkpt lat="22.52700221" lon="114.16726117"><ele>11.344696044921875</ele><time>2017-11-18T04:54:02Z</time></trkpt><trkpt lat="22.52702174" lon="114.16727707"><ele>10.17919921875</ele><time>2017-11-18T04:54:04Z</time></trkpt><trkpt lat="22.52703919" lon="114.16730002"><ele>9.5726318359375</ele><time>2017-11-18T04:54:06Z</time></trkpt><trkpt lat="22.52705375" lon="114.1673171"><ele>10.796630859375</ele><time>2017-11-18T04:54:08Z</time></trkpt><trkpt lat="22.52706717" lon="114.1673328"><ele>10.17156982421875</ele><time>2017-11-18T04:54:10Z</time></trkpt><trkpt lat="22.52708108" lon="114.16735339"><ele>8.584075927734375</ele><time>2017-11-18T04:54:12Z</time></trkpt><trkpt lat="22.52709108" lon="114.16737847"><ele>8.85693359375</ele><time>2017-11-18T04:54:14Z</time></trkpt><trkpt lat="22.52710356" lon="114.16739946"><ele>8.740478515625</ele><time>2017-11-18T04:54:17Z</time></trkpt><trkpt lat="22.52712039" lon="114.16741488"><ele>8.51055908203125</ele><time>2017-11-18T04:54:19Z</time></trkpt><trkpt lat="22.52712312" lon="114.16745214"><ele>8.608489990234375</ele><time>2017-11-18T04:54:21Z</time></trkpt><trkpt lat="22.52712541" lon="114.16748421"><ele>9.71527099609375</ele><time>2017-11-18T04:54:23Z</time></trkpt><trkpt lat="22.52712573" lon="114.16750959"><ele>9.762054443359375</ele><time>2017-11-18T04:54:25Z</time></trkpt><trkpt lat="22.52712844" lon="114.16754201"><ele>9.563934326171875</ele><time>2017-11-18T04:54:27Z</time></trkpt><trkpt lat="22.52714995" lon="114.16756545"><ele>11.08612060546875</ele><time>2017-11-18T04:54:29Z</time></trkpt><trkpt lat="22.52715658" lon="114.16758792"><ele>7.3399658203125</ele><time>2017-11-18T04:54:32Z</time></trkpt><trkpt lat="22.5271704" lon="114.16760478"><ele>6.7939453125</ele><time>2017-11-18T04:54:35Z</time></trkpt><trkpt lat="22.52718997" lon="114.16762133"><ele>6.12957763671875</ele><time>2017-11-18T04:54:38Z</time></trkpt><trkpt lat="22.52720867" lon="114.16764388"><ele>5.0260009765625</ele><time>2017-11-18T04:54:40Z</time></trkpt><trkpt lat="22.52722271" lon="114.16766923"><ele>6.167327880859375</ele><time>2017-11-18T04:54:42Z</time></trkpt><trkpt lat="22.52723232" lon="114.16769947"><ele>6.219207763671875</ele><time>2017-11-18T04:54:44Z</time></trkpt><trkpt lat="22.52723541" lon="114.1677328"><ele>13.86737060546875</ele><time>2017-11-18T04:54:46Z</time></trkpt><trkpt lat="22.52723388" lon="114.16776925"><ele>16.35882568359375</ele><time>2017-11-18T04:54:48Z</time></trkpt><trkpt lat="22.52723221" lon="114.16780309"><ele>16.1983642578125</ele><time>2017-11-18T04:54:50Z</time></trkpt><trkpt lat="22.52722853" lon="114.16783248"><ele>16.589599609375</ele><time>2017-11-18T04:54:52Z</time></trkpt><trkpt lat="22.52722489" lon="114.16785679"><ele>15.0526123046875</ele><time>2017-11-18T04:54:54Z</time></trkpt><trkpt lat="22.52721463" lon="114.16788563"><ele>15.859619140625</ele><time>2017-11-18T04:54:56Z</time></trkpt><trkpt lat="22.52720352" lon="114.16791883"><ele>15.978515625</ele><time>2017-11-18T04:54:58Z</time></trkpt><trkpt lat="22.52719283" lon="114.16794469"><ele>16.64642333984375</ele><time>2017-11-18T04:55:00Z</time></trkpt><trkpt lat="22.52718222" lon="114.16797341"><ele>15.682861328125</ele><time>2017-11-18T04:55:02Z</time></trkpt><trkpt lat="22.52717766" lon="114.16800445"><ele>16.29266357421875</ele><time>2017-11-18T04:55:04Z</time></trkpt><trkpt lat="22.5271693" lon="114.16802515"><ele>15.64837646484375</ele><time>2017-11-18T04:55:07Z</time></trkpt><trkpt lat="22.52715569" lon="114.16805771"><ele>14.96246337890625</ele><time>2017-11-18T04:55:10Z</time></trkpt><trkpt lat="22.52715055" lon="114.1680825"><ele>14.55364990234375</ele><time>2017-11-18T04:55:12Z</time></trkpt><trkpt lat="22.52714902" lon="114.16810915"><ele>13.37237548828125</ele><time>2017-11-18T04:55:14Z</time></trkpt><trkpt lat="22.52714988" lon="114.16813086"><ele>12.054443359375</ele><time>2017-11-18T04:55:16Z</time></trkpt><trkpt lat="22.52715052" lon="114.16815662"><ele>11.037811279296875</ele><time>2017-11-18T04:55:18Z</time></trkpt><trkpt lat="22.52714994" lon="114.16817884"><ele>15.3115234375</ele><time>2017-11-18T04:55:20Z</time></trkpt><trkpt lat="22.52715331" lon="114.16819879"><ele>18.70074462890625</ele><time>2017-11-18T04:55:22Z</time></trkpt><trkpt lat="22.52715505" lon="114.16821961"><ele>17.39703369140625</ele><time>2017-11-18T04:55:25Z</time></trkpt><trkpt lat="22.52715972" lon="114.16824141"><ele>16.825439453125</ele><time>2017-11-18T04:55:27Z</time></trkpt><trkpt lat="22.52716365" lon="114.16826161"><ele>14.16217041015625</ele><time>2017-11-18T04:55:29Z</time></trkpt><trkpt lat="22.52716437" lon="114.16828632"><ele>13.89971923828125</ele><time>2017-11-18T04:55:32Z</time></trkpt><trkpt lat="22.52717928" lon="114.1683038"><ele>14.3621826171875</ele><time>2017-11-18T04:55:34Z</time></trkpt><trkpt lat="22.52719151" lon="114.16832662"><ele>14.17724609375</ele><time>2017-11-18T04:55:37Z</time></trkpt><trkpt lat="22.52719916" lon="114.16834447"><ele>15.51422119140625</ele><time>2017-11-18T04:55:39Z</time></trkpt><trkpt lat="22.52720793" lon="114.16836438"><ele>16.96783447265625</ele><time>2017-11-18T04:55:41Z</time></trkpt><trkpt lat="22.52721664" lon="114.16838894"><ele>18.06378173828125</ele><time>2017-11-18T04:55:43Z</time></trkpt><trkpt lat="22.52722439" lon="114.16840919"><ele>17.01751708984375</ele><time>2017-11-18T04:55:45Z</time></trkpt><trkpt lat="22.52723598" lon="114.16843184"><ele>17.658447265625</ele><time>2017-11-18T04:55:47Z</time></trkpt><trkpt lat="22.5272452" lon="114.16845806"><ele>17.56658935546875</ele><time>2017-11-18T04:55:49Z</time></trkpt><trkpt lat="22.52726122" lon="114.16848413"><ele>17.33184814453125</ele><time>2017-11-18T04:55:51Z</time></trkpt><trkpt lat="22.52727518" lon="114.16851266"><ele>17.00860595703125</ele><time>2017-11-18T04:55:53Z</time></trkpt><trkpt lat="22.52728379" lon="114.16853296"><ele>17.66217041015625</ele><time>2017-11-18T04:55:55Z</time></trkpt><trkpt lat="22.52729768" lon="114.16855146"><ele>17.40765380859375</ele><time>2017-11-18T04:55:57Z</time></trkpt><trkpt lat="22.52731491" lon="114.16856024"><ele>16.499755859375</ele><time>2017-11-18T04:55:59Z</time></trkpt><trkpt lat="22.52733882" lon="114.16855546"><ele>16.263427734375</ele><time>2017-11-18T04:56:03Z</time></trkpt><trkpt lat="22.52735547" lon="114.16857087"><ele>15.2857666015625</ele><time>2017-11-18T04:56:07Z</time></trkpt><trkpt lat="22.52735937" lon="114.1685936"><ele>15.5205078125</ele><time>2017-11-18T04:56:09Z</time></trkpt><trkpt lat="22.5273678" lon="114.16861985"><ele>14.06689453125</ele><time>2017-11-18T04:56:12Z</time></trkpt><trkpt lat="22.52738234" lon="114.16864844"><ele>13.83831787109375</ele><time>2017-11-18T04:56:15Z</time></trkpt><trkpt lat="22.52739591" lon="114.16867188"><ele>14.9971923828125</ele><time>2017-11-18T04:56:17Z</time></trkpt><trkpt lat="22.52741092" lon="114.1687016"><ele>15.43084716796875</ele><time>2017-11-18T04:56:19Z</time></trkpt><trkpt lat="22.52741869" lon="114.16872522"><ele>14.250732421875</ele><time>2017-11-18T04:56:21Z</time></trkpt><trkpt lat="22.52742992" lon="114.16874438"><ele>13.72869873046875</ele><time>2017-11-18T04:56:23Z</time></trkpt><trkpt lat="22.52744024" lon="114.16876531"><ele>15.53155517578125</ele><time>2017-11-18T04:56:25Z</time></trkpt><trkpt lat="22.52744791" lon="114.16879302"><ele>16.349853515625</ele><time>2017-11-18T04:56:27Z</time></trkpt><trkpt lat="22.52745589" lon="114.16881919"><ele>15.463134765625</ele><time>2017-11-18T04:56:29Z</time></trkpt><trkpt lat="22.52745617" lon="114.16884209"><ele>14.493896484375</ele><time>2017-11-18T04:56:31Z</time></trkpt><trkpt lat="22.52745835" lon="114.16886451"><ele>14.174560546875</ele><time>2017-11-18T04:56:33Z</time></trkpt><trkpt lat="22.52745731" lon="114.16889513"><ele>14.51300048828125</ele><time>2017-11-18T04:56:35Z</time></trkpt><trkpt lat="22.52746042" lon="114.16892348"><ele>14.8953857421875</ele><time>2017-11-18T04:56:37Z</time></trkpt><trkpt lat="22.52746634" lon="114.16894333"><ele>13.83837890625</ele><time>2017-11-18T04:56:39Z</time></trkpt><trkpt lat="22.52747214" lon="114.16896339"><ele>14.84747314453125</ele><time>2017-11-18T04:56:41Z</time></trkpt><trkpt lat="22.5274786" lon="114.16899237"><ele>15.10693359375</ele><time>2017-11-18T04:56:43Z</time></trkpt><trkpt lat="22.5274885" lon="114.16901774"><ele>13.7686767578125</ele><time>2017-11-18T04:56:45Z</time></trkpt><trkpt lat="22.52750301" lon="114.16904411"><ele>13.85748291015625</ele><time>2017-11-18T04:56:47Z</time></trkpt><trkpt lat="22.52752259" lon="114.16906438"><ele>15.2344970703125</ele><time>2017-11-18T04:56:49Z</time></trkpt><trkpt lat="22.5275468" lon="114.16908493"><ele>14.55084228515625</ele><time>2017-11-18T04:56:51Z</time></trkpt><trkpt lat="22.52756655" lon="114.16910339"><ele>15.1279296875</ele><time>2017-11-18T04:56:53Z</time></trkpt><trkpt lat="22.52758709" lon="114.16911858"><ele>15.421142578125</ele><time>2017-11-18T04:56:55Z</time></trkpt><trkpt lat="22.52760281" lon="114.16913195"><ele>14.65985107421875</ele><time>2017-11-18T04:56:57Z</time></trkpt><trkpt lat="22.52762344" lon="114.16914837"><ele>14.69647216796875</ele><time>2017-11-18T04:56:59Z</time></trkpt><trkpt lat="22.52764156" lon="114.16915946"><ele>15.81658935546875</ele><time>2017-11-18T04:57:01Z</time></trkpt><trkpt lat="22.52765994" lon="114.16917204"><ele>16.1666259765625</ele><time>2017-11-18T04:57:03Z</time></trkpt><trkpt lat="22.52768073" lon="114.16918906"><ele>16.15240478515625</ele><time>2017-11-18T04:57:05Z</time></trkpt><trkpt lat="22.52769882" lon="114.16920625"><ele>18.548583984375</ele><time>2017-11-18T04:57:07Z</time></trkpt><trkpt lat="22.52771361" lon="114.16922811"><ele>18.24871826171875</ele><time>2017-11-18T04:57:09Z</time></trkpt><trkpt lat="22.52772263" lon="114.16925051"><ele>20.2816162109375</ele><time>2017-11-18T04:57:11Z</time></trkpt><trkpt lat="22.52772812" lon="114.16927017"><ele>19.86968994140625</ele><time>2017-11-18T04:57:15Z</time></trkpt><trkpt lat="22.52773619" lon="114.16928927"><ele>18.8070068359375</ele><time>2017-11-18T04:57:17Z</time></trkpt><trkpt lat="22.52775379" lon="114.16930053"><ele>18.45794677734375</ele><time>2017-11-18T04:57:19Z</time></trkpt><trkpt lat="22.52777471" lon="114.16930637"><ele>15.88128662109375</ele><time>2017-11-18T04:57:22Z</time></trkpt><trkpt lat="22.52779493" lon="114.16932046"><ele>13.6873779296875</ele><time>2017-11-18T04:57:24Z</time></trkpt><trkpt lat="22.52781328" lon="114.16933654"><ele>16.61944580078125</ele><time>2017-11-18T04:57:27Z</time></trkpt><trkpt lat="22.5278348" lon="114.16935282"><ele>16.93109130859375</ele><time>2017-11-18T04:57:30Z</time></trkpt><trkpt lat="22.52785273" lon="114.16936681"><ele>16.45721435546875</ele><time>2017-11-18T04:57:32Z</time></trkpt><trkpt lat="22.5278755" lon="114.16937898"><ele>17.3240966796875</ele><time>2017-11-18T04:57:35Z</time></trkpt><trkpt lat="22.52790038" lon="114.16938835"><ele>18.46917724609375</ele><time>2017-11-18T04:57:37Z</time></trkpt><trkpt lat="22.52791815" lon="114.16940106"><ele>18.52032470703125</ele><time>2017-11-18T04:57:39Z</time></trkpt><trkpt lat="22.52793761" lon="114.16941062"><ele>17.32568359375</ele><time>2017-11-18T04:57:41Z</time></trkpt><trkpt lat="22.52796205" lon="114.16942206"><ele>16.76690673828125</ele><time>2017-11-18T04:57:43Z</time></trkpt><trkpt lat="22.5279819" lon="114.16942939"><ele>16.76708984375</ele><time>2017-11-18T04:57:45Z</time></trkpt><trkpt lat="22.52800695" lon="114.16944201"><ele>16.2952880859375</ele><time>2017-11-18T04:57:48Z</time></trkpt><trkpt lat="22.52803493" lon="114.16945008"><ele>17.406005859375</ele><time>2017-11-18T04:57:50Z</time></trkpt><trkpt lat="22.52806232" lon="114.16945521"><ele>17.5517578125</ele><time>2017-11-18T04:57:52Z</time></trkpt><trkpt lat="22.52808006" lon="114.16945933"><ele>16.8568115234375</ele><time>2017-11-18T04:57:54Z</time></trkpt><trkpt lat="22.52810719" lon="114.16946875"><ele>19.21221923828125</ele><time>2017-11-18T04:57:56Z</time></trkpt><trkpt lat="22.52813321" lon="114.16947991"><ele>18.17364501953125</ele><time>2017-11-18T04:57:58Z</time></trkpt><trkpt lat="22.52815295" lon="114.16949564"><ele>18.119140625</ele><time>2017-11-18T04:58:00Z</time></trkpt><trkpt lat="22.52817326" lon="114.16950662"><ele>15.33856201171875</ele><time>2017-11-18T04:58:02Z</time></trkpt><trkpt lat="22.52819686" lon="114.16951712"><ele>15.15802001953125</ele><time>2017-11-18T04:58:04Z</time></trkpt><trkpt lat="22.52821228" lon="114.16953012"><ele>14.8475341796875</ele><time>2017-11-18T04:58:06Z</time></trkpt><trkpt lat="22.52822173" lon="114.16954766"><ele>13.9908447265625</ele><time>2017-11-18T04:58:08Z</time></trkpt><trkpt lat="22.52823179" lon="114.16957459"><ele>13.5059814453125</ele><time>2017-11-18T04:58:11Z</time></trkpt><trkpt lat="22.52824442" lon="114.16959461"><ele>15.12481689453125</ele><time>2017-11-18T04:58:14Z</time></trkpt><trkpt lat="22.52826172" lon="114.1696147"><ele>16.50067138671875</ele><time>2017-11-18T04:58:17Z</time></trkpt><trkpt lat="22.52827587" lon="114.16962887"><ele>15.523193359375</ele><time>2017-11-18T04:58:19Z</time></trkpt><trkpt lat="22.52828605" lon="114.16965399"><ele>16.380859375</ele><time>2017-11-18T04:58:22Z</time></trkpt><trkpt lat="22.52829718" lon="114.16967074"><ele>16.36590576171875</ele><time>2017-11-18T04:58:24Z</time></trkpt><trkpt lat="22.52831086" lon="114.16968804"><ele>17.234375</ele><time>2017-11-18T04:58:26Z</time></trkpt><trkpt lat="22.52832159" lon="114.16970383"><ele>16.86962890625</ele><time>2017-11-18T04:58:28Z</time></trkpt><trkpt lat="22.52833269" lon="114.16972816"><ele>16.0032958984375</ele><time>2017-11-18T04:58:30Z</time></trkpt><trkpt lat="22.52833893" lon="114.16975078"><ele>17.4100341796875</ele><time>2017-11-18T04:58:32Z</time></trkpt><trkpt lat="22.52834004" lon="114.16977823"><ele>19.39227294921875</ele><time>2017-11-18T04:58:35Z</time></trkpt><trkpt lat="22.52835151" lon="114.16980468"><ele>20.1064453125</ele><time>2017-11-18T04:58:37Z</time></trkpt><trkpt lat="22.52836019" lon="114.16982717"><ele>18.18218994140625</ele><time>2017-11-18T04:58:39Z</time></trkpt><trkpt lat="22.528377" lon="114.16984962"><ele>18.159423828125</ele><time>2017-11-18T04:58:41Z</time></trkpt><trkpt lat="22.52838704" lon="114.16987263"><ele>18.34130859375</ele><time>2017-11-18T04:58:43Z</time></trkpt><trkpt lat="22.5284018" lon="114.1698908"><ele>19.7008056640625</ele><time>2017-11-18T04:58:45Z</time></trkpt><trkpt lat="22.52842135" lon="114.16990656"><ele>19.07794189453125</ele><time>2017-11-18T04:58:47Z</time></trkpt><trkpt lat="22.52843793" lon="114.16993076"><ele>18.8743896484375</ele><time>2017-11-18T04:58:49Z</time></trkpt><trkpt lat="22.52845677" lon="114.16995654"><ele>18.9447021484375</ele><time>2017-11-18T04:58:51Z</time></trkpt><trkpt lat="22.52847676" lon="114.16997509"><ele>18.50390625</ele><time>2017-11-18T04:58:53Z</time></trkpt><trkpt lat="22.52849871" lon="114.16999679"><ele>21.7030029296875</ele><time>2017-11-18T04:58:55Z</time></trkpt><trkpt lat="22.52851845" lon="114.17001933"><ele>23.17315673828125</ele><time>2017-11-18T04:58:57Z</time></trkpt><trkpt lat="22.52854002" lon="114.17003693"><ele>23.90777587890625</ele><time>2017-11-18T04:58:59Z</time></trkpt><trkpt lat="22.528566" lon="114.17004923"><ele>24.22509765625</ele><time>2017-11-18T04:59:01Z</time></trkpt><trkpt lat="22.52858806" lon="114.17006795"><ele>23.71929931640625</ele><time>2017-11-18T04:59:03Z</time></trkpt><trkpt lat="22.52859797" lon="114.1700854"><ele>21.25579833984375</ele><time>2017-11-18T04:59:05Z</time></trkpt><trkpt lat="22.52861127" lon="114.17010046"><ele>20.9337158203125</ele><time>2017-11-18T04:59:07Z</time></trkpt><trkpt lat="22.5286276" lon="114.17011508"><ele>20.9949951171875</ele><time>2017-11-18T04:59:09Z</time></trkpt><trkpt lat="22.52864515" lon="114.17013209"><ele>21.249755859375</ele><time>2017-11-18T04:59:12Z</time></trkpt><trkpt lat="22.528671" lon="114.17014857"><ele>21.65911865234375</ele><time>2017-11-18T04:59:15Z</time></trkpt><trkpt lat="22.52870434" lon="114.17017232"><ele>22.8739013671875</ele><time>2017-11-18T04:59:17Z</time></trkpt><trkpt lat="22.52872055" lon="114.17018183"><ele>22.78076171875</ele><time>2017-11-18T04:59:18Z</time></trkpt><trkpt lat="22.52874469" lon="114.17019803"><ele>20.5501708984375</ele><time>2017-11-18T04:59:20Z</time></trkpt><trkpt lat="22.52876641" lon="114.17021528"><ele>19.90875244140625</ele><time>2017-11-18T04:59:22Z</time></trkpt><trkpt lat="22.52878368" lon="114.17022717"><ele>20.88385009765625</ele><time>2017-11-18T04:59:24Z</time></trkpt><trkpt lat="22.52880557" lon="114.17024239"><ele>21.35760498046875</ele><time>2017-11-18T04:59:27Z</time></trkpt><trkpt lat="22.52882228" lon="114.1702622"><ele>22.8238525390625</ele><time>2017-11-18T04:59:30Z</time></trkpt><trkpt lat="22.52883813" lon="114.170276"><ele>22.1373291015625</ele><time>2017-11-18T04:59:32Z</time></trkpt><trkpt lat="22.52885677" lon="114.17029317"><ele>19.18402099609375</ele><time>2017-11-18T04:59:34Z</time></trkpt><trkpt lat="22.52888331" lon="114.17030516"><ele>19.14874267578125</ele><time>2017-11-18T04:59:37Z</time></trkpt><trkpt lat="22.52890739" lon="114.17031144"><ele>17.01580810546875</ele><time>2017-11-18T04:59:39Z</time></trkpt><trkpt lat="22.52893118" lon="114.17032516"><ele>14.8470458984375</ele><time>2017-11-18T04:59:41Z</time></trkpt><trkpt lat="22.52895047" lon="114.17033369"><ele>15.58685302734375</ele><time>2017-11-18T04:59:43Z</time></trkpt><trkpt lat="22.52897875" lon="114.17034626"><ele>17.66546630859375</ele><time>2017-11-18T04:59:45Z</time></trkpt><trkpt lat="22.52900412" lon="114.17036195"><ele>18.032958984375</ele><time>2017-11-18T04:59:47Z</time></trkpt><trkpt lat="22.52903013" lon="114.17037212"><ele>20.01507568359375</ele><time>2017-11-18T04:59:49Z</time></trkpt><trkpt lat="22.52905747" lon="114.1703778"><ele>17.555908203125</ele><time>2017-11-18T04:59:51Z</time></trkpt><trkpt lat="22.52908518" lon="114.17038893"><ele>17.9677734375</ele><time>2017-11-18T04:59:53Z</time></trkpt><trkpt lat="22.52911317" lon="114.1703897"><ele>19.23382568359375</ele><time>2017-11-18T04:59:55Z</time></trkpt><trkpt lat="22.52914285" lon="114.17038254"><ele>19.21087646484375</ele><time>2017-11-18T04:59:57Z</time></trkpt><trkpt lat="22.52916644" lon="114.17037451"><ele>20.884521484375</ele><time>2017-11-18T05:00:00Z</time></trkpt><trkpt lat="22.52919152" lon="114.17037637"><ele>22.515869140625</ele><time>2017-11-18T05:00:02Z</time></trkpt><trkpt lat="22.52921309" lon="114.17037989"><ele>22.50592041015625</ele><time>2017-11-18T05:00:04Z</time></trkpt><trkpt lat="22.5292437" lon="114.17037832"><ele>21.916259765625</ele><time>2017-11-18T05:00:06Z</time></trkpt><trkpt lat="22.52926225" lon="114.17037382"><ele>19.27740478515625</ele><time>2017-11-18T05:00:08Z</time></trkpt><trkpt lat="22.52928375" lon="114.17037019"><ele>19.48358154296875</ele><time>2017-11-18T05:00:10Z</time></trkpt><trkpt lat="22.52930869" lon="114.17036637"><ele>20.392333984375</ele><time>2017-11-18T05:00:13Z</time></trkpt><trkpt lat="22.52933147" lon="114.17037393"><ele>16.803466796875</ele><time>2017-11-18T05:00:15Z</time></trkpt><trkpt lat="22.52935447" lon="114.1703801"><ele>17.71337890625</ele><time>2017-11-18T05:00:17Z</time></trkpt><trkpt lat="22.52937294" lon="114.17038454"><ele>17.14068603515625</ele><time>2017-11-18T05:00:19Z</time></trkpt><trkpt lat="22.52939879" lon="114.17037918"><ele>17.6248779296875</ele><time>2017-11-18T05:00:21Z</time></trkpt><trkpt lat="22.52941978" lon="114.17037172"><ele>17.5308837890625</ele><time>2017-11-18T05:00:23Z</time></trkpt><trkpt lat="22.52943977" lon="114.17036804"><ele>19.01617431640625</ele><time>2017-11-18T05:00:25Z</time></trkpt><trkpt lat="22.52946648" lon="114.17036992"><ele>18.78912353515625</ele><time>2017-11-18T05:00:27Z</time></trkpt><trkpt lat="22.52948851" lon="114.17037579"><ele>18.33721923828125</ele><time>2017-11-18T05:00:29Z</time></trkpt><trkpt lat="22.52951513" lon="114.17037305"><ele>18.2900390625</ele><time>2017-11-18T05:00:31Z</time></trkpt><trkpt lat="22.52953512" lon="114.17037328"><ele>17.10223388671875</ele><time>2017-11-18T05:00:33Z</time></trkpt><trkpt lat="22.52956659" lon="114.1703661"><ele>17.08758544921875</ele><time>2017-11-18T05:00:35Z</time></trkpt><trkpt lat="22.52959337" lon="114.17035393"><ele>16.38995361328125</ele><time>2017-11-18T05:00:37Z</time></trkpt><trkpt lat="22.52962564" lon="114.17034258"><ele>16.83447265625</ele><time>2017-11-18T05:00:39Z</time></trkpt><trkpt lat="22.52965604" lon="114.17033934"><ele>13.4461669921875</ele><time>2017-11-18T05:00:41Z</time></trkpt><trkpt lat="22.52967949" lon="114.1703386"><ele>13.54937744140625</ele><time>2017-11-18T05:00:43Z</time></trkpt><trkpt lat="22.52970685" lon="114.17033855"><ele>12.90228271484375</ele><time>2017-11-18T05:00:45Z</time></trkpt><trkpt lat="22.52973452" lon="114.17033417"><ele>14.1533203125</ele><time>2017-11-18T05:00:47Z</time></trkpt><trkpt lat="22.52975359" lon="114.170328"><ele>15.77154541015625</ele><time>2017-11-18T05:00:49Z</time></trkpt><trkpt lat="22.52977411" lon="114.17032488"><ele>15.00775146484375</ele><time>2017-11-18T05:00:51Z</time></trkpt><trkpt lat="22.52980329" lon="114.17031947"><ele>14.17376708984375</ele><time>2017-11-18T05:00:54Z</time></trkpt><trkpt lat="22.52982847" lon="114.17029649"><ele>13.9093017578125</ele><time>2017-11-18T05:00:56Z</time></trkpt><trkpt lat="22.52983568" lon="114.17027802"><ele>13.984130859375</ele><time>2017-11-18T05:00:58Z</time></trkpt><trkpt lat="22.52985098" lon="114.17024877"><ele>13.38507080078125</ele><time>2017-11-18T05:01:00Z</time></trkpt><trkpt lat="22.5298643" lon="114.17021979"><ele>14.1893310546875</ele><time>2017-11-18T05:01:02Z</time></trkpt><trkpt lat="22.52987179" lon="114.17019152"><ele>15.98321533203125</ele><time>2017-11-18T05:01:04Z</time></trkpt><trkpt lat="22.52988014" lon="114.17016544"><ele>16.53936767578125</ele><time>2017-11-18T05:01:06Z</time></trkpt><trkpt lat="22.52988436" lon="114.17014575"><ele>17.2501220703125</ele><time>2017-11-18T05:01:08Z</time></trkpt><trkpt lat="22.52988714" lon="114.17012521"><ele>16.97784423828125</ele><time>2017-11-18T05:01:10Z</time></trkpt><trkpt lat="22.52989552" lon="114.17009914"><ele>17.46612548828125</ele><time>2017-11-18T05:01:12Z</time></trkpt><trkpt lat="22.52991201" lon="114.17008306"><ele>14.27801513671875</ele><time>2017-11-18T05:01:14Z</time></trkpt><trkpt lat="22.52992641" lon="114.17006239"><ele>14.2310791015625</ele><time>2017-11-18T05:01:16Z</time></trkpt><trkpt lat="22.52994398" lon="114.1700347"><ele>15.78216552734375</ele><time>2017-11-18T05:01:18Z</time></trkpt><trkpt lat="22.52995732" lon="114.17000515"><ele>16.9434814453125</ele><time>2017-11-18T05:01:20Z</time></trkpt><trkpt lat="22.52997182" lon="114.16998218"><ele>15.70391845703125</ele><time>2017-11-18T05:01:22Z</time></trkpt><trkpt lat="22.5299799" lon="114.16996026"><ele>14.8094482421875</ele><time>2017-11-18T05:01:24Z</time></trkpt><trkpt lat="22.52998918" lon="114.16993428"><ele>13.1357421875</ele><time>2017-11-18T05:01:26Z</time></trkpt><trkpt lat="22.5299948" lon="114.16991205"><ele>15.15191650390625</ele><time>2017-11-18T05:01:28Z</time></trkpt><trkpt lat="22.52999773" lon="114.16988787"><ele>16.425537109375</ele><time>2017-11-18T05:01:30Z</time></trkpt><trkpt lat="22.53000951" lon="114.16985629"><ele>18.4527587890625</ele><time>2017-11-18T05:01:32Z</time></trkpt><trkpt lat="22.53002576" lon="114.1698319"><ele>18.41278076171875</ele><time>2017-11-18T05:01:34Z</time></trkpt><trkpt lat="22.53003933" lon="114.16980308"><ele>21.308837890625</ele><time>2017-11-18T05:01:36Z</time></trkpt><trkpt lat="22.53005221" lon="114.16976777"><ele>20.6204833984375</ele><time>2017-11-18T05:01:38Z</time></trkpt><trkpt lat="22.53006513" lon="114.16973111"><ele>22.05670166015625</ele><time>2017-11-18T05:01:40Z</time></trkpt><trkpt lat="22.53008184" lon="114.16970038"><ele>21.7593994140625</ele><time>2017-11-18T05:01:42Z</time></trkpt><trkpt lat="22.53009164" lon="114.1696786"><ele>22.66156005859375</ele><time>2017-11-18T05:01:44Z</time></trkpt><trkpt lat="22.53009538" lon="114.16964803"><ele>21.326171875</ele><time>2017-11-18T05:01:46Z</time></trkpt><trkpt lat="22.53010653" lon="114.16961348"><ele>21.98162841796875</ele><time>2017-11-18T05:01:48Z</time></trkpt><trkpt lat="22.53011924" lon="114.16958068"><ele>22.3909912109375</ele><time>2017-11-18T05:01:50Z</time></trkpt><trkpt lat="22.5301271" lon="114.16954763"><ele>22.86993408203125</ele><time>2017-11-18T05:01:52Z</time></trkpt><trkpt lat="22.53013877" lon="114.16951145"><ele>25.23101806640625</ele><time>2017-11-18T05:01:54Z</time></trkpt><trkpt lat="22.53015318" lon="114.16948633"><ele>23.7763671875</ele><time>2017-11-18T05:01:56Z</time></trkpt><trkpt lat="22.53017004" lon="114.16946163"><ele>23.7060546875</ele><time>2017-11-18T05:01:58Z</time></trkpt><trkpt lat="22.53017892" lon="114.16942689"><ele>24.01324462890625</ele><time>2017-11-18T05:02:00Z</time></trkpt><trkpt lat="22.53017961" lon="114.16939121"><ele>22.75225830078125</ele><time>2017-11-18T05:02:02Z</time></trkpt><trkpt lat="22.53018303" lon="114.16935964"><ele>21.15191650390625</ele><time>2017-11-18T05:02:04Z</time></trkpt><trkpt lat="22.53018854" lon="114.16932929"><ele>21.6334228515625</ele><time>2017-11-18T05:02:06Z</time></trkpt><trkpt lat="22.53019225" lon="114.16930196"><ele>19.70111083984375</ele><time>2017-11-18T05:02:09Z</time></trkpt><trkpt lat="22.53018205" lon="114.1692794"><ele>19.40155029296875</ele><time>2017-11-18T05:02:11Z</time></trkpt><trkpt lat="22.53017336" lon="114.16925545"><ele>19.412109375</ele><time>2017-11-18T05:02:13Z</time></trkpt><trkpt lat="22.53016914" lon="114.16922971"><ele>20.17926025390625</ele><time>2017-11-18T05:02:16Z</time></trkpt><trkpt lat="22.53017301" lon="114.16921062"><ele>20.10882568359375</ele><time>2017-11-18T05:02:18Z</time></trkpt><trkpt lat="22.53017677" lon="114.16918641"><ele>20.2470703125</ele><time>2017-11-18T05:02:20Z</time></trkpt><trkpt lat="22.53017166" lon="114.16916347"><ele>20.0831298828125</ele><time>2017-11-18T05:02:22Z</time></trkpt><trkpt lat="22.53015637" lon="114.16914416"><ele>20.551025390625</ele><time>2017-11-18T05:02:24Z</time></trkpt><trkpt lat="22.53013815" lon="114.16912099"><ele>19.7821044921875</ele><time>2017-11-18T05:02:26Z</time></trkpt><trkpt lat="22.53012658" lon="114.16909783"><ele>20.953125</ele><time>2017-11-18T05:02:28Z</time></trkpt><trkpt lat="22.53012704" lon="114.16907131"><ele>19.77783203125</ele><time>2017-11-18T05:02:31Z</time></trkpt><trkpt lat="22.53014578" lon="114.16906993"><ele>18.25537109375</ele><time>2017-11-18T05:02:35Z</time></trkpt><trkpt lat="22.53016314" lon="114.16905043"><ele>19.0755615234375</ele><time>2017-11-18T05:02:55Z</time></trkpt><trkpt lat="22.5301749" lon="114.16902879"><ele>19.95123291015625</ele><time>2017-11-18T05:02:57Z</time></trkpt><trkpt lat="22.53018252" lon="114.16900739"><ele>20.43804931640625</ele><time>2017-11-18T05:02:59Z</time></trkpt><trkpt lat="22.53017724" lon="114.16897706"><ele>18.0428466796875</ele><time>2017-11-18T05:03:01Z</time></trkpt><trkpt lat="22.53017288" lon="114.16894233"><ele>18.33135986328125</ele><time>2017-11-18T05:03:03Z</time></trkpt><trkpt lat="22.53016998" lon="114.16892311"><ele>18.70037841796875</ele><time>2017-11-18T05:03:04Z</time></trkpt><trkpt lat="22.53016507" lon="114.16890341"><ele>17.61114501953125</ele><time>2017-11-18T05:03:06Z</time></trkpt><trkpt lat="22.53017988" lon="114.16888331"><ele>19.35394287109375</ele><time>2017-11-18T05:03:08Z</time></trkpt><trkpt lat="22.53019243" lon="114.16886663"><ele>20.3438720703125</ele><time>2017-11-18T05:03:11Z</time></trkpt><trkpt lat="22.53020471" lon="114.16884792"><ele>23.0867919921875</ele><time>2017-11-18T05:03:13Z</time></trkpt><trkpt lat="22.53021676" lon="114.16881912"><ele>23.02587890625</ele><time>2017-11-18T05:03:15Z</time></trkpt><trkpt lat="22.530223" lon="114.16879951"><ele>23.74346923828125</ele><time>2017-11-18T05:03:16Z</time></trkpt><trkpt lat="22.53023183" lon="114.16876454"><ele>23.0732421875</ele><time>2017-11-18T05:03:18Z</time></trkpt><trkpt lat="22.53023985" lon="114.16873398"><ele>21.37060546875</ele><time>2017-11-18T05:03:20Z</time></trkpt><trkpt lat="22.53024444" lon="114.16870765"><ele>20.48760986328125</ele><time>2017-11-18T05:03:22Z</time></trkpt><trkpt lat="22.53025427" lon="114.16868265"><ele>19.76690673828125</ele><time>2017-11-18T05:03:24Z</time></trkpt><trkpt lat="22.53027113" lon="114.16865277"><ele>18.87890625</ele><time>2017-11-18T05:03:26Z</time></trkpt><trkpt lat="22.53028993" lon="114.16863111"><ele>19.9852294921875</ele><time>2017-11-18T05:03:28Z</time></trkpt><trkpt lat="22.53030731" lon="114.16861782"><ele>18.0487060546875</ele><time>2017-11-18T05:03:30Z</time></trkpt><trkpt lat="22.53032018" lon="114.16859979"><ele>18.1334228515625</ele><time>2017-11-18T05:03:32Z</time></trkpt><trkpt lat="22.53032749" lon="114.16858098"><ele>19.7333984375</ele><time>2017-11-18T05:03:34Z</time></trkpt><trkpt lat="22.53033726" lon="114.16856408"><ele>19.8262939453125</ele><time>2017-11-18T05:03:36Z</time></trkpt><trkpt lat="22.53034875" lon="114.16854778"><ele>21.19171142578125</ele><time>2017-11-18T05:03:41Z</time></trkpt><trkpt lat="22.53032438" lon="114.16854391"><ele>19.79986572265625</ele><time>2017-11-18T05:03:47Z</time></trkpt><trkpt lat="22.53034385" lon="114.16853425"><ele>20.1602783203125</ele><time>2017-11-18T05:03:51Z</time></trkpt><trkpt lat="22.5303702" lon="114.16853305"><ele>18.203857421875</ele><time>2017-11-18T05:03:53Z</time></trkpt><trkpt lat="22.53038777" lon="114.16854465"><ele>16.0467529296875</ele><time>2017-11-18T05:03:55Z</time></trkpt><trkpt lat="22.53041802" lon="114.16856205"><ele>16.45306396484375</ele><time>2017-11-18T05:03:57Z</time></trkpt><trkpt lat="22.53044119" lon="114.16857053"><ele>17.084228515625</ele><time>2017-11-18T05:03:58Z</time></trkpt><trkpt lat="22.53046221" lon="114.16857995"><ele>16.18768310546875</ele><time>2017-11-18T05:03:59Z</time></trkpt><trkpt lat="22.5304781" lon="114.16858965"><ele>16.106201171875</ele><time>2017-11-18T05:04:00Z</time></trkpt><trkpt lat="22.53050211" lon="114.16860548"><ele>15.1925048828125</ele><time>2017-11-18T05:04:02Z</time></trkpt><trkpt lat="22.5305244" lon="114.16862091"><ele>14.31475830078125</ele><time>2017-11-18T05:04:04Z</time></trkpt><trkpt lat="22.5305455" lon="114.16864097"><ele>14.35577392578125</ele><time>2017-11-18T05:04:06Z</time></trkpt><trkpt lat="22.53055791" lon="114.16865661"><ele>15.7684326171875</ele><time>2017-11-18T05:04:08Z</time></trkpt><trkpt lat="22.53057644" lon="114.16867401"><ele>14.724365234375</ele><time>2017-11-18T05:04:10Z</time></trkpt><trkpt lat="22.53059414" lon="114.16869572"><ele>10.799163818359375</ele><time>2017-11-18T05:04:13Z</time></trkpt><trkpt lat="22.53060612" lon="114.16871418"><ele>11.562713623046875</ele><time>2017-11-18T05:04:16Z</time></trkpt><trkpt lat="22.53062532" lon="114.16873128"><ele>12.5548095703125</ele><time>2017-11-18T05:04:18Z</time></trkpt><trkpt lat="22.53063858" lon="114.16875221"><ele>11.22955322265625</ele><time>2017-11-18T05:04:20Z</time></trkpt><trkpt lat="22.53064794" lon="114.16877632"><ele>13.17303466796875</ele><time>2017-11-18T05:04:22Z</time></trkpt><trkpt lat="22.53065891" lon="114.16880123"><ele>10.610076904296875</ele><time>2017-11-18T05:04:24Z</time></trkpt><trkpt lat="22.53066804" lon="114.16881966"><ele>9.416107177734375</ele><time>2017-11-18T05:04:26Z</time></trkpt><trkpt lat="22.53068135" lon="114.16884446"><ele>8.342071533203125</ele><time>2017-11-18T05:04:28Z</time></trkpt><trkpt lat="22.53069959" lon="114.16886974"><ele>8.43206787109375</ele><time>2017-11-18T05:04:30Z</time></trkpt><trkpt lat="22.53071936" lon="114.16889407"><ele>9.118682861328125</ele><time>2017-11-18T05:04:32Z</time></trkpt><trkpt lat="22.53073585" lon="114.16892185"><ele>7.71484375</ele><time>2017-11-18T05:04:34Z</time></trkpt><trkpt lat="22.5307508" lon="114.16894684"><ele>8.93560791015625</ele><time>2017-11-18T05:04:36Z</time></trkpt><trkpt lat="22.53076621" lon="114.16896891"><ele>6.632476806640625</ele><time>2017-11-18T05:04:38Z</time></trkpt><trkpt lat="22.53078131" lon="114.16899118"><ele>6.962738037109375</ele><time>2017-11-18T05:04:40Z</time></trkpt><trkpt lat="22.53079109" lon="114.16901107"><ele>7.025360107421875</ele><time>2017-11-18T05:04:42Z</time></trkpt><trkpt lat="22.530803" lon="114.16903989"><ele>6.23358154296875</ele><time>2017-11-18T05:04:45Z</time></trkpt><trkpt lat="22.53081077" lon="114.16906672"><ele>6.029388427734375</ele><time>2017-11-18T05:04:47Z</time></trkpt><trkpt lat="22.53082081" lon="114.1690877"><ele>5.900115966796875</ele><time>2017-11-18T05:04:49Z</time></trkpt><trkpt lat="22.53082879" lon="114.16912281"><ele>4.261993408203125</ele><time>2017-11-18T05:04:51Z</time></trkpt><trkpt lat="22.53083298" lon="114.16915776"><ele>4.21136474609375</ele><time>2017-11-18T05:04:53Z</time></trkpt><trkpt lat="22.53083474" lon="114.1691883"><ele>4.756072998046875</ele><time>2017-11-18T05:04:55Z</time></trkpt><trkpt lat="22.53083666" lon="114.16920876"><ele>2.41046142578125</ele><time>2017-11-18T05:04:57Z</time></trkpt><trkpt lat="22.53084099" lon="114.16922811"><ele>1.30615234375</ele><time>2017-11-18T05:04:59Z</time></trkpt><trkpt lat="22.53085074" lon="114.16925539"><ele>2.687744140625</ele><time>2017-11-18T05:05:02Z</time></trkpt><trkpt lat="22.53085763" lon="114.16928354"><ele>5.203155517578125</ele><time>2017-11-18T05:05:04Z</time></trkpt><trkpt lat="22.53086827" lon="114.16930434"><ele>7.755126953125</ele><time>2017-11-18T05:05:06Z</time></trkpt><trkpt lat="22.53087938" lon="114.1693293"><ele>6.734039306640625</ele><time>2017-11-18T05:05:08Z</time></trkpt><trkpt lat="22.53088749" lon="114.16935295"><ele>7.907806396484375</ele><time>2017-11-18T05:05:10Z</time></trkpt><trkpt lat="22.53089174" lon="114.16937414"><ele>7.28924560546875</ele><time>2017-11-18T05:05:12Z</time></trkpt><trkpt lat="22.53090223" lon="114.16939757"><ele>3.379180908203125</ele><time>2017-11-18T05:05:14Z</time></trkpt><trkpt lat="22.53091575" lon="114.1694214"><ele>1.899200439453125</ele><time>2017-11-18T05:05:17Z</time></trkpt><trkpt lat="22.53092725" lon="114.169445"><ele>2.585723876953125</ele><time>2017-11-18T05:05:19Z</time></trkpt><trkpt lat="22.53093712" lon="114.16947513"><ele>3.956024169921875</ele><time>2017-11-18T05:05:21Z</time></trkpt><trkpt lat="22.53094998" lon="114.16950473"><ele>5.847320556640625</ele><time>2017-11-18T05:05:23Z</time></trkpt><trkpt lat="22.53096102" lon="114.16953127"><ele>7.542236328125</ele><time>2017-11-18T05:05:25Z</time></trkpt><trkpt lat="22.53096928" lon="114.16955611"><ele>6.7581787109375</ele><time>2017-11-18T05:05:27Z</time></trkpt><trkpt lat="22.5309784" lon="114.16957793"><ele>8.8226318359375</ele><time>2017-11-18T05:05:37Z</time></trkpt><trkpt lat="22.53099085" lon="114.16959988"><ele>11.16571044921875</ele><time>2017-11-18T05:05:39Z</time></trkpt><trkpt lat="22.53100491" lon="114.16961541"><ele>9.22149658203125</ele><time>2017-11-18T05:05:41Z</time></trkpt><trkpt lat="22.53102052" lon="114.16963616"><ele>10.78839111328125</ele><time>2017-11-18T05:05:45Z</time></trkpt><trkpt lat="22.53103403" lon="114.16965878"><ele>10.312957763671875</ele><time>2017-11-18T05:05:47Z</time></trkpt><trkpt lat="22.53104321" lon="114.16968023"><ele>11.162750244140625</ele><time>2017-11-18T05:05:49Z</time></trkpt><trkpt lat="22.53105208" lon="114.16970302"><ele>10.4671630859375</ele><time>2017-11-18T05:05:52Z</time></trkpt><trkpt lat="22.53106793" lon="114.16972716"><ele>9.825927734375</ele><time>2017-11-18T05:05:54Z</time></trkpt><trkpt lat="22.53108346" lon="114.16975052"><ele>9.614471435546875</ele><time>2017-11-18T05:05:56Z</time></trkpt><trkpt lat="22.53109881" lon="114.16977409"><ele>10.37286376953125</ele><time>2017-11-18T05:05:58Z</time></trkpt><trkpt lat="22.5311146" lon="114.16979829"><ele>13.3822021484375</ele><time>2017-11-18T05:06:00Z</time></trkpt><trkpt lat="22.53113533" lon="114.16981429"><ele>13.29046630859375</ele><time>2017-11-18T05:06:02Z</time></trkpt><trkpt lat="22.53115665" lon="114.16982719"><ele>12.05487060546875</ele><time>2017-11-18T05:06:04Z</time></trkpt><trkpt lat="22.53117466" lon="114.16983875"><ele>10.37005615234375</ele><time>2017-11-18T05:06:06Z</time></trkpt><trkpt lat="22.5311919" lon="114.16984786"><ele>12.0753173828125</ele><time>2017-11-18T05:06:08Z</time></trkpt><trkpt lat="22.53120106" lon="114.16986589"><ele>12.37298583984375</ele><time>2017-11-18T05:06:11Z</time></trkpt><trkpt lat="22.53120138" lon="114.16989339"><ele>12.16790771484375</ele><time>2017-11-18T05:06:14Z</time></trkpt><trkpt lat="22.53118422" lon="114.16990154"><ele>19.28192138671875</ele><time>2017-11-18T05:06:19Z</time></trkpt><trkpt lat="22.53116501" lon="114.16990717"><ele>19.791015625</ele><time>2017-11-18T05:06:21Z</time></trkpt><trkpt lat="22.53118313" lon="114.1699046"><ele>14.63360595703125</ele><time>2017-11-18T05:06:24Z</time></trkpt><trkpt lat="22.53119242" lon="114.16992246"><ele>14.7352294921875</ele><time>2017-11-18T05:06:40Z</time></trkpt><trkpt lat="22.53118592" lon="114.16994117"><ele>14.4390869140625</ele><time>2017-11-18T05:06:44Z</time></trkpt><trkpt lat="22.531192" lon="114.16997147"><ele>12.40850830078125</ele><time>2017-11-18T05:06:59Z</time></trkpt><trkpt lat="22.53118745" lon="114.17000001"><ele>10.852081298828125</ele><time>2017-11-18T05:07:00Z</time></trkpt><trkpt lat="22.53116938" lon="114.17002909"><ele>8.076690673828125</ele><time>2017-11-18T05:07:01Z</time></trkpt><trkpt lat="22.53114145" lon="114.17005633"><ele>7.00054931640625</ele><time>2017-11-18T05:07:02Z</time></trkpt><trkpt lat="22.53110967" lon="114.17007761"><ele>6.89935302734375</ele><time>2017-11-18T05:07:03Z</time></trkpt><trkpt lat="22.53108265" lon="114.17009942"><ele>4.34100341796875</ele><time>2017-11-18T05:07:04Z</time></trkpt><trkpt lat="22.5310696" lon="114.17012087"><ele>5.249481201171875</ele><time>2017-11-18T05:07:06Z</time></trkpt><trkpt lat="22.53106393" lon="114.17014696"><ele>7.56451416015625</ele><time>2017-11-18T05:07:09Z</time></trkpt><trkpt lat="22.53105443" lon="114.17017102"><ele>10.462554931640625</ele><time>2017-11-18T05:07:11Z</time></trkpt><trkpt lat="22.5310524" lon="114.17019484"><ele>8.88031005859375</ele><time>2017-11-18T05:07:12Z</time></trkpt><trkpt lat="22.53104069" lon="114.17021337"><ele>9.08062744140625</ele><time>2017-11-18T05:07:15Z</time></trkpt><trkpt lat="22.53103716" lon="114.17023286"><ele>13.09210205078125</ele><time>2017-11-18T05:07:23Z</time></trkpt><trkpt lat="22.53107402" lon="114.17025008"><ele>14.357421875</ele><time>2017-11-18T05:07:46Z</time></trkpt><trkpt lat="22.53109227" lon="114.17027108"><ele>14.3543701171875</ele><time>2017-11-18T05:07:48Z</time></trkpt><trkpt lat="22.53110758" lon="114.17029015"><ele>14.9859619140625</ele><time>2017-11-18T05:07:50Z</time></trkpt><trkpt lat="22.53112718" lon="114.17030651"><ele>14.86297607421875</ele><time>2017-11-18T05:07:52Z</time></trkpt><trkpt lat="22.53113041" lon="114.17032691"><ele>16.05328369140625</ele><time>2017-11-18T05:07:56Z</time></trkpt><trkpt lat="22.53114672" lon="114.17033721"><ele>14.17315673828125</ele><time>2017-11-18T05:07:59Z</time></trkpt><trkpt lat="22.53116123" lon="114.17035007"><ele>14.10919189453125</ele><time>2017-11-18T05:08:02Z</time></trkpt><trkpt lat="22.5311556" lon="114.17033024"><ele>17.217529296875</ele><time>2017-11-18T05:08:15Z</time></trkpt><trkpt lat="22.53113774" lon="114.17034394"><ele>17.973876953125</ele><time>2017-11-18T05:08:28Z</time></trkpt><trkpt lat="22.53111674" lon="114.17035448"><ele>15.85552978515625</ele><time>2017-11-18T05:08:31Z</time></trkpt><trkpt lat="22.53111158" lon="114.1703355"><ele>16.3856201171875</ele><time>2017-11-18T05:08:42Z</time></trkpt><trkpt lat="22.53113927" lon="114.17033356"><ele>15.283447265625</ele><time>2017-11-18T05:08:45Z</time></trkpt><trkpt lat="22.53115724" lon="114.17033106"><ele>16.29937744140625</ele><time>2017-11-18T05:08:48Z</time></trkpt><trkpt lat="22.53114016" lon="114.1703247"><ele>15.93829345703125</ele><time>2017-11-18T05:08:55Z</time></trkpt><trkpt lat="22.53111407" lon="114.17031099"><ele>13.84735107421875</ele><time>2017-11-18T05:08:58Z</time></trkpt><trkpt lat="22.53108154" lon="114.17030566"><ele>13.3458251953125</ele><time>2017-11-18T05:09:00Z</time></trkpt><trkpt lat="22.53105141" lon="114.17029048"><ele>13.695556640625</ele><time>2017-11-18T05:09:02Z</time></trkpt><trkpt lat="22.53102795" lon="114.17027071"><ele>15.08135986328125</ele><time>2017-11-18T05:09:04Z</time></trkpt><trkpt lat="22.53101451" lon="114.17025426"><ele>17.15167236328125</ele><time>2017-11-18T05:09:06Z</time></trkpt><trkpt lat="22.53098594" lon="114.17025176"><ele>17.118896484375</ele><time>2017-11-18T05:09:09Z</time></trkpt><trkpt lat="22.53095822" lon="114.17026917"><ele>16.25164794921875</ele><time>2017-11-18T05:09:11Z</time></trkpt><trkpt lat="22.5309398" lon="114.17028816"><ele>13.804443359375</ele><time>2017-11-18T05:09:13Z</time></trkpt><trkpt lat="22.53091948" lon="114.17031488"><ele>12.79949951171875</ele><time>2017-11-18T05:09:15Z</time></trkpt><trkpt lat="22.53090037" lon="114.17033874"><ele>12.784423828125</ele><time>2017-11-18T05:09:17Z</time></trkpt><trkpt lat="22.53087659" lon="114.17035478"><ele>12.4625244140625</ele><time>2017-11-18T05:09:19Z</time></trkpt><trkpt lat="22.53085338" lon="114.17036075"><ele>13.19781494140625</ele><time>2017-11-18T05:09:21Z</time></trkpt><trkpt lat="22.53083608" lon="114.17037228"><ele>13.5247802734375</ele><time>2017-11-18T05:09:23Z</time></trkpt><trkpt lat="22.53084978" lon="114.17034185"><ele>16.2452392578125</ele><time>2017-11-18T05:09:36Z</time></trkpt><trkpt lat="22.5308757" lon="114.17031888"><ele>17.05877685546875</ele><time>2017-11-18T05:09:38Z</time></trkpt><trkpt lat="22.53089719" lon="114.17030669"><ele>17.5570068359375</ele><time>2017-11-18T05:09:40Z</time></trkpt><trkpt lat="22.53092697" lon="114.17029261"><ele>17.68511962890625</ele><time>2017-11-18T05:09:42Z</time></trkpt><trkpt lat="22.53094935" lon="114.17028046"><ele>18.23114013671875</ele><time>2017-11-18T05:09:44Z</time></trkpt><trkpt lat="22.53097488" lon="114.17027311"><ele>18.78472900390625</ele><time>2017-11-18T05:09:46Z</time></trkpt><trkpt lat="22.53099845" lon="114.17027233"><ele>14.7308349609375</ele><time>2017-11-18T05:09:48Z</time></trkpt><trkpt lat="22.5310188" lon="114.17027119"><ele>14.76129150390625</ele><time>2017-11-18T05:09:51Z</time></trkpt><trkpt lat="22.53100253" lon="114.17029479"><ele>15.6361083984375</ele><time>2017-11-18T05:09:54Z</time></trkpt><trkpt lat="22.53098763" lon="114.17030864"><ele>16.2784423828125</ele><time>2017-11-18T05:09:56Z</time></trkpt><trkpt lat="22.53097406" lon="114.17032198"><ele>15.99114990234375</ele><time>2017-11-18T05:09:59Z</time></trkpt><trkpt lat="22.5309497" lon="114.17033803"><ele>15.04473876953125</ele><time>2017-11-18T05:10:01Z</time></trkpt><trkpt lat="22.53093225" lon="114.17035036"><ele>16.1453857421875</ele><time>2017-11-18T05:10:04Z</time></trkpt><trkpt lat="22.53096224" lon="114.17036089"><ele>16.6385498046875</ele><time>2017-11-18T05:10:08Z</time></trkpt><trkpt lat="22.53096052" lon="114.1703806"><ele>16.70172119140625</ele><time>2017-11-18T05:10:10Z</time></trkpt><trkpt lat="22.53094134" lon="114.17039353"><ele>15.5941162109375</ele><time>2017-11-18T05:10:12Z</time></trkpt><trkpt lat="22.53092086" lon="114.17039231"><ele>15.71063232421875</ele><time>2017-11-18T05:10:14Z</time></trkpt><trkpt lat="22.53090142" lon="114.17039332"><ele>15.57421875</ele><time>2017-11-18T05:10:16Z</time></trkpt><trkpt lat="22.53088244" lon="114.17039893"><ele>18.09716796875</ele><time>2017-11-18T05:10:45Z</time></trkpt><trkpt lat="22.53089627" lon="114.17041779"><ele>21.9732666015625</ele><time>2017-11-18T05:10:50Z</time></trkpt><trkpt lat="22.53090861" lon="114.170435"><ele>23.45556640625</ele><time>2017-11-18T05:10:54Z</time></trkpt><trkpt lat="22.5309222" lon="114.17044815"><ele>22.94122314453125</ele><time>2017-11-18T05:11:03Z</time></trkpt><trkpt lat="22.53092019" lon="114.17047261"><ele>22.3359375</ele><time>2017-11-18T05:11:32Z</time></trkpt><trkpt lat="22.53090838" lon="114.17049004"><ele>25.02728271484375</ele><time>2017-11-18T05:11:40Z</time></trkpt><trkpt lat="22.53089978" lon="114.17050816"><ele>27.64471435546875</ele><time>2017-11-18T05:11:49Z</time></trkpt><trkpt lat="22.53091475" lon="114.17051986"><ele>29.6246337890625</ele><time>2017-11-18T05:11:53Z</time></trkpt><trkpt lat="22.53093546" lon="114.17052132"><ele>29.7215576171875</ele><time>2017-11-18T05:11:57Z</time></trkpt><trkpt lat="22.53095436" lon="114.17053057"><ele>29.220458984375</ele><time>2017-11-18T05:12:02Z</time></trkpt><trkpt lat="22.53096916" lon="114.17055298"><ele>28.912109375</ele><time>2017-11-18T05:12:05Z</time></trkpt><trkpt lat="22.53098148" lon="114.17056957"><ele>30.659912109375</ele><time>2017-11-18T05:12:08Z</time></trkpt><trkpt lat="22.53096566" lon="114.17060505"><ele>25.68048095703125</ele><time>2017-11-18T05:12:11Z</time></trkpt><trkpt lat="22.53095561" lon="114.17062413"><ele>26.61077880859375</ele><time>2017-11-18T05:12:13Z</time></trkpt><trkpt lat="22.53097542" lon="114.17064031"><ele>26.8939208984375</ele><time>2017-11-18T05:12:19Z</time></trkpt><trkpt lat="22.53099468" lon="114.17064732"><ele>25.35211181640625</ele><time>2017-11-18T05:12:21Z</time></trkpt><trkpt lat="22.53101893" lon="114.17066706"><ele>24.756103515625</ele><time>2017-11-18T05:12:23Z</time></trkpt><trkpt lat="22.53103422" lon="114.17067819"><ele>25.1546630859375</ele><time>2017-11-18T05:12:25Z</time></trkpt><trkpt lat="22.53104248" lon="114.17069842"><ele>25.83612060546875</ele><time>2017-11-18T05:12:29Z</time></trkpt><trkpt lat="22.53105849" lon="114.17071468"><ele>27.75439453125</ele><time>2017-11-18T05:12:32Z</time></trkpt><trkpt lat="22.53107365" lon="114.17073173"><ele>29.75006103515625</ele><time>2017-11-18T05:12:36Z</time></trkpt><trkpt lat="22.53109351" lon="114.17072021"><ele>32.6219482421875</ele><time>2017-11-18T05:12:42Z</time></trkpt><trkpt lat="22.53111298" lon="114.17072397"><ele>32.93548583984375</ele><time>2017-11-18T05:12:47Z</time></trkpt><trkpt lat="22.5311316" lon="114.17072995"><ele>30.63153076171875</ele><time>2017-11-18T05:12:53Z</time></trkpt><trkpt lat="22.53114916" lon="114.17073985"><ele>31.65032958984375</ele><time>2017-11-18T05:12:56Z</time></trkpt><trkpt lat="22.53116567" lon="114.17075097"><ele>35.72900390625</ele><time>2017-11-18T05:13:02Z</time></trkpt><trkpt lat="22.53116129" lon="114.17077101"><ele>33.42730712890625</ele><time>2017-11-18T05:13:06Z</time></trkpt><trkpt lat="22.53117425" lon="114.17078718"><ele>34.18365478515625</ele><time>2017-11-18T05:13:11Z</time></trkpt><trkpt lat="22.53119779" lon="114.17079977"><ele>35.9677734375</ele><time>2017-11-18T05:13:15Z</time></trkpt><trkpt lat="22.53120795" lon="114.17081657"><ele>37.31048583984375</ele><time>2017-11-18T05:13:26Z</time></trkpt><trkpt lat="22.53122181" lon="114.17083329"><ele>39.9700927734375</ele><time>2017-11-18T05:13:33Z</time></trkpt><trkpt lat="22.53122625" lon="114.17085232"><ele>46.83251953125</ele><time>2017-11-18T05:13:46Z</time></trkpt><trkpt lat="22.53121968" lon="114.17088226"><ele>46.64068603515625</ele><time>2017-11-18T05:13:57Z</time></trkpt><trkpt lat="22.53122528" lon="114.17091062"><ele>47.8604736328125</ele><time>2017-11-18T05:14:01Z</time></trkpt><trkpt lat="22.53122289" lon="114.17093066"><ele>47.59423828125</ele><time>2017-11-18T05:14:03Z</time></trkpt><trkpt lat="22.53122228" lon="114.17095506"><ele>46.5416259765625</ele><time>2017-11-18T05:14:07Z</time></trkpt><trkpt lat="22.53123055" lon="114.17097772"><ele>45.92108154296875</ele><time>2017-11-18T05:14:10Z</time></trkpt><trkpt lat="22.53124566" lon="114.17099125"><ele>48.18939208984375</ele><time>2017-11-18T05:14:12Z</time></trkpt><trkpt lat="22.53125099" lon="114.17101112"><ele>51.82659912109375</ele><time>2017-11-18T05:14:25Z</time></trkpt><trkpt lat="22.53124925" lon="114.1710373"><ele>51.2080078125</ele><time>2017-11-18T05:19:02Z</time></trkpt><trkpt lat="22.53124351" lon="114.17106092"><ele>48.1494140625</ele><time>2017-11-18T05:19:05Z</time></trkpt><trkpt lat="22.53123606" lon="114.17108155"><ele>48.94085693359375</ele><time>2017-11-18T05:19:09Z</time></trkpt><trkpt lat="22.53124774" lon="114.17109895"><ele>49.12530517578125</ele><time>2017-11-18T05:19:13Z</time></trkpt><trkpt lat="22.53126653" lon="114.17110356"><ele>49.2413330078125</ele><time>2017-11-18T05:19:21Z</time></trkpt><trkpt lat="22.53128433" lon="114.17111686"><ele>43.61663818359375</ele><time>2017-11-18T05:19:26Z</time></trkpt><trkpt lat="22.53128048" lon="114.17113626"><ele>47.11505126953125</ele><time>2017-11-18T05:19:32Z</time></trkpt><trkpt lat="22.53128677" lon="114.17115482"><ele>56.717041015625</ele><time>2017-11-18T05:20:09Z</time></trkpt><trkpt lat="22.53128167" lon="114.17117369"><ele>57.02960205078125</ele><time>2017-11-18T05:20:20Z</time></trkpt><trkpt lat="22.5312942" lon="114.17119296"><ele>59.076416015625</ele><time>2017-11-18T05:21:04Z</time></trkpt><trkpt lat="22.53130503" lon="114.17121426"><ele>61.19232177734375</ele><time>2017-11-18T05:21:07Z</time></trkpt><trkpt lat="22.53130533" lon="114.17124338"><ele>58.337646484375</ele><time>2017-11-18T05:21:10Z</time></trkpt><trkpt lat="22.53130629" lon="114.17126975"><ele>58.25299072265625</ele><time>2017-11-18T05:21:13Z</time></trkpt><trkpt lat="22.53129794" lon="114.17129119"><ele>58.99505615234375</ele><time>2017-11-18T05:21:20Z</time></trkpt><trkpt lat="22.53131537" lon="114.17128312"><ele>59.64642333984375</ele><time>2017-11-18T05:21:27Z</time></trkpt><trkpt lat="22.5313393" lon="114.1712905"><ele>60.8160400390625</ele><time>2017-11-18T05:21:31Z</time></trkpt><trkpt lat="22.53135489" lon="114.17130797"><ele>62.654296875</ele><time>2017-11-18T05:21:34Z</time></trkpt><trkpt lat="22.53136188" lon="114.17132827"><ele>61.794921875</ele><time>2017-11-18T05:21:37Z</time></trkpt><trkpt lat="22.53137148" lon="114.17135043"><ele>61.9837646484375</ele><time>2017-11-18T05:21:40Z</time></trkpt><trkpt lat="22.53137465" lon="114.17136969"><ele>64.476806640625</ele><time>2017-11-18T05:21:45Z</time></trkpt><trkpt lat="22.53139377" lon="114.1713822"><ele>65.91827392578125</ele><time>2017-11-18T05:21:54Z</time></trkpt><trkpt lat="22.53141041" lon="114.17139154"><ele>67.4156494140625</ele><time>2017-11-18T05:21:57Z</time></trkpt><trkpt lat="22.53140734" lon="114.17141471"><ele>63.9193115234375</ele><time>2017-11-18T05:22:04Z</time></trkpt><trkpt lat="22.53141396" lon="114.17143487"><ele>64.33697509765625</ele><time>2017-11-18T05:22:06Z</time></trkpt><trkpt lat="22.53142217" lon="114.17146073"><ele>66.50604248046875</ele><time>2017-11-18T05:22:08Z</time></trkpt><trkpt lat="22.53141947" lon="114.17148085"><ele>66.33367919921875</ele><time>2017-11-18T05:22:10Z</time></trkpt><trkpt lat="22.53142647" lon="114.17150451"><ele>64.40777587890625</ele><time>2017-11-18T05:22:14Z</time></trkpt><trkpt lat="22.53144208" lon="114.17152539"><ele>67.95721435546875</ele><time>2017-11-18T05:22:17Z</time></trkpt><trkpt lat="22.53146422" lon="114.17154319"><ele>68.878662109375</ele><time>2017-11-18T05:22:22Z</time></trkpt><trkpt lat="22.53147434" lon="114.17156755"><ele>69.96405029296875</ele><time>2017-11-18T05:22:31Z</time></trkpt><trkpt lat="22.53147792" lon="114.17158692"><ele>75.872802734375</ele><time>2017-11-18T05:22:45Z</time></trkpt><trkpt lat="22.5314875" lon="114.17160772"><ele>76.38427734375</ele><time>2017-11-18T05:22:48Z</time></trkpt><trkpt lat="22.53149199" lon="114.17162998"><ele>76.0111083984375</ele><time>2017-11-18T05:22:53Z</time></trkpt><trkpt lat="22.5314974" lon="114.17164883"><ele>76.0457763671875</ele><time>2017-11-18T05:22:56Z</time></trkpt><trkpt lat="22.53149751" lon="114.17166964"><ele>78.68927001953125</ele><time>2017-11-18T05:23:01Z</time></trkpt><trkpt lat="22.5315107" lon="114.17168334"><ele>79.68743896484375</ele><time>2017-11-18T05:23:06Z</time></trkpt><trkpt lat="22.53152923" lon="114.17170287"><ele>78.05328369140625</ele><time>2017-11-18T05:23:11Z</time></trkpt><trkpt lat="22.53153288" lon="114.17172377"><ele>76.85076904296875</ele><time>2017-11-18T05:23:15Z</time></trkpt><trkpt lat="22.53154372" lon="114.17174422"><ele>77.47381591796875</ele><time>2017-11-18T05:23:19Z</time></trkpt><trkpt lat="22.53156789" lon="114.17173733"><ele>79.6044921875</ele><time>2017-11-18T05:23:26Z</time></trkpt><trkpt lat="22.53158784" lon="114.17173425"><ele>80.54241943359375</ele><time>2017-11-18T05:23:32Z</time></trkpt><trkpt lat="22.53160656" lon="114.17174032"><ele>83.40533447265625</ele><time>2017-11-18T05:23:36Z</time></trkpt><trkpt lat="22.53161837" lon="114.1717591"><ele>83.18682861328125</ele><time>2017-11-18T05:23:39Z</time></trkpt><trkpt lat="22.53162268" lon="114.17178374"><ele>84.3734130859375</ele><time>2017-11-18T05:23:46Z</time></trkpt><trkpt lat="22.53162133" lon="114.17180404"><ele>85.61138916015625</ele><time>2017-11-18T05:23:49Z</time></trkpt><trkpt lat="22.53161919" lon="114.17182788"><ele>87.25811767578125</ele><time>2017-11-18T05:23:52Z</time></trkpt><trkpt lat="22.53161819" lon="114.17185169"><ele>89.6329345703125</ele><time>2017-11-18T05:23:59Z</time></trkpt><trkpt lat="22.53163887" lon="114.1718558"><ele>86.127685546875</ele><time>2017-11-18T05:24:04Z</time></trkpt><trkpt lat="22.53165998" lon="114.17186386"><ele>88.43914794921875</ele><time>2017-11-18T05:24:11Z</time></trkpt><trkpt lat="22.53167908" lon="114.17187498"><ele>90.31927490234375</ele><time>2017-11-18T05:24:15Z</time></trkpt><trkpt lat="22.53169443" lon="114.17189046"><ele>92.6470947265625</ele><time>2017-11-18T05:24:19Z</time></trkpt><trkpt lat="22.53170123" lon="114.17190945"><ele>93.1533203125</ele><time>2017-11-18T05:24:23Z</time></trkpt><trkpt lat="22.53172304" lon="114.17192037"><ele>91.9970703125</ele><time>2017-11-18T05:24:27Z</time></trkpt><trkpt lat="22.53173635" lon="114.17193479"><ele>92.1114501953125</ele><time>2017-11-18T05:24:30Z</time></trkpt><trkpt lat="22.53173226" lon="114.17195411"><ele>90.9434814453125</ele><time>2017-11-18T05:24:33Z</time></trkpt><trkpt lat="22.53174453" lon="114.17196898"><ele>93.4598388671875</ele><time>2017-11-18T05:24:39Z</time></trkpt><trkpt lat="22.53176234" lon="114.17197657"><ele>96.1282958984375</ele><time>2017-11-18T05:24:47Z</time></trkpt><trkpt lat="22.53177943" lon="114.17196532"><ele>99.27264404296875</ele><time>2017-11-18T05:24:51Z</time></trkpt><trkpt lat="22.53179194" lon="114.17198145"><ele>97.38916015625</ele><time>2017-11-18T05:24:56Z</time></trkpt><trkpt lat="22.53179452" lon="114.17200739"><ele>98.58221435546875</ele><time>2017-11-18T05:25:14Z</time></trkpt><trkpt lat="22.53178318" lon="114.17202844"><ele>101.80718994140625</ele><time>2017-11-18T05:25:19Z</time></trkpt><trkpt lat="22.53176913" lon="114.17204521"><ele>101.1407470703125</ele><time>2017-11-18T05:25:21Z</time></trkpt><trkpt lat="22.53175512" lon="114.17205842"><ele>101.6766357421875</ele><time>2017-11-18T05:25:23Z</time></trkpt><trkpt lat="22.53176274" lon="114.17207905"><ele>104.85565185546875</ele><time>2017-11-18T05:25:37Z</time></trkpt><trkpt lat="22.53178169" lon="114.17208529"><ele>103.54595947265625</ele><time>2017-11-18T05:25:43Z</time></trkpt><trkpt lat="22.53177024" lon="114.17210038"><ele>101.10150146484375</ele><time>2017-11-18T05:25:49Z</time></trkpt><trkpt lat="22.53176956" lon="114.172121"><ele>102.01812744140625</ele><time>2017-11-18T05:25:53Z</time></trkpt><trkpt lat="22.53178491" lon="114.17213724"><ele>103.5701904296875</ele><time>2017-11-18T05:25:58Z</time></trkpt><trkpt lat="22.53179479" lon="114.17216049"><ele>102.832763671875</ele><time>2017-11-18T05:26:09Z</time></trkpt><trkpt lat="22.53180792" lon="114.1721758"><ele>107.61065673828125</ele><time>2017-11-18T05:26:16Z</time></trkpt><trkpt lat="22.53182522" lon="114.17219142"><ele>111.77642822265625</ele><time>2017-11-18T05:26:27Z</time></trkpt><trkpt lat="22.53184291" lon="114.17220799"><ele>111.7294921875</ele><time>2017-11-18T05:26:31Z</time></trkpt><trkpt lat="22.53185221" lon="114.17223392"><ele>111.15655517578125</ele><time>2017-11-18T05:26:34Z</time></trkpt><trkpt lat="22.53185258" lon="114.17225851"><ele>113.833251953125</ele><time>2017-11-18T05:26:37Z</time></trkpt><trkpt lat="22.53185319" lon="114.17227954"><ele>115.29632568359375</ele><time>2017-11-18T05:26:43Z</time></trkpt><trkpt lat="22.53185616" lon="114.17230792"><ele>107.3402099609375</ele><time>2017-11-18T05:26:48Z</time></trkpt><trkpt lat="22.53183788" lon="114.17232807"><ele>108.828369140625</ele><time>2017-11-18T05:26:50Z</time></trkpt><trkpt lat="22.53183938" lon="114.17234751"><ele>108.634765625</ele><time>2017-11-18T05:26:53Z</time></trkpt><trkpt lat="22.53185092" lon="114.17236373"><ele>109.559326171875</ele><time>2017-11-18T05:27:03Z</time></trkpt><trkpt lat="22.53187237" lon="114.17237108"><ele>109.78143310546875</ele><time>2017-11-18T05:27:08Z</time></trkpt><trkpt lat="22.53188493" lon="114.17238561"><ele>110.47149658203125</ele><time>2017-11-18T05:27:10Z</time></trkpt><trkpt lat="22.53190492" lon="114.17239944"><ele>111.30169677734375</ele><time>2017-11-18T05:27:14Z</time></trkpt><trkpt lat="22.53191994" lon="114.17241791"><ele>116.1973876953125</ele><time>2017-11-18T05:27:19Z</time></trkpt><trkpt lat="22.5319299" lon="114.17244301"><ele>120.69659423828125</ele><time>2017-11-18T05:27:23Z</time></trkpt><trkpt lat="22.53192959" lon="114.17246959"><ele>119.37176513671875</ele><time>2017-11-18T05:27:26Z</time></trkpt><trkpt lat="22.53194498" lon="114.1724851"><ele>121.11932373046875</ele><time>2017-11-18T05:27:34Z</time></trkpt><trkpt lat="22.53195052" lon="114.17250691"><ele>119.41552734375</ele><time>2017-11-18T05:27:42Z</time></trkpt><trkpt lat="22.53194924" lon="114.17252767"><ele>119.2552490234375</ele><time>2017-11-18T05:27:46Z</time></trkpt><trkpt lat="22.53195877" lon="114.17254627"><ele>119.13739013671875</ele><time>2017-11-18T05:27:51Z</time></trkpt><trkpt lat="22.5319769" lon="114.17254634"><ele>124.66864013671875</ele><time>2017-11-18T05:28:03Z</time></trkpt><trkpt lat="22.53199494" lon="114.17253952"><ele>127.56280517578125</ele><time>2017-11-18T05:28:07Z</time></trkpt><trkpt lat="22.53201127" lon="114.17252752"><ele>129.0440673828125</ele><time>2017-11-18T05:28:16Z</time></trkpt><trkpt lat="22.53203247" lon="114.17254099"><ele>128.79388427734375</ele><time>2017-11-18T05:28:25Z</time></trkpt><trkpt lat="22.53202724" lon="114.17256083"><ele>131.15380859375</ele><time>2017-11-18T05:28:32Z</time></trkpt><trkpt lat="22.53202967" lon="114.17258414"><ele>132.25457763671875</ele><time>2017-11-18T05:28:37Z</time></trkpt><trkpt lat="22.53204864" lon="114.17258362"><ele>136.7283935546875</ele><time>2017-11-18T05:28:46Z</time></trkpt><trkpt lat="22.53206389" lon="114.17260256"><ele>138.19921875</ele><time>2017-11-18T05:28:52Z</time></trkpt><trkpt lat="22.53207937" lon="114.17261648"><ele>140.04327392578125</ele><time>2017-11-18T05:28:59Z</time></trkpt><trkpt lat="22.53208814" lon="114.17263402"><ele>145.79559326171875</ele><time>2017-11-18T05:29:28Z</time></trkpt><trkpt lat="22.53209504" lon="114.17265318"><ele>143.2625732421875</ele><time>2017-11-18T05:29:32Z</time></trkpt><trkpt lat="22.53210143" lon="114.17267281"><ele>144.693115234375</ele><time>2017-11-18T05:29:35Z</time></trkpt><trkpt lat="22.53210436" lon="114.17269204"><ele>144.0201416015625</ele><time>2017-11-18T05:29:42Z</time></trkpt><trkpt lat="22.5321036" lon="114.17271421"><ele>145.7381591796875</ele><time>2017-11-18T05:29:49Z</time></trkpt><trkpt lat="22.53211707" lon="114.17272892"><ele>145.80322265625</ele><time>2017-11-18T05:29:55Z</time></trkpt><trkpt lat="22.532127" lon="114.17274548"><ele>145.5316162109375</ele><time>2017-11-18T05:30:00Z</time></trkpt><trkpt lat="22.532135" lon="114.17276499"><ele>147.313232421875</ele><time>2017-11-18T05:30:03Z</time></trkpt><trkpt lat="22.53214677" lon="114.17278136"><ele>147.29986572265625</ele><time>2017-11-18T05:30:06Z</time></trkpt><trkpt lat="22.53216569" lon="114.17278238"><ele>147.4993896484375</ele><time>2017-11-18T05:30:18Z</time></trkpt><trkpt lat="22.53217676" lon="114.1728065"><ele>149.79034423828125</ele><time>2017-11-18T05:30:22Z</time></trkpt><trkpt lat="22.5321883" lon="114.17282172"><ele>150.1573486328125</ele><time>2017-11-18T05:30:32Z</time></trkpt><trkpt lat="22.53221003" lon="114.17282045"><ele>152.7099609375</ele><time>2017-11-18T05:30:58Z</time></trkpt><trkpt lat="22.53221325" lon="114.17284032"><ele>152.29241943359375</ele><time>2017-11-18T05:31:11Z</time></trkpt><trkpt lat="22.53223523" lon="114.17284678"><ele>152.17889404296875</ele><time>2017-11-18T05:31:19Z</time></trkpt><trkpt lat="22.53224769" lon="114.17286716"><ele>153.705322265625</ele><time>2017-11-18T05:31:33Z</time></trkpt><trkpt lat="22.53223422" lon="114.17288079"><ele>159.60711669921875</ele><time>2017-11-18T05:31:47Z</time></trkpt><trkpt lat="22.53224967" lon="114.17287035"><ele>160.35894775390625</ele><time>2017-11-18T05:32:08Z</time></trkpt><trkpt lat="22.53226523" lon="114.17288315"><ele>161.51007080078125</ele><time>2017-11-18T05:32:11Z</time></trkpt><trkpt lat="22.53227595" lon="114.17289888"><ele>159.4307861328125</ele><time>2017-11-18T05:32:15Z</time></trkpt><trkpt lat="22.53229629" lon="114.17290709"><ele>160.94573974609375</ele><time>2017-11-18T05:32:20Z</time></trkpt><trkpt lat="22.53231531" lon="114.17291173"><ele>163.0443115234375</ele><time>2017-11-18T05:32:29Z</time></trkpt><trkpt lat="22.53232815" lon="114.1729353"><ele>163.6077880859375</ele><time>2017-11-18T05:32:32Z</time></trkpt><trkpt lat="22.5323467" lon="114.17294968"><ele>163.482177734375</ele><time>2017-11-18T05:32:36Z</time></trkpt><trkpt lat="22.53234201" lon="114.17296942"><ele>166.005615234375</ele><time>2017-11-18T05:32:42Z</time></trkpt><trkpt lat="22.53234437" lon="114.1729897"><ele>167.36932373046875</ele><time>2017-11-18T05:32:47Z</time></trkpt><trkpt lat="22.53236428" lon="114.17300521"><ele>166.79095458984375</ele><time>2017-11-18T05:32:52Z</time></trkpt><trkpt lat="22.53237855" lon="114.17301965"><ele>165.0360107421875</ele><time>2017-11-18T05:32:55Z</time></trkpt><trkpt lat="22.53238488" lon="114.17303811"><ele>166.8321533203125</ele><time>2017-11-18T05:32:59Z</time></trkpt><trkpt lat="22.53239978" lon="114.17305349"><ele>167.24871826171875</ele><time>2017-11-18T05:33:05Z</time></trkpt><trkpt lat="22.53241101" lon="114.17306989"><ele>166.53076171875</ele><time>2017-11-18T05:33:08Z</time></trkpt><trkpt lat="22.53240992" lon="114.17309064"><ele>166.8931884765625</ele><time>2017-11-18T05:33:11Z</time></trkpt><trkpt lat="22.53242736" lon="114.17309807"><ele>168.489013671875</ele><time>2017-11-18T05:33:17Z</time></trkpt><trkpt lat="22.53244279" lon="114.17307797"><ele>166.60797119140625</ele><time>2017-11-18T05:33:21Z</time></trkpt><trkpt lat="22.53246177" lon="114.17307527"><ele>166.922607421875</ele><time>2017-11-18T05:33:25Z</time></trkpt><trkpt lat="22.53244942" lon="114.17305803"><ele>167.52227783203125</ele><time>2017-11-18T05:33:57Z</time></trkpt><trkpt lat="22.53244182" lon="114.17308102"><ele>166.5484619140625</ele><time>2017-11-18T05:34:15Z</time></trkpt><trkpt lat="22.53245455" lon="114.17310163"><ele>166.209228515625</ele><time>2017-11-18T05:34:18Z</time></trkpt><trkpt lat="22.5324523" lon="114.17312127"><ele>166.31414794921875</ele><time>2017-11-18T05:34:22Z</time></trkpt><trkpt lat="22.53245289" lon="114.17314414"><ele>168.46612548828125</ele><time>2017-11-18T05:34:25Z</time></trkpt><trkpt lat="22.53246197" lon="114.17316257"><ele>169.76873779296875</ele><time>2017-11-18T05:34:29Z</time></trkpt><trkpt lat="22.5324668" lon="114.17318238"><ele>170.271728515625</ele><time>2017-11-18T05:34:35Z</time></trkpt><trkpt lat="22.53246432" lon="114.17320399"><ele>172.21844482421875</ele><time>2017-11-18T05:34:40Z</time></trkpt><trkpt lat="22.53246509" lon="114.17322514"><ele>172.39068603515625</ele><time>2017-11-18T05:34:43Z</time></trkpt><trkpt lat="22.53246939" lon="114.17324644"><ele>173.255615234375</ele><time>2017-11-18T05:34:46Z</time></trkpt><trkpt lat="22.5324559" lon="114.17326651"><ele>173.98529052734375</ele><time>2017-11-18T05:34:54Z</time></trkpt><trkpt lat="22.53243832" lon="114.17326182"><ele>173.8077392578125</ele><time>2017-11-18T05:35:04Z</time></trkpt><trkpt lat="22.53245678" lon="114.17326149"><ele>173.772216796875</ele><time>2017-11-18T05:38:14Z</time></trkpt><trkpt lat="22.53246293" lon="114.17328709"><ele>176.1763916015625</ele><time>2017-11-18T05:38:23Z</time></trkpt><trkpt lat="22.53247171" lon="114.17331088"><ele>174.97430419921875</ele><time>2017-11-18T05:38:46Z</time></trkpt><trkpt lat="22.53247094" lon="114.17333041"><ele>175.5712890625</ele><time>2017-11-18T05:39:55Z</time></trkpt><trkpt lat="22.53248741" lon="114.17334103"><ele>178.22052001953125</ele><time>2017-11-18T05:40:12Z</time></trkpt><trkpt lat="22.53247389" lon="114.17335531"><ele>179.1915283203125</ele><time>2017-11-18T05:40:16Z</time></trkpt><trkpt lat="22.53247683" lon="114.17337961"><ele>180.6273193359375</ele><time>2017-11-18T05:40:21Z</time></trkpt><trkpt lat="22.53248616" lon="114.17339784"><ele>180.76934814453125</ele><time>2017-11-18T05:40:30Z</time></trkpt><trkpt lat="22.53250516" lon="114.17340314"><ele>181.917724609375</ele><time>2017-11-18T05:40:35Z</time></trkpt><trkpt lat="22.53252975" lon="114.17340856"><ele>183.50970458984375</ele><time>2017-11-18T05:40:39Z</time></trkpt><trkpt lat="22.53254511" lon="114.17342121"><ele>184.5335693359375</ele><time>2017-11-18T05:40:42Z</time></trkpt><trkpt lat="22.53255689" lon="114.1734399"><ele>183.593505859375</ele><time>2017-11-18T05:40:48Z</time></trkpt><trkpt lat="22.53256245" lon="114.17346093"><ele>185.40289306640625</ele><time>2017-11-18T05:40:52Z</time></trkpt><trkpt lat="22.5325655" lon="114.17348246"><ele>182.9010009765625</ele><time>2017-11-18T05:40:58Z</time></trkpt><trkpt lat="22.53257685" lon="114.17350094"><ele>182.58099365234375</ele><time>2017-11-18T05:41:05Z</time></trkpt><trkpt lat="22.53259395" lon="114.17351168"><ele>181.74835205078125</ele><time>2017-11-18T05:41:09Z</time></trkpt><trkpt lat="22.53260144" lon="114.17352983"><ele>182.38177490234375</ele><time>2017-11-18T05:41:12Z</time></trkpt><trkpt lat="22.53259592" lon="114.17355066"><ele>182.9727783203125</ele><time>2017-11-18T05:41:16Z</time></trkpt><trkpt lat="22.53261687" lon="114.17355886"><ele>183.4342041015625</ele><time>2017-11-18T05:41:23Z</time></trkpt><trkpt lat="22.53263207" lon="114.17357101"><ele>183.72943115234375</ele><time>2017-11-18T05:41:27Z</time></trkpt><trkpt lat="22.5326422" lon="114.17359282"><ele>183.171630859375</ele><time>2017-11-18T05:41:31Z</time></trkpt><trkpt lat="22.53265849" lon="114.1736079"><ele>183.89434814453125</ele><time>2017-11-18T05:41:35Z</time></trkpt><trkpt lat="22.53267258" lon="114.17362937"><ele>184.82525634765625</ele><time>2017-11-18T05:41:40Z</time></trkpt><trkpt lat="22.53266518" lon="114.17365132"><ele>183.2763671875</ele><time>2017-11-18T05:41:44Z</time></trkpt><trkpt lat="22.53265" lon="114.17366656"><ele>184.59185791015625</ele><time>2017-11-18T05:41:47Z</time></trkpt><trkpt lat="22.53263742" lon="114.1736843"><ele>187.19110107421875</ele><time>2017-11-18T05:41:50Z</time></trkpt><trkpt lat="22.53264182" lon="114.17370393"><ele>186.8721923828125</ele><time>2017-11-18T05:41:53Z</time></trkpt><trkpt lat="22.53265132" lon="114.17372222"><ele>188.4200439453125</ele><time>2017-11-18T05:41:56Z</time></trkpt><trkpt lat="22.5326612" lon="114.17374"><ele>186.366455078125</ele><time>2017-11-18T05:42:01Z</time></trkpt><trkpt lat="22.53265502" lon="114.17376021"><ele>185.2464599609375</ele><time>2017-11-18T05:42:04Z</time></trkpt><trkpt lat="22.53265707" lon="114.17378103"><ele>185.63116455078125</ele><time>2017-11-18T05:42:08Z</time></trkpt><trkpt lat="22.53264831" lon="114.17380057"><ele>187.58880615234375</ele><time>2017-11-18T05:42:12Z</time></trkpt><trkpt lat="22.53263627" lon="114.17381774"><ele>188.49560546875</ele><time>2017-11-18T05:42:15Z</time></trkpt><trkpt lat="22.53265545" lon="114.17382175"><ele>189.020751953125</ele><time>2017-11-18T05:42:23Z</time></trkpt><trkpt lat="22.53265141" lon="114.17384521"><ele>189.60137939453125</ele><time>2017-11-18T05:42:27Z</time></trkpt><trkpt lat="22.53264079" lon="114.17386994"><ele>189.25811767578125</ele><time>2017-11-18T05:42:30Z</time></trkpt><trkpt lat="22.53262932" lon="114.17388753"><ele>190.586669921875</ele><time>2017-11-18T05:42:35Z</time></trkpt><trkpt lat="22.53262406" lon="114.17390872"><ele>191.4661865234375</ele><time>2017-11-18T05:42:38Z</time></trkpt><trkpt lat="22.53263972" lon="114.17391968"><ele>189.28192138671875</ele><time>2017-11-18T05:42:43Z</time></trkpt><trkpt lat="22.53264848" lon="114.17394087"><ele>190.6690673828125</ele><time>2017-11-18T05:42:46Z</time></trkpt><trkpt lat="22.53265577" lon="114.1739591"><ele>191.4539794921875</ele><time>2017-11-18T05:42:48Z</time></trkpt><trkpt lat="22.53266027" lon="114.17397866"><ele>193.1351318359375</ele><time>2017-11-18T05:42:50Z</time></trkpt><trkpt lat="22.53267261" lon="114.17399292"><ele>192.5069580078125</ele><time>2017-11-18T05:42:52Z</time></trkpt><trkpt lat="22.53267534" lon="114.17401694"><ele>192.2198486328125</ele><time>2017-11-18T05:42:56Z</time></trkpt><trkpt lat="22.53267846" lon="114.174039"><ele>192.624755859375</ele><time>2017-11-18T05:42:59Z</time></trkpt><trkpt lat="22.53267584" lon="114.17406231"><ele>191.36083984375</ele><time>2017-11-18T05:43:05Z</time></trkpt><trkpt lat="22.53268037" lon="114.17408376"><ele>191.50506591796875</ele><time>2017-11-18T05:43:10Z</time></trkpt><trkpt lat="22.53267929" lon="114.17410636"><ele>194.4627685546875</ele><time>2017-11-18T05:43:16Z</time></trkpt><trkpt lat="22.53267694" lon="114.17412681"><ele>194.6771240234375</ele><time>2017-11-18T05:43:20Z</time></trkpt><trkpt lat="22.53268852" lon="114.17414237"><ele>194.9781494140625</ele><time>2017-11-18T05:43:27Z</time></trkpt><trkpt lat="22.53268587" lon="114.17416173"><ele>198.3375244140625</ele><time>2017-11-18T05:43:35Z</time></trkpt><trkpt lat="22.53268238" lon="114.17418729"><ele>200.5654296875</ele><time>2017-11-18T05:43:39Z</time></trkpt><trkpt lat="22.5326752" lon="114.17420765"><ele>198.111083984375</ele><time>2017-11-18T05:43:41Z</time></trkpt><trkpt lat="22.53267501" lon="114.17423122"><ele>198.63604736328125</ele><time>2017-11-18T05:43:45Z</time></trkpt><trkpt lat="22.53266503" lon="114.17425634"><ele>200.8089599609375</ele><time>2017-11-18T05:43:50Z</time></trkpt><trkpt lat="22.53266408" lon="114.17427962"><ele>200.70904541015625</ele><time>2017-11-18T05:43:53Z</time></trkpt><trkpt lat="22.53268527" lon="114.17429136"><ele>199.6922607421875</ele><time>2017-11-18T05:44:00Z</time></trkpt><trkpt lat="22.53270297" lon="114.17429754"><ele>199.9549560546875</ele><time>2017-11-18T05:44:04Z</time></trkpt><trkpt lat="22.53270914" lon="114.17432145"><ele>202.36376953125</ele><time>2017-11-18T05:44:12Z</time></trkpt><trkpt lat="22.53270225" lon="114.17434224"><ele>202.6502685546875</ele><time>2017-11-18T05:44:15Z</time></trkpt><trkpt lat="22.53268447" lon="114.17436262"><ele>205.3245849609375</ele><time>2017-11-18T05:44:19Z</time></trkpt><trkpt lat="22.53267828" lon="114.17438361"><ele>208.0806884765625</ele><time>2017-11-18T05:44:22Z</time></trkpt><trkpt lat="22.53269092" lon="114.17439747"><ele>208.97314453125</ele><time>2017-11-18T05:44:39Z</time></trkpt><trkpt lat="22.5326903" lon="114.17441844"><ele>206.635498046875</ele><time>2017-11-18T05:45:40Z</time></trkpt><trkpt lat="22.5326883" lon="114.17444388"><ele>206.9241943359375</ele><time>2017-11-18T05:45:43Z</time></trkpt><trkpt lat="22.53270056" lon="114.17446254"><ele>208.4886474609375</ele><time>2017-11-18T05:45:46Z</time></trkpt><trkpt lat="22.53271597" lon="114.17447629"><ele>207.8765869140625</ele><time>2017-11-18T05:45:49Z</time></trkpt><trkpt lat="22.53272732" lon="114.17449165"><ele>208.33990478515625</ele><time>2017-11-18T05:45:52Z</time></trkpt><trkpt lat="22.53274788" lon="114.17449106"><ele>208.2855224609375</ele><time>2017-11-18T05:45:56Z</time></trkpt><trkpt lat="22.53276275" lon="114.17450404"><ele>206.8575439453125</ele><time>2017-11-18T05:46:20Z</time></trkpt><trkpt lat="22.53278" lon="114.17451831"><ele>207.0888671875</ele><time>2017-11-18T05:46:25Z</time></trkpt><trkpt lat="22.53279784" lon="114.17452281"><ele>208.695068359375</ele><time>2017-11-18T05:47:20Z</time></trkpt><trkpt lat="22.53281125" lon="114.17453979"><ele>209.19622802734375</ele><time>2017-11-18T05:47:25Z</time></trkpt><trkpt lat="22.53284787" lon="114.17463428"><ele>208.76531982421875</ele><time>2017-11-18T05:48:06Z</time></trkpt><trkpt lat="22.53286687" lon="114.17465429"><ele>213.94970703125</ele><time>2017-11-18T05:48:14Z</time></trkpt><trkpt lat="22.53288937" lon="114.1746731"><ele>215.7156982421875</ele><time>2017-11-18T05:48:16Z</time></trkpt><trkpt lat="22.53290211" lon="114.17469333"><ele>216.03167724609375</ele><time>2017-11-18T05:48:19Z</time></trkpt><trkpt lat="22.53290903" lon="114.17471177"><ele>213.5321044921875</ele><time>2017-11-18T05:48:22Z</time></trkpt><trkpt lat="22.53291783" lon="114.17473392"><ele>215.515380859375</ele><time>2017-11-18T05:48:28Z</time></trkpt><trkpt lat="22.53293448" lon="114.17474541"><ele>218.23760986328125</ele><time>2017-11-18T05:48:41Z</time></trkpt><trkpt lat="22.53294943" lon="114.17475984"><ele>219.4163818359375</ele><time>2017-11-18T05:48:49Z</time></trkpt><trkpt lat="22.53296853" lon="114.17476393"><ele>218.13189697265625</ele><time>2017-11-18T05:48:54Z</time></trkpt><trkpt lat="22.53298856" lon="114.17477059"><ele>218.52911376953125</ele><time>2017-11-18T05:49:07Z</time></trkpt><trkpt lat="22.5330127" lon="114.17477376"><ele>220.254638671875</ele><time>2017-11-18T05:49:11Z</time></trkpt><trkpt lat="22.53303563" lon="114.17478235"><ele>221.06219482421875</ele><time>2017-11-18T05:49:14Z</time></trkpt><trkpt lat="22.53305435" lon="114.17478541"><ele>222.5078125</ele><time>2017-11-18T05:49:18Z</time></trkpt><trkpt lat="22.53306618" lon="114.17480279"><ele>222.4805908203125</ele><time>2017-11-18T05:49:22Z</time></trkpt><trkpt lat="22.53308474" lon="114.17481775"><ele>221.22607421875</ele><time>2017-11-18T05:49:25Z</time></trkpt><trkpt lat="22.53310992" lon="114.17482499"><ele>221.83367919921875</ele><time>2017-11-18T05:49:28Z</time></trkpt><trkpt lat="22.53312965" lon="114.17482234"><ele>221.025390625</ele><time>2017-11-18T05:49:30Z</time></trkpt><trkpt lat="22.53314836" lon="114.17483231"><ele>220.55267333984375</ele><time>2017-11-18T05:49:34Z</time></trkpt><trkpt lat="22.53316801" lon="114.17484611"><ele>219.689208984375</ele><time>2017-11-18T05:49:40Z</time></trkpt><trkpt lat="22.53318795" lon="114.17484302"><ele>220.20697021484375</ele><time>2017-11-18T05:49:44Z</time></trkpt><trkpt lat="22.53320635" lon="114.17485289"><ele>220.5137939453125</ele><time>2017-11-18T05:49:49Z</time></trkpt><trkpt lat="22.53322569" lon="114.1748564"><ele>221.83734130859375</ele><time>2017-11-18T05:49:54Z</time></trkpt><trkpt lat="22.53324891" lon="114.17486572"><ele>222.3388671875</ele><time>2017-11-18T05:49:59Z</time></trkpt><trkpt lat="22.53326178" lon="114.17488212"><ele>222.0440673828125</ele><time>2017-11-18T05:50:02Z</time></trkpt><trkpt lat="22.5332824" lon="114.17489395"><ele>221.97296142578125</ele><time>2017-11-18T05:50:07Z</time></trkpt><trkpt lat="22.53329841" lon="114.17490395"><ele>221.75103759765625</ele><time>2017-11-18T05:50:10Z</time></trkpt><trkpt lat="22.53332013" lon="114.17489801"><ele>221.6900634765625</ele><time>2017-11-18T05:50:13Z</time></trkpt><trkpt lat="22.53334107" lon="114.17489848"><ele>222.892333984375</ele><time>2017-11-18T05:50:15Z</time></trkpt><trkpt lat="22.53336676" lon="114.17490973"><ele>223.0396728515625</ele><time>2017-11-18T05:50:18Z</time></trkpt><trkpt lat="22.53339198" lon="114.1749156"><ele>224.1192626953125</ele><time>2017-11-18T05:50:21Z</time></trkpt><trkpt lat="22.53341092" lon="114.17492054"><ele>229.0064697265625</ele><time>2017-11-18T05:50:24Z</time></trkpt><trkpt lat="22.53343019" lon="114.1749281"><ele>229.089111328125</ele><time>2017-11-18T05:50:27Z</time></trkpt><trkpt lat="22.53343638" lon="114.17495288"><ele>229.10736083984375</ele><time>2017-11-18T05:50:30Z</time></trkpt><trkpt lat="22.53343826" lon="114.17497553"><ele>230.68939208984375</ele><time>2017-11-18T05:50:33Z</time></trkpt><trkpt lat="22.53343679" lon="114.17499727"><ele>233.12884521484375</ele><time>2017-11-18T05:50:36Z</time></trkpt><trkpt lat="22.53345892" lon="114.17501038"><ele>230.7308349609375</ele><time>2017-11-18T05:50:39Z</time></trkpt><trkpt lat="22.53347163" lon="114.17502589"><ele>225.982177734375</ele><time>2017-11-18T05:50:43Z</time></trkpt><trkpt lat="22.53348521" lon="114.17503932"><ele>223.52032470703125</ele><time>2017-11-18T05:50:45Z</time></trkpt><trkpt lat="22.53350348" lon="114.17504565"><ele>222.52996826171875</ele><time>2017-11-18T05:50:47Z</time></trkpt><trkpt lat="22.5335243" lon="114.17505202"><ele>221.98468017578125</ele><time>2017-11-18T05:50:52Z</time></trkpt><trkpt lat="22.53353801" lon="114.1750666"><ele>219.89923095703125</ele><time>2017-11-18T05:50:55Z</time></trkpt><trkpt lat="22.53355511" lon="114.17507934"><ele>219.918212890625</ele><time>2017-11-18T05:50:59Z</time></trkpt><trkpt lat="22.53357639" lon="114.17508633"><ele>220.50592041015625</ele><time>2017-11-18T05:51:07Z</time></trkpt><trkpt lat="22.53359437" lon="114.17508762"><ele>220.080322265625</ele><time>2017-11-18T05:51:09Z</time></trkpt><trkpt lat="22.5336173" lon="114.17510037"><ele>220.00244140625</ele><time>2017-11-18T05:51:13Z</time></trkpt><trkpt lat="22.53363841" lon="114.17511225"><ele>219.495361328125</ele><time>2017-11-18T05:51:25Z</time></trkpt><trkpt lat="22.53365933" lon="114.17511565"><ele>218.92974853515625</ele><time>2017-11-18T05:51:27Z</time></trkpt><trkpt lat="22.53367505" lon="114.17513171"><ele>218.4298095703125</ele><time>2017-11-18T05:51:29Z</time></trkpt><trkpt lat="22.53368925" lon="114.17514557"><ele>219.67266845703125</ele><time>2017-11-18T05:51:35Z</time></trkpt><trkpt lat="22.53370994" lon="114.17515428"><ele>219.61248779296875</ele><time>2017-11-18T05:51:37Z</time></trkpt><trkpt lat="22.53373607" lon="114.17516204"><ele>220.53131103515625</ele><time>2017-11-18T05:51:39Z</time></trkpt><trkpt lat="22.53375822" lon="114.17516658"><ele>220.7921142578125</ele><time>2017-11-18T05:51:41Z</time></trkpt><trkpt lat="22.53377886" lon="114.17516577"><ele>220.89508056640625</ele><time>2017-11-18T05:51:43Z</time></trkpt><trkpt lat="22.5337968" lon="114.17516804"><ele>219.80010986328125</ele><time>2017-11-18T05:51:45Z</time></trkpt><trkpt lat="22.53381187" lon="114.17518947"><ele>219.72216796875</ele><time>2017-11-18T05:51:50Z</time></trkpt><trkpt lat="22.53382873" lon="114.17520082"><ele>220.79193115234375</ele><time>2017-11-18T05:51:53Z</time></trkpt><trkpt lat="22.53384272" lon="114.17521633"><ele>219.162353515625</ele><time>2017-11-18T05:51:56Z</time></trkpt><trkpt lat="22.5338647" lon="114.17520687"><ele>220.324951171875</ele><time>2017-11-18T05:52:08Z</time></trkpt><trkpt lat="22.5338829" lon="114.17522078"><ele>216.38323974609375</ele><time>2017-11-18T05:52:23Z</time></trkpt><trkpt lat="22.53390569" lon="114.17523008"><ele>214.5992431640625</ele><time>2017-11-18T05:52:26Z</time></trkpt><trkpt lat="22.53392826" lon="114.17523622"><ele>214.4559326171875</ele><time>2017-11-18T05:52:30Z</time></trkpt><trkpt lat="22.53395495" lon="114.17523114"><ele>214.84942626953125</ele><time>2017-11-18T05:52:34Z</time></trkpt><trkpt lat="22.53397452" lon="114.17521889"><ele>215.5321044921875</ele><time>2017-11-18T05:52:37Z</time></trkpt><trkpt lat="22.53399418" lon="114.175218"><ele>217.88885498046875</ele><time>2017-11-18T05:52:40Z</time></trkpt><trkpt lat="22.53401296" lon="114.17521834"><ele>218.82977294921875</ele><time>2017-11-18T05:52:43Z</time></trkpt><trkpt lat="22.5340335" lon="114.17522449"><ele>221.11993408203125</ele><time>2017-11-18T05:52:49Z</time></trkpt><trkpt lat="22.53405419" lon="114.17522574"><ele>221.4652099609375</ele><time>2017-11-18T05:52:52Z</time></trkpt><trkpt lat="22.53407607" lon="114.17522274"><ele>223.59423828125</ele><time>2017-11-18T05:52:56Z</time></trkpt><trkpt lat="22.53409746" lon="114.17522928"><ele>224.0140380859375</ele><time>2017-11-18T05:53:00Z</time></trkpt><trkpt lat="22.53411861" lon="114.17524105"><ele>225.90911865234375</ele><time>2017-11-18T05:53:05Z</time></trkpt><trkpt lat="22.53413826" lon="114.1752461"><ele>229.7210693359375</ele><time>2017-11-18T05:53:08Z</time></trkpt><trkpt lat="22.53416303" lon="114.17524984"><ele>228.372802734375</ele><time>2017-11-18T05:53:11Z</time></trkpt><trkpt lat="22.53418617" lon="114.17526042"><ele>229.45831298828125</ele><time>2017-11-18T05:53:14Z</time></trkpt><trkpt lat="22.53420933" lon="114.17526766"><ele>228.7474365234375</ele><time>2017-11-18T05:53:17Z</time></trkpt><trkpt lat="22.53422496" lon="114.1752832"><ele>227.873046875</ele><time>2017-11-18T05:53:20Z</time></trkpt><trkpt lat="22.53424207" lon="114.17529905"><ele>228.51263427734375</ele><time>2017-11-18T05:53:24Z</time></trkpt><trkpt lat="22.53425562" lon="114.17532138"><ele>229.9495849609375</ele><time>2017-11-18T05:53:31Z</time></trkpt><trkpt lat="22.53426436" lon="114.17534505"><ele>231.26885986328125</ele><time>2017-11-18T05:53:34Z</time></trkpt><trkpt lat="22.53428389" lon="114.17534539"><ele>233.09259033203125</ele><time>2017-11-18T05:53:40Z</time></trkpt><trkpt lat="22.53430256" lon="114.1753556"><ele>233.801025390625</ele><time>2017-11-18T05:53:43Z</time></trkpt><trkpt lat="22.53431273" lon="114.17537263"><ele>233.27337646484375</ele><time>2017-11-18T05:53:47Z</time></trkpt><trkpt lat="22.53433145" lon="114.17539511"><ele>232.6163330078125</ele><time>2017-11-18T05:53:50Z</time></trkpt><trkpt lat="22.53435266" lon="114.1753955"><ele>231.6171875</ele><time>2017-11-18T05:53:51Z</time></trkpt><trkpt lat="22.53436432" lon="114.17541617"><ele>233.1824951171875</ele><time>2017-11-18T05:53:54Z</time></trkpt><trkpt lat="22.53437687" lon="114.17543277"><ele>235.0494384765625</ele><time>2017-11-18T05:54:00Z</time></trkpt><trkpt lat="22.53439642" lon="114.17543782"><ele>236.1507568359375</ele><time>2017-11-18T05:54:04Z</time></trkpt><trkpt lat="22.53441214" lon="114.17544719"><ele>236.90777587890625</ele><time>2017-11-18T05:54:09Z</time></trkpt><trkpt lat="22.53442214" lon="114.17546882"><ele>240.102783203125</ele><time>2017-11-18T05:54:14Z</time></trkpt><trkpt lat="22.53444237" lon="114.17548365"><ele>240.177490234375</ele><time>2017-11-18T05:54:18Z</time></trkpt><trkpt lat="22.53446358" lon="114.17549244"><ele>240.8106689453125</ele><time>2017-11-18T05:54:21Z</time></trkpt><trkpt lat="22.5344819" lon="114.17550553"><ele>241.5640869140625</ele><time>2017-11-18T05:54:25Z</time></trkpt><trkpt lat="22.53449298" lon="114.17552483"><ele>242.53631591796875</ele><time>2017-11-18T05:54:30Z</time></trkpt><trkpt lat="22.53451326" lon="114.17552944"><ele>245.9228515625</ele><time>2017-11-18T05:54:37Z</time></trkpt><trkpt lat="22.5345304" lon="114.17554584"><ele>246.3692626953125</ele><time>2017-11-18T05:54:45Z</time></trkpt><trkpt lat="22.53454523" lon="114.17555688"><ele>247.4332275390625</ele><time>2017-11-18T05:54:47Z</time></trkpt><trkpt lat="22.53456084" lon="114.17557307"><ele>247.48883056640625</ele><time>2017-11-18T05:54:50Z</time></trkpt><trkpt lat="22.53458066" lon="114.17558093"><ele>248.04681396484375</ele><time>2017-11-18T05:54:55Z</time></trkpt><trkpt lat="22.53459799" lon="114.17558797"><ele>249.834228515625</ele><time>2017-11-18T05:54:58Z</time></trkpt><trkpt lat="22.5346191" lon="114.17559839"><ele>251.21820068359375</ele><time>2017-11-18T05:55:02Z</time></trkpt><trkpt lat="22.53463825" lon="114.17560532"><ele>252.49493408203125</ele><time>2017-11-18T05:55:04Z</time></trkpt><trkpt lat="22.53466001" lon="114.17561848"><ele>251.5721435546875</ele><time>2017-11-18T05:55:07Z</time></trkpt><trkpt lat="22.53468006" lon="114.17562934"><ele>253.09210205078125</ele><time>2017-11-18T05:55:10Z</time></trkpt><trkpt lat="22.53469418" lon="114.17564781"><ele>252.80975341796875</ele><time>2017-11-18T05:55:14Z</time></trkpt><trkpt lat="22.53470648" lon="114.1756642"><ele>250.133056640625</ele><time>2017-11-18T05:55:16Z</time></trkpt><trkpt lat="22.53471954" lon="114.17568839"><ele>252.28546142578125</ele><time>2017-11-18T05:55:19Z</time></trkpt><trkpt lat="22.53472599" lon="114.17570902"><ele>254.05340576171875</ele><time>2017-11-18T05:55:22Z</time></trkpt><trkpt lat="22.53473898" lon="114.175727"><ele>253.24530029296875</ele><time>2017-11-18T05:55:29Z</time></trkpt><trkpt lat="22.53476252" lon="114.17572961"><ele>257.58258056640625</ele><time>2017-11-18T05:55:34Z</time></trkpt><trkpt lat="22.53475349" lon="114.1757496"><ele>263.1790771484375</ele><time>2017-11-18T05:55:57Z</time></trkpt><trkpt lat="22.53475532" lon="114.17577034"><ele>263.1651611328125</ele><time>2017-11-18T05:56:13Z</time></trkpt><trkpt lat="22.53476769" lon="114.17578487"><ele>261.233642578125</ele><time>2017-11-18T05:56:16Z</time></trkpt><trkpt lat="22.5347809" lon="114.17580229"><ele>259.1246337890625</ele><time>2017-11-18T05:56:18Z</time></trkpt><trkpt lat="22.53479831" lon="114.17581447"><ele>258.74114990234375</ele><time>2017-11-18T05:56:22Z</time></trkpt><trkpt lat="22.53482076" lon="114.17582624"><ele>259.3594970703125</ele><time>2017-11-18T05:56:25Z</time></trkpt><trkpt lat="22.53483985" lon="114.1758414"><ele>260.53216552734375</ele><time>2017-11-18T05:56:28Z</time></trkpt><trkpt lat="22.5348553" lon="114.17585527"><ele>262.0323486328125</ele><time>2017-11-18T05:56:31Z</time></trkpt><trkpt lat="22.53487729" lon="114.17587006"><ele>263.60174560546875</ele><time>2017-11-18T05:56:34Z</time></trkpt><trkpt lat="22.53489504" lon="114.17587903"><ele>263.1407470703125</ele><time>2017-11-18T05:56:36Z</time></trkpt><trkpt lat="22.53491976" lon="114.17588454"><ele>264.30596923828125</ele><time>2017-11-18T05:56:39Z</time></trkpt><trkpt lat="22.53494671" lon="114.17588549"><ele>262.97723388671875</ele><time>2017-11-18T05:56:49Z</time></trkpt><trkpt lat="22.53496815" lon="114.17589641"><ele>262.77899169921875</ele><time>2017-11-18T05:56:51Z</time></trkpt><trkpt lat="22.53498506" lon="114.17591005"><ele>262.80340576171875</ele><time>2017-11-18T05:56:53Z</time></trkpt><trkpt lat="22.53500333" lon="114.17593118"><ele>258.912109375</ele><time>2017-11-18T05:56:56Z</time></trkpt><trkpt lat="22.53501918" lon="114.17595135"><ele>258.104736328125</ele><time>2017-11-18T05:56:59Z</time></trkpt><trkpt lat="22.53503268" lon="114.175969"><ele>260.50927734375</ele><time>2017-11-18T05:57:01Z</time></trkpt><trkpt lat="22.53505059" lon="114.17599327"><ele>259.3297119140625</ele><time>2017-11-18T05:57:04Z</time></trkpt><trkpt lat="22.53506457" lon="114.17600704"><ele>257.29150390625</ele><time>2017-11-18T05:57:06Z</time></trkpt><trkpt lat="22.53507501" lon="114.1760247"><ele>258.095703125</ele><time>2017-11-18T05:57:10Z</time></trkpt><trkpt lat="22.5350923" lon="114.17603044"><ele>258.6124267578125</ele><time>2017-11-18T05:57:13Z</time></trkpt><trkpt lat="22.5351066" lon="114.17604313"><ele>259.41021728515625</ele><time>2017-11-18T05:57:16Z</time></trkpt><trkpt lat="22.53512413" lon="114.17605242"><ele>260.18231201171875</ele><time>2017-11-18T05:57:27Z</time></trkpt><trkpt lat="22.53514275" lon="114.17606814"><ele>262.9417724609375</ele><time>2017-11-18T05:57:31Z</time></trkpt><trkpt lat="22.53516279" lon="114.17608733"><ele>263.7799072265625</ele><time>2017-11-18T05:57:34Z</time></trkpt><trkpt lat="22.53518756" lon="114.17609555"><ele>264.5623779296875</ele><time>2017-11-18T05:57:37Z</time></trkpt><trkpt lat="22.53520668" lon="114.17610462"><ele>265.1680908203125</ele><time>2017-11-18T05:57:40Z</time></trkpt><trkpt lat="22.53521621" lon="114.17612174"><ele>263.68731689453125</ele><time>2017-11-18T05:57:42Z</time></trkpt><trkpt lat="22.53522441" lon="114.17614081"><ele>265.46234130859375</ele><time>2017-11-18T05:57:46Z</time></trkpt><trkpt lat="22.53524352" lon="114.17614757"><ele>265.09033203125</ele><time>2017-11-18T05:57:48Z</time></trkpt><trkpt lat="22.53526073" lon="114.17615574"><ele>266.00128173828125</ele><time>2017-11-18T05:57:50Z</time></trkpt><trkpt lat="22.5352781" lon="114.17616575"><ele>265.00189208984375</ele><time>2017-11-18T05:57:52Z</time></trkpt><trkpt lat="22.53529378" lon="114.17617622"><ele>266.243896484375</ele><time>2017-11-18T05:57:54Z</time></trkpt><trkpt lat="22.53531364" lon="114.17617446"><ele>268.2960205078125</ele><time>2017-11-18T05:57:59Z</time></trkpt><trkpt lat="22.53533774" lon="114.1761783"><ele>269.9808349609375</ele><time>2017-11-18T05:58:02Z</time></trkpt><trkpt lat="22.53535609" lon="114.17617434"><ele>270.83355712890625</ele><time>2017-11-18T05:58:05Z</time></trkpt><trkpt lat="22.53537643" lon="114.17617098"><ele>271.8978271484375</ele><time>2017-11-18T05:58:10Z</time></trkpt><trkpt lat="22.5353957" lon="114.17618285"><ele>272.16748046875</ele><time>2017-11-18T05:58:12Z</time></trkpt><trkpt lat="22.53539831" lon="114.17620854"><ele>273.53369140625</ele><time>2017-11-18T05:58:15Z</time></trkpt><trkpt lat="22.53541748" lon="114.17622838"><ele>274.2142333984375</ele><time>2017-11-18T05:58:18Z</time></trkpt><trkpt lat="22.53543738" lon="114.17624279"><ele>275.923583984375</ele><time>2017-11-18T05:58:23Z</time></trkpt><trkpt lat="22.53545395" lon="114.17625244"><ele>277.0711669921875</ele><time>2017-11-18T05:58:26Z</time></trkpt><trkpt lat="22.53547825" lon="114.1762635"><ele>277.21478271484375</ele><time>2017-11-18T05:58:31Z</time></trkpt><trkpt lat="22.535497" lon="114.17627471"><ele>279.2945556640625</ele><time>2017-11-18T05:58:33Z</time></trkpt><trkpt lat="22.53551153" lon="114.17628847"><ele>279.3270263671875</ele><time>2017-11-18T05:58:35Z</time></trkpt><trkpt lat="22.53552554" lon="114.1763014"><ele>279.8642578125</ele><time>2017-11-18T05:58:37Z</time></trkpt><trkpt lat="22.5355369" lon="114.1763178"><ele>279.588623046875</ele><time>2017-11-18T05:58:39Z</time></trkpt><trkpt lat="22.53554959" lon="114.17633367"><ele>279.508544921875</ele><time>2017-11-18T05:58:41Z</time></trkpt><trkpt lat="22.53557072" lon="114.1763523"><ele>279.15533447265625</ele><time>2017-11-18T05:58:44Z</time></trkpt><trkpt lat="22.53557879" lon="114.17637193"><ele>277.692626953125</ele><time>2017-11-18T05:58:47Z</time></trkpt><trkpt lat="22.53558613" lon="114.17639205"><ele>278.6331787109375</ele><time>2017-11-18T05:58:49Z</time></trkpt><trkpt lat="22.53559593" lon="114.17641155"><ele>277.9427490234375</ele><time>2017-11-18T05:58:51Z</time></trkpt><trkpt lat="22.53560536" lon="114.17642858"><ele>278.9371337890625</ele><time>2017-11-18T05:58:53Z</time></trkpt><trkpt lat="22.53561956" lon="114.17645118"><ele>278.58056640625</ele><time>2017-11-18T05:58:55Z</time></trkpt><trkpt lat="22.53563" lon="114.17647376"><ele>278.51953125</ele><time>2017-11-18T05:58:58Z</time></trkpt><trkpt lat="22.53563778" lon="114.1764953"><ele>279.5521240234375</ele><time>2017-11-18T05:59:01Z</time></trkpt><trkpt lat="22.53564989" lon="114.17651145"><ele>278.95379638671875</ele><time>2017-11-18T05:59:03Z</time></trkpt><trkpt lat="22.53566186" lon="114.17653131"><ele>278.030029296875</ele><time>2017-11-18T05:59:06Z</time></trkpt><trkpt lat="22.53567892" lon="114.17654025"><ele>278.28961181640625</ele><time>2017-11-18T05:59:08Z</time></trkpt><trkpt lat="22.53569199" lon="114.17655771"><ele>277.220703125</ele><time>2017-11-18T05:59:10Z</time></trkpt><trkpt lat="22.53571007" lon="114.17657559"><ele>275.9632568359375</ele><time>2017-11-18T05:59:12Z</time></trkpt><trkpt lat="22.53573309" lon="114.17658134"><ele>276.2509765625</ele><time>2017-11-18T05:59:15Z</time></trkpt><trkpt lat="22.53575009" lon="114.17659141"><ele>277.341796875</ele><time>2017-11-18T05:59:20Z</time></trkpt><trkpt lat="22.53576805" lon="114.17661338"><ele>276.9635009765625</ele><time>2017-11-18T05:59:22Z</time></trkpt><trkpt lat="22.53578602" lon="114.17661798"><ele>276.25439453125</ele><time>2017-11-18T05:59:27Z</time></trkpt><trkpt lat="22.53577921" lon="114.17659962"><ele>279.83123779296875</ele><time>2017-11-18T05:59:59Z</time></trkpt><trkpt lat="22.53577836" lon="114.17662318"><ele>281.4298095703125</ele><time>2017-11-18T06:00:10Z</time></trkpt><trkpt lat="22.53577066" lon="114.17660099"><ele>286.96331787109375</ele><time>2017-11-18T06:01:36Z</time></trkpt><trkpt lat="22.53578123" lon="114.1766205"><ele>286.7247314453125</ele><time>2017-11-18T06:05:38Z</time></trkpt><trkpt lat="22.53579706" lon="114.17664891"><ele>285.14080810546875</ele><time>2017-11-18T06:05:40Z</time></trkpt><trkpt lat="22.53580758" lon="114.17666859"><ele>284.6787109375</ele><time>2017-11-18T06:05:42Z</time></trkpt><trkpt lat="22.53581631" lon="114.17668952"><ele>284.26171875</ele><time>2017-11-18T06:05:45Z</time></trkpt><trkpt lat="22.53581379" lon="114.17670896"><ele>286.014892578125</ele><time>2017-11-18T06:13:41Z</time></trkpt><trkpt lat="22.53579432" lon="114.17671476"><ele>285.8206787109375</ele><time>2017-11-18T06:13:47Z</time></trkpt><trkpt lat="22.53579294" lon="114.17669494"><ele>287.62933349609375</ele><time>2017-11-18T06:14:41Z</time></trkpt><trkpt lat="22.53577677" lon="114.17666993"><ele>285.7911376953125</ele><time>2017-11-18T06:14:43Z</time></trkpt><trkpt lat="22.53576458" lon="114.17665464"><ele>285.3553466796875</ele><time>2017-11-18T06:14:45Z</time></trkpt><trkpt lat="22.5357581" lon="114.17663498"><ele>284.8909912109375</ele><time>2017-11-18T06:14:48Z</time></trkpt><trkpt lat="22.53576139" lon="114.17665736"><ele>285.890380859375</ele><time>2017-11-18T06:14:53Z</time></trkpt><trkpt lat="22.5357809" lon="114.17667483"><ele>286.4166259765625</ele><time>2017-11-18T06:14:55Z</time></trkpt><trkpt lat="22.5357869" lon="114.17669424"><ele>288.6929931640625</ele><time>2017-11-18T06:14:58Z</time></trkpt><trkpt lat="22.53580414" lon="114.17670771"><ele>289.3216552734375</ele><time>2017-11-18T06:15:02Z</time></trkpt><trkpt lat="22.53580051" lon="114.17672705"><ele>290.6434326171875</ele><time>2017-11-18T06:15:40Z</time></trkpt><trkpt lat="22.53580952" lon="114.17674802"><ele>293.0347900390625</ele><time>2017-11-18T06:18:14Z</time></trkpt><trkpt lat="22.53582275" lon="114.17676891"><ele>290.9979248046875</ele><time>2017-11-18T06:18:18Z</time></trkpt><trkpt lat="22.53580586" lon="114.17676137"><ele>290.7401123046875</ele><time>2017-11-18T06:18:33Z</time></trkpt><trkpt lat="22.53583303" lon="114.17676895"><ele>291.4713134765625</ele><time>2017-11-18T06:18:41Z</time></trkpt><trkpt lat="22.53584604" lon="114.17678364"><ele>291.587158203125</ele><time>2017-11-18T06:18:43Z</time></trkpt><trkpt lat="22.53586459" lon="114.17679085"><ele>292.69378662109375</ele><time>2017-11-18T06:18:57Z</time></trkpt><trkpt lat="22.53588601" lon="114.17680547"><ele>289.11236572265625</ele><time>2017-11-18T06:19:00Z</time></trkpt><trkpt lat="22.53590547" lon="114.17681463"><ele>288.8702392578125</ele><time>2017-11-18T06:19:02Z</time></trkpt><trkpt lat="22.53592468" lon="114.17682055"><ele>288.3919677734375</ele><time>2017-11-18T06:19:04Z</time></trkpt><trkpt lat="22.53594694" lon="114.1768303"><ele>288.84765625</ele><time>2017-11-18T06:19:06Z</time></trkpt><trkpt lat="22.535974" lon="114.17684602"><ele>289.74041748046875</ele><time>2017-11-18T06:19:08Z</time></trkpt><trkpt lat="22.53598745" lon="114.17686448"><ele>288.843017578125</ele><time>2017-11-18T06:19:12Z</time></trkpt><trkpt lat="22.53599239" lon="114.17688515"><ele>288.2108154296875</ele><time>2017-11-18T06:19:23Z</time></trkpt><trkpt lat="22.53600634" lon="114.1768728"><ele>284.4483642578125</ele><time>2017-11-18T06:19:44Z</time></trkpt><trkpt lat="22.53601411" lon="114.17689305"><ele>283.166015625</ele><time>2017-11-18T06:19:53Z</time></trkpt><trkpt lat="22.5360118" lon="114.17691318"><ele>283.6356201171875</ele><time>2017-11-18T06:19:59Z</time></trkpt><trkpt lat="22.53602269" lon="114.17693294"><ele>282.7423095703125</ele><time>2017-11-18T06:20:03Z</time></trkpt><trkpt lat="22.5360361" lon="114.17694868"><ele>284.1573486328125</ele><time>2017-11-18T06:20:06Z</time></trkpt><trkpt lat="22.53605433" lon="114.17694774"><ele>284.3897705078125</ele><time>2017-11-18T06:20:11Z</time></trkpt><trkpt lat="22.53603537" lon="114.17695185"><ele>285.43115234375</ele><time>2017-11-18T06:20:15Z</time></trkpt><trkpt lat="22.5360316" lon="114.17697348"><ele>285.03570556640625</ele><time>2017-11-18T06:20:35Z</time></trkpt><trkpt lat="22.53604383" lon="114.17699168"><ele>284.47552490234375</ele><time>2017-11-18T06:20:37Z</time></trkpt><trkpt lat="22.53605055" lon="114.17701002"><ele>283.7337646484375</ele><time>2017-11-18T06:20:39Z</time></trkpt><trkpt lat="22.53604956" lon="114.17702948"><ele>282.9046630859375</ele><time>2017-11-18T06:20:43Z</time></trkpt><trkpt lat="22.53606088" lon="114.1770468"><ele>281.93304443359375</ele><time>2017-11-18T06:20:47Z</time></trkpt><trkpt lat="22.53606969" lon="114.17706509"><ele>280.315673828125</ele><time>2017-11-18T06:20:56Z</time></trkpt><trkpt lat="22.53606746" lon="114.17708853"><ele>280.48480224609375</ele><time>2017-11-18T06:21:00Z</time></trkpt><trkpt lat="22.53607996" lon="114.17711259"><ele>279.7735595703125</ele><time>2017-11-18T06:21:05Z</time></trkpt><trkpt lat="22.53609084" lon="114.17713873"><ele>279.4698486328125</ele><time>2017-11-18T06:21:08Z</time></trkpt><trkpt lat="22.53609999" lon="114.17716743"><ele>278.787353515625</ele><time>2017-11-18T06:21:11Z</time></trkpt><trkpt lat="22.53610628" lon="114.17719063"><ele>277.9029541015625</ele><time>2017-11-18T06:21:13Z</time></trkpt><trkpt lat="22.53611433" lon="114.17721968"><ele>276.84893798828125</ele><time>2017-11-18T06:21:16Z</time></trkpt><trkpt lat="22.53611773" lon="114.17724343"><ele>274.67755126953125</ele><time>2017-11-18T06:21:20Z</time></trkpt><trkpt lat="22.53612274" lon="114.17726914"><ele>274.9510498046875</ele><time>2017-11-18T06:21:22Z</time></trkpt><trkpt lat="22.53612558" lon="114.17729503"><ele>275.32318115234375</ele><time>2017-11-18T06:21:24Z</time></trkpt><trkpt lat="22.53613045" lon="114.17731959"><ele>272.6290283203125</ele><time>2017-11-18T06:21:27Z</time></trkpt><trkpt lat="22.53613961" lon="114.17733874"><ele>272.492919921875</ele><time>2017-11-18T06:21:29Z</time></trkpt><trkpt lat="22.53615566" lon="114.1773569"><ele>272.76361083984375</ele><time>2017-11-18T06:21:32Z</time></trkpt><trkpt lat="22.53616046" lon="114.17737883"><ele>272.2408447265625</ele><time>2017-11-18T06:21:36Z</time></trkpt><trkpt lat="22.53615586" lon="114.17740113"><ele>272.028564453125</ele><time>2017-11-18T06:21:39Z</time></trkpt><trkpt lat="22.53616425" lon="114.17742043"><ele>273.0926513671875</ele><time>2017-11-18T06:21:42Z</time></trkpt><trkpt lat="22.53617731" lon="114.17743535"><ele>272.70794677734375</ele><time>2017-11-18T06:21:44Z</time></trkpt><trkpt lat="22.53619416" lon="114.17745005"><ele>269.7108154296875</ele><time>2017-11-18T06:21:55Z</time></trkpt><trkpt lat="22.53620289" lon="114.17746717"><ele>263.985595703125</ele><time>2017-11-18T06:22:00Z</time></trkpt><trkpt lat="22.53620822" lon="114.17748625"><ele>261.6881103515625</ele><time>2017-11-18T06:22:02Z</time></trkpt><trkpt lat="22.53621174" lon="114.17750718"><ele>261.3763427734375</ele><time>2017-11-18T06:22:04Z</time></trkpt><trkpt lat="22.53621381" lon="114.17753141"><ele>262.3555908203125</ele><time>2017-11-18T06:22:06Z</time></trkpt><trkpt lat="22.53620817" lon="114.17755788"><ele>262.33544921875</ele><time>2017-11-18T06:22:09Z</time></trkpt><trkpt lat="22.53620984" lon="114.17758294"><ele>261.2071533203125</ele><time>2017-11-18T06:22:13Z</time></trkpt><trkpt lat="22.53620541" lon="114.17760401"><ele>261.675537109375</ele><time>2017-11-18T06:22:15Z</time></trkpt><trkpt lat="22.53621481" lon="114.17763327"><ele>260.8603515625</ele><time>2017-11-18T06:22:17Z</time></trkpt><trkpt lat="22.53622691" lon="114.17765325"><ele>260.90240478515625</ele><time>2017-11-18T06:22:19Z</time></trkpt><trkpt lat="22.53623535" lon="114.17767464"><ele>261.034912109375</ele><time>2017-11-18T06:22:21Z</time></trkpt><trkpt lat="22.53624094" lon="114.17770243"><ele>261.03240966796875</ele><time>2017-11-18T06:22:23Z</time></trkpt><trkpt lat="22.53624861" lon="114.17773492"><ele>259.84881591796875</ele><time>2017-11-18T06:22:25Z</time></trkpt><trkpt lat="22.5362565" lon="114.17775737"><ele>259.4359130859375</ele><time>2017-11-18T06:22:27Z</time></trkpt><trkpt lat="22.53626415" lon="114.17778387"><ele>259.5074462890625</ele><time>2017-11-18T06:22:30Z</time></trkpt><trkpt lat="22.5362658" lon="114.1778061"><ele>259.560791015625</ele><time>2017-11-18T06:22:32Z</time></trkpt><trkpt lat="22.53626451" lon="114.17783534"><ele>260.9237060546875</ele><time>2017-11-18T06:22:36Z</time></trkpt><trkpt lat="22.53626337" lon="114.1778604"><ele>258.91131591796875</ele><time>2017-11-18T06:22:38Z</time></trkpt><trkpt lat="22.53626333" lon="114.1778819"><ele>258.8778076171875</ele><time>2017-11-18T06:22:40Z</time></trkpt><trkpt lat="22.53626158" lon="114.17790475"><ele>258.09613037109375</ele><time>2017-11-18T06:22:42Z</time></trkpt><trkpt lat="22.53626237" lon="114.17792428"><ele>257.04193115234375</ele><time>2017-11-18T06:22:44Z</time></trkpt><trkpt lat="22.53626461" lon="114.17795034"><ele>257.4744873046875</ele><time>2017-11-18T06:22:46Z</time></trkpt><trkpt lat="22.53626905" lon="114.17797799"><ele>255.52325439453125</ele><time>2017-11-18T06:22:52Z</time></trkpt><trkpt lat="22.53626899" lon="114.17800974"><ele>254.2001953125</ele><time>2017-11-18T06:22:54Z</time></trkpt><trkpt lat="22.53626638" lon="114.17803711"><ele>252.3389892578125</ele><time>2017-11-18T06:22:56Z</time></trkpt><trkpt lat="22.5362669" lon="114.17806514"><ele>251.4615478515625</ele><time>2017-11-18T06:22:58Z</time></trkpt><trkpt lat="22.53626555" lon="114.17809439"><ele>251.2362060546875</ele><time>2017-11-18T06:23:00Z</time></trkpt><trkpt lat="22.53625214" lon="114.17810905"><ele>247.65478515625</ele><time>2017-11-18T06:23:03Z</time></trkpt><trkpt lat="22.5362398" lon="114.1781336"><ele>245.6729736328125</ele><time>2017-11-18T06:23:06Z</time></trkpt><trkpt lat="22.53623799" lon="114.17815996"><ele>244.32452392578125</ele><time>2017-11-18T06:23:09Z</time></trkpt><trkpt lat="22.53625035" lon="114.17817848"><ele>242.26873779296875</ele><time>2017-11-18T06:23:12Z</time></trkpt><trkpt lat="22.5362623" lon="114.17820024"><ele>240.76068115234375</ele><time>2017-11-18T06:23:15Z</time></trkpt><trkpt lat="22.53627114" lon="114.1782193"><ele>240.41363525390625</ele><time>2017-11-18T06:23:17Z</time></trkpt><trkpt lat="22.5362749" lon="114.17824474"><ele>240.36602783203125</ele><time>2017-11-18T06:23:19Z</time></trkpt><trkpt lat="22.53628039" lon="114.17827853"><ele>241.2686767578125</ele><time>2017-11-18T06:23:21Z</time></trkpt><trkpt lat="22.53628554" lon="114.17831567"><ele>239.64874267578125</ele><time>2017-11-18T06:23:23Z</time></trkpt><trkpt lat="22.53627913" lon="114.17834672"><ele>236.91949462890625</ele><time>2017-11-18T06:23:25Z</time></trkpt><trkpt lat="22.5362752" lon="114.178366"><ele>235.58642578125</ele><time>2017-11-18T06:23:28Z</time></trkpt><trkpt lat="22.53628038" lon="114.1783926"><ele>235.20709228515625</ele><time>2017-11-18T06:23:30Z</time></trkpt><trkpt lat="22.53627793" lon="114.17842118"><ele>235.35247802734375</ele><time>2017-11-18T06:23:32Z</time></trkpt><trkpt lat="22.53627153" lon="114.17844642"><ele>236.5521240234375</ele><time>2017-11-18T06:23:34Z</time></trkpt><trkpt lat="22.53626488" lon="114.17847412"><ele>236.8760986328125</ele><time>2017-11-18T06:23:37Z</time></trkpt><trkpt lat="22.53626307" lon="114.17849518"><ele>237.5360107421875</ele><time>2017-11-18T06:23:39Z</time></trkpt><trkpt lat="22.53626878" lon="114.17852007"><ele>238.30352783203125</ele><time>2017-11-18T06:23:41Z</time></trkpt><trkpt lat="22.53627429" lon="114.17853897"><ele>238.4876708984375</ele><time>2017-11-18T06:23:43Z</time></trkpt><trkpt lat="22.53627314" lon="114.17856114"><ele>239.5889892578125</ele><time>2017-11-18T06:23:45Z</time></trkpt><trkpt lat="22.53627571" lon="114.17858222"><ele>240.8096923828125</ele><time>2017-11-18T06:23:47Z</time></trkpt><trkpt lat="22.53628362" lon="114.17860464"><ele>241.72760009765625</ele><time>2017-11-18T06:23:52Z</time></trkpt><trkpt lat="22.5362968" lon="114.17862617"><ele>243.11199951171875</ele><time>2017-11-18T06:23:54Z</time></trkpt><trkpt lat="22.536304" lon="114.17864618"><ele>242.71502685546875</ele><time>2017-11-18T06:23:56Z</time></trkpt><trkpt lat="22.53630984" lon="114.17867039"><ele>242.701171875</ele><time>2017-11-18T06:23:58Z</time></trkpt><trkpt lat="22.53632115" lon="114.17870286"><ele>243.687255859375</ele><time>2017-11-18T06:24:00Z</time></trkpt><trkpt lat="22.53633187" lon="114.17873321"><ele>243.18182373046875</ele><time>2017-11-18T06:24:02Z</time></trkpt><trkpt lat="22.53634222" lon="114.17875774"><ele>243.0394287109375</ele><time>2017-11-18T06:24:05Z</time></trkpt><trkpt lat="22.53635579" lon="114.17878012"><ele>244.80377197265625</ele><time>2017-11-18T06:24:08Z</time></trkpt><trkpt lat="22.53636433" lon="114.17879782"><ele>244.760498046875</ele><time>2017-11-18T06:24:11Z</time></trkpt><trkpt lat="22.53637388" lon="114.17881828"><ele>246.32684326171875</ele><time>2017-11-18T06:24:13Z</time></trkpt><trkpt lat="22.53638245" lon="114.1788416"><ele>245.19085693359375</ele><time>2017-11-18T06:24:15Z</time></trkpt><trkpt lat="22.53638659" lon="114.17886245"><ele>246.09576416015625</ele><time>2017-11-18T06:24:17Z</time></trkpt><trkpt lat="22.53640063" lon="114.17889121"><ele>246.35577392578125</ele><time>2017-11-18T06:24:19Z</time></trkpt><trkpt lat="22.53641174" lon="114.17891808"><ele>246.3299560546875</ele><time>2017-11-18T06:24:21Z</time></trkpt><trkpt lat="22.53642102" lon="114.17893955"><ele>246.76055908203125</ele><time>2017-11-18T06:24:24Z</time></trkpt><trkpt lat="22.53643281" lon="114.17895918"><ele>246.0867919921875</ele><time>2017-11-18T06:24:26Z</time></trkpt><trkpt lat="22.53644244" lon="114.17898586"><ele>247.61083984375</ele><time>2017-11-18T06:24:28Z</time></trkpt><trkpt lat="22.5364552" lon="114.17900569"><ele>249.0220947265625</ele><time>2017-11-18T06:24:30Z</time></trkpt><trkpt lat="22.53646537" lon="114.17903029"><ele>250.93145751953125</ele><time>2017-11-18T06:24:33Z</time></trkpt><trkpt lat="22.53647734" lon="114.1790572"><ele>249.74334716796875</ele><time>2017-11-18T06:24:35Z</time></trkpt><trkpt lat="22.53648951" lon="114.17907877"><ele>248.0440673828125</ele><time>2017-11-18T06:24:37Z</time></trkpt><trkpt lat="22.5365031" lon="114.17910508"><ele>248.34515380859375</ele><time>2017-11-18T06:24:39Z</time></trkpt><trkpt lat="22.53651141" lon="114.1791297"><ele>248.380615234375</ele><time>2017-11-18T06:24:41Z</time></trkpt><trkpt lat="22.53651987" lon="114.17915465"><ele>249.170166015625</ele><time>2017-11-18T06:24:44Z</time></trkpt><trkpt lat="22.53653398" lon="114.17917545"><ele>248.05181884765625</ele><time>2017-11-18T06:24:46Z</time></trkpt><trkpt lat="22.53654386" lon="114.17919715"><ele>248.36578369140625</ele><time>2017-11-18T06:24:48Z</time></trkpt><trkpt lat="22.53655513" lon="114.17922041"><ele>247.08807373046875</ele><time>2017-11-18T06:24:51Z</time></trkpt><trkpt lat="22.53656579" lon="114.17923808"><ele>246.72607421875</ele><time>2017-11-18T06:24:53Z</time></trkpt><trkpt lat="22.5365742" lon="114.17926027"><ele>248.20660400390625</ele><time>2017-11-18T06:24:55Z</time></trkpt><trkpt lat="22.53658142" lon="114.17927822"><ele>248.57171630859375</ele><time>2017-11-18T06:24:56Z</time></trkpt><trkpt lat="22.5365883" lon="114.17929716"><ele>248.01861572265625</ele><time>2017-11-18T06:24:57Z</time></trkpt><trkpt lat="22.5365943" lon="114.1793157"><ele>247.689697265625</ele><time>2017-11-18T06:24:58Z</time></trkpt><trkpt lat="22.53660443" lon="114.17934549"><ele>247.72161865234375</ele><time>2017-11-18T06:25:00Z</time></trkpt><trkpt lat="22.53661785" lon="114.17936616"><ele>247.98681640625</ele><time>2017-11-18T06:25:03Z</time></trkpt><trkpt lat="22.5366194" lon="114.17938841"><ele>247.2288818359375</ele><time>2017-11-18T06:25:06Z</time></trkpt><trkpt lat="22.53661632" lon="114.17941331"><ele>246.77105712890625</ele><time>2017-11-18T06:25:22Z</time></trkpt><trkpt lat="22.53662699" lon="114.1794403"><ele>247.03363037109375</ele><time>2017-11-18T06:25:24Z</time></trkpt><trkpt lat="22.53663338" lon="114.17946026"><ele>244.742431640625</ele><time>2017-11-18T06:25:27Z</time></trkpt><trkpt lat="22.53663575" lon="114.17948732"><ele>246.36297607421875</ele><time>2017-11-18T06:25:30Z</time></trkpt><trkpt lat="22.53664603" lon="114.17950833"><ele>245.37451171875</ele><time>2017-11-18T06:25:32Z</time></trkpt><trkpt lat="22.5366569" lon="114.17952765"><ele>245.0130615234375</ele><time>2017-11-18T06:25:34Z</time></trkpt><trkpt lat="22.53666899" lon="114.17954257"><ele>243.44744873046875</ele><time>2017-11-18T06:25:37Z</time></trkpt><trkpt lat="22.53668279" lon="114.17955671"><ele>244.03485107421875</ele><time>2017-11-18T06:25:39Z</time></trkpt><trkpt lat="22.53669234" lon="114.17958587"><ele>241.33489990234375</ele><time>2017-11-18T06:25:42Z</time></trkpt><trkpt lat="22.5366946" lon="114.17960992"><ele>240.811279296875</ele><time>2017-11-18T06:25:44Z</time></trkpt><trkpt lat="22.53670152" lon="114.17963756"><ele>238.277099609375</ele><time>2017-11-18T06:25:48Z</time></trkpt><trkpt lat="22.53671411" lon="114.17966453"><ele>238.2957763671875</ele><time>2017-11-18T06:25:50Z</time></trkpt><trkpt lat="22.53672838" lon="114.17969312"><ele>236.889892578125</ele><time>2017-11-18T06:25:52Z</time></trkpt><trkpt lat="22.53674553" lon="114.17972389"><ele>236.1097412109375</ele><time>2017-11-18T06:25:54Z</time></trkpt><trkpt lat="22.53675647" lon="114.17974559"><ele>235.010986328125</ele><time>2017-11-18T06:25:56Z</time></trkpt><trkpt lat="22.53676651" lon="114.17976776"><ele>234.55340576171875</ele><time>2017-11-18T06:25:59Z</time></trkpt><trkpt lat="22.53677936" lon="114.17978767"><ele>234.1746826171875</ele><time>2017-11-18T06:26:01Z</time></trkpt><trkpt lat="22.53679673" lon="114.17980871"><ele>232.8812255859375</ele><time>2017-11-18T06:26:03Z</time></trkpt><trkpt lat="22.53681405" lon="114.17982446"><ele>232.12939453125</ele><time>2017-11-18T06:26:05Z</time></trkpt><trkpt lat="22.536829" lon="114.17984242"><ele>230.86669921875</ele><time>2017-11-18T06:26:07Z</time></trkpt><trkpt lat="22.536844" lon="114.17985499"><ele>229.5545654296875</ele><time>2017-11-18T06:26:09Z</time></trkpt><trkpt lat="22.53685812" lon="114.17986878"><ele>228.42718505859375</ele><time>2017-11-18T06:26:11Z</time></trkpt><trkpt lat="22.53687153" lon="114.17988449"><ele>228.72149658203125</ele><time>2017-11-18T06:26:13Z</time></trkpt><trkpt lat="22.5368833" lon="114.17990348"><ele>227.88555908203125</ele><time>2017-11-18T06:26:15Z</time></trkpt><trkpt lat="22.53689636" lon="114.1799281"><ele>227.1673583984375</ele><time>2017-11-18T06:26:17Z</time></trkpt><trkpt lat="22.53690286" lon="114.17995168"><ele>228.1971435546875</ele><time>2017-11-18T06:26:19Z</time></trkpt><trkpt lat="22.53690952" lon="114.17997527"><ele>228.31280517578125</ele><time>2017-11-18T06:26:21Z</time></trkpt><trkpt lat="22.53692093" lon="114.17999488"><ele>227.3778076171875</ele><time>2017-11-18T06:26:23Z</time></trkpt><trkpt lat="22.53693067" lon="114.18001495"><ele>226.57861328125</ele><time>2017-11-18T06:26:25Z</time></trkpt><trkpt lat="22.53693806" lon="114.18003526"><ele>226.57427978515625</ele><time>2017-11-18T06:26:27Z</time></trkpt><trkpt lat="22.53694981" lon="114.18006328"><ele>223.94952392578125</ele><time>2017-11-18T06:26:29Z</time></trkpt><trkpt lat="22.53695311" lon="114.18008607"><ele>222.8388671875</ele><time>2017-11-18T06:26:31Z</time></trkpt><trkpt lat="22.53696174" lon="114.18010536"><ele>223.9339599609375</ele><time>2017-11-18T06:26:34Z</time></trkpt><trkpt lat="22.53697462" lon="114.18012196"><ele>224.0799560546875</ele><time>2017-11-18T06:26:36Z</time></trkpt><trkpt lat="22.53698693" lon="114.18014383"><ele>222.74554443359375</ele><time>2017-11-18T06:26:39Z</time></trkpt><trkpt lat="22.53700291" lon="114.1801584"><ele>222.40325927734375</ele><time>2017-11-18T06:26:41Z</time></trkpt><trkpt lat="22.53701981" lon="114.18018236"><ele>221.2235107421875</ele><time>2017-11-18T06:26:43Z</time></trkpt><trkpt lat="22.53703867" lon="114.18020431"><ele>220.40936279296875</ele><time>2017-11-18T06:26:45Z</time></trkpt><trkpt lat="22.53705064" lon="114.18022049"><ele>220.6329345703125</ele><time>2017-11-18T06:26:47Z</time></trkpt><trkpt lat="22.53706359" lon="114.18024156"><ele>220.37542724609375</ele><time>2017-11-18T06:26:50Z</time></trkpt><trkpt lat="22.53706865" lon="114.18026412"><ele>217.5863037109375</ele><time>2017-11-18T06:26:53Z</time></trkpt><trkpt lat="22.53708222" lon="114.18028018"><ele>217.023193359375</ele><time>2017-11-18T06:26:55Z</time></trkpt><trkpt lat="22.53709908" lon="114.18029599"><ele>217.65960693359375</ele><time>2017-11-18T06:26:57Z</time></trkpt><trkpt lat="22.53710965" lon="114.18032592"><ele>218.75518798828125</ele><time>2017-11-18T06:26:59Z</time></trkpt><trkpt lat="22.53711854" lon="114.18034968"><ele>217.47064208984375</ele><time>2017-11-18T06:27:01Z</time></trkpt><trkpt lat="22.53712734" lon="114.18037559"><ele>216.015869140625</ele><time>2017-11-18T06:27:03Z</time></trkpt><trkpt lat="22.53713957" lon="114.1804069"><ele>214.1807861328125</ele><time>2017-11-18T06:27:05Z</time></trkpt><trkpt lat="22.53714895" lon="114.18043206"><ele>211.6513671875</ele><time>2017-11-18T06:27:07Z</time></trkpt><trkpt lat="22.53716167" lon="114.18045382"><ele>210.93695068359375</ele><time>2017-11-18T06:27:09Z</time></trkpt><trkpt lat="22.53717181" lon="114.18048161"><ele>210.25335693359375</ele><time>2017-11-18T06:27:11Z</time></trkpt><trkpt lat="22.53716953" lon="114.18051473"><ele>209.954345703125</ele><time>2017-11-18T06:27:13Z</time></trkpt><trkpt lat="22.53716573" lon="114.18054429"><ele>208.74005126953125</ele><time>2017-11-18T06:27:15Z</time></trkpt><trkpt lat="22.53716383" lon="114.18058146"><ele>210.54241943359375</ele><time>2017-11-18T06:27:17Z</time></trkpt><trkpt lat="22.5371551" lon="114.1806101"><ele>212.40423583984375</ele><time>2017-11-18T06:27:19Z</time></trkpt><trkpt lat="22.53713356" lon="114.18060658"><ele>212.43695068359375</ele><time>2017-11-18T06:27:32Z</time></trkpt><trkpt lat="22.537115" lon="114.18060628"><ele>214.1949462890625</ele><time>2017-11-18T06:27:37Z</time></trkpt><trkpt lat="22.53708833" lon="114.18059733"><ele>213.5863037109375</ele><time>2017-11-18T06:27:39Z</time></trkpt><trkpt lat="22.53705748" lon="114.18058925"><ele>212.836669921875</ele><time>2017-11-18T06:27:41Z</time></trkpt><trkpt lat="22.53703997" lon="114.18059451"><ele>211.5108642578125</ele><time>2017-11-18T06:27:42Z</time></trkpt><trkpt lat="22.53702232" lon="114.18060577"><ele>209.36358642578125</ele><time>2017-11-18T06:27:43Z</time></trkpt><trkpt lat="22.53700716" lon="114.18061747"><ele>208.0406494140625</ele><time>2017-11-18T06:27:44Z</time></trkpt><trkpt lat="22.53697783" lon="114.18062104"><ele>207.6446533203125</ele><time>2017-11-18T06:27:46Z</time></trkpt><trkpt lat="22.53695811" lon="114.18061441"><ele>207.54705810546875</ele><time>2017-11-18T06:27:48Z</time></trkpt><trkpt lat="22.53694117" lon="114.1806"><ele>207.442626953125</ele><time>2017-11-18T06:27:51Z</time></trkpt><trkpt lat="22.53693446" lon="114.18058148"><ele>206.554931640625</ele><time>2017-11-18T06:27:53Z</time></trkpt><trkpt lat="22.53691966" lon="114.18055796"><ele>207.71417236328125</ele><time>2017-11-18T06:27:56Z</time></trkpt><trkpt lat="22.53690277" lon="114.18054002"><ele>209.4720458984375</ele><time>2017-11-18T06:27:58Z</time></trkpt><trkpt lat="22.53687613" lon="114.18052764"><ele>209.367431640625</ele><time>2017-11-18T06:28:00Z</time></trkpt><trkpt lat="22.53685069" lon="114.18052311"><ele>208.1668701171875</ele><time>2017-11-18T06:28:02Z</time></trkpt><trkpt lat="22.53682242" lon="114.18051312"><ele>208.49432373046875</ele><time>2017-11-18T06:28:04Z</time></trkpt><trkpt lat="22.53678833" lon="114.18050311"><ele>209.09039306640625</ele><time>2017-11-18T06:28:06Z</time></trkpt><trkpt lat="22.53677037" lon="114.18050179"><ele>209.37420654296875</ele><time>2017-11-18T06:28:07Z</time></trkpt><trkpt lat="22.53675107" lon="114.18050331"><ele>208.7298583984375</ele><time>2017-11-18T06:28:09Z</time></trkpt><trkpt lat="22.53674365" lon="114.18052359"><ele>207.7601318359375</ele><time>2017-11-18T06:28:12Z</time></trkpt><trkpt lat="22.53674715" lon="114.18054406"><ele>206.694091796875</ele><time>2017-11-18T06:28:14Z</time></trkpt><trkpt lat="22.53674766" lon="114.18056483"><ele>206.96575927734375</ele><time>2017-11-18T06:28:16Z</time></trkpt><trkpt lat="22.53673679" lon="114.18058626"><ele>205.31158447265625</ele><time>2017-11-18T06:28:21Z</time></trkpt><trkpt lat="22.53673051" lon="114.18060592"><ele>207.908203125</ele><time>2017-11-18T06:28:25Z</time></trkpt><trkpt lat="22.53672293" lon="114.18062711"><ele>206.625244140625</ele><time>2017-11-18T06:28:27Z</time></trkpt><trkpt lat="22.53670252" lon="114.18064992"><ele>207.6051025390625</ele><time>2017-11-18T06:28:30Z</time></trkpt><trkpt lat="22.53667865" lon="114.18066402"><ele>206.84686279296875</ele><time>2017-11-18T06:28:32Z</time></trkpt><trkpt lat="22.53665172" lon="114.18066926"><ele>205.60540771484375</ele><time>2017-11-18T06:28:35Z</time></trkpt><trkpt lat="22.53662597" lon="114.18067066"><ele>204.421875</ele><time>2017-11-18T06:28:37Z</time></trkpt><trkpt lat="22.53660481" lon="114.18066386"><ele>205.49603271484375</ele><time>2017-11-18T06:28:40Z</time></trkpt><trkpt lat="22.53658694" lon="114.1806585"><ele>207.29571533203125</ele><time>2017-11-18T06:28:42Z</time></trkpt><trkpt lat="22.53656876" lon="114.18066157"><ele>205.6302490234375</ele><time>2017-11-18T06:28:44Z</time></trkpt><trkpt lat="22.53655051" lon="114.18066973"><ele>206.22479248046875</ele><time>2017-11-18T06:28:46Z</time></trkpt><trkpt lat="22.536527" lon="114.1806694"><ele>206.6856689453125</ele><time>2017-11-18T06:28:48Z</time></trkpt><trkpt lat="22.53650498" lon="114.18066239"><ele>209.3365478515625</ele><time>2017-11-18T06:28:50Z</time></trkpt><trkpt lat="22.53648327" lon="114.18066198"><ele>207.81298828125</ele><time>2017-11-18T06:28:52Z</time></trkpt><trkpt lat="22.53646281" lon="114.18066786"><ele>207.0845947265625</ele><time>2017-11-18T06:28:54Z</time></trkpt><trkpt lat="22.53643532" lon="114.18068513"><ele>206.62139892578125</ele><time>2017-11-18T06:28:56Z</time></trkpt><trkpt lat="22.53641743" lon="114.1806982"><ele>206.030029296875</ele><time>2017-11-18T06:28:57Z</time></trkpt><trkpt lat="22.53640108" lon="114.18070778"><ele>205.1536865234375</ele><time>2017-11-18T06:28:59Z</time></trkpt><trkpt lat="22.5363794" lon="114.18070496"><ele>205.62750244140625</ele><time>2017-11-18T06:29:02Z</time></trkpt><trkpt lat="22.53635926" lon="114.18071626"><ele>205.2296142578125</ele><time>2017-11-18T06:29:04Z</time></trkpt><trkpt lat="22.53633526" lon="114.18073179"><ele>205.20989990234375</ele><time>2017-11-18T06:29:07Z</time></trkpt><trkpt lat="22.53630885" lon="114.18074687"><ele>207.06695556640625</ele><time>2017-11-18T06:29:10Z</time></trkpt><trkpt lat="22.53628823" lon="114.18075959"><ele>207.146240234375</ele><time>2017-11-18T06:29:13Z</time></trkpt><trkpt lat="22.53627212" lon="114.18077427"><ele>207.89483642578125</ele><time>2017-11-18T06:29:15Z</time></trkpt><trkpt lat="22.53625505" lon="114.18078645"><ele>208.28302001953125</ele><time>2017-11-18T06:29:18Z</time></trkpt><trkpt lat="22.5362376" lon="114.18079762"><ele>209.1551513671875</ele><time>2017-11-18T06:29:20Z</time></trkpt><trkpt lat="22.53621848" lon="114.18081295"><ele>209.37017822265625</ele><time>2017-11-18T06:29:22Z</time></trkpt><trkpt lat="22.53620335" lon="114.18083069"><ele>211.89111328125</ele><time>2017-11-18T06:29:25Z</time></trkpt><trkpt lat="22.53619389" lon="114.18085846"><ele>209.7138671875</ele><time>2017-11-18T06:29:27Z</time></trkpt><trkpt lat="22.53618984" lon="114.18088433"><ele>210.085205078125</ele><time>2017-11-18T06:29:29Z</time></trkpt><trkpt lat="22.53618844" lon="114.18090954"><ele>212.47515869140625</ele><time>2017-11-18T06:29:32Z</time></trkpt><trkpt lat="22.53618647" lon="114.18093316"><ele>214.079345703125</ele><time>2017-11-18T06:29:34Z</time></trkpt><trkpt lat="22.53618261" lon="114.1809576"><ele>217.5499267578125</ele><time>2017-11-18T06:29:37Z</time></trkpt><trkpt lat="22.53618343" lon="114.18098236"><ele>219.360107421875</ele><time>2017-11-18T06:29:40Z</time></trkpt><trkpt lat="22.53617856" lon="114.18100197"><ele>219.34368896484375</ele><time>2017-11-18T06:29:43Z</time></trkpt><trkpt lat="22.53618015" lon="114.18102268"><ele>219.203857421875</ele><time>2017-11-18T06:29:45Z</time></trkpt><trkpt lat="22.5361893" lon="114.18104671"><ele>217.4332275390625</ele><time>2017-11-18T06:29:47Z</time></trkpt><trkpt lat="22.53620232" lon="114.18106791"><ele>216.91290283203125</ele><time>2017-11-18T06:29:50Z</time></trkpt><trkpt lat="22.53620466" lon="114.18109872"><ele>215.450439453125</ele><time>2017-11-18T06:29:52Z</time></trkpt><trkpt lat="22.53620973" lon="114.18112059"><ele>214.6529541015625</ele><time>2017-11-18T06:29:54Z</time></trkpt><trkpt lat="22.53622122" lon="114.18113915"><ele>213.55963134765625</ele><time>2017-11-18T06:29:56Z</time></trkpt><trkpt lat="22.53623345" lon="114.18115483"><ele>214.9119873046875</ele><time>2017-11-18T06:29:58Z</time></trkpt><trkpt lat="22.53624529" lon="114.18117105"><ele>213.4178466796875</ele><time>2017-11-18T06:30:00Z</time></trkpt><trkpt lat="22.53625233" lon="114.18119124"><ele>212.97314453125</ele><time>2017-11-18T06:30:03Z</time></trkpt><trkpt lat="22.5362586" lon="114.18122256"><ele>211.3646240234375</ele><time>2017-11-18T06:30:06Z</time></trkpt><trkpt lat="22.53625315" lon="114.18124843"><ele>211.290283203125</ele><time>2017-11-18T06:30:08Z</time></trkpt><trkpt lat="22.5362429" lon="114.18127429"><ele>211.46630859375</ele><time>2017-11-18T06:30:11Z</time></trkpt><trkpt lat="22.53623597" lon="114.18129604"><ele>212.4200439453125</ele><time>2017-11-18T06:30:13Z</time></trkpt><trkpt lat="22.53623791" lon="114.1813192"><ele>213.7337646484375</ele><time>2017-11-18T06:30:16Z</time></trkpt><trkpt lat="22.53625884" lon="114.1813313"><ele>216.6724853515625</ele><time>2017-11-18T06:30:19Z</time></trkpt><trkpt lat="22.53628147" lon="114.1813283"><ele>217.23248291015625</ele><time>2017-11-18T06:30:21Z</time></trkpt><trkpt lat="22.53630465" lon="114.18131907"><ele>218.79638671875</ele><time>2017-11-18T06:30:23Z</time></trkpt><trkpt lat="22.53632171" lon="114.18130185"><ele>222.01190185546875</ele><time>2017-11-18T06:30:25Z</time></trkpt><trkpt lat="22.53633657" lon="114.18128138"><ele>223.3135986328125</ele><time>2017-11-18T06:30:27Z</time></trkpt><trkpt lat="22.53634436" lon="114.18125584"><ele>225.343505859375</ele><time>2017-11-18T06:30:29Z</time></trkpt><trkpt lat="22.53634484" lon="114.18123262"><ele>225.37762451171875</ele><time>2017-11-18T06:30:32Z</time></trkpt><trkpt lat="22.53634357" lon="114.18121185"><ele>226.5306396484375</ele><time>2017-11-18T06:30:34Z</time></trkpt><trkpt lat="22.53634623" lon="114.18118052"><ele>227.7166748046875</ele><time>2017-11-18T06:30:38Z</time></trkpt><trkpt lat="22.53635091" lon="114.18116096"><ele>226.4056396484375</ele><time>2017-11-18T06:30:40Z</time></trkpt><trkpt lat="22.53635706" lon="114.18113148"><ele>228.2257080078125</ele><time>2017-11-18T06:30:43Z</time></trkpt><trkpt lat="22.53637871" lon="114.18112129"><ele>226.832275390625</ele><time>2017-11-18T06:30:45Z</time></trkpt><trkpt lat="22.53639944" lon="114.18113"><ele>227.3924560546875</ele><time>2017-11-18T06:30:48Z</time></trkpt><trkpt lat="22.53642077" lon="114.18113605"><ele>225.9364013671875</ele><time>2017-11-18T06:30:50Z</time></trkpt><trkpt lat="22.5364381" lon="114.18115268"><ele>226.67718505859375</ele><time>2017-11-18T06:30:53Z</time></trkpt><trkpt lat="22.53644678" lon="114.1811711"><ele>227.315673828125</ele><time>2017-11-18T06:30:55Z</time></trkpt><trkpt lat="22.536459" lon="114.18118901"><ele>227.55010986328125</ele><time>2017-11-18T06:30:57Z</time></trkpt><trkpt lat="22.5364692" lon="114.18120874"><ele>227.427734375</ele><time>2017-11-18T06:30:59Z</time></trkpt><trkpt lat="22.5364744" lon="114.18123337"><ele>226.7703857421875</ele><time>2017-11-18T06:31:02Z</time></trkpt><trkpt lat="22.53647716" lon="114.18125715"><ele>228.1485595703125</ele><time>2017-11-18T06:31:04Z</time></trkpt><trkpt lat="22.53647879" lon="114.18128452"><ele>227.33624267578125</ele><time>2017-11-18T06:31:07Z</time></trkpt><trkpt lat="22.53647958" lon="114.18130467"><ele>226.91741943359375</ele><time>2017-11-18T06:31:09Z</time></trkpt><trkpt lat="22.53647967" lon="114.1813269"><ele>225.20245361328125</ele><time>2017-11-18T06:31:11Z</time></trkpt><trkpt lat="22.5364847" lon="114.181348"><ele>226.920166015625</ele><time>2017-11-18T06:31:15Z</time></trkpt><trkpt lat="22.53648621" lon="114.18137066"><ele>227.9560546875</ele><time>2017-11-18T06:31:17Z</time></trkpt><trkpt lat="22.53648326" lon="114.18139746"><ele>228.4605712890625</ele><time>2017-11-18T06:31:20Z</time></trkpt><trkpt lat="22.53647017" lon="114.18142227"><ele>226.5872802734375</ele><time>2017-11-18T06:31:22Z</time></trkpt><trkpt lat="22.53645206" lon="114.18143925"><ele>227.31610107421875</ele><time>2017-11-18T06:31:24Z</time></trkpt><trkpt lat="22.5364381" lon="114.18145359"><ele>227.3203125</ele><time>2017-11-18T06:31:26Z</time></trkpt><trkpt lat="22.53642168" lon="114.18147331"><ele>225.84600830078125</ele><time>2017-11-18T06:31:28Z</time></trkpt><trkpt lat="22.53641099" lon="114.18148945"><ele>225.5467529296875</ele><time>2017-11-18T06:31:30Z</time></trkpt><trkpt lat="22.53639122" lon="114.18151425"><ele>224.92291259765625</ele><time>2017-11-18T06:31:33Z</time></trkpt><trkpt lat="22.5363679" lon="114.18153324"><ele>226.494140625</ele><time>2017-11-18T06:31:35Z</time></trkpt><trkpt lat="22.53634742" lon="114.18154821"><ele>228.32769775390625</ele><time>2017-11-18T06:31:37Z</time></trkpt><trkpt lat="22.53633674" lon="114.18157359"><ele>229.2305908203125</ele><time>2017-11-18T06:31:41Z</time></trkpt><trkpt lat="22.53631965" lon="114.1815917"><ele>229.4163818359375</ele><time>2017-11-18T06:31:43Z</time></trkpt><trkpt lat="22.53629803" lon="114.18160993"><ele>229.185791015625</ele><time>2017-11-18T06:31:45Z</time></trkpt><trkpt lat="22.53627835" lon="114.18162868"><ele>230.99346923828125</ele><time>2017-11-18T06:31:47Z</time></trkpt><trkpt lat="22.53626357" lon="114.18164328"><ele>231.16485595703125</ele><time>2017-11-18T06:31:49Z</time></trkpt><trkpt lat="22.53624545" lon="114.18166182"><ele>231.30010986328125</ele><time>2017-11-18T06:31:51Z</time></trkpt><trkpt lat="22.53622359" lon="114.18168071"><ele>234.12359619140625</ele><time>2017-11-18T06:31:54Z</time></trkpt><trkpt lat="22.53621275" lon="114.18169717"><ele>235.213623046875</ele><time>2017-11-18T06:31:56Z</time></trkpt><trkpt lat="22.53619804" lon="114.18171594"><ele>236.205810546875</ele><time>2017-11-18T06:31:59Z</time></trkpt><trkpt lat="22.53618837" lon="114.18173739"><ele>236.3548583984375</ele><time>2017-11-18T06:32:01Z</time></trkpt><trkpt lat="22.53617713" lon="114.18176797"><ele>234.8765869140625</ele><time>2017-11-18T06:32:03Z</time></trkpt><trkpt lat="22.53616879" lon="114.18179474"><ele>233.36260986328125</ele><time>2017-11-18T06:32:06Z</time></trkpt><trkpt lat="22.5361679" lon="114.18181887"><ele>232.8797607421875</ele><time>2017-11-18T06:32:08Z</time></trkpt><trkpt lat="22.5361738" lon="114.18184378"><ele>236.08203125</ele><time>2017-11-18T06:32:10Z</time></trkpt><trkpt lat="22.53617406" lon="114.18187254"><ele>236.53021240234375</ele><time>2017-11-18T06:32:13Z</time></trkpt><trkpt lat="22.53616858" lon="114.18189424"><ele>236.42578125</ele><time>2017-11-18T06:32:15Z</time></trkpt><trkpt lat="22.53616298" lon="114.18191276"><ele>236.87939453125</ele><time>2017-11-18T06:32:17Z</time></trkpt><trkpt lat="22.53615881" lon="114.18193755"><ele>236.251953125</ele><time>2017-11-18T06:32:19Z</time></trkpt><trkpt lat="22.53615218" lon="114.18196739"><ele>235.9178466796875</ele><time>2017-11-18T06:32:21Z</time></trkpt><trkpt lat="22.53614582" lon="114.18199411"><ele>237.18988037109375</ele><time>2017-11-18T06:32:23Z</time></trkpt><trkpt lat="22.53613364" lon="114.18202265"><ele>237.79656982421875</ele><time>2017-11-18T06:32:28Z</time></trkpt><trkpt lat="22.53612324" lon="114.18204424"><ele>239.517578125</ele><time>2017-11-18T06:32:30Z</time></trkpt><trkpt lat="22.53611339" lon="114.18206599"><ele>241.9451904296875</ele><time>2017-11-18T06:32:33Z</time></trkpt><trkpt lat="22.5361019" lon="114.18208186"><ele>243.1136474609375</ele><time>2017-11-18T06:32:35Z</time></trkpt><trkpt lat="22.5360866" lon="114.18209887"><ele>244.1470947265625</ele><time>2017-11-18T06:32:38Z</time></trkpt><trkpt lat="22.53607399" lon="114.18211439"><ele>245.07611083984375</ele><time>2017-11-18T06:32:40Z</time></trkpt><trkpt lat="22.53606372" lon="114.18213214"><ele>244.5272216796875</ele><time>2017-11-18T06:32:42Z</time></trkpt><trkpt lat="22.53604794" lon="114.18214905"><ele>245.03607177734375</ele><time>2017-11-18T06:32:44Z</time></trkpt><trkpt lat="22.5360306" lon="114.18217171"><ele>245.72125244140625</ele><time>2017-11-18T06:32:46Z</time></trkpt><trkpt lat="22.53601381" lon="114.1821892"><ele>246.02301025390625</ele><time>2017-11-18T06:32:48Z</time></trkpt><trkpt lat="22.53599377" lon="114.18220715"><ele>248.9552001953125</ele><time>2017-11-18T06:32:51Z</time></trkpt><trkpt lat="22.53597831" lon="114.18223076"><ele>250.5166015625</ele><time>2017-11-18T06:32:55Z</time></trkpt><trkpt lat="22.53597723" lon="114.18225759"><ele>251.58514404296875</ele><time>2017-11-18T06:32:57Z</time></trkpt><trkpt lat="22.53598259" lon="114.18228425"><ele>250.44720458984375</ele><time>2017-11-18T06:33:00Z</time></trkpt><trkpt lat="22.5359852" lon="114.18231358"><ele>251.094970703125</ele><time>2017-11-18T06:33:02Z</time></trkpt><trkpt lat="22.5359865" lon="114.1823354"><ele>252.142578125</ele><time>2017-11-18T06:33:04Z</time></trkpt><trkpt lat="22.53599254" lon="114.18235796"><ele>251.19097900390625</ele><time>2017-11-18T06:33:06Z</time></trkpt><trkpt lat="22.53599795" lon="114.18237675"><ele>251.7440185546875</ele><time>2017-11-18T06:33:07Z</time></trkpt><trkpt lat="22.53600208" lon="114.18239621"><ele>251.729736328125</ele><time>2017-11-18T06:33:08Z</time></trkpt><trkpt lat="22.53600826" lon="114.18241476"><ele>252.3665771484375</ele><time>2017-11-18T06:33:10Z</time></trkpt><trkpt lat="22.53601522" lon="114.18243379"><ele>253.36492919921875</ele><time>2017-11-18T06:33:12Z</time></trkpt><trkpt lat="22.5360174" lon="114.18246076"><ele>257.495361328125</ele><time>2017-11-18T06:33:14Z</time></trkpt><trkpt lat="22.53601718" lon="114.18248796"><ele>257.531982421875</ele><time>2017-11-18T06:33:17Z</time></trkpt><trkpt lat="22.53602971" lon="114.18250764"><ele>255.57611083984375</ele><time>2017-11-18T06:33:19Z</time></trkpt><trkpt lat="22.53604608" lon="114.182529"><ele>254.349853515625</ele><time>2017-11-18T06:33:21Z</time></trkpt><trkpt lat="22.53605706" lon="114.18254901"><ele>253.54296875</ele><time>2017-11-18T06:33:24Z</time></trkpt><trkpt lat="22.53606411" lon="114.18257919"><ele>253.0487060546875</ele><time>2017-11-18T06:33:26Z</time></trkpt><trkpt lat="22.53607668" lon="114.18260719"><ele>252.0220947265625</ele><time>2017-11-18T06:33:29Z</time></trkpt><trkpt lat="22.53608941" lon="114.18263007"><ele>251.4522705078125</ele><time>2017-11-18T06:33:31Z</time></trkpt><trkpt lat="22.53609878" lon="114.18264831"><ele>250.1014404296875</ele><time>2017-11-18T06:33:33Z</time></trkpt><trkpt lat="22.53609909" lon="114.18267612"><ele>248.1591796875</ele><time>2017-11-18T06:33:36Z</time></trkpt><trkpt lat="22.53610235" lon="114.18270127"><ele>250.8721923828125</ele><time>2017-11-18T06:33:38Z</time></trkpt><trkpt lat="22.53610844" lon="114.18272157"><ele>251.97796630859375</ele><time>2017-11-18T06:33:40Z</time></trkpt><trkpt lat="22.53611944" lon="114.18274763"><ele>251.7913818359375</ele><time>2017-11-18T06:33:43Z</time></trkpt><trkpt lat="22.53613335" lon="114.18277419"><ele>249.97344970703125</ele><time>2017-11-18T06:33:45Z</time></trkpt><trkpt lat="22.53614873" lon="114.18278953"><ele>249.2515869140625</ele><time>2017-11-18T06:33:48Z</time></trkpt><trkpt lat="22.5361675" lon="114.18280093"><ele>251.5877685546875</ele><time>2017-11-18T06:33:50Z</time></trkpt><trkpt lat="22.53618191" lon="114.18282381"><ele>251.05523681640625</ele><time>2017-11-18T06:33:52Z</time></trkpt><trkpt lat="22.53619137" lon="114.18284149"><ele>249.865966796875</ele><time>2017-11-18T06:33:54Z</time></trkpt><trkpt lat="22.53621083" lon="114.18286301"><ele>251.1319580078125</ele><time>2017-11-18T06:33:56Z</time></trkpt><trkpt lat="22.53622071" lon="114.18288198"><ele>252.77978515625</ele><time>2017-11-18T06:33:57Z</time></trkpt><trkpt lat="22.53622849" lon="114.18290197"><ele>253.56427001953125</ele><time>2017-11-18T06:33:58Z</time></trkpt><trkpt lat="22.53624477" lon="114.182923"><ele>251.22503662109375</ele><time>2017-11-18T06:34:01Z</time></trkpt><trkpt lat="22.53626876" lon="114.18293414"><ele>251.202392578125</ele><time>2017-11-18T06:34:05Z</time></trkpt><trkpt lat="22.53628607" lon="114.18294417"><ele>254.934814453125</ele><time>2017-11-18T06:34:08Z</time></trkpt><trkpt lat="22.53629911" lon="114.18295836"><ele>255.754638671875</ele><time>2017-11-18T06:34:10Z</time></trkpt><trkpt lat="22.53631714" lon="114.18297513"><ele>256.2867431640625</ele><time>2017-11-18T06:34:12Z</time></trkpt><trkpt lat="22.53633146" lon="114.18299206"><ele>255.2548828125</ele><time>2017-11-18T06:34:16Z</time></trkpt><trkpt lat="22.53634614" lon="114.18300487"><ele>253.53363037109375</ele><time>2017-11-18T06:34:18Z</time></trkpt><trkpt lat="22.53636329" lon="114.18301899"><ele>253.973388671875</ele><time>2017-11-18T06:34:20Z</time></trkpt><trkpt lat="22.53637948" lon="114.18302772"><ele>254.35888671875</ele><time>2017-11-18T06:34:24Z</time></trkpt><trkpt lat="22.53639203" lon="114.18304957"><ele>254.86248779296875</ele><time>2017-11-18T06:34:26Z</time></trkpt><trkpt lat="22.53640334" lon="114.18307869"><ele>254.7850341796875</ele><time>2017-11-18T06:34:29Z</time></trkpt><trkpt lat="22.53640828" lon="114.18310397"><ele>255.0233154296875</ele><time>2017-11-18T06:34:31Z</time></trkpt><trkpt lat="22.53642043" lon="114.18312597"><ele>256.70556640625</ele><time>2017-11-18T06:34:34Z</time></trkpt><trkpt lat="22.53643454" lon="114.18314428"><ele>257.66015625</ele><time>2017-11-18T06:34:38Z</time></trkpt><trkpt lat="22.53644142" lon="114.18316873"><ele>258.0428466796875</ele><time>2017-11-18T06:34:40Z</time></trkpt><trkpt lat="22.53644883" lon="114.18319511"><ele>257.98223876953125</ele><time>2017-11-18T06:34:42Z</time></trkpt><trkpt lat="22.53646029" lon="114.18322506"><ele>255.291015625</ele><time>2017-11-18T06:34:44Z</time></trkpt><trkpt lat="22.53647106" lon="114.1832469"><ele>256.014892578125</ele><time>2017-11-18T06:34:46Z</time></trkpt><trkpt lat="22.53648429" lon="114.1832615"><ele>254.814453125</ele><time>2017-11-18T06:34:48Z</time></trkpt><trkpt lat="22.53650161" lon="114.18327123"><ele>253.00616455078125</ele><time>2017-11-18T06:34:51Z</time></trkpt><trkpt lat="22.53651992" lon="114.18327645"><ele>255.0570068359375</ele><time>2017-11-18T06:34:56Z</time></trkpt><trkpt lat="22.53653765" lon="114.18329609"><ele>254.9202880859375</ele><time>2017-11-18T06:34:59Z</time></trkpt><trkpt lat="22.53655075" lon="114.18331135"><ele>256.09283447265625</ele><time>2017-11-18T06:35:01Z</time></trkpt><trkpt lat="22.53656843" lon="114.18332592"><ele>259.2685546875</ele><time>2017-11-18T06:35:03Z</time></trkpt><trkpt lat="22.53659176" lon="114.18334347"><ele>258.086181640625</ele><time>2017-11-18T06:35:06Z</time></trkpt><trkpt lat="22.53660851" lon="114.18335662"><ele>259.1705322265625</ele><time>2017-11-18T06:35:08Z</time></trkpt><trkpt lat="22.53662489" lon="114.18337401"><ele>257.91845703125</ele><time>2017-11-18T06:35:11Z</time></trkpt><trkpt lat="22.53664352" lon="114.18339224"><ele>261.78271484375</ele><time>2017-11-18T06:35:23Z</time></trkpt><trkpt lat="22.53665675" lon="114.18341427"><ele>263.84075927734375</ele><time>2017-11-18T06:35:27Z</time></trkpt><trkpt lat="22.53665813" lon="114.18343631"><ele>266.445068359375</ele><time>2017-11-18T06:35:29Z</time></trkpt><trkpt lat="22.53665498" lon="114.18346729"><ele>267.7095947265625</ele><time>2017-11-18T06:35:31Z</time></trkpt><trkpt lat="22.53665877" lon="114.18349182"><ele>270.99896240234375</ele><time>2017-11-18T06:35:33Z</time></trkpt><trkpt lat="22.53666567" lon="114.18351364"><ele>270.20770263671875</ele><time>2017-11-18T06:35:35Z</time></trkpt><trkpt lat="22.53667178" lon="114.18354104"><ele>271.20281982421875</ele><time>2017-11-18T06:35:37Z</time></trkpt><trkpt lat="22.53667894" lon="114.18356828"><ele>273.70916748046875</ele><time>2017-11-18T06:35:39Z</time></trkpt><trkpt lat="22.53668329" lon="114.18359"><ele>274.3438720703125</ele><time>2017-11-18T06:35:41Z</time></trkpt><trkpt lat="22.536687" lon="114.18361136"><ele>276.3179931640625</ele><time>2017-11-18T06:35:43Z</time></trkpt><trkpt lat="22.53669244" lon="114.18363365"><ele>277.6749267578125</ele><time>2017-11-18T06:35:46Z</time></trkpt><trkpt lat="22.53667787" lon="114.18364632"><ele>276.1805419921875</ele><time>2017-11-18T06:36:01Z</time></trkpt><trkpt lat="22.53669108" lon="114.18366624"><ele>278.055419921875</ele><time>2017-11-18T06:37:30Z</time></trkpt><trkpt lat="22.53669673" lon="114.18369454"><ele>279.114990234375</ele><time>2017-11-18T06:37:33Z</time></trkpt><trkpt lat="22.53670569" lon="114.18371293"><ele>278.5184326171875</ele><time>2017-11-18T06:37:35Z</time></trkpt><trkpt lat="22.53671546" lon="114.18373299"><ele>277.4766845703125</ele><time>2017-11-18T06:37:38Z</time></trkpt><trkpt lat="22.53671796" lon="114.18375282"><ele>278.28533935546875</ele><time>2017-11-18T06:37:41Z</time></trkpt><trkpt lat="22.53670879" lon="114.18377624"><ele>280.531982421875</ele><time>2017-11-18T06:37:43Z</time></trkpt><trkpt lat="22.53670029" lon="114.18380207"><ele>280.6319580078125</ele><time>2017-11-18T06:37:45Z</time></trkpt><trkpt lat="22.53668552" lon="114.18382266"><ele>280.41064453125</ele><time>2017-11-18T06:37:48Z</time></trkpt><trkpt lat="22.53667375" lon="114.18384326"><ele>282.0345458984375</ele><time>2017-11-18T06:37:50Z</time></trkpt><trkpt lat="22.53666808" lon="114.18386407"><ele>280.892578125</ele><time>2017-11-18T06:37:52Z</time></trkpt><trkpt lat="22.53668099" lon="114.18388411"><ele>281.6944580078125</ele><time>2017-11-18T06:37:57Z</time></trkpt><trkpt lat="22.53668651" lon="114.18390454"><ele>283.394775390625</ele><time>2017-11-18T06:37:58Z</time></trkpt><trkpt lat="22.5366935" lon="114.18393231"><ele>283.1485595703125</ele><time>2017-11-18T06:38:00Z</time></trkpt><trkpt lat="22.53671076" lon="114.18396901"><ele>283.55615234375</ele><time>2017-11-18T06:38:02Z</time></trkpt><trkpt lat="22.53672054" lon="114.1839893"><ele>283.5753173828125</ele><time>2017-11-18T06:38:03Z</time></trkpt><trkpt lat="22.53672692" lon="114.18401876"><ele>283.3685302734375</ele><time>2017-11-18T06:38:05Z</time></trkpt><trkpt lat="22.53672389" lon="114.18404256"><ele>283.350341796875</ele><time>2017-11-18T06:38:08Z</time></trkpt><trkpt lat="22.53672054" lon="114.18407054"><ele>282.8929443359375</ele><time>2017-11-18T06:38:10Z</time></trkpt><trkpt lat="22.53671833" lon="114.18409637"><ele>282.2366943359375</ele><time>2017-11-18T06:38:12Z</time></trkpt><trkpt lat="22.53670866" lon="114.18412704"><ele>283.419921875</ele><time>2017-11-18T06:38:14Z</time></trkpt><trkpt lat="22.53670238" lon="114.1841532"><ele>284.4993896484375</ele><time>2017-11-18T06:38:16Z</time></trkpt><trkpt lat="22.5366924" lon="114.18417648"><ele>284.2967529296875</ele><time>2017-11-18T06:38:18Z</time></trkpt><trkpt lat="22.53667812" lon="114.18419999"><ele>283.55615234375</ele><time>2017-11-18T06:38:20Z</time></trkpt><trkpt lat="22.53665993" lon="114.18422993"><ele>283.5211181640625</ele><time>2017-11-18T06:38:22Z</time></trkpt><trkpt lat="22.5366447" lon="114.18426279"><ele>283.60064697265625</ele><time>2017-11-18T06:38:24Z</time></trkpt><trkpt lat="22.53663142" lon="114.1842885"><ele>282.08984375</ele><time>2017-11-18T06:38:26Z</time></trkpt><trkpt lat="22.53662391" lon="114.18430631"><ele>282.2305908203125</ele><time>2017-11-18T06:38:28Z</time></trkpt><trkpt lat="22.53660838" lon="114.18432655"><ele>284.12823486328125</ele><time>2017-11-18T06:38:32Z</time></trkpt><trkpt lat="22.53659142" lon="114.18434893"><ele>285.03472900390625</ele><time>2017-11-18T06:38:34Z</time></trkpt><trkpt lat="22.53657636" lon="114.18436766"><ele>286.7894287109375</ele><time>2017-11-18T06:38:36Z</time></trkpt><trkpt lat="22.53656449" lon="114.18438939"><ele>285.079345703125</ele><time>2017-11-18T06:38:38Z</time></trkpt><trkpt lat="22.5365563" lon="114.18440689"><ele>286.6260986328125</ele><time>2017-11-18T06:38:40Z</time></trkpt><trkpt lat="22.53653521" lon="114.1844219"><ele>283.5284423828125</ele><time>2017-11-18T06:38:43Z</time></trkpt><trkpt lat="22.53651685" lon="114.18444158"><ele>282.4461669921875</ele><time>2017-11-18T06:38:46Z</time></trkpt><trkpt lat="22.53651118" lon="114.18446059"><ele>284.21881103515625</ele><time>2017-11-18T06:38:48Z</time></trkpt><trkpt lat="22.53649455" lon="114.18447683"><ele>285.1226806640625</ele><time>2017-11-18T06:38:51Z</time></trkpt><trkpt lat="22.53647346" lon="114.18449986"><ele>285.30908203125</ele><time>2017-11-18T06:38:54Z</time></trkpt><trkpt lat="22.53645661" lon="114.18451337"><ele>286.77252197265625</ele><time>2017-11-18T06:38:57Z</time></trkpt><trkpt lat="22.53643597" lon="114.18452353"><ele>286.8270263671875</ele><time>2017-11-18T06:39:00Z</time></trkpt><trkpt lat="22.53641781" lon="114.18453797"><ele>287.25592041015625</ele><time>2017-11-18T06:39:02Z</time></trkpt><trkpt lat="22.53640329" lon="114.18455423"><ele>286.34423828125</ele><time>2017-11-18T06:39:04Z</time></trkpt><trkpt lat="22.53639551" lon="114.1845719"><ele>286.3560791015625</ele><time>2017-11-18T06:39:06Z</time></trkpt><trkpt lat="22.5363901" lon="114.18460144"><ele>286.9779052734375</ele><time>2017-11-18T06:39:08Z</time></trkpt><trkpt lat="22.53638303" lon="114.18462766"><ele>288.6754150390625</ele><time>2017-11-18T06:39:11Z</time></trkpt><trkpt lat="22.53638415" lon="114.18465538"><ele>287.90673828125</ele><time>2017-11-18T06:39:13Z</time></trkpt><trkpt lat="22.5363892" lon="114.18467901"><ele>288.6197509765625</ele><time>2017-11-18T06:39:15Z</time></trkpt><trkpt lat="22.53638478" lon="114.18470881"><ele>290.5902099609375</ele><time>2017-11-18T06:39:18Z</time></trkpt><trkpt lat="22.53638739" lon="114.18473964"><ele>290.7530517578125</ele><time>2017-11-18T06:39:20Z</time></trkpt><trkpt lat="22.53639019" lon="114.18476"><ele>290.917724609375</ele><time>2017-11-18T06:39:22Z</time></trkpt><trkpt lat="22.5363888" lon="114.18477992"><ele>292.18017578125</ele><time>2017-11-18T06:39:24Z</time></trkpt><trkpt lat="22.53638673" lon="114.18480323"><ele>292.44036865234375</ele><time>2017-11-18T06:39:26Z</time></trkpt><trkpt lat="22.53638943" lon="114.18483033"><ele>293.7254638671875</ele><time>2017-11-18T06:39:29Z</time></trkpt><trkpt lat="22.53638496" lon="114.18485864"><ele>295.0792236328125</ele><time>2017-11-18T06:39:31Z</time></trkpt><trkpt lat="22.53638405" lon="114.18488602"><ele>295.781982421875</ele><time>2017-11-18T06:39:33Z</time></trkpt><trkpt lat="22.53639124" lon="114.18490715"><ele>296.786376953125</ele><time>2017-11-18T06:39:35Z</time></trkpt><trkpt lat="22.53639924" lon="114.18493638"><ele>297.6893310546875</ele><time>2017-11-18T06:39:37Z</time></trkpt><trkpt lat="22.53640614" lon="114.18495502"><ele>298.0660400390625</ele><time>2017-11-18T06:39:39Z</time></trkpt><trkpt lat="22.53641473" lon="114.18497743"><ele>298.16845703125</ele><time>2017-11-18T06:39:41Z</time></trkpt><trkpt lat="22.53642064" lon="114.18499827"><ele>298.5018310546875</ele><time>2017-11-18T06:39:43Z</time></trkpt><trkpt lat="22.53642512" lon="114.18502113"><ele>300.3685302734375</ele><time>2017-11-18T06:39:46Z</time></trkpt><trkpt lat="22.53642775" lon="114.18504625"><ele>301.5220947265625</ele><time>2017-11-18T06:39:48Z</time></trkpt><trkpt lat="22.53643837" lon="114.18506673"><ele>302.43328857421875</ele><time>2017-11-18T06:39:51Z</time></trkpt><trkpt lat="22.53644648" lon="114.18508618"><ele>303.7974853515625</ele><time>2017-11-18T06:39:53Z</time></trkpt><trkpt lat="22.53645393" lon="114.1851096"><ele>303.44232177734375</ele><time>2017-11-18T06:39:55Z</time></trkpt><trkpt lat="22.53646359" lon="114.18513993"><ele>304.441162109375</ele><time>2017-11-18T06:39:58Z</time></trkpt><trkpt lat="22.53647231" lon="114.18516216"><ele>303.68927001953125</ele><time>2017-11-18T06:40:00Z</time></trkpt><trkpt lat="22.53648372" lon="114.18518326"><ele>304.012451171875</ele><time>2017-11-18T06:40:02Z</time></trkpt><trkpt lat="22.53649539" lon="114.18520465"><ele>304.448486328125</ele><time>2017-11-18T06:40:04Z</time></trkpt><trkpt lat="22.53650807" lon="114.18523283"><ele>303.283203125</ele><time>2017-11-18T06:40:06Z</time></trkpt><trkpt lat="22.53651702" lon="114.18525469"><ele>303.0750732421875</ele><time>2017-11-18T06:40:09Z</time></trkpt><trkpt lat="22.53652486" lon="114.18527494"><ele>303.28277587890625</ele><time>2017-11-18T06:40:11Z</time></trkpt><trkpt lat="22.53653325" lon="114.18529759"><ele>302.613525390625</ele><time>2017-11-18T06:40:14Z</time></trkpt><trkpt lat="22.5365485" lon="114.18531247"><ele>302.329345703125</ele><time>2017-11-18T06:40:16Z</time></trkpt><trkpt lat="22.5365623" lon="114.18532771"><ele>302.35009765625</ele><time>2017-11-18T06:40:19Z</time></trkpt><trkpt lat="22.53657925" lon="114.18533855"><ele>302.63861083984375</ele><time>2017-11-18T06:40:26Z</time></trkpt><trkpt lat="22.53660517" lon="114.18534761"><ele>302.9412841796875</ele><time>2017-11-18T06:40:29Z</time></trkpt><trkpt lat="22.53662167" lon="114.18535547"><ele>301.76806640625</ele><time>2017-11-18T06:40:31Z</time></trkpt><trkpt lat="22.53664219" lon="114.18535559"><ele>301.96929931640625</ele><time>2017-11-18T06:40:33Z</time></trkpt><trkpt lat="22.53665976" lon="114.18535988"><ele>302.51904296875</ele><time>2017-11-18T06:40:36Z</time></trkpt><trkpt lat="22.53667313" lon="114.18537328"><ele>302.129638671875</ele><time>2017-11-18T06:40:47Z</time></trkpt><trkpt lat="22.53669859" lon="114.18537676"><ele>302.3089599609375</ele><time>2017-11-18T06:40:49Z</time></trkpt><trkpt lat="22.53671881" lon="114.18537839"><ele>303.8992919921875</ele><time>2017-11-18T06:40:51Z</time></trkpt><trkpt lat="22.5367371" lon="114.18537463"><ele>303.39483642578125</ele><time>2017-11-18T06:40:53Z</time></trkpt><trkpt lat="22.53675678" lon="114.18536835"><ele>303.233154296875</ele><time>2017-11-18T06:40:55Z</time></trkpt><trkpt lat="22.53677544" lon="114.18536197"><ele>303.3988037109375</ele><time>2017-11-18T06:40:57Z</time></trkpt><trkpt lat="22.53679095" lon="114.18534813"><ele>302.8931884765625</ele><time>2017-11-18T06:40:59Z</time></trkpt><trkpt lat="22.53680372" lon="114.18533327"><ele>303.781982421875</ele><time>2017-11-18T06:41:01Z</time></trkpt><trkpt lat="22.53681638" lon="114.18531654"><ele>303.195068359375</ele><time>2017-11-18T06:41:03Z</time></trkpt><trkpt lat="22.53682601" lon="114.18529703"><ele>304.3955078125</ele><time>2017-11-18T06:41:05Z</time></trkpt><trkpt lat="22.53683784" lon="114.18527777"><ele>304.909423828125</ele><time>2017-11-18T06:41:07Z</time></trkpt><trkpt lat="22.5368549" lon="114.18525889"><ele>308.1221923828125</ele><time>2017-11-18T06:41:10Z</time></trkpt><trkpt lat="22.53687147" lon="114.18523391"><ele>307.9576416015625</ele><time>2017-11-18T06:41:13Z</time></trkpt><trkpt lat="22.53688651" lon="114.18521543"><ele>306.8363037109375</ele><time>2017-11-18T06:41:15Z</time></trkpt><trkpt lat="22.53690042" lon="114.1851973"><ele>306.84814453125</ele><time>2017-11-18T06:41:17Z</time></trkpt><trkpt lat="22.53691875" lon="114.18517954"><ele>306.68994140625</ele><time>2017-11-18T06:41:19Z</time></trkpt><trkpt lat="22.53694008" lon="114.18516255"><ele>307.82147216796875</ele><time>2017-11-18T06:41:22Z</time></trkpt><trkpt lat="22.53696044" lon="114.18515942"><ele>309.931640625</ele><time>2017-11-18T06:41:25Z</time></trkpt><trkpt lat="22.53697901" lon="114.18515817"><ele>310.48779296875</ele><time>2017-11-18T06:41:27Z</time></trkpt><trkpt lat="22.53700561" lon="114.18516352"><ele>309.98046875</ele><time>2017-11-18T06:41:30Z</time></trkpt><trkpt lat="22.537023" lon="114.18517333"><ele>308.75238037109375</ele><time>2017-11-18T06:41:32Z</time></trkpt><trkpt lat="22.53704579" lon="114.18518045"><ele>308.60577392578125</ele><time>2017-11-18T06:41:34Z</time></trkpt><trkpt lat="22.53706538" lon="114.18518522"><ele>309.0440673828125</ele><time>2017-11-18T06:41:36Z</time></trkpt><trkpt lat="22.53708669" lon="114.18520012"><ele>306.9171142578125</ele><time>2017-11-18T06:41:39Z</time></trkpt><trkpt lat="22.53710021" lon="114.18521344"><ele>307.58734130859375</ele><time>2017-11-18T06:41:41Z</time></trkpt><trkpt lat="22.53711661" lon="114.18522339"><ele>307.8201904296875</ele><time>2017-11-18T06:41:45Z</time></trkpt><trkpt lat="22.53713735" lon="114.18523522"><ele>309.937255859375</ele><time>2017-11-18T06:41:52Z</time></trkpt><trkpt lat="22.53715755" lon="114.18524625"><ele>311.5802001953125</ele><time>2017-11-18T06:41:55Z</time></trkpt><trkpt lat="22.5371746" lon="114.18526828"><ele>310.8026123046875</ele><time>2017-11-18T06:41:58Z</time></trkpt><trkpt lat="22.53719262" lon="114.18528413"><ele>312.5845947265625</ele><time>2017-11-18T06:42:01Z</time></trkpt><trkpt lat="22.53720912" lon="114.18529296"><ele>314.1341552734375</ele><time>2017-11-18T06:42:03Z</time></trkpt><trkpt lat="22.53722601" lon="114.18530033"><ele>314.6378173828125</ele><time>2017-11-18T06:42:05Z</time></trkpt><trkpt lat="22.53724759" lon="114.18531245"><ele>315.51788330078125</ele><time>2017-11-18T06:42:08Z</time></trkpt><trkpt lat="22.53726423" lon="114.1853249"><ele>315.611328125</ele><time>2017-11-18T06:42:10Z</time></trkpt><trkpt lat="22.53728249" lon="114.18533994"><ele>316.18310546875</ele><time>2017-11-18T06:42:12Z</time></trkpt><trkpt lat="22.53729937" lon="114.18535389"><ele>316.84375</ele><time>2017-11-18T06:42:14Z</time></trkpt><trkpt lat="22.53731664" lon="114.18536925"><ele>318.001953125</ele><time>2017-11-18T06:42:17Z</time></trkpt><trkpt lat="22.53733374" lon="114.18537816"><ele>318.63372802734375</ele><time>2017-11-18T06:42:20Z</time></trkpt><trkpt lat="22.5373574" lon="114.18538147"><ele>319.6588134765625</ele><time>2017-11-18T06:42:25Z</time></trkpt><trkpt lat="22.53738097" lon="114.18539194"><ele>320.32745361328125</ele><time>2017-11-18T06:42:28Z</time></trkpt><trkpt lat="22.53740565" lon="114.18540516"><ele>320.7900390625</ele><time>2017-11-18T06:42:30Z</time></trkpt><trkpt lat="22.53743243" lon="114.18541233"><ele>320.96051025390625</ele><time>2017-11-18T06:42:33Z</time></trkpt><trkpt lat="22.53744964" lon="114.1854268"><ele>320.77923583984375</ele><time>2017-11-18T06:42:37Z</time></trkpt><trkpt lat="22.53747079" lon="114.18543217"><ele>320.9837646484375</ele><time>2017-11-18T06:42:39Z</time></trkpt><trkpt lat="22.53749612" lon="114.18543831"><ele>320.92181396484375</ele><time>2017-11-18T06:42:42Z</time></trkpt><trkpt lat="22.53751653" lon="114.18544389"><ele>320.4307861328125</ele><time>2017-11-18T06:42:44Z</time></trkpt><trkpt lat="22.53753732" lon="114.18545294"><ele>319.1669921875</ele><time>2017-11-18T06:42:46Z</time></trkpt><trkpt lat="22.5375532" lon="114.18546208"><ele>319.8040771484375</ele><time>2017-11-18T06:42:48Z</time></trkpt><trkpt lat="22.53756889" lon="114.18547215"><ele>318.28753662109375</ele><time>2017-11-18T06:42:50Z</time></trkpt><trkpt lat="22.5375909" lon="114.18548894"><ele>316.975341796875</ele><time>2017-11-18T06:42:53Z</time></trkpt><trkpt lat="22.53760549" lon="114.18550254"><ele>317.86187744140625</ele><time>2017-11-18T06:42:55Z</time></trkpt><trkpt lat="22.53762452" lon="114.18552206"><ele>320.4315185546875</ele><time>2017-11-18T06:42:58Z</time></trkpt><trkpt lat="22.53764503" lon="114.18552626"><ele>323.1531982421875</ele><time>2017-11-18T06:43:01Z</time></trkpt><trkpt lat="22.53766687" lon="114.18552549"><ele>321.5465087890625</ele><time>2017-11-18T06:43:04Z</time></trkpt><trkpt lat="22.53768528" lon="114.18552985"><ele>321.0621337890625</ele><time>2017-11-18T06:43:06Z</time></trkpt><trkpt lat="22.53770814" lon="114.18552895"><ele>321.66046142578125</ele><time>2017-11-18T06:43:09Z</time></trkpt><trkpt lat="22.53772685" lon="114.18553161"><ele>323.95263671875</ele><time>2017-11-18T06:43:13Z</time></trkpt><trkpt lat="22.53774414" lon="114.18554163"><ele>324.5009765625</ele><time>2017-11-18T06:43:18Z</time></trkpt><trkpt lat="22.53777059" lon="114.18554032"><ele>326.79803466796875</ele><time>2017-11-18T06:43:24Z</time></trkpt><trkpt lat="22.53779007" lon="114.18554131"><ele>326.09710693359375</ele><time>2017-11-18T06:43:27Z</time></trkpt><trkpt lat="22.53780828" lon="114.18554585"><ele>325.42523193359375</ele><time>2017-11-18T06:43:29Z</time></trkpt><trkpt lat="22.53783055" lon="114.185552"><ele>326.44287109375</ele><time>2017-11-18T06:43:31Z</time></trkpt><trkpt lat="22.53785183" lon="114.18555964"><ele>325.1734619140625</ele><time>2017-11-18T06:43:33Z</time></trkpt><trkpt lat="22.5378728" lon="114.18556482"><ele>324.9310302734375</ele><time>2017-11-18T06:43:35Z</time></trkpt><trkpt lat="22.53789722" lon="114.18557274"><ele>321.7620849609375</ele><time>2017-11-18T06:43:40Z</time></trkpt><trkpt lat="22.53792136" lon="114.18557725"><ele>323.70556640625</ele><time>2017-11-18T06:43:42Z</time></trkpt><trkpt lat="22.53793933" lon="114.18558413"><ele>323.03271484375</ele><time>2017-11-18T06:43:44Z</time></trkpt><trkpt lat="22.53795965" lon="114.18558818"><ele>322.352294921875</ele><time>2017-11-18T06:43:46Z</time></trkpt><trkpt lat="22.53798087" lon="114.18558175"><ele>322.4698486328125</ele><time>2017-11-18T06:43:50Z</time></trkpt><trkpt lat="22.53799993" lon="114.1855805"><ele>325.10693359375</ele><time>2017-11-18T06:43:52Z</time></trkpt><trkpt lat="22.53802272" lon="114.18557476"><ele>326.83642578125</ele><time>2017-11-18T06:43:56Z</time></trkpt><trkpt lat="22.53804669" lon="114.185581"><ele>326.9649658203125</ele><time>2017-11-18T06:43:58Z</time></trkpt><trkpt lat="22.53806463" lon="114.18558392"><ele>328.1107177734375</ele><time>2017-11-18T06:44:00Z</time></trkpt><trkpt lat="22.53809105" lon="114.18558896"><ele>328.7059326171875</ele><time>2017-11-18T06:44:02Z</time></trkpt><trkpt lat="22.538109" lon="114.1855914"><ele>328.86834716796875</ele><time>2017-11-18T06:44:03Z</time></trkpt><trkpt lat="22.53813066" lon="114.18559197"><ele>329.780517578125</ele><time>2017-11-18T06:44:06Z</time></trkpt><trkpt lat="22.53815349" lon="114.185592"><ele>331.18707275390625</ele><time>2017-11-18T06:44:09Z</time></trkpt><trkpt lat="22.53817603" lon="114.18558974"><ele>332.4185791015625</ele><time>2017-11-18T06:44:13Z</time></trkpt><trkpt lat="22.53819798" lon="114.18559628"><ele>333.8072509765625</ele><time>2017-11-18T06:44:17Z</time></trkpt><trkpt lat="22.53822336" lon="114.18559389"><ele>334.5660400390625</ele><time>2017-11-18T06:44:20Z</time></trkpt><trkpt lat="22.53824325" lon="114.18558824"><ele>335.20068359375</ele><time>2017-11-18T06:44:22Z</time></trkpt><trkpt lat="22.53827037" lon="114.18559218"><ele>334.6083984375</ele><time>2017-11-18T06:44:25Z</time></trkpt><trkpt lat="22.53828872" lon="114.18558541"><ele>335.258544921875</ele><time>2017-11-18T06:44:27Z</time></trkpt><trkpt lat="22.53831049" lon="114.18556905"><ele>335.9306640625</ele><time>2017-11-18T06:44:29Z</time></trkpt><trkpt lat="22.5383266" lon="114.18555597"><ele>335.194580078125</ele><time>2017-11-18T06:44:31Z</time></trkpt><trkpt lat="22.53834662" lon="114.18553233"><ele>335.15411376953125</ele><time>2017-11-18T06:44:34Z</time></trkpt><trkpt lat="22.53835527" lon="114.18550654"><ele>337.34759521484375</ele><time>2017-11-18T06:44:37Z</time></trkpt><trkpt lat="22.53836253" lon="114.18548449"><ele>338.38214111328125</ele><time>2017-11-18T06:44:39Z</time></trkpt><trkpt lat="22.53836987" lon="114.18546413"><ele>339.037353515625</ele><time>2017-11-18T06:44:41Z</time></trkpt><trkpt lat="22.53837965" lon="114.18544058"><ele>339.04583740234375</ele><time>2017-11-18T06:44:43Z</time></trkpt><trkpt lat="22.53839049" lon="114.18542059"><ele>340.226318359375</ele><time>2017-11-18T06:44:46Z</time></trkpt><trkpt lat="22.53840418" lon="114.18540116"><ele>342.6065673828125</ele><time>2017-11-18T06:44:53Z</time></trkpt><trkpt lat="22.53842509" lon="114.18540431"><ele>341.83489990234375</ele><time>2017-11-18T06:44:55Z</time></trkpt><trkpt lat="22.53844694" lon="114.18541904"><ele>343.32489013671875</ele><time>2017-11-18T06:44:57Z</time></trkpt><trkpt lat="22.53846581" lon="114.18543723"><ele>342.20074462890625</ele><time>2017-11-18T06:44:59Z</time></trkpt><trkpt lat="22.53848783" lon="114.18545689"><ele>341.9124755859375</ele><time>2017-11-18T06:45:01Z</time></trkpt><trkpt lat="22.5385012" lon="114.18547921"><ele>342.33447265625</ele><time>2017-11-18T06:45:04Z</time></trkpt><trkpt lat="22.5385086" lon="114.18549909"><ele>341.3414306640625</ele><time>2017-11-18T06:45:06Z</time></trkpt><trkpt lat="22.53851787" lon="114.18551677"><ele>339.666015625</ele><time>2017-11-18T06:45:08Z</time></trkpt><trkpt lat="22.53852752" lon="114.18553421"><ele>341.1036376953125</ele><time>2017-11-18T06:45:10Z</time></trkpt><trkpt lat="22.53853528" lon="114.18555407"><ele>342.5511474609375</ele><time>2017-11-18T06:45:12Z</time></trkpt><trkpt lat="22.53854815" lon="114.18557736"><ele>343.61016845703125</ele><time>2017-11-18T06:45:15Z</time></trkpt><trkpt lat="22.53855888" lon="114.18559327"><ele>344.8824462890625</ele><time>2017-11-18T06:45:17Z</time></trkpt><trkpt lat="22.53857452" lon="114.18561113"><ele>344.13067626953125</ele><time>2017-11-18T06:45:19Z</time></trkpt><trkpt lat="22.53858923" lon="114.18562595"><ele>344.3778076171875</ele><time>2017-11-18T06:45:21Z</time></trkpt><trkpt lat="22.53860485" lon="114.18564847"><ele>345.285888671875</ele><time>2017-11-18T06:45:24Z</time></trkpt><trkpt lat="22.53862272" lon="114.18566497"><ele>345.4464111328125</ele><time>2017-11-18T06:45:26Z</time></trkpt><trkpt lat="22.53863903" lon="114.18568003"><ele>347.06744384765625</ele><time>2017-11-18T06:45:28Z</time></trkpt><trkpt lat="22.5386524" lon="114.18569574"><ele>349.13702392578125</ele><time>2017-11-18T06:45:30Z</time></trkpt><trkpt lat="22.53867055" lon="114.18570247"><ele>350.1900634765625</ele><time>2017-11-18T06:45:35Z</time></trkpt><trkpt lat="22.53869262" lon="114.18570625"><ele>350.1361083984375</ele><time>2017-11-18T06:45:38Z</time></trkpt><trkpt lat="22.53872185" lon="114.18570711"><ele>350.2607421875</ele><time>2017-11-18T06:45:41Z</time></trkpt><trkpt lat="22.538741" lon="114.18572727"><ele>349.47735595703125</ele><time>2017-11-18T06:45:43Z</time></trkpt><trkpt lat="22.53875424" lon="114.18574647"><ele>348.9501953125</ele><time>2017-11-18T06:45:45Z</time></trkpt><trkpt lat="22.53876964" lon="114.18577122"><ele>349.176025390625</ele><time>2017-11-18T06:45:47Z</time></trkpt><trkpt lat="22.53878749" lon="114.18579487"><ele>350.9066162109375</ele><time>2017-11-18T06:45:50Z</time></trkpt><trkpt lat="22.53880147" lon="114.18580824"><ele>352.01922607421875</ele><time>2017-11-18T06:45:52Z</time></trkpt><trkpt lat="22.53881908" lon="114.18582922"><ele>356.2557373046875</ele><time>2017-11-18T06:45:55Z</time></trkpt><trkpt lat="22.53883763" lon="114.18585448"><ele>356.9434814453125</ele><time>2017-11-18T06:45:58Z</time></trkpt><trkpt lat="22.53885231" lon="114.18587393"><ele>357.88714599609375</ele><time>2017-11-18T06:46:00Z</time></trkpt><trkpt lat="22.53886562" lon="114.18588727"><ele>357.78546142578125</ele><time>2017-11-18T06:46:02Z</time></trkpt><trkpt lat="22.53888218" lon="114.1859083"><ele>360.171875</ele><time>2017-11-18T06:46:04Z</time></trkpt><trkpt lat="22.53889669" lon="114.18592808"><ele>358.25048828125</ele><time>2017-11-18T06:46:06Z</time></trkpt><trkpt lat="22.5389142" lon="114.18594851"><ele>359.705078125</ele><time>2017-11-18T06:46:09Z</time></trkpt><trkpt lat="22.53893182" lon="114.18596596"><ele>360.4954833984375</ele><time>2017-11-18T06:46:11Z</time></trkpt><trkpt lat="22.53895416" lon="114.18598653"><ele>362.75811767578125</ele><time>2017-11-18T06:46:14Z</time></trkpt><trkpt lat="22.53897282" lon="114.18600168"><ele>361.92901611328125</ele><time>2017-11-18T06:46:21Z</time></trkpt><trkpt lat="22.53898718" lon="114.18601674"><ele>361.9017333984375</ele><time>2017-11-18T06:46:23Z</time></trkpt><trkpt lat="22.53899843" lon="114.18603637"><ele>361.992431640625</ele><time>2017-11-18T06:46:26Z</time></trkpt><trkpt lat="22.53901143" lon="114.18606118"><ele>362.4136962890625</ele><time>2017-11-18T06:46:30Z</time></trkpt><trkpt lat="22.53902316" lon="114.18608295"><ele>362.52734375</ele><time>2017-11-18T06:46:33Z</time></trkpt><trkpt lat="22.53902868" lon="114.18610925"><ele>361.979736328125</ele><time>2017-11-18T06:46:38Z</time></trkpt><trkpt lat="22.53900977" lon="114.18611595"><ele>362.910888671875</ele><time>2017-11-18T06:46:44Z</time></trkpt><trkpt lat="22.53898997" lon="114.1861154"><ele>368.69329833984375</ele><time>2017-11-18T06:47:34Z</time></trkpt><trkpt lat="22.53900631" lon="114.18610248"><ele>368.85882568359375</ele><time>2017-11-18T06:47:45Z</time></trkpt><trkpt lat="22.53900231" lon="114.18612175"><ele>369.6915283203125</ele><time>2017-11-18T06:48:39Z</time></trkpt><trkpt lat="22.53901338" lon="114.18610629"><ele>367.0552978515625</ele><time>2017-11-18T06:49:01Z</time></trkpt><trkpt lat="22.53902627" lon="114.18612056"><ele>366.66925048828125</ele><time>2017-11-18T06:49:04Z</time></trkpt><trkpt lat="22.53904682" lon="114.18613655"><ele>366.4013671875</ele><time>2017-11-18T06:49:07Z</time></trkpt><trkpt lat="22.53906219" lon="114.1861541"><ele>365.2490234375</ele><time>2017-11-18T06:49:09Z</time></trkpt><trkpt lat="22.53907585" lon="114.18617427"><ele>365.5018310546875</ele><time>2017-11-18T06:49:11Z</time></trkpt><trkpt lat="22.53909153" lon="114.18619509"><ele>365.4981689453125</ele><time>2017-11-18T06:49:13Z</time></trkpt><trkpt lat="22.53910497" lon="114.1862156"><ele>365.6546630859375</ele><time>2017-11-18T06:49:16Z</time></trkpt><trkpt lat="22.53911857" lon="114.18623282"><ele>366.62310791015625</ele><time>2017-11-18T06:49:18Z</time></trkpt><trkpt lat="22.5391362" lon="114.18625426"><ele>366.71319580078125</ele><time>2017-11-18T06:49:21Z</time></trkpt><trkpt lat="22.53915565" lon="114.18627411"><ele>366.9405517578125</ele><time>2017-11-18T06:49:23Z</time></trkpt><trkpt lat="22.53917243" lon="114.18629571"><ele>366.646240234375</ele><time>2017-11-18T06:49:25Z</time></trkpt><trkpt lat="22.53918705" lon="114.18630899"><ele>365.6500244140625</ele><time>2017-11-18T06:49:27Z</time></trkpt><trkpt lat="22.53920697" lon="114.1863254"><ele>365.2110595703125</ele><time>2017-11-18T06:49:31Z</time></trkpt><trkpt lat="22.53921851" lon="114.18634105"><ele>366.0238037109375</ele><time>2017-11-18T06:49:33Z</time></trkpt><trkpt lat="22.53923319" lon="114.18635372"><ele>366.4716796875</ele><time>2017-11-18T06:49:35Z</time></trkpt><trkpt lat="22.5392535" lon="114.18636565"><ele>365.9908447265625</ele><time>2017-11-18T06:49:37Z</time></trkpt><trkpt lat="22.53927609" lon="114.18638173"><ele>365.73846435546875</ele><time>2017-11-18T06:49:39Z</time></trkpt><trkpt lat="22.53929102" lon="114.18639344"><ele>366.5244140625</ele><time>2017-11-18T06:49:41Z</time></trkpt><trkpt lat="22.53931014" lon="114.18640466"><ele>366.67535400390625</ele><time>2017-11-18T06:49:43Z</time></trkpt><trkpt lat="22.53932093" lon="114.18642359"><ele>366.2509765625</ele><time>2017-11-18T06:49:45Z</time></trkpt><trkpt lat="22.5393472" lon="114.18644839"><ele>367.92767333984375</ele><time>2017-11-18T06:49:48Z</time></trkpt><trkpt lat="22.53936946" lon="114.18646227"><ele>368.9837646484375</ele><time>2017-11-18T06:49:50Z</time></trkpt><trkpt lat="22.53939379" lon="114.18647637"><ele>369.32659912109375</ele><time>2017-11-18T06:49:53Z</time></trkpt><trkpt lat="22.53941049" lon="114.18649301"><ele>369.4609375</ele><time>2017-11-18T06:49:55Z</time></trkpt><trkpt lat="22.53942373" lon="114.18651024"><ele>369.6976318359375</ele><time>2017-11-18T06:49:57Z</time></trkpt><trkpt lat="22.53943819" lon="114.18652233"><ele>370.46673583984375</ele><time>2017-11-18T06:50:02Z</time></trkpt><trkpt lat="22.53944755" lon="114.18654123"><ele>372.33612060546875</ele><time>2017-11-18T06:50:05Z</time></trkpt><trkpt lat="22.53945434" lon="114.18656508"><ele>372.752197265625</ele><time>2017-11-18T06:50:08Z</time></trkpt><trkpt lat="22.53945821" lon="114.1865857"><ele>372.9344482421875</ele><time>2017-11-18T06:50:10Z</time></trkpt><trkpt lat="22.53946011" lon="114.18660912"><ele>373.017333984375</ele><time>2017-11-18T06:50:12Z</time></trkpt><trkpt lat="22.53945366" lon="114.18664"><ele>373.04638671875</ele><time>2017-11-18T06:50:15Z</time></trkpt><trkpt lat="22.53945254" lon="114.18666412"><ele>375.02880859375</ele><time>2017-11-18T06:50:17Z</time></trkpt><trkpt lat="22.53945605" lon="114.1866873"><ele>373.4759521484375</ele><time>2017-11-18T06:50:19Z</time></trkpt><trkpt lat="22.53946227" lon="114.18671172"><ele>372.4425048828125</ele><time>2017-11-18T06:50:21Z</time></trkpt><trkpt lat="22.53946947" lon="114.18673752"><ele>373.08062744140625</ele><time>2017-11-18T06:50:24Z</time></trkpt><trkpt lat="22.53948499" lon="114.18676666"><ele>372.50933837890625</ele><time>2017-11-18T06:50:26Z</time></trkpt><trkpt lat="22.53949557" lon="114.18678578"><ele>374.09844970703125</ele><time>2017-11-18T06:50:28Z</time></trkpt><trkpt lat="22.53950425" lon="114.18680433"><ele>373.399658203125</ele><time>2017-11-18T06:50:30Z</time></trkpt><trkpt lat="22.53951961" lon="114.18682488"><ele>373.5848388671875</ele><time>2017-11-18T06:50:33Z</time></trkpt><trkpt lat="22.53953343" lon="114.1868398"><ele>373.1776123046875</ele><time>2017-11-18T06:50:35Z</time></trkpt><trkpt lat="22.53954863" lon="114.18685528"><ele>372.64404296875</ele><time>2017-11-18T06:50:37Z</time></trkpt><trkpt lat="22.53956285" lon="114.18686855"><ele>373.57568359375</ele><time>2017-11-18T06:50:39Z</time></trkpt><trkpt lat="22.53958009" lon="114.18688333"><ele>375.02880859375</ele><time>2017-11-18T06:50:41Z</time></trkpt><trkpt lat="22.53959739" lon="114.18689697"><ele>375.114990234375</ele><time>2017-11-18T06:50:43Z</time></trkpt><trkpt lat="22.53961638" lon="114.18691709"><ele>375.0291748046875</ele><time>2017-11-18T06:50:46Z</time></trkpt><trkpt lat="22.53962657" lon="114.18693485"><ele>375.5260009765625</ele><time>2017-11-18T06:50:48Z</time></trkpt><trkpt lat="22.53963915" lon="114.18695733"><ele>377.23828125</ele><time>2017-11-18T06:50:51Z</time></trkpt><trkpt lat="22.53964723" lon="114.18697601"><ele>377.98736572265625</ele><time>2017-11-18T06:50:53Z</time></trkpt><trkpt lat="22.53965869" lon="114.18699883"><ele>378.69879150390625</ele><time>2017-11-18T06:50:56Z</time></trkpt><trkpt lat="22.53966992" lon="114.18702033"><ele>379.4864501953125</ele><time>2017-11-18T06:50:59Z</time></trkpt><trkpt lat="22.53967362" lon="114.18704155"><ele>379.19622802734375</ele><time>2017-11-18T06:51:02Z</time></trkpt><trkpt lat="22.53968168" lon="114.18706668"><ele>380.2313232421875</ele><time>2017-11-18T06:51:05Z</time></trkpt><trkpt lat="22.53969222" lon="114.18708373"><ele>379.0728759765625</ele><time>2017-11-18T06:51:08Z</time></trkpt><trkpt lat="22.53969897" lon="114.18710837"><ele>379.71099853515625</ele><time>2017-11-18T06:51:12Z</time></trkpt><trkpt lat="22.53970231" lon="114.18713386"><ele>379.2921142578125</ele><time>2017-11-18T06:51:15Z</time></trkpt><trkpt lat="22.53971503" lon="114.18715996"><ele>379.941162109375</ele><time>2017-11-18T06:51:19Z</time></trkpt><trkpt lat="22.53971887" lon="114.18717931"><ele>378.7403564453125</ele><time>2017-11-18T06:51:21Z</time></trkpt><trkpt lat="22.53971972" lon="114.18720282"><ele>378.0858154296875</ele><time>2017-11-18T06:51:23Z</time></trkpt><trkpt lat="22.53972238" lon="114.18722603"><ele>378.6456298828125</ele><time>2017-11-18T06:51:26Z</time></trkpt><trkpt lat="22.53972645" lon="114.18724922"><ele>379.2213134765625</ele><time>2017-11-18T06:51:28Z</time></trkpt><trkpt lat="22.53973695" lon="114.18728033"><ele>379.033447265625</ele><time>2017-11-18T06:51:30Z</time></trkpt><trkpt lat="22.53974698" lon="114.18731352"><ele>379.8902587890625</ele><time>2017-11-18T06:51:33Z</time></trkpt><trkpt lat="22.53975306" lon="114.18733362"><ele>380.10137939453125</ele><time>2017-11-18T06:51:34Z</time></trkpt><trkpt lat="22.53976228" lon="114.18735979"><ele>380.05389404296875</ele><time>2017-11-18T06:51:38Z</time></trkpt><trkpt lat="22.53976859" lon="114.18738078"><ele>380.5072021484375</ele><time>2017-11-18T06:51:40Z</time></trkpt><trkpt lat="22.53978191" lon="114.18740606"><ele>380.83441162109375</ele><time>2017-11-18T06:51:43Z</time></trkpt><trkpt lat="22.53979058" lon="114.1874321"><ele>381.9874267578125</ele><time>2017-11-18T06:51:45Z</time></trkpt><trkpt lat="22.53978662" lon="114.18745959"><ele>381.550048828125</ele><time>2017-11-18T06:51:48Z</time></trkpt><trkpt lat="22.53978875" lon="114.18748329"><ele>381.88055419921875</ele><time>2017-11-18T06:51:50Z</time></trkpt><trkpt lat="22.5397946" lon="114.1875074"><ele>381.6142578125</ele><time>2017-11-18T06:51:58Z</time></trkpt><trkpt lat="22.53980483" lon="114.18753587"><ele>383.4039306640625</ele><time>2017-11-18T06:52:01Z</time></trkpt><trkpt lat="22.5398069" lon="114.18756374"><ele>382.5767822265625</ele><time>2017-11-18T06:52:03Z</time></trkpt><trkpt lat="22.53980488" lon="114.18758597"><ele>382.7489013671875</ele><time>2017-11-18T06:52:05Z</time></trkpt><trkpt lat="22.53980411" lon="114.18760709"><ele>383.2984619140625</ele><time>2017-11-18T06:52:07Z</time></trkpt><trkpt lat="22.53980146" lon="114.18763417"><ele>384.19647216796875</ele><time>2017-11-18T06:52:10Z</time></trkpt><trkpt lat="22.5398022" lon="114.18765795"><ele>383.9669189453125</ele><time>2017-11-18T06:52:13Z</time></trkpt><trkpt lat="22.53980425" lon="114.18767853"><ele>384.406005859375</ele><time>2017-11-18T06:52:15Z</time></trkpt><trkpt lat="22.5398041" lon="114.18770018"><ele>385.5902099609375</ele><time>2017-11-18T06:52:17Z</time></trkpt><trkpt lat="22.53980635" lon="114.18772143"><ele>386.033447265625</ele><time>2017-11-18T06:52:19Z</time></trkpt><trkpt lat="22.53981115" lon="114.18774114"><ele>385.88629150390625</ele><time>2017-11-18T06:52:21Z</time></trkpt><trkpt lat="22.53981532" lon="114.18776666"><ele>386.0528564453125</ele><time>2017-11-18T06:52:24Z</time></trkpt><trkpt lat="22.53982622" lon="114.18779629"><ele>385.79290771484375</ele><time>2017-11-18T06:52:27Z</time></trkpt><trkpt lat="22.53983833" lon="114.18781924"><ele>385.7181396484375</ele><time>2017-11-18T06:52:29Z</time></trkpt><trkpt lat="22.53985104" lon="114.1878437"><ele>387.11083984375</ele><time>2017-11-18T06:52:31Z</time></trkpt><trkpt lat="22.53986036" lon="114.18786653"><ele>387.40087890625</ele><time>2017-11-18T06:52:33Z</time></trkpt><trkpt lat="22.5398642" lon="114.18788986"><ele>386.1668701171875</ele><time>2017-11-18T06:52:35Z</time></trkpt><trkpt lat="22.53986749" lon="114.18791394"><ele>387.36663818359375</ele><time>2017-11-18T06:52:37Z</time></trkpt><trkpt lat="22.53987733" lon="114.18793406"><ele>388.161865234375</ele><time>2017-11-18T06:52:39Z</time></trkpt><trkpt lat="22.53988354" lon="114.18795311"><ele>387.9727783203125</ele><time>2017-11-18T06:52:41Z</time></trkpt><trkpt lat="22.53988752" lon="114.18797325"><ele>387.5736083984375</ele><time>2017-11-18T06:52:44Z</time></trkpt><trkpt lat="22.53989476" lon="114.18799456"><ele>387.817626953125</ele><time>2017-11-18T06:52:46Z</time></trkpt><trkpt lat="22.53990063" lon="114.18801941"><ele>387.684326171875</ele><time>2017-11-18T06:52:49Z</time></trkpt><trkpt lat="22.53990569" lon="114.18804562"><ele>388.15625</ele><time>2017-11-18T06:52:51Z</time></trkpt><trkpt lat="22.539911" lon="114.18807024"><ele>387.9354248046875</ele><time>2017-11-18T06:52:53Z</time></trkpt><trkpt lat="22.53991791" lon="114.18809398"><ele>389.16796875</ele><time>2017-11-18T06:52:55Z</time></trkpt><trkpt lat="22.53992842" lon="114.18811704"><ele>389.4375</ele><time>2017-11-18T06:52:57Z</time></trkpt><trkpt lat="22.53993895" lon="114.18813832"><ele>390.51654052734375</ele><time>2017-11-18T06:52:59Z</time></trkpt><trkpt lat="22.5399422" lon="114.18815777"><ele>390.03564453125</ele><time>2017-11-18T06:53:01Z</time></trkpt><trkpt lat="22.53994659" lon="114.1881806"><ele>389.62060546875</ele><time>2017-11-18T06:53:03Z</time></trkpt><trkpt lat="22.53995907" lon="114.18820793"><ele>391.07177734375</ele><time>2017-11-18T06:53:05Z</time></trkpt><trkpt lat="22.53997118" lon="114.18822578"><ele>390.623291015625</ele><time>2017-11-18T06:53:07Z</time></trkpt><trkpt lat="22.53998057" lon="114.1882433"><ele>389.9990234375</ele><time>2017-11-18T06:53:09Z</time></trkpt><trkpt lat="22.53999027" lon="114.18826659"><ele>391.9747314453125</ele><time>2017-11-18T06:53:12Z</time></trkpt><trkpt lat="22.54000788" lon="114.18828675"><ele>389.8499755859375</ele><time>2017-11-18T06:53:15Z</time></trkpt><trkpt lat="22.54002355" lon="114.18830473"><ele>390.4830322265625</ele><time>2017-11-18T06:53:18Z</time></trkpt><trkpt lat="22.54003786" lon="114.18831833"><ele>391.1087646484375</ele><time>2017-11-18T06:53:20Z</time></trkpt><trkpt lat="22.54005633" lon="114.18833541"><ele>392.1236572265625</ele><time>2017-11-18T06:53:22Z</time></trkpt><trkpt lat="22.54007338" lon="114.18835369"><ele>391.546142578125</ele><time>2017-11-18T06:53:24Z</time></trkpt><trkpt lat="22.54008934" lon="114.18836667"><ele>391.73443603515625</ele><time>2017-11-18T06:53:28Z</time></trkpt><trkpt lat="22.54010385" lon="114.18839145"><ele>390.78857421875</ele><time>2017-11-18T06:53:31Z</time></trkpt><trkpt lat="22.54011441" lon="114.18841201"><ele>391.48870849609375</ele><time>2017-11-18T06:53:33Z</time></trkpt><trkpt lat="22.5401181" lon="114.18843158"><ele>391.79541015625</ele><time>2017-11-18T06:53:35Z</time></trkpt><trkpt lat="22.54012339" lon="114.18846292"><ele>391.9019775390625</ele><time>2017-11-18T06:53:38Z</time></trkpt><trkpt lat="22.5401302" lon="114.18848841"><ele>391.544921875</ele><time>2017-11-18T06:53:40Z</time></trkpt><trkpt lat="22.54013709" lon="114.18851515"><ele>390.38031005859375</ele><time>2017-11-18T06:53:42Z</time></trkpt><trkpt lat="22.54014069" lon="114.18854014"><ele>389.552490234375</ele><time>2017-11-18T06:53:44Z</time></trkpt><trkpt lat="22.54014343" lon="114.18856442"><ele>389.3619384765625</ele><time>2017-11-18T06:53:47Z</time></trkpt><trkpt lat="22.54014459" lon="114.18858811"><ele>389.3768310546875</ele><time>2017-11-18T06:53:49Z</time></trkpt><trkpt lat="22.54014425" lon="114.18861769"><ele>389.3804931640625</ele><time>2017-11-18T06:53:51Z</time></trkpt><trkpt lat="22.54014857" lon="114.18864236"><ele>389.7359619140625</ele><time>2017-11-18T06:53:53Z</time></trkpt><trkpt lat="22.54015904" lon="114.18866011"><ele>390.2186279296875</ele><time>2017-11-18T06:53:55Z</time></trkpt><trkpt lat="22.54017201" lon="114.18867589"><ele>390.433349609375</ele><time>2017-11-18T06:53:57Z</time></trkpt><trkpt lat="22.54018411" lon="114.18869164"><ele>390.2183837890625</ele><time>2017-11-18T06:53:59Z</time></trkpt><trkpt lat="22.54019863" lon="114.18870644"><ele>389.9619140625</ele><time>2017-11-18T06:54:01Z</time></trkpt><trkpt lat="22.54021285" lon="114.18872254"><ele>389.65838623046875</ele><time>2017-11-18T06:54:03Z</time></trkpt><trkpt lat="22.54023796" lon="114.18875244"><ele>389.583251953125</ele><time>2017-11-18T06:54:05Z</time></trkpt><trkpt lat="22.54025211" lon="114.18877228"><ele>390.4703369140625</ele><time>2017-11-18T06:54:07Z</time></trkpt><trkpt lat="22.54026265" lon="114.1887976"><ele>389.80615234375</ele><time>2017-11-18T06:54:11Z</time></trkpt><trkpt lat="22.54027179" lon="114.18882299"><ele>390.5087890625</ele><time>2017-11-18T06:54:13Z</time></trkpt><trkpt lat="22.54028572" lon="114.18884248"><ele>389.1234130859375</ele><time>2017-11-18T06:54:16Z</time></trkpt><trkpt lat="22.54028549" lon="114.18886545"><ele>387.81182861328125</ele><time>2017-11-18T06:54:19Z</time></trkpt><trkpt lat="22.54028255" lon="114.18889069"><ele>388.2294921875</ele><time>2017-11-18T06:54:22Z</time></trkpt><trkpt lat="22.54027523" lon="114.18891586"><ele>388.2010498046875</ele><time>2017-11-18T06:54:24Z</time></trkpt><trkpt lat="22.54026899" lon="114.1889414"><ele>388.837890625</ele><time>2017-11-18T06:54:26Z</time></trkpt><trkpt lat="22.54026159" lon="114.18895968"><ele>390.2645263671875</ele><time>2017-11-18T06:54:30Z</time></trkpt><trkpt lat="22.54025982" lon="114.18898495"><ele>390.919921875</ele><time>2017-11-18T06:54:33Z</time></trkpt><trkpt lat="22.54026768" lon="114.18900251"><ele>388.65679931640625</ele><time>2017-11-18T06:54:35Z</time></trkpt><trkpt lat="22.54027973" lon="114.18902907"><ele>389.95587158203125</ele><time>2017-11-18T06:54:38Z</time></trkpt><trkpt lat="22.54027894" lon="114.18905797"><ele>391.4766845703125</ele><time>2017-11-18T06:54:41Z</time></trkpt><trkpt lat="22.54027519" lon="114.18907856"><ele>393.33099365234375</ele><time>2017-11-18T06:54:43Z</time></trkpt><trkpt lat="22.54027295" lon="114.18910327"><ele>395.1832275390625</ele><time>2017-11-18T06:54:45Z</time></trkpt><trkpt lat="22.54027458" lon="114.18912456"><ele>395.2010498046875</ele><time>2017-11-18T06:54:47Z</time></trkpt><trkpt lat="22.54027404" lon="114.18914409"><ele>395.82830810546875</ele><time>2017-11-18T06:54:49Z</time></trkpt><trkpt lat="22.54027383" lon="114.18916802"><ele>395.18865966796875</ele><time>2017-11-18T06:54:52Z</time></trkpt><trkpt lat="22.54028149" lon="114.18919701"><ele>395.60601806640625</ele><time>2017-11-18T06:54:54Z</time></trkpt><trkpt lat="22.54028667" lon="114.18922812"><ele>396.1820068359375</ele><time>2017-11-18T06:54:56Z</time></trkpt><trkpt lat="22.54028693" lon="114.18925362"><ele>395.99041748046875</ele><time>2017-11-18T06:54:59Z</time></trkpt><trkpt lat="22.54029286" lon="114.18927973"><ele>395.38824462890625</ele><time>2017-11-18T06:55:01Z</time></trkpt><trkpt lat="22.54030144" lon="114.18930053"><ele>395.8575439453125</ele><time>2017-11-18T06:55:03Z</time></trkpt><trkpt lat="22.54030582" lon="114.18932176"><ele>396.744140625</ele><time>2017-11-18T06:55:05Z</time></trkpt><trkpt lat="22.54030863" lon="114.18934268"><ele>395.7216796875</ele><time>2017-11-18T06:55:07Z</time></trkpt><trkpt lat="22.54030199" lon="114.18936624"><ele>397.576416015625</ele><time>2017-11-18T06:55:10Z</time></trkpt><trkpt lat="22.54029469" lon="114.18938742"><ele>397.587158203125</ele><time>2017-11-18T06:55:12Z</time></trkpt><trkpt lat="22.54029852" lon="114.18941154"><ele>398.0157470703125</ele><time>2017-11-18T06:55:16Z</time></trkpt><trkpt lat="22.54029833" lon="114.18943669"><ele>399.30682373046875</ele><time>2017-11-18T06:55:19Z</time></trkpt><trkpt lat="22.54028818" lon="114.18945455"><ele>399.5394287109375</ele><time>2017-11-18T06:55:22Z</time></trkpt><trkpt lat="22.54029495" lon="114.18947388"><ele>398.84228515625</ele><time>2017-11-18T06:55:30Z</time></trkpt><trkpt lat="22.54028821" lon="114.1894956"><ele>399.8245849609375</ele><time>2017-11-18T06:55:36Z</time></trkpt><trkpt lat="22.54028111" lon="114.18952465"><ele>401.25634765625</ele><time>2017-11-18T06:55:38Z</time></trkpt><trkpt lat="22.54027936" lon="114.18954414"><ele>401.35302734375</ele><time>2017-11-18T06:55:40Z</time></trkpt><trkpt lat="22.54028243" lon="114.189572"><ele>400.88720703125</ele><time>2017-11-18T06:55:42Z</time></trkpt><trkpt lat="22.54028077" lon="114.18959564"><ele>400.3956298828125</ele><time>2017-11-18T06:55:44Z</time></trkpt><trkpt lat="22.54027625" lon="114.18962573"><ele>399.63330078125</ele><time>2017-11-18T06:55:47Z</time></trkpt><trkpt lat="22.54027252" lon="114.18965365"><ele>398.7781982421875</ele><time>2017-11-18T06:55:49Z</time></trkpt><trkpt lat="22.54025819" lon="114.18966608"><ele>398.9560546875</ele><time>2017-11-18T06:55:52Z</time></trkpt><trkpt lat="22.54025125" lon="114.18968764"><ele>399.115966796875</ele><time>2017-11-18T06:55:55Z</time></trkpt><trkpt lat="22.54024952" lon="114.18971551"><ele>399.0377197265625</ele><time>2017-11-18T06:55:57Z</time></trkpt><trkpt lat="22.5402508" lon="114.18973666"><ele>399.37518310546875</ele><time>2017-11-18T06:55:59Z</time></trkpt><trkpt lat="22.54025513" lon="114.18975655"><ele>399.8739013671875</ele><time>2017-11-18T06:56:01Z</time></trkpt><trkpt lat="22.54025922" lon="114.18978359"><ele>399.1806640625</ele><time>2017-11-18T06:56:04Z</time></trkpt><trkpt lat="22.54026463" lon="114.18980461"><ele>398.16796875</ele><time>2017-11-18T06:56:06Z</time></trkpt><trkpt lat="22.5402657" lon="114.18982795"><ele>396.6790771484375</ele><time>2017-11-18T06:56:09Z</time></trkpt><trkpt lat="22.54026002" lon="114.18984647"><ele>398.4320068359375</ele><time>2017-11-18T06:56:12Z</time></trkpt><trkpt lat="22.54025598" lon="114.18986699"><ele>398.8489990234375</ele><time>2017-11-18T06:56:14Z</time></trkpt><trkpt lat="22.54024998" lon="114.18988599"><ele>399.13726806640625</ele><time>2017-11-18T06:56:16Z</time></trkpt><trkpt lat="22.54024469" lon="114.18990999"><ele>399.588134765625</ele><time>2017-11-18T06:56:19Z</time></trkpt><trkpt lat="22.54024843" lon="114.18993423"><ele>399.6688232421875</ele><time>2017-11-18T06:56:22Z</time></trkpt><trkpt lat="22.54026021" lon="114.18996713"><ele>399.4169921875</ele><time>2017-11-18T06:56:24Z</time></trkpt><trkpt lat="22.54026048" lon="114.18999187"><ele>398.47705078125</ele><time>2017-11-18T06:56:28Z</time></trkpt><trkpt lat="22.5402615" lon="114.19001654"><ele>399.6439208984375</ele><time>2017-11-18T06:56:31Z</time></trkpt><trkpt lat="22.54025545" lon="114.19003977"><ele>398.725830078125</ele><time>2017-11-18T06:56:34Z</time></trkpt><trkpt lat="22.54024765" lon="114.19006413"><ele>399.382568359375</ele><time>2017-11-18T06:56:36Z</time></trkpt><trkpt lat="22.54024217" lon="114.19008441"><ele>399.79132080078125</ele><time>2017-11-18T06:56:38Z</time></trkpt><trkpt lat="22.54023982" lon="114.19010781"><ele>401.86083984375</ele><time>2017-11-18T06:56:41Z</time></trkpt><trkpt lat="22.54024564" lon="114.19012723"><ele>404.5223388671875</ele><time>2017-11-18T06:56:44Z</time></trkpt><trkpt lat="22.54024491" lon="114.19015199"><ele>405.88525390625</ele><time>2017-11-18T06:56:47Z</time></trkpt><trkpt lat="22.54024604" lon="114.19017265"><ele>406.489990234375</ele><time>2017-11-18T06:56:50Z</time></trkpt><trkpt lat="22.54022814" lon="114.19019672"><ele>406.79217529296875</ele><time>2017-11-18T06:56:53Z</time></trkpt><trkpt lat="22.54022828" lon="114.19022178"><ele>404.10888671875</ele><time>2017-11-18T06:56:57Z</time></trkpt><trkpt lat="22.54022397" lon="114.19025531"><ele>406.9886474609375</ele><time>2017-11-18T06:56:59Z</time></trkpt><trkpt lat="22.54022095" lon="114.19027561"><ele>408.06024169921875</ele><time>2017-11-18T06:57:01Z</time></trkpt><trkpt lat="22.54021694" lon="114.19029554"><ele>407.028564453125</ele><time>2017-11-18T06:57:03Z</time></trkpt><trkpt lat="22.54020835" lon="114.19031705"><ele>408.0496826171875</ele><time>2017-11-18T06:57:05Z</time></trkpt><trkpt lat="22.54019937" lon="114.19033433"><ele>408.3775634765625</ele><time>2017-11-18T06:57:07Z</time></trkpt><trkpt lat="22.54020393" lon="114.1903612"><ele>406.6168212890625</ele><time>2017-11-18T06:57:11Z</time></trkpt><trkpt lat="22.54020833" lon="114.19038143"><ele>406.294921875</ele><time>2017-11-18T06:57:13Z</time></trkpt><trkpt lat="22.54020583" lon="114.19041653"><ele>406.2987060546875</ele><time>2017-11-18T06:57:16Z</time></trkpt><trkpt lat="22.54020582" lon="114.19044026"><ele>407.465087890625</ele><time>2017-11-18T06:57:19Z</time></trkpt><trkpt lat="22.54020092" lon="114.1904638"><ele>408.31512451171875</ele><time>2017-11-18T06:57:24Z</time></trkpt><trkpt lat="22.54019794" lon="114.19048773"><ele>408.146484375</ele><time>2017-11-18T06:57:26Z</time></trkpt><trkpt lat="22.54018926" lon="114.1905203"><ele>409.2430419921875</ele><time>2017-11-18T06:57:28Z</time></trkpt><trkpt lat="22.54018345" lon="114.19054923"><ele>409.4349365234375</ele><time>2017-11-18T06:57:30Z</time></trkpt><trkpt lat="22.54017807" lon="114.1905679"><ele>410.779296875</ele><time>2017-11-18T06:57:32Z</time></trkpt><trkpt lat="22.54016416" lon="114.19059944"><ele>409.83251953125</ele><time>2017-11-18T06:57:34Z</time></trkpt><trkpt lat="22.54016581" lon="114.19062342"><ele>408.58856201171875</ele><time>2017-11-18T06:57:37Z</time></trkpt><trkpt lat="22.54016701" lon="114.19064826"><ele>410.871337890625</ele><time>2017-11-18T06:57:40Z</time></trkpt><trkpt lat="22.54015298" lon="114.19066698"><ele>411.13250732421875</ele><time>2017-11-18T06:57:42Z</time></trkpt><trkpt lat="22.54013079" lon="114.19068892"><ele>409.64453125</ele><time>2017-11-18T06:58:34Z</time></trkpt><trkpt lat="22.54011689" lon="114.19070923"><ele>410.1197509765625</ele><time>2017-11-18T06:58:36Z</time></trkpt><trkpt lat="22.54010674" lon="114.19073245"><ele>408.31842041015625</ele><time>2017-11-18T06:58:38Z</time></trkpt><trkpt lat="22.54010212" lon="114.19075662"><ele>408.59283447265625</ele><time>2017-11-18T06:58:41Z</time></trkpt><trkpt lat="22.54008734" lon="114.19077882"><ele>409.4287109375</ele><time>2017-11-18T06:58:43Z</time></trkpt><trkpt lat="22.5400687" lon="114.19079199"><ele>409.62261962890625</ele><time>2017-11-18T06:58:46Z</time></trkpt><trkpt lat="22.54005687" lon="114.1908082"><ele>410.25048828125</ele><time>2017-11-18T06:58:49Z</time></trkpt><trkpt lat="22.54004097" lon="114.19082784"><ele>410.9300537109375</ele><time>2017-11-18T06:58:52Z</time></trkpt><trkpt lat="22.54002261" lon="114.19084667"><ele>412.6373291015625</ele><time>2017-11-18T06:58:55Z</time></trkpt><trkpt lat="22.54000436" lon="114.1908658"><ele>414.08251953125</ele><time>2017-11-18T06:58:57Z</time></trkpt><trkpt lat="22.53998804" lon="114.19087956"><ele>414.8631591796875</ele><time>2017-11-18T06:58:59Z</time></trkpt><trkpt lat="22.53999141" lon="114.19089944"><ele>413.9947509765625</ele><time>2017-11-18T06:59:04Z</time></trkpt><trkpt lat="22.53999071" lon="114.19092234"><ele>414.31658935546875</ele><time>2017-11-18T06:59:07Z</time></trkpt><trkpt lat="22.53999275" lon="114.19094519"><ele>414.9788818359375</ele><time>2017-11-18T06:59:10Z</time></trkpt><trkpt lat="22.53999714" lon="114.19096615"><ele>415.1043701171875</ele><time>2017-11-18T06:59:14Z</time></trkpt><trkpt lat="22.54000014" lon="114.19098765"><ele>415.75067138671875</ele><time>2017-11-18T06:59:19Z</time></trkpt><trkpt lat="22.53999724" lon="114.19101067"><ele>415.43377685546875</ele><time>2017-11-18T06:59:22Z</time></trkpt><trkpt lat="22.53999378" lon="114.19103496"><ele>417.83355712890625</ele><time>2017-11-18T06:59:25Z</time></trkpt><trkpt lat="22.53998152" lon="114.19105273"><ele>418.62689208984375</ele><time>2017-11-18T06:59:28Z</time></trkpt><trkpt lat="22.53996258" lon="114.19106349"><ele>419.7535400390625</ele><time>2017-11-18T06:59:34Z</time></trkpt><trkpt lat="22.53995614" lon="114.19109114"><ele>416.64605712890625</ele><time>2017-11-18T06:59:36Z</time></trkpt><trkpt lat="22.53995969" lon="114.19111463"><ele>416.0809326171875</ele><time>2017-11-18T06:59:38Z</time></trkpt><trkpt lat="22.53995771" lon="114.19113615"><ele>413.64886474609375</ele><time>2017-11-18T06:59:41Z</time></trkpt><trkpt lat="22.53997286" lon="114.19114999"><ele>412.408935546875</ele><time>2017-11-18T06:59:47Z</time></trkpt><trkpt lat="22.53997649" lon="114.1911725"><ele>411.34521484375</ele><time>2017-11-18T06:59:51Z</time></trkpt><trkpt lat="22.53997266" lon="114.19119386"><ele>413.95263671875</ele><time>2017-11-18T06:59:54Z</time></trkpt><trkpt lat="22.53994841" lon="114.19120956"><ele>415.7591552734375</ele><time>2017-11-18T06:59:56Z</time></trkpt><trkpt lat="22.53993006" lon="114.19121573"><ele>417.459716796875</ele><time>2017-11-18T06:59:58Z</time></trkpt><trkpt lat="22.53992099" lon="114.19123398"><ele>418.75885009765625</ele><time>2017-11-18T07:00:00Z</time></trkpt><trkpt lat="22.53991097" lon="114.19125225"><ele>419.25347900390625</ele><time>2017-11-18T07:00:03Z</time></trkpt><trkpt lat="22.53989805" lon="114.19127521"><ele>414.9818115234375</ele><time>2017-11-18T07:00:09Z</time></trkpt><trkpt lat="22.53989354" lon="114.19129422"><ele>414.310302734375</ele><time>2017-11-18T07:00:12Z</time></trkpt><trkpt lat="22.53988626" lon="114.19131204"><ele>413.3294677734375</ele><time>2017-11-18T07:00:16Z</time></trkpt><trkpt lat="22.53986722" lon="114.19132057"><ele>415.46728515625</ele><time>2017-11-18T07:00:20Z</time></trkpt><trkpt lat="22.53984421" lon="114.19131699"><ele>416.53369140625</ele><time>2017-11-18T07:00:23Z</time></trkpt><trkpt lat="22.5398247" lon="114.19131854"><ele>418.3707275390625</ele><time>2017-11-18T07:00:25Z</time></trkpt><trkpt lat="22.53980283" lon="114.19132137"><ele>421.4642333984375</ele><time>2017-11-18T07:00:27Z</time></trkpt><trkpt lat="22.53978362" lon="114.19132377"><ele>423.184814453125</ele><time>2017-11-18T07:00:29Z</time></trkpt><trkpt lat="22.53976616" lon="114.19134054"><ele>421.06219482421875</ele><time>2017-11-18T07:00:32Z</time></trkpt><trkpt lat="22.53974788" lon="114.19135226"><ele>421.684326171875</ele><time>2017-11-18T07:00:36Z</time></trkpt><trkpt lat="22.53972617" lon="114.19135516"><ele>423.1221923828125</ele><time>2017-11-18T07:00:40Z</time></trkpt><trkpt lat="22.53970661" lon="114.19136647"><ele>423.0638427734375</ele><time>2017-11-18T07:00:44Z</time></trkpt><trkpt lat="22.53969784" lon="114.19138902"><ele>421.79583740234375</ele><time>2017-11-18T07:00:49Z</time></trkpt><trkpt lat="22.53969252" lon="114.19141205"><ele>421.9010009765625</ele><time>2017-11-18T07:01:18Z</time></trkpt><trkpt lat="22.53968173" lon="114.19143382"><ele>421.4432373046875</ele><time>2017-11-18T07:01:25Z</time></trkpt><trkpt lat="22.53967747" lon="114.19145482"><ele>419.24609375</ele><time>2017-11-18T07:01:27Z</time></trkpt><trkpt lat="22.53968953" lon="114.19148588"><ele>414.9130859375</ele><time>2017-11-18T07:01:30Z</time></trkpt><trkpt lat="22.53967292" lon="114.19150253"><ele>421.3961181640625</ele><time>2017-11-18T07:01:38Z</time></trkpt><trkpt lat="22.53965796" lon="114.19151599"><ele>421.01995849609375</ele><time>2017-11-18T07:01:40Z</time></trkpt><trkpt lat="22.53963889" lon="114.19153095"><ele>421.5155029296875</ele><time>2017-11-18T07:01:43Z</time></trkpt><trkpt lat="22.53961933" lon="114.19152978"><ele>423.67596435546875</ele><time>2017-11-18T07:01:46Z</time></trkpt><trkpt lat="22.53960143" lon="114.19154745"><ele>426.2669677734375</ele><time>2017-11-18T07:01:51Z</time></trkpt><trkpt lat="22.53958725" lon="114.19157028"><ele>426.80615234375</ele><time>2017-11-18T07:01:54Z</time></trkpt><trkpt lat="22.53957153" lon="114.19158043"><ele>425.88800048828125</ele><time>2017-11-18T07:01:56Z</time></trkpt><trkpt lat="22.53955131" lon="114.19159035"><ele>425.99365234375</ele><time>2017-11-18T07:02:00Z</time></trkpt><trkpt lat="22.53954537" lon="114.19161344"><ele>426.3167724609375</ele><time>2017-11-18T07:02:04Z</time></trkpt><trkpt lat="22.5395352" lon="114.19163407"><ele>426.8155517578125</ele><time>2017-11-18T07:02:06Z</time></trkpt><trkpt lat="22.53951748" lon="114.1916474"><ele>431.40771484375</ele><time>2017-11-18T07:02:08Z</time></trkpt><trkpt lat="22.53950011" lon="114.19166438"><ele>430.82781982421875</ele><time>2017-11-18T07:02:10Z</time></trkpt><trkpt lat="22.539485" lon="114.19168153"><ele>431.96435546875</ele><time>2017-11-18T07:02:13Z</time></trkpt><trkpt lat="22.53946572" lon="114.19169779"><ele>431.496337890625</ele><time>2017-11-18T07:02:16Z</time></trkpt><trkpt lat="22.53944885" lon="114.19171592"><ele>432.63934326171875</ele><time>2017-11-18T07:02:19Z</time></trkpt><trkpt lat="22.53944055" lon="114.19173972"><ele>432.272216796875</ele><time>2017-11-18T07:02:22Z</time></trkpt><trkpt lat="22.5394357" lon="114.19176824"><ele>431.4876708984375</ele><time>2017-11-18T07:02:25Z</time></trkpt><trkpt lat="22.53943148" lon="114.19179316"><ele>431.7606201171875</ele><time>2017-11-18T07:02:27Z</time></trkpt><trkpt lat="22.53943113" lon="114.19182033"><ele>431.68310546875</ele><time>2017-11-18T07:02:30Z</time></trkpt><trkpt lat="22.53942268" lon="114.19184167"><ele>433.54443359375</ele><time>2017-11-18T07:02:33Z</time></trkpt><trkpt lat="22.53941229" lon="114.19186559"><ele>433.30419921875</ele><time>2017-11-18T07:02:35Z</time></trkpt><trkpt lat="22.53939793" lon="114.19188639"><ele>433.2825927734375</ele><time>2017-11-18T07:02:38Z</time></trkpt><trkpt lat="22.53939266" lon="114.19191142"><ele>430.5823974609375</ele><time>2017-11-18T07:02:41Z</time></trkpt><trkpt lat="22.53938442" lon="114.1919337"><ele>430.51123046875</ele><time>2017-11-18T07:02:44Z</time></trkpt><trkpt lat="22.53937723" lon="114.19195353"><ele>431.0789794921875</ele><time>2017-11-18T07:02:48Z</time></trkpt><trkpt lat="22.53939574" lon="114.19194942"><ele>429.206787109375</ele><time>2017-11-18T07:03:37Z</time></trkpt><trkpt lat="22.53937541" lon="114.19195325"><ele>431.01922607421875</ele><time>2017-11-18T07:03:44Z</time></trkpt><trkpt lat="22.53936002" lon="114.19197394"><ele>427.51806640625</ele><time>2017-11-18T07:03:51Z</time></trkpt><trkpt lat="22.53935509" lon="114.19199614"><ele>426.19970703125</ele><time>2017-11-18T07:03:54Z</time></trkpt><trkpt lat="22.53934015" lon="114.19201736"><ele>427.39593505859375</ele><time>2017-11-18T07:03:57Z</time></trkpt><trkpt lat="22.53932351" lon="114.19203833"><ele>428.58868408203125</ele><time>2017-11-18T07:04:00Z</time></trkpt><trkpt lat="22.53930404" lon="114.19205656"><ele>430.61895751953125</ele><time>2017-11-18T07:04:03Z</time></trkpt><trkpt lat="22.53927895" lon="114.19207053"><ele>430.388671875</ele><time>2017-11-18T07:04:07Z</time></trkpt><trkpt lat="22.53925813" lon="114.19208417"><ele>431.15234375</ele><time>2017-11-18T07:04:09Z</time></trkpt><trkpt lat="22.53923489" lon="114.19209576"><ele>430.8629150390625</ele><time>2017-11-18T07:04:11Z</time></trkpt><trkpt lat="22.53921696" lon="114.19210429"><ele>431.39422607421875</ele><time>2017-11-18T07:04:13Z</time></trkpt><trkpt lat="22.53919329" lon="114.19211554"><ele>430.9566650390625</ele><time>2017-11-18T07:04:15Z</time></trkpt><trkpt lat="22.53916452" lon="114.19212872"><ele>430.505615234375</ele><time>2017-11-18T07:04:17Z</time></trkpt><trkpt lat="22.53914632" lon="114.19213319"><ele>429.62005615234375</ele><time>2017-11-18T07:04:19Z</time></trkpt><trkpt lat="22.5391229" lon="114.19213717"><ele>429.5833740234375</ele><time>2017-11-18T07:04:22Z</time></trkpt><trkpt lat="22.53910318" lon="114.19214714"><ele>430.61181640625</ele><time>2017-11-18T07:04:26Z</time></trkpt><trkpt lat="22.53908227" lon="114.1921594"><ele>431.29205322265625</ele><time>2017-11-18T07:04:28Z</time></trkpt><trkpt lat="22.53906067" lon="114.19217173"><ele>428.5948486328125</ele><time>2017-11-18T07:04:30Z</time></trkpt><trkpt lat="22.53903641" lon="114.19218102"><ele>426.7669677734375</ele><time>2017-11-18T07:04:35Z</time></trkpt><trkpt lat="22.53901107" lon="114.19218213"><ele>425.55303955078125</ele><time>2017-11-18T07:04:41Z</time></trkpt><trkpt lat="22.53898719" lon="114.19217059"><ele>425.291748046875</ele><time>2017-11-18T07:04:43Z</time></trkpt><trkpt lat="22.53897964" lon="114.19215257"><ele>425.8426513671875</ele><time>2017-11-18T07:04:48Z</time></trkpt><trkpt lat="22.53896645" lon="114.19216699"><ele>429.2364501953125</ele><time>2017-11-18T07:05:07Z</time></trkpt><trkpt lat="22.53894627" lon="114.19217552"><ele>427.3489990234375</ele><time>2017-11-18T07:05:13Z</time></trkpt><trkpt lat="22.53892152" lon="114.19217182"><ele>427.946044921875</ele><time>2017-11-18T07:05:31Z</time></trkpt><trkpt lat="22.53890136" lon="114.1921734"><ele>428.111572265625</ele><time>2017-11-18T07:05:33Z</time></trkpt><trkpt lat="22.53888725" lon="114.19219499"><ele>429.010498046875</ele><time>2017-11-18T07:05:36Z</time></trkpt><trkpt lat="22.53888443" lon="114.19217416"><ele>428.60540771484375</ele><time>2017-11-18T07:06:26Z</time></trkpt><trkpt lat="22.53886838" lon="114.19218879"><ele>428.51202392578125</ele><time>2017-11-18T07:07:16Z</time></trkpt><trkpt lat="22.53887664" lon="114.19217002"><ele>428.99554443359375</ele><time>2017-11-18T07:07:23Z</time></trkpt><trkpt lat="22.53888375" lon="114.19215133"><ele>427.37158203125</ele><time>2017-11-18T07:07:34Z</time></trkpt><trkpt lat="22.53887419" lon="114.19213163"><ele>429.1357421875</ele><time>2017-11-18T07:07:39Z</time></trkpt><trkpt lat="22.53888966" lon="114.19214368"><ele>427.9453125</ele><time>2017-11-18T07:07:46Z</time></trkpt><trkpt lat="22.53890655" lon="114.19215472"><ele>429.1585693359375</ele><time>2017-11-18T07:07:49Z</time></trkpt><trkpt lat="22.53889658" lon="114.19217775"><ele>427.6539306640625</ele><time>2017-11-18T07:08:04Z</time></trkpt><trkpt lat="22.53889112" lon="114.19220334"><ele>424.9410400390625</ele><time>2017-11-18T07:08:09Z</time></trkpt><trkpt lat="22.53890449" lon="114.19218937"><ele>423.9739990234375</ele><time>2017-11-18T07:08:40Z</time></trkpt><trkpt lat="22.53888645" lon="114.19219822"><ele>427.3099365234375</ele><time>2017-11-18T07:08:56Z</time></trkpt><trkpt lat="22.53890083" lon="114.19218646"><ele>426.74249267578125</ele><time>2017-11-18T07:10:09Z</time></trkpt><trkpt lat="22.53892523" lon="114.19218766"><ele>427.59429931640625</ele><time>2017-11-18T07:11:17Z</time></trkpt><trkpt lat="22.53894096" lon="114.19219842"><ele>425.67291259765625</ele><time>2017-11-18T07:11:21Z</time></trkpt><trkpt lat="22.53896389" lon="114.19220992"><ele>425.20538330078125</ele><time>2017-11-18T07:11:25Z</time></trkpt><trkpt lat="22.53897288" lon="114.19222775"><ele>425.09637451171875</ele><time>2017-11-18T07:11:27Z</time></trkpt><trkpt lat="22.53899582" lon="114.19223939"><ele>427.78094482421875</ele><time>2017-11-18T07:11:33Z</time></trkpt><trkpt lat="22.53901986" lon="114.19224672"><ele>426.978515625</ele><time>2017-11-18T07:11:36Z</time></trkpt><trkpt lat="22.53903591" lon="114.19226116"><ele>425.7396240234375</ele><time>2017-11-18T07:11:39Z</time></trkpt><trkpt lat="22.5390527" lon="114.19225328"><ele>427.1622314453125</ele><time>2017-11-18T07:11:55Z</time></trkpt><trkpt lat="22.53907136" lon="114.19225277"><ele>428.17791748046875</ele><time>2017-11-18T07:12:03Z</time></trkpt><trkpt lat="22.53909182" lon="114.19226495"><ele>427.09130859375</ele><time>2017-11-18T07:12:06Z</time></trkpt><trkpt lat="22.53910419" lon="114.19228221"><ele>426.15350341796875</ele><time>2017-11-18T07:12:08Z</time></trkpt><trkpt lat="22.53910122" lon="114.19226095"><ele>427.1793212890625</ele><time>2017-11-18T07:12:15Z</time></trkpt><trkpt lat="22.53908377" lon="114.19225337"><ele>428.7921142578125</ele><time>2017-11-18T07:12:25Z</time></trkpt><trkpt lat="22.53910289" lon="114.19225524"><ele>430.706298828125</ele><time>2017-11-18T07:12:47Z</time></trkpt><trkpt lat="22.53912036" lon="114.19226321"><ele>430.9677734375</ele><time>2017-11-18T07:12:49Z</time></trkpt><trkpt lat="22.53913491" lon="114.19227872"><ele>433.222412109375</ele><time>2017-11-18T07:12:57Z</time></trkpt><trkpt lat="22.53915485" lon="114.192281"><ele>432.4986572265625</ele><time>2017-11-18T07:13:01Z</time></trkpt><trkpt lat="22.53917448" lon="114.19228037"><ele>432.56927490234375</ele><time>2017-11-18T07:13:04Z</time></trkpt><trkpt lat="22.5391887" lon="114.19229507"><ele>430.958740234375</ele><time>2017-11-18T07:13:08Z</time></trkpt><trkpt lat="22.53920891" lon="114.19229671"><ele>433.3890380859375</ele><time>2017-11-18T07:13:12Z</time></trkpt><trkpt lat="22.53922837" lon="114.19230417"><ele>435.3199462890625</ele><time>2017-11-18T07:13:18Z</time></trkpt><trkpt lat="22.53924687" lon="114.19230402"><ele>437.476318359375</ele><time>2017-11-18T07:13:21Z</time></trkpt><trkpt lat="22.53926606" lon="114.192304"><ele>439.38031005859375</ele><time>2017-11-18T07:13:25Z</time></trkpt><trkpt lat="22.5392644" lon="114.19232395"><ele>439.0767822265625</ele><time>2017-11-18T07:13:29Z</time></trkpt><trkpt lat="22.53927638" lon="114.19234602"><ele>441.69122314453125</ele><time>2017-11-18T07:13:33Z</time></trkpt><trkpt lat="22.5393028" lon="114.19234344"><ele>442.17633056640625</ele><time>2017-11-18T07:13:37Z</time></trkpt><trkpt lat="22.53932248" lon="114.19233666"><ele>442.8656005859375</ele><time>2017-11-18T07:13:40Z</time></trkpt><trkpt lat="22.53934153" lon="114.1923264"><ele>443.942626953125</ele><time>2017-11-18T07:13:51Z</time></trkpt><trkpt lat="22.53936031" lon="114.19233412"><ele>443.02392578125</ele><time>2017-11-18T07:13:58Z</time></trkpt><trkpt lat="22.53937477" lon="114.19234653"><ele>443.49249267578125</ele><time>2017-11-18T07:14:01Z</time></trkpt><trkpt lat="22.53938342" lon="114.19232451"><ele>445.48358154296875</ele><time>2017-11-18T07:14:06Z</time></trkpt><trkpt lat="22.53938317" lon="114.19234449"><ele>446.4124755859375</ele><time>2017-11-18T07:14:14Z</time></trkpt><trkpt lat="22.53939007" lon="114.19237118"><ele>446.54644775390625</ele><time>2017-11-18T07:14:17Z</time></trkpt><trkpt lat="22.53940254" lon="114.19239002"><ele>445.2862548828125</ele><time>2017-11-18T07:14:19Z</time></trkpt><trkpt lat="22.53941439" lon="114.19240762"><ele>445.0264892578125</ele><time>2017-11-18T07:14:21Z</time></trkpt><trkpt lat="22.5394222" lon="114.19242526"><ele>443.744384765625</ele><time>2017-11-18T07:14:23Z</time></trkpt><trkpt lat="22.53943593" lon="114.19244745"><ele>442.8111572265625</ele><time>2017-11-18T07:14:26Z</time></trkpt><trkpt lat="22.53945397" lon="114.19246188"><ele>441.807373046875</ele><time>2017-11-18T07:14:32Z</time></trkpt><trkpt lat="22.5394641" lon="114.19248213"><ele>442.13720703125</ele><time>2017-11-18T07:14:34Z</time></trkpt><trkpt lat="22.53947441" lon="114.19250361"><ele>441.925048828125</ele><time>2017-11-18T07:14:37Z</time></trkpt><trkpt lat="22.53947753" lon="114.19252871"><ele>443.0113525390625</ele><time>2017-11-18T07:14:58Z</time></trkpt><trkpt lat="22.53947276" lon="114.19254946"><ele>441.7694091796875</ele><time>2017-11-18T07:15:00Z</time></trkpt><trkpt lat="22.5394611" lon="114.19257355"><ele>442.6767578125</ele><time>2017-11-18T07:15:03Z</time></trkpt><trkpt lat="22.53944733" lon="114.19259167"><ele>443.04840087890625</ele><time>2017-11-18T07:15:05Z</time></trkpt><trkpt lat="22.53943641" lon="114.19260838"><ele>441.2271728515625</ele><time>2017-11-18T07:15:07Z</time></trkpt><trkpt lat="22.53942897" lon="114.19262648"><ele>440.3319091796875</ele><time>2017-11-18T07:15:09Z</time></trkpt><trkpt lat="22.53941774" lon="114.1926502"><ele>440.7310791015625</ele><time>2017-11-18T07:15:11Z</time></trkpt><trkpt lat="22.53941868" lon="114.19267958"><ele>438.4407958984375</ele><time>2017-11-18T07:15:16Z</time></trkpt><trkpt lat="22.53942174" lon="114.19270304"><ele>438.247314453125</ele><time>2017-11-18T07:15:18Z</time></trkpt><trkpt lat="22.53942991" lon="114.19273157"><ele>438.384765625</ele><time>2017-11-18T07:15:21Z</time></trkpt><trkpt lat="22.53944293" lon="114.1927569"><ele>436.1644287109375</ele><time>2017-11-18T07:15:24Z</time></trkpt><trkpt lat="22.53944333" lon="114.19278418"><ele>435.2587890625</ele><time>2017-11-18T07:15:29Z</time></trkpt><trkpt lat="22.53945245" lon="114.19280439"><ele>436.0421142578125</ele><time>2017-11-18T07:15:33Z</time></trkpt><trkpt lat="22.53946262" lon="114.19282185"><ele>436.40594482421875</ele><time>2017-11-18T07:15:35Z</time></trkpt><trkpt lat="22.53947358" lon="114.19284259"><ele>437.335693359375</ele><time>2017-11-18T07:15:37Z</time></trkpt><trkpt lat="22.53948275" lon="114.19286484"><ele>437.6044921875</ele><time>2017-11-18T07:15:39Z</time></trkpt><trkpt lat="22.53947974" lon="114.19288492"><ele>436.9644775390625</ele><time>2017-11-18T07:15:41Z</time></trkpt><trkpt lat="22.53948643" lon="114.19291211"><ele>435.9844970703125</ele><time>2017-11-18T07:15:43Z</time></trkpt><trkpt lat="22.53948448" lon="114.19293189"><ele>435.29534912109375</ele><time>2017-11-18T07:15:46Z</time></trkpt><trkpt lat="22.53950585" lon="114.19294773"><ele>439.083251953125</ele><time>2017-11-18T07:16:04Z</time></trkpt><trkpt lat="22.53952482" lon="114.192954"><ele>438.9228515625</ele><time>2017-11-18T07:16:07Z</time></trkpt><trkpt lat="22.53954025" lon="114.19296454"><ele>439.4598388671875</ele><time>2017-11-18T07:16:09Z</time></trkpt><trkpt lat="22.53955975" lon="114.19297905"><ele>440.784912109375</ele><time>2017-11-18T07:16:12Z</time></trkpt><trkpt lat="22.53958459" lon="114.19299589"><ele>441.59698486328125</ele><time>2017-11-18T07:16:14Z</time></trkpt><trkpt lat="22.53959809" lon="114.19301115"><ele>442.534912109375</ele><time>2017-11-18T07:16:16Z</time></trkpt><trkpt lat="22.53961479" lon="114.19303007"><ele>441.978515625</ele><time>2017-11-18T07:16:19Z</time></trkpt><trkpt lat="22.5396315" lon="114.19304553"><ele>442.17510986328125</ele><time>2017-11-18T07:16:21Z</time></trkpt><trkpt lat="22.5396525" lon="114.19305963"><ele>443.2706298828125</ele><time>2017-11-18T07:16:23Z</time></trkpt><trkpt lat="22.53967158" lon="114.19307859"><ele>441.6239013671875</ele><time>2017-11-18T07:16:27Z</time></trkpt><trkpt lat="22.53968677" lon="114.19309249"><ele>440.1572265625</ele><time>2017-11-18T07:16:29Z</time></trkpt><trkpt lat="22.5397055" lon="114.19310095"><ele>439.43988037109375</ele><time>2017-11-18T07:16:32Z</time></trkpt><trkpt lat="22.53972933" lon="114.19311309"><ele>437.3812255859375</ele><time>2017-11-18T07:16:35Z</time></trkpt><trkpt lat="22.53975455" lon="114.19312208"><ele>436.8919677734375</ele><time>2017-11-18T07:16:38Z</time></trkpt><trkpt lat="22.53977396" lon="114.19313497"><ele>436.8314208984375</ele><time>2017-11-18T07:16:41Z</time></trkpt><trkpt lat="22.53979013" lon="114.19314664"><ele>435.04730224609375</ele><time>2017-11-18T07:16:44Z</time></trkpt><trkpt lat="22.53980709" lon="114.19315412"><ele>434.7022705078125</ele><time>2017-11-18T07:16:46Z</time></trkpt><trkpt lat="22.5398299" lon="114.19315324"><ele>435.3624267578125</ele><time>2017-11-18T07:16:50Z</time></trkpt><trkpt lat="22.53984642" lon="114.19316106"><ele>433.825439453125</ele><time>2017-11-18T07:16:52Z</time></trkpt><trkpt lat="22.53987014" lon="114.19317031"><ele>433.807373046875</ele><time>2017-11-18T07:16:55Z</time></trkpt><trkpt lat="22.53988786" lon="114.19317795"><ele>433.49896240234375</ele><time>2017-11-18T07:16:57Z</time></trkpt><trkpt lat="22.53990771" lon="114.19318924"><ele>433.033935546875</ele><time>2017-11-18T07:16:59Z</time></trkpt><trkpt lat="22.53992885" lon="114.19320218"><ele>432.69488525390625</ele><time>2017-11-18T07:17:01Z</time></trkpt><trkpt lat="22.53995539" lon="114.19321355"><ele>433.710205078125</ele><time>2017-11-18T07:17:03Z</time></trkpt><trkpt lat="22.53997327" lon="114.19322118"><ele>434.223388671875</ele><time>2017-11-18T07:17:04Z</time></trkpt><trkpt lat="22.53999684" lon="114.19323235"><ele>434.17767333984375</ele><time>2017-11-18T07:17:06Z</time></trkpt><trkpt lat="22.54002311" lon="114.19322891"><ele>435.248046875</ele><time>2017-11-18T07:17:11Z</time></trkpt><trkpt lat="22.54004647" lon="114.19322983"><ele>434.5367431640625</ele><time>2017-11-18T07:17:14Z</time></trkpt><trkpt lat="22.54005991" lon="114.19324674"><ele>433.4512939453125</ele><time>2017-11-18T07:17:18Z</time></trkpt><trkpt lat="22.54007671" lon="114.19325393"><ele>433.4571533203125</ele><time>2017-11-18T07:17:20Z</time></trkpt><trkpt lat="22.54009448" lon="114.19326361"><ele>434.709716796875</ele><time>2017-11-18T07:17:22Z</time></trkpt><trkpt lat="22.54011675" lon="114.19327978"><ele>432.912109375</ele><time>2017-11-18T07:17:26Z</time></trkpt><trkpt lat="22.54013895" lon="114.19329064"><ele>434.16937255859375</ele><time>2017-11-18T07:17:28Z</time></trkpt><trkpt lat="22.54016333" lon="114.19330292"><ele>434.6767578125</ele><time>2017-11-18T07:17:31Z</time></trkpt><trkpt lat="22.54018278" lon="114.19331945"><ele>435.0634765625</ele><time>2017-11-18T07:17:33Z</time></trkpt><trkpt lat="22.54019943" lon="114.1933344"><ele>434.29302978515625</ele><time>2017-11-18T07:17:36Z</time></trkpt><trkpt lat="22.5402145" lon="114.19335794"><ele>434.054931640625</ele><time>2017-11-18T07:17:39Z</time></trkpt><trkpt lat="22.54022548" lon="114.1933762"><ele>433.796142578125</ele><time>2017-11-18T07:17:41Z</time></trkpt><trkpt lat="22.54023788" lon="114.19339281"><ele>434.42889404296875</ele><time>2017-11-18T07:17:43Z</time></trkpt><trkpt lat="22.54025141" lon="114.1934131"><ele>435.83544921875</ele><time>2017-11-18T07:17:46Z</time></trkpt><trkpt lat="22.54026503" lon="114.19342829"><ele>436.664794921875</ele><time>2017-11-18T07:17:48Z</time></trkpt><trkpt lat="22.54027962" lon="114.19345821"><ele>436.4288330078125</ele><time>2017-11-18T07:17:51Z</time></trkpt><trkpt lat="22.54029031" lon="114.19347744"><ele>435.55816650390625</ele><time>2017-11-18T07:17:53Z</time></trkpt><trkpt lat="22.54030369" lon="114.19349435"><ele>435.9906005859375</ele><time>2017-11-18T07:17:55Z</time></trkpt><trkpt lat="22.54031522" lon="114.19351697"><ele>436.8272705078125</ele><time>2017-11-18T07:17:58Z</time></trkpt><trkpt lat="22.54032748" lon="114.19354195"><ele>437.4442138671875</ele><time>2017-11-18T07:18:00Z</time></trkpt><trkpt lat="22.54033888" lon="114.19355991"><ele>436.44146728515625</ele><time>2017-11-18T07:18:03Z</time></trkpt><trkpt lat="22.54035329" lon="114.19358091"><ele>437.473388671875</ele><time>2017-11-18T07:18:05Z</time></trkpt><trkpt lat="22.54036339" lon="114.19360243"><ele>438.448974609375</ele><time>2017-11-18T07:18:08Z</time></trkpt><trkpt lat="22.54037851" lon="114.1936206"><ele>440.0274658203125</ele><time>2017-11-18T07:18:10Z</time></trkpt><trkpt lat="22.54038386" lon="114.19364237"><ele>439.32293701171875</ele><time>2017-11-18T07:18:13Z</time></trkpt><trkpt lat="22.54039454" lon="114.19366366"><ele>439.50335693359375</ele><time>2017-11-18T07:18:15Z</time></trkpt><trkpt lat="22.5404148" lon="114.1936865"><ele>438.87567138671875</ele><time>2017-11-18T07:18:18Z</time></trkpt><trkpt lat="22.54043065" lon="114.19369823"><ele>440.03411865234375</ele><time>2017-11-18T07:18:20Z</time></trkpt><trkpt lat="22.54044884" lon="114.19370676"><ele>439.6295166015625</ele><time>2017-11-18T07:18:22Z</time></trkpt><trkpt lat="22.54046713" lon="114.19370995"><ele>440.7261962890625</ele><time>2017-11-18T07:18:29Z</time></trkpt><trkpt lat="22.54049135" lon="114.19371819"><ele>439.6650390625</ele><time>2017-11-18T07:18:53Z</time></trkpt><trkpt lat="22.54050841" lon="114.19371201"><ele>440.47979736328125</ele><time>2017-11-18T07:19:12Z</time></trkpt><trkpt lat="22.54052895" lon="114.19371456"><ele>438.6639404296875</ele><time>2017-11-18T07:19:15Z</time></trkpt><trkpt lat="22.54054836" lon="114.19372135"><ele>438.75872802734375</ele><time>2017-11-18T07:19:18Z</time></trkpt><trkpt lat="22.54056445" lon="114.19373169"><ele>438.7061767578125</ele><time>2017-11-18T07:19:20Z</time></trkpt><trkpt lat="22.54058472" lon="114.19374487"><ele>439.240234375</ele><time>2017-11-18T07:19:23Z</time></trkpt><trkpt lat="22.54060033" lon="114.19375915"><ele>439.612548828125</ele><time>2017-11-18T07:19:25Z</time></trkpt><trkpt lat="22.54061901" lon="114.19377273"><ele>438.98223876953125</ele><time>2017-11-18T07:19:27Z</time></trkpt><trkpt lat="22.54064153" lon="114.19378586"><ele>437.593994140625</ele><time>2017-11-18T07:19:29Z</time></trkpt><trkpt lat="22.54066619" lon="114.19380426"><ele>437.172119140625</ele><time>2017-11-18T07:19:31Z</time></trkpt><trkpt lat="22.54069013" lon="114.1938238"><ele>435.66357421875</ele><time>2017-11-18T07:19:33Z</time></trkpt><trkpt lat="22.54071502" lon="114.19383838"><ele>433.85107421875</ele><time>2017-11-18T07:19:35Z</time></trkpt><trkpt lat="22.54074394" lon="114.19386141"><ele>432.95294189453125</ele><time>2017-11-18T07:19:37Z</time></trkpt><trkpt lat="22.54076604" lon="114.19388498"><ele>432.82550048828125</ele><time>2017-11-18T07:19:39Z</time></trkpt><trkpt lat="22.5407866" lon="114.19390502"><ele>432.832275390625</ele><time>2017-11-18T07:19:41Z</time></trkpt><trkpt lat="22.54080209" lon="114.19392517"><ele>433.6634521484375</ele><time>2017-11-18T07:19:43Z</time></trkpt><trkpt lat="22.54081016" lon="114.19394467"><ele>433.5458984375</ele><time>2017-11-18T07:19:45Z</time></trkpt><trkpt lat="22.54081777" lon="114.1939667"><ele>433.670654296875</ele><time>2017-11-18T07:19:47Z</time></trkpt><trkpt lat="22.54082711" lon="114.19398487"><ele>432.875732421875</ele><time>2017-11-18T07:19:49Z</time></trkpt><trkpt lat="22.5408435" lon="114.19401024"><ele>433.23809814453125</ele><time>2017-11-18T07:19:52Z</time></trkpt><trkpt lat="22.54085439" lon="114.19402963"><ele>433.604736328125</ele><time>2017-11-18T07:19:54Z</time></trkpt><trkpt lat="22.5408688" lon="114.19404662"><ele>433.69189453125</ele><time>2017-11-18T07:19:57Z</time></trkpt><trkpt lat="22.54088532" lon="114.19406432"><ele>432.3902587890625</ele><time>2017-11-18T07:19:59Z</time></trkpt><trkpt lat="22.54089789" lon="114.19408236"><ele>432.2113037109375</ele><time>2017-11-18T07:20:01Z</time></trkpt><trkpt lat="22.54091036" lon="114.19410992"><ele>431.658935546875</ele><time>2017-11-18T07:20:03Z</time></trkpt><trkpt lat="22.54092125" lon="114.19413502"><ele>430.07275390625</ele><time>2017-11-18T07:20:05Z</time></trkpt><trkpt lat="22.54092881" lon="114.19415493"><ele>431.68328857421875</ele><time>2017-11-18T07:20:08Z</time></trkpt><trkpt lat="22.54094409" lon="114.19417325"><ele>431.10479736328125</ele><time>2017-11-18T07:20:10Z</time></trkpt><trkpt lat="22.54095926" lon="114.19419239"><ele>430.9326171875</ele><time>2017-11-18T07:20:12Z</time></trkpt><trkpt lat="22.5409786" lon="114.19421182"><ele>432.338134765625</ele><time>2017-11-18T07:20:14Z</time></trkpt><trkpt lat="22.54099703" lon="114.19421798"><ele>432.57550048828125</ele><time>2017-11-18T07:20:17Z</time></trkpt><trkpt lat="22.54101768" lon="114.19423277"><ele>431.77471923828125</ele><time>2017-11-18T07:20:19Z</time></trkpt><trkpt lat="22.5410324" lon="114.19424513"><ele>432.3900146484375</ele><time>2017-11-18T07:20:22Z</time></trkpt><trkpt lat="22.54105555" lon="114.1942477"><ele>430.90087890625</ele><time>2017-11-18T07:20:25Z</time></trkpt><trkpt lat="22.54108391" lon="114.19425439"><ele>431.75042724609375</ele><time>2017-11-18T07:20:28Z</time></trkpt><trkpt lat="22.54110825" lon="114.19425727"><ele>432.2039794921875</ele><time>2017-11-18T07:20:30Z</time></trkpt><trkpt lat="22.5411339" lon="114.19425617"><ele>431.906494140625</ele><time>2017-11-18T07:20:33Z</time></trkpt><trkpt lat="22.54115451" lon="114.19425849"><ele>432.00775146484375</ele><time>2017-11-18T07:20:35Z</time></trkpt><trkpt lat="22.54117759" lon="114.19426835"><ele>432.2215576171875</ele><time>2017-11-18T07:20:37Z</time></trkpt><trkpt lat="22.54119846" lon="114.19427571"><ele>433.833740234375</ele><time>2017-11-18T07:20:40Z</time></trkpt><trkpt lat="22.54121872" lon="114.19428248"><ele>435.53802490234375</ele><time>2017-11-18T07:20:42Z</time></trkpt><trkpt lat="22.54124245" lon="114.1942896"><ele>435.293212890625</ele><time>2017-11-18T07:20:45Z</time></trkpt><trkpt lat="22.54126508" lon="114.19429793"><ele>435.60546875</ele><time>2017-11-18T07:20:47Z</time></trkpt><trkpt lat="22.54128253" lon="114.19430856"><ele>437.19805908203125</ele><time>2017-11-18T07:20:50Z</time></trkpt><trkpt lat="22.54129767" lon="114.19431998"><ele>436.96435546875</ele><time>2017-11-18T07:20:53Z</time></trkpt><trkpt lat="22.5413168" lon="114.19432711"><ele>438.38623046875</ele><time>2017-11-18T07:20:56Z</time></trkpt><trkpt lat="22.54134032" lon="114.19433418"><ele>441.1634521484375</ele><time>2017-11-18T07:21:00Z</time></trkpt><trkpt lat="22.54136437" lon="114.19434032"><ele>440.640380859375</ele><time>2017-11-18T07:21:03Z</time></trkpt><trkpt lat="22.5413822" lon="114.19434867"><ele>440.19366455078125</ele><time>2017-11-18T07:21:06Z</time></trkpt><trkpt lat="22.5414012" lon="114.19435953"><ele>440.91162109375</ele><time>2017-11-18T07:21:09Z</time></trkpt><trkpt lat="22.54141191" lon="114.19437586"><ele>441.052734375</ele><time>2017-11-18T07:21:12Z</time></trkpt><trkpt lat="22.54142454" lon="114.19439484"><ele>440.67962646484375</ele><time>2017-11-18T07:21:15Z</time></trkpt><trkpt lat="22.54144805" lon="114.19439152"><ele>440.822265625</ele><time>2017-11-18T07:21:50Z</time></trkpt><trkpt lat="22.54146779" lon="114.1943954"><ele>441.50299072265625</ele><time>2017-11-18T07:21:53Z</time></trkpt><trkpt lat="22.54148305" lon="114.19440738"><ele>441.729736328125</ele><time>2017-11-18T07:21:59Z</time></trkpt><trkpt lat="22.54150321" lon="114.19441132"><ele>442.166748046875</ele><time>2017-11-18T07:22:03Z</time></trkpt><trkpt lat="22.54152191" lon="114.19441713"><ele>444.1136474609375</ele><time>2017-11-18T07:22:06Z</time></trkpt><trkpt lat="22.54154081" lon="114.19443113"><ele>445.1480712890625</ele><time>2017-11-18T07:22:09Z</time></trkpt><trkpt lat="22.5415596" lon="114.19444069"><ele>445.6396484375</ele><time>2017-11-18T07:22:13Z</time></trkpt><trkpt lat="22.54157495" lon="114.19445276"><ele>444.444580078125</ele><time>2017-11-18T07:22:22Z</time></trkpt><trkpt lat="22.54159562" lon="114.19444957"><ele>446.98687744140625</ele><time>2017-11-18T07:22:28Z</time></trkpt><trkpt lat="22.54161465" lon="114.19445679"><ele>448.0435791015625</ele><time>2017-11-18T07:22:32Z</time></trkpt><trkpt lat="22.54163104" lon="114.19446932"><ele>450.81011962890625</ele><time>2017-11-18T07:22:37Z</time></trkpt><trkpt lat="22.54165417" lon="114.19446777"><ele>451.3470458984375</ele><time>2017-11-18T07:22:42Z</time></trkpt><trkpt lat="22.54167795" lon="114.19446937"><ele>453.17828369140625</ele><time>2017-11-18T07:22:45Z</time></trkpt><trkpt lat="22.54169816" lon="114.19447756"><ele>452.3236083984375</ele><time>2017-11-18T07:22:48Z</time></trkpt><trkpt lat="22.54171717" lon="114.194483"><ele>452.4473876953125</ele><time>2017-11-18T07:22:52Z</time></trkpt><trkpt lat="22.54173563" lon="114.19448919"><ele>452.5089111328125</ele><time>2017-11-18T07:22:56Z</time></trkpt><trkpt lat="22.54175516" lon="114.1944845"><ele>454.3465576171875</ele><time>2017-11-18T07:23:03Z</time></trkpt><trkpt lat="22.54177604" lon="114.19448853"><ele>455.5909423828125</ele><time>2017-11-18T07:23:07Z</time></trkpt><trkpt lat="22.54179499" lon="114.19448498"><ele>455.5594482421875</ele><time>2017-11-18T07:23:11Z</time></trkpt><trkpt lat="22.54181621" lon="114.19448938"><ele>454.46612548828125</ele><time>2017-11-18T07:23:15Z</time></trkpt><trkpt lat="22.54183565" lon="114.1944931"><ele>453.490966796875</ele><time>2017-11-18T07:23:19Z</time></trkpt><trkpt lat="22.54185075" lon="114.1945066"><ele>455.4210205078125</ele><time>2017-11-18T07:23:24Z</time></trkpt><trkpt lat="22.54185617" lon="114.19452652"><ele>454.9840087890625</ele><time>2017-11-18T07:23:28Z</time></trkpt><trkpt lat="22.54186929" lon="114.19454333"><ele>455.7843017578125</ele><time>2017-11-18T07:23:34Z</time></trkpt><trkpt lat="22.54186095" lon="114.19456132"><ele>457.7093505859375</ele><time>2017-11-18T07:23:42Z</time></trkpt><trkpt lat="22.54187294" lon="114.19458218"><ele>457.26123046875</ele><time>2017-11-18T07:23:49Z</time></trkpt><trkpt lat="22.54189116" lon="114.19458648"><ele>459.1356201171875</ele><time>2017-11-18T07:23:52Z</time></trkpt><trkpt lat="22.54191432" lon="114.19459166"><ele>458.76434326171875</ele><time>2017-11-18T07:23:55Z</time></trkpt><trkpt lat="22.54193239" lon="114.19459897"><ele>458.4769287109375</ele><time>2017-11-18T07:23:57Z</time></trkpt><trkpt lat="22.54195155" lon="114.19460381"><ele>458.8724365234375</ele><time>2017-11-18T07:24:00Z</time></trkpt><trkpt lat="22.54197185" lon="114.19461646"><ele>458.548095703125</ele><time>2017-11-18T07:24:04Z</time></trkpt><trkpt lat="22.54199412" lon="114.19462571"><ele>457.9388427734375</ele><time>2017-11-18T07:24:07Z</time></trkpt><trkpt lat="22.5420175" lon="114.1946338"><ele>458.8172607421875</ele><time>2017-11-18T07:24:10Z</time></trkpt><trkpt lat="22.54203662" lon="114.19463993"><ele>460.69580078125</ele><time>2017-11-18T07:24:13Z</time></trkpt><trkpt lat="22.54205355" lon="114.19465736"><ele>461.44219970703125</ele><time>2017-11-18T07:24:16Z</time></trkpt><trkpt lat="22.54207339" lon="114.19466564"><ele>462.0654296875</ele><time>2017-11-18T07:24:19Z</time></trkpt><trkpt lat="22.54209676" lon="114.19465852"><ele>462.841796875</ele><time>2017-11-18T07:24:21Z</time></trkpt><trkpt lat="22.54212316" lon="114.19464972"><ele>463.292724609375</ele><time>2017-11-18T07:24:24Z</time></trkpt><trkpt lat="22.54214429" lon="114.19466084"><ele>461.977294921875</ele><time>2017-11-18T07:24:27Z</time></trkpt><trkpt lat="22.54216219" lon="114.19466693"><ele>461.2215576171875</ele><time>2017-11-18T07:24:30Z</time></trkpt><trkpt lat="22.54218313" lon="114.1946794"><ele>462.4171142578125</ele><time>2017-11-18T07:24:38Z</time></trkpt><trkpt lat="22.54215856" lon="114.19468943"><ele>462.84027099609375</ele><time>2017-11-18T07:24:50Z</time></trkpt><trkpt lat="22.54213705" lon="114.19469823"><ele>463.0560302734375</ele><time>2017-11-18T07:24:52Z</time></trkpt><trkpt lat="22.54211312" lon="114.19470926"><ele>463.56207275390625</ele><time>2017-11-18T07:24:54Z</time></trkpt><trkpt lat="22.54209478" lon="114.19470665"><ele>464.340087890625</ele><time>2017-11-18T07:24:57Z</time></trkpt><trkpt lat="22.54207601" lon="114.19471376"><ele>463.0931396484375</ele><time>2017-11-18T07:25:00Z</time></trkpt><trkpt lat="22.54205554" lon="114.19472692"><ele>463.69775390625</ele><time>2017-11-18T07:25:02Z</time></trkpt><trkpt lat="22.54203032" lon="114.19474248"><ele>464.9891357421875</ele><time>2017-11-18T07:25:05Z</time></trkpt><trkpt lat="22.5420135" lon="114.19474976"><ele>462.89154052734375</ele><time>2017-11-18T07:25:07Z</time></trkpt><trkpt lat="22.54199638" lon="114.19475751"><ele>462.45263671875</ele><time>2017-11-18T07:25:09Z</time></trkpt><trkpt lat="22.54197271" lon="114.1947635"><ele>461.57666015625</ele><time>2017-11-18T07:25:12Z</time></trkpt><trkpt lat="22.54195034" lon="114.19476953"><ele>462.43023681640625</ele><time>2017-11-18T07:25:15Z</time></trkpt><trkpt lat="22.54192608" lon="114.1947732"><ele>461.43963623046875</ele><time>2017-11-18T07:25:18Z</time></trkpt><trkpt lat="22.54190746" lon="114.19477712"><ele>463.69708251953125</ele><time>2017-11-18T07:25:22Z</time></trkpt><trkpt lat="22.54189198" lon="114.19479079"><ele>464.9234619140625</ele><time>2017-11-18T07:25:25Z</time></trkpt><trkpt lat="22.54187065" lon="114.19479534"><ele>465.2275390625</ele><time>2017-11-18T07:25:29Z</time></trkpt><trkpt lat="22.54188345" lon="114.19481158"><ele>466.7615966796875</ele><time>2017-11-18T07:26:26Z</time></trkpt><trkpt lat="22.54190255" lon="114.19480692"><ele>467.4725341796875</ele><time>2017-11-18T07:26:31Z</time></trkpt><trkpt lat="22.54190264" lon="114.19482767"><ele>465.7978515625</ele><time>2017-11-18T07:26:34Z</time></trkpt><trkpt lat="22.54191338" lon="114.19481098"><ele>467.98382568359375</ele><time>2017-11-18T07:27:58Z</time></trkpt><trkpt lat="22.5418912" lon="114.19480771"><ele>467.72674560546875</ele><time>2017-11-18T07:28:06Z</time></trkpt><trkpt lat="22.54187348" lon="114.19480084"><ele>467.8895263671875</ele><time>2017-11-18T07:28:21Z</time></trkpt><trkpt lat="22.5418902" lon="114.19478539"><ele>467.05950927734375</ele><time>2017-11-18T07:28:39Z</time></trkpt><trkpt lat="22.54191289" lon="114.19478354"><ele>466.603515625</ele><time>2017-11-18T07:28:41Z</time></trkpt><trkpt lat="22.54193163" lon="114.19479259"><ele>465.95135498046875</ele><time>2017-11-18T07:28:43Z</time></trkpt><trkpt lat="22.54195256" lon="114.19479061"><ele>465.21337890625</ele><time>2017-11-18T07:28:45Z</time></trkpt><trkpt lat="22.54197725" lon="114.19478838"><ele>464.8275146484375</ele><time>2017-11-18T07:28:47Z</time></trkpt><trkpt lat="22.54200486" lon="114.19478569"><ele>463.49066162109375</ele><time>2017-11-18T07:28:50Z</time></trkpt><trkpt lat="22.54203192" lon="114.19477957"><ele>463.42852783203125</ele><time>2017-11-18T07:28:52Z</time></trkpt><trkpt lat="22.54205339" lon="114.1947744"><ele>462.58544921875</ele><time>2017-11-18T07:28:54Z</time></trkpt><trkpt lat="22.54207595" lon="114.19476343"><ele>462.45904541015625</ele><time>2017-11-18T07:28:57Z</time></trkpt><trkpt lat="22.54209507" lon="114.19475584"><ele>461.7708740234375</ele><time>2017-11-18T07:29:01Z</time></trkpt><trkpt lat="22.5421179" lon="114.19474725"><ele>461.090087890625</ele><time>2017-11-18T07:29:06Z</time></trkpt><trkpt lat="22.54214238" lon="114.19473601"><ele>461.03271484375</ele><time>2017-11-18T07:29:08Z</time></trkpt><trkpt lat="22.54216268" lon="114.19472531"><ele>459.883544921875</ele><time>2017-11-18T07:29:10Z</time></trkpt><trkpt lat="22.54218971" lon="114.19470508"><ele>460.5399169921875</ele><time>2017-11-18T07:29:12Z</time></trkpt><trkpt lat="22.54220563" lon="114.19468975"><ele>459.9866943359375</ele><time>2017-11-18T07:29:14Z</time></trkpt><trkpt lat="22.5422198" lon="114.19467507"><ele>461.0938720703125</ele><time>2017-11-18T07:29:16Z</time></trkpt><trkpt lat="22.54224217" lon="114.19465955"><ele>460.6700439453125</ele><time>2017-11-18T07:29:19Z</time></trkpt><trkpt lat="22.5422598" lon="114.19463437"><ele>460.8839111328125</ele><time>2017-11-18T07:29:23Z</time></trkpt><trkpt lat="22.54227231" lon="114.19461464"><ele>461.435791015625</ele><time>2017-11-18T07:29:25Z</time></trkpt><trkpt lat="22.54228595" lon="114.19459922"><ele>460.6839599609375</ele><time>2017-11-18T07:29:27Z</time></trkpt><trkpt lat="22.54229878" lon="114.19458366"><ele>461.37109375</ele><time>2017-11-18T07:29:29Z</time></trkpt><trkpt lat="22.54231782" lon="114.19456661"><ele>463.4027099609375</ele><time>2017-11-18T07:29:31Z</time></trkpt><trkpt lat="22.54233362" lon="114.19455235"><ele>464.5911865234375</ele><time>2017-11-18T07:29:33Z</time></trkpt><trkpt lat="22.54235251" lon="114.19454171"><ele>464.4505615234375</ele><time>2017-11-18T07:29:35Z</time></trkpt><trkpt lat="22.54237286" lon="114.19452277"><ele>464.8509521484375</ele><time>2017-11-18T07:29:38Z</time></trkpt><trkpt lat="22.54239341" lon="114.19450991"><ele>464.7935791015625</ele><time>2017-11-18T07:29:40Z</time></trkpt><trkpt lat="22.54241545" lon="114.1945021"><ele>464.88946533203125</ele><time>2017-11-18T07:29:42Z</time></trkpt><trkpt lat="22.54243251" lon="114.19449398"><ele>464.1275634765625</ele><time>2017-11-18T07:29:44Z</time></trkpt><trkpt lat="22.54245033" lon="114.19448248"><ele>465.9237060546875</ele><time>2017-11-18T07:29:46Z</time></trkpt><trkpt lat="22.54247634" lon="114.1944702"><ele>466.069580078125</ele><time>2017-11-18T07:29:48Z</time></trkpt><trkpt lat="22.5424942" lon="114.19446293"><ele>465.51568603515625</ele><time>2017-11-18T07:29:50Z</time></trkpt><trkpt lat="22.54252203" lon="114.19445611"><ele>463.91455078125</ele><time>2017-11-18T07:29:53Z</time></trkpt><trkpt lat="22.54255058" lon="114.19445141"><ele>463.65643310546875</ele><time>2017-11-18T07:29:55Z</time></trkpt><trkpt lat="22.54257043" lon="114.19444855"><ele>462.5509033203125</ele><time>2017-11-18T07:29:59Z</time></trkpt><trkpt lat="22.54259789" lon="114.19443843"><ele>462.504638671875</ele><time>2017-11-18T07:30:02Z</time></trkpt><trkpt lat="22.54261649" lon="114.19443998"><ele>461.0108642578125</ele><time>2017-11-18T07:30:06Z</time></trkpt><trkpt lat="22.54263459" lon="114.19443242"><ele>461.8770751953125</ele><time>2017-11-18T07:30:09Z</time></trkpt><trkpt lat="22.54264999" lon="114.19441666"><ele>462.21807861328125</ele><time>2017-11-18T07:30:12Z</time></trkpt><trkpt lat="22.54266568" lon="114.19440299"><ele>462.7139892578125</ele><time>2017-11-18T07:30:15Z</time></trkpt><trkpt lat="22.54268207" lon="114.19439339"><ele>464.2421875</ele><time>2017-11-18T07:30:17Z</time></trkpt><trkpt lat="22.54269839" lon="114.19438168"><ele>465.1142578125</ele><time>2017-11-18T07:30:20Z</time></trkpt><trkpt lat="22.5427175" lon="114.19437026"><ele>466.239013671875</ele><time>2017-11-18T07:30:23Z</time></trkpt><trkpt lat="22.54273802" lon="114.19435468"><ele>467.52911376953125</ele><time>2017-11-18T07:30:26Z</time></trkpt><trkpt lat="22.54275455" lon="114.19434204"><ele>468.2613525390625</ele><time>2017-11-18T07:30:29Z</time></trkpt><trkpt lat="22.54277847" lon="114.19434263"><ele>468.6873779296875</ele><time>2017-11-18T07:30:32Z</time></trkpt><trkpt lat="22.54279964" lon="114.1943544"><ele>467.44390869140625</ele><time>2017-11-18T07:30:39Z</time></trkpt><trkpt lat="22.54282033" lon="114.1943606"><ele>470.9385986328125</ele><time>2017-11-18T07:30:57Z</time></trkpt><trkpt lat="22.54284066" lon="114.19436215"><ele>473.3983154296875</ele><time>2017-11-18T07:31:03Z</time></trkpt><trkpt lat="22.54286598" lon="114.1943714"><ele>472.66656494140625</ele><time>2017-11-18T07:31:07Z</time></trkpt><trkpt lat="22.54288315" lon="114.19438306"><ele>472.957763671875</ele><time>2017-11-18T07:31:10Z</time></trkpt><trkpt lat="22.54290653" lon="114.19438798"><ele>474.6806640625</ele><time>2017-11-18T07:31:15Z</time></trkpt><trkpt lat="22.54292388" lon="114.19439395"><ele>476.093505859375</ele><time>2017-11-18T07:31:20Z</time></trkpt><trkpt lat="22.54294544" lon="114.1943868"><ele>477.260986328125</ele><time>2017-11-18T07:31:23Z</time></trkpt><trkpt lat="22.54296703" lon="114.19438173"><ele>476.96575927734375</ele><time>2017-11-18T07:31:26Z</time></trkpt><trkpt lat="22.54298102" lon="114.19436912"><ele>477.4329833984375</ele><time>2017-11-18T07:31:35Z</time></trkpt><trkpt lat="22.5429965" lon="114.19438069"><ele>478.1649169921875</ele><time>2017-11-18T07:31:38Z</time></trkpt><trkpt lat="22.54301129" lon="114.19439357"><ele>477.553466796875</ele><time>2017-11-18T07:31:41Z</time></trkpt><trkpt lat="22.5430325" lon="114.19440365"><ele>478.087158203125</ele><time>2017-11-18T07:31:43Z</time></trkpt><trkpt lat="22.54305577" lon="114.19440504"><ele>478.8997802734375</ele><time>2017-11-18T07:31:49Z</time></trkpt><trkpt lat="22.54307586" lon="114.19440098"><ele>478.2786865234375</ele><time>2017-11-18T07:31:52Z</time></trkpt><trkpt lat="22.54309389" lon="114.19440299"><ele>479.1947021484375</ele><time>2017-11-18T07:31:55Z</time></trkpt><trkpt lat="22.54311578" lon="114.19439969"><ele>480.58856201171875</ele><time>2017-11-18T07:31:58Z</time></trkpt><trkpt lat="22.54313539" lon="114.19440243"><ele>480.35821533203125</ele><time>2017-11-18T07:32:02Z</time></trkpt><trkpt lat="22.54315556" lon="114.19440588"><ele>481.183349609375</ele><time>2017-11-18T07:32:27Z</time></trkpt><trkpt lat="22.54313674" lon="114.19442191"><ele>476.583740234375</ele><time>2017-11-18T07:32:32Z</time></trkpt><trkpt lat="22.54313286" lon="114.19440206"><ele>481.7791748046875</ele><time>2017-11-18T07:33:14Z</time></trkpt><trkpt lat="22.54313944" lon="114.19442105"><ele>477.9022216796875</ele><time>2017-11-18T07:33:35Z</time></trkpt><trkpt lat="22.54314979" lon="114.19440264"><ele>482.36053466796875</ele><time>2017-11-18T07:33:59Z</time></trkpt><trkpt lat="22.54316458" lon="114.19438389"><ele>482.392822265625</ele><time>2017-11-18T07:34:10Z</time></trkpt><trkpt lat="22.54318829" lon="114.19438625"><ele>480.8896484375</ele><time>2017-11-18T07:34:13Z</time></trkpt><trkpt lat="22.5432102" lon="114.19439589"><ele>481.43359375</ele><time>2017-11-18T07:34:17Z</time></trkpt><trkpt lat="22.54321517" lon="114.19441528"><ele>479.8802490234375</ele><time>2017-11-18T07:34:29Z</time></trkpt><trkpt lat="22.5432369" lon="114.19442565"><ele>479.5687255859375</ele><time>2017-11-18T07:34:32Z</time></trkpt><trkpt lat="22.54325521" lon="114.19443177"><ele>477.02960205078125</ele><time>2017-11-18T07:34:34Z</time></trkpt><trkpt lat="22.54327847" lon="114.19443104"><ele>477.1019287109375</ele><time>2017-11-18T07:34:43Z</time></trkpt><trkpt lat="22.54330137" lon="114.19442056"><ele>476.48394775390625</ele><time>2017-11-18T07:34:46Z</time></trkpt><trkpt lat="22.54331903" lon="114.19441351"><ele>475.7398681640625</ele><time>2017-11-18T07:34:48Z</time></trkpt><trkpt lat="22.54334035" lon="114.19441184"><ele>475.14324951171875</ele><time>2017-11-18T07:34:50Z</time></trkpt><trkpt lat="22.54335862" lon="114.19441532"><ele>475.0308837890625</ele><time>2017-11-18T07:34:51Z</time></trkpt><trkpt lat="22.5433684" lon="114.19439846"><ele>477.10614013671875</ele><time>2017-11-18T07:34:58Z</time></trkpt><trkpt lat="22.54336048" lon="114.19442081"><ele>478.559326171875</ele><time>2017-11-18T07:35:06Z</time></trkpt><trkpt lat="22.54334248" lon="114.19442218"><ele>477.887939453125</ele><time>2017-11-18T07:35:10Z</time></trkpt><trkpt lat="22.54336019" lon="114.19441726"><ele>479.25726318359375</ele><time>2017-11-18T07:36:11Z</time></trkpt><trkpt lat="22.54337955" lon="114.19441808"><ele>479.38665771484375</ele><time>2017-11-18T07:36:15Z</time></trkpt><trkpt lat="22.54339831" lon="114.19440743"><ele>482.3846435546875</ele><time>2017-11-18T07:36:18Z</time></trkpt><trkpt lat="22.54337922" lon="114.19440482"><ele>483.1090087890625</ele><time>2017-11-18T07:36:24Z</time></trkpt><trkpt lat="22.54337901" lon="114.19438501"><ele>484.3817138671875</ele><time>2017-11-18T07:36:40Z</time></trkpt><trkpt lat="22.54335926" lon="114.19438982"><ele>480.9705810546875</ele><time>2017-11-18T07:37:00Z</time></trkpt><trkpt lat="22.54334664" lon="114.19440898"><ele>480.03448486328125</ele><time>2017-11-18T07:37:03Z</time></trkpt><trkpt lat="22.5433296" lon="114.19442082"><ele>481.1280517578125</ele><time>2017-11-18T07:37:08Z</time></trkpt><trkpt lat="22.54334362" lon="114.19440732"><ele>478.9576416015625</ele><time>2017-11-18T07:37:29Z</time></trkpt><trkpt lat="22.54334366" lon="114.19438713"><ele>478.47369384765625</ele><time>2017-11-18T07:37:42Z</time></trkpt><trkpt lat="22.54335798" lon="114.19439943"><ele>480.7498779296875</ele><time>2017-11-18T07:38:25Z</time></trkpt><trkpt lat="22.54337579" lon="114.19440284"><ele>481.74017333984375</ele><time>2017-11-18T07:38:32Z</time></trkpt><trkpt lat="22.54338165" lon="114.1943816"><ele>483.6385498046875</ele><time>2017-11-18T07:42:56Z</time></trkpt><trkpt lat="22.54337466" lon="114.19436341"><ele>482.70654296875</ele><time>2017-11-18T07:43:07Z</time></trkpt><trkpt lat="22.54335001" lon="114.19437098"><ele>485.9427490234375</ele><time>2017-11-18T07:45:28Z</time></trkpt><trkpt lat="22.54335991" lon="114.19438872"><ele>476.77099609375</ele><time>2017-11-18T07:45:34Z</time></trkpt><trkpt lat="22.54334109" lon="114.19437617"><ele>480.14654541015625</ele><time>2017-11-18T07:48:23Z</time></trkpt><trkpt lat="22.54331955" lon="114.19436938"><ele>482.5137939453125</ele><time>2017-11-18T07:48:36Z</time></trkpt><trkpt lat="22.54329261" lon="114.19437411"><ele>481.957763671875</ele><time>2017-11-18T07:48:39Z</time></trkpt><trkpt lat="22.54326902" lon="114.19438068"><ele>482.77490234375</ele><time>2017-11-18T07:48:42Z</time></trkpt><trkpt lat="22.5432457" lon="114.194371"><ele>485.018310546875</ele><time>2017-11-18T07:48:45Z</time></trkpt><trkpt lat="22.54322111" lon="114.19436075"><ele>484.7415771484375</ele><time>2017-11-18T07:48:48Z</time></trkpt><trkpt lat="22.54319699" lon="114.1943635"><ele>484.014892578125</ele><time>2017-11-18T07:48:51Z</time></trkpt><trkpt lat="22.54317156" lon="114.19436641"><ele>484.6947021484375</ele><time>2017-11-18T07:48:54Z</time></trkpt><trkpt lat="22.54315228" lon="114.19436175"><ele>483.224853515625</ele><time>2017-11-18T07:48:56Z</time></trkpt><trkpt lat="22.54313274" lon="114.19435802"><ele>483.88665771484375</ele><time>2017-11-18T07:48:58Z</time></trkpt><trkpt lat="22.54311465" lon="114.1943657"><ele>482.9210205078125</ele><time>2017-11-18T07:49:00Z</time></trkpt><trkpt lat="22.5430987" lon="114.19437648"><ele>482.94366455078125</ele><time>2017-11-18T07:49:02Z</time></trkpt><trkpt lat="22.54307419" lon="114.19438486"><ele>484.82275390625</ele><time>2017-11-18T07:49:05Z</time></trkpt><trkpt lat="22.54305915" lon="114.1943963"><ele>481.63458251953125</ele><time>2017-11-18T07:49:07Z</time></trkpt><trkpt lat="22.54304156" lon="114.19440472"><ele>483.95123291015625</ele><time>2017-11-18T07:49:11Z</time></trkpt><trkpt lat="22.54303127" lon="114.19438137"><ele>482.31341552734375</ele><time>2017-11-18T07:49:15Z</time></trkpt><trkpt lat="22.54303127" lon="114.19435709"><ele>483.2681884765625</ele><time>2017-11-18T07:49:18Z</time></trkpt><trkpt lat="22.54301325" lon="114.19436382"><ele>480.5755615234375</ele><time>2017-11-18T07:50:00Z</time></trkpt><trkpt lat="22.5429914" lon="114.19436569"><ele>480.829345703125</ele><time>2017-11-18T07:50:04Z</time></trkpt><trkpt lat="22.54297244" lon="114.19436179"><ele>478.6279296875</ele><time>2017-11-18T07:50:11Z</time></trkpt><trkpt lat="22.54294853" lon="114.19436471"><ele>478.6617431640625</ele><time>2017-11-18T07:50:14Z</time></trkpt><trkpt lat="22.54292949" lon="114.19435383"><ele>475.45233154296875</ele><time>2017-11-18T07:50:19Z</time></trkpt><trkpt lat="22.54291215" lon="114.19433781"><ele>475.7320556640625</ele><time>2017-11-18T07:50:22Z</time></trkpt><trkpt lat="22.5428885" lon="114.19433001"><ele>474.05413818359375</ele><time>2017-11-18T07:50:26Z</time></trkpt><trkpt lat="22.54286915" lon="114.19432565"><ele>472.3104248046875</ele><time>2017-11-18T07:50:29Z</time></trkpt><trkpt lat="22.5428482" lon="114.19432036"><ele>473.1435546875</ele><time>2017-11-18T07:50:32Z</time></trkpt><trkpt lat="22.5428297" lon="114.19431764"><ele>471.34881591796875</ele><time>2017-11-18T07:50:34Z</time></trkpt><trkpt lat="22.54280926" lon="114.19431273"><ele>468.70074462890625</ele><time>2017-11-18T07:50:36Z</time></trkpt><trkpt lat="22.54278421" lon="114.19430544"><ele>468.38970947265625</ele><time>2017-11-18T07:50:38Z</time></trkpt><trkpt lat="22.54276278" lon="114.19429893"><ele>467.5401611328125</ele><time>2017-11-18T07:50:40Z</time></trkpt><trkpt lat="22.54273166" lon="114.19429373"><ele>468.206298828125</ele><time>2017-11-18T07:50:42Z</time></trkpt><trkpt lat="22.54271216" lon="114.19429364"><ele>468.46600341796875</ele><time>2017-11-18T07:50:44Z</time></trkpt><trkpt lat="22.54270821" lon="114.1943143"><ele>468.80340576171875</ele><time>2017-11-18T07:50:53Z</time></trkpt><trkpt lat="22.54270692" lon="114.19433494"><ele>466.234130859375</ele><time>2017-11-18T07:51:25Z</time></trkpt><trkpt lat="22.5427091" lon="114.19435648"><ele>466.7593994140625</ele><time>2017-11-18T07:51:28Z</time></trkpt><trkpt lat="22.54272013" lon="114.19437895"><ele>467.510498046875</ele><time>2017-11-18T07:51:36Z</time></trkpt><trkpt lat="22.54272429" lon="114.19440257"><ele>468.2750244140625</ele><time>2017-11-18T07:51:38Z</time></trkpt><trkpt lat="22.54272512" lon="114.19442357"><ele>467.987548828125</ele><time>2017-11-18T07:51:41Z</time></trkpt><trkpt lat="22.54273685" lon="114.19444036"><ele>468.3707275390625</ele><time>2017-11-18T07:51:47Z</time></trkpt><trkpt lat="22.54274351" lon="114.19446289"><ele>468.517822265625</ele><time>2017-11-18T07:51:49Z</time></trkpt><trkpt lat="22.54275653" lon="114.19447875"><ele>464.53265380859375</ele><time>2017-11-18T07:51:51Z</time></trkpt><trkpt lat="22.54277349" lon="114.19450489"><ele>464.245849609375</ele><time>2017-11-18T07:51:53Z</time></trkpt><trkpt lat="22.5427894" lon="114.19452487"><ele>463.6378173828125</ele><time>2017-11-18T07:51:55Z</time></trkpt><trkpt lat="22.54280349" lon="114.19454307"><ele>463.4227294921875</ele><time>2017-11-18T07:51:59Z</time></trkpt><trkpt lat="22.5428277" lon="114.19456126"><ele>464.59075927734375</ele><time>2017-11-18T07:52:02Z</time></trkpt><trkpt lat="22.54285302" lon="114.19457434"><ele>464.81005859375</ele><time>2017-11-18T07:52:04Z</time></trkpt><trkpt lat="22.54286975" lon="114.19456205"><ele>460.330322265625</ele><time>2017-11-18T07:52:11Z</time></trkpt><trkpt lat="22.54289257" lon="114.19457603"><ele>461.9468994140625</ele><time>2017-11-18T07:52:19Z</time></trkpt><trkpt lat="22.54291597" lon="114.19458544"><ele>461.254638671875</ele><time>2017-11-18T07:52:21Z</time></trkpt><trkpt lat="22.54293405" lon="114.19459005"><ele>460.4803466796875</ele><time>2017-11-18T07:52:23Z</time></trkpt><trkpt lat="22.54295249" lon="114.19460067"><ele>461.53759765625</ele><time>2017-11-18T07:52:27Z</time></trkpt><trkpt lat="22.5429553" lon="114.19461998"><ele>461.378173828125</ele><time>2017-11-18T07:52:30Z</time></trkpt><trkpt lat="22.54297706" lon="114.19463255"><ele>461.3548583984375</ele><time>2017-11-18T07:52:38Z</time></trkpt><trkpt lat="22.54300091" lon="114.19463779"><ele>462.7362060546875</ele><time>2017-11-18T07:52:40Z</time></trkpt><trkpt lat="22.54302295" lon="114.19463646"><ele>461.54205322265625</ele><time>2017-11-18T07:52:42Z</time></trkpt><trkpt lat="22.54304149" lon="114.19463857"><ele>459.52734375</ele><time>2017-11-18T07:52:44Z</time></trkpt><trkpt lat="22.54306336" lon="114.19464148"><ele>460.58551025390625</ele><time>2017-11-18T07:52:46Z</time></trkpt><trkpt lat="22.54308277" lon="114.1946444"><ele>461.1571044921875</ele><time>2017-11-18T07:52:50Z</time></trkpt><trkpt lat="22.54310101" lon="114.19464328"><ele>459.5128173828125</ele><time>2017-11-18T07:52:54Z</time></trkpt><trkpt lat="22.54312194" lon="114.19465563"><ele>459.88623046875</ele><time>2017-11-18T07:52:57Z</time></trkpt><trkpt lat="22.54314315" lon="114.19466461"><ele>460.26416015625</ele><time>2017-11-18T07:52:59Z</time></trkpt><trkpt lat="22.54316425" lon="114.19466864"><ele>459.6944580078125</ele><time>2017-11-18T07:53:02Z</time></trkpt><trkpt lat="22.54318553" lon="114.19467995"><ele>458.63330078125</ele><time>2017-11-18T07:53:07Z</time></trkpt><trkpt lat="22.54320633" lon="114.19469306"><ele>458.794677734375</ele><time>2017-11-18T07:53:10Z</time></trkpt><trkpt lat="22.5432261" lon="114.19470257"><ele>458.9041748046875</ele><time>2017-11-18T07:53:12Z</time></trkpt><trkpt lat="22.54324577" lon="114.19471088"><ele>459.42510986328125</ele><time>2017-11-18T07:53:14Z</time></trkpt><trkpt lat="22.5432652" lon="114.19471944"><ele>458.4127197265625</ele><time>2017-11-18T07:53:16Z</time></trkpt><trkpt lat="22.54328503" lon="114.19473582"><ele>458.25640869140625</ele><time>2017-11-18T07:53:19Z</time></trkpt><trkpt lat="22.54330541" lon="114.19475537"><ele>457.66455078125</ele><time>2017-11-18T07:53:22Z</time></trkpt><trkpt lat="22.54332152" lon="114.19477448"><ele>456.56427001953125</ele><time>2017-11-18T07:53:25Z</time></trkpt><trkpt lat="22.54333483" lon="114.1947908"><ele>456.9554443359375</ele><time>2017-11-18T07:53:28Z</time></trkpt><trkpt lat="22.54335012" lon="114.19481363"><ele>456.8590087890625</ele><time>2017-11-18T07:53:31Z</time></trkpt><trkpt lat="22.54336702" lon="114.19482714"><ele>456.5491943359375</ele><time>2017-11-18T07:53:40Z</time></trkpt><trkpt lat="22.54338114" lon="114.19484206"><ele>456.525390625</ele><time>2017-11-18T07:53:43Z</time></trkpt><trkpt lat="22.54339197" lon="114.19486446"><ele>456.4073486328125</ele><time>2017-11-18T07:53:47Z</time></trkpt><trkpt lat="22.54339809" lon="114.19488678"><ele>456.02056884765625</ele><time>2017-11-18T07:53:50Z</time></trkpt><trkpt lat="22.54341674" lon="114.19489674"><ele>454.75323486328125</ele><time>2017-11-18T07:53:59Z</time></trkpt><trkpt lat="22.54343125" lon="114.19490981"><ele>454.8187255859375</ele><time>2017-11-18T07:54:01Z</time></trkpt><trkpt lat="22.5434458" lon="114.19493096"><ele>455.2047119140625</ele><time>2017-11-18T07:54:04Z</time></trkpt><trkpt lat="22.54346232" lon="114.19493925"><ele>454.6304931640625</ele><time>2017-11-18T07:54:09Z</time></trkpt><trkpt lat="22.54347667" lon="114.19495469"><ele>452.4200439453125</ele><time>2017-11-18T07:54:19Z</time></trkpt><trkpt lat="22.54348821" lon="114.1949758"><ele>453.3299560546875</ele><time>2017-11-18T07:54:22Z</time></trkpt><trkpt lat="22.54349343" lon="114.19499511"><ele>452.56646728515625</ele><time>2017-11-18T07:54:26Z</time></trkpt><trkpt lat="22.54349666" lon="114.19501497"><ele>452.9432373046875</ele><time>2017-11-18T07:54:28Z</time></trkpt><trkpt lat="22.54350599" lon="114.19504018"><ele>451.51959228515625</ele><time>2017-11-18T07:54:33Z</time></trkpt><trkpt lat="22.54351738" lon="114.19505984"><ele>451.013671875</ele><time>2017-11-18T07:54:35Z</time></trkpt><trkpt lat="22.54352531" lon="114.19508523"><ele>451.3125</ele><time>2017-11-18T07:54:38Z</time></trkpt><trkpt lat="22.54353023" lon="114.19510593"><ele>451.77850341796875</ele><time>2017-11-18T07:54:40Z</time></trkpt><trkpt lat="22.54353683" lon="114.19513395"><ele>450.1195068359375</ele><time>2017-11-18T07:54:43Z</time></trkpt><trkpt lat="22.54354629" lon="114.19516201"><ele>449.59063720703125</ele><time>2017-11-18T07:54:46Z</time></trkpt><trkpt lat="22.5435553" lon="114.195182"><ele>448.91748046875</ele><time>2017-11-18T07:54:48Z</time></trkpt><trkpt lat="22.54356269" lon="114.19520695"><ele>448.08001708984375</ele><time>2017-11-18T07:54:51Z</time></trkpt><trkpt lat="22.54357246" lon="114.19522699"><ele>447.84521484375</ele><time>2017-11-18T07:54:54Z</time></trkpt><trkpt lat="22.54359179" lon="114.19524039"><ele>448.13916015625</ele><time>2017-11-18T07:54:57Z</time></trkpt><trkpt lat="22.54360605" lon="114.19525701"><ele>448.6793212890625</ele><time>2017-11-18T07:55:00Z</time></trkpt><trkpt lat="22.54362343" lon="114.19527666"><ele>448.6986083984375</ele><time>2017-11-18T07:55:07Z</time></trkpt><trkpt lat="22.54363472" lon="114.19529303"><ele>447.8695068359375</ele><time>2017-11-18T07:55:09Z</time></trkpt><trkpt lat="22.54364164" lon="114.19532038"><ele>446.6925048828125</ele><time>2017-11-18T07:55:12Z</time></trkpt><trkpt lat="22.5436447" lon="114.19534773"><ele>445.9007568359375</ele><time>2017-11-18T07:55:15Z</time></trkpt><trkpt lat="22.54364496" lon="114.19536849"><ele>445.7432861328125</ele><time>2017-11-18T07:55:18Z</time></trkpt><trkpt lat="22.54365116" lon="114.1953953"><ele>444.9893798828125</ele><time>2017-11-18T07:55:21Z</time></trkpt><trkpt lat="22.54365736" lon="114.19542088"><ele>444.9832763671875</ele><time>2017-11-18T07:55:24Z</time></trkpt><trkpt lat="22.54366377" lon="114.19544525"><ele>445.212890625</ele><time>2017-11-18T07:55:27Z</time></trkpt><trkpt lat="22.54366901" lon="114.19546406"><ele>444.80303955078125</ele><time>2017-11-18T07:55:29Z</time></trkpt><trkpt lat="22.54367664" lon="114.19548946"><ele>444.5267333984375</ele><time>2017-11-18T07:55:34Z</time></trkpt><trkpt lat="22.54368083" lon="114.19551384"><ele>444.24078369140625</ele><time>2017-11-18T07:55:37Z</time></trkpt><trkpt lat="22.54368103" lon="114.19553463"><ele>444.136962890625</ele><time>2017-11-18T07:55:40Z</time></trkpt><trkpt lat="22.54369489" lon="114.19555083"><ele>444.6905517578125</ele><time>2017-11-18T07:55:43Z</time></trkpt><trkpt lat="22.54370613" lon="114.19557125"><ele>444.2572021484375</ele><time>2017-11-18T07:55:46Z</time></trkpt><trkpt lat="22.54371274" lon="114.19559499"><ele>443.61474609375</ele><time>2017-11-18T07:55:49Z</time></trkpt><trkpt lat="22.54370986" lon="114.19561787"><ele>442.453125</ele><time>2017-11-18T07:55:59Z</time></trkpt><trkpt lat="22.54371832" lon="114.19564576"><ele>441.61865234375</ele><time>2017-11-18T07:56:02Z</time></trkpt><trkpt lat="22.54372617" lon="114.19566914"><ele>441.756103515625</ele><time>2017-11-18T07:56:04Z</time></trkpt><trkpt lat="22.54373039" lon="114.19569371"><ele>441.1602783203125</ele><time>2017-11-18T07:56:06Z</time></trkpt><trkpt lat="22.54373495" lon="114.19571978"><ele>441.160400390625</ele><time>2017-11-18T07:56:08Z</time></trkpt><trkpt lat="22.5437388" lon="114.19574411"><ele>440.5899658203125</ele><time>2017-11-18T07:56:10Z</time></trkpt><trkpt lat="22.54374256" lon="114.19576754"><ele>440.56829833984375</ele><time>2017-11-18T07:56:12Z</time></trkpt><trkpt lat="22.54374666" lon="114.19578806"><ele>440.92486572265625</ele><time>2017-11-18T07:56:14Z</time></trkpt><trkpt lat="22.54375389" lon="114.19581762"><ele>440.88330078125</ele><time>2017-11-18T07:56:17Z</time></trkpt><trkpt lat="22.54375161" lon="114.19584014"><ele>441.0028076171875</ele><time>2017-11-18T07:56:19Z</time></trkpt><trkpt lat="22.54373694" lon="114.19586032"><ele>440.9610595703125</ele><time>2017-11-18T07:56:22Z</time></trkpt><trkpt lat="22.54372799" lon="114.1958785"><ele>440.59930419921875</ele><time>2017-11-18T07:56:26Z</time></trkpt><trkpt lat="22.54372785" lon="114.1959025"><ele>440.14862060546875</ele><time>2017-11-18T07:56:32Z</time></trkpt><trkpt lat="22.54373384" lon="114.19592269"><ele>440.22216796875</ele><time>2017-11-18T07:56:37Z</time></trkpt><trkpt lat="22.54373764" lon="114.19594188"><ele>440.49310302734375</ele><time>2017-11-18T07:56:41Z</time></trkpt><trkpt lat="22.5437343" lon="114.19596576"><ele>439.86676025390625</ele><time>2017-11-18T07:56:45Z</time></trkpt><trkpt lat="22.54372175" lon="114.19598075"><ele>438.5361328125</ele><time>2017-11-18T07:56:50Z</time></trkpt><trkpt lat="22.54372707" lon="114.19600336"><ele>438.2763671875</ele><time>2017-11-18T07:56:54Z</time></trkpt><trkpt lat="22.54373665" lon="114.19602105"><ele>437.07135009765625</ele><time>2017-11-18T07:56:57Z</time></trkpt><trkpt lat="22.54371746" lon="114.19601824"><ele>436.4324951171875</ele><time>2017-11-18T07:57:12Z</time></trkpt><trkpt lat="22.5437012" lon="114.19603288"><ele>435.16082763671875</ele><time>2017-11-18T07:57:28Z</time></trkpt><trkpt lat="22.54368284" lon="114.19603662"><ele>435.16973876953125</ele><time>2017-11-18T07:57:32Z</time></trkpt><trkpt lat="22.54368575" lon="114.19605619"><ele>435.5975341796875</ele><time>2017-11-18T07:57:37Z</time></trkpt><trkpt lat="22.54368844" lon="114.19608177"><ele>432.85455322265625</ele><time>2017-11-18T07:57:41Z</time></trkpt><trkpt lat="22.54370518" lon="114.19609357"><ele>430.55084228515625</ele><time>2017-11-18T07:57:44Z</time></trkpt><trkpt lat="22.5437081" lon="114.19611625"><ele>430.4576416015625</ele><time>2017-11-18T07:57:49Z</time></trkpt><trkpt lat="22.54370641" lon="114.19613649"><ele>427.38348388671875</ele><time>2017-11-18T07:57:52Z</time></trkpt><trkpt lat="22.54369744" lon="114.19616448"><ele>427.4573974609375</ele><time>2017-11-18T07:57:55Z</time></trkpt><trkpt lat="22.54369324" lon="114.19618945"><ele>426.13714599609375</ele><time>2017-11-18T07:57:58Z</time></trkpt><trkpt lat="22.54367219" lon="114.19619588"><ele>425.2694091796875</ele><time>2017-11-18T07:58:01Z</time></trkpt><trkpt lat="22.54366276" lon="114.19622546"><ele>421.59173583984375</ele><time>2017-11-18T07:58:04Z</time></trkpt><trkpt lat="22.54365877" lon="114.19625259"><ele>422.729736328125</ele><time>2017-11-18T07:58:06Z</time></trkpt><trkpt lat="22.54365288" lon="114.19627933"><ele>419.5625</ele><time>2017-11-18T07:58:08Z</time></trkpt><trkpt lat="22.54364671" lon="114.19631011"><ele>418.987060546875</ele><time>2017-11-18T07:58:10Z</time></trkpt><trkpt lat="22.5436395" lon="114.1963324"><ele>416.72991943359375</ele><time>2017-11-18T07:58:12Z</time></trkpt><trkpt lat="22.54362941" lon="114.19636245"><ele>417.21044921875</ele><time>2017-11-18T07:58:14Z</time></trkpt><trkpt lat="22.54361331" lon="114.19638722"><ele>416.772216796875</ele><time>2017-11-18T07:58:16Z</time></trkpt><trkpt lat="22.54359671" lon="114.19640026"><ele>416.92718505859375</ele><time>2017-11-18T07:58:19Z</time></trkpt><trkpt lat="22.54358773" lon="114.19641871"><ele>417.33099365234375</ele><time>2017-11-18T07:58:22Z</time></trkpt><trkpt lat="22.54358848" lon="114.19644182"><ele>419.71661376953125</ele><time>2017-11-18T07:58:30Z</time></trkpt><trkpt lat="22.54357023" lon="114.19646091"><ele>418.3447265625</ele><time>2017-11-18T07:58:33Z</time></trkpt><trkpt lat="22.54355198" lon="114.19646206"><ele>417.99652099609375</ele><time>2017-11-18T07:58:37Z</time></trkpt><trkpt lat="22.54353996" lon="114.19648166"><ele>418.26416015625</ele><time>2017-11-18T07:58:42Z</time></trkpt><trkpt lat="22.54353483" lon="114.19650884"><ele>415.692626953125</ele><time>2017-11-18T07:58:47Z</time></trkpt><trkpt lat="22.54352631" lon="114.19653138"><ele>417.20758056640625</ele><time>2017-11-18T07:58:49Z</time></trkpt><trkpt lat="22.54351019" lon="114.19654215"><ele>415.02655029296875</ele><time>2017-11-18T07:58:51Z</time></trkpt><trkpt lat="22.5434988" lon="114.19655976"><ele>415.6610107421875</ele><time>2017-11-18T07:58:53Z</time></trkpt><trkpt lat="22.5435025" lon="114.19658606"><ele>414.9505615234375</ele><time>2017-11-18T07:58:56Z</time></trkpt><trkpt lat="22.54350175" lon="114.19660678"><ele>414.326904296875</ele><time>2017-11-18T07:58:58Z</time></trkpt><trkpt lat="22.54349874" lon="114.19663028"><ele>415.5718994140625</ele><time>2017-11-18T07:59:01Z</time></trkpt><trkpt lat="22.54350615" lon="114.1966508"><ele>414.3426513671875</ele><time>2017-11-18T07:59:04Z</time></trkpt><trkpt lat="22.54350862" lon="114.19667174"><ele>415.0084228515625</ele><time>2017-11-18T07:59:06Z</time></trkpt><trkpt lat="22.54350955" lon="114.19669709"><ele>413.2647705078125</ele><time>2017-11-18T07:59:08Z</time></trkpt><trkpt lat="22.54350948" lon="114.19671709"><ele>413.06170654296875</ele><time>2017-11-18T07:59:10Z</time></trkpt><trkpt lat="22.54349876" lon="114.19673582"><ele>416.4495849609375</ele><time>2017-11-18T07:59:12Z</time></trkpt><trkpt lat="22.54348492" lon="114.19676093"><ele>417.17425537109375</ele><time>2017-11-18T07:59:14Z</time></trkpt><trkpt lat="22.54347668" lon="114.19678051"><ele>417.2188720703125</ele><time>2017-11-18T07:59:16Z</time></trkpt><trkpt lat="22.54347237" lon="114.19680761"><ele>416.77099609375</ele><time>2017-11-18T07:59:19Z</time></trkpt><trkpt lat="22.5434754" lon="114.19682708"><ele>413.5758056640625</ele><time>2017-11-18T07:59:21Z</time></trkpt><trkpt lat="22.54348023" lon="114.19684905"><ele>412.8463134765625</ele><time>2017-11-18T07:59:23Z</time></trkpt><trkpt lat="22.54348376" lon="114.19687331"><ele>411.7208251953125</ele><time>2017-11-18T07:59:25Z</time></trkpt><trkpt lat="22.5434737" lon="114.19689455"><ele>410.972412109375</ele><time>2017-11-18T07:59:27Z</time></trkpt><trkpt lat="22.54345553" lon="114.19689757"><ele>411.1597900390625</ele><time>2017-11-18T07:59:29Z</time></trkpt><trkpt lat="22.54345241" lon="114.19692155"><ele>409.361328125</ele><time>2017-11-18T07:59:32Z</time></trkpt><trkpt lat="22.54346081" lon="114.19694179"><ele>408.949951171875</ele><time>2017-11-18T07:59:35Z</time></trkpt><trkpt lat="22.54345926" lon="114.19696798"><ele>407.0269775390625</ele><time>2017-11-18T07:59:52Z</time></trkpt><trkpt lat="22.54345607" lon="114.19699013"><ele>405.25421142578125</ele><time>2017-11-18T07:59:55Z</time></trkpt><trkpt lat="22.5434492" lon="114.19702147"><ele>407.072998046875</ele><time>2017-11-18T07:59:58Z</time></trkpt><trkpt lat="22.54345703" lon="114.19704863"><ele>405.334228515625</ele><time>2017-11-18T08:00:00Z</time></trkpt><trkpt lat="22.54346621" lon="114.19707084"><ele>404.9818115234375</ele><time>2017-11-18T08:00:02Z</time></trkpt><trkpt lat="22.54347681" lon="114.19709314"><ele>406.905029296875</ele><time>2017-11-18T08:00:04Z</time></trkpt><trkpt lat="22.54348421" lon="114.19711301"><ele>405.8883056640625</ele><time>2017-11-18T08:00:06Z</time></trkpt><trkpt lat="22.54349345" lon="114.19713092"><ele>405.974609375</ele><time>2017-11-18T08:00:08Z</time></trkpt><trkpt lat="22.5435122" lon="114.19715009"><ele>404.0706787109375</ele><time>2017-11-18T08:00:10Z</time></trkpt><trkpt lat="22.54351895" lon="114.19716852"><ele>405.71630859375</ele><time>2017-11-18T08:00:12Z</time></trkpt><trkpt lat="22.54352334" lon="114.19719744"><ele>405.0885009765625</ele><time>2017-11-18T08:00:14Z</time></trkpt><trkpt lat="22.5435148" lon="114.19721911"><ele>403.9925537109375</ele><time>2017-11-18T08:00:16Z</time></trkpt><trkpt lat="22.54349729" lon="114.19723525"><ele>402.9053955078125</ele><time>2017-11-18T08:00:19Z</time></trkpt><trkpt lat="22.54348824" lon="114.19725752"><ele>403.34765625</ele><time>2017-11-18T08:00:22Z</time></trkpt><trkpt lat="22.54348133" lon="114.19727846"><ele>402.20635986328125</ele><time>2017-11-18T08:00:25Z</time></trkpt><trkpt lat="22.54349363" lon="114.19730043"><ele>397.16558837890625</ele><time>2017-11-18T08:00:29Z</time></trkpt><trkpt lat="22.54349951" lon="114.19731947"><ele>397.772216796875</ele><time>2017-11-18T08:00:39Z</time></trkpt><trkpt lat="22.54350496" lon="114.19734105"><ele>397.682373046875</ele><time>2017-11-18T08:00:44Z</time></trkpt><trkpt lat="22.54350277" lon="114.19736977"><ele>395.12237548828125</ele><time>2017-11-18T08:00:47Z</time></trkpt><trkpt lat="22.54348971" lon="114.19739147"><ele>391.2216796875</ele><time>2017-11-18T08:00:50Z</time></trkpt><trkpt lat="22.54347639" lon="114.197418"><ele>392.97601318359375</ele><time>2017-11-18T08:00:53Z</time></trkpt><trkpt lat="22.54346947" lon="114.1974444"><ele>393.2779541015625</ele><time>2017-11-18T08:00:55Z</time></trkpt><trkpt lat="22.54346461" lon="114.19746452"><ele>392.931884765625</ele><time>2017-11-18T08:00:57Z</time></trkpt><trkpt lat="22.54346231" lon="114.19749415"><ele>392.4945068359375</ele><time>2017-11-18T08:01:00Z</time></trkpt><trkpt lat="22.54346334" lon="114.19752192"><ele>394.1658935546875</ele><time>2017-11-18T08:01:03Z</time></trkpt><trkpt lat="22.5434666" lon="114.1975465"><ele>394.5894775390625</ele><time>2017-11-18T08:01:05Z</time></trkpt><trkpt lat="22.54347319" lon="114.19756508"><ele>393.99365234375</ele><time>2017-11-18T08:01:07Z</time></trkpt><trkpt lat="22.54347711" lon="114.19759247"><ele>391.83392333984375</ele><time>2017-11-18T08:01:10Z</time></trkpt><trkpt lat="22.54347486" lon="114.19761788"><ele>391.2598876953125</ele><time>2017-11-18T08:01:12Z</time></trkpt><trkpt lat="22.54346188" lon="114.19763151"><ele>394.57366943359375</ele><time>2017-11-18T08:01:18Z</time></trkpt><trkpt lat="22.543463" lon="114.19765698"><ele>393.3167724609375</ele><time>2017-11-18T08:01:21Z</time></trkpt><trkpt lat="22.54346326" lon="114.19767826"><ele>395.6278076171875</ele><time>2017-11-18T08:01:24Z</time></trkpt><trkpt lat="22.54346468" lon="114.19770398"><ele>396.24920654296875</ele><time>2017-11-18T08:01:27Z</time></trkpt><trkpt lat="22.54344611" lon="114.19772546"><ele>396.74517822265625</ele><time>2017-11-18T08:01:30Z</time></trkpt><trkpt lat="22.54342894" lon="114.19773482"><ele>396.7088623046875</ele><time>2017-11-18T08:01:32Z</time></trkpt><trkpt lat="22.54341594" lon="114.19775571"><ele>395.6387939453125</ele><time>2017-11-18T08:01:34Z</time></trkpt><trkpt lat="22.5434155" lon="114.19777833"><ele>394.50421142578125</ele><time>2017-11-18T08:01:36Z</time></trkpt><trkpt lat="22.5434185" lon="114.19780162"><ele>396.42608642578125</ele><time>2017-11-18T08:01:42Z</time></trkpt><trkpt lat="22.54340733" lon="114.1978177"><ele>394.8013916015625</ele><time>2017-11-18T08:01:49Z</time></trkpt><trkpt lat="22.543399" lon="114.19783736"><ele>394.0682373046875</ele><time>2017-11-18T08:01:51Z</time></trkpt><trkpt lat="22.54340372" lon="114.19786143"><ele>387.133544921875</ele><time>2017-11-18T08:02:01Z</time></trkpt><trkpt lat="22.54340332" lon="114.19788326"><ele>386.4322509765625</ele><time>2017-11-18T08:02:04Z</time></trkpt><trkpt lat="22.54340032" lon="114.19790903"><ele>386.3775634765625</ele><time>2017-11-18T08:02:09Z</time></trkpt><trkpt lat="22.5433981" lon="114.19793125"><ele>386.0906982421875</ele><time>2017-11-18T08:02:11Z</time></trkpt><trkpt lat="22.54339638" lon="114.19795431"><ele>386.936279296875</ele><time>2017-11-18T08:02:19Z</time></trkpt><trkpt lat="22.54338999" lon="114.19798058"><ele>387.00543212890625</ele><time>2017-11-18T08:02:22Z</time></trkpt><trkpt lat="22.54338494" lon="114.19800476"><ele>387.0263671875</ele><time>2017-11-18T08:02:25Z</time></trkpt><trkpt lat="22.54338727" lon="114.19802654"><ele>385.4315185546875</ele><time>2017-11-18T08:02:28Z</time></trkpt><trkpt lat="22.54339812" lon="114.19805273"><ele>386.711181640625</ele><time>2017-11-18T08:02:30Z</time></trkpt><trkpt lat="22.5434039" lon="114.19807215"><ele>384.54168701171875</ele><time>2017-11-18T08:02:32Z</time></trkpt><trkpt lat="22.54341175" lon="114.19809288"><ele>384.16046142578125</ele><time>2017-11-18T08:02:34Z</time></trkpt><trkpt lat="22.54341054" lon="114.19811827"><ele>384.02801513671875</ele><time>2017-11-18T08:02:36Z</time></trkpt><trkpt lat="22.54341727" lon="114.19814554"><ele>385.7530517578125</ele><time>2017-11-18T08:02:39Z</time></trkpt><trkpt lat="22.54342429" lon="114.19817011"><ele>385.203125</ele><time>2017-11-18T08:02:41Z</time></trkpt><trkpt lat="22.5434301" lon="114.19819189"><ele>385.3568115234375</ele><time>2017-11-18T08:02:43Z</time></trkpt><trkpt lat="22.5434333" lon="114.19821347"><ele>385.75958251953125</ele><time>2017-11-18T08:02:45Z</time></trkpt><trkpt lat="22.54343694" lon="114.19823357"><ele>385.1776123046875</ele><time>2017-11-18T08:02:47Z</time></trkpt><trkpt lat="22.54343174" lon="114.19825655"><ele>385.390380859375</ele><time>2017-11-18T08:02:49Z</time></trkpt><trkpt lat="22.54343061" lon="114.19828019"><ele>383.566162109375</ele><time>2017-11-18T08:02:51Z</time></trkpt><trkpt lat="22.54343924" lon="114.19829801"><ele>384.3907470703125</ele><time>2017-11-18T08:02:54Z</time></trkpt><trkpt lat="22.54345072" lon="114.1983163"><ele>383.74267578125</ele><time>2017-11-18T08:02:57Z</time></trkpt><trkpt lat="22.54346752" lon="114.19833958"><ele>380.8731689453125</ele><time>2017-11-18T08:03:00Z</time></trkpt><trkpt lat="22.54348991" lon="114.19835446"><ele>379.13092041015625</ele><time>2017-11-18T08:03:03Z</time></trkpt><trkpt lat="22.54350925" lon="114.19836561"><ele>378.67706298828125</ele><time>2017-11-18T08:03:05Z</time></trkpt><trkpt lat="22.54352741" lon="114.19839134"><ele>380.4090576171875</ele><time>2017-11-18T08:03:07Z</time></trkpt><trkpt lat="22.54353956" lon="114.19841961"><ele>381.00885009765625</ele><time>2017-11-18T08:03:09Z</time></trkpt><trkpt lat="22.54354989" lon="114.19844961"><ele>382.29736328125</ele><time>2017-11-18T08:03:11Z</time></trkpt><trkpt lat="22.54355648" lon="114.19846982"><ele>380.38006591796875</ele><time>2017-11-18T08:03:13Z</time></trkpt><trkpt lat="22.54356595" lon="114.19848715"><ele>380.4541015625</ele><time>2017-11-18T08:03:15Z</time></trkpt><trkpt lat="22.54358451" lon="114.19850169"><ele>376.2640380859375</ele><time>2017-11-18T08:03:20Z</time></trkpt><trkpt lat="22.54359461" lon="114.19852361"><ele>375.82952880859375</ele><time>2017-11-18T08:03:22Z</time></trkpt><trkpt lat="22.5436061" lon="114.19854669"><ele>376.8687744140625</ele><time>2017-11-18T08:03:25Z</time></trkpt><trkpt lat="22.54361181" lon="114.19857547"><ele>377.73681640625</ele><time>2017-11-18T08:03:27Z</time></trkpt><trkpt lat="22.54360689" lon="114.19859873"><ele>378.47723388671875</ele><time>2017-11-18T08:03:29Z</time></trkpt><trkpt lat="22.54359765" lon="114.19861599"><ele>375.64569091796875</ele><time>2017-11-18T08:03:32Z</time></trkpt><trkpt lat="22.54359031" lon="114.19863922"><ele>377.3199462890625</ele><time>2017-11-18T08:03:34Z</time></trkpt><trkpt lat="22.54358226" lon="114.19866287"><ele>377.2095947265625</ele><time>2017-11-18T08:03:37Z</time></trkpt><trkpt lat="22.54357164" lon="114.19867953"><ele>377.138671875</ele><time>2017-11-18T08:03:40Z</time></trkpt><trkpt lat="22.54356664" lon="114.19869992"><ele>378.7373046875</ele><time>2017-11-18T08:03:43Z</time></trkpt><trkpt lat="22.54356397" lon="114.19872312"><ele>381.5223388671875</ele><time>2017-11-18T08:03:45Z</time></trkpt><trkpt lat="22.54355911" lon="114.19874228"><ele>381.9088134765625</ele><time>2017-11-18T08:03:47Z</time></trkpt><trkpt lat="22.54355386" lon="114.19876916"><ele>381.248291015625</ele><time>2017-11-18T08:03:50Z</time></trkpt><trkpt lat="22.54354946" lon="114.19879156"><ele>380.99090576171875</ele><time>2017-11-18T08:03:53Z</time></trkpt><trkpt lat="22.54354467" lon="114.19881333"><ele>379.850341796875</ele><time>2017-11-18T08:03:55Z</time></trkpt><trkpt lat="22.54354519" lon="114.19883548"><ele>378.11669921875</ele><time>2017-11-18T08:03:57Z</time></trkpt><trkpt lat="22.5435429" lon="114.19885636"><ele>380.7645263671875</ele><time>2017-11-18T08:03:59Z</time></trkpt><trkpt lat="22.54353332" lon="114.1988753"><ele>380.48492431640625</ele><time>2017-11-18T08:04:01Z</time></trkpt><trkpt lat="22.5435217" lon="114.19889745"><ele>380.4910888671875</ele><time>2017-11-18T08:04:04Z</time></trkpt><trkpt lat="22.54351426" lon="114.19892496"><ele>383.33160400390625</ele><time>2017-11-18T08:04:07Z</time></trkpt><trkpt lat="22.54349902" lon="114.19894781"><ele>382.208740234375</ele><time>2017-11-18T08:04:10Z</time></trkpt><trkpt lat="22.54349097" lon="114.19896644"><ele>382.16497802734375</ele><time>2017-11-18T08:04:12Z</time></trkpt><trkpt lat="22.54348865" lon="114.19899107"><ele>385.904052734375</ele><time>2017-11-18T08:04:15Z</time></trkpt><trkpt lat="22.54348206" lon="114.19901238"><ele>387.1146240234375</ele><time>2017-11-18T08:04:18Z</time></trkpt><trkpt lat="22.5434793" lon="114.19903248"><ele>388.8016357421875</ele><time>2017-11-18T08:04:23Z</time></trkpt><trkpt lat="22.54347999" lon="114.19905713"><ele>391.171142578125</ele><time>2017-11-18T08:04:35Z</time></trkpt><trkpt lat="22.54348475" lon="114.19908129"><ele>391.2283935546875</ele><time>2017-11-18T08:04:37Z</time></trkpt><trkpt lat="22.54348258" lon="114.19910157"><ele>390.4908447265625</ele><time>2017-11-18T08:04:39Z</time></trkpt><trkpt lat="22.54347618" lon="114.19912752"><ele>391.050048828125</ele><time>2017-11-18T08:04:42Z</time></trkpt><trkpt lat="22.54347936" lon="114.19914955"><ele>392.2716064453125</ele><time>2017-11-18T08:04:45Z</time></trkpt><trkpt lat="22.54348292" lon="114.19917191"><ele>392.756591796875</ele><time>2017-11-18T08:04:48Z</time></trkpt><trkpt lat="22.54348742" lon="114.19919227"><ele>392.1922607421875</ele><time>2017-11-18T08:04:54Z</time></trkpt><trkpt lat="22.54350004" lon="114.19921374"><ele>392.1832275390625</ele><time>2017-11-18T08:04:59Z</time></trkpt><trkpt lat="22.54351047" lon="114.19923388"><ele>394.3355712890625</ele><time>2017-11-18T08:05:01Z</time></trkpt><trkpt lat="22.54351793" lon="114.19925713"><ele>395.7838134765625</ele><time>2017-11-18T08:05:06Z</time></trkpt><trkpt lat="22.54352196" lon="114.19927783"><ele>396.21356201171875</ele><time>2017-11-18T08:05:09Z</time></trkpt><trkpt lat="22.54352375" lon="114.19930049"><ele>395.85791015625</ele><time>2017-11-18T08:05:12Z</time></trkpt><trkpt lat="22.54353202" lon="114.1993246"><ele>396.11346435546875</ele><time>2017-11-18T08:05:15Z</time></trkpt><trkpt lat="22.54352989" lon="114.19934563"><ele>400.0760498046875</ele><time>2017-11-18T08:05:20Z</time></trkpt><trkpt lat="22.54351534" lon="114.19936106"><ele>404.1712646484375</ele><time>2017-11-18T08:05:26Z</time></trkpt><trkpt lat="22.54352809" lon="114.19938009"><ele>402.57110595703125</ele><time>2017-11-18T08:05:31Z</time></trkpt><trkpt lat="22.54354295" lon="114.19939467"><ele>403.0068359375</ele><time>2017-11-18T08:05:36Z</time></trkpt><trkpt lat="22.54355683" lon="114.19940861"><ele>402.6319580078125</ele><time>2017-11-18T08:05:43Z</time></trkpt><trkpt lat="22.54356457" lon="114.19942641"><ele>401.677490234375</ele><time>2017-11-18T08:05:48Z</time></trkpt><trkpt lat="22.54357993" lon="114.19943875"><ele>403.8228759765625</ele><time>2017-11-18T08:05:53Z</time></trkpt><trkpt lat="22.54358189" lon="114.19946154"><ele>405.48590087890625</ele><time>2017-11-18T08:06:20Z</time></trkpt><trkpt lat="22.54359032" lon="114.19948537"><ele>406.73370361328125</ele><time>2017-11-18T08:06:23Z</time></trkpt><trkpt lat="22.54359076" lon="114.19950605"><ele>402.2138671875</ele><time>2017-11-18T08:06:26Z</time></trkpt><trkpt lat="22.54359279" lon="114.19952742"><ele>401.2176513671875</ele><time>2017-11-18T08:06:28Z</time></trkpt><trkpt lat="22.54359495" lon="114.19954741"><ele>402.7806396484375</ele><time>2017-11-18T08:06:30Z</time></trkpt><trkpt lat="22.54360266" lon="114.19956838"><ele>406.69879150390625</ele><time>2017-11-18T08:06:32Z</time></trkpt><trkpt lat="22.54361203" lon="114.19958757"><ele>408.802490234375</ele><time>2017-11-18T08:06:35Z</time></trkpt><trkpt lat="22.54362595" lon="114.19960721"><ele>409.692626953125</ele><time>2017-11-18T08:06:38Z</time></trkpt><trkpt lat="22.54362444" lon="114.19963465"><ele>405.21221923828125</ele><time>2017-11-18T08:07:03Z</time></trkpt><trkpt lat="22.54362364" lon="114.19965482"><ele>403.58843994140625</ele><time>2017-11-18T08:07:05Z</time></trkpt><trkpt lat="22.54362316" lon="114.19967733"><ele>403.75244140625</ele><time>2017-11-18T08:07:07Z</time></trkpt><trkpt lat="22.54362245" lon="114.19970067"><ele>406.1668701171875</ele><time>2017-11-18T08:07:09Z</time></trkpt><trkpt lat="22.54362725" lon="114.19973374"><ele>407.21856689453125</ele><time>2017-11-18T08:07:11Z</time></trkpt><trkpt lat="22.54362958" lon="114.1997534"><ele>406.1304931640625</ele><time>2017-11-18T08:07:13Z</time></trkpt><trkpt lat="22.54361928" lon="114.19977311"><ele>402.5384521484375</ele><time>2017-11-18T08:07:16Z</time></trkpt><trkpt lat="22.54360963" lon="114.19978962"><ele>402.2869873046875</ele><time>2017-11-18T08:07:18Z</time></trkpt><trkpt lat="22.54360028" lon="114.19981804"><ele>403.92120361328125</ele><time>2017-11-18T08:07:22Z</time></trkpt><trkpt lat="22.54360155" lon="114.19984461"><ele>402.9560546875</ele><time>2017-11-18T08:07:24Z</time></trkpt><trkpt lat="22.54360569" lon="114.19987373"><ele>401.45257568359375</ele><time>2017-11-18T08:07:26Z</time></trkpt><trkpt lat="22.54360581" lon="114.19990954"><ele>403.028564453125</ele><time>2017-11-18T08:07:28Z</time></trkpt><trkpt lat="22.54360524" lon="114.1999401"><ele>402.4176025390625</ele><time>2017-11-18T08:07:30Z</time></trkpt><trkpt lat="22.54359924" lon="114.19996521"><ele>402.4256591796875</ele><time>2017-11-18T08:07:32Z</time></trkpt><trkpt lat="22.54358666" lon="114.19998689"><ele>401.4080810546875</ele><time>2017-11-18T08:07:35Z</time></trkpt><trkpt lat="22.54357487" lon="114.20000598"><ele>402.610595703125</ele><time>2017-11-18T08:07:37Z</time></trkpt><trkpt lat="22.54356868" lon="114.20002939"><ele>403.3599853515625</ele><time>2017-11-18T08:07:39Z</time></trkpt><trkpt lat="22.54355396" lon="114.20005085"><ele>402.430908203125</ele><time>2017-11-18T08:07:42Z</time></trkpt><trkpt lat="22.54353651" lon="114.20007414"><ele>403.25830078125</ele><time>2017-11-18T08:07:45Z</time></trkpt><trkpt lat="22.54353204" lon="114.20009567"><ele>404.0872802734375</ele><time>2017-11-18T08:07:48Z</time></trkpt><trkpt lat="22.54354861" lon="114.20010911"><ele>403.05780029296875</ele><time>2017-11-18T08:07:51Z</time></trkpt><trkpt lat="22.54354694" lon="114.20013005"><ele>402.5887451171875</ele><time>2017-11-18T08:07:57Z</time></trkpt><trkpt lat="22.54353988" lon="114.20014973"><ele>403.643310546875</ele><time>2017-11-18T08:07:59Z</time></trkpt><trkpt lat="22.54352873" lon="114.20016734"><ele>404.1859130859375</ele><time>2017-11-18T08:08:01Z</time></trkpt><trkpt lat="22.54351778" lon="114.20019285"><ele>404.2310791015625</ele><time>2017-11-18T08:08:05Z</time></trkpt><trkpt lat="22.54351495" lon="114.20021515"><ele>402.8369140625</ele><time>2017-11-18T08:08:10Z</time></trkpt><trkpt lat="22.54350598" lon="114.20023624"><ele>400.89990234375</ele><time>2017-11-18T08:08:13Z</time></trkpt><trkpt lat="22.54350493" lon="114.20025674"><ele>401.7100830078125</ele><time>2017-11-18T08:08:18Z</time></trkpt><trkpt lat="22.54349138" lon="114.20027578"><ele>401.9608154296875</ele><time>2017-11-18T08:08:21Z</time></trkpt><trkpt lat="22.54348305" lon="114.20029536"><ele>402.41107177734375</ele><time>2017-11-18T08:08:23Z</time></trkpt><trkpt lat="22.54347349" lon="114.20031393"><ele>404.02874755859375</ele><time>2017-11-18T08:08:26Z</time></trkpt><trkpt lat="22.54346971" lon="114.20033386"><ele>403.2178955078125</ele><time>2017-11-18T08:08:34Z</time></trkpt><trkpt lat="22.54345219" lon="114.20034374"><ele>402.44903564453125</ele><time>2017-11-18T08:08:36Z</time></trkpt><trkpt lat="22.54343689" lon="114.20036301"><ele>403.1002197265625</ele><time>2017-11-18T08:08:38Z</time></trkpt><trkpt lat="22.54342024" lon="114.20037565"><ele>401.06256103515625</ele><time>2017-11-18T08:08:41Z</time></trkpt><trkpt lat="22.54340478" lon="114.20039801"><ele>401.17132568359375</ele><time>2017-11-18T08:08:43Z</time></trkpt><trkpt lat="22.54338553" lon="114.20041394"><ele>400.9527587890625</ele><time>2017-11-18T08:08:45Z</time></trkpt><trkpt lat="22.54335581" lon="114.20042883"><ele>401.35443115234375</ele><time>2017-11-18T08:08:47Z</time></trkpt><trkpt lat="22.54333624" lon="114.20043393"><ele>400.7298583984375</ele><time>2017-11-18T08:08:49Z</time></trkpt><trkpt lat="22.54331433" lon="114.20044509"><ele>402.6649169921875</ele><time>2017-11-18T08:08:53Z</time></trkpt><trkpt lat="22.54330244" lon="114.2004702"><ele>403.6588134765625</ele><time>2017-11-18T08:08:56Z</time></trkpt><trkpt lat="22.54329905" lon="114.20049077"><ele>405.38055419921875</ele><time>2017-11-18T08:08:58Z</time></trkpt><trkpt lat="22.54329412" lon="114.2005144"><ele>406.03662109375</ele><time>2017-11-18T08:09:01Z</time></trkpt><trkpt lat="22.54328381" lon="114.200536"><ele>403.80810546875</ele><time>2017-11-18T08:09:09Z</time></trkpt><trkpt lat="22.54328526" lon="114.20055692"><ele>404.9471435546875</ele><time>2017-11-18T08:09:12Z</time></trkpt><trkpt lat="22.543272" lon="114.2005748"><ele>404.8214111328125</ele><time>2017-11-18T08:09:26Z</time></trkpt><trkpt lat="22.54325533" lon="114.20056623"><ele>403.7796630859375</ele><time>2017-11-18T08:09:33Z</time></trkpt><trkpt lat="22.54323344" lon="114.20057805"><ele>403.2952880859375</ele><time>2017-11-18T08:09:39Z</time></trkpt><trkpt lat="22.54325633" lon="114.20057229"><ele>402.0181884765625</ele><time>2017-11-18T08:10:00Z</time></trkpt><trkpt lat="22.54326553" lon="114.20055169"><ele>403.2801513671875</ele><time>2017-11-18T08:10:04Z</time></trkpt><trkpt lat="22.54325688" lon="114.20053398"><ele>402.4549560546875</ele><time>2017-11-18T08:10:45Z</time></trkpt><trkpt lat="22.54324138" lon="114.20052218"><ele>401.8248291015625</ele><time>2017-11-18T08:11:00Z</time></trkpt><trkpt lat="22.54322311" lon="114.2005159"><ele>401.55596923828125</ele><time>2017-11-18T08:11:17Z</time></trkpt><trkpt lat="22.54320585" lon="114.20050307"><ele>402.6365966796875</ele><time>2017-11-18T08:11:19Z</time></trkpt><trkpt lat="22.54318755" lon="114.20050502"><ele>404.1129150390625</ele><time>2017-11-18T08:11:22Z</time></trkpt><trkpt lat="22.54317096" lon="114.20051375"><ele>401.5343017578125</ele><time>2017-11-18T08:11:29Z</time></trkpt><trkpt lat="22.54315012" lon="114.20051339"><ele>402.4664306640625</ele><time>2017-11-18T08:11:35Z</time></trkpt><trkpt lat="22.54313039" lon="114.2005075"><ele>401.5958251953125</ele><time>2017-11-18T08:11:39Z</time></trkpt><trkpt lat="22.54311693" lon="114.20049453"><ele>396.947998046875</ele><time>2017-11-18T08:11:54Z</time></trkpt><trkpt lat="22.54309611" lon="114.20049703"><ele>396.66107177734375</ele><time>2017-11-18T08:12:01Z</time></trkpt><trkpt lat="22.54307703" lon="114.20049652"><ele>397.963623046875</ele><time>2017-11-18T08:12:15Z</time></trkpt><trkpt lat="22.54306083" lon="114.20048244"><ele>387.6197509765625</ele><time>2017-11-18T08:12:24Z</time></trkpt><trkpt lat="22.54305057" lon="114.20046168"><ele>385.7740478515625</ele><time>2017-11-18T08:12:26Z</time></trkpt><trkpt lat="22.54303518" lon="114.20044667"><ele>383.83367919921875</ele><time>2017-11-18T08:12:30Z</time></trkpt><trkpt lat="22.54301265" lon="114.20043528"><ele>387.689697265625</ele><time>2017-11-18T08:12:34Z</time></trkpt><trkpt lat="22.54300134" lon="114.20041729"><ele>386.0166015625</ele><time>2017-11-18T08:12:39Z</time></trkpt><trkpt lat="22.54298364" lon="114.20040491"><ele>384.56341552734375</ele><time>2017-11-18T08:12:42Z</time></trkpt><trkpt lat="22.54296394" lon="114.2004005"><ele>384.90728759765625</ele><time>2017-11-18T08:12:46Z</time></trkpt><trkpt lat="22.54297312" lon="114.20038276"><ele>383.596923828125</ele><time>2017-11-18T08:15:02Z</time></trkpt><trkpt lat="22.54296878" lon="114.20036235"><ele>383.45391845703125</ele><time>2017-11-18T08:15:07Z</time></trkpt><trkpt lat="22.54295269" lon="114.20035156"><ele>380.65185546875</ele><time>2017-11-18T08:15:36Z</time></trkpt><trkpt lat="22.54293397" lon="114.20035058"><ele>376.8702392578125</ele><time>2017-11-18T08:15:59Z</time></trkpt><trkpt lat="22.54294471" lon="114.20033271"><ele>370.871826171875</ele><time>2017-11-18T08:16:03Z</time></trkpt><trkpt lat="22.54292302" lon="114.20032543"><ele>368.89141845703125</ele><time>2017-11-18T08:16:31Z</time></trkpt><trkpt lat="22.54290582" lon="114.20031961"><ele>370.59234619140625</ele><time>2017-11-18T08:16:36Z</time></trkpt><trkpt lat="22.5428894" lon="114.20030794"><ele>368.7086181640625</ele><time>2017-11-18T08:16:45Z</time></trkpt><trkpt lat="22.54286899" lon="114.20031168"><ele>373.2413330078125</ele><time>2017-11-18T08:16:49Z</time></trkpt><trkpt lat="22.5428509" lon="114.20031533"><ele>372.35693359375</ele><time>2017-11-18T08:17:07Z</time></trkpt><trkpt lat="22.54282754" lon="114.20031626"><ele>372.28790283203125</ele><time>2017-11-18T08:17:12Z</time></trkpt><trkpt lat="22.54281842" lon="114.20029229"><ele>367.50360107421875</ele><time>2017-11-18T08:17:35Z</time></trkpt><trkpt lat="22.5428014" lon="114.20028441"><ele>365.73309326171875</ele><time>2017-11-18T08:17:42Z</time></trkpt><trkpt lat="22.54278365" lon="114.20027639"><ele>365.21533203125</ele><time>2017-11-18T08:17:53Z</time></trkpt><trkpt lat="22.54276825" lon="114.20026079"><ele>363.07763671875</ele><time>2017-11-18T08:17:59Z</time></trkpt><trkpt lat="22.54274565" lon="114.20026169"><ele>362.38275146484375</ele><time>2017-11-18T08:18:03Z</time></trkpt><trkpt lat="22.54272758" lon="114.20026412"><ele>363.2886962890625</ele><time>2017-11-18T08:18:08Z</time></trkpt><trkpt lat="22.54271033" lon="114.20025677"><ele>361.1107177734375</ele><time>2017-11-18T08:18:11Z</time></trkpt><trkpt lat="22.54268736" lon="114.20024673"><ele>361.35919189453125</ele><time>2017-11-18T08:18:15Z</time></trkpt><trkpt lat="22.54266473" lon="114.20024242"><ele>360.1497802734375</ele><time>2017-11-18T08:18:19Z</time></trkpt><trkpt lat="22.54264449" lon="114.20022476"><ele>352.53662109375</ele><time>2017-11-18T08:18:51Z</time></trkpt><trkpt lat="22.54262771" lon="114.20021404"><ele>352.78228759765625</ele><time>2017-11-18T08:18:53Z</time></trkpt><trkpt lat="22.5426154" lon="114.20019621"><ele>354.00897216796875</ele><time>2017-11-18T08:18:55Z</time></trkpt><trkpt lat="22.54259007" lon="114.20018653"><ele>354.00408935546875</ele><time>2017-11-18T08:19:00Z</time></trkpt><trkpt lat="22.54256639" lon="114.20018286"><ele>348.5469970703125</ele><time>2017-11-18T08:19:04Z</time></trkpt><trkpt lat="22.54254551" lon="114.20016583"><ele>347.86810302734375</ele><time>2017-11-18T08:19:11Z</time></trkpt><trkpt lat="22.54252636" lon="114.2001608"><ele>348.8934326171875</ele><time>2017-11-18T08:19:13Z</time></trkpt><trkpt lat="22.54250421" lon="114.20016854"><ele>347.37384033203125</ele><time>2017-11-18T08:19:16Z</time></trkpt><trkpt lat="22.54248709" lon="114.20018167"><ele>345.58984375</ele><time>2017-11-18T08:19:21Z</time></trkpt><trkpt lat="22.5424699" lon="114.20018892"><ele>345.033447265625</ele><time>2017-11-18T08:19:24Z</time></trkpt><trkpt lat="22.54245078" lon="114.20018749"><ele>345.53704833984375</ele><time>2017-11-18T08:19:31Z</time></trkpt><trkpt lat="22.54244114" lon="114.20016172"><ele>331.2808837890625</ele><time>2017-11-18T08:19:46Z</time></trkpt><trkpt lat="22.54242303" lon="114.20016347"><ele>326.5404052734375</ele><time>2017-11-18T08:20:22Z</time></trkpt><trkpt lat="22.54240382" lon="114.20016914"><ele>326.560546875</ele><time>2017-11-18T08:20:24Z</time></trkpt><trkpt lat="22.54237809" lon="114.20017025"><ele>328.673828125</ele><time>2017-11-18T08:20:26Z</time></trkpt><trkpt lat="22.54235226" lon="114.20017562"><ele>330.17620849609375</ele><time>2017-11-18T08:20:29Z</time></trkpt><trkpt lat="22.54233426" lon="114.20017363"><ele>329.8895263671875</ele><time>2017-11-18T08:20:33Z</time></trkpt><trkpt lat="22.54231349" lon="114.2001768"><ele>330.1402587890625</ele><time>2017-11-18T08:20:36Z</time></trkpt><trkpt lat="22.54229688" lon="114.20015835"><ele>327.68072509765625</ele><time>2017-11-18T08:20:41Z</time></trkpt><trkpt lat="22.54227733" lon="114.20016175"><ele>328.6944580078125</ele><time>2017-11-18T08:20:45Z</time></trkpt><trkpt lat="22.54225896" lon="114.2001684"><ele>329.9171142578125</ele><time>2017-11-18T08:20:48Z</time></trkpt><trkpt lat="22.54224064" lon="114.20016519"><ele>329.2362060546875</ele><time>2017-11-18T08:20:50Z</time></trkpt><trkpt lat="22.5422209" lon="114.20016368"><ele>328.173583984375</ele><time>2017-11-18T08:20:52Z</time></trkpt><trkpt lat="22.54219532" lon="114.20016299"><ele>326.80059814453125</ele><time>2017-11-18T08:20:54Z</time></trkpt><trkpt lat="22.54217615" lon="114.20016504"><ele>326.8287353515625</ele><time>2017-11-18T08:20:56Z</time></trkpt><trkpt lat="22.54215388" lon="114.20016704"><ele>326.6087646484375</ele><time>2017-11-18T08:20:58Z</time></trkpt><trkpt lat="22.54213462" lon="114.20016554"><ele>327.185302734375</ele><time>2017-11-18T08:21:01Z</time></trkpt><trkpt lat="22.54211223" lon="114.20016118"><ele>328.45050048828125</ele><time>2017-11-18T08:21:04Z</time></trkpt><trkpt lat="22.5420913" lon="114.20016013"><ele>328.54901123046875</ele><time>2017-11-18T08:21:06Z</time></trkpt><trkpt lat="22.54206727" lon="114.20015466"><ele>326.9744873046875</ele><time>2017-11-18T08:21:10Z</time></trkpt><trkpt lat="22.5420476" lon="114.20015026"><ele>323.5460205078125</ele><time>2017-11-18T08:21:13Z</time></trkpt><trkpt lat="22.54202565" lon="114.20014764"><ele>323.46649169921875</ele><time>2017-11-18T08:21:17Z</time></trkpt><trkpt lat="22.5420012" lon="114.20014391"><ele>323.1815185546875</ele><time>2017-11-18T08:21:20Z</time></trkpt><trkpt lat="22.54198119" lon="114.20013793"><ele>322.1231689453125</ele><time>2017-11-18T08:21:23Z</time></trkpt><trkpt lat="22.54196137" lon="114.2001343"><ele>319.986083984375</ele><time>2017-11-18T08:21:27Z</time></trkpt><trkpt lat="22.54194249" lon="114.20012485"><ele>317.8892822265625</ele><time>2017-11-18T08:21:30Z</time></trkpt><trkpt lat="22.5419272" lon="114.20011286"><ele>317.0849609375</ele><time>2017-11-18T08:21:33Z</time></trkpt><trkpt lat="22.54190901" lon="114.20010683"><ele>315.69720458984375</ele><time>2017-11-18T08:21:35Z</time></trkpt><trkpt lat="22.54188519" lon="114.20009542"><ele>314.2613525390625</ele><time>2017-11-18T08:21:38Z</time></trkpt><trkpt lat="22.54186791" lon="114.20008526"><ele>313.705810546875</ele><time>2017-11-18T08:21:40Z</time></trkpt><trkpt lat="22.5418458" lon="114.2000732"><ele>313.4822998046875</ele><time>2017-11-18T08:21:43Z</time></trkpt><trkpt lat="22.54182757" lon="114.2000558"><ele>312.41107177734375</ele><time>2017-11-18T08:21:46Z</time></trkpt><trkpt lat="22.54181602" lon="114.20004045"><ele>311.61669921875</ele><time>2017-11-18T08:21:48Z</time></trkpt><trkpt lat="22.54180002" lon="114.20002393"><ele>311.11505126953125</ele><time>2017-11-18T08:21:52Z</time></trkpt><trkpt lat="22.54178031" lon="114.20001325"><ele>311.8734130859375</ele><time>2017-11-18T08:22:09Z</time></trkpt><trkpt lat="22.54176022" lon="114.19999991"><ele>310.81768798828125</ele><time>2017-11-18T08:22:11Z</time></trkpt><trkpt lat="22.54173927" lon="114.19998863"><ele>309.48944091796875</ele><time>2017-11-18T08:22:13Z</time></trkpt><trkpt lat="22.54171311" lon="114.19997893"><ele>308.743896484375</ele><time>2017-11-18T08:22:15Z</time></trkpt><trkpt lat="22.54169065" lon="114.19997542"><ele>307.982421875</ele><time>2017-11-18T08:22:17Z</time></trkpt><trkpt lat="22.54167062" lon="114.19997114"><ele>308.0810546875</ele><time>2017-11-18T08:22:19Z</time></trkpt><trkpt lat="22.54164462" lon="114.19997419"><ele>308.6512451171875</ele><time>2017-11-18T08:22:21Z</time></trkpt><trkpt lat="22.5416181" lon="114.19998935"><ele>309.0626220703125</ele><time>2017-11-18T08:22:23Z</time></trkpt><trkpt lat="22.54159833" lon="114.20000749"><ele>308.797607421875</ele><time>2017-11-18T08:22:25Z</time></trkpt><trkpt lat="22.54158158" lon="114.20001869"><ele>308.242919921875</ele><time>2017-11-18T08:22:27Z</time></trkpt><trkpt lat="22.54156313" lon="114.20001942"><ele>306.6953125</ele><time>2017-11-18T08:22:29Z</time></trkpt><trkpt lat="22.54154582" lon="114.20001181"><ele>307.14501953125</ele><time>2017-11-18T08:22:31Z</time></trkpt><trkpt lat="22.54152738" lon="114.20000698"><ele>305.8770751953125</ele><time>2017-11-18T08:22:33Z</time></trkpt><trkpt lat="22.54150597" lon="114.20000249"><ele>304.775146484375</ele><time>2017-11-18T08:22:35Z</time></trkpt><trkpt lat="22.54148928" lon="114.19998429"><ele>298.27545166015625</ele><time>2017-11-18T08:22:37Z</time></trkpt><trkpt lat="22.54146851" lon="114.19998739"><ele>298.608642578125</ele><time>2017-11-18T08:22:39Z</time></trkpt><trkpt lat="22.54144986" lon="114.19999598"><ele>296.366455078125</ele><time>2017-11-18T08:22:41Z</time></trkpt><trkpt lat="22.54142786" lon="114.20000203"><ele>294.2720947265625</ele><time>2017-11-18T08:22:44Z</time></trkpt><trkpt lat="22.54140793" lon="114.20000726"><ele>293.9339599609375</ele><time>2017-11-18T08:22:47Z</time></trkpt><trkpt lat="22.54139591" lon="114.20002522"><ele>292.832275390625</ele><time>2017-11-18T08:22:49Z</time></trkpt><trkpt lat="22.54137737" lon="114.20004142"><ele>291.083984375</ele><time>2017-11-18T08:22:53Z</time></trkpt><trkpt lat="22.54135635" lon="114.20005297"><ele>291.079833984375</ele><time>2017-11-18T08:22:55Z</time></trkpt><trkpt lat="22.54134031" lon="114.20006376"><ele>290.9852294921875</ele><time>2017-11-18T08:22:57Z</time></trkpt><trkpt lat="22.54131859" lon="114.20008646"><ele>291.5228271484375</ele><time>2017-11-18T08:22:59Z</time></trkpt><trkpt lat="22.5413013" lon="114.20009576"><ele>291.6934814453125</ele><time>2017-11-18T08:23:03Z</time></trkpt><trkpt lat="22.54128345" lon="114.20012486"><ele>294.1397705078125</ele><time>2017-11-18T08:23:05Z</time></trkpt><trkpt lat="22.54126462" lon="114.20014685"><ele>293.6640625</ele><time>2017-11-18T08:23:07Z</time></trkpt><trkpt lat="22.54124111" lon="114.20016395"><ele>294.39013671875</ele><time>2017-11-18T08:23:09Z</time></trkpt><trkpt lat="22.54121796" lon="114.20018195"><ele>293.84075927734375</ele><time>2017-11-18T08:23:11Z</time></trkpt><trkpt lat="22.54120619" lon="114.2002014"><ele>293.04150390625</ele><time>2017-11-18T08:23:13Z</time></trkpt><trkpt lat="22.54120087" lon="114.20022983"><ele>295.233154296875</ele><time>2017-11-18T08:23:15Z</time></trkpt><trkpt lat="22.54120068" lon="114.20026242"><ele>296.6925048828125</ele><time>2017-11-18T08:23:17Z</time></trkpt><trkpt lat="22.54119297" lon="114.20029422"><ele>296.03289794921875</ele><time>2017-11-18T08:23:19Z</time></trkpt><trkpt lat="22.54117557" lon="114.20032127"><ele>296.078369140625</ele><time>2017-11-18T08:23:21Z</time></trkpt><trkpt lat="22.54116012" lon="114.20033872"><ele>293.90625</ele><time>2017-11-18T08:23:23Z</time></trkpt><trkpt lat="22.54114427" lon="114.20035985"><ele>292.74041748046875</ele><time>2017-11-18T08:23:26Z</time></trkpt><trkpt lat="22.54113767" lon="114.200378"><ele>293.58984375</ele><time>2017-11-18T08:23:28Z</time></trkpt><trkpt lat="22.54113089" lon="114.20039757"><ele>294.18634033203125</ele><time>2017-11-18T08:23:30Z</time></trkpt><trkpt lat="22.54111754" lon="114.20041474"><ele>292.25341796875</ele><time>2017-11-18T08:23:34Z</time></trkpt><trkpt lat="22.54110719" lon="114.20043548"><ele>290.79595947265625</ele><time>2017-11-18T08:23:38Z</time></trkpt><trkpt lat="22.5410995" lon="114.20045559"><ele>290.4453125</ele><time>2017-11-18T08:23:40Z</time></trkpt><trkpt lat="22.54108667" lon="114.20047626"><ele>288.89306640625</ele><time>2017-11-18T08:23:44Z</time></trkpt><trkpt lat="22.5410713" lon="114.20049466"><ele>290.137451171875</ele><time>2017-11-18T08:23:46Z</time></trkpt><trkpt lat="22.54105745" lon="114.20051762"><ele>290.3843994140625</ele><time>2017-11-18T08:23:50Z</time></trkpt><trkpt lat="22.541046" lon="114.20054307"><ele>289.57989501953125</ele><time>2017-11-18T08:23:52Z</time></trkpt><trkpt lat="22.54103085" lon="114.20055777"><ele>288.04962158203125</ele><time>2017-11-18T08:23:55Z</time></trkpt><trkpt lat="22.54101691" lon="114.20057718"><ele>287.4609375</ele><time>2017-11-18T08:23:57Z</time></trkpt><trkpt lat="22.54100423" lon="114.20060251"><ele>287.9168701171875</ele><time>2017-11-18T08:23:59Z</time></trkpt><trkpt lat="22.54098975" lon="114.20062801"><ele>287.68341064453125</ele><time>2017-11-18T08:24:01Z</time></trkpt><trkpt lat="22.54097906" lon="114.20065074"><ele>287.866943359375</ele><time>2017-11-18T08:24:03Z</time></trkpt><trkpt lat="22.54096492" lon="114.20067742"><ele>289.61669921875</ele><time>2017-11-18T08:24:05Z</time></trkpt><trkpt lat="22.54094785" lon="114.20070133"><ele>287.723876953125</ele><time>2017-11-18T08:24:07Z</time></trkpt><trkpt lat="22.5409303" lon="114.20072488"><ele>287.1146240234375</ele><time>2017-11-18T08:24:10Z</time></trkpt><trkpt lat="22.54091592" lon="114.20074753"><ele>287.67620849609375</ele><time>2017-11-18T08:24:13Z</time></trkpt><trkpt lat="22.54090453" lon="114.20076389"><ele>287.1298828125</ele><time>2017-11-18T08:24:15Z</time></trkpt><trkpt lat="22.54088383" lon="114.20078196"><ele>289.21051025390625</ele><time>2017-11-18T08:24:18Z</time></trkpt><trkpt lat="22.54087093" lon="114.20079569"><ele>288.50445556640625</ele><time>2017-11-18T08:24:20Z</time></trkpt><trkpt lat="22.54086185" lon="114.20081631"><ele>289.1241455078125</ele><time>2017-11-18T08:24:24Z</time></trkpt><trkpt lat="22.54084369" lon="114.20083518"><ele>291.14788818359375</ele><time>2017-11-18T08:24:27Z</time></trkpt><trkpt lat="22.54082704" lon="114.20084708"><ele>291.740478515625</ele><time>2017-11-18T08:24:30Z</time></trkpt><trkpt lat="22.54080895" lon="114.20085635"><ele>292.2547607421875</ele><time>2017-11-18T08:24:32Z</time></trkpt><trkpt lat="22.54079177" lon="114.20086619"><ele>290.24615478515625</ele><time>2017-11-18T08:24:36Z</time></trkpt><trkpt lat="22.54077521" lon="114.20088074"><ele>290.8165283203125</ele><time>2017-11-18T08:24:40Z</time></trkpt><trkpt lat="22.54076177" lon="114.20090557"><ele>291.79547119140625</ele><time>2017-11-18T08:24:42Z</time></trkpt><trkpt lat="22.54075388" lon="114.20092389"><ele>292.098876953125</ele><time>2017-11-18T08:24:43Z</time></trkpt><trkpt lat="22.54073681" lon="114.20093958"><ele>292.8660888671875</ele><time>2017-11-18T08:24:45Z</time></trkpt><trkpt lat="22.54072046" lon="114.20096535"><ele>294.50555419921875</ele><time>2017-11-18T08:24:48Z</time></trkpt><trkpt lat="22.54070144" lon="114.20097047"><ele>290.8330078125</ele><time>2017-11-18T08:25:13Z</time></trkpt><trkpt lat="22.54067637" lon="114.20097912"><ele>293.2314453125</ele><time>2017-11-18T08:25:29Z</time></trkpt><trkpt lat="22.54065682" lon="114.20099158"><ele>293.4991455078125</ele><time>2017-11-18T08:25:32Z</time></trkpt><trkpt lat="22.54066822" lon="114.20100719"><ele>293.5560302734375</ele><time>2017-11-18T08:25:49Z</time></trkpt><trkpt lat="22.54065212" lon="114.20101991"><ele>289.03759765625</ele><time>2017-11-18T08:27:01Z</time></trkpt><trkpt lat="22.54063619" lon="114.20103548"><ele>290.9632568359375</ele><time>2017-11-18T08:27:07Z</time></trkpt><trkpt lat="22.5406126" lon="114.20104227"><ele>290.39501953125</ele><time>2017-11-18T08:27:14Z</time></trkpt><trkpt lat="22.54059794" lon="114.20102575"><ele>289.6748046875</ele><time>2017-11-18T08:27:18Z</time></trkpt><trkpt lat="22.54057855" lon="114.20103783"><ele>288.644775390625</ele><time>2017-11-18T08:27:21Z</time></trkpt><trkpt lat="22.54055753" lon="114.20104492"><ele>283.76171875</ele><time>2017-11-18T08:27:27Z</time></trkpt><trkpt lat="22.54053646" lon="114.20104403"><ele>285.084228515625</ele><time>2017-11-18T08:27:30Z</time></trkpt><trkpt lat="22.54051276" lon="114.20104921"><ele>284.6744384765625</ele><time>2017-11-18T08:27:34Z</time></trkpt><trkpt lat="22.54049141" lon="114.20105573"><ele>289.9111328125</ele><time>2017-11-18T08:27:43Z</time></trkpt><trkpt lat="22.54047378" lon="114.20106111"><ele>288.76910400390625</ele><time>2017-11-18T08:27:50Z</time></trkpt><trkpt lat="22.54045698" lon="114.20106807"><ele>285.517333984375</ele><time>2017-11-18T08:28:00Z</time></trkpt><trkpt lat="22.54045254" lon="114.2010873"><ele>281.28887939453125</ele><time>2017-11-18T08:28:09Z</time></trkpt><trkpt lat="22.54043433" lon="114.2010924"><ele>280.7242431640625</ele><time>2017-11-18T08:28:14Z</time></trkpt><trkpt lat="22.5404128" lon="114.20109421"><ele>278.419189453125</ele><time>2017-11-18T08:28:17Z</time></trkpt><trkpt lat="22.54039281" lon="114.20109081"><ele>278.470703125</ele><time>2017-11-18T08:28:22Z</time></trkpt><trkpt lat="22.54037515" lon="114.20108662"><ele>280.0360107421875</ele><time>2017-11-18T08:28:26Z</time></trkpt><trkpt lat="22.54035127" lon="114.20109446"><ele>279.14154052734375</ele><time>2017-11-18T08:28:38Z</time></trkpt><trkpt lat="22.54033169" lon="114.20110079"><ele>279.0389404296875</ele><time>2017-11-18T08:28:41Z</time></trkpt><trkpt lat="22.54031592" lon="114.20112058"><ele>277.7508544921875</ele><time>2017-11-18T08:28:46Z</time></trkpt><trkpt lat="22.54030452" lon="114.20115221"><ele>276.101318359375</ele><time>2017-11-18T08:28:49Z</time></trkpt><trkpt lat="22.54028776" lon="114.20116887"><ele>276.099365234375</ele><time>2017-11-18T08:28:54Z</time></trkpt><trkpt lat="22.54027206" lon="114.20118558"><ele>276.91876220703125</ele><time>2017-11-18T08:28:59Z</time></trkpt><trkpt lat="22.54025264" lon="114.20119804"><ele>277.2056884765625</ele><time>2017-11-18T08:29:02Z</time></trkpt><trkpt lat="22.54023232" lon="114.20121406"><ele>276.2850341796875</ele><time>2017-11-18T08:29:07Z</time></trkpt><trkpt lat="22.54021214" lon="114.20122878"><ele>273.25634765625</ele><time>2017-11-18T08:29:11Z</time></trkpt><trkpt lat="22.54019341" lon="114.2012474"><ele>271.1129150390625</ele><time>2017-11-18T08:29:15Z</time></trkpt><trkpt lat="22.54017826" lon="114.20125964"><ele>271.426513671875</ele><time>2017-11-18T08:29:17Z</time></trkpt><trkpt lat="22.54015968" lon="114.20127617"><ele>270.8701171875</ele><time>2017-11-18T08:29:22Z</time></trkpt><trkpt lat="22.54014912" lon="114.20129233"><ele>270.2274169921875</ele><time>2017-11-18T08:29:24Z</time></trkpt><trkpt lat="22.54013645" lon="114.20131148"><ele>268.7132568359375</ele><time>2017-11-18T08:29:27Z</time></trkpt><trkpt lat="22.54012408" lon="114.20132937"><ele>269.1451416015625</ele><time>2017-11-18T08:29:30Z</time></trkpt><trkpt lat="22.54010995" lon="114.20134963"><ele>268.92071533203125</ele><time>2017-11-18T08:29:34Z</time></trkpt><trkpt lat="22.54009457" lon="114.20137038"><ele>269.63916015625</ele><time>2017-11-18T08:29:38Z</time></trkpt><trkpt lat="22.54007915" lon="114.20138964"><ele>269.0311279296875</ele><time>2017-11-18T08:29:42Z</time></trkpt><trkpt lat="22.54006606" lon="114.20140399"><ele>268.429931640625</ele><time>2017-11-18T08:29:44Z</time></trkpt><trkpt lat="22.54005212" lon="114.20142452"><ele>269.5692138671875</ele><time>2017-11-18T08:29:46Z</time></trkpt><trkpt lat="22.54003996" lon="114.20145848"><ele>270.13623046875</ele><time>2017-11-18T08:29:48Z</time></trkpt><trkpt lat="22.54003467" lon="114.20148223"><ele>268.4593505859375</ele><time>2017-11-18T08:29:50Z</time></trkpt><trkpt lat="22.54003056" lon="114.20150364"><ele>267.46649169921875</ele><time>2017-11-18T08:29:52Z</time></trkpt><trkpt lat="22.54002914" lon="114.20153621"><ele>267.18505859375</ele><time>2017-11-18T08:29:54Z</time></trkpt><trkpt lat="22.54002339" lon="114.20157064"><ele>266.9908447265625</ele><time>2017-11-18T08:29:56Z</time></trkpt><trkpt lat="22.5400204" lon="114.20159418"><ele>266.6524658203125</ele><time>2017-11-18T08:29:58Z</time></trkpt><trkpt lat="22.54001958" lon="114.20161893"><ele>266.8260498046875</ele><time>2017-11-18T08:30:00Z</time></trkpt><trkpt lat="22.54001861" lon="114.20164411"><ele>265.555908203125</ele><time>2017-11-18T08:30:02Z</time></trkpt><trkpt lat="22.54001231" lon="114.20167347"><ele>266.41217041015625</ele><time>2017-11-18T08:30:04Z</time></trkpt><trkpt lat="22.54000417" lon="114.20169886"><ele>266.6331787109375</ele><time>2017-11-18T08:30:06Z</time></trkpt><trkpt lat="22.53999479" lon="114.20171687"><ele>266.98699951171875</ele><time>2017-11-18T08:30:09Z</time></trkpt><trkpt lat="22.53998845" lon="114.20173966"><ele>266.80224609375</ele><time>2017-11-18T08:30:11Z</time></trkpt><trkpt lat="22.53997775" lon="114.20176967"><ele>267.92889404296875</ele><time>2017-11-18T08:30:13Z</time></trkpt><trkpt lat="22.53996886" lon="114.20179134"><ele>266.81414794921875</ele><time>2017-11-18T08:30:16Z</time></trkpt><trkpt lat="22.53996124" lon="114.2018103"><ele>265.71685791015625</ele><time>2017-11-18T08:30:18Z</time></trkpt><trkpt lat="22.5399485" lon="114.20183222"><ele>266.04998779296875</ele><time>2017-11-18T08:30:20Z</time></trkpt><trkpt lat="22.53993628" lon="114.20185227"><ele>264.5250244140625</ele><time>2017-11-18T08:30:24Z</time></trkpt><trkpt lat="22.53992011" lon="114.20187976"><ele>263.622314453125</ele><time>2017-11-18T08:30:27Z</time></trkpt><trkpt lat="22.53990885" lon="114.20189678"><ele>264.665771484375</ele><time>2017-11-18T08:30:31Z</time></trkpt><trkpt lat="22.53989647" lon="114.2019127"><ele>264.67034912109375</ele><time>2017-11-18T08:30:33Z</time></trkpt><trkpt lat="22.53988377" lon="114.2019325"><ele>263.8277587890625</ele><time>2017-11-18T08:30:35Z</time></trkpt><trkpt lat="22.53986818" lon="114.2019501"><ele>263.60888671875</ele><time>2017-11-18T08:30:37Z</time></trkpt><trkpt lat="22.53984862" lon="114.20196707"><ele>263.3621826171875</ele><time>2017-11-18T08:30:40Z</time></trkpt><trkpt lat="22.53983803" lon="114.20198294"><ele>262.4798583984375</ele><time>2017-11-18T08:30:51Z</time></trkpt><trkpt lat="22.5398245" lon="114.20200337"><ele>263.1077880859375</ele><time>2017-11-18T08:31:20Z</time></trkpt><trkpt lat="22.53981214" lon="114.20198913"><ele>263.99407958984375</ele><time>2017-11-18T08:31:28Z</time></trkpt><trkpt lat="22.53980982" lon="114.20200862"><ele>264.471923828125</ele><time>2017-11-18T08:31:59Z</time></trkpt><trkpt lat="22.5397931" lon="114.20202302"><ele>261.080322265625</ele><time>2017-11-18T08:32:24Z</time></trkpt><trkpt lat="22.53977539" lon="114.20201515"><ele>260.25592041015625</ele><time>2017-11-18T08:32:28Z</time></trkpt><trkpt lat="22.53975242" lon="114.20202675"><ele>261.3411865234375</ele><time>2017-11-18T08:32:36Z</time></trkpt><trkpt lat="22.53973322" lon="114.20203296"><ele>259.4632568359375</ele><time>2017-11-18T08:32:40Z</time></trkpt><trkpt lat="22.5397266" lon="114.20205422"><ele>259.7569580078125</ele><time>2017-11-18T08:32:47Z</time></trkpt><trkpt lat="22.53971807" lon="114.20207143"><ele>261.19873046875</ele><time>2017-11-18T08:33:05Z</time></trkpt><trkpt lat="22.53969397" lon="114.2020805"><ele>260.3701171875</ele><time>2017-11-18T08:33:13Z</time></trkpt><trkpt lat="22.53966899" lon="114.20208307"><ele>260.376708984375</ele><time>2017-11-18T08:33:21Z</time></trkpt><trkpt lat="22.53964659" lon="114.20209254"><ele>258.03851318359375</ele><time>2017-11-18T08:33:26Z</time></trkpt><trkpt lat="22.539628" lon="114.20210075"><ele>256.809326171875</ele><time>2017-11-18T08:33:29Z</time></trkpt><trkpt lat="22.53960961" lon="114.20210785"><ele>255.81390380859375</ele><time>2017-11-18T08:33:32Z</time></trkpt><trkpt lat="22.53959292" lon="114.20212571"><ele>256.3944091796875</ele><time>2017-11-18T08:33:35Z</time></trkpt><trkpt lat="22.53957672" lon="114.20213806"><ele>253.60467529296875</ele><time>2017-11-18T08:33:44Z</time></trkpt><trkpt lat="22.53956288" lon="114.20215309"><ele>254.660888671875</ele><time>2017-11-18T08:33:48Z</time></trkpt><trkpt lat="22.53955246" lon="114.20216946"><ele>253.3126220703125</ele><time>2017-11-18T08:33:51Z</time></trkpt><trkpt lat="22.53953336" lon="114.20218322"><ele>246.85418701171875</ele><time>2017-11-18T08:34:05Z</time></trkpt><trkpt lat="22.53951533" lon="114.20219466"><ele>245.2655029296875</ele><time>2017-11-18T08:34:09Z</time></trkpt><trkpt lat="22.53949764" lon="114.20219894"><ele>245.5606689453125</ele><time>2017-11-18T08:34:16Z</time></trkpt><trkpt lat="22.53948027" lon="114.20220476"><ele>245.683837890625</ele><time>2017-11-18T08:34:19Z</time></trkpt><trkpt lat="22.53946459" lon="114.20221811"><ele>247.980712890625</ele><time>2017-11-18T08:34:27Z</time></trkpt><trkpt lat="22.53946246" lon="114.20223963"><ele>249.5074462890625</ele><time>2017-11-18T08:34:30Z</time></trkpt><trkpt lat="22.53945099" lon="114.20226043"><ele>249.5098876953125</ele><time>2017-11-18T08:34:33Z</time></trkpt><trkpt lat="22.53943479" lon="114.20227184"><ele>247.81719970703125</ele><time>2017-11-18T08:34:35Z</time></trkpt><trkpt lat="22.53942095" lon="114.20228863"><ele>246.5810546875</ele><time>2017-11-18T08:34:38Z</time></trkpt><trkpt lat="22.53940402" lon="114.20230403"><ele>246.62030029296875</ele><time>2017-11-18T08:34:45Z</time></trkpt><trkpt lat="22.53938674" lon="114.20231793"><ele>247.51287841796875</ele><time>2017-11-18T08:34:50Z</time></trkpt><trkpt lat="22.53936788" lon="114.20233468"><ele>249.42333984375</ele><time>2017-11-18T08:34:54Z</time></trkpt><trkpt lat="22.53934743" lon="114.20234567"><ele>248.38775634765625</ele><time>2017-11-18T08:34:56Z</time></trkpt><trkpt lat="22.53932057" lon="114.20235759"><ele>247.3621826171875</ele><time>2017-11-18T08:35:00Z</time></trkpt><trkpt lat="22.53929862" lon="114.20236092"><ele>248.16009521484375</ele><time>2017-11-18T08:35:02Z</time></trkpt><trkpt lat="22.53927544" lon="114.20236224"><ele>248.34930419921875</ele><time>2017-11-18T08:35:05Z</time></trkpt><trkpt lat="22.53925409" lon="114.20236941"><ele>246.39404296875</ele><time>2017-11-18T08:35:08Z</time></trkpt><trkpt lat="22.53923646" lon="114.20237961"><ele>246.0887451171875</ele><time>2017-11-18T08:35:12Z</time></trkpt><trkpt lat="22.53921061" lon="114.20237998"><ele>243.564208984375</ele><time>2017-11-18T08:35:18Z</time></trkpt><trkpt lat="22.53918893" lon="114.20237689"><ele>241.5946044921875</ele><time>2017-11-18T08:35:21Z</time></trkpt><trkpt lat="22.53916792" lon="114.20238416"><ele>240.522216796875</ele><time>2017-11-18T08:35:25Z</time></trkpt><trkpt lat="22.53914561" lon="114.20239237"><ele>241.1558837890625</ele><time>2017-11-18T08:35:29Z</time></trkpt><trkpt lat="22.53912607" lon="114.20240235"><ele>241.645751953125</ele><time>2017-11-18T08:35:32Z</time></trkpt><trkpt lat="22.53910679" lon="114.2024131"><ele>240.991943359375</ele><time>2017-11-18T08:35:35Z</time></trkpt><trkpt lat="22.5390925" lon="114.20242823"><ele>240.1751708984375</ele><time>2017-11-18T08:35:38Z</time></trkpt><trkpt lat="22.53907382" lon="114.20243715"><ele>239.3094482421875</ele><time>2017-11-18T08:35:41Z</time></trkpt><trkpt lat="22.5390562" lon="114.20244979"><ele>239.93798828125</ele><time>2017-11-18T08:35:44Z</time></trkpt><trkpt lat="22.53903486" lon="114.20245943"><ele>238.11956787109375</ele><time>2017-11-18T08:35:49Z</time></trkpt><trkpt lat="22.53901206" lon="114.20247087"><ele>237.4237060546875</ele><time>2017-11-18T08:35:52Z</time></trkpt><trkpt lat="22.53899328" lon="114.2024653"><ele>238.11376953125</ele><time>2017-11-18T08:36:02Z</time></trkpt><trkpt lat="22.53897771" lon="114.20245357"><ele>238.17059326171875</ele><time>2017-11-18T08:37:23Z</time></trkpt><trkpt lat="22.53896537" lon="114.20243861"><ele>234.60577392578125</ele><time>2017-11-18T08:37:56Z</time></trkpt><trkpt lat="22.53894845" lon="114.20242982"><ele>232.5802001953125</ele><time>2017-11-18T08:38:03Z</time></trkpt><trkpt lat="22.53893024" lon="114.202418"><ele>233.64166259765625</ele><time>2017-11-18T08:38:07Z</time></trkpt><trkpt lat="22.53891966" lon="114.20240021"><ele>229.7691650390625</ele><time>2017-11-18T08:38:11Z</time></trkpt><trkpt lat="22.53891235" lon="114.20237905"><ele>229.4388427734375</ele><time>2017-11-18T08:38:28Z</time></trkpt><trkpt lat="22.538904" lon="114.20236063"><ele>228.41973876953125</ele><time>2017-11-18T08:38:31Z</time></trkpt><trkpt lat="22.53891025" lon="114.20234211"><ele>228.74273681640625</ele><time>2017-11-18T08:38:38Z</time></trkpt><trkpt lat="22.53889111" lon="114.2023477"><ele>225.9332275390625</ele><time>2017-11-18T08:38:48Z</time></trkpt><trkpt lat="22.53886746" lon="114.20235763"><ele>225.93853759765625</ele><time>2017-11-18T08:38:56Z</time></trkpt><trkpt lat="22.53884679" lon="114.2023568"><ele>225.7926025390625</ele><time>2017-11-18T08:38:59Z</time></trkpt><trkpt lat="22.53882887" lon="114.20235223"><ele>226.01947021484375</ele><time>2017-11-18T08:39:02Z</time></trkpt><trkpt lat="22.53880922" lon="114.20235634"><ele>225.1630859375</ele><time>2017-11-18T08:39:05Z</time></trkpt><trkpt lat="22.53879" lon="114.20237389"><ele>224.334716796875</ele><time>2017-11-18T08:39:08Z</time></trkpt><trkpt lat="22.53878001" lon="114.20239366"><ele>222.3531494140625</ele><time>2017-11-18T08:39:15Z</time></trkpt><trkpt lat="22.53876131" lon="114.20240941"><ele>223.06298828125</ele><time>2017-11-18T08:39:18Z</time></trkpt><trkpt lat="22.5387455" lon="114.20242376"><ele>221.68597412109375</ele><time>2017-11-18T08:39:22Z</time></trkpt><trkpt lat="22.53872577" lon="114.20241813"><ele>220.965576171875</ele><time>2017-11-18T08:39:30Z</time></trkpt><trkpt lat="22.53870708" lon="114.20242382"><ele>219.11138916015625</ele><time>2017-11-18T08:39:33Z</time></trkpt><trkpt lat="22.5386873" lon="114.20242693"><ele>215.25408935546875</ele><time>2017-11-18T08:39:53Z</time></trkpt><trkpt lat="22.5386623" lon="114.20244222"><ele>214.6768798828125</ele><time>2017-11-18T08:39:56Z</time></trkpt><trkpt lat="22.53864778" lon="114.20245846"><ele>211.4835205078125</ele><time>2017-11-18T08:40:00Z</time></trkpt><trkpt lat="22.53863125" lon="114.20246742"><ele>210.83856201171875</ele><time>2017-11-18T08:40:03Z</time></trkpt><trkpt lat="22.53861401" lon="114.20247744"><ele>209.76788330078125</ele><time>2017-11-18T08:40:06Z</time></trkpt><trkpt lat="22.5385957" lon="114.20248979"><ele>207.824951171875</ele><time>2017-11-18T08:40:10Z</time></trkpt><trkpt lat="22.53857642" lon="114.20249439"><ele>208.05517578125</ele><time>2017-11-18T08:40:17Z</time></trkpt><trkpt lat="22.53855679" lon="114.20249356"><ele>210.40386962890625</ele><time>2017-11-18T08:40:25Z</time></trkpt><trkpt lat="22.53854446" lon="114.20250785"><ele>211.2064208984375</ele><time>2017-11-18T08:40:30Z</time></trkpt><trkpt lat="22.53852592" lon="114.20250278"><ele>209.2537841796875</ele><time>2017-11-18T08:40:34Z</time></trkpt><trkpt lat="22.5385024" lon="114.20249255"><ele>206.314453125</ele><time>2017-11-18T08:40:44Z</time></trkpt><trkpt lat="22.53848169" lon="114.202496"><ele>204.45050048828125</ele><time>2017-11-18T08:40:47Z</time></trkpt><trkpt lat="22.53845595" lon="114.20250027"><ele>202.2216796875</ele><time>2017-11-18T08:40:50Z</time></trkpt><trkpt lat="22.53843518" lon="114.20250203"><ele>202.845458984375</ele><time>2017-11-18T08:41:00Z</time></trkpt><trkpt lat="22.53841712" lon="114.20249532"><ele>198.48101806640625</ele><time>2017-11-18T08:41:09Z</time></trkpt><trkpt lat="22.53840473" lon="114.20247873"><ele>198.16937255859375</ele><time>2017-11-18T08:41:20Z</time></trkpt><trkpt lat="22.5383811" lon="114.20248436"><ele>194.889892578125</ele><time>2017-11-18T08:41:29Z</time></trkpt><trkpt lat="22.53836191" lon="114.20248369"><ele>194.494384765625</ele><time>2017-11-18T08:41:32Z</time></trkpt><trkpt lat="22.53834264" lon="114.20248042"><ele>193.1246337890625</ele><time>2017-11-18T08:41:35Z</time></trkpt><trkpt lat="22.5383215" lon="114.20248495"><ele>192.7706298828125</ele><time>2017-11-18T08:41:39Z</time></trkpt><trkpt lat="22.53830347" lon="114.20247618"><ele>192.260498046875</ele><time>2017-11-18T08:41:43Z</time></trkpt><trkpt lat="22.53828635" lon="114.20248576"><ele>192.641845703125</ele><time>2017-11-18T08:41:45Z</time></trkpt><trkpt lat="22.53826906" lon="114.20249745"><ele>191.910400390625</ele><time>2017-11-18T08:41:48Z</time></trkpt><trkpt lat="22.53824989" lon="114.20250281"><ele>191.2052001953125</ele><time>2017-11-18T08:41:54Z</time></trkpt><trkpt lat="22.53822858" lon="114.20251019"><ele>190.8948974609375</ele><time>2017-11-18T08:41:59Z</time></trkpt><trkpt lat="22.53821033" lon="114.20251022"><ele>189.6080322265625</ele><time>2017-11-18T08:42:02Z</time></trkpt><trkpt lat="22.5381845" lon="114.20250177"><ele>189.03265380859375</ele><time>2017-11-18T08:42:05Z</time></trkpt><trkpt lat="22.53816893" lon="114.20248895"><ele>188.862060546875</ele><time>2017-11-18T08:42:21Z</time></trkpt><trkpt lat="22.53814752" lon="114.20248356"><ele>191.7529296875</ele><time>2017-11-18T08:42:33Z</time></trkpt><trkpt lat="22.53813478" lon="114.20246877"><ele>189.99713134765625</ele><time>2017-11-18T08:42:37Z</time></trkpt><trkpt lat="22.53811685" lon="114.20247162"><ele>189.0494384765625</ele><time>2017-11-18T08:42:41Z</time></trkpt><trkpt lat="22.53809695" lon="114.20246894"><ele>186.67578125</ele><time>2017-11-18T08:42:50Z</time></trkpt><trkpt lat="22.53807625" lon="114.20247581"><ele>186.14422607421875</ele><time>2017-11-18T08:42:58Z</time></trkpt><trkpt lat="22.53805762" lon="114.20247698"><ele>186.07366943359375</ele><time>2017-11-18T08:43:03Z</time></trkpt><trkpt lat="22.53803922" lon="114.20248145"><ele>185.2689208984375</ele><time>2017-11-18T08:43:06Z</time></trkpt><trkpt lat="22.53802042" lon="114.20248042"><ele>182.6898193359375</ele><time>2017-11-18T08:43:13Z</time></trkpt><trkpt lat="22.53800152" lon="114.20247522"><ele>182.425048828125</ele><time>2017-11-18T08:43:16Z</time></trkpt><trkpt lat="22.53798467" lon="114.20246142"><ele>182.791015625</ele><time>2017-11-18T08:43:26Z</time></trkpt><trkpt lat="22.53796399" lon="114.20247182"><ele>182.3385009765625</ele><time>2017-11-18T08:43:30Z</time></trkpt><trkpt lat="22.53794268" lon="114.20247156"><ele>181.82061767578125</ele><time>2017-11-18T08:43:34Z</time></trkpt><trkpt lat="22.53792114" lon="114.20246852"><ele>181.419189453125</ele><time>2017-11-18T08:43:37Z</time></trkpt><trkpt lat="22.53790207" lon="114.20246742"><ele>178.77471923828125</ele><time>2017-11-18T08:43:41Z</time></trkpt><trkpt lat="22.53788123" lon="114.2024705"><ele>176.07757568359375</ele><time>2017-11-18T08:43:46Z</time></trkpt><trkpt lat="22.53786205" lon="114.20248135"><ele>176.82073974609375</ele><time>2017-11-18T08:43:49Z</time></trkpt><trkpt lat="22.53784702" lon="114.20249296"><ele>176.359619140625</ele><time>2017-11-18T08:43:52Z</time></trkpt><trkpt lat="22.53783496" lon="114.20251013"><ele>178.37841796875</ele><time>2017-11-18T08:43:56Z</time></trkpt><trkpt lat="22.53781734" lon="114.20249923"><ele>175.2713623046875</ele><time>2017-11-18T08:44:02Z</time></trkpt><trkpt lat="22.53781199" lon="114.20252216"><ele>174.90008544921875</ele><time>2017-11-18T08:44:07Z</time></trkpt><trkpt lat="22.53781115" lon="114.2025009"><ele>175.694580078125</ele><time>2017-11-18T08:44:23Z</time></trkpt><trkpt lat="22.53780172" lon="114.20248348"><ele>170.460693359375</ele><time>2017-11-18T08:44:56Z</time></trkpt><trkpt lat="22.537786967410522" lon="114.20245174055587" /><trkpt lat="22.53768978125" lon="114.20246579638672" /><trkpt lat="22.53764078125" lon="114.20239379638672" /><trkpt lat="22.53758178125" lon="114.20240579638671" /><trkpt lat="22.53747878125" lon="114.20226779638672" /><trkpt lat="22.53732478125" lon="114.20218879638672" /><trkpt lat="22.53723278125" lon="114.20213679638672" /><trkpt lat="22.53719178125" lon="114.20207379638671" /><trkpt lat="22.53701078125" lon="114.20200779638672" /><trkpt lat="22.53682478125" lon="114.20190779638672" /><trkpt lat="22.53658478125" lon="114.20195779638672" /><trkpt lat="22.53638578125" lon="114.20195579638671" /><trkpt lat="22.53623878125" lon="114.20203579638672" /><trkpt lat="22.53618378125" lon="114.20200679638671" /><trkpt lat="22.53616478125" lon="114.20196179638671" /><trkpt lat="22.53608578125" lon="114.20203079638672" /><trkpt lat="22.53598578125" lon="114.20201379638672" /><trkpt lat="22.53578378125" lon="114.20196979638672" /><trkpt lat="22.53571878125" lon="114.20200079638671" /><trkpt lat="22.53560678125" lon="114.20196479638672" /><trkpt lat="22.53553778125" lon="114.20197379638672" /><trkpt lat="22.53541778125" lon="114.20190179638672" /><trkpt lat="22.53531978125" lon="114.20191279638672" /><trkpt lat="22.53513978125" lon="114.20174279638672" /><trkpt lat="22.53504578125" lon="114.20162479638672" /><trkpt lat="22.53481278125" lon="114.20139079638672" /><trkpt lat="22.53441078125" lon="114.20106279638672" /><trkpt lat="22.53445378125" lon="114.20089479638672" /><trkpt lat="22.53455678125" lon="114.20068079638672" /><trkpt lat="22.53441978125" lon="114.20055079638672" /><trkpt lat="22.53429278125" lon="114.20053779638671" /><trkpt lat="22.53417678125" lon="114.20052679638673" /><trkpt lat="22.53387578125" lon="114.20032679638672" /><trkpt lat="22.53381778125" lon="114.20024879638672" /><trkpt lat="22.53372978125" lon="114.20023779638672" /><trkpt lat="22.53360478125" lon="114.20024979638671" /><trkpt lat="22.53354478125" lon="114.20023979638673" /><trkpt lat="22.53342478125" lon="114.20020479638671" /><trkpt lat="22.53294378125" lon="114.20010979638671" /><trkpt lat="22.53290678125" lon="114.20010679638672" /><trkpt lat="22.53283378125" lon="114.20013379638672" /><trkpt lat="22.53256878125" lon="114.20029679638672" /><trkpt lat="22.53251778125" lon="114.20032379638671" /><trkpt lat="22.53247578125" lon="114.20033279638672" /><trkpt lat="22.53234678125" lon="114.20032479638672" /><trkpt lat="22.532287781249998" lon="114.20033279638672" /><trkpt lat="22.53227878125" lon="114.20033379638672" /><trkpt lat="22.53214978125" lon="114.20036879638671" /><trkpt lat="22.53198878125" lon="114.20041179638672" /><trkpt lat="22.53190978125" lon="114.20041779638672" /><trkpt lat="22.53179178125" lon="114.20041279638671" /><trkpt lat="22.53150978125" lon="114.20042679638672" /><trkpt lat="22.53145878125" lon="114.20044579638672" /><trkpt lat="22.53142278125" lon="114.20046779638672" /><trkpt lat="22.53132478125" lon="114.20060279638672" /><trkpt lat="22.53128378125" lon="114.20063779638672" /><trkpt lat="22.53108678125" lon="114.20070879638672" /><trkpt lat="22.53101378125" lon="114.20075179638673" /><trkpt lat="22.530991781250002" lon="114.20078479638671" /><trkpt lat="22.53094778125" lon="114.20091779638672" /><trkpt lat="22.53093078125" lon="114.20096379638672" /><trkpt lat="22.53088178125" lon="114.20101279638672" /><trkpt lat="22.53081778125" lon="114.20105579638673" /><trkpt lat="22.53086678125" lon="114.20128779638672" /><trkpt lat="22.530943035088445" lon="114.20161552398851" /></trkseg></trk></gpx>