<?xml version='1.0' encoding='UTF-8' ?><gpx version="1.1" creator="HikingTrailHK" xsi:schemaLocation="http://www.topografix.com/GPX/1/1 http://www.topografix.com/GPX/1/1/gpx.xsd" xmlns="http://www.topografix.com/GPX/1/1" xmlns:xsi="http://www.w3.org/2001/XMLSchema-instance"><metadata><name>大埔滘 @ 2019-01-12 10:03:36</name><desc></desc></metadata><trk><trkseg><trkpt lat="22.4326173" lon="114.1857006"><ele>52.5535888671875</ele><time>2019-01-12T02:03:36Z</time></trkpt><trkpt lat="22.43259611" lon="114.18568734"><ele>51.72900390625</ele><time>2019-01-12T02:03:39Z</time></trkpt><trkpt lat="22.43257796" lon="114.18568032"><ele>49.9608154296875</ele><time>2019-01-12T02:03:41Z</time></trkpt><trkpt lat="22.43255436" lon="114.18567091"><ele>49.82830810546875</ele><time>2019-01-12T02:03:44Z</time></trkpt><trkpt lat="22.43253378" lon="114.1856799"><ele>48.9384765625</ele><time>2019-01-12T02:03:46Z</time></trkpt><trkpt lat="22.43252508" lon="114.18570962"><ele>49.9874267578125</ele><time>2019-01-12T02:03:48Z</time></trkpt><trkpt lat="22.43252391" lon="114.1857397"><ele>50.7462158203125</ele><time>2019-01-12T02:03:50Z</time></trkpt><trkpt lat="22.43252767" lon="114.18576556"><ele>52.40228271484375</ele><time>2019-01-12T02:03:52Z</time></trkpt><trkpt lat="22.43252584" lon="114.18578839"><ele>49.9874267578125</ele><time>2019-01-12T02:03:54Z</time></trkpt><trkpt lat="22.43252422" lon="114.18581402"><ele>49.59466552734375</ele><time>2019-01-12T02:03:56Z</time></trkpt><trkpt lat="22.43251922" lon="114.18584112"><ele>48.534423828125</ele><time>2019-01-12T02:03:58Z</time></trkpt><trkpt lat="22.43251162" lon="114.1858646"><ele>48.21429443359375</ele><time>2019-01-12T02:04:00Z</time></trkpt><trkpt lat="22.43250649" lon="114.18588555"><ele>48.48455810546875</ele><time>2019-01-12T02:04:02Z</time></trkpt><trkpt lat="22.43250448" lon="114.18590947"><ele>49.6146240234375</ele><time>2019-01-12T02:04:04Z</time></trkpt><trkpt lat="22.43249223" lon="114.18593544"><ele>49.64031982421875</ele><time>2019-01-12T02:04:06Z</time></trkpt><trkpt lat="22.43247074" lon="114.185945"><ele>47.77813720703125</ele><time>2019-01-12T02:04:08Z</time></trkpt><trkpt lat="22.43245428" lon="114.1859309"><ele>49.992919921875</ele><time>2019-01-12T02:04:27Z</time></trkpt><trkpt lat="22.43243413" lon="114.18590963"><ele>48.30023193359375</ele><time>2019-01-12T02:04:29Z</time></trkpt><trkpt lat="22.43241348" lon="114.18589261"><ele>49.38824462890625</ele><time>2019-01-12T02:04:31Z</time></trkpt><trkpt lat="22.43241261" lon="114.18587271"><ele>52.30450439453125</ele><time>2019-01-12T02:04:37Z</time></trkpt><trkpt lat="22.43239708" lon="114.1858597"><ele>54.70849609375</ele><time>2019-01-12T02:04:43Z</time></trkpt><trkpt lat="22.43240647" lon="114.18583947"><ele>58.70037841796875</ele><time>2019-01-12T02:04:46Z</time></trkpt><trkpt lat="22.43240513" lon="114.18581858"><ele>61.81573486328125</ele><time>2019-01-12T02:04:49Z</time></trkpt><trkpt lat="22.43238458" lon="114.18581843"><ele>59.8892822265625</ele><time>2019-01-12T02:04:54Z</time></trkpt><trkpt lat="22.43236193" lon="114.18580834"><ele>57.56640625</ele><time>2019-01-12T02:04:57Z</time></trkpt><trkpt lat="22.43234441" lon="114.18579507"><ele>55.84619140625</ele><time>2019-01-12T02:04:59Z</time></trkpt><trkpt lat="22.43232213" lon="114.18577767"><ele>54.08673095703125</ele><time>2019-01-12T02:05:01Z</time></trkpt><trkpt lat="22.43229998" lon="114.18576678"><ele>52.2244873046875</ele><time>2019-01-12T02:05:03Z</time></trkpt><trkpt lat="22.4322805" lon="114.18576142"><ele>51.9295654296875</ele><time>2019-01-12T02:05:05Z</time></trkpt><trkpt lat="22.43226163" lon="114.18575626"><ele>50.74639892578125</ele><time>2019-01-12T02:05:07Z</time></trkpt><trkpt lat="22.43224406" lon="114.18575099"><ele>49.984130859375</ele><time>2019-01-12T02:05:09Z</time></trkpt><trkpt lat="22.43222338" lon="114.18575245"><ele>51.77789306640625</ele><time>2019-01-12T02:05:13Z</time></trkpt><trkpt lat="22.43221014" lon="114.18572709"><ele>57.54437255859375</ele><time>2019-01-12T02:05:19Z</time></trkpt><trkpt lat="22.43219544" lon="114.18570477"><ele>59.82421875</ele><time>2019-01-12T02:05:22Z</time></trkpt><trkpt lat="22.43217719" lon="114.18569789"><ele>59.56915283203125</ele><time>2019-01-12T02:05:24Z</time></trkpt><trkpt lat="22.43216039" lon="114.1856887"><ele>62.02130126953125</ele><time>2019-01-12T02:05:27Z</time></trkpt><trkpt lat="22.432147" lon="114.18567278"><ele>65.64892578125</ele><time>2019-01-12T02:05:30Z</time></trkpt><trkpt lat="22.43214339" lon="114.1856511"><ele>68.219970703125</ele><time>2019-01-12T02:05:34Z</time></trkpt><trkpt lat="22.43213798" lon="114.1856279"><ele>69.253173828125</ele><time>2019-01-12T02:05:37Z</time></trkpt><trkpt lat="22.43213922" lon="114.1856083"><ele>70.69482421875</ele><time>2019-01-12T02:05:39Z</time></trkpt><trkpt lat="22.43214203" lon="114.18558422"><ele>74.26873779296875</ele><time>2019-01-12T02:05:42Z</time></trkpt><trkpt lat="22.43212622" lon="114.18557261"><ele>74.64886474609375</ele><time>2019-01-12T02:05:46Z</time></trkpt><trkpt lat="22.43211538" lon="114.1855564"><ele>75.09619140625</ele><time>2019-01-12T02:05:49Z</time></trkpt><trkpt lat="22.43210545" lon="114.18552867"><ele>73.185791015625</ele><time>2019-01-12T02:05:52Z</time></trkpt><trkpt lat="22.43209221" lon="114.18550684"><ele>72.035888671875</ele><time>2019-01-12T02:05:55Z</time></trkpt><trkpt lat="22.43207909" lon="114.18549262"><ele>71.20269775390625</ele><time>2019-01-12T02:05:58Z</time></trkpt><trkpt lat="22.4320576" lon="114.18549323"><ele>68.3052978515625</ele><time>2019-01-12T02:06:01Z</time></trkpt><trkpt lat="22.43205134" lon="114.18547487"><ele>68.89227294921875</ele><time>2019-01-12T02:06:21Z</time></trkpt><trkpt lat="22.43203889" lon="114.18545779"><ele>67.26495361328125</ele><time>2019-01-12T02:06:32Z</time></trkpt><trkpt lat="22.43202976" lon="114.18543171"><ele>71.7308349609375</ele><time>2019-01-12T02:06:35Z</time></trkpt><trkpt lat="22.43202729" lon="114.18541107"><ele>73.3662109375</ele><time>2019-01-12T02:06:37Z</time></trkpt><trkpt lat="22.43202546" lon="114.18538788"><ele>73.0557861328125</ele><time>2019-01-12T02:06:39Z</time></trkpt><trkpt lat="22.43202024" lon="114.18535671"><ele>74.5780029296875</ele><time>2019-01-12T02:06:41Z</time></trkpt><trkpt lat="22.4320087" lon="114.18533602"><ele>75.33648681640625</ele><time>2019-01-12T02:06:44Z</time></trkpt><trkpt lat="22.43200324" lon="114.18531246"><ele>75.76934814453125</ele><time>2019-01-12T02:06:47Z</time></trkpt><trkpt lat="22.4319981" lon="114.18529085"><ele>77.078369140625</ele><time>2019-01-12T02:06:50Z</time></trkpt><trkpt lat="22.43198681" lon="114.18527532"><ele>75.7716064453125</ele><time>2019-01-12T02:06:54Z</time></trkpt><trkpt lat="22.43197273" lon="114.18525626"><ele>73.7100830078125</ele><time>2019-01-12T02:06:58Z</time></trkpt><trkpt lat="22.43196624" lon="114.18523541"><ele>74.2030029296875</ele><time>2019-01-12T02:07:01Z</time></trkpt><trkpt lat="22.43195936" lon="114.18521359"><ele>74.6055908203125</ele><time>2019-01-12T02:07:04Z</time></trkpt><trkpt lat="22.43195078" lon="114.1851953"><ele>74.74078369140625</ele><time>2019-01-12T02:07:07Z</time></trkpt><trkpt lat="22.4319506" lon="114.18517258"><ele>75.708740234375</ele><time>2019-01-12T02:07:10Z</time></trkpt><trkpt lat="22.43194007" lon="114.18515273"><ele>75.88568115234375</ele><time>2019-01-12T02:07:14Z</time></trkpt><trkpt lat="22.4319326" lon="114.18512738"><ele>76.8642578125</ele><time>2019-01-12T02:07:17Z</time></trkpt><trkpt lat="22.43192632" lon="114.18510676"><ele>77.355224609375</ele><time>2019-01-12T02:07:21Z</time></trkpt><trkpt lat="22.43191872" lon="114.18508565"><ele>80.85455322265625</ele><time>2019-01-12T02:07:24Z</time></trkpt><trkpt lat="22.43192208" lon="114.18506593"><ele>82.3487548828125</ele><time>2019-01-12T02:07:27Z</time></trkpt><trkpt lat="22.43191016" lon="114.18504974"><ele>81.78857421875</ele><time>2019-01-12T02:07:29Z</time></trkpt><trkpt lat="22.43189777" lon="114.18503435"><ele>83.119384765625</ele><time>2019-01-12T02:07:33Z</time></trkpt><trkpt lat="22.43188428" lon="114.18501955"><ele>91.10565185546875</ele><time>2019-01-12T02:07:43Z</time></trkpt><trkpt lat="22.4318821" lon="114.18499969"><ele>93.2044677734375</ele><time>2019-01-12T02:07:48Z</time></trkpt><trkpt lat="22.43186947" lon="114.18497551"><ele>90.64764404296875</ele><time>2019-01-12T02:07:52Z</time></trkpt><trkpt lat="22.43185585" lon="114.18495642"><ele>91.63238525390625</ele><time>2019-01-12T02:07:56Z</time></trkpt><trkpt lat="22.43184736" lon="114.18493498"><ele>91.15582275390625</ele><time>2019-01-12T02:07:59Z</time></trkpt><trkpt lat="22.43184476" lon="114.18491456"><ele>91.156494140625</ele><time>2019-01-12T02:08:04Z</time></trkpt><trkpt lat="22.43183482" lon="114.18488716"><ele>90.6102294921875</ele><time>2019-01-12T02:08:16Z</time></trkpt><trkpt lat="22.43181894" lon="114.18487622"><ele>90.32623291015625</ele><time>2019-01-12T02:08:18Z</time></trkpt><trkpt lat="22.43180859" lon="114.18485499"><ele>90.8856201171875</ele><time>2019-01-12T02:08:22Z</time></trkpt><trkpt lat="22.43180419" lon="114.18483516"><ele>88.93182373046875</ele><time>2019-01-12T02:08:26Z</time></trkpt><trkpt lat="22.43180808" lon="114.18481362"><ele>88.70703125</ele><time>2019-01-12T02:08:33Z</time></trkpt><trkpt lat="22.43181711" lon="114.18478698"><ele>89.4237060546875</ele><time>2019-01-12T02:08:36Z</time></trkpt><trkpt lat="22.43180492" lon="114.18477131"><ele>88.833984375</ele><time>2019-01-12T02:08:44Z</time></trkpt><trkpt lat="22.43179255" lon="114.18474961"><ele>87.8841552734375</ele><time>2019-01-12T02:08:51Z</time></trkpt><trkpt lat="22.43177806" lon="114.18473712"><ele>86.7406005859375</ele><time>2019-01-12T02:08:54Z</time></trkpt><trkpt lat="22.43175957" lon="114.18473742"><ele>85.26470947265625</ele><time>2019-01-12T02:08:57Z</time></trkpt><trkpt lat="22.43173836" lon="114.18473399"><ele>83.45587158203125</ele><time>2019-01-12T02:09:00Z</time></trkpt><trkpt lat="22.43172048" lon="114.18472577"><ele>83.496826171875</ele><time>2019-01-12T02:09:02Z</time></trkpt><trkpt lat="22.43170852" lon="114.18470685"><ele>82.6800537109375</ele><time>2019-01-12T02:09:04Z</time></trkpt><trkpt lat="22.4316897" lon="114.18469461"><ele>81.05804443359375</ele><time>2019-01-12T02:09:06Z</time></trkpt><trkpt lat="22.43166283" lon="114.18468383"><ele>81.218994140625</ele><time>2019-01-12T02:09:08Z</time></trkpt><trkpt lat="22.43164231" lon="114.18466965"><ele>81.39141845703125</ele><time>2019-01-12T02:09:10Z</time></trkpt><trkpt lat="22.43162511" lon="114.18465202"><ele>81.2340087890625</ele><time>2019-01-12T02:09:12Z</time></trkpt><trkpt lat="22.43161527" lon="114.18463168"><ele>82.69671630859375</ele><time>2019-01-12T02:09:14Z</time></trkpt><trkpt lat="22.43160716" lon="114.1846087"><ele>81.62799072265625</ele><time>2019-01-12T02:09:16Z</time></trkpt><trkpt lat="22.43159626" lon="114.18458483"><ele>82.39190673828125</ele><time>2019-01-12T02:09:19Z</time></trkpt><trkpt lat="22.43157219" lon="114.18457091"><ele>81.6640625</ele><time>2019-01-12T02:09:22Z</time></trkpt><trkpt lat="22.43155359" lon="114.1845641"><ele>81.10504150390625</ele><time>2019-01-12T02:09:25Z</time></trkpt><trkpt lat="22.43152873" lon="114.18455974"><ele>79.04119873046875</ele><time>2019-01-12T02:09:28Z</time></trkpt><trkpt lat="22.43150823" lon="114.18455535"><ele>76.50787353515625</ele><time>2019-01-12T02:09:32Z</time></trkpt><trkpt lat="22.43149031" lon="114.18455826"><ele>78.35308837890625</ele><time>2019-01-12T02:09:35Z</time></trkpt><trkpt lat="22.43146678" lon="114.18457244"><ele>74.76611328125</ele><time>2019-01-12T02:09:37Z</time></trkpt><trkpt lat="22.43144238" lon="114.18459081"><ele>76.60205078125</ele><time>2019-01-12T02:09:39Z</time></trkpt><trkpt lat="22.43142575" lon="114.18460264"><ele>76.03436279296875</ele><time>2019-01-12T02:09:41Z</time></trkpt><trkpt lat="22.43140461" lon="114.18459946"><ele>74.87591552734375</ele><time>2019-01-12T02:09:44Z</time></trkpt><trkpt lat="22.43138013" lon="114.18461141"><ele>74.78216552734375</ele><time>2019-01-12T02:09:48Z</time></trkpt><trkpt lat="22.43136212" lon="114.18461564"><ele>76.5560302734375</ele><time>2019-01-12T02:09:51Z</time></trkpt><trkpt lat="22.43134126" lon="114.18461989"><ele>75.90472412109375</ele><time>2019-01-12T02:09:55Z</time></trkpt><trkpt lat="22.43132055" lon="114.18462927"><ele>75.622802734375</ele><time>2019-01-12T02:09:58Z</time></trkpt><trkpt lat="22.43130055" lon="114.18463412"><ele>74.8416748046875</ele><time>2019-01-12T02:10:00Z</time></trkpt><trkpt lat="22.43128106" lon="114.18463983"><ele>74.3189697265625</ele><time>2019-01-12T02:10:03Z</time></trkpt><trkpt lat="22.43126422" lon="114.18465754"><ele>74.42071533203125</ele><time>2019-01-12T02:10:06Z</time></trkpt><trkpt lat="22.43124657" lon="114.18467031"><ele>74.2110595703125</ele><time>2019-01-12T02:10:08Z</time></trkpt><trkpt lat="22.43122364" lon="114.18467977"><ele>73.42071533203125</ele><time>2019-01-12T02:10:11Z</time></trkpt><trkpt lat="22.43120353" lon="114.18468977"><ele>73.52728271484375</ele><time>2019-01-12T02:10:15Z</time></trkpt><trkpt lat="22.43118324" lon="114.18469976"><ele>72.2816162109375</ele><time>2019-01-12T02:10:18Z</time></trkpt><trkpt lat="22.43116414" lon="114.184705"><ele>74.37713623046875</ele><time>2019-01-12T02:10:20Z</time></trkpt><trkpt lat="22.43114232" lon="114.18470869"><ele>72.365478515625</ele><time>2019-01-12T02:10:23Z</time></trkpt><trkpt lat="22.43111728" lon="114.18471023"><ele>72.61163330078125</ele><time>2019-01-12T02:10:25Z</time></trkpt><trkpt lat="22.43108839" lon="114.18471193"><ele>74.66595458984375</ele><time>2019-01-12T02:10:27Z</time></trkpt><trkpt lat="22.43105526" lon="114.18470968"><ele>76.63189697265625</ele><time>2019-01-12T02:10:29Z</time></trkpt><trkpt lat="22.43102924" lon="114.18471797"><ele>74.65704345703125</ele><time>2019-01-12T02:10:34Z</time></trkpt><trkpt lat="22.43102386" lon="114.184739"><ele>72.531982421875</ele><time>2019-01-12T02:10:36Z</time></trkpt><trkpt lat="22.4310305" lon="114.1847601"><ele>71.3203125</ele><time>2019-01-12T02:10:41Z</time></trkpt><trkpt lat="22.43100923" lon="114.18474462"><ele>70.81756591796875</ele><time>2019-01-12T02:10:56Z</time></trkpt><trkpt lat="22.43099799" lon="114.18471485"><ele>70.051513671875</ele><time>2019-01-12T02:10:58Z</time></trkpt><trkpt lat="22.43098932" lon="114.18469283"><ele>71.52337646484375</ele><time>2019-01-12T02:11:00Z</time></trkpt><trkpt lat="22.43097946" lon="114.18466859"><ele>72.75762939453125</ele><time>2019-01-12T02:11:03Z</time></trkpt><trkpt lat="22.43096576" lon="114.18465418"><ele>72.0118408203125</ele><time>2019-01-12T02:11:06Z</time></trkpt><trkpt lat="22.43094865" lon="114.18463278"><ele>74.52593994140625</ele><time>2019-01-12T02:11:09Z</time></trkpt><trkpt lat="22.43093376" lon="114.18461683"><ele>74.65008544921875</ele><time>2019-01-12T02:11:11Z</time></trkpt><trkpt lat="22.43091254" lon="114.1846026"><ele>74.500244140625</ele><time>2019-01-12T02:11:14Z</time></trkpt><trkpt lat="22.43088358" lon="114.18461018"><ele>75.2525634765625</ele><time>2019-01-12T02:11:16Z</time></trkpt><trkpt lat="22.43085661" lon="114.18461318"><ele>76.37713623046875</ele><time>2019-01-12T02:11:18Z</time></trkpt><trkpt lat="22.43084362" lon="114.18459814"><ele>76.78997802734375</ele><time>2019-01-12T02:11:20Z</time></trkpt><trkpt lat="22.43083558" lon="114.18457795"><ele>77.1488037109375</ele><time>2019-01-12T02:11:22Z</time></trkpt><trkpt lat="22.43083286" lon="114.18455546"><ele>76.67138671875</ele><time>2019-01-12T02:11:24Z</time></trkpt><trkpt lat="22.43082765" lon="114.18453258"><ele>76.01806640625</ele><time>2019-01-12T02:11:27Z</time></trkpt><trkpt lat="22.43080885" lon="114.18451282"><ele>77.24908447265625</ele><time>2019-01-12T02:11:30Z</time></trkpt><trkpt lat="22.43079475" lon="114.18448991"><ele>75.763427734375</ele><time>2019-01-12T02:11:33Z</time></trkpt><trkpt lat="22.43078548" lon="114.18447223"><ele>76.62237548828125</ele><time>2019-01-12T02:11:35Z</time></trkpt><trkpt lat="22.43077053" lon="114.18446093"><ele>75.022216796875</ele><time>2019-01-12T02:11:37Z</time></trkpt><trkpt lat="22.43074472" lon="114.18445276"><ele>75.4512939453125</ele><time>2019-01-12T02:11:40Z</time></trkpt><trkpt lat="22.43072795" lon="114.18446333"><ele>74.992919921875</ele><time>2019-01-12T02:11:46Z</time></trkpt><trkpt lat="22.43070973" lon="114.18447077"><ele>74.922119140625</ele><time>2019-01-12T02:11:51Z</time></trkpt><trkpt lat="22.4306857" lon="114.18447149"><ele>71.8994140625</ele><time>2019-01-12T02:11:58Z</time></trkpt><trkpt lat="22.43070268" lon="114.18446298"><ele>74.41156005859375</ele><time>2019-01-12T02:12:02Z</time></trkpt><trkpt lat="22.43070304" lon="114.18443888"><ele>74.7470703125</ele><time>2019-01-12T02:12:08Z</time></trkpt><trkpt lat="22.43068735" lon="114.1844241"><ele>74.97552490234375</ele><time>2019-01-12T02:12:10Z</time></trkpt><trkpt lat="22.43066822" lon="114.18441148"><ele>73.8009033203125</ele><time>2019-01-12T02:12:12Z</time></trkpt><trkpt lat="22.43065355" lon="114.18439957"><ele>74.36700439453125</ele><time>2019-01-12T02:12:14Z</time></trkpt><trkpt lat="22.43063292" lon="114.18438628"><ele>73.9263916015625</ele><time>2019-01-12T02:12:17Z</time></trkpt><trkpt lat="22.4306135" lon="114.18437032"><ele>74.54095458984375</ele><time>2019-01-12T02:12:20Z</time></trkpt><trkpt lat="22.43059106" lon="114.18435748"><ele>75.50469970703125</ele><time>2019-01-12T02:12:23Z</time></trkpt><trkpt lat="22.43057347" lon="114.18434786"><ele>75.70599365234375</ele><time>2019-01-12T02:12:25Z</time></trkpt><trkpt lat="22.43055949" lon="114.18433381"><ele>74.40924072265625</ele><time>2019-01-12T02:12:28Z</time></trkpt><trkpt lat="22.43054067" lon="114.18431797"><ele>72.5767822265625</ele><time>2019-01-12T02:12:31Z</time></trkpt><trkpt lat="22.43053603" lon="114.18429581"><ele>74.41107177734375</ele><time>2019-01-12T02:12:34Z</time></trkpt><trkpt lat="22.43053843" lon="114.18426889"><ele>75.51409912109375</ele><time>2019-01-12T02:12:37Z</time></trkpt><trkpt lat="22.43053088" lon="114.18424852"><ele>75.17108154296875</ele><time>2019-01-12T02:12:41Z</time></trkpt><trkpt lat="22.43051865" lon="114.18422983"><ele>72.9161376953125</ele><time>2019-01-12T02:12:44Z</time></trkpt><trkpt lat="22.43050017" lon="114.18422014"><ele>70.11883544921875</ele><time>2019-01-12T02:12:47Z</time></trkpt><trkpt lat="22.43048092" lon="114.18422393"><ele>68.9371337890625</ele><time>2019-01-12T02:12:51Z</time></trkpt><trkpt lat="22.43046177" lon="114.18420799"><ele>67.48602294921875</ele><time>2019-01-12T02:12:59Z</time></trkpt><trkpt lat="22.43045128" lon="114.18419035"><ele>68.37060546875</ele><time>2019-01-12T02:13:02Z</time></trkpt><trkpt lat="22.43044057" lon="114.18416897"><ele>68.1854248046875</ele><time>2019-01-12T02:13:05Z</time></trkpt><trkpt lat="22.43042561" lon="114.18415556"><ele>67.4205322265625</ele><time>2019-01-12T02:13:07Z</time></trkpt><trkpt lat="22.43040415" lon="114.18413567"><ele>67.32000732421875</ele><time>2019-01-12T02:13:10Z</time></trkpt><trkpt lat="22.43038618" lon="114.1841253"><ele>67.14837646484375</ele><time>2019-01-12T02:13:12Z</time></trkpt><trkpt lat="22.43037035" lon="114.18410991"><ele>69.12994384765625</ele><time>2019-01-12T02:13:14Z</time></trkpt><trkpt lat="22.43035258" lon="114.18409526"><ele>68.80908203125</ele><time>2019-01-12T02:13:16Z</time></trkpt><trkpt lat="22.43033578" lon="114.18407383"><ele>68.81939697265625</ele><time>2019-01-12T02:13:19Z</time></trkpt><trkpt lat="22.4303234" lon="114.18405899"><ele>67.60003662109375</ele><time>2019-01-12T02:13:21Z</time></trkpt><trkpt lat="22.43030936" lon="114.18404416"><ele>68.385498046875</ele><time>2019-01-12T02:13:23Z</time></trkpt><trkpt lat="22.43030195" lon="114.18401948"><ele>69.31390380859375</ele><time>2019-01-12T02:13:25Z</time></trkpt><trkpt lat="22.43028557" lon="114.18399291"><ele>70.19989013671875</ele><time>2019-01-12T02:13:28Z</time></trkpt><trkpt lat="22.43027421" lon="114.18397013"><ele>71.42596435546875</ele><time>2019-01-12T02:13:30Z</time></trkpt><trkpt lat="22.43026235" lon="114.18395463"><ele>71.287353515625</ele><time>2019-01-12T02:13:35Z</time></trkpt><trkpt lat="22.43025841" lon="114.18392789"><ele>73.130615234375</ele><time>2019-01-12T02:13:37Z</time></trkpt><trkpt lat="22.43025633" lon="114.18390076"><ele>71.8179931640625</ele><time>2019-01-12T02:13:40Z</time></trkpt><trkpt lat="22.43025328" lon="114.18387603"><ele>71.55889892578125</ele><time>2019-01-12T02:13:43Z</time></trkpt><trkpt lat="22.4302518" lon="114.18385439"><ele>71.9222412109375</ele><time>2019-01-12T02:13:46Z</time></trkpt><trkpt lat="22.43025554" lon="114.18382783"><ele>70.74810791015625</ele><time>2019-01-12T02:13:49Z</time></trkpt><trkpt lat="22.43025642" lon="114.1838025"><ele>71.01983642578125</ele><time>2019-01-12T02:13:51Z</time></trkpt><trkpt lat="22.43025542" lon="114.1837725"><ele>69.769775390625</ele><time>2019-01-12T02:13:54Z</time></trkpt><trkpt lat="22.43024719" lon="114.18375313"><ele>69.010986328125</ele><time>2019-01-12T02:13:59Z</time></trkpt><trkpt lat="22.43023986" lon="114.18373156"><ele>66.14111328125</ele><time>2019-01-12T02:14:01Z</time></trkpt><trkpt lat="22.43021804" lon="114.1837171"><ele>65.21685791015625</ele><time>2019-01-12T02:14:03Z</time></trkpt><trkpt lat="22.4302038" lon="114.18369892"><ele>66.13671875</ele><time>2019-01-12T02:14:05Z</time></trkpt><trkpt lat="22.43018411" lon="114.18369227"><ele>66.05096435546875</ele><time>2019-01-12T02:14:07Z</time></trkpt><trkpt lat="22.43016594" lon="114.18368982"><ele>67.920654296875</ele><time>2019-01-12T02:14:11Z</time></trkpt><trkpt lat="22.43014682" lon="114.1836799"><ele>70.012939453125</ele><time>2019-01-12T02:14:14Z</time></trkpt><trkpt lat="22.43012173" lon="114.18368417"><ele>68.9393310546875</ele><time>2019-01-12T02:14:17Z</time></trkpt><trkpt lat="22.43010291" lon="114.18367998"><ele>69.20184326171875</ele><time>2019-01-12T02:14:19Z</time></trkpt><trkpt lat="22.43007582" lon="114.18368235"><ele>68.96954345703125</ele><time>2019-01-12T02:14:21Z</time></trkpt><trkpt lat="22.43005318" lon="114.18368649"><ele>70.096435546875</ele><time>2019-01-12T02:14:23Z</time></trkpt><trkpt lat="22.43003291" lon="114.1836973"><ele>71.54034423828125</ele><time>2019-01-12T02:14:25Z</time></trkpt><trkpt lat="22.4300181" lon="114.18370853"><ele>72.90936279296875</ele><time>2019-01-12T02:14:27Z</time></trkpt><trkpt lat="22.42999553" lon="114.18370339"><ele>75.226806640625</ele><time>2019-01-12T02:14:30Z</time></trkpt><trkpt lat="22.42997306" lon="114.18369084"><ele>76.0693359375</ele><time>2019-01-12T02:14:32Z</time></trkpt><trkpt lat="22.42995032" lon="114.18368291"><ele>74.87823486328125</ele><time>2019-01-12T02:14:34Z</time></trkpt><trkpt lat="22.42992858" lon="114.18368013"><ele>76.01959228515625</ele><time>2019-01-12T02:14:37Z</time></trkpt><trkpt lat="22.42990843" lon="114.18369126"><ele>76.120849609375</ele><time>2019-01-12T02:14:41Z</time></trkpt><trkpt lat="22.42988892" lon="114.18369487"><ele>78.357421875</ele><time>2019-01-12T02:14:43Z</time></trkpt><trkpt lat="22.42986929" lon="114.1836918"><ele>78.08245849609375</ele><time>2019-01-12T02:14:46Z</time></trkpt><trkpt lat="22.42984985" lon="114.18368901"><ele>78.17193603515625</ele><time>2019-01-12T02:14:49Z</time></trkpt><trkpt lat="22.42982838" lon="114.18368521"><ele>79.48065185546875</ele><time>2019-01-12T02:14:52Z</time></trkpt><trkpt lat="22.42980965" lon="114.183675"><ele>77.641357421875</ele><time>2019-01-12T02:14:55Z</time></trkpt><trkpt lat="22.42979374" lon="114.18366347"><ele>77.41058349609375</ele><time>2019-01-12T02:14:58Z</time></trkpt><trkpt lat="22.4297724" lon="114.18364774"><ele>77.3460693359375</ele><time>2019-01-12T02:15:01Z</time></trkpt><trkpt lat="22.429756" lon="114.18363765"><ele>77.8995361328125</ele><time>2019-01-12T02:15:03Z</time></trkpt><trkpt lat="22.42973813" lon="114.18362097"><ele>77.61102294921875</ele><time>2019-01-12T02:15:06Z</time></trkpt><trkpt lat="22.4297246" lon="114.18360038"><ele>76.1259765625</ele><time>2019-01-12T02:15:10Z</time></trkpt><trkpt lat="22.42971077" lon="114.18358409"><ele>74.8970947265625</ele><time>2019-01-12T02:15:16Z</time></trkpt><trkpt lat="22.42969153" lon="114.18357362"><ele>71.2666015625</ele><time>2019-01-12T02:15:23Z</time></trkpt><trkpt lat="22.42967191" lon="114.18357119"><ele>71.1798095703125</ele><time>2019-01-12T02:15:28Z</time></trkpt><trkpt lat="22.42965337" lon="114.18356472"><ele>70.64599609375</ele><time>2019-01-12T02:15:32Z</time></trkpt><trkpt lat="22.42964319" lon="114.18354687"><ele>70.14935302734375</ele><time>2019-01-12T02:15:35Z</time></trkpt><trkpt lat="22.42963737" lon="114.18352295"><ele>68.10443115234375</ele><time>2019-01-12T02:15:38Z</time></trkpt><trkpt lat="22.42962333" lon="114.18350866"><ele>68.013916015625</ele><time>2019-01-12T02:15:42Z</time></trkpt><trkpt lat="22.42961164" lon="114.18349159"><ele>67.7298583984375</ele><time>2019-01-12T02:15:45Z</time></trkpt><trkpt lat="22.42960504" lon="114.18347195"><ele>68.6239013671875</ele><time>2019-01-12T02:15:48Z</time></trkpt><trkpt lat="22.42960821" lon="114.18345261"><ele>70.0633544921875</ele><time>2019-01-12T02:15:51Z</time></trkpt><trkpt lat="22.42959656" lon="114.18342983"><ele>69.1695556640625</ele><time>2019-01-12T02:15:55Z</time></trkpt><trkpt lat="22.4295811" lon="114.18340748"><ele>71.6014404296875</ele><time>2019-01-12T02:15:58Z</time></trkpt><trkpt lat="22.42956793" lon="114.1833864"><ele>72.5750732421875</ele><time>2019-01-12T02:16:01Z</time></trkpt><trkpt lat="22.42955508" lon="114.18336772"><ele>72.064453125</ele><time>2019-01-12T02:16:03Z</time></trkpt><trkpt lat="22.42954376" lon="114.18335198"><ele>72.68536376953125</ele><time>2019-01-12T02:16:05Z</time></trkpt><trkpt lat="22.42952978" lon="114.18333157"><ele>73.1448974609375</ele><time>2019-01-12T02:16:08Z</time></trkpt><trkpt lat="22.42951801" lon="114.18331463"><ele>74.02484130859375</ele><time>2019-01-12T02:16:10Z</time></trkpt><trkpt lat="22.42949907" lon="114.18329367"><ele>74.466064453125</ele><time>2019-01-12T02:16:13Z</time></trkpt><trkpt lat="22.42948468" lon="114.18327483"><ele>75.65423583984375</ele><time>2019-01-12T02:16:15Z</time></trkpt><trkpt lat="22.42946352" lon="114.18327439"><ele>76.76605224609375</ele><time>2019-01-12T02:16:22Z</time></trkpt><trkpt lat="22.42945313" lon="114.18325243"><ele>82.4832763671875</ele><time>2019-01-12T02:16:28Z</time></trkpt><trkpt lat="22.42944914" lon="114.18322908"><ele>84.648681640625</ele><time>2019-01-12T02:16:32Z</time></trkpt><trkpt lat="22.42946548" lon="114.18321322"><ele>86.082763671875</ele><time>2019-01-12T02:16:36Z</time></trkpt><trkpt lat="22.42944951" lon="114.18320395"><ele>84.5772705078125</ele><time>2019-01-12T02:16:41Z</time></trkpt><trkpt lat="22.42943048" lon="114.18320033"><ele>84.21148681640625</ele><time>2019-01-12T02:16:43Z</time></trkpt><trkpt lat="22.42941238" lon="114.18320324"><ele>85.31378173828125</ele><time>2019-01-12T02:16:45Z</time></trkpt><trkpt lat="22.42939435" lon="114.18319851"><ele>85.18310546875</ele><time>2019-01-12T02:16:50Z</time></trkpt><trkpt lat="22.42939985" lon="114.18317842"><ele>86.156982421875</ele><time>2019-01-12T02:16:55Z</time></trkpt><trkpt lat="22.42940428" lon="114.18315511"><ele>86.46630859375</ele><time>2019-01-12T02:17:01Z</time></trkpt><trkpt lat="22.42940917" lon="114.18313146"><ele>87.57427978515625</ele><time>2019-01-12T02:17:04Z</time></trkpt><trkpt lat="22.42940751" lon="114.18310409"><ele>89.550048828125</ele><time>2019-01-12T02:17:07Z</time></trkpt><trkpt lat="22.42940366" lon="114.18308287"><ele>89.87908935546875</ele><time>2019-01-12T02:17:09Z</time></trkpt><trkpt lat="22.42939909" lon="114.18306235"><ele>90.8177490234375</ele><time>2019-01-12T02:17:11Z</time></trkpt><trkpt lat="22.42939082" lon="114.18303508"><ele>91.9715576171875</ele><time>2019-01-12T02:17:14Z</time></trkpt><trkpt lat="22.42938071" lon="114.18300987"><ele>91.13055419921875</ele><time>2019-01-12T02:17:17Z</time></trkpt><trkpt lat="22.4293737" lon="114.18298886"><ele>92.63934326171875</ele><time>2019-01-12T02:17:21Z</time></trkpt><trkpt lat="22.42936931" lon="114.18296857"><ele>93.6739501953125</ele><time>2019-01-12T02:17:24Z</time></trkpt><trkpt lat="22.42936496" lon="114.18294415"><ele>94.98193359375</ele><time>2019-01-12T02:17:31Z</time></trkpt><trkpt lat="22.4293545" lon="114.18292804"><ele>92.1104736328125</ele><time>2019-01-12T02:17:36Z</time></trkpt><trkpt lat="22.42934428" lon="114.1829105"><ele>92.18194580078125</ele><time>2019-01-12T02:17:38Z</time></trkpt><trkpt lat="22.42934198" lon="114.18288577"><ele>95.28863525390625</ele><time>2019-01-12T02:17:45Z</time></trkpt><trkpt lat="22.42934354" lon="114.18286558"><ele>94.766357421875</ele><time>2019-01-12T02:17:48Z</time></trkpt><trkpt lat="22.42933724" lon="114.1828443"><ele>96.143310546875</ele><time>2019-01-12T02:17:51Z</time></trkpt><trkpt lat="22.42933802" lon="114.1828241"><ele>98.509033203125</ele><time>2019-01-12T02:17:54Z</time></trkpt><trkpt lat="22.42932426" lon="114.18281109"><ele>96.99859619140625</ele><time>2019-01-12T02:17:57Z</time></trkpt><trkpt lat="22.42931518" lon="114.18279211"><ele>97.90582275390625</ele><time>2019-01-12T02:18:01Z</time></trkpt><trkpt lat="22.4293192" lon="114.18277309"><ele>98.71856689453125</ele><time>2019-01-12T02:18:04Z</time></trkpt><trkpt lat="22.42931695" lon="114.18275375"><ele>99.86151123046875</ele><time>2019-01-12T02:18:13Z</time></trkpt><trkpt lat="22.42930273" lon="114.18272904"><ele>99.3934326171875</ele><time>2019-01-12T02:18:16Z</time></trkpt><trkpt lat="22.4292904" lon="114.18271457"><ele>98.8563232421875</ele><time>2019-01-12T02:18:21Z</time></trkpt><trkpt lat="22.42928725" lon="114.18269484"><ele>97.4803466796875</ele><time>2019-01-12T02:18:28Z</time></trkpt><trkpt lat="22.42928773" lon="114.18267387"><ele>98.1815185546875</ele><time>2019-01-12T02:18:34Z</time></trkpt><trkpt lat="22.42929445" lon="114.18265236"><ele>99.3909912109375</ele><time>2019-01-12T02:18:37Z</time></trkpt><trkpt lat="22.42929372" lon="114.18263219"><ele>98.6795654296875</ele><time>2019-01-12T02:18:41Z</time></trkpt><trkpt lat="22.42929958" lon="114.18260775"><ele>100.615234375</ele><time>2019-01-12T02:18:43Z</time></trkpt><trkpt lat="22.4293057" lon="114.18257847"><ele>102.70391845703125</ele><time>2019-01-12T02:18:46Z</time></trkpt><trkpt lat="22.42930975" lon="114.18255509"><ele>101.8028564453125</ele><time>2019-01-12T02:18:49Z</time></trkpt><trkpt lat="22.42929692" lon="114.18254105"><ele>100.8140869140625</ele><time>2019-01-12T02:18:53Z</time></trkpt><trkpt lat="22.4292968" lon="114.1825134"><ele>102.11016845703125</ele><time>2019-01-12T02:19:06Z</time></trkpt><trkpt lat="22.42929345" lon="114.18249116"><ele>103.7960205078125</ele><time>2019-01-12T02:19:08Z</time></trkpt><trkpt lat="22.42930146" lon="114.18247212"><ele>104.62005615234375</ele><time>2019-01-12T02:19:10Z</time></trkpt><trkpt lat="22.42929872" lon="114.18244981"><ele>103.968505859375</ele><time>2019-01-12T02:19:13Z</time></trkpt><trkpt lat="22.42929622" lon="114.18243013"><ele>104.866943359375</ele><time>2019-01-12T02:19:16Z</time></trkpt><trkpt lat="22.42929606" lon="114.18240907"><ele>107.5284423828125</ele><time>2019-01-12T02:19:20Z</time></trkpt><trkpt lat="22.42929729" lon="114.18238467"><ele>108.0723876953125</ele><time>2019-01-12T02:19:23Z</time></trkpt><trkpt lat="22.42929121" lon="114.18236552"><ele>108.527587890625</ele><time>2019-01-12T02:19:26Z</time></trkpt><trkpt lat="22.42928234" lon="114.18234836"><ele>107.3992919921875</ele><time>2019-01-12T02:19:33Z</time></trkpt><trkpt lat="22.429273" lon="114.18233129"><ele>106.44427490234375</ele><time>2019-01-12T02:19:43Z</time></trkpt><trkpt lat="22.42927258" lon="114.18230345"><ele>106.1978759765625</ele><time>2019-01-12T02:19:46Z</time></trkpt><trkpt lat="22.42927792" lon="114.18228366"><ele>108.2410888671875</ele><time>2019-01-12T02:19:48Z</time></trkpt><trkpt lat="22.42928707" lon="114.1822654"><ele>108.833984375</ele><time>2019-01-12T02:19:51Z</time></trkpt><trkpt lat="22.42929666" lon="114.18224686"><ele>112.28814697265625</ele><time>2019-01-12T02:19:54Z</time></trkpt><trkpt lat="22.42930258" lon="114.18222284"><ele>112.7611083984375</ele><time>2019-01-12T02:19:58Z</time></trkpt><trkpt lat="22.42931209" lon="114.18220067"><ele>113.6318359375</ele><time>2019-01-12T02:20:03Z</time></trkpt><trkpt lat="22.42931213" lon="114.18217587"><ele>114.14495849609375</ele><time>2019-01-12T02:20:08Z</time></trkpt><trkpt lat="22.42931391" lon="114.18215033"><ele>115.8402099609375</ele><time>2019-01-12T02:20:11Z</time></trkpt><trkpt lat="22.42930331" lon="114.18212696"><ele>112.74920654296875</ele><time>2019-01-12T02:20:15Z</time></trkpt><trkpt lat="22.42928571" lon="114.1821206"><ele>112.92633056640625</ele><time>2019-01-12T02:20:17Z</time></trkpt><trkpt lat="22.4292797" lon="114.18209795"><ele>113.13671875</ele><time>2019-01-12T02:20:25Z</time></trkpt><trkpt lat="22.42926502" lon="114.18208238"><ele>111.36395263671875</ele><time>2019-01-12T02:20:31Z</time></trkpt><trkpt lat="22.42926586" lon="114.18206068"><ele>111.98681640625</ele><time>2019-01-12T02:20:37Z</time></trkpt><trkpt lat="22.42924845" lon="114.1820454"><ele>112.9498291015625</ele><time>2019-01-12T02:21:06Z</time></trkpt><trkpt lat="22.42922918" lon="114.18203597"><ele>112.94976806640625</ele><time>2019-01-12T02:21:10Z</time></trkpt><trkpt lat="22.42921176" lon="114.18202124"><ele>111.3914794921875</ele><time>2019-01-12T02:21:14Z</time></trkpt><trkpt lat="22.429207" lon="114.18199267"><ele>110.75030517578125</ele><time>2019-01-12T02:21:16Z</time></trkpt><trkpt lat="22.42920343" lon="114.18196864"><ele>111.6866455078125</ele><time>2019-01-12T02:21:20Z</time></trkpt><trkpt lat="22.42921486" lon="114.18194637"><ele>114.9573974609375</ele><time>2019-01-12T02:21:22Z</time></trkpt><trkpt lat="22.42922684" lon="114.18193084"><ele>115.90533447265625</ele><time>2019-01-12T02:21:25Z</time></trkpt><trkpt lat="22.4292271" lon="114.18190815"><ele>114.42535400390625</ele><time>2019-01-12T02:21:29Z</time></trkpt><trkpt lat="22.42921884" lon="114.18188862"><ele>112.228759765625</ele><time>2019-01-12T02:21:32Z</time></trkpt><trkpt lat="22.42921564" lon="114.18186543"><ele>111.31756591796875</ele><time>2019-01-12T02:21:36Z</time></trkpt><trkpt lat="22.42919808" lon="114.18184649"><ele>110.095458984375</ele><time>2019-01-12T02:21:40Z</time></trkpt><trkpt lat="22.42919965" lon="114.18182637"><ele>110.45098876953125</ele><time>2019-01-12T02:21:45Z</time></trkpt><trkpt lat="22.42921026" lon="114.18180874"><ele>109.8311767578125</ele><time>2019-01-12T02:21:51Z</time></trkpt><trkpt lat="22.42920245" lon="114.18178464"><ele>110.86370849609375</ele><time>2019-01-12T02:21:56Z</time></trkpt><trkpt lat="22.42919094" lon="114.18176639"><ele>110.7105712890625</ele><time>2019-01-12T02:22:03Z</time></trkpt><trkpt lat="22.42918608" lon="114.18174103"><ele>113.19549560546875</ele><time>2019-01-12T02:22:07Z</time></trkpt><trkpt lat="22.4291713" lon="114.18172642"><ele>112.15887451171875</ele><time>2019-01-12T02:22:14Z</time></trkpt><trkpt lat="22.42915479" lon="114.18171599"><ele>112.4259033203125</ele><time>2019-01-12T02:22:18Z</time></trkpt><trkpt lat="22.42913822" lon="114.18169955"><ele>112.70330810546875</ele><time>2019-01-12T02:22:21Z</time></trkpt><trkpt lat="22.42912655" lon="114.18168137"><ele>113.8409423828125</ele><time>2019-01-12T02:22:26Z</time></trkpt><trkpt lat="22.42912594" lon="114.18165366"><ele>114.11627197265625</ele><time>2019-01-12T02:22:29Z</time></trkpt><trkpt lat="22.42912442" lon="114.18163113"><ele>114.14630126953125</ele><time>2019-01-12T02:22:32Z</time></trkpt><trkpt lat="22.42910647" lon="114.18161275"><ele>114.14227294921875</ele><time>2019-01-12T02:22:39Z</time></trkpt><trkpt lat="22.4290909" lon="114.18159768"><ele>115.587158203125</ele><time>2019-01-12T02:22:41Z</time></trkpt><trkpt lat="22.42907157" lon="114.18158741"><ele>115.7677001953125</ele><time>2019-01-12T02:22:43Z</time></trkpt><trkpt lat="22.42905809" lon="114.18157309"><ele>115.1546630859375</ele><time>2019-01-12T02:22:45Z</time></trkpt><trkpt lat="22.42904567" lon="114.18155668"><ele>115.097412109375</ele><time>2019-01-12T02:22:48Z</time></trkpt><trkpt lat="22.42902907" lon="114.18154159"><ele>113.7490234375</ele><time>2019-01-12T02:22:52Z</time></trkpt><trkpt lat="22.42901547" lon="114.1815194"><ele>113.948486328125</ele><time>2019-01-12T02:22:57Z</time></trkpt><trkpt lat="22.42899941" lon="114.18150838"><ele>115.16912841796875</ele><time>2019-01-12T02:23:00Z</time></trkpt><trkpt lat="22.42898486" lon="114.18149409"><ele>114.715087890625</ele><time>2019-01-12T02:23:03Z</time></trkpt><trkpt lat="22.42896811" lon="114.18148166"><ele>114.922607421875</ele><time>2019-01-12T02:23:07Z</time></trkpt><trkpt lat="22.42895007" lon="114.18147591"><ele>115.39404296875</ele><time>2019-01-12T02:23:10Z</time></trkpt><trkpt lat="22.4289301" lon="114.18147238"><ele>116.15771484375</ele><time>2019-01-12T02:23:13Z</time></trkpt><trkpt lat="22.42891335" lon="114.18146322"><ele>115.878173828125</ele><time>2019-01-12T02:23:17Z</time></trkpt><trkpt lat="22.42889995" lon="114.18144981"><ele>115.93682861328125</ele><time>2019-01-12T02:23:19Z</time></trkpt><trkpt lat="22.42888136" lon="114.1814396"><ele>115.158935546875</ele><time>2019-01-12T02:23:21Z</time></trkpt><trkpt lat="22.42885996" lon="114.18143084"><ele>116.0166015625</ele><time>2019-01-12T02:23:24Z</time></trkpt><trkpt lat="22.42884163" lon="114.18142468"><ele>114.3885498046875</ele><time>2019-01-12T02:23:28Z</time></trkpt><trkpt lat="22.42882646" lon="114.18140431"><ele>112.467041015625</ele><time>2019-01-12T02:23:42Z</time></trkpt><trkpt lat="22.42881232" lon="114.18138801"><ele>111.7899169921875</ele><time>2019-01-12T02:23:45Z</time></trkpt><trkpt lat="22.42880347" lon="114.18136904"><ele>110.58282470703125</ele><time>2019-01-12T02:23:51Z</time></trkpt><trkpt lat="22.42881701" lon="114.18135533"><ele>111.5408935546875</ele><time>2019-01-12T02:23:53Z</time></trkpt><trkpt lat="22.4288272" lon="114.18133433"><ele>110.38427734375</ele><time>2019-01-12T02:23:55Z</time></trkpt><trkpt lat="22.42883128" lon="114.18130803"><ele>108.9718017578125</ele><time>2019-01-12T02:23:57Z</time></trkpt><trkpt lat="22.42882802" lon="114.18128449"><ele>107.851318359375</ele><time>2019-01-12T02:23:59Z</time></trkpt><trkpt lat="22.42882686" lon="114.18126158"><ele>106.77398681640625</ele><time>2019-01-12T02:24:01Z</time></trkpt><trkpt lat="22.42883814" lon="114.18124455"><ele>107.91448974609375</ele><time>2019-01-12T02:24:03Z</time></trkpt><trkpt lat="22.42885442" lon="114.18123607"><ele>108.47113037109375</ele><time>2019-01-12T02:24:06Z</time></trkpt><trkpt lat="22.42885722" lon="114.18121646"><ele>107.904052734375</ele><time>2019-01-12T02:24:11Z</time></trkpt><trkpt lat="22.42884893" lon="114.18119172"><ele>107.701416015625</ele><time>2019-01-12T02:24:21Z</time></trkpt><trkpt lat="22.42884062" lon="114.18116767"><ele>106.5418701171875</ele><time>2019-01-12T02:24:24Z</time></trkpt><trkpt lat="22.42884184" lon="114.18114772"><ele>106.79962158203125</ele><time>2019-01-12T02:24:26Z</time></trkpt><trkpt lat="22.42882146" lon="114.18114787"><ele>103.99981689453125</ele><time>2019-01-12T02:24:46Z</time></trkpt><trkpt lat="22.428808" lon="114.18112933"><ele>99.83306884765625</ele><time>2019-01-12T02:24:50Z</time></trkpt><trkpt lat="22.42879849" lon="114.18111203"><ele>98.8712158203125</ele><time>2019-01-12T02:24:54Z</time></trkpt><trkpt lat="22.42879831" lon="114.18108665"><ele>98.44970703125</ele><time>2019-01-12T02:24:57Z</time></trkpt><trkpt lat="22.42879066" lon="114.18106418"><ele>95.1890869140625</ele><time>2019-01-12T02:25:04Z</time></trkpt><trkpt lat="22.42878043" lon="114.18104214"><ele>96.5400390625</ele><time>2019-01-12T02:25:08Z</time></trkpt><trkpt lat="22.42877327" lon="114.18101379"><ele>94.4852294921875</ele><time>2019-01-12T02:25:11Z</time></trkpt><trkpt lat="22.42876465" lon="114.18098782"><ele>94.8359375</ele><time>2019-01-12T02:25:13Z</time></trkpt><trkpt lat="22.42875222" lon="114.18096696"><ele>92.10888671875</ele><time>2019-01-12T02:25:17Z</time></trkpt><trkpt lat="22.42873702" lon="114.18094931"><ele>92.5616455078125</ele><time>2019-01-12T02:25:21Z</time></trkpt><trkpt lat="22.42872755" lon="114.18092947"><ele>93.298095703125</ele><time>2019-01-12T02:25:23Z</time></trkpt><trkpt lat="22.42871475" lon="114.18091336"><ele>95.3294677734375</ele><time>2019-01-12T02:25:27Z</time></trkpt><trkpt lat="22.42869622" lon="114.1809023"><ele>94.55474853515625</ele><time>2019-01-12T02:25:30Z</time></trkpt><trkpt lat="22.42867637" lon="114.18088785"><ele>95.46612548828125</ele><time>2019-01-12T02:25:34Z</time></trkpt><trkpt lat="22.42866837" lon="114.18086964"><ele>94.30621337890625</ele><time>2019-01-12T02:25:36Z</time></trkpt><trkpt lat="22.42865452" lon="114.18084677"><ele>95.20526123046875</ele><time>2019-01-12T02:25:39Z</time></trkpt><trkpt lat="22.42865073" lon="114.18082712"><ele>95.998046875</ele><time>2019-01-12T02:25:41Z</time></trkpt><trkpt lat="22.42864099" lon="114.18080962"><ele>98.9608154296875</ele><time>2019-01-12T02:25:48Z</time></trkpt><trkpt lat="22.42862504" lon="114.18078489"><ele>101.0345458984375</ele><time>2019-01-12T02:25:51Z</time></trkpt><trkpt lat="22.4286162" lon="114.18076085"><ele>102.0660400390625</ele><time>2019-01-12T02:25:54Z</time></trkpt><trkpt lat="22.42861617" lon="114.18074047"><ele>103.03857421875</ele><time>2019-01-12T02:25:56Z</time></trkpt><trkpt lat="22.42859574" lon="114.18072338"><ele>100.7119140625</ele><time>2019-01-12T02:26:01Z</time></trkpt><trkpt lat="22.42857122" lon="114.18071075"><ele>99.1287841796875</ele><time>2019-01-12T02:26:05Z</time></trkpt><trkpt lat="22.42855551" lon="114.18070016"><ele>100.00189208984375</ele><time>2019-01-12T02:26:08Z</time></trkpt><trkpt lat="22.42854724" lon="114.18068018"><ele>101.1920166015625</ele><time>2019-01-12T02:26:11Z</time></trkpt><trkpt lat="22.42855113" lon="114.18065875"><ele>102.70477294921875</ele><time>2019-01-12T02:26:14Z</time></trkpt><trkpt lat="22.42855489" lon="114.18063732"><ele>103.97015380859375</ele><time>2019-01-12T02:26:17Z</time></trkpt><trkpt lat="22.42854771" lon="114.18061502"><ele>104.194580078125</ele><time>2019-01-12T02:26:19Z</time></trkpt><trkpt lat="22.42853535" lon="114.18058617"><ele>105.45263671875</ele><time>2019-01-12T02:26:21Z</time></trkpt><trkpt lat="22.42851907" lon="114.18055998"><ele>104.9781494140625</ele><time>2019-01-12T02:26:24Z</time></trkpt><trkpt lat="22.42850561" lon="114.18054088"><ele>105.75396728515625</ele><time>2019-01-12T02:26:27Z</time></trkpt><trkpt lat="22.42849364" lon="114.18052453"><ele>106.1964111328125</ele><time>2019-01-12T02:26:32Z</time></trkpt><trkpt lat="22.42850943" lon="114.18051139"><ele>106.24920654296875</ele><time>2019-01-12T02:26:36Z</time></trkpt><trkpt lat="22.42852132" lon="114.18049086"><ele>107.528564453125</ele><time>2019-01-12T02:26:41Z</time></trkpt><trkpt lat="22.42852106" lon="114.18046529"><ele>108.7467041015625</ele><time>2019-01-12T02:26:44Z</time></trkpt><trkpt lat="22.42852267" lon="114.1804313"><ele>106.009033203125</ele><time>2019-01-12T02:26:47Z</time></trkpt><trkpt lat="22.42852613" lon="114.1804008"><ele>105.56866455078125</ele><time>2019-01-12T02:26:49Z</time></trkpt><trkpt lat="22.42853746" lon="114.18037745"><ele>106.2384033203125</ele><time>2019-01-12T02:26:51Z</time></trkpt><trkpt lat="22.42854197" lon="114.18035798"><ele>100.12884521484375</ele><time>2019-01-12T02:27:02Z</time></trkpt><trkpt lat="22.42856494" lon="114.1803497"><ele>100.4501953125</ele><time>2019-01-12T02:27:05Z</time></trkpt><trkpt lat="22.428594" lon="114.18034568"><ele>96.81939697265625</ele><time>2019-01-12T02:27:08Z</time></trkpt><trkpt lat="22.42861273" lon="114.18033145"><ele>97.04876708984375</ele><time>2019-01-12T02:27:10Z</time></trkpt><trkpt lat="22.42863193" lon="114.18033206"><ele>96.10028076171875</ele><time>2019-01-12T02:27:16Z</time></trkpt><trkpt lat="22.42864568" lon="114.18035639"><ele>96.56036376953125</ele><time>2019-01-12T02:27:20Z</time></trkpt><trkpt lat="22.42864131" lon="114.18039228"><ele>96.94757080078125</ele><time>2019-01-12T02:27:22Z</time></trkpt><trkpt lat="22.42863172" lon="114.18042858"><ele>98.08770751953125</ele><time>2019-01-12T02:27:23Z</time></trkpt><trkpt lat="22.42862632" lon="114.18044893"><ele>98.69873046875</ele><time>2019-01-12T02:27:24Z</time></trkpt><trkpt lat="22.42862577" lon="114.1804694"><ele>99.066162109375</ele><time>2019-01-12T02:27:26Z</time></trkpt><trkpt lat="22.42864583" lon="114.18046316"><ele>102.390869140625</ele><time>2019-01-12T02:27:33Z</time></trkpt><trkpt lat="22.42866379" lon="114.18046564"><ele>108.47613525390625</ele><time>2019-01-12T02:27:47Z</time></trkpt><trkpt lat="22.42868252" lon="114.18046346"><ele>110.7618408203125</ele><time>2019-01-12T02:27:52Z</time></trkpt><trkpt lat="22.42870046" lon="114.18046883"><ele>111.85491943359375</ele><time>2019-01-12T02:27:56Z</time></trkpt><trkpt lat="22.42871092" lon="114.180494"><ele>111.627685546875</ele><time>2019-01-12T02:27:59Z</time></trkpt><trkpt lat="22.42872658" lon="114.18051005"><ele>115.43463134765625</ele><time>2019-01-12T02:28:02Z</time></trkpt><trkpt lat="22.42874817" lon="114.18049388"><ele>115.387939453125</ele><time>2019-01-12T02:28:05Z</time></trkpt><trkpt lat="22.42876853" lon="114.18049231"><ele>115.5985107421875</ele><time>2019-01-12T02:28:08Z</time></trkpt><trkpt lat="22.42879113" lon="114.18050627"><ele>118.19354248046875</ele><time>2019-01-12T02:28:11Z</time></trkpt><trkpt lat="22.42880067" lon="114.18052823"><ele>118.3787841796875</ele><time>2019-01-12T02:28:13Z</time></trkpt><trkpt lat="22.42878325" lon="114.18053339"><ele>117.3310546875</ele><time>2019-01-12T02:28:23Z</time></trkpt><trkpt lat="22.42878759" lon="114.18055286"><ele>117.357421875</ele><time>2019-01-12T02:28:31Z</time></trkpt><trkpt lat="22.42880562" lon="114.18056787"><ele>117.6744384765625</ele><time>2019-01-12T02:28:42Z</time></trkpt><trkpt lat="22.42881919" lon="114.1805831"><ele>118.043212890625</ele><time>2019-01-12T02:28:45Z</time></trkpt><trkpt lat="22.4288341" lon="114.18060325"><ele>118.71002197265625</ele><time>2019-01-12T02:28:48Z</time></trkpt><trkpt lat="22.42885237" lon="114.18060711"><ele>119.8380126953125</ele><time>2019-01-12T02:28:51Z</time></trkpt><trkpt lat="22.42887659" lon="114.18060611"><ele>119.410888671875</ele><time>2019-01-12T02:28:55Z</time></trkpt><trkpt lat="22.42889443" lon="114.18060974"><ele>119.7681884765625</ele><time>2019-01-12T02:28:57Z</time></trkpt><trkpt lat="22.42891532" lon="114.18062281"><ele>119.753173828125</ele><time>2019-01-12T02:29:01Z</time></trkpt><trkpt lat="22.42893392" lon="114.18063402"><ele>121.02496337890625</ele><time>2019-01-12T02:29:03Z</time></trkpt><trkpt lat="22.42895556" lon="114.18064145"><ele>122.1297607421875</ele><time>2019-01-12T02:29:05Z</time></trkpt><trkpt lat="22.42897173" lon="114.18065029"><ele>122.680908203125</ele><time>2019-01-12T02:29:07Z</time></trkpt><trkpt lat="22.42899187" lon="114.18064837"><ele>122.67022705078125</ele><time>2019-01-12T02:29:09Z</time></trkpt><trkpt lat="22.42900805" lon="114.18066001"><ele>125.2437744140625</ele><time>2019-01-12T02:29:13Z</time></trkpt><trkpt lat="22.42902037" lon="114.18067821"><ele>126.31036376953125</ele><time>2019-01-12T02:29:16Z</time></trkpt><trkpt lat="22.4290404" lon="114.18069371"><ele>128.6600341796875</ele><time>2019-01-12T02:29:19Z</time></trkpt><trkpt lat="22.42905795" lon="114.18071551"><ele>131.18017578125</ele><time>2019-01-12T02:29:22Z</time></trkpt><trkpt lat="22.42906843" lon="114.1807409"><ele>132.3551025390625</ele><time>2019-01-12T02:29:24Z</time></trkpt><trkpt lat="22.42908385" lon="114.18075888"><ele>133.78192138671875</ele><time>2019-01-12T02:29:26Z</time></trkpt><trkpt lat="22.42909659" lon="114.1807762"><ele>134.0955810546875</ele><time>2019-01-12T02:29:28Z</time></trkpt><trkpt lat="22.42910879" lon="114.18079118"><ele>134.64874267578125</ele><time>2019-01-12T02:29:30Z</time></trkpt><trkpt lat="22.4291231" lon="114.18080393"><ele>134.37261962890625</ele><time>2019-01-12T02:29:32Z</time></trkpt><trkpt lat="22.42913743" lon="114.18083254"><ele>137.60894775390625</ele><time>2019-01-12T02:29:34Z</time></trkpt><trkpt lat="22.42914146" lon="114.18085177"><ele>137.63037109375</ele><time>2019-01-12T02:29:35Z</time></trkpt><trkpt lat="22.42914881" lon="114.18088034"><ele>138.0447998046875</ele><time>2019-01-12T02:29:37Z</time></trkpt><trkpt lat="22.42916382" lon="114.18086206"><ele>134.5826416015625</ele><time>2019-01-12T02:29:40Z</time></trkpt><trkpt lat="22.4291745" lon="114.18084241"><ele>131.79443359375</ele><time>2019-01-12T02:29:45Z</time></trkpt><trkpt lat="22.42919837" lon="114.18084564"><ele>131.060302734375</ele><time>2019-01-12T02:29:50Z</time></trkpt><trkpt lat="22.4292195" lon="114.18085515"><ele>132.8529052734375</ele><time>2019-01-12T02:29:56Z</time></trkpt><trkpt lat="22.42924008" lon="114.18085346"><ele>132.86053466796875</ele><time>2019-01-12T02:30:00Z</time></trkpt><trkpt lat="22.42925953" lon="114.18085667"><ele>132.4539794921875</ele><time>2019-01-12T02:30:03Z</time></trkpt><trkpt lat="22.42927673" lon="114.18086662"><ele>132.24810791015625</ele><time>2019-01-12T02:30:05Z</time></trkpt><trkpt lat="22.42929076" lon="114.18088362"><ele>131.7186279296875</ele><time>2019-01-12T02:30:08Z</time></trkpt><trkpt lat="22.42930088" lon="114.18090514"><ele>131.6998291015625</ele><time>2019-01-12T02:30:13Z</time></trkpt><trkpt lat="22.42931167" lon="114.18092774"><ele>132.09454345703125</ele><time>2019-01-12T02:30:17Z</time></trkpt><trkpt lat="22.42932769" lon="114.18094854"><ele>133.00030517578125</ele><time>2019-01-12T02:30:20Z</time></trkpt><trkpt lat="22.42934053" lon="114.18096365"><ele>131.9083251953125</ele><time>2019-01-12T02:30:24Z</time></trkpt><trkpt lat="22.42935446" lon="114.1809825"><ele>130.75970458984375</ele><time>2019-01-12T02:30:34Z</time></trkpt><trkpt lat="22.42937434" lon="114.18099211"><ele>129.67730712890625</ele><time>2019-01-12T02:30:38Z</time></trkpt><trkpt lat="22.42939139" lon="114.18100978"><ele>130.4573974609375</ele><time>2019-01-12T02:30:41Z</time></trkpt><trkpt lat="22.4294112" lon="114.18102716"><ele>129.67828369140625</ele><time>2019-01-12T02:30:44Z</time></trkpt><trkpt lat="22.42943144" lon="114.18102938"><ele>129.4002685546875</ele><time>2019-01-12T02:30:46Z</time></trkpt><trkpt lat="22.42945077" lon="114.18103333"><ele>129.7957763671875</ele><time>2019-01-12T02:30:48Z</time></trkpt><trkpt lat="22.42947323" lon="114.18104028"><ele>130.729736328125</ele><time>2019-01-12T02:30:50Z</time></trkpt><trkpt lat="22.42949536" lon="114.18104519"><ele>130.2247314453125</ele><time>2019-01-12T02:30:56Z</time></trkpt><trkpt lat="22.42951629" lon="114.18104391"><ele>127.757568359375</ele><time>2019-01-12T02:31:28Z</time></trkpt><trkpt lat="22.42953386" lon="114.18102684"><ele>127.5283203125</ele><time>2019-01-12T02:31:30Z</time></trkpt><trkpt lat="22.42954718" lon="114.18100886"><ele>129.4593505859375</ele><time>2019-01-12T02:31:34Z</time></trkpt><trkpt lat="22.42956634" lon="114.18101033"><ele>131.5191650390625</ele><time>2019-01-12T02:31:42Z</time></trkpt><trkpt lat="22.42958043" lon="114.18099724"><ele>130.671875</ele><time>2019-01-12T02:31:50Z</time></trkpt><trkpt lat="22.42956625" lon="114.18098262"><ele>119.56597900390625</ele><time>2019-01-12T02:32:00Z</time></trkpt><trkpt lat="22.42954717" lon="114.18096879"><ele>119.86181640625</ele><time>2019-01-12T02:32:02Z</time></trkpt><trkpt lat="22.42953122" lon="114.18094548"><ele>122.2308349609375</ele><time>2019-01-12T02:32:05Z</time></trkpt><trkpt lat="22.42952329" lon="114.18092602"><ele>123.793212890625</ele><time>2019-01-12T02:32:08Z</time></trkpt><trkpt lat="22.42951089" lon="114.18090899"><ele>126.5845947265625</ele><time>2019-01-12T02:32:13Z</time></trkpt><trkpt lat="22.4295099" lon="114.18088598"><ele>127.17633056640625</ele><time>2019-01-12T02:32:19Z</time></trkpt><trkpt lat="22.4295135" lon="114.18085893"><ele>128.11395263671875</ele><time>2019-01-12T02:32:22Z</time></trkpt><trkpt lat="22.42951297" lon="114.18083295"><ele>128.3077392578125</ele><time>2019-01-12T02:32:25Z</time></trkpt><trkpt lat="22.42951566" lon="114.18080621"><ele>129.4034423828125</ele><time>2019-01-12T02:32:30Z</time></trkpt><trkpt lat="22.42951719" lon="114.18078299"><ele>131.03173828125</ele><time>2019-01-12T02:32:33Z</time></trkpt><trkpt lat="22.42952126" lon="114.18076352"><ele>133.331298828125</ele><time>2019-01-12T02:32:36Z</time></trkpt><trkpt lat="22.42953741" lon="114.18075259"><ele>133.2354736328125</ele><time>2019-01-12T02:32:43Z</time></trkpt><trkpt lat="22.42953759" lon="114.18072698"><ele>133.22265625</ele><time>2019-01-12T02:32:47Z</time></trkpt><trkpt lat="22.4295401" lon="114.18070531"><ele>130.08709716796875</ele><time>2019-01-12T02:32:49Z</time></trkpt><trkpt lat="22.42954139" lon="114.18068548"><ele>128.36187744140625</ele><time>2019-01-12T02:32:52Z</time></trkpt><trkpt lat="22.42953906" lon="114.18066495"><ele>125.6280517578125</ele><time>2019-01-12T02:32:55Z</time></trkpt><trkpt lat="22.42953787" lon="114.1806412"><ele>122.37274169921875</ele><time>2019-01-12T02:32:58Z</time></trkpt><trkpt lat="22.42954183" lon="114.18062207"><ele>123.55291748046875</ele><time>2019-01-12T02:33:03Z</time></trkpt><trkpt lat="22.42954027" lon="114.18059396"><ele>122.55853271484375</ele><time>2019-01-12T02:33:06Z</time></trkpt><trkpt lat="22.42953982" lon="114.18056977"><ele>124.9735107421875</ele><time>2019-01-12T02:33:08Z</time></trkpt><trkpt lat="22.42953856" lon="114.18054699"><ele>123.97674560546875</ele><time>2019-01-12T02:33:10Z</time></trkpt><trkpt lat="22.42954001" lon="114.18052401"><ele>124.0394287109375</ele><time>2019-01-12T02:33:13Z</time></trkpt><trkpt lat="22.42954631" lon="114.18050369"><ele>124.41650390625</ele><time>2019-01-12T02:33:16Z</time></trkpt><trkpt lat="22.42955446" lon="114.18048248"><ele>123.78668212890625</ele><time>2019-01-12T02:33:20Z</time></trkpt><trkpt lat="22.42955488" lon="114.18046117"><ele>120.1260986328125</ele><time>2019-01-12T02:33:24Z</time></trkpt><trkpt lat="22.4295496" lon="114.18044083"><ele>118.495849609375</ele><time>2019-01-12T02:33:27Z</time></trkpt><trkpt lat="22.42955804" lon="114.18041953"><ele>116.478515625</ele><time>2019-01-12T02:33:30Z</time></trkpt><trkpt lat="22.42958001" lon="114.1804004"><ele>119.92333984375</ele><time>2019-01-12T02:33:33Z</time></trkpt><trkpt lat="22.42959922" lon="114.18038563"><ele>120.51361083984375</ele><time>2019-01-12T02:33:36Z</time></trkpt><trkpt lat="22.42960957" lon="114.18035982"><ele>120.70947265625</ele><time>2019-01-12T02:33:39Z</time></trkpt><trkpt lat="22.42962599" lon="114.18033699"><ele>120.2196044921875</ele><time>2019-01-12T02:33:42Z</time></trkpt><trkpt lat="22.42963664" lon="114.18031831"><ele>121.1502685546875</ele><time>2019-01-12T02:33:44Z</time></trkpt><trkpt lat="22.42965244" lon="114.18030372"><ele>121.78424072265625</ele><time>2019-01-12T02:33:46Z</time></trkpt><trkpt lat="22.42966481" lon="114.18028514"><ele>121.89288330078125</ele><time>2019-01-12T02:33:49Z</time></trkpt><trkpt lat="22.42967771" lon="114.18026947"><ele>121.323486328125</ele><time>2019-01-12T02:33:51Z</time></trkpt><trkpt lat="22.42968873" lon="114.18024451"><ele>121.3106689453125</ele><time>2019-01-12T02:33:54Z</time></trkpt><trkpt lat="22.42969315" lon="114.18022515"><ele>121.0057373046875</ele><time>2019-01-12T02:33:56Z</time></trkpt><trkpt lat="22.42970067" lon="114.18020742"><ele>121.10498046875</ele><time>2019-01-12T02:33:58Z</time></trkpt><trkpt lat="22.42971335" lon="114.18018899"><ele>122.294921875</ele><time>2019-01-12T02:34:00Z</time></trkpt><trkpt lat="22.42973006" lon="114.18017992"><ele>121.411376953125</ele><time>2019-01-12T02:34:02Z</time></trkpt><trkpt lat="22.42975285" lon="114.18016794"><ele>122.15966796875</ele><time>2019-01-12T02:34:05Z</time></trkpt><trkpt lat="22.4297612" lon="114.18014887"><ele>122.14569091796875</ele><time>2019-01-12T02:34:07Z</time></trkpt><trkpt lat="22.42976249" lon="114.18012667"><ele>121.18988037109375</ele><time>2019-01-12T02:34:09Z</time></trkpt><trkpt lat="22.42976984" lon="114.18010863"><ele>119.61395263671875</ele><time>2019-01-12T02:34:13Z</time></trkpt><trkpt lat="22.42978592" lon="114.18009697"><ele>117.63946533203125</ele><time>2019-01-12T02:34:17Z</time></trkpt><trkpt lat="22.42980641" lon="114.1801038"><ele>114.39599609375</ele><time>2019-01-12T02:34:22Z</time></trkpt><trkpt lat="22.4298286" lon="114.18010264"><ele>116.00689697265625</ele><time>2019-01-12T02:34:25Z</time></trkpt><trkpt lat="22.42984854" lon="114.18010734"><ele>116.56341552734375</ele><time>2019-01-12T02:34:31Z</time></trkpt><trkpt lat="22.429872" lon="114.1801129"><ele>118.30615234375</ele><time>2019-01-12T02:34:34Z</time></trkpt><trkpt lat="22.42989722" lon="114.18012008"><ele>116.25653076171875</ele><time>2019-01-12T02:34:37Z</time></trkpt><trkpt lat="22.42991448" lon="114.18013008"><ele>115.4158935546875</ele><time>2019-01-12T02:34:42Z</time></trkpt><trkpt lat="22.42992541" lon="114.18014709"><ele>115.14404296875</ele><time>2019-01-12T02:34:45Z</time></trkpt><trkpt lat="22.42993971" lon="114.18016403"><ele>115.02178955078125</ele><time>2019-01-12T02:34:48Z</time></trkpt><trkpt lat="22.42996035" lon="114.18017961"><ele>117.10479736328125</ele><time>2019-01-12T02:34:51Z</time></trkpt><trkpt lat="22.42997549" lon="114.18020228"><ele>119.02874755859375</ele><time>2019-01-12T02:34:54Z</time></trkpt><trkpt lat="22.42998158" lon="114.18023722"><ele>121.7025146484375</ele><time>2019-01-12T02:34:57Z</time></trkpt><trkpt lat="22.42999064" lon="114.18027033"><ele>122.49517822265625</ele><time>2019-01-12T02:34:59Z</time></trkpt><trkpt lat="22.42999378" lon="114.1802905"><ele>123.59356689453125</ele><time>2019-01-12T02:35:01Z</time></trkpt><trkpt lat="22.43000121" lon="114.18031089"><ele>122.32928466796875</ele><time>2019-01-12T02:35:02Z</time></trkpt><trkpt lat="22.4300059" lon="114.1803429"><ele>125.56298828125</ele><time>2019-01-12T02:35:06Z</time></trkpt><trkpt lat="22.42999958" lon="114.18032194"><ele>126.3140869140625</ele><time>2019-01-12T02:35:10Z</time></trkpt><trkpt lat="22.43000931" lon="114.18034282"><ele>129.3826904296875</ele><time>2019-01-12T02:35:16Z</time></trkpt><trkpt lat="22.43001852" lon="114.18037584"><ele>133.6854248046875</ele><time>2019-01-12T02:35:22Z</time></trkpt><trkpt lat="22.43002569" lon="114.18039389"><ele>136.26715087890625</ele><time>2019-01-12T02:35:26Z</time></trkpt><trkpt lat="22.43002931" lon="114.18041499"><ele>138.12139892578125</ele><time>2019-01-12T02:35:30Z</time></trkpt><trkpt lat="22.43002875" lon="114.18043578"><ele>140.16845703125</ele><time>2019-01-12T02:35:32Z</time></trkpt><trkpt lat="22.43003884" lon="114.18045287"><ele>138.6676025390625</ele><time>2019-01-12T02:35:35Z</time></trkpt><trkpt lat="22.43005245" lon="114.18046723"><ele>137.6259765625</ele><time>2019-01-12T02:35:37Z</time></trkpt><trkpt lat="22.4300625" lon="114.18048863"><ele>139.071533203125</ele><time>2019-01-12T02:35:45Z</time></trkpt><trkpt lat="22.43006662" lon="114.18050836"><ele>139.5426025390625</ele><time>2019-01-12T02:35:48Z</time></trkpt><trkpt lat="22.43006905" lon="114.18053086"><ele>140.07403564453125</ele><time>2019-01-12T02:35:52Z</time></trkpt><trkpt lat="22.4300809" lon="114.18054811"><ele>138.06927490234375</ele><time>2019-01-12T02:35:58Z</time></trkpt><trkpt lat="22.43008738" lon="114.18057056"><ele>137.11553955078125</ele><time>2019-01-12T02:36:02Z</time></trkpt><trkpt lat="22.43009556" lon="114.18059303"><ele>137.1077880859375</ele><time>2019-01-12T02:36:07Z</time></trkpt><trkpt lat="22.43010737" lon="114.18060881"><ele>136.3280029296875</ele><time>2019-01-12T02:36:10Z</time></trkpt><trkpt lat="22.43011963" lon="114.1806329"><ele>136.30084228515625</ele><time>2019-01-12T02:36:13Z</time></trkpt><trkpt lat="22.43013314" lon="114.18064575"><ele>136.55731201171875</ele><time>2019-01-12T02:36:19Z</time></trkpt><trkpt lat="22.43015705" lon="114.18063142"><ele>135.489990234375</ele><time>2019-01-12T02:36:23Z</time></trkpt><trkpt lat="22.43017483" lon="114.18061985"><ele>134.6346435546875</ele><time>2019-01-12T02:36:26Z</time></trkpt><trkpt lat="22.43019272" lon="114.18061707"><ele>132.03466796875</ele><time>2019-01-12T02:36:31Z</time></trkpt><trkpt lat="22.43021448" lon="114.18062155"><ele>133.494140625</ele><time>2019-01-12T02:36:37Z</time></trkpt><trkpt lat="22.43023449" lon="114.18061654"><ele>132.66510009765625</ele><time>2019-01-12T02:36:40Z</time></trkpt><trkpt lat="22.43026566" lon="114.18061508"><ele>135.0426025390625</ele><time>2019-01-12T02:36:44Z</time></trkpt><trkpt lat="22.43028752" lon="114.18061615"><ele>133.2467041015625</ele><time>2019-01-12T02:36:47Z</time></trkpt><trkpt lat="22.43029031" lon="114.18059491"><ele>131.65631103515625</ele><time>2019-01-12T02:36:53Z</time></trkpt><trkpt lat="22.43031056" lon="114.18059485"><ele>131.18524169921875</ele><time>2019-01-12T02:36:56Z</time></trkpt><trkpt lat="22.4303291" lon="114.18059328"><ele>130.5738525390625</ele><time>2019-01-12T02:37:03Z</time></trkpt><trkpt lat="22.4303462" lon="114.18058267"><ele>129.6390380859375</ele><time>2019-01-12T02:37:10Z</time></trkpt><trkpt lat="22.43036088" lon="114.18056841"><ele>129.49981689453125</ele><time>2019-01-12T02:37:15Z</time></trkpt><trkpt lat="22.43037847" lon="114.1805604"><ele>129.1361083984375</ele><time>2019-01-12T02:37:19Z</time></trkpt><trkpt lat="22.43040092" lon="114.18054668"><ele>133.6749267578125</ele><time>2019-01-12T02:37:22Z</time></trkpt><trkpt lat="22.43042505" lon="114.18054453"><ele>133.617431640625</ele><time>2019-01-12T02:37:24Z</time></trkpt><trkpt lat="22.43043471" lon="114.18052637"><ele>130.9456787109375</ele><time>2019-01-12T02:37:28Z</time></trkpt><trkpt lat="22.43044882" lon="114.18050929"><ele>129.342529296875</ele><time>2019-01-12T02:37:31Z</time></trkpt><trkpt lat="22.43047074" lon="114.18049829"><ele>127.27178955078125</ele><time>2019-01-12T02:37:36Z</time></trkpt><trkpt lat="22.43049459" lon="114.18048648"><ele>126.27508544921875</ele><time>2019-01-12T02:37:42Z</time></trkpt><trkpt lat="22.43052117" lon="114.18046972"><ele>127.511474609375</ele><time>2019-01-12T02:37:46Z</time></trkpt><trkpt lat="22.43054148" lon="114.18045676"><ele>130.156494140625</ele><time>2019-01-12T02:37:49Z</time></trkpt><trkpt lat="22.4305676" lon="114.18044951"><ele>130.5625</ele><time>2019-01-12T02:37:52Z</time></trkpt><trkpt lat="22.43058737" lon="114.18044368"><ele>131.6129150390625</ele><time>2019-01-12T02:37:54Z</time></trkpt><trkpt lat="22.43060732" lon="114.18043516"><ele>131.85821533203125</ele><time>2019-01-12T02:37:57Z</time></trkpt><trkpt lat="22.43062696" lon="114.18044299"><ele>130.49871826171875</ele><time>2019-01-12T02:38:02Z</time></trkpt><trkpt lat="22.43064255" lon="114.18045288"><ele>130.1446533203125</ele><time>2019-01-12T02:38:04Z</time></trkpt><trkpt lat="22.43065168" lon="114.18047115"><ele>130.5404052734375</ele><time>2019-01-12T02:38:06Z</time></trkpt><trkpt lat="22.43065794" lon="114.18049038"><ele>129.92034912109375</ele><time>2019-01-12T02:38:08Z</time></trkpt><trkpt lat="22.43067579" lon="114.18050961"><ele>131.04742431640625</ele><time>2019-01-12T02:38:11Z</time></trkpt><trkpt lat="22.43069602" lon="114.1805174"><ele>130.91522216796875</ele><time>2019-01-12T02:38:13Z</time></trkpt><trkpt lat="22.43071598" lon="114.18051798"><ele>131.403564453125</ele><time>2019-01-12T02:38:15Z</time></trkpt><trkpt lat="22.43073867" lon="114.18051665"><ele>131.7596435546875</ele><time>2019-01-12T02:38:17Z</time></trkpt><trkpt lat="22.43076078" lon="114.18050628"><ele>132.48199462890625</ele><time>2019-01-12T02:38:20Z</time></trkpt><trkpt lat="22.43077562" lon="114.18051867"><ele>133.34893798828125</ele><time>2019-01-12T02:38:23Z</time></trkpt><trkpt lat="22.43079747" lon="114.18052425"><ele>134.3416748046875</ele><time>2019-01-12T02:38:26Z</time></trkpt><trkpt lat="22.43082028" lon="114.18053591"><ele>133.6695556640625</ele><time>2019-01-12T02:38:29Z</time></trkpt><trkpt lat="22.43083444" lon="114.1805499"><ele>133.9654541015625</ele><time>2019-01-12T02:38:32Z</time></trkpt><trkpt lat="22.43084068" lon="114.18057441"><ele>133.46246337890625</ele><time>2019-01-12T02:38:35Z</time></trkpt><trkpt lat="22.4308606" lon="114.18056276"><ele>136.29583740234375</ele><time>2019-01-12T02:38:42Z</time></trkpt><trkpt lat="22.43087286" lon="114.18054841"><ele>137.84027099609375</ele><time>2019-01-12T02:38:44Z</time></trkpt><trkpt lat="22.43088412" lon="114.18056519"><ele>142.0621337890625</ele><time>2019-01-12T02:38:54Z</time></trkpt><trkpt lat="22.43089694" lon="114.18058774"><ele>144.83123779296875</ele><time>2019-01-12T02:39:11Z</time></trkpt><trkpt lat="22.43091206" lon="114.18061008"><ele>144.4156494140625</ele><time>2019-01-12T02:39:13Z</time></trkpt><trkpt lat="22.43092153" lon="114.18063294"><ele>143.3050537109375</ele><time>2019-01-12T02:39:15Z</time></trkpt><trkpt lat="22.43093701" lon="114.18064447"><ele>143.763427734375</ele><time>2019-01-12T02:39:17Z</time></trkpt><trkpt lat="22.43095729" lon="114.18066213"><ele>145.43353271484375</ele><time>2019-01-12T02:39:19Z</time></trkpt><trkpt lat="22.43097576" lon="114.18067838"><ele>145.8939208984375</ele><time>2019-01-12T02:39:21Z</time></trkpt><trkpt lat="22.4309945" lon="114.18067119"><ele>143.14678955078125</ele><time>2019-01-12T02:39:24Z</time></trkpt><trkpt lat="22.43101422" lon="114.18066793"><ele>148.58001708984375</ele><time>2019-01-12T02:39:28Z</time></trkpt><trkpt lat="22.4310339" lon="114.18068393"><ele>149.52587890625</ele><time>2019-01-12T02:39:32Z</time></trkpt><trkpt lat="22.43105481" lon="114.18068511"><ele>151.711181640625</ele><time>2019-01-12T02:39:41Z</time></trkpt><trkpt lat="22.43106659" lon="114.18070246"><ele>152.15081787109375</ele><time>2019-01-12T02:39:49Z</time></trkpt><trkpt lat="22.43108521" lon="114.1806944"><ele>150.8828125</ele><time>2019-01-12T02:40:02Z</time></trkpt><trkpt lat="22.43110635" lon="114.18070709"><ele>149.64532470703125</ele><time>2019-01-12T02:40:08Z</time></trkpt><trkpt lat="22.43112824" lon="114.18071729"><ele>148.4639892578125</ele><time>2019-01-12T02:40:11Z</time></trkpt><trkpt lat="22.43114645" lon="114.18072747"><ele>146.7213134765625</ele><time>2019-01-12T02:40:15Z</time></trkpt><trkpt lat="22.43116594" lon="114.18072394"><ele>144.98382568359375</ele><time>2019-01-12T02:40:19Z</time></trkpt><trkpt lat="22.43118591" lon="114.1807049"><ele>144.68853759765625</ele><time>2019-01-12T02:40:22Z</time></trkpt><trkpt lat="22.43120335" lon="114.18068761"><ele>144.32666015625</ele><time>2019-01-12T02:40:25Z</time></trkpt><trkpt lat="22.43121812" lon="114.18066841"><ele>144.335693359375</ele><time>2019-01-12T02:40:28Z</time></trkpt><trkpt lat="22.43122963" lon="114.18065227"><ele>144.1407470703125</ele><time>2019-01-12T02:40:31Z</time></trkpt><trkpt lat="22.4312398" lon="114.18063146"><ele>143.2149658203125</ele><time>2019-01-12T02:40:34Z</time></trkpt><trkpt lat="22.43125649" lon="114.18061399"><ele>142.8897705078125</ele><time>2019-01-12T02:40:37Z</time></trkpt><trkpt lat="22.43127281" lon="114.18060259"><ele>142.2763671875</ele><time>2019-01-12T02:40:40Z</time></trkpt><trkpt lat="22.43129273" lon="114.18059896"><ele>141.70794677734375</ele><time>2019-01-12T02:40:42Z</time></trkpt><trkpt lat="22.43129489" lon="114.18057334"><ele>138.92919921875</ele><time>2019-01-12T02:40:46Z</time></trkpt><trkpt lat="22.43130921" lon="114.18055097"><ele>139.592041015625</ele><time>2019-01-12T02:40:49Z</time></trkpt><trkpt lat="22.43132459" lon="114.18053173"><ele>139.882568359375</ele><time>2019-01-12T02:40:53Z</time></trkpt><trkpt lat="22.43133996" lon="114.18051458"><ele>138.0028076171875</ele><time>2019-01-12T02:40:57Z</time></trkpt><trkpt lat="22.43135756" lon="114.18050433"><ele>138.954833984375</ele><time>2019-01-12T02:41:00Z</time></trkpt><trkpt lat="22.43137178" lon="114.18048926"><ele>139.9554443359375</ele><time>2019-01-12T02:41:05Z</time></trkpt><trkpt lat="22.43139061" lon="114.18046979"><ele>139.569091796875</ele><time>2019-01-12T02:41:16Z</time></trkpt><trkpt lat="22.43140837" lon="114.18045462"><ele>138.63482666015625</ele><time>2019-01-12T02:41:19Z</time></trkpt><trkpt lat="22.43142011" lon="114.18043462"><ele>139.87860107421875</ele><time>2019-01-12T02:41:22Z</time></trkpt><trkpt lat="22.4314389" lon="114.18043049"><ele>140.784912109375</ele><time>2019-01-12T02:41:24Z</time></trkpt><trkpt lat="22.43145307" lon="114.18041472"><ele>143.54925537109375</ele><time>2019-01-12T02:41:32Z</time></trkpt><trkpt lat="22.43146979" lon="114.18040732"><ele>144.05035400390625</ele><time>2019-01-12T02:41:43Z</time></trkpt><trkpt lat="22.43148759" lon="114.18039975"><ele>144.5052490234375</ele><time>2019-01-12T02:41:45Z</time></trkpt><trkpt lat="22.43151732" lon="114.18038969"><ele>146.030517578125</ele><time>2019-01-12T02:41:48Z</time></trkpt><trkpt lat="22.43153075" lon="114.18037373"><ele>143.40838623046875</ele><time>2019-01-12T02:41:54Z</time></trkpt><trkpt lat="22.43153785" lon="114.18035342"><ele>142.68695068359375</ele><time>2019-01-12T02:41:58Z</time></trkpt><trkpt lat="22.43154147" lon="114.18032621"><ele>143.8658447265625</ele><time>2019-01-12T02:42:01Z</time></trkpt><trkpt lat="22.43154425" lon="114.18030161"><ele>145.945556640625</ele><time>2019-01-12T02:42:03Z</time></trkpt><trkpt lat="22.43154309" lon="114.18028173"><ele>146.8052978515625</ele><time>2019-01-12T02:42:05Z</time></trkpt><trkpt lat="22.43154549" lon="114.18025419"><ele>147.64703369140625</ele><time>2019-01-12T02:42:08Z</time></trkpt><trkpt lat="22.43155675" lon="114.18023642"><ele>149.71673583984375</ele><time>2019-01-12T02:42:11Z</time></trkpt><trkpt lat="22.43157307" lon="114.18022573"><ele>147.90869140625</ele><time>2019-01-12T02:42:14Z</time></trkpt><trkpt lat="22.43159115" lon="114.1802287"><ele>148.65869140625</ele><time>2019-01-12T02:42:17Z</time></trkpt><trkpt lat="22.43158091" lon="114.18020941"><ele>156.57904052734375</ele><time>2019-01-12T02:42:32Z</time></trkpt><trkpt lat="22.43157144" lon="114.1801867"><ele>153.831787109375</ele><time>2019-01-12T02:42:35Z</time></trkpt><trkpt lat="22.43155076" lon="114.18019559"><ele>154.4595947265625</ele><time>2019-01-12T02:42:39Z</time></trkpt><trkpt lat="22.4315358" lon="114.18021057"><ele>155.18585205078125</ele><time>2019-01-12T02:42:43Z</time></trkpt><trkpt lat="22.43152413" lon="114.18022895"><ele>155.9256591796875</ele><time>2019-01-12T02:42:46Z</time></trkpt><trkpt lat="22.43150398" lon="114.18023641"><ele>155.98748779296875</ele><time>2019-01-12T02:42:49Z</time></trkpt><trkpt lat="22.43149006" lon="114.18025223"><ele>158.7020263671875</ele><time>2019-01-12T02:42:51Z</time></trkpt><trkpt lat="22.43148218" lon="114.18029185"><ele>160.273681640625</ele><time>2019-01-12T02:42:53Z</time></trkpt><trkpt lat="22.43147917" lon="114.18031362"><ele>160.63287353515625</ele><time>2019-01-12T02:42:54Z</time></trkpt><trkpt lat="22.43147488" lon="114.18033285"><ele>161.5452880859375</ele><time>2019-01-12T02:42:55Z</time></trkpt><trkpt lat="22.43146682" lon="114.18036079"><ele>162.05035400390625</ele><time>2019-01-12T02:42:57Z</time></trkpt><trkpt lat="22.43145782" lon="114.18037769"><ele>161.16943359375</ele><time>2019-01-12T02:43:00Z</time></trkpt><trkpt lat="22.43143997" lon="114.18038746"><ele>163.0745849609375</ele><time>2019-01-12T02:43:03Z</time></trkpt><trkpt lat="22.43141985" lon="114.18039726"><ele>161.268310546875</ele><time>2019-01-12T02:43:07Z</time></trkpt><trkpt lat="22.43139766" lon="114.18040456"><ele>161.054931640625</ele><time>2019-01-12T02:43:11Z</time></trkpt><trkpt lat="22.43137974" lon="114.18041063"><ele>161.539794921875</ele><time>2019-01-12T02:43:14Z</time></trkpt><trkpt lat="22.43136352" lon="114.18042195"><ele>160.5673828125</ele><time>2019-01-12T02:43:17Z</time></trkpt><trkpt lat="22.43134587" lon="114.18044031"><ele>160.87152099609375</ele><time>2019-01-12T02:43:20Z</time></trkpt><trkpt lat="22.43132658" lon="114.18044662"><ele>159.33209228515625</ele><time>2019-01-12T02:43:23Z</time></trkpt><trkpt lat="22.43130749" lon="114.18045143"><ele>159.548583984375</ele><time>2019-01-12T02:43:26Z</time></trkpt><trkpt lat="22.43128345" lon="114.18045628"><ele>161.3087158203125</ele><time>2019-01-12T02:43:29Z</time></trkpt><trkpt lat="22.43126333" lon="114.18046476"><ele>161.36676025390625</ele><time>2019-01-12T02:43:32Z</time></trkpt><trkpt lat="22.43125149" lon="114.18048301"><ele>161.8935546875</ele><time>2019-01-12T02:43:34Z</time></trkpt><trkpt lat="22.43124163" lon="114.18050371"><ele>161.2249755859375</ele><time>2019-01-12T02:43:37Z</time></trkpt><trkpt lat="22.43121692" lon="114.18050237"><ele>161.51715087890625</ele><time>2019-01-12T02:43:41Z</time></trkpt><trkpt lat="22.43119343" lon="114.18049504"><ele>162.69464111328125</ele><time>2019-01-12T02:43:44Z</time></trkpt><trkpt lat="22.43117702" lon="114.18048667"><ele>161.9910888671875</ele><time>2019-01-12T02:43:46Z</time></trkpt><trkpt lat="22.4311651" lon="114.18047174"><ele>160.550537109375</ele><time>2019-01-12T02:43:49Z</time></trkpt><trkpt lat="22.43115179" lon="114.18045198"><ele>159.12652587890625</ele><time>2019-01-12T02:43:54Z</time></trkpt><trkpt lat="22.43113782" lon="114.18043698"><ele>161.83477783203125</ele><time>2019-01-12T02:44:03Z</time></trkpt><trkpt lat="22.43112395" lon="114.18041556"><ele>164.2674560546875</ele><time>2019-01-12T02:44:07Z</time></trkpt><trkpt lat="22.43110969" lon="114.18039667"><ele>163.78375244140625</ele><time>2019-01-12T02:44:09Z</time></trkpt><trkpt lat="22.4311019" lon="114.18037427"><ele>163.0401611328125</ele><time>2019-01-12T02:44:12Z</time></trkpt><trkpt lat="22.43110379" lon="114.18035124"><ele>162.92926025390625</ele><time>2019-01-12T02:44:15Z</time></trkpt><trkpt lat="22.43110145" lon="114.18032507"><ele>159.8822021484375</ele><time>2019-01-12T02:44:17Z</time></trkpt><trkpt lat="22.43109365" lon="114.18029775"><ele>160.1387939453125</ele><time>2019-01-12T02:44:19Z</time></trkpt><trkpt lat="22.4310888" lon="114.18027564"><ele>160.0299072265625</ele><time>2019-01-12T02:44:23Z</time></trkpt><trkpt lat="22.43107668" lon="114.18026017"><ele>160.1102294921875</ele><time>2019-01-12T02:44:30Z</time></trkpt><trkpt lat="22.43107128" lon="114.18023268"><ele>159.9810791015625</ele><time>2019-01-12T02:44:46Z</time></trkpt><trkpt lat="22.43106259" lon="114.18021187"><ele>157.34747314453125</ele><time>2019-01-12T02:44:48Z</time></trkpt><trkpt lat="22.43105391" lon="114.18019099"><ele>153.5177001953125</ele><time>2019-01-12T02:44:50Z</time></trkpt><trkpt lat="22.43104186" lon="114.18016715"><ele>153.42401123046875</ele><time>2019-01-12T02:44:52Z</time></trkpt><trkpt lat="22.43102889" lon="114.18014557"><ele>152.413330078125</ele><time>2019-01-12T02:44:54Z</time></trkpt><trkpt lat="22.43102017" lon="114.18012229"><ele>151.96240234375</ele><time>2019-01-12T02:44:56Z</time></trkpt><trkpt lat="22.43101273" lon="114.18009741"><ele>148.91070556640625</ele><time>2019-01-12T02:44:58Z</time></trkpt><trkpt lat="22.43101401" lon="114.18007682"><ele>147.85430908203125</ele><time>2019-01-12T02:44:59Z</time></trkpt><trkpt lat="22.43100391" lon="114.18005451"><ele>147.5015869140625</ele><time>2019-01-12T02:45:01Z</time></trkpt><trkpt lat="22.43099059" lon="114.18004104"><ele>149.8189697265625</ele><time>2019-01-12T02:45:04Z</time></trkpt><trkpt lat="22.43097631" lon="114.18002884"><ele>150.54931640625</ele><time>2019-01-12T02:45:06Z</time></trkpt><trkpt lat="22.43096056" lon="114.18001005"><ele>150.15838623046875</ele><time>2019-01-12T02:45:09Z</time></trkpt><trkpt lat="22.4309413" lon="114.17998849"><ele>150.2117919921875</ele><time>2019-01-12T02:45:12Z</time></trkpt><trkpt lat="22.43092777" lon="114.17997455"><ele>151.03662109375</ele><time>2019-01-12T02:45:14Z</time></trkpt><trkpt lat="22.43090726" lon="114.17996037"><ele>152.44708251953125</ele><time>2019-01-12T02:45:17Z</time></trkpt><trkpt lat="22.43088589" lon="114.1799528"><ele>155.8165283203125</ele><time>2019-01-12T02:45:20Z</time></trkpt><trkpt lat="22.43086851" lon="114.17996009"><ele>158.60235595703125</ele><time>2019-01-12T02:45:23Z</time></trkpt><trkpt lat="22.43085463" lon="114.1799466"><ele>160.34429931640625</ele><time>2019-01-12T02:45:32Z</time></trkpt><trkpt lat="22.4308347" lon="114.17993402"><ele>160.5670166015625</ele><time>2019-01-12T02:45:38Z</time></trkpt><trkpt lat="22.43081735" lon="114.17991792"><ele>164.0843505859375</ele><time>2019-01-12T02:45:41Z</time></trkpt><trkpt lat="22.430809" lon="114.17989774"><ele>165.3028564453125</ele><time>2019-01-12T02:45:43Z</time></trkpt><trkpt lat="22.43079822" lon="114.17987485"><ele>169.47705078125</ele><time>2019-01-12T02:45:50Z</time></trkpt><trkpt lat="22.43079707" lon="114.17985001"><ele>168.44793701171875</ele><time>2019-01-12T02:45:53Z</time></trkpt><trkpt lat="22.4307951" lon="114.17982286"><ele>166.311767578125</ele><time>2019-01-12T02:45:56Z</time></trkpt><trkpt lat="22.43077919" lon="114.17980015"><ele>169.2301025390625</ele><time>2019-01-12T02:45:59Z</time></trkpt><trkpt lat="22.43077734" lon="114.17977067"><ele>168.931640625</ele><time>2019-01-12T02:46:01Z</time></trkpt><trkpt lat="22.43078264" lon="114.17974789"><ele>168.05499267578125</ele><time>2019-01-12T02:46:03Z</time></trkpt><trkpt lat="22.43078532" lon="114.17972603"><ele>167.59173583984375</ele><time>2019-01-12T02:46:07Z</time></trkpt><trkpt lat="22.43077386" lon="114.17970917"><ele>164.4027099609375</ele><time>2019-01-12T02:46:10Z</time></trkpt><trkpt lat="22.43076243" lon="114.1796864"><ele>164.659912109375</ele><time>2019-01-12T02:46:13Z</time></trkpt><trkpt lat="22.43076431" lon="114.17966556"><ele>161.6075439453125</ele><time>2019-01-12T02:46:16Z</time></trkpt><trkpt lat="22.43076756" lon="114.17964243"><ele>162.3192138671875</ele><time>2019-01-12T02:46:19Z</time></trkpt><trkpt lat="22.43075707" lon="114.17961477"><ele>163.1932373046875</ele><time>2019-01-12T02:46:22Z</time></trkpt><trkpt lat="22.4307387" lon="114.17961269"><ele>162.620361328125</ele><time>2019-01-12T02:46:25Z</time></trkpt><trkpt lat="22.43072991" lon="114.17959566"><ele>165.88653564453125</ele><time>2019-01-12T02:46:50Z</time></trkpt><trkpt lat="22.43072587" lon="114.17957433"><ele>169.91973876953125</ele><time>2019-01-12T02:46:53Z</time></trkpt><trkpt lat="22.43072725" lon="114.17955072"><ele>168.986083984375</ele><time>2019-01-12T02:46:56Z</time></trkpt><trkpt lat="22.43074292" lon="114.17953263"><ele>169.2650146484375</ele><time>2019-01-12T02:47:00Z</time></trkpt><trkpt lat="22.43075074" lon="114.17951483"><ele>168.8060302734375</ele><time>2019-01-12T02:47:02Z</time></trkpt><trkpt lat="22.43076472" lon="114.17950238"><ele>169.21923828125</ele><time>2019-01-12T02:47:06Z</time></trkpt><trkpt lat="22.43076071" lon="114.17948218"><ele>171.49822998046875</ele><time>2019-01-12T02:47:16Z</time></trkpt><trkpt lat="22.4307597" lon="114.17945823"><ele>172.248779296875</ele><time>2019-01-12T02:47:19Z</time></trkpt><trkpt lat="22.43075495" lon="114.1794389"><ele>168.0111083984375</ele><time>2019-01-12T02:47:21Z</time></trkpt><trkpt lat="22.43074714" lon="114.17941983"><ele>167.88458251953125</ele><time>2019-01-12T02:47:23Z</time></trkpt><trkpt lat="22.43074722" lon="114.17939907"><ele>168.446044921875</ele><time>2019-01-12T02:47:25Z</time></trkpt><trkpt lat="22.4307569" lon="114.17937212"><ele>168.15740966796875</ele><time>2019-01-12T02:47:28Z</time></trkpt><trkpt lat="22.43075402" lon="114.17934551"><ele>171.054931640625</ele><time>2019-01-12T02:47:31Z</time></trkpt><trkpt lat="22.43075453" lon="114.17932485"><ele>171.5113525390625</ele><time>2019-01-12T02:47:33Z</time></trkpt><trkpt lat="22.43074484" lon="114.17929291"><ele>173.09381103515625</ele><time>2019-01-12T02:47:36Z</time></trkpt><trkpt lat="22.43074091" lon="114.17926797"><ele>173.84197998046875</ele><time>2019-01-12T02:47:38Z</time></trkpt><trkpt lat="22.43074002" lon="114.17924465"><ele>173.7470703125</ele><time>2019-01-12T02:47:40Z</time></trkpt><trkpt lat="22.43073954" lon="114.17922452"><ele>175.69317626953125</ele><time>2019-01-12T02:47:42Z</time></trkpt><trkpt lat="22.43072979" lon="114.1792048"><ele>176.9302978515625</ele><time>2019-01-12T02:47:45Z</time></trkpt><trkpt lat="22.43071796" lon="114.17918489"><ele>177.09002685546875</ele><time>2019-01-12T02:47:48Z</time></trkpt><trkpt lat="22.43069899" lon="114.17916962"><ele>178.520263671875</ele><time>2019-01-12T02:47:52Z</time></trkpt><trkpt lat="22.430688" lon="114.17914893"><ele>177.28814697265625</ele><time>2019-01-12T02:47:55Z</time></trkpt><trkpt lat="22.43068937" lon="114.17912891"><ele>174.950439453125</ele><time>2019-01-12T02:47:58Z</time></trkpt><trkpt lat="22.43069077" lon="114.17910902"><ele>175.71148681640625</ele><time>2019-01-12T02:48:00Z</time></trkpt><trkpt lat="22.43069335" lon="114.17908204"><ele>174.580810546875</ele><time>2019-01-12T02:48:08Z</time></trkpt><trkpt lat="22.43068829" lon="114.17906308"><ele>174.58642578125</ele><time>2019-01-12T02:48:11Z</time></trkpt><trkpt lat="22.43066902" lon="114.1790412"><ele>173.7799072265625</ele><time>2019-01-12T02:48:14Z</time></trkpt><trkpt lat="22.43065715" lon="114.17901505"><ele>172.5411376953125</ele><time>2019-01-12T02:48:17Z</time></trkpt><trkpt lat="22.4306459" lon="114.17899247"><ele>174.66339111328125</ele><time>2019-01-12T02:48:20Z</time></trkpt><trkpt lat="22.43063888" lon="114.17896982"><ele>177.529541015625</ele><time>2019-01-12T02:48:23Z</time></trkpt><trkpt lat="22.43062812" lon="114.178949"><ele>179.462158203125</ele><time>2019-01-12T02:48:26Z</time></trkpt><trkpt lat="22.43061269" lon="114.17892791"><ele>178.45672607421875</ele><time>2019-01-12T02:48:29Z</time></trkpt><trkpt lat="22.43059954" lon="114.1789118"><ele>180.6778564453125</ele><time>2019-01-12T02:48:37Z</time></trkpt><trkpt lat="22.43058033" lon="114.17890534"><ele>184.17333984375</ele><time>2019-01-12T02:48:39Z</time></trkpt><trkpt lat="22.43055612" lon="114.17889135"><ele>182.80340576171875</ele><time>2019-01-12T02:48:42Z</time></trkpt><trkpt lat="22.43053493" lon="114.17888452"><ele>184.8134765625</ele><time>2019-01-12T02:48:44Z</time></trkpt><trkpt lat="22.43052028" lon="114.17886788"><ele>183.0750732421875</ele><time>2019-01-12T02:48:47Z</time></trkpt><trkpt lat="22.43052962" lon="114.17884721"><ele>183.917724609375</ele><time>2019-01-12T02:48:56Z</time></trkpt><trkpt lat="22.43052898" lon="114.1788268"><ele>183.8726806640625</ele><time>2019-01-12T02:49:01Z</time></trkpt><trkpt lat="22.43051783" lon="114.17880671"><ele>183.115966796875</ele><time>2019-01-12T02:49:07Z</time></trkpt><trkpt lat="22.43049734" lon="114.17880372"><ele>183.85101318359375</ele><time>2019-01-12T02:49:11Z</time></trkpt><trkpt lat="22.43047961" lon="114.17879899"><ele>184.740966796875</ele><time>2019-01-12T02:49:18Z</time></trkpt><trkpt lat="22.4304579" lon="114.17879024"><ele>184.44287109375</ele><time>2019-01-12T02:49:31Z</time></trkpt><trkpt lat="22.43043169" lon="114.1787829"><ele>186.6024169921875</ele><time>2019-01-12T02:49:34Z</time></trkpt><trkpt lat="22.43041399" lon="114.17877339"><ele>186.03839111328125</ele><time>2019-01-12T02:49:36Z</time></trkpt><trkpt lat="22.43040025" lon="114.17875851"><ele>184.96563720703125</ele><time>2019-01-12T02:49:38Z</time></trkpt><trkpt lat="22.43038543" lon="114.1787435"><ele>184.48175048828125</ele><time>2019-01-12T02:49:40Z</time></trkpt><trkpt lat="22.43037182" lon="114.17873011"><ele>182.9697265625</ele><time>2019-01-12T02:49:42Z</time></trkpt><trkpt lat="22.43035476" lon="114.1787072"><ele>182.01300048828125</ele><time>2019-01-12T02:49:45Z</time></trkpt><trkpt lat="22.4303457" lon="114.17868708"><ele>184.03973388671875</ele><time>2019-01-12T02:49:48Z</time></trkpt><trkpt lat="22.43032914" lon="114.17867765"><ele>184.1153564453125</ele><time>2019-01-12T02:49:50Z</time></trkpt><trkpt lat="22.43031388" lon="114.17866226"><ele>183.19964599609375</ele><time>2019-01-12T02:49:53Z</time></trkpt><trkpt lat="22.43030522" lon="114.17863631"><ele>182.801025390625</ele><time>2019-01-12T02:49:56Z</time></trkpt><trkpt lat="22.43030431" lon="114.17861528"><ele>181.11663818359375</ele><time>2019-01-12T02:49:59Z</time></trkpt><trkpt lat="22.43030022" lon="114.17859208"><ele>181.2060546875</ele><time>2019-01-12T02:50:02Z</time></trkpt><trkpt lat="22.43029218" lon="114.17857437"><ele>182.17047119140625</ele><time>2019-01-12T02:50:04Z</time></trkpt><trkpt lat="22.43029451" lon="114.17854884"><ele>181.65753173828125</ele><time>2019-01-12T02:50:07Z</time></trkpt><trkpt lat="22.43030169" lon="114.17852264"><ele>182.056640625</ele><time>2019-01-12T02:50:10Z</time></trkpt><trkpt lat="22.43030811" lon="114.17850346"><ele>182.58868408203125</ele><time>2019-01-12T02:50:12Z</time></trkpt><trkpt lat="22.43030073" lon="114.17847611"><ele>183.21063232421875</ele><time>2019-01-12T02:50:15Z</time></trkpt><trkpt lat="22.43029289" lon="114.17845482"><ele>182.30938720703125</ele><time>2019-01-12T02:50:17Z</time></trkpt><trkpt lat="22.43029289" lon="114.178433"><ele>182.65716552734375</ele><time>2019-01-12T02:50:20Z</time></trkpt><trkpt lat="22.43029065" lon="114.17841103"><ele>182.70623779296875</ele><time>2019-01-12T02:50:23Z</time></trkpt><trkpt lat="22.43028077" lon="114.17839414"><ele>183.782470703125</ele><time>2019-01-12T02:50:29Z</time></trkpt><trkpt lat="22.43029265" lon="114.1783719"><ele>185.52801513671875</ele><time>2019-01-12T02:50:45Z</time></trkpt><trkpt lat="22.43030469" lon="114.17834971"><ele>189.1488037109375</ele><time>2019-01-12T02:50:47Z</time></trkpt><trkpt lat="22.430317" lon="114.17831951"><ele>189.273193359375</ele><time>2019-01-12T02:50:49Z</time></trkpt><trkpt lat="22.4303236" lon="114.17828813"><ele>190.73876953125</ele><time>2019-01-12T02:50:51Z</time></trkpt><trkpt lat="22.43032843" lon="114.17826911"><ele>191.23907470703125</ele><time>2019-01-12T02:50:52Z</time></trkpt><trkpt lat="22.43034076" lon="114.1782516"><ele>191.3973388671875</ele><time>2019-01-12T02:50:55Z</time></trkpt><trkpt lat="22.43034173" lon="114.17822998"><ele>190.60400390625</ele><time>2019-01-12T02:51:00Z</time></trkpt><trkpt lat="22.43034238" lon="114.17820919"><ele>190.799072265625</ele><time>2019-01-12T02:51:04Z</time></trkpt><trkpt lat="22.43034774" lon="114.17818566"><ele>190.6419677734375</ele><time>2019-01-12T02:51:07Z</time></trkpt><trkpt lat="22.43035156" lon="114.17816547"><ele>189.85400390625</ele><time>2019-01-12T02:51:09Z</time></trkpt><trkpt lat="22.43034818" lon="114.17814103"><ele>188.71929931640625</ele><time>2019-01-12T02:51:11Z</time></trkpt><trkpt lat="22.43034706" lon="114.17811852"><ele>188.04986572265625</ele><time>2019-01-12T02:51:13Z</time></trkpt><trkpt lat="22.43034356" lon="114.178092"><ele>187.5291748046875</ele><time>2019-01-12T02:51:16Z</time></trkpt><trkpt lat="22.43033774" lon="114.17806787"><ele>188.7342529296875</ele><time>2019-01-12T02:51:18Z</time></trkpt><trkpt lat="22.43033518" lon="114.1780462"><ele>188.697265625</ele><time>2019-01-12T02:51:20Z</time></trkpt><trkpt lat="22.4303423" lon="114.1780149"><ele>191.221923828125</ele><time>2019-01-12T02:51:22Z</time></trkpt><trkpt lat="22.43036056" lon="114.17800264"><ele>191.9110107421875</ele><time>2019-01-12T02:51:24Z</time></trkpt><trkpt lat="22.43037754" lon="114.17798825"><ele>191.80291748046875</ele><time>2019-01-12T02:51:28Z</time></trkpt><trkpt lat="22.43038766" lon="114.17797081"><ele>191.920166015625</ele><time>2019-01-12T02:51:40Z</time></trkpt><trkpt lat="22.43038969" lon="114.17795095"><ele>190.8057861328125</ele><time>2019-01-12T02:51:44Z</time></trkpt><trkpt lat="22.4303996" lon="114.17792742"><ele>192.5882568359375</ele><time>2019-01-12T02:51:47Z</time></trkpt><trkpt lat="22.43041354" lon="114.17790283"><ele>190.8160400390625</ele><time>2019-01-12T02:51:49Z</time></trkpt><trkpt lat="22.43042663" lon="114.17788536"><ele>190.938232421875</ele><time>2019-01-12T02:51:51Z</time></trkpt><trkpt lat="22.43044005" lon="114.17787013"><ele>192.335693359375</ele><time>2019-01-12T02:51:53Z</time></trkpt><trkpt lat="22.4304525" lon="114.17785388"><ele>192.802001953125</ele><time>2019-01-12T02:51:55Z</time></trkpt><trkpt lat="22.43047122" lon="114.17784534"><ele>192.6439208984375</ele><time>2019-01-12T02:51:58Z</time></trkpt><trkpt lat="22.43048973" lon="114.17782962"><ele>193.97930908203125</ele><time>2019-01-12T02:52:02Z</time></trkpt><trkpt lat="22.43050753" lon="114.17780929"><ele>192.5677490234375</ele><time>2019-01-12T02:52:05Z</time></trkpt><trkpt lat="22.43052044" lon="114.17779288"><ele>194.38427734375</ele><time>2019-01-12T02:52:07Z</time></trkpt><trkpt lat="22.43053054" lon="114.17776909"><ele>194.5299072265625</ele><time>2019-01-12T02:52:09Z</time></trkpt><trkpt lat="22.43053939" lon="114.17774658"><ele>195.6197509765625</ele><time>2019-01-12T02:52:13Z</time></trkpt><trkpt lat="22.43054733" lon="114.17772801"><ele>196.58258056640625</ele><time>2019-01-12T02:52:20Z</time></trkpt><trkpt lat="22.43055841" lon="114.17771047"><ele>196.669677734375</ele><time>2019-01-12T02:52:22Z</time></trkpt><trkpt lat="22.43056286" lon="114.17768804"><ele>197.7645263671875</ele><time>2019-01-12T02:52:24Z</time></trkpt><trkpt lat="22.43056445" lon="114.17766783"><ele>196.9171142578125</ele><time>2019-01-12T02:52:26Z</time></trkpt><trkpt lat="22.43056496" lon="114.17764814"><ele>197.6978759765625</ele><time>2019-01-12T02:52:28Z</time></trkpt><trkpt lat="22.43056361" lon="114.17762386"><ele>198.318603515625</ele><time>2019-01-12T02:52:31Z</time></trkpt><trkpt lat="22.43056004" lon="114.17760326"><ele>198.85076904296875</ele><time>2019-01-12T02:52:34Z</time></trkpt><trkpt lat="22.43055999" lon="114.17758212"><ele>199.341796875</ele><time>2019-01-12T02:52:46Z</time></trkpt><trkpt lat="22.43054721" lon="114.17756333"><ele>198.0325927734375</ele><time>2019-01-12T02:52:48Z</time></trkpt><trkpt lat="22.43055104" lon="114.1775409"><ele>199.64892578125</ele><time>2019-01-12T02:52:50Z</time></trkpt><trkpt lat="22.43055744" lon="114.17751312"><ele>197.1007080078125</ele><time>2019-01-12T02:52:52Z</time></trkpt><trkpt lat="22.43055561" lon="114.17748276"><ele>194.053955078125</ele><time>2019-01-12T02:52:54Z</time></trkpt><trkpt lat="22.43054973" lon="114.17746085"><ele>195.14447021484375</ele><time>2019-01-12T02:52:56Z</time></trkpt><trkpt lat="22.43054064" lon="114.17744309"><ele>195.8851318359375</ele><time>2019-01-12T02:52:58Z</time></trkpt><trkpt lat="22.43053739" lon="114.17742157"><ele>196.176513671875</ele><time>2019-01-12T02:53:01Z</time></trkpt><trkpt lat="22.4305365" lon="114.1774018"><ele>195.5460205078125</ele><time>2019-01-12T02:53:04Z</time></trkpt><trkpt lat="22.43052971" lon="114.17737763"><ele>196.72802734375</ele><time>2019-01-12T02:53:07Z</time></trkpt><trkpt lat="22.43051362" lon="114.17735592"><ele>195.85675048828125</ele><time>2019-01-12T02:53:10Z</time></trkpt><trkpt lat="22.43050546" lon="114.17733826"><ele>196.93359375</ele><time>2019-01-12T02:53:12Z</time></trkpt><trkpt lat="22.43049873" lon="114.17731838"><ele>197.67987060546875</ele><time>2019-01-12T02:53:14Z</time></trkpt><trkpt lat="22.4304942" lon="114.1772957"><ele>197.6553955078125</ele><time>2019-01-12T02:53:17Z</time></trkpt><trkpt lat="22.43048864" lon="114.1772766"><ele>196.39263916015625</ele><time>2019-01-12T02:53:19Z</time></trkpt><trkpt lat="22.43048564" lon="114.17725634"><ele>196.04449462890625</ele><time>2019-01-12T02:53:21Z</time></trkpt><trkpt lat="22.43049462" lon="114.17723285"><ele>195.16796875</ele><time>2019-01-12T02:53:24Z</time></trkpt><trkpt lat="22.43049279" lon="114.17720734"><ele>196.4007568359375</ele><time>2019-01-12T02:53:27Z</time></trkpt><trkpt lat="22.43049041" lon="114.17718338"><ele>197.393310546875</ele><time>2019-01-12T02:53:30Z</time></trkpt><trkpt lat="22.43049418" lon="114.17716313"><ele>195.17279052734375</ele><time>2019-01-12T02:53:32Z</time></trkpt><trkpt lat="22.4305" lon="114.17713976"><ele>194.02569580078125</ele><time>2019-01-12T02:53:34Z</time></trkpt><trkpt lat="22.4304975" lon="114.17711843"><ele>194.41888427734375</ele><time>2019-01-12T02:53:36Z</time></trkpt><trkpt lat="22.43049616" lon="114.17709716"><ele>193.1492919921875</ele><time>2019-01-12T02:53:38Z</time></trkpt><trkpt lat="22.43049577" lon="114.17707671"><ele>195.5147705078125</ele><time>2019-01-12T02:53:40Z</time></trkpt><trkpt lat="22.43049403" lon="114.17705655"><ele>194.6083984375</ele><time>2019-01-12T02:53:42Z</time></trkpt><trkpt lat="22.43049377" lon="114.17702931"><ele>194.628662109375</ele><time>2019-01-12T02:53:45Z</time></trkpt><trkpt lat="22.43048401" lon="114.17700881"><ele>195.1937255859375</ele><time>2019-01-12T02:53:48Z</time></trkpt><trkpt lat="22.43047887" lon="114.17698191"><ele>193.33148193359375</ele><time>2019-01-12T02:53:51Z</time></trkpt><trkpt lat="22.43047797" lon="114.17695769"><ele>192.9786376953125</ele><time>2019-01-12T02:53:54Z</time></trkpt><trkpt lat="22.43047899" lon="114.17693039"><ele>191.79638671875</ele><time>2019-01-12T02:53:57Z</time></trkpt><trkpt lat="22.43047077" lon="114.17690627"><ele>193.793701171875</ele><time>2019-01-12T02:54:00Z</time></trkpt><trkpt lat="22.4304612" lon="114.17688805"><ele>194.89581298828125</ele><time>2019-01-12T02:54:03Z</time></trkpt><trkpt lat="22.43045985" lon="114.17686621"><ele>195.28033447265625</ele><time>2019-01-12T02:54:06Z</time></trkpt><trkpt lat="22.43045238" lon="114.17684271"><ele>193.1668701171875</ele><time>2019-01-12T02:54:10Z</time></trkpt><trkpt lat="22.43044512" lon="114.17681832"><ele>193.5494384765625</ele><time>2019-01-12T02:54:13Z</time></trkpt><trkpt lat="22.43044588" lon="114.17679129"><ele>191.8348388671875</ele><time>2019-01-12T02:54:16Z</time></trkpt><trkpt lat="22.43046726" lon="114.17678952"><ele>193.3089599609375</ele><time>2019-01-12T02:54:21Z</time></trkpt><trkpt lat="22.43047754" lon="114.17676665"><ele>191.04736328125</ele><time>2019-01-12T02:54:28Z</time></trkpt><trkpt lat="22.43047187" lon="114.1767429"><ele>193.07025146484375</ele><time>2019-01-12T02:54:30Z</time></trkpt><trkpt lat="22.43046324" lon="114.17672215"><ele>196.06884765625</ele><time>2019-01-12T02:54:33Z</time></trkpt><trkpt lat="22.43045346" lon="114.17669904"><ele>196.9840087890625</ele><time>2019-01-12T02:54:36Z</time></trkpt><trkpt lat="22.43044602" lon="114.17667913"><ele>197.49725341796875</ele><time>2019-01-12T02:54:38Z</time></trkpt><trkpt lat="22.43044995" lon="114.17665947"><ele>197.38543701171875</ele><time>2019-01-12T02:54:41Z</time></trkpt><trkpt lat="22.43043493" lon="114.17664338"><ele>198.0076904296875</ele><time>2019-01-12T02:54:43Z</time></trkpt><trkpt lat="22.43041945" lon="114.17662689"><ele>197.035400390625</ele><time>2019-01-12T02:54:46Z</time></trkpt><trkpt lat="22.43041898" lon="114.17660231"><ele>197.64337158203125</ele><time>2019-01-12T02:54:49Z</time></trkpt><trkpt lat="22.43041726" lon="114.17658143"><ele>198.49169921875</ele><time>2019-01-12T02:54:56Z</time></trkpt><trkpt lat="22.43043131" lon="114.17656279"><ele>199.5230712890625</ele><time>2019-01-12T02:54:59Z</time></trkpt><trkpt lat="22.43043482" lon="114.17653662"><ele>199.12603759765625</ele><time>2019-01-12T02:55:02Z</time></trkpt><trkpt lat="22.43042937" lon="114.17651225"><ele>199.51959228515625</ele><time>2019-01-12T02:55:05Z</time></trkpt><trkpt lat="22.43044086" lon="114.17649026"><ele>200.1497802734375</ele><time>2019-01-12T02:55:08Z</time></trkpt><trkpt lat="22.43044111" lon="114.17646312"><ele>201.17340087890625</ele><time>2019-01-12T02:55:11Z</time></trkpt><trkpt lat="22.43044777" lon="114.17644132"><ele>201.86212158203125</ele><time>2019-01-12T02:55:14Z</time></trkpt><trkpt lat="22.43045587" lon="114.17641844"><ele>201.58782958984375</ele><time>2019-01-12T02:55:18Z</time></trkpt><trkpt lat="22.4304605" lon="114.17639252"><ele>203.62353515625</ele><time>2019-01-12T02:55:21Z</time></trkpt><trkpt lat="22.43045808" lon="114.17636963"><ele>201.593505859375</ele><time>2019-01-12T02:55:24Z</time></trkpt><trkpt lat="22.43045898" lon="114.17633878"><ele>200.7720947265625</ele><time>2019-01-12T02:55:27Z</time></trkpt><trkpt lat="22.4304632" lon="114.17631817"><ele>202.2239990234375</ele><time>2019-01-12T02:55:29Z</time></trkpt><trkpt lat="22.43046324" lon="114.17628791"><ele>203.1204833984375</ele><time>2019-01-12T02:55:32Z</time></trkpt><trkpt lat="22.43046078" lon="114.17626495"><ele>203.98175048828125</ele><time>2019-01-12T02:55:34Z</time></trkpt><trkpt lat="22.43045579" lon="114.17624363"><ele>205.1199951171875</ele><time>2019-01-12T02:55:37Z</time></trkpt><trkpt lat="22.43046624" lon="114.17622703"><ele>205.3497314453125</ele><time>2019-01-12T02:55:44Z</time></trkpt><trkpt lat="22.43046987" lon="114.17620468"><ele>205.96832275390625</ele><time>2019-01-12T02:55:47Z</time></trkpt><trkpt lat="22.43048072" lon="114.17618343"><ele>203.66015625</ele><time>2019-01-12T02:55:50Z</time></trkpt><trkpt lat="22.43047673" lon="114.17615989"><ele>203.77947998046875</ele><time>2019-01-12T02:55:53Z</time></trkpt><trkpt lat="22.43047394" lon="114.1761344"><ele>201.599853515625</ele><time>2019-01-12T02:55:55Z</time></trkpt><trkpt lat="22.43046747" lon="114.17611154"><ele>200.56817626953125</ele><time>2019-01-12T02:55:57Z</time></trkpt><trkpt lat="22.43047039" lon="114.17608574"><ele>198.7327880859375</ele><time>2019-01-12T02:56:01Z</time></trkpt><trkpt lat="22.43046548" lon="114.17605998"><ele>199.547607421875</ele><time>2019-01-12T02:56:07Z</time></trkpt><trkpt lat="22.43047423" lon="114.17603824"><ele>199.87353515625</ele><time>2019-01-12T02:56:10Z</time></trkpt><trkpt lat="22.43047744" lon="114.17601161"><ele>198.91253662109375</ele><time>2019-01-12T02:56:13Z</time></trkpt><trkpt lat="22.43048169" lon="114.17598904"><ele>197.71142578125</ele><time>2019-01-12T02:56:16Z</time></trkpt><trkpt lat="22.43047314" lon="114.17596152"><ele>199.1575927734375</ele><time>2019-01-12T02:56:19Z</time></trkpt><trkpt lat="22.4304717" lon="114.17593884"><ele>201.789794921875</ele><time>2019-01-12T02:56:21Z</time></trkpt><trkpt lat="22.4304671" lon="114.17591388"><ele>202.59783935546875</ele><time>2019-01-12T02:56:25Z</time></trkpt><trkpt lat="22.43046145" lon="114.17589273"><ele>203.95062255859375</ele><time>2019-01-12T02:56:31Z</time></trkpt><trkpt lat="22.43046482" lon="114.17587032"><ele>205.06121826171875</ele><time>2019-01-12T02:56:35Z</time></trkpt><trkpt lat="22.43045962" lon="114.17584879"><ele>205.0296630859375</ele><time>2019-01-12T02:56:46Z</time></trkpt><trkpt lat="22.43046534" lon="114.17582687"><ele>206.634765625</ele><time>2019-01-12T02:56:51Z</time></trkpt><trkpt lat="22.43048402" lon="114.17580472"><ele>207.336181640625</ele><time>2019-01-12T02:56:53Z</time></trkpt><trkpt lat="22.43049013" lon="114.17578534"><ele>207.29815673828125</ele><time>2019-01-12T02:56:55Z</time></trkpt><trkpt lat="22.43049429" lon="114.17576175"><ele>207.38763427734375</ele><time>2019-01-12T02:56:57Z</time></trkpt><trkpt lat="22.43049414" lon="114.17573545"><ele>206.20849609375</ele><time>2019-01-12T02:57:02Z</time></trkpt><trkpt lat="22.43049083" lon="114.17571032"><ele>208.154541015625</ele><time>2019-01-12T02:57:06Z</time></trkpt><trkpt lat="22.43049567" lon="114.17569114"><ele>208.702880859375</ele><time>2019-01-12T02:57:08Z</time></trkpt><trkpt lat="22.43047856" lon="114.17567752"><ele>208.427490234375</ele><time>2019-01-12T02:57:11Z</time></trkpt><trkpt lat="22.43046627" lon="114.17566322"><ele>210.7220458984375</ele><time>2019-01-12T02:58:01Z</time></trkpt><trkpt lat="22.43045595" lon="114.17564226"><ele>211.9210205078125</ele><time>2019-01-12T02:59:33Z</time></trkpt><trkpt lat="22.43043648" lon="114.17563524"><ele>212.44488525390625</ele><time>2019-01-12T02:59:35Z</time></trkpt><trkpt lat="22.43041162" lon="114.17562735"><ele>212.1177978515625</ele><time>2019-01-12T02:59:37Z</time></trkpt><trkpt lat="22.43039262" lon="114.17562238"><ele>213.46966552734375</ele><time>2019-01-12T02:59:39Z</time></trkpt><trkpt lat="22.43036928" lon="114.17561817"><ele>206.910400390625</ele><time>2019-01-12T02:59:44Z</time></trkpt><trkpt lat="22.43034433" lon="114.17562011"><ele>206.753173828125</ele><time>2019-01-12T02:59:48Z</time></trkpt><trkpt lat="22.43032048" lon="114.17562529"><ele>207.1258544921875</ele><time>2019-01-12T02:59:55Z</time></trkpt><trkpt lat="22.4303025" lon="114.17563701"><ele>209.89764404296875</ele><time>2019-01-12T02:59:57Z</time></trkpt><trkpt lat="22.43028439" lon="114.17564151"><ele>210.772705078125</ele><time>2019-01-12T03:00:00Z</time></trkpt><trkpt lat="22.43026607" lon="114.17563768"><ele>209.13409423828125</ele><time>2019-01-12T03:00:04Z</time></trkpt><trkpt lat="22.43024699" lon="114.17564564"><ele>211.761474609375</ele><time>2019-01-12T03:00:09Z</time></trkpt><trkpt lat="22.43022788" lon="114.17564783"><ele>212.3258056640625</ele><time>2019-01-12T03:00:11Z</time></trkpt><trkpt lat="22.43020427" lon="114.17564466"><ele>210.76824951171875</ele><time>2019-01-12T03:00:14Z</time></trkpt><trkpt lat="22.43018587" lon="114.17562885"><ele>208.7200927734375</ele><time>2019-01-12T03:00:18Z</time></trkpt><trkpt lat="22.43016994" lon="114.17561053"><ele>211.51708984375</ele><time>2019-01-12T03:00:22Z</time></trkpt><trkpt lat="22.43015658" lon="114.17559714"><ele>210.4625244140625</ele><time>2019-01-12T03:00:25Z</time></trkpt><trkpt lat="22.43014062" lon="114.17557898"><ele>211.73223876953125</ele><time>2019-01-12T03:00:28Z</time></trkpt><trkpt lat="22.43012247" lon="114.17556904"><ele>214.44610595703125</ele><time>2019-01-12T03:00:32Z</time></trkpt><trkpt lat="22.43011473" lon="114.17554808"><ele>213.6976318359375</ele><time>2019-01-12T03:00:36Z</time></trkpt><trkpt lat="22.43010179" lon="114.17552897"><ele>213.43829345703125</ele><time>2019-01-12T03:00:41Z</time></trkpt><trkpt lat="22.43008538" lon="114.1755208"><ele>208.8812255859375</ele><time>2019-01-12T03:01:02Z</time></trkpt><trkpt lat="22.43006452" lon="114.17551742"><ele>210.901611328125</ele><time>2019-01-12T03:01:08Z</time></trkpt><trkpt lat="22.43004698" lon="114.17549686"><ele>210.21954345703125</ele><time>2019-01-12T03:01:12Z</time></trkpt><trkpt lat="22.43003651" lon="114.17547787"><ele>210.36181640625</ele><time>2019-01-12T03:01:15Z</time></trkpt><trkpt lat="22.4300232" lon="114.1754618"><ele>210.9376220703125</ele><time>2019-01-12T03:01:18Z</time></trkpt><trkpt lat="22.43000607" lon="114.17544455"><ele>210.76214599609375</ele><time>2019-01-12T03:01:21Z</time></trkpt><trkpt lat="22.42998654" lon="114.17543347"><ele>210.147705078125</ele><time>2019-01-12T03:01:24Z</time></trkpt><trkpt lat="22.42996966" lon="114.17541837"><ele>206.10919189453125</ele><time>2019-01-12T03:01:28Z</time></trkpt><trkpt lat="22.42995109" lon="114.17541462"><ele>207.44317626953125</ele><time>2019-01-12T03:01:30Z</time></trkpt><trkpt lat="22.42992887" lon="114.17540576"><ele>208.8369140625</ele><time>2019-01-12T03:01:33Z</time></trkpt><trkpt lat="22.4299082" lon="114.1754058"><ele>210.0762939453125</ele><time>2019-01-12T03:01:35Z</time></trkpt><trkpt lat="22.42988232" lon="114.17539988"><ele>211.0877685546875</ele><time>2019-01-12T03:01:38Z</time></trkpt><trkpt lat="22.42986586" lon="114.175391"><ele>212.19952392578125</ele><time>2019-01-12T03:01:40Z</time></trkpt><trkpt lat="22.42984884" lon="114.17537779"><ele>211.52239990234375</ele><time>2019-01-12T03:01:42Z</time></trkpt><trkpt lat="22.42982968" lon="114.17536437"><ele>212.2744140625</ele><time>2019-01-12T03:01:44Z</time></trkpt><trkpt lat="22.42981191" lon="114.17535858"><ele>214.76324462890625</ele><time>2019-01-12T03:01:46Z</time></trkpt><trkpt lat="22.42979524" lon="114.17536977"><ele>215.62109375</ele><time>2019-01-12T03:01:49Z</time></trkpt><trkpt lat="22.42978132" lon="114.17538211"><ele>218.4327392578125</ele><time>2019-01-12T03:02:09Z</time></trkpt><trkpt lat="22.42976311" lon="114.17537754"><ele>219.62890625</ele><time>2019-01-12T03:02:25Z</time></trkpt><trkpt lat="22.42974047" lon="114.17535944"><ele>217.76123046875</ele><time>2019-01-12T03:02:28Z</time></trkpt><trkpt lat="22.42972343" lon="114.17534384"><ele>219.14581298828125</ele><time>2019-01-12T03:02:30Z</time></trkpt><trkpt lat="22.42970154" lon="114.17532741"><ele>221.1634521484375</ele><time>2019-01-12T03:02:33Z</time></trkpt><trkpt lat="22.42968182" lon="114.17533019"><ele>223.856689453125</ele><time>2019-01-12T03:02:37Z</time></trkpt><trkpt lat="22.42966316" lon="114.17532626"><ele>224.9837646484375</ele><time>2019-01-12T03:02:39Z</time></trkpt><trkpt lat="22.42963861" lon="114.17532107"><ele>223.6070556640625</ele><time>2019-01-12T03:02:42Z</time></trkpt><trkpt lat="22.42961955" lon="114.17531797"><ele>223.38885498046875</ele><time>2019-01-12T03:02:44Z</time></trkpt><trkpt lat="22.42959682" lon="114.17531859"><ele>223.23004150390625</ele><time>2019-01-12T03:02:46Z</time></trkpt><trkpt lat="22.42957886" lon="114.17531339"><ele>223.0406494140625</ele><time>2019-01-12T03:02:48Z</time></trkpt><trkpt lat="22.42956414" lon="114.17530176"><ele>222.32220458984375</ele><time>2019-01-12T03:02:50Z</time></trkpt><trkpt lat="22.42954492" lon="114.17529161"><ele>223.148681640625</ele><time>2019-01-12T03:02:53Z</time></trkpt><trkpt lat="22.42952553" lon="114.17528145"><ele>225.4122314453125</ele><time>2019-01-12T03:02:59Z</time></trkpt><trkpt lat="22.42950462" lon="114.17526996"><ele>226.176025390625</ele><time>2019-01-12T03:03:02Z</time></trkpt><trkpt lat="22.42948649" lon="114.17525847"><ele>224.68133544921875</ele><time>2019-01-12T03:03:05Z</time></trkpt><trkpt lat="22.42947367" lon="114.17523421"><ele>219.17486572265625</ele><time>2019-01-12T03:03:08Z</time></trkpt><trkpt lat="22.42945995" lon="114.17521783"><ele>220.426513671875</ele><time>2019-01-12T03:03:10Z</time></trkpt><trkpt lat="22.42943991" lon="114.17520034"><ele>220.254638671875</ele><time>2019-01-12T03:03:13Z</time></trkpt><trkpt lat="22.42942238" lon="114.17519196"><ele>221.274169921875</ele><time>2019-01-12T03:03:15Z</time></trkpt><trkpt lat="22.42939702" lon="114.17518231"><ele>220.87469482421875</ele><time>2019-01-12T03:03:18Z</time></trkpt><trkpt lat="22.42937844" lon="114.17518077"><ele>224.039794921875</ele><time>2019-01-12T03:03:23Z</time></trkpt><trkpt lat="22.42935601" lon="114.17518629"><ele>227.12158203125</ele><time>2019-01-12T03:03:27Z</time></trkpt><trkpt lat="22.42933545" lon="114.17518605"><ele>227.80615234375</ele><time>2019-01-12T03:03:29Z</time></trkpt><trkpt lat="22.42931476" lon="114.17519178"><ele>228.38165283203125</ele><time>2019-01-12T03:03:31Z</time></trkpt><trkpt lat="22.42929834" lon="114.17520748"><ele>228.39892578125</ele><time>2019-01-12T03:03:33Z</time></trkpt><trkpt lat="22.42927771" lon="114.17522175"><ele>227.925048828125</ele><time>2019-01-12T03:03:36Z</time></trkpt><trkpt lat="22.42925029" lon="114.17522668"><ele>228.81353759765625</ele><time>2019-01-12T03:03:39Z</time></trkpt><trkpt lat="22.42923208" lon="114.17523197"><ele>229.54345703125</ele><time>2019-01-12T03:03:41Z</time></trkpt><trkpt lat="22.42921567" lon="114.17524488"><ele>231.59283447265625</ele><time>2019-01-12T03:03:43Z</time></trkpt><trkpt lat="22.42919478" lon="114.17525962"><ele>231.55419921875</ele><time>2019-01-12T03:03:46Z</time></trkpt><trkpt lat="22.42918197" lon="114.17527567"><ele>232.2255859375</ele><time>2019-01-12T03:03:48Z</time></trkpt><trkpt lat="22.4291659" lon="114.17529456"><ele>229.592529296875</ele><time>2019-01-12T03:03:51Z</time></trkpt><trkpt lat="22.42916249" lon="114.17532146"><ele>229.2874755859375</ele><time>2019-01-12T03:03:54Z</time></trkpt><trkpt lat="22.42915872" lon="114.17534121"><ele>229.84686279296875</ele><time>2019-01-12T03:03:57Z</time></trkpt><trkpt lat="22.42915659" lon="114.17536794"><ele>227.9976806640625</ele><time>2019-01-12T03:04:01Z</time></trkpt><trkpt lat="22.42915064" lon="114.17539119"><ele>228.92578125</ele><time>2019-01-12T03:04:04Z</time></trkpt><trkpt lat="22.42914819" lon="114.17541114"><ele>229.14447021484375</ele><time>2019-01-12T03:04:07Z</time></trkpt><trkpt lat="22.42914505" lon="114.17543287"><ele>227.62841796875</ele><time>2019-01-12T03:04:10Z</time></trkpt><trkpt lat="22.42913584" lon="114.17545216"><ele>228.6673583984375</ele><time>2019-01-12T03:04:13Z</time></trkpt><trkpt lat="22.42912719" lon="114.17547284"><ele>229.52764892578125</ele><time>2019-01-12T03:04:16Z</time></trkpt><trkpt lat="22.42912234" lon="114.17549197"><ele>228.57080078125</ele><time>2019-01-12T03:04:18Z</time></trkpt><trkpt lat="22.42911187" lon="114.17551826"><ele>230.10150146484375</ele><time>2019-01-12T03:04:21Z</time></trkpt><trkpt lat="22.42909689" lon="114.17553475"><ele>229.1318359375</ele><time>2019-01-12T03:04:25Z</time></trkpt><trkpt lat="22.42908647" lon="114.17555201"><ele>228.00323486328125</ele><time>2019-01-12T03:04:28Z</time></trkpt><trkpt lat="22.429071" lon="114.17556943"><ele>230.708251953125</ele><time>2019-01-12T03:04:34Z</time></trkpt><trkpt lat="22.42906288" lon="114.17558817"><ele>231.91583251953125</ele><time>2019-01-12T03:04:37Z</time></trkpt><trkpt lat="22.42905186" lon="114.17560458"><ele>229.83428955078125</ele><time>2019-01-12T03:04:41Z</time></trkpt><trkpt lat="22.42903652" lon="114.17561938"><ele>229.57513427734375</ele><time>2019-01-12T03:04:44Z</time></trkpt><trkpt lat="22.42901976" lon="114.17563769"><ele>230.994873046875</ele><time>2019-01-12T03:04:47Z</time></trkpt><trkpt lat="22.42900816" lon="114.17565673"><ele>231.2626953125</ele><time>2019-01-12T03:04:49Z</time></trkpt><trkpt lat="22.42899676" lon="114.17567445"><ele>231.344482421875</ele><time>2019-01-12T03:04:52Z</time></trkpt><trkpt lat="22.42898186" lon="114.17568635"><ele>232.75177001953125</ele><time>2019-01-12T03:04:56Z</time></trkpt><trkpt lat="22.42895919" lon="114.17569587"><ele>232.48858642578125</ele><time>2019-01-12T03:05:00Z</time></trkpt><trkpt lat="22.4289436" lon="114.17570681"><ele>233.11614990234375</ele><time>2019-01-12T03:05:02Z</time></trkpt><trkpt lat="22.42893079" lon="114.17572895"><ele>232.093505859375</ele><time>2019-01-12T03:05:06Z</time></trkpt><trkpt lat="22.42892027" lon="114.1757478"><ele>231.91632080078125</ele><time>2019-01-12T03:05:08Z</time></trkpt><trkpt lat="22.42891474" lon="114.17576719"><ele>232.68548583984375</ele><time>2019-01-12T03:05:10Z</time></trkpt><trkpt lat="22.42890146" lon="114.17578811"><ele>232.474609375</ele><time>2019-01-12T03:05:13Z</time></trkpt><trkpt lat="22.42888796" lon="114.17581115"><ele>233.34271240234375</ele><time>2019-01-12T03:05:16Z</time></trkpt><trkpt lat="22.42887766" lon="114.17582816"><ele>234.873046875</ele><time>2019-01-12T03:05:18Z</time></trkpt><trkpt lat="22.42885891" lon="114.17584595"><ele>234.9805908203125</ele><time>2019-01-12T03:05:21Z</time></trkpt><trkpt lat="22.42884043" lon="114.17585553"><ele>235.93841552734375</ele><time>2019-01-12T03:05:24Z</time></trkpt><trkpt lat="22.42882757" lon="114.17587241"><ele>236.34564208984375</ele><time>2019-01-12T03:05:26Z</time></trkpt><trkpt lat="22.42880561" lon="114.17588822"><ele>236.5364990234375</ele><time>2019-01-12T03:05:30Z</time></trkpt><trkpt lat="22.42879233" lon="114.17590341"><ele>238.201416015625</ele><time>2019-01-12T03:05:32Z</time></trkpt><trkpt lat="22.42877013" lon="114.17592092"><ele>237.75421142578125</ele><time>2019-01-12T03:05:35Z</time></trkpt><trkpt lat="22.42875516" lon="114.17593363"><ele>236.97283935546875</ele><time>2019-01-12T03:05:37Z</time></trkpt><trkpt lat="22.4287404" lon="114.17594776"><ele>237.239501953125</ele><time>2019-01-12T03:05:39Z</time></trkpt><trkpt lat="22.42872011" lon="114.17596394"><ele>236.79241943359375</ele><time>2019-01-12T03:05:42Z</time></trkpt><trkpt lat="22.42870379" lon="114.17597838"><ele>236.58563232421875</ele><time>2019-01-12T03:05:45Z</time></trkpt><trkpt lat="22.42868298" lon="114.17598727"><ele>236.97625732421875</ele><time>2019-01-12T03:05:48Z</time></trkpt><trkpt lat="22.42866397" lon="114.17599013"><ele>236.3231201171875</ele><time>2019-01-12T03:05:51Z</time></trkpt><trkpt lat="22.42864105" lon="114.17599195"><ele>235.55120849609375</ele><time>2019-01-12T03:05:54Z</time></trkpt><trkpt lat="22.42862307" lon="114.17599743"><ele>235.19158935546875</ele><time>2019-01-12T03:05:57Z</time></trkpt><trkpt lat="22.42860002" lon="114.17600857"><ele>235.10888671875</ele><time>2019-01-12T03:06:01Z</time></trkpt><trkpt lat="22.42858426" lon="114.17602345"><ele>235.78717041015625</ele><time>2019-01-12T03:06:04Z</time></trkpt><trkpt lat="22.42859221" lon="114.17600597"><ele>232.9154052734375</ele><time>2019-01-12T03:06:12Z</time></trkpt><trkpt lat="22.42856688" lon="114.17600203"><ele>235.169921875</ele><time>2019-01-12T03:06:18Z</time></trkpt><trkpt lat="22.42854287" lon="114.17600109"><ele>234.84375</ele><time>2019-01-12T03:06:21Z</time></trkpt><trkpt lat="22.42851809" lon="114.17600408"><ele>234.66943359375</ele><time>2019-01-12T03:06:24Z</time></trkpt><trkpt lat="22.42849991" lon="114.17601304"><ele>232.7518310546875</ele><time>2019-01-12T03:06:28Z</time></trkpt><trkpt lat="22.42847446" lon="114.17601973"><ele>234.78668212890625</ele><time>2019-01-12T03:06:31Z</time></trkpt><trkpt lat="22.42845447" lon="114.17603012"><ele>237.221435546875</ele><time>2019-01-12T03:06:33Z</time></trkpt><trkpt lat="22.4284367" lon="114.17603549"><ele>236.5555419921875</ele><time>2019-01-12T03:06:36Z</time></trkpt><trkpt lat="22.42841749" lon="114.1760416"><ele>237.583740234375</ele><time>2019-01-12T03:06:39Z</time></trkpt><trkpt lat="22.42840112" lon="114.1760625"><ele>238.61773681640625</ele><time>2019-01-12T03:06:42Z</time></trkpt><trkpt lat="22.42838081" lon="114.17607299"><ele>238.1859130859375</ele><time>2019-01-12T03:06:48Z</time></trkpt><trkpt lat="22.42835912" lon="114.17607773"><ele>236.657470703125</ele><time>2019-01-12T03:06:51Z</time></trkpt><trkpt lat="22.428341" lon="114.17608204"><ele>237.094970703125</ele><time>2019-01-12T03:06:53Z</time></trkpt><trkpt lat="22.4283141" lon="114.17608383"><ele>237.47393798828125</ele><time>2019-01-12T03:06:56Z</time></trkpt><trkpt lat="22.4282922" lon="114.1760837"><ele>237.93072509765625</ele><time>2019-01-12T03:06:59Z</time></trkpt><trkpt lat="22.42827314" lon="114.17608857"><ele>237.24212646484375</ele><time>2019-01-12T03:07:06Z</time></trkpt><trkpt lat="22.42825107" lon="114.17609375"><ele>235.32049560546875</ele><time>2019-01-12T03:07:11Z</time></trkpt><trkpt lat="22.42822752" lon="114.17610341"><ele>237.1357421875</ele><time>2019-01-12T03:07:16Z</time></trkpt><trkpt lat="22.42821164" lon="114.17611763"><ele>237.09307861328125</ele><time>2019-01-12T03:07:18Z</time></trkpt><trkpt lat="22.42819637" lon="114.17612807"><ele>237.6749267578125</ele><time>2019-01-12T03:07:20Z</time></trkpt><trkpt lat="22.428179" lon="114.17613709"><ele>237.1761474609375</ele><time>2019-01-12T03:07:22Z</time></trkpt><trkpt lat="22.42815572" lon="114.17613983"><ele>236.74365234375</ele><time>2019-01-12T03:07:24Z</time></trkpt><trkpt lat="22.42813133" lon="114.17613725"><ele>238.15625</ele><time>2019-01-12T03:07:26Z</time></trkpt><trkpt lat="22.42810943" lon="114.17613397"><ele>237.60052490234375</ele><time>2019-01-12T03:07:28Z</time></trkpt><trkpt lat="22.42808554" lon="114.176134"><ele>237.84844970703125</ele><time>2019-01-12T03:07:30Z</time></trkpt><trkpt lat="22.42806309" lon="114.17613716"><ele>237.58251953125</ele><time>2019-01-12T03:07:32Z</time></trkpt><trkpt lat="22.42804108" lon="114.17613621"><ele>239.8616943359375</ele><time>2019-01-12T03:07:34Z</time></trkpt><trkpt lat="22.42801399" lon="114.17613801"><ele>243.162841796875</ele><time>2019-01-12T03:07:36Z</time></trkpt><trkpt lat="22.42798707" lon="114.17614069"><ele>243.2569580078125</ele><time>2019-01-12T03:07:38Z</time></trkpt><trkpt lat="22.42796694" lon="114.17614394"><ele>244.38897705078125</ele><time>2019-01-12T03:07:40Z</time></trkpt><trkpt lat="22.42794543" lon="114.17614816"><ele>246.85260009765625</ele><time>2019-01-12T03:07:43Z</time></trkpt><trkpt lat="22.42792544" lon="114.17613539"><ele>243.98297119140625</ele><time>2019-01-12T03:07:46Z</time></trkpt><trkpt lat="22.42790705" lon="114.17612553"><ele>244.0050048828125</ele><time>2019-01-12T03:07:49Z</time></trkpt><trkpt lat="22.42788381" lon="114.17612609"><ele>247.1845703125</ele><time>2019-01-12T03:07:52Z</time></trkpt><trkpt lat="22.42786566" lon="114.17613074"><ele>248.2406005859375</ele><time>2019-01-12T03:07:54Z</time></trkpt><trkpt lat="22.4278466" lon="114.17613206"><ele>247.454833984375</ele><time>2019-01-12T03:07:57Z</time></trkpt><trkpt lat="22.42782638" lon="114.17613689"><ele>246.34051513671875</ele><time>2019-01-12T03:07:59Z</time></trkpt><trkpt lat="22.427804" lon="114.176149"><ele>244.291259765625</ele><time>2019-01-12T03:08:02Z</time></trkpt><trkpt lat="22.4277837" lon="114.17614391"><ele>244.50738525390625</ele><time>2019-01-12T03:08:06Z</time></trkpt><trkpt lat="22.42776361" lon="114.17614825"><ele>244.50555419921875</ele><time>2019-01-12T03:08:09Z</time></trkpt><trkpt lat="22.42774097" lon="114.17614783"><ele>243.593017578125</ele><time>2019-01-12T03:08:12Z</time></trkpt><trkpt lat="22.42771569" lon="114.17615444"><ele>243.3260498046875</ele><time>2019-01-12T03:08:15Z</time></trkpt><trkpt lat="22.42769232" lon="114.17614817"><ele>242.9185791015625</ele><time>2019-01-12T03:08:18Z</time></trkpt><trkpt lat="22.42766889" lon="114.17615371"><ele>247.47412109375</ele><time>2019-01-12T03:08:21Z</time></trkpt><trkpt lat="22.42764963" lon="114.17616137"><ele>246.9459228515625</ele><time>2019-01-12T03:08:23Z</time></trkpt><trkpt lat="22.42762847" lon="114.17616376"><ele>248.1285400390625</ele><time>2019-01-12T03:08:25Z</time></trkpt><trkpt lat="22.42760985" lon="114.17616538"><ele>249.25848388671875</ele><time>2019-01-12T03:08:27Z</time></trkpt><trkpt lat="22.42758601" lon="114.17616692"><ele>248.4925537109375</ele><time>2019-01-12T03:08:30Z</time></trkpt><trkpt lat="22.42756153" lon="114.17616499"><ele>247.677978515625</ele><time>2019-01-12T03:08:33Z</time></trkpt><trkpt lat="22.42753704" lon="114.17615725"><ele>245.23211669921875</ele><time>2019-01-12T03:08:36Z</time></trkpt><trkpt lat="22.42751028" lon="114.17616151"><ele>250.082763671875</ele><time>2019-01-12T03:08:39Z</time></trkpt><trkpt lat="22.4274901" lon="114.17616454"><ele>249.1463623046875</ele><time>2019-01-12T03:08:41Z</time></trkpt><trkpt lat="22.42746987" lon="114.17616669"><ele>252.1463623046875</ele><time>2019-01-12T03:08:43Z</time></trkpt><trkpt lat="22.42744443" lon="114.17616742"><ele>253.1827392578125</ele><time>2019-01-12T03:08:46Z</time></trkpt><trkpt lat="22.42742588" lon="114.17616502"><ele>254.36328125</ele><time>2019-01-12T03:08:48Z</time></trkpt><trkpt lat="22.42740751" lon="114.17616363"><ele>255.9637451171875</ele><time>2019-01-12T03:08:50Z</time></trkpt><trkpt lat="22.42738786" lon="114.17615566"><ele>252.38470458984375</ele><time>2019-01-12T03:08:53Z</time></trkpt><trkpt lat="22.42736659" lon="114.17614419"><ele>252.7984619140625</ele><time>2019-01-12T03:08:57Z</time></trkpt><trkpt lat="22.42734643" lon="114.17614525"><ele>252.28302001953125</ele><time>2019-01-12T03:09:00Z</time></trkpt><trkpt lat="22.42732282" lon="114.17616091"><ele>254.6531982421875</ele><time>2019-01-12T03:09:03Z</time></trkpt><trkpt lat="22.42730615" lon="114.17617806"><ele>255.495849609375</ele><time>2019-01-12T03:09:05Z</time></trkpt><trkpt lat="22.42728766" lon="114.17618652"><ele>255.234619140625</ele><time>2019-01-12T03:09:07Z</time></trkpt><trkpt lat="22.42726471" lon="114.17619264"><ele>254.47149658203125</ele><time>2019-01-12T03:09:10Z</time></trkpt><trkpt lat="22.42724663" lon="114.17620002"><ele>255.4129638671875</ele><time>2019-01-12T03:09:12Z</time></trkpt><trkpt lat="22.42722853" lon="114.17620785"><ele>253.9119873046875</ele><time>2019-01-12T03:09:14Z</time></trkpt><trkpt lat="22.42720408" lon="114.17621423"><ele>254.15673828125</ele><time>2019-01-12T03:09:17Z</time></trkpt><trkpt lat="22.42718482" lon="114.17621485"><ele>251.89935302734375</ele><time>2019-01-12T03:09:19Z</time></trkpt><trkpt lat="22.42716003" lon="114.17622658"><ele>254.282470703125</ele><time>2019-01-12T03:09:22Z</time></trkpt><trkpt lat="22.42713478" lon="114.17623398"><ele>252.67828369140625</ele><time>2019-01-12T03:09:25Z</time></trkpt><trkpt lat="22.42711311" lon="114.17622751"><ele>252.79412841796875</ele><time>2019-01-12T03:09:27Z</time></trkpt><trkpt lat="22.42709146" lon="114.17622646"><ele>254.1219482421875</ele><time>2019-01-12T03:09:30Z</time></trkpt><trkpt lat="22.42707856" lon="114.17624058"><ele>254.7349853515625</ele><time>2019-01-12T03:09:32Z</time></trkpt><trkpt lat="22.42706758" lon="114.17626354"><ele>253.51898193359375</ele><time>2019-01-12T03:09:34Z</time></trkpt><trkpt lat="22.42704958" lon="114.17628335"><ele>253.0933837890625</ele><time>2019-01-12T03:09:37Z</time></trkpt><trkpt lat="22.42702925" lon="114.17629847"><ele>252.04327392578125</ele><time>2019-01-12T03:09:40Z</time></trkpt><trkpt lat="22.42700878" lon="114.17630105"><ele>250.9661865234375</ele><time>2019-01-12T03:09:43Z</time></trkpt><trkpt lat="22.42699259" lon="114.1763147"><ele>255.4232177734375</ele><time>2019-01-12T03:09:47Z</time></trkpt><trkpt lat="22.42697559" lon="114.17633419"><ele>253.8658447265625</ele><time>2019-01-12T03:09:50Z</time></trkpt><trkpt lat="22.42695517" lon="114.17634564"><ele>255.50091552734375</ele><time>2019-01-12T03:09:54Z</time></trkpt><trkpt lat="22.42694112" lon="114.1763665"><ele>253.22119140625</ele><time>2019-01-12T03:10:10Z</time></trkpt><trkpt lat="22.42692394" lon="114.17637827"><ele>254.10430908203125</ele><time>2019-01-12T03:10:15Z</time></trkpt><trkpt lat="22.4269035" lon="114.17639537"><ele>254.00262451171875</ele><time>2019-01-12T03:10:18Z</time></trkpt><trkpt lat="22.42688401" lon="114.17641253"><ele>252.870849609375</ele><time>2019-01-12T03:10:21Z</time></trkpt><trkpt lat="22.42686334" lon="114.17642716"><ele>252.0096435546875</ele><time>2019-01-12T03:10:24Z</time></trkpt><trkpt lat="22.42684476" lon="114.17644161"><ele>253.081787109375</ele><time>2019-01-12T03:10:27Z</time></trkpt><trkpt lat="22.42682623" lon="114.17645763"><ele>253.6556396484375</ele><time>2019-01-12T03:10:30Z</time></trkpt><trkpt lat="22.42680646" lon="114.1764735"><ele>254.1539306640625</ele><time>2019-01-12T03:10:33Z</time></trkpt><trkpt lat="22.42678336" lon="114.17648551"><ele>255.9891357421875</ele><time>2019-01-12T03:10:36Z</time></trkpt><trkpt lat="22.42676531" lon="114.17649963"><ele>255.3935546875</ele><time>2019-01-12T03:10:39Z</time></trkpt><trkpt lat="22.42674875" lon="114.17650907"><ele>257.2327880859375</ele><time>2019-01-12T03:10:42Z</time></trkpt><trkpt lat="22.4267419" lon="114.17653347"><ele>259.54547119140625</ele><time>2019-01-12T03:10:44Z</time></trkpt><trkpt lat="22.42673567" lon="114.17655299"><ele>258.39593505859375</ele><time>2019-01-12T03:10:46Z</time></trkpt><trkpt lat="22.42671924" lon="114.17657171"><ele>258.43017578125</ele><time>2019-01-12T03:10:49Z</time></trkpt><trkpt lat="22.42671359" lon="114.17659154"><ele>257.3807373046875</ele><time>2019-01-12T03:10:52Z</time></trkpt><trkpt lat="22.42671442" lon="114.1766112"><ele>257.2669677734375</ele><time>2019-01-12T03:10:55Z</time></trkpt><trkpt lat="22.42669994" lon="114.17662805"><ele>257.90948486328125</ele><time>2019-01-12T03:10:58Z</time></trkpt><trkpt lat="22.42668859" lon="114.17665137"><ele>258.50897216796875</ele><time>2019-01-12T03:11:01Z</time></trkpt><trkpt lat="22.42667103" lon="114.17667276"><ele>260.54736328125</ele><time>2019-01-12T03:11:04Z</time></trkpt><trkpt lat="22.42665979" lon="114.17669066"><ele>261.0721435546875</ele><time>2019-01-12T03:11:06Z</time></trkpt><trkpt lat="22.42664663" lon="114.17671254"><ele>259.061767578125</ele><time>2019-01-12T03:11:09Z</time></trkpt><trkpt lat="22.42662903" lon="114.1767249"><ele>257.2523193359375</ele><time>2019-01-12T03:11:13Z</time></trkpt><trkpt lat="22.42661395" lon="114.17674313"><ele>257.61181640625</ele><time>2019-01-12T03:11:20Z</time></trkpt><trkpt lat="22.42660329" lon="114.17676544"><ele>256.5438232421875</ele><time>2019-01-12T03:11:24Z</time></trkpt><trkpt lat="22.42658878" lon="114.17677947"><ele>255.148681640625</ele><time>2019-01-12T03:11:30Z</time></trkpt><trkpt lat="22.426569" lon="114.17678807"><ele>255.36767578125</ele><time>2019-01-12T03:11:34Z</time></trkpt><trkpt lat="22.42655698" lon="114.17680625"><ele>256.705322265625</ele><time>2019-01-12T03:11:38Z</time></trkpt><trkpt lat="22.42654936" lon="114.17683347"><ele>256.534912109375</ele><time>2019-01-12T03:11:41Z</time></trkpt><trkpt lat="22.42654259" lon="114.17685396"><ele>258.0201416015625</ele><time>2019-01-12T03:11:43Z</time></trkpt><trkpt lat="22.42654221" lon="114.17688863"><ele>259.894287109375</ele><time>2019-01-12T03:11:45Z</time></trkpt><trkpt lat="22.42654058" lon="114.17691476"><ele>260.2373046875</ele><time>2019-01-12T03:11:47Z</time></trkpt><trkpt lat="22.42653539" lon="114.17694092"><ele>258.0068359375</ele><time>2019-01-12T03:11:50Z</time></trkpt><trkpt lat="22.42653101" lon="114.17696231"><ele>259.44921875</ele><time>2019-01-12T03:11:52Z</time></trkpt><trkpt lat="22.42652048" lon="114.176983"><ele>259.914306640625</ele><time>2019-01-12T03:11:55Z</time></trkpt><trkpt lat="22.42650176" lon="114.1769986"><ele>260.34942626953125</ele><time>2019-01-12T03:12:00Z</time></trkpt><trkpt lat="22.42648265" lon="114.17701532"><ele>261.01220703125</ele><time>2019-01-12T03:12:03Z</time></trkpt><trkpt lat="22.42646195" lon="114.17702345"><ele>261.0826416015625</ele><time>2019-01-12T03:12:06Z</time></trkpt><trkpt lat="22.42644082" lon="114.17703617"><ele>262.12890625</ele><time>2019-01-12T03:12:09Z</time></trkpt><trkpt lat="22.42641683" lon="114.1770411"><ele>263.69964599609375</ele><time>2019-01-12T03:12:12Z</time></trkpt><trkpt lat="22.42639785" lon="114.17703565"><ele>263.9710693359375</ele><time>2019-01-12T03:12:15Z</time></trkpt><trkpt lat="22.42637571" lon="114.17702127"><ele>263.6282958984375</ele><time>2019-01-12T03:12:18Z</time></trkpt><trkpt lat="22.42635056" lon="114.17702221"><ele>265.1932373046875</ele><time>2019-01-12T03:12:21Z</time></trkpt><trkpt lat="22.42632741" lon="114.17702855"><ele>268.8946533203125</ele><time>2019-01-12T03:12:24Z</time></trkpt><trkpt lat="22.42631269" lon="114.17704175"><ele>268.51123046875</ele><time>2019-01-12T03:12:28Z</time></trkpt><trkpt lat="22.42629127" lon="114.17706268"><ele>269.4425048828125</ele><time>2019-01-12T03:12:40Z</time></trkpt><trkpt lat="22.4262615" lon="114.17707307"><ele>267.30615234375</ele><time>2019-01-12T03:12:42Z</time></trkpt><trkpt lat="22.42624326" lon="114.17708566"><ele>265.99468994140625</ele><time>2019-01-12T03:12:44Z</time></trkpt><trkpt lat="22.42622767" lon="114.17709938"><ele>267.87982177734375</ele><time>2019-01-12T03:12:49Z</time></trkpt><trkpt lat="22.42621043" lon="114.17710775"><ele>264.63751220703125</ele><time>2019-01-12T03:12:52Z</time></trkpt><trkpt lat="22.42618524" lon="114.17712224"><ele>264.109130859375</ele><time>2019-01-12T03:12:55Z</time></trkpt><trkpt lat="22.42616801" lon="114.17713542"><ele>264.525146484375</ele><time>2019-01-12T03:12:57Z</time></trkpt><trkpt lat="22.42614657" lon="114.17714739"><ele>264.520263671875</ele><time>2019-01-12T03:13:00Z</time></trkpt><trkpt lat="22.42612705" lon="114.17715268"><ele>264.53961181640625</ele><time>2019-01-12T03:13:03Z</time></trkpt><trkpt lat="22.42610227" lon="114.177157"><ele>263.94158935546875</ele><time>2019-01-12T03:13:09Z</time></trkpt><trkpt lat="22.42608167" lon="114.17717555"><ele>261.7122802734375</ele><time>2019-01-12T03:13:12Z</time></trkpt><trkpt lat="22.42605926" lon="114.17718908"><ele>262.50250244140625</ele><time>2019-01-12T03:13:15Z</time></trkpt><trkpt lat="22.42604079" lon="114.17720708"><ele>262.6197509765625</ele><time>2019-01-12T03:13:18Z</time></trkpt><trkpt lat="22.42602194" lon="114.17722606"><ele>263.4066162109375</ele><time>2019-01-12T03:13:21Z</time></trkpt><trkpt lat="22.42601193" lon="114.1772526"><ele>263.85491943359375</ele><time>2019-01-12T03:13:23Z</time></trkpt><trkpt lat="22.42600223" lon="114.17727453"><ele>264.5517578125</ele><time>2019-01-12T03:13:26Z</time></trkpt><trkpt lat="22.42598424" lon="114.17729291"><ele>266.05029296875</ele><time>2019-01-12T03:13:29Z</time></trkpt><trkpt lat="22.42596946" lon="114.17730477"><ele>268.49761962890625</ele><time>2019-01-12T03:13:31Z</time></trkpt><trkpt lat="22.42595419" lon="114.17732279"><ele>269.106201171875</ele><time>2019-01-12T03:13:33Z</time></trkpt><trkpt lat="22.42593951" lon="114.17733879"><ele>269.6434326171875</ele><time>2019-01-12T03:13:35Z</time></trkpt><trkpt lat="22.4259172" lon="114.17734518"><ele>270.81298828125</ele><time>2019-01-12T03:13:38Z</time></trkpt><trkpt lat="22.42590046" lon="114.17736555"><ele>271.662109375</ele><time>2019-01-12T03:13:41Z</time></trkpt><trkpt lat="22.42589032" lon="114.17738326"><ele>271.57696533203125</ele><time>2019-01-12T03:13:43Z</time></trkpt><trkpt lat="22.42588293" lon="114.17740201"><ele>270.265625</ele><time>2019-01-12T03:13:45Z</time></trkpt><trkpt lat="22.42587222" lon="114.17742577"><ele>269.47515869140625</ele><time>2019-01-12T03:13:48Z</time></trkpt><trkpt lat="22.4258694" lon="114.17744567"><ele>267.1949462890625</ele><time>2019-01-12T03:13:50Z</time></trkpt><trkpt lat="22.42587448" lon="114.17746457"><ele>267.88134765625</ele><time>2019-01-12T03:13:52Z</time></trkpt><trkpt lat="22.42588021" lon="114.17748816"><ele>267.32354736328125</ele><time>2019-01-12T03:13:55Z</time></trkpt><trkpt lat="22.42587656" lon="114.17751036"><ele>269.834716796875</ele><time>2019-01-12T03:13:58Z</time></trkpt><trkpt lat="22.42586103" lon="114.17752653"><ele>269.9312744140625</ele><time>2019-01-12T03:14:02Z</time></trkpt><trkpt lat="22.4258509" lon="114.17754677"><ele>270.8853759765625</ele><time>2019-01-12T03:14:05Z</time></trkpt><trkpt lat="22.42585045" lon="114.17756656"><ele>270.3929443359375</ele><time>2019-01-12T03:14:07Z</time></trkpt><trkpt lat="22.42584922" lon="114.17758762"><ele>269.01727294921875</ele><time>2019-01-12T03:14:14Z</time></trkpt><trkpt lat="22.42583932" lon="114.17760993"><ele>268.763671875</ele><time>2019-01-12T03:14:17Z</time></trkpt><trkpt lat="22.42581514" lon="114.1776061"><ele>263.9635009765625</ele><time>2019-01-12T03:14:22Z</time></trkpt><trkpt lat="22.42579523" lon="114.17760448"><ele>264.1181640625</ele><time>2019-01-12T03:14:27Z</time></trkpt><trkpt lat="22.42577533" lon="114.17760916"><ele>266.3304443359375</ele><time>2019-01-12T03:14:44Z</time></trkpt><trkpt lat="22.42575734" lon="114.17759164"><ele>265.6197509765625</ele><time>2019-01-12T03:14:47Z</time></trkpt><trkpt lat="22.42573833" lon="114.17757739"><ele>265.64544677734375</ele><time>2019-01-12T03:14:49Z</time></trkpt><trkpt lat="22.42572307" lon="114.17756144"><ele>264.55267333984375</ele><time>2019-01-12T03:14:51Z</time></trkpt><trkpt lat="22.42570691" lon="114.17755033"><ele>265.4306640625</ele><time>2019-01-12T03:14:53Z</time></trkpt><trkpt lat="22.42569147" lon="114.17753629"><ele>263.83111572265625</ele><time>2019-01-12T03:14:55Z</time></trkpt><trkpt lat="22.42567523" lon="114.17751918"><ele>263.477783203125</ele><time>2019-01-12T03:14:57Z</time></trkpt><trkpt lat="22.42566005" lon="114.17750371"><ele>265.6597900390625</ele><time>2019-01-12T03:14:59Z</time></trkpt><trkpt lat="22.42563445" lon="114.177497"><ele>270.558349609375</ele><time>2019-01-12T03:15:02Z</time></trkpt><trkpt lat="22.42561197" lon="114.17748838"><ele>270.630126953125</ele><time>2019-01-12T03:15:04Z</time></trkpt><trkpt lat="22.42558565" lon="114.17748411"><ele>271.895263671875</ele><time>2019-01-12T03:15:06Z</time></trkpt><trkpt lat="22.42556444" lon="114.17748055"><ele>271.63946533203125</ele><time>2019-01-12T03:15:08Z</time></trkpt><trkpt lat="22.42554056" lon="114.17747391"><ele>273.61309814453125</ele><time>2019-01-12T03:15:10Z</time></trkpt><trkpt lat="22.42551793" lon="114.17747618"><ele>276.07391357421875</ele><time>2019-01-12T03:15:13Z</time></trkpt><trkpt lat="22.42549979" lon="114.17747268"><ele>276.09112548828125</ele><time>2019-01-12T03:15:17Z</time></trkpt><trkpt lat="22.42548193" lon="114.17747505"><ele>277.6348876953125</ele><time>2019-01-12T03:15:21Z</time></trkpt><trkpt lat="22.42546174" lon="114.1774698"><ele>277.619384765625</ele><time>2019-01-12T03:15:25Z</time></trkpt><trkpt lat="22.42543948" lon="114.17745677"><ele>277.352783203125</ele><time>2019-01-12T03:15:28Z</time></trkpt><trkpt lat="22.42541923" lon="114.17744571"><ele>276.49896240234375</ele><time>2019-01-12T03:15:31Z</time></trkpt><trkpt lat="22.42539735" lon="114.17744145"><ele>276.99627685546875</ele><time>2019-01-12T03:15:34Z</time></trkpt><trkpt lat="22.42537098" lon="114.1774419"><ele>278.7392578125</ele><time>2019-01-12T03:15:38Z</time></trkpt><trkpt lat="22.42534224" lon="114.17743671"><ele>281.2353515625</ele><time>2019-01-12T03:15:40Z</time></trkpt><trkpt lat="22.42531881" lon="114.17743255"><ele>282.44500732421875</ele><time>2019-01-12T03:15:43Z</time></trkpt><trkpt lat="22.4253042" lon="114.17741916"><ele>283.3067626953125</ele><time>2019-01-12T03:15:56Z</time></trkpt><trkpt lat="22.425281" lon="114.17740915"><ele>280.989013671875</ele><time>2019-01-12T03:15:58Z</time></trkpt><trkpt lat="22.42526051" lon="114.17740237"><ele>278.2698974609375</ele><time>2019-01-12T03:16:00Z</time></trkpt><trkpt lat="22.42524197" lon="114.17739186"><ele>280.50445556640625</ele><time>2019-01-12T03:16:02Z</time></trkpt><trkpt lat="22.42522304" lon="114.17738885"><ele>281.2392578125</ele><time>2019-01-12T03:16:04Z</time></trkpt><trkpt lat="22.42519862" lon="114.17738226"><ele>280.7685546875</ele><time>2019-01-12T03:16:07Z</time></trkpt><trkpt lat="22.42518418" lon="114.17736681"><ele>281.8626708984375</ele><time>2019-01-12T03:16:09Z</time></trkpt><trkpt lat="22.42517284" lon="114.17734955"><ele>281.8291015625</ele><time>2019-01-12T03:16:12Z</time></trkpt><trkpt lat="22.42515318" lon="114.17733422"><ele>283.703369140625</ele><time>2019-01-12T03:16:15Z</time></trkpt><trkpt lat="22.42512911" lon="114.1773231"><ele>282.7049560546875</ele><time>2019-01-12T03:16:21Z</time></trkpt><trkpt lat="22.4251173" lon="114.17730726"><ele>281.1153564453125</ele><time>2019-01-12T03:16:24Z</time></trkpt><trkpt lat="22.4250982" lon="114.17729893"><ele>280.3560791015625</ele><time>2019-01-12T03:16:28Z</time></trkpt><trkpt lat="22.42507556" lon="114.17730034"><ele>282.08465576171875</ele><time>2019-01-12T03:16:34Z</time></trkpt><trkpt lat="22.42505662" lon="114.17729267"><ele>279.3409423828125</ele><time>2019-01-12T03:16:38Z</time></trkpt><trkpt lat="22.42503625" lon="114.1772883"><ele>276.61956787109375</ele><time>2019-01-12T03:16:41Z</time></trkpt><trkpt lat="22.42502248" lon="114.17726989"><ele>269.43353271484375</ele><time>2019-01-12T03:16:44Z</time></trkpt><trkpt lat="22.42500119" lon="114.17726643"><ele>272.4091796875</ele><time>2019-01-12T03:16:47Z</time></trkpt><trkpt lat="22.42498083" lon="114.17727378"><ele>272.5029296875</ele><time>2019-01-12T03:16:51Z</time></trkpt><trkpt lat="22.42495388" lon="114.17727643"><ele>273.4678955078125</ele><time>2019-01-12T03:16:54Z</time></trkpt><trkpt lat="22.42493236" lon="114.17727706"><ele>275.5667724609375</ele><time>2019-01-12T03:16:56Z</time></trkpt><trkpt lat="22.42490666" lon="114.17727979"><ele>276.499267578125</ele><time>2019-01-12T03:16:58Z</time></trkpt><trkpt lat="22.42488285" lon="114.17728633"><ele>278.0267333984375</ele><time>2019-01-12T03:17:00Z</time></trkpt><trkpt lat="22.42485679" lon="114.17729775"><ele>278.0584716796875</ele><time>2019-01-12T03:17:02Z</time></trkpt><trkpt lat="22.42483796" lon="114.17730537"><ele>276.342041015625</ele><time>2019-01-12T03:17:04Z</time></trkpt><trkpt lat="22.42481671" lon="114.1773136"><ele>277.9129638671875</ele><time>2019-01-12T03:17:07Z</time></trkpt><trkpt lat="22.42479864" lon="114.17732263"><ele>278.64990234375</ele><time>2019-01-12T03:17:09Z</time></trkpt><trkpt lat="22.42477512" lon="114.17732953"><ele>278.33746337890625</ele><time>2019-01-12T03:17:12Z</time></trkpt><trkpt lat="22.42475814" lon="114.17733709"><ele>277.9949951171875</ele><time>2019-01-12T03:17:14Z</time></trkpt><trkpt lat="22.42474299" lon="114.17735423"><ele>278.51116943359375</ele><time>2019-01-12T03:17:16Z</time></trkpt><trkpt lat="22.42472147" lon="114.17736822"><ele>278.4833984375</ele><time>2019-01-12T03:17:19Z</time></trkpt><trkpt lat="22.42470606" lon="114.17737893"><ele>279.7071533203125</ele><time>2019-01-12T03:17:21Z</time></trkpt><trkpt lat="22.42469136" lon="114.17739033"><ele>279.4139404296875</ele><time>2019-01-12T03:17:23Z</time></trkpt><trkpt lat="22.42467594" lon="114.17740302"><ele>280.03094482421875</ele><time>2019-01-12T03:17:25Z</time></trkpt><trkpt lat="22.42465885" lon="114.17741262"><ele>280.70794677734375</ele><time>2019-01-12T03:17:27Z</time></trkpt><trkpt lat="22.42464461" lon="114.17742481"><ele>282.214111328125</ele><time>2019-01-12T03:17:29Z</time></trkpt><trkpt lat="22.42462313" lon="114.17743478"><ele>280.716796875</ele><time>2019-01-12T03:17:36Z</time></trkpt><trkpt lat="22.42460418" lon="114.17744348"><ele>281.72674560546875</ele><time>2019-01-12T03:17:39Z</time></trkpt><trkpt lat="22.42458662" lon="114.17745162"><ele>281.67041015625</ele><time>2019-01-12T03:17:41Z</time></trkpt><trkpt lat="22.4245603" lon="114.17745781"><ele>282.0263671875</ele><time>2019-01-12T03:17:43Z</time></trkpt><trkpt lat="22.4245364" lon="114.17745882"><ele>281.5467529296875</ele><time>2019-01-12T03:17:46Z</time></trkpt><trkpt lat="22.42451806" lon="114.17745327"><ele>283.09027099609375</ele><time>2019-01-12T03:17:49Z</time></trkpt><trkpt lat="22.42449489" lon="114.17745123"><ele>285.575439453125</ele><time>2019-01-12T03:17:54Z</time></trkpt><trkpt lat="22.42447328" lon="114.17744131"><ele>286.44805908203125</ele><time>2019-01-12T03:17:57Z</time></trkpt><trkpt lat="22.42446004" lon="114.17741862"><ele>286.166259765625</ele><time>2019-01-12T03:18:01Z</time></trkpt><trkpt lat="22.42444633" lon="114.17739671"><ele>285.2513427734375</ele><time>2019-01-12T03:18:04Z</time></trkpt><trkpt lat="22.42444429" lon="114.17737311"><ele>284.7581787109375</ele><time>2019-01-12T03:18:07Z</time></trkpt><trkpt lat="22.42443818" lon="114.17735071"><ele>285.2596435546875</ele><time>2019-01-12T03:18:10Z</time></trkpt><trkpt lat="22.42443432" lon="114.17732478"><ele>285.2374267578125</ele><time>2019-01-12T03:18:14Z</time></trkpt><trkpt lat="22.42442415" lon="114.17730811"><ele>283.0491943359375</ele><time>2019-01-12T03:19:38Z</time></trkpt><trkpt lat="22.42439881" lon="114.17730045"><ele>283.06005859375</ele><time>2019-01-12T03:19:40Z</time></trkpt><trkpt lat="22.42438356" lon="114.17728807"><ele>282.39215087890625</ele><time>2019-01-12T03:19:43Z</time></trkpt><trkpt lat="22.42439963" lon="114.17726732"><ele>280.05389404296875</ele><time>2019-01-12T03:19:49Z</time></trkpt><trkpt lat="22.42441833" lon="114.17725171"><ele>279.617431640625</ele><time>2019-01-12T03:19:52Z</time></trkpt><trkpt lat="22.42443939" lon="114.17724623"><ele>280.65765380859375</ele><time>2019-01-12T03:19:55Z</time></trkpt><trkpt lat="22.42445734" lon="114.17725378"><ele>280.8779296875</ele><time>2019-01-12T03:19:57Z</time></trkpt><trkpt lat="22.42447579" lon="114.17723904"><ele>280.744873046875</ele><time>2019-01-12T03:20:06Z</time></trkpt><trkpt lat="22.42448931" lon="114.17722295"><ele>283.91961669921875</ele><time>2019-01-12T03:20:09Z</time></trkpt><trkpt lat="22.42450888" lon="114.17720878"><ele>286.219970703125</ele><time>2019-01-12T03:20:13Z</time></trkpt><trkpt lat="22.42452272" lon="114.17719372"><ele>286.552490234375</ele><time>2019-01-12T03:20:16Z</time></trkpt><trkpt lat="22.42454321" lon="114.17718574"><ele>285.2265625</ele><time>2019-01-12T03:20:19Z</time></trkpt><trkpt lat="22.42456053" lon="114.17717907"><ele>286.58697509765625</ele><time>2019-01-12T03:20:21Z</time></trkpt><trkpt lat="22.42457889" lon="114.17717416"><ele>285.41668701171875</ele><time>2019-01-12T03:20:23Z</time></trkpt><trkpt lat="22.42459687" lon="114.17717229"><ele>288.282958984375</ele><time>2019-01-12T03:20:30Z</time></trkpt><trkpt lat="22.42461845" lon="114.1771637"><ele>289.3699951171875</ele><time>2019-01-12T03:20:35Z</time></trkpt><trkpt lat="22.42463313" lon="114.17715176"><ele>286.81292724609375</ele><time>2019-01-12T03:20:37Z</time></trkpt><trkpt lat="22.42464928" lon="114.17716394"><ele>289.5577392578125</ele><time>2019-01-12T03:20:45Z</time></trkpt><trkpt lat="22.42466766" lon="114.17715428"><ele>288.0789794921875</ele><time>2019-01-12T03:20:53Z</time></trkpt><trkpt lat="22.42468374" lon="114.17714358"><ele>287.63970947265625</ele><time>2019-01-12T03:20:55Z</time></trkpt><trkpt lat="22.42470413" lon="114.17713965"><ele>291.8924560546875</ele><time>2019-01-12T03:20:57Z</time></trkpt><trkpt lat="22.42472996" lon="114.1771384"><ele>295.033203125</ele><time>2019-01-12T03:21:00Z</time></trkpt><trkpt lat="22.4247509" lon="114.17712501"><ele>295.18798828125</ele><time>2019-01-12T03:21:02Z</time></trkpt><trkpt lat="22.42477285" lon="114.17711811"><ele>296.3720703125</ele><time>2019-01-12T03:21:07Z</time></trkpt><trkpt lat="22.42479344" lon="114.17711733"><ele>296.8702392578125</ele><time>2019-01-12T03:21:10Z</time></trkpt><trkpt lat="22.42481196" lon="114.17711922"><ele>296.7840576171875</ele><time>2019-01-12T03:21:16Z</time></trkpt><trkpt lat="22.42483009" lon="114.17712481"><ele>297.862548828125</ele><time>2019-01-12T03:21:20Z</time></trkpt><trkpt lat="22.42485032" lon="114.17711621"><ele>295.320068359375</ele><time>2019-01-12T03:21:23Z</time></trkpt><trkpt lat="22.42486739" lon="114.17710838"><ele>293.645263671875</ele><time>2019-01-12T03:21:28Z</time></trkpt><trkpt lat="22.42488877" lon="114.17710876"><ele>293.7342529296875</ele><time>2019-01-12T03:21:33Z</time></trkpt><trkpt lat="22.42491565" lon="114.17710979"><ele>295.0745849609375</ele><time>2019-01-12T03:21:38Z</time></trkpt><trkpt lat="22.42493885" lon="114.17711526"><ele>293.78271484375</ele><time>2019-01-12T03:21:40Z</time></trkpt><trkpt lat="22.424958" lon="114.17712031"><ele>294.5382080078125</ele><time>2019-01-12T03:21:43Z</time></trkpt><trkpt lat="22.42497924" lon="114.17712285"><ele>294.927978515625</ele><time>2019-01-12T03:21:46Z</time></trkpt><trkpt lat="22.42500557" lon="114.1771197"><ele>292.53564453125</ele><time>2019-01-12T03:21:49Z</time></trkpt><trkpt lat="22.42502375" lon="114.17711516"><ele>291.3809814453125</ele><time>2019-01-12T03:21:51Z</time></trkpt><trkpt lat="22.42504196" lon="114.17711313"><ele>293.68701171875</ele><time>2019-01-12T03:21:53Z</time></trkpt><trkpt lat="22.42505914" lon="114.17710682"><ele>291.923095703125</ele><time>2019-01-12T03:21:55Z</time></trkpt><trkpt lat="22.42507596" lon="114.17709676"><ele>290.587158203125</ele><time>2019-01-12T03:21:58Z</time></trkpt><trkpt lat="22.42509017" lon="114.17708419"><ele>288.874267578125</ele><time>2019-01-12T03:22:04Z</time></trkpt><trkpt lat="22.42510091" lon="114.17706707"><ele>288.453857421875</ele><time>2019-01-12T03:22:07Z</time></trkpt><trkpt lat="22.42512179" lon="114.17705486"><ele>291.103759765625</ele><time>2019-01-12T03:22:11Z</time></trkpt><trkpt lat="22.42514398" lon="114.17705547"><ele>290.989013671875</ele><time>2019-01-12T03:22:15Z</time></trkpt><trkpt lat="22.42516" lon="114.17703517"><ele>286.92523193359375</ele><time>2019-01-12T03:22:21Z</time></trkpt><trkpt lat="22.42517838" lon="114.1770166"><ele>288.0103759765625</ele><time>2019-01-12T03:22:24Z</time></trkpt><trkpt lat="22.42519417" lon="114.1770038"><ele>287.44866943359375</ele><time>2019-01-12T03:22:29Z</time></trkpt><trkpt lat="22.42520845" lon="114.17698226"><ele>288.206787109375</ele><time>2019-01-12T03:22:32Z</time></trkpt><trkpt lat="22.42522409" lon="114.17696143"><ele>290.0162353515625</ele><time>2019-01-12T03:22:35Z</time></trkpt><trkpt lat="22.42524238" lon="114.17694125"><ele>292.1153564453125</ele><time>2019-01-12T03:22:38Z</time></trkpt><trkpt lat="22.42525609" lon="114.17692073"><ele>289.734375</ele><time>2019-01-12T03:22:41Z</time></trkpt><trkpt lat="22.42525367" lon="114.17689926"><ele>291.7255859375</ele><time>2019-01-12T03:22:45Z</time></trkpt><trkpt lat="22.42524677" lon="114.17687869"><ele>293.7308349609375</ele><time>2019-01-12T03:22:48Z</time></trkpt><trkpt lat="22.4252494" lon="114.17685355"><ele>297.3345947265625</ele><time>2019-01-12T03:22:52Z</time></trkpt><trkpt lat="22.42525528" lon="114.17683013"><ele>298.34130859375</ele><time>2019-01-12T03:22:55Z</time></trkpt><trkpt lat="22.42526213" lon="114.1768117"><ele>298.4144287109375</ele><time>2019-01-12T03:22:58Z</time></trkpt><trkpt lat="22.42526783" lon="114.17678786"><ele>296.98980712890625</ele><time>2019-01-12T03:23:02Z</time></trkpt><trkpt lat="22.42528182" lon="114.17676988"><ele>296.4586181640625</ele><time>2019-01-12T03:23:04Z</time></trkpt><trkpt lat="22.42529435" lon="114.17675266"><ele>296.4891357421875</ele><time>2019-01-12T03:23:06Z</time></trkpt><trkpt lat="22.42531275" lon="114.17672991"><ele>295.6009521484375</ele><time>2019-01-12T03:23:09Z</time></trkpt><trkpt lat="22.4253235" lon="114.17671122"><ele>296.35125732421875</ele><time>2019-01-12T03:23:11Z</time></trkpt><trkpt lat="22.42533403" lon="114.17669078"><ele>296.256103515625</ele><time>2019-01-12T03:23:13Z</time></trkpt><trkpt lat="22.42534356" lon="114.17666899"><ele>295.4102783203125</ele><time>2019-01-12T03:23:15Z</time></trkpt><trkpt lat="22.42534441" lon="114.17664773"><ele>294.87664794921875</ele><time>2019-01-12T03:23:18Z</time></trkpt><trkpt lat="22.42534125" lon="114.17662325"><ele>295.5435791015625</ele><time>2019-01-12T03:23:21Z</time></trkpt><trkpt lat="22.42535524" lon="114.17660306"><ele>296.8017578125</ele><time>2019-01-12T03:23:24Z</time></trkpt><trkpt lat="22.425361" lon="114.17658443"><ele>298.81536865234375</ele><time>2019-01-12T03:23:27Z</time></trkpt><trkpt lat="22.42537069" lon="114.17655812"><ele>299.72674560546875</ele><time>2019-01-12T03:23:31Z</time></trkpt><trkpt lat="22.42537126" lon="114.17652876"><ele>303.6861572265625</ele><time>2019-01-12T03:23:35Z</time></trkpt><trkpt lat="22.42536265" lon="114.17650623"><ele>301.285888671875</ele><time>2019-01-12T03:23:37Z</time></trkpt><trkpt lat="22.42536288" lon="114.17648448"><ele>300.530517578125</ele><time>2019-01-12T03:23:39Z</time></trkpt><trkpt lat="22.42536245" lon="114.17645666"><ele>300.678955078125</ele><time>2019-01-12T03:23:42Z</time></trkpt><trkpt lat="22.42536363" lon="114.17643629"><ele>302.52069091796875</ele><time>2019-01-12T03:23:44Z</time></trkpt><trkpt lat="22.42537255" lon="114.17641442"><ele>299.927734375</ele><time>2019-01-12T03:23:48Z</time></trkpt><trkpt lat="22.42537464" lon="114.17638699"><ele>298.4354248046875</ele><time>2019-01-12T03:23:52Z</time></trkpt><trkpt lat="22.42537435" lon="114.17635611"><ele>298.5506591796875</ele><time>2019-01-12T03:23:54Z</time></trkpt><trkpt lat="22.42537509" lon="114.17633033"><ele>298.2554931640625</ele><time>2019-01-12T03:23:56Z</time></trkpt><trkpt lat="22.42537665" lon="114.17630937"><ele>297.95343017578125</ele><time>2019-01-12T03:23:59Z</time></trkpt><trkpt lat="22.42537836" lon="114.1762871"><ele>299.0782470703125</ele><time>2019-01-12T03:24:01Z</time></trkpt><trkpt lat="22.42538263" lon="114.17626362"><ele>298.6568603515625</ele><time>2019-01-12T03:24:05Z</time></trkpt><trkpt lat="22.42538422" lon="114.17624306"><ele>298.29833984375</ele><time>2019-01-12T03:24:08Z</time></trkpt><trkpt lat="22.42538229" lon="114.17621953"><ele>296.889892578125</ele><time>2019-01-12T03:24:11Z</time></trkpt><trkpt lat="22.42538735" lon="114.17619544"><ele>298.46484375</ele><time>2019-01-12T03:24:14Z</time></trkpt><trkpt lat="22.42539496" lon="114.17617302"><ele>299.45556640625</ele><time>2019-01-12T03:24:17Z</time></trkpt><trkpt lat="22.42539809" lon="114.17614556"><ele>300.557373046875</ele><time>2019-01-12T03:24:20Z</time></trkpt><trkpt lat="22.42540547" lon="114.1761227"><ele>300.5172119140625</ele><time>2019-01-12T03:24:23Z</time></trkpt><trkpt lat="22.42541691" lon="114.17610502"><ele>300.12841796875</ele><time>2019-01-12T03:24:26Z</time></trkpt><trkpt lat="22.4254293" lon="114.17608778"><ele>299.84490966796875</ele><time>2019-01-12T03:24:31Z</time></trkpt><trkpt lat="22.42543491" lon="114.17606285"><ele>303.625732421875</ele><time>2019-01-12T03:24:36Z</time></trkpt><trkpt lat="22.42544242" lon="114.17604283"><ele>304.824951171875</ele><time>2019-01-12T03:24:39Z</time></trkpt><trkpt lat="22.42545245" lon="114.17602172"><ele>303.5823974609375</ele><time>2019-01-12T03:24:42Z</time></trkpt><trkpt lat="22.42546493" lon="114.17600763"><ele>302.0361328125</ele><time>2019-01-12T03:24:46Z</time></trkpt><trkpt lat="22.42547408" lon="114.17598848"><ele>302.33306884765625</ele><time>2019-01-12T03:24:49Z</time></trkpt><trkpt lat="22.42548343" lon="114.17596918"><ele>301.96142578125</ele><time>2019-01-12T03:24:52Z</time></trkpt><trkpt lat="22.42550579" lon="114.17596175"><ele>302.3485107421875</ele><time>2019-01-12T03:24:55Z</time></trkpt><trkpt lat="22.42551871" lon="114.17594176"><ele>304.0501708984375</ele><time>2019-01-12T03:24:59Z</time></trkpt><trkpt lat="22.425526" lon="114.17591356"><ele>306.967529296875</ele><time>2019-01-12T03:25:03Z</time></trkpt><trkpt lat="22.42553204" lon="114.17589367"><ele>309.02313232421875</ele><time>2019-01-12T03:25:05Z</time></trkpt><trkpt lat="22.42553955" lon="114.17586931"><ele>310.71728515625</ele><time>2019-01-12T03:25:08Z</time></trkpt><trkpt lat="22.42554183" lon="114.1758494"><ele>309.82421875</ele><time>2019-01-12T03:25:12Z</time></trkpt><trkpt lat="22.42555145" lon="114.17583263"><ele>311.03955078125</ele><time>2019-01-12T03:25:15Z</time></trkpt><trkpt lat="22.42556296" lon="114.17581726"><ele>310.8690185546875</ele><time>2019-01-12T03:25:18Z</time></trkpt><trkpt lat="22.42556716" lon="114.17579289"><ele>308.5223388671875</ele><time>2019-01-12T03:25:21Z</time></trkpt><trkpt lat="22.42557584" lon="114.17577529"><ele>308.82928466796875</ele><time>2019-01-12T03:25:24Z</time></trkpt><trkpt lat="22.42558272" lon="114.17575672"><ele>308.54534912109375</ele><time>2019-01-12T03:25:27Z</time></trkpt><trkpt lat="22.42559672" lon="114.17573992"><ele>309.3756103515625</ele><time>2019-01-12T03:25:31Z</time></trkpt><trkpt lat="22.4256104" lon="114.17571984"><ele>313.086669921875</ele><time>2019-01-12T03:25:34Z</time></trkpt><trkpt lat="22.42563189" lon="114.17570923"><ele>313.22021484375</ele><time>2019-01-12T03:25:38Z</time></trkpt><trkpt lat="22.42564874" lon="114.17569881"><ele>312.8758544921875</ele><time>2019-01-12T03:25:41Z</time></trkpt><trkpt lat="22.42566892" lon="114.17569233"><ele>310.640625</ele><time>2019-01-12T03:25:44Z</time></trkpt><trkpt lat="22.42568676" lon="114.17567865"><ele>308.54052734375</ele><time>2019-01-12T03:25:47Z</time></trkpt><trkpt lat="22.42570172" lon="114.17566058"><ele>308.6898193359375</ele><time>2019-01-12T03:25:50Z</time></trkpt><trkpt lat="22.42571757" lon="114.17564466"><ele>311.0120849609375</ele><time>2019-01-12T03:25:53Z</time></trkpt><trkpt lat="22.42573265" lon="114.17563199"><ele>309.87548828125</ele><time>2019-01-12T03:25:56Z</time></trkpt><trkpt lat="22.4257472" lon="114.17561262"><ele>310.52978515625</ele><time>2019-01-12T03:25:59Z</time></trkpt><trkpt lat="22.4257627" lon="114.17559192"><ele>311.82012939453125</ele><time>2019-01-12T03:26:02Z</time></trkpt><trkpt lat="22.42578157" lon="114.17557391"><ele>309.7149658203125</ele><time>2019-01-12T03:26:05Z</time></trkpt><trkpt lat="22.42579929" lon="114.17556488"><ele>310.37457275390625</ele><time>2019-01-12T03:26:08Z</time></trkpt><trkpt lat="22.4258174" lon="114.17555963"><ele>312.3809814453125</ele><time>2019-01-12T03:26:11Z</time></trkpt><trkpt lat="22.42583491" lon="114.17555107"><ele>312.82696533203125</ele><time>2019-01-12T03:26:14Z</time></trkpt><trkpt lat="22.42585453" lon="114.17553776"><ele>314.5189208984375</ele><time>2019-01-12T03:26:18Z</time></trkpt><trkpt lat="22.42584581" lon="114.17556205"><ele>308.2406005859375</ele><time>2019-01-12T03:26:34Z</time></trkpt><trkpt lat="22.42582761" lon="114.17557691"><ele>309.1212158203125</ele><time>2019-01-12T03:26:36Z</time></trkpt><trkpt lat="22.42580482" lon="114.17558367"><ele>307.3233642578125</ele><time>2019-01-12T03:26:39Z</time></trkpt><trkpt lat="22.42578537" lon="114.17557708"><ele>306.4189453125</ele><time>2019-01-12T03:26:43Z</time></trkpt><trkpt lat="22.42577148" lon="114.17556264"><ele>310.8050537109375</ele><time>2019-01-12T03:26:48Z</time></trkpt><trkpt lat="22.42575923" lon="114.17554576"><ele>311.36474609375</ele><time>2019-01-12T03:26:54Z</time></trkpt><trkpt lat="22.42575208" lon="114.17552731"><ele>312.3997802734375</ele><time>2019-01-12T03:27:01Z</time></trkpt><trkpt lat="22.42573624" lon="114.17551132"><ele>311.5382080078125</ele><time>2019-01-12T03:27:04Z</time></trkpt><trkpt lat="22.4257183" lon="114.17550038"><ele>314.253662109375</ele><time>2019-01-12T03:27:10Z</time></trkpt><trkpt lat="22.42569993" lon="114.17549269"><ele>316.0274658203125</ele><time>2019-01-12T03:27:12Z</time></trkpt><trkpt lat="22.42568003" lon="114.17548546"><ele>311.5938720703125</ele><time>2019-01-12T03:27:16Z</time></trkpt><trkpt lat="22.42566068" lon="114.17547473"><ele>309.253662109375</ele><time>2019-01-12T03:27:19Z</time></trkpt><trkpt lat="22.42563505" lon="114.17546558"><ele>308.678466796875</ele><time>2019-01-12T03:27:21Z</time></trkpt><trkpt lat="22.42561004" lon="114.17545666"><ele>310.58642578125</ele><time>2019-01-12T03:27:24Z</time></trkpt><trkpt lat="22.42558849" lon="114.17544927"><ele>308.623046875</ele><time>2019-01-12T03:27:26Z</time></trkpt><trkpt lat="22.42556491" lon="114.17544855"><ele>311.62744140625</ele><time>2019-01-12T03:27:28Z</time></trkpt><trkpt lat="22.42555416" lon="114.17543274"><ele>315.9844970703125</ele><time>2019-01-12T03:27:32Z</time></trkpt><trkpt lat="22.42553686" lon="114.17542724"><ele>316.4718017578125</ele><time>2019-01-12T03:27:35Z</time></trkpt><trkpt lat="22.4255136" lon="114.17542475"><ele>316.6861572265625</ele><time>2019-01-12T03:27:39Z</time></trkpt><trkpt lat="22.42550474" lon="114.17540607"><ele>316.12738037109375</ele><time>2019-01-12T03:27:46Z</time></trkpt><trkpt lat="22.42549404" lon="114.17538757"><ele>315.0506591796875</ele><time>2019-01-12T03:27:51Z</time></trkpt><trkpt lat="22.42548139" lon="114.1753665"><ele>314.10888671875</ele><time>2019-01-12T03:27:55Z</time></trkpt><trkpt lat="22.42546456" lon="114.17535648"><ele>314.6719970703125</ele><time>2019-01-12T03:27:57Z</time></trkpt><trkpt lat="22.42544934" lon="114.17533333"><ele>311.65838623046875</ele><time>2019-01-12T03:28:00Z</time></trkpt><trkpt lat="22.42543828" lon="114.17531219"><ele>313.5577392578125</ele><time>2019-01-12T03:28:03Z</time></trkpt><trkpt lat="22.4254188" lon="114.17528935"><ele>312.11492919921875</ele><time>2019-01-12T03:28:06Z</time></trkpt><trkpt lat="22.42539536" lon="114.17529564"><ele>315.55987548828125</ele><time>2019-01-12T03:28:09Z</time></trkpt><trkpt lat="22.42538005" lon="114.17527644"><ele>321.5390625</ele><time>2019-01-12T03:28:19Z</time></trkpt><trkpt lat="22.42537053" lon="114.17525214"><ele>320.8280029296875</ele><time>2019-01-12T03:28:22Z</time></trkpt><trkpt lat="22.42535356" lon="114.17522923"><ele>320.6319580078125</ele><time>2019-01-12T03:28:25Z</time></trkpt><trkpt lat="22.42534248" lon="114.17520934"><ele>323.3275146484375</ele><time>2019-01-12T03:28:28Z</time></trkpt><trkpt lat="22.42532833" lon="114.17519451"><ele>323.44580078125</ele><time>2019-01-12T03:28:30Z</time></trkpt><trkpt lat="22.4253062" lon="114.17518795"><ele>324.9617919921875</ele><time>2019-01-12T03:28:32Z</time></trkpt><trkpt lat="22.4252889" lon="114.17516829"><ele>325.88360595703125</ele><time>2019-01-12T03:28:34Z</time></trkpt><trkpt lat="22.42527126" lon="114.17515665"><ele>330.0804443359375</ele><time>2019-01-12T03:28:40Z</time></trkpt><trkpt lat="22.42525738" lon="114.17513324"><ele>331.97021484375</ele><time>2019-01-12T03:28:48Z</time></trkpt><trkpt lat="22.4252398" lon="114.17511551"><ele>333.273193359375</ele><time>2019-01-12T03:28:51Z</time></trkpt><trkpt lat="22.42522109" lon="114.17509635"><ele>334.88916015625</ele><time>2019-01-12T03:28:54Z</time></trkpt><trkpt lat="22.42521174" lon="114.17507853"><ele>333.6466064453125</ele><time>2019-01-12T03:28:56Z</time></trkpt><trkpt lat="22.42520254" lon="114.17505318"><ele>336.42529296875</ele><time>2019-01-12T03:28:59Z</time></trkpt><trkpt lat="22.42518789" lon="114.17502965"><ele>337.1392822265625</ele><time>2019-01-12T03:29:02Z</time></trkpt><trkpt lat="22.42517677" lon="114.17500886"><ele>337.40234375</ele><time>2019-01-12T03:29:05Z</time></trkpt><trkpt lat="22.42516591" lon="114.17498276"><ele>333.00140380859375</ele><time>2019-01-12T03:29:08Z</time></trkpt><trkpt lat="22.42515759" lon="114.1749635"><ele>331.40582275390625</ele><time>2019-01-12T03:29:10Z</time></trkpt><trkpt lat="22.42514871" lon="114.17494536"><ele>331.5198974609375</ele><time>2019-01-12T03:29:12Z</time></trkpt><trkpt lat="22.4251411" lon="114.17492756"><ele>330.9708251953125</ele><time>2019-01-12T03:29:14Z</time></trkpt><trkpt lat="22.42514047" lon="114.17490739"><ele>329.82177734375</ele><time>2019-01-12T03:29:16Z</time></trkpt><trkpt lat="22.42513548" lon="114.17487694"><ele>328.199951171875</ele><time>2019-01-12T03:29:19Z</time></trkpt><trkpt lat="22.42512934" lon="114.17485267"><ele>328.0272216796875</ele><time>2019-01-12T03:29:21Z</time></trkpt><trkpt lat="22.42512381" lon="114.17483115"><ele>327.912353515625</ele><time>2019-01-12T03:29:23Z</time></trkpt><trkpt lat="22.42511796" lon="114.17480729"><ele>326.8035888671875</ele><time>2019-01-12T03:29:25Z</time></trkpt><trkpt lat="22.42511175" lon="114.17478192"><ele>327.7060546875</ele><time>2019-01-12T03:29:28Z</time></trkpt><trkpt lat="22.42511258" lon="114.17476229"><ele>328.7935791015625</ele><time>2019-01-12T03:29:31Z</time></trkpt><trkpt lat="22.42511244" lon="114.17473336"><ele>329.5052490234375</ele><time>2019-01-12T03:29:34Z</time></trkpt><trkpt lat="22.42512006" lon="114.17471356"><ele>331.2763671875</ele><time>2019-01-12T03:29:37Z</time></trkpt><trkpt lat="22.42511034" lon="114.17469086"><ele>330.024169921875</ele><time>2019-01-12T03:29:41Z</time></trkpt><trkpt lat="22.42510892" lon="114.17467131"><ele>329.1829833984375</ele><time>2019-01-12T03:29:44Z</time></trkpt><trkpt lat="22.42511047" lon="114.17464769"><ele>328.54705810546875</ele><time>2019-01-12T03:29:47Z</time></trkpt><trkpt lat="22.42510991" lon="114.17462174"><ele>328.92523193359375</ele><time>2019-01-12T03:29:50Z</time></trkpt><trkpt lat="22.42511456" lon="114.17459627"><ele>325.920166015625</ele><time>2019-01-12T03:29:53Z</time></trkpt><trkpt lat="22.42512277" lon="114.1745743"><ele>325.53509521484375</ele><time>2019-01-12T03:29:55Z</time></trkpt><trkpt lat="22.42512474" lon="114.17454714"><ele>324.6986083984375</ele><time>2019-01-12T03:29:58Z</time></trkpt><trkpt lat="22.42512574" lon="114.17452742"><ele>324.160888671875</ele><time>2019-01-12T03:30:00Z</time></trkpt><trkpt lat="22.42512505" lon="114.1745073"><ele>324.769775390625</ele><time>2019-01-12T03:30:02Z</time></trkpt><trkpt lat="22.42512797" lon="114.17448701"><ele>325.229736328125</ele><time>2019-01-12T03:30:04Z</time></trkpt><trkpt lat="22.42513516" lon="114.17446178"><ele>324.73028564453125</ele><time>2019-01-12T03:30:07Z</time></trkpt><trkpt lat="22.42514183" lon="114.17443949"><ele>323.408203125</ele><time>2019-01-12T03:30:10Z</time></trkpt><trkpt lat="22.42514638" lon="114.1744137"><ele>322.3824462890625</ele><time>2019-01-12T03:30:13Z</time></trkpt><trkpt lat="22.42515209" lon="114.17439298"><ele>322.847900390625</ele><time>2019-01-12T03:30:15Z</time></trkpt><trkpt lat="22.4251731" lon="114.1743981"><ele>324.0491943359375</ele><time>2019-01-12T03:30:18Z</time></trkpt><trkpt lat="22.42517563" lon="114.17442247"><ele>323.9365234375</ele><time>2019-01-12T03:30:20Z</time></trkpt><trkpt lat="22.42516522" lon="114.1744447"><ele>323.1282958984375</ele><time>2019-01-12T03:30:22Z</time></trkpt><trkpt lat="22.42515438" lon="114.17446434"><ele>324.03863525390625</ele><time>2019-01-12T03:30:24Z</time></trkpt><trkpt lat="22.42515014" lon="114.17444458"><ele>325.46728515625</ele><time>2019-01-12T03:31:37Z</time></trkpt><trkpt lat="22.42513738" lon="114.17442936"><ele>325.474609375</ele><time>2019-01-12T03:31:55Z</time></trkpt><trkpt lat="22.42512769" lon="114.17440682"><ele>326.5076904296875</ele><time>2019-01-12T03:32:17Z</time></trkpt><trkpt lat="22.42511199" lon="114.17439194"><ele>326.7064208984375</ele><time>2019-01-12T03:32:21Z</time></trkpt><trkpt lat="22.42512455" lon="114.1743757"><ele>326.56475830078125</ele><time>2019-01-12T03:32:32Z</time></trkpt><trkpt lat="22.42513157" lon="114.1743572"><ele>324.86505126953125</ele><time>2019-01-12T03:32:40Z</time></trkpt><trkpt lat="22.42513358" lon="114.17432485"><ele>325.7333984375</ele><time>2019-01-12T03:32:51Z</time></trkpt><trkpt lat="22.42513786" lon="114.1742962"><ele>326.874267578125</ele><time>2019-01-12T03:32:54Z</time></trkpt><trkpt lat="22.42514246" lon="114.17427351"><ele>325.6116943359375</ele><time>2019-01-12T03:32:56Z</time></trkpt><trkpt lat="22.42514672" lon="114.1742535"><ele>327.270751953125</ele><time>2019-01-12T03:33:00Z</time></trkpt><trkpt lat="22.42515031" lon="114.17423161"><ele>325.70501708984375</ele><time>2019-01-12T03:33:09Z</time></trkpt><trkpt lat="22.42515547" lon="114.17420258"><ele>323.91375732421875</ele><time>2019-01-12T03:33:11Z</time></trkpt><trkpt lat="22.4251598" lon="114.17417283"><ele>322.192626953125</ele><time>2019-01-12T03:33:13Z</time></trkpt><trkpt lat="22.42516039" lon="114.1741502"><ele>321.74169921875</ele><time>2019-01-12T03:33:15Z</time></trkpt><trkpt lat="22.42515844" lon="114.17412541"><ele>321.11279296875</ele><time>2019-01-12T03:33:17Z</time></trkpt><trkpt lat="22.42515514" lon="114.17410073"><ele>321.939453125</ele><time>2019-01-12T03:33:19Z</time></trkpt><trkpt lat="22.42515688" lon="114.17407958"><ele>323.8673095703125</ele><time>2019-01-12T03:33:21Z</time></trkpt><trkpt lat="22.42515687" lon="114.17405457"><ele>322.855224609375</ele><time>2019-01-12T03:33:24Z</time></trkpt><trkpt lat="22.42516519" lon="114.17403527"><ele>321.8917236328125</ele><time>2019-01-12T03:33:27Z</time></trkpt><trkpt lat="22.42518018" lon="114.17401726"><ele>323.614990234375</ele><time>2019-01-12T03:33:30Z</time></trkpt><trkpt lat="22.42519134" lon="114.17400126"><ele>326.440185546875</ele><time>2019-01-12T03:33:34Z</time></trkpt><trkpt lat="22.42519034" lon="114.17398113"><ele>326.580810546875</ele><time>2019-01-12T03:33:37Z</time></trkpt><trkpt lat="22.42518296" lon="114.1739555"><ele>326.98199462890625</ele><time>2019-01-12T03:33:40Z</time></trkpt><trkpt lat="22.42518113" lon="114.1739345"><ele>329.13494873046875</ele><time>2019-01-12T03:33:42Z</time></trkpt><trkpt lat="22.42517485" lon="114.17391532"><ele>329.7198486328125</ele><time>2019-01-12T03:33:44Z</time></trkpt><trkpt lat="22.42517134" lon="114.17389089"><ele>330.6329345703125</ele><time>2019-01-12T03:33:47Z</time></trkpt><trkpt lat="22.42516332" lon="114.17386545"><ele>330.22149658203125</ele><time>2019-01-12T03:33:50Z</time></trkpt><trkpt lat="22.42515485" lon="114.17384439"><ele>330.9482421875</ele><time>2019-01-12T03:33:53Z</time></trkpt><trkpt lat="22.42515131" lon="114.17382402"><ele>331.555419921875</ele><time>2019-01-12T03:33:56Z</time></trkpt><trkpt lat="22.42515439" lon="114.1738013"><ele>332.964599609375</ele><time>2019-01-12T03:33:59Z</time></trkpt><trkpt lat="22.42515695" lon="114.17377986"><ele>336.1434326171875</ele><time>2019-01-12T03:34:01Z</time></trkpt><trkpt lat="22.4251599" lon="114.17375681"><ele>337.041259765625</ele><time>2019-01-12T03:34:04Z</time></trkpt><trkpt lat="22.42516269" lon="114.17373312"><ele>337.65234375</ele><time>2019-01-12T03:34:07Z</time></trkpt><trkpt lat="22.42515742" lon="114.17371418"><ele>336.7540283203125</ele><time>2019-01-12T03:34:10Z</time></trkpt><trkpt lat="22.42514088" lon="114.17369907"><ele>336.96435546875</ele><time>2019-01-12T03:34:15Z</time></trkpt><trkpt lat="22.42511578" lon="114.17368438"><ele>337.50567626953125</ele><time>2019-01-12T03:34:18Z</time></trkpt><trkpt lat="22.42509578" lon="114.17366447"><ele>337.39727783203125</ele><time>2019-01-12T03:34:21Z</time></trkpt><trkpt lat="22.42509142" lon="114.173643"><ele>334.758544921875</ele><time>2019-01-12T03:34:24Z</time></trkpt><trkpt lat="22.42507101" lon="114.17363228"><ele>336.1953125</ele><time>2019-01-12T03:34:27Z</time></trkpt><trkpt lat="22.42505331" lon="114.17362296"><ele>338.23504638671875</ele><time>2019-01-12T03:34:30Z</time></trkpt><trkpt lat="22.42503043" lon="114.17362574"><ele>343.6806640625</ele><time>2019-01-12T03:34:34Z</time></trkpt><trkpt lat="22.4250147" lon="114.17363594"><ele>345.26031494140625</ele><time>2019-01-12T03:34:36Z</time></trkpt><trkpt lat="22.42499703" lon="114.1736522"><ele>345.72564697265625</ele><time>2019-01-12T03:34:38Z</time></trkpt><trkpt lat="22.42497902" lon="114.17367314"><ele>348.0029296875</ele><time>2019-01-12T03:34:40Z</time></trkpt><trkpt lat="22.42496344" lon="114.17368598"><ele>348.3167724609375</ele><time>2019-01-12T03:34:45Z</time></trkpt><trkpt lat="22.42494554" lon="114.17369567"><ele>347.66925048828125</ele><time>2019-01-12T03:34:52Z</time></trkpt><trkpt lat="22.42492187" lon="114.17369408"><ele>346.29443359375</ele><time>2019-01-12T03:34:55Z</time></trkpt><trkpt lat="22.42489798" lon="114.17369784"><ele>346.846435546875</ele><time>2019-01-12T03:34:57Z</time></trkpt><trkpt lat="22.42487945" lon="114.17370692"><ele>349.93414306640625</ele><time>2019-01-12T03:34:59Z</time></trkpt><trkpt lat="22.42485655" lon="114.17371624"><ele>352.5576171875</ele><time>2019-01-12T03:35:01Z</time></trkpt><trkpt lat="22.42483469" lon="114.17371148"><ele>349.3294677734375</ele><time>2019-01-12T03:35:03Z</time></trkpt><trkpt lat="22.42481147" lon="114.17371378"><ele>350.1656494140625</ele><time>2019-01-12T03:35:06Z</time></trkpt><trkpt lat="22.42479517" lon="114.17372795"><ele>350.00482177734375</ele><time>2019-01-12T03:35:08Z</time></trkpt><trkpt lat="22.42478281" lon="114.17374544"><ele>345.40435791015625</ele><time>2019-01-12T03:35:10Z</time></trkpt><trkpt lat="22.42477073" lon="114.17376109"><ele>344.4893798828125</ele><time>2019-01-12T03:35:12Z</time></trkpt><trkpt lat="22.42475523" lon="114.17377818"><ele>343.542236328125</ele><time>2019-01-12T03:35:15Z</time></trkpt><trkpt lat="22.42473719" lon="114.17380038"><ele>346.0869140625</ele><time>2019-01-12T03:35:18Z</time></trkpt><trkpt lat="22.42472115" lon="114.17382186"><ele>346.82763671875</ele><time>2019-01-12T03:35:20Z</time></trkpt><trkpt lat="22.4247017" lon="114.17384329"><ele>346.6331787109375</ele><time>2019-01-12T03:35:23Z</time></trkpt><trkpt lat="22.42469067" lon="114.17386578"><ele>347.5587158203125</ele><time>2019-01-12T03:35:26Z</time></trkpt><trkpt lat="22.42468256" lon="114.17388399"><ele>347.64508056640625</ele><time>2019-01-12T03:35:28Z</time></trkpt><trkpt lat="22.42466945" lon="114.17390466"><ele>349.75830078125</ele><time>2019-01-12T03:35:31Z</time></trkpt><trkpt lat="22.4246524" lon="114.17391463"><ele>349.9818115234375</ele><time>2019-01-12T03:35:33Z</time></trkpt><trkpt lat="22.42463199" lon="114.17392691"><ele>351.89703369140625</ele><time>2019-01-12T03:35:36Z</time></trkpt><trkpt lat="22.42460525" lon="114.17393242"><ele>353.33642578125</ele><time>2019-01-12T03:35:41Z</time></trkpt><trkpt lat="22.42458575" lon="114.17393594"><ele>354.14593505859375</ele><time>2019-01-12T03:35:43Z</time></trkpt><trkpt lat="22.42456611" lon="114.17394181"><ele>354.5186767578125</ele><time>2019-01-12T03:35:45Z</time></trkpt><trkpt lat="22.42453682" lon="114.17394782"><ele>353.7501220703125</ele><time>2019-01-12T03:35:47Z</time></trkpt><trkpt lat="22.42451625" lon="114.17395039"><ele>354.4326171875</ele><time>2019-01-12T03:35:48Z</time></trkpt><trkpt lat="22.42449984" lon="114.17393951"><ele>357.0614013671875</ele><time>2019-01-12T03:35:58Z</time></trkpt><trkpt lat="22.42448216" lon="114.17392975"><ele>357.086669921875</ele><time>2019-01-12T03:36:04Z</time></trkpt><trkpt lat="22.42446065" lon="114.17392287"><ele>359.0850830078125</ele><time>2019-01-12T03:36:06Z</time></trkpt><trkpt lat="22.42443084" lon="114.17391707"><ele>360.73699951171875</ele><time>2019-01-12T03:36:08Z</time></trkpt><trkpt lat="22.42441276" lon="114.17391497"><ele>362.209716796875</ele><time>2019-01-12T03:36:10Z</time></trkpt><trkpt lat="22.42438976" lon="114.17391494"><ele>360.575439453125</ele><time>2019-01-12T03:36:13Z</time></trkpt><trkpt lat="22.42437244" lon="114.17390187"><ele>359.928466796875</ele><time>2019-01-12T03:36:15Z</time></trkpt><trkpt lat="22.42435747" lon="114.17388322"><ele>358.6549072265625</ele><time>2019-01-12T03:36:17Z</time></trkpt><trkpt lat="22.42433632" lon="114.1738698"><ele>360.37860107421875</ele><time>2019-01-12T03:36:19Z</time></trkpt><trkpt lat="22.42431651" lon="114.17385998"><ele>362.11041259765625</ele><time>2019-01-12T03:36:21Z</time></trkpt><trkpt lat="22.42430274" lon="114.1738393"><ele>360.289306640625</ele><time>2019-01-12T03:36:24Z</time></trkpt><trkpt lat="22.42429407" lon="114.17381057"><ele>359.34136962890625</ele><time>2019-01-12T03:36:27Z</time></trkpt><trkpt lat="22.42429246" lon="114.17378971"><ele>362.75140380859375</ele><time>2019-01-12T03:36:30Z</time></trkpt><trkpt lat="22.42427501" lon="114.17377484"><ele>361.248779296875</ele><time>2019-01-12T03:36:35Z</time></trkpt><trkpt lat="22.42426084" lon="114.17375842"><ele>360.40576171875</ele><time>2019-01-12T03:36:37Z</time></trkpt><trkpt lat="22.42423393" lon="114.17374627"><ele>359.953125</ele><time>2019-01-12T03:36:39Z</time></trkpt><trkpt lat="22.42421191" lon="114.17373197"><ele>361.40185546875</ele><time>2019-01-12T03:36:41Z</time></trkpt><trkpt lat="22.42419809" lon="114.1737137"><ele>362.04925537109375</ele><time>2019-01-12T03:36:43Z</time></trkpt><trkpt lat="22.42418753" lon="114.17369323"><ele>362.653076171875</ele><time>2019-01-12T03:36:45Z</time></trkpt><trkpt lat="22.42418517" lon="114.17367291"><ele>363.36798095703125</ele><time>2019-01-12T03:36:47Z</time></trkpt><trkpt lat="22.42417635" lon="114.17365139"><ele>364.896240234375</ele><time>2019-01-12T03:36:49Z</time></trkpt><trkpt lat="22.42416038" lon="114.17363072"><ele>365.294677734375</ele><time>2019-01-12T03:36:52Z</time></trkpt><trkpt lat="22.42414719" lon="114.1736172"><ele>364.3709716796875</ele><time>2019-01-12T03:36:54Z</time></trkpt><trkpt lat="22.42413737" lon="114.17359968"><ele>363.55615234375</ele><time>2019-01-12T03:36:57Z</time></trkpt><trkpt lat="22.42411708" lon="114.17358457"><ele>360.5350341796875</ele><time>2019-01-12T03:37:00Z</time></trkpt><trkpt lat="22.42410013" lon="114.17357454"><ele>359.61474609375</ele><time>2019-01-12T03:37:02Z</time></trkpt><trkpt lat="22.42407766" lon="114.17356698"><ele>361.310791015625</ele><time>2019-01-12T03:37:04Z</time></trkpt><trkpt lat="22.42405089" lon="114.17356079"><ele>361.522216796875</ele><time>2019-01-12T03:37:06Z</time></trkpt><trkpt lat="22.42402336" lon="114.17355433"><ele>365.58465576171875</ele><time>2019-01-12T03:37:08Z</time></trkpt><trkpt lat="22.42399767" lon="114.17354764"><ele>364.2099609375</ele><time>2019-01-12T03:37:10Z</time></trkpt><trkpt lat="22.42397047" lon="114.1735441"><ele>363.9337158203125</ele><time>2019-01-12T03:37:12Z</time></trkpt><trkpt lat="22.42395231" lon="114.17354523"><ele>362.11627197265625</ele><time>2019-01-12T03:37:14Z</time></trkpt><trkpt lat="22.42393112" lon="114.17353825"><ele>360.60919189453125</ele><time>2019-01-12T03:37:16Z</time></trkpt><trkpt lat="22.42391082" lon="114.17352641"><ele>360.201904296875</ele><time>2019-01-12T03:37:19Z</time></trkpt><trkpt lat="22.42389238" lon="114.17352019"><ele>360.6165771484375</ele><time>2019-01-12T03:37:21Z</time></trkpt><trkpt lat="22.42387005" lon="114.17350869"><ele>359.71044921875</ele><time>2019-01-12T03:37:24Z</time></trkpt><trkpt lat="22.42385052" lon="114.17350267"><ele>359.6973876953125</ele><time>2019-01-12T03:37:26Z</time></trkpt><trkpt lat="22.42384544" lon="114.17348227"><ele>358.42572021484375</ele><time>2019-01-12T03:37:32Z</time></trkpt><trkpt lat="22.42382733" lon="114.17346889"><ele>356.5478515625</ele><time>2019-01-12T03:37:36Z</time></trkpt><trkpt lat="22.42381015" lon="114.17345883"><ele>356.4169921875</ele><time>2019-01-12T03:37:38Z</time></trkpt><trkpt lat="22.42379167" lon="114.1734475"><ele>356.918212890625</ele><time>2019-01-12T03:37:40Z</time></trkpt><trkpt lat="22.42377342" lon="114.17343566"><ele>354.7637939453125</ele><time>2019-01-12T03:37:42Z</time></trkpt><trkpt lat="22.4237612" lon="114.17341993"><ele>355.5279541015625</ele><time>2019-01-12T03:37:45Z</time></trkpt><trkpt lat="22.42374176" lon="114.17341055"><ele>355.49530029296875</ele><time>2019-01-12T03:37:50Z</time></trkpt><trkpt lat="22.42371746" lon="114.17341091"><ele>355.2783203125</ele><time>2019-01-12T03:37:52Z</time></trkpt><trkpt lat="22.42369107" lon="114.17341234"><ele>353.981689453125</ele><time>2019-01-12T03:37:55Z</time></trkpt><trkpt lat="22.42366369" lon="114.17341991"><ele>356.1680908203125</ele><time>2019-01-12T03:37:58Z</time></trkpt><trkpt lat="22.42364334" lon="114.17342337"><ele>355.7930908203125</ele><time>2019-01-12T03:38:01Z</time></trkpt><trkpt lat="22.4236246" lon="114.17343138"><ele>353.14373779296875</ele><time>2019-01-12T03:38:51Z</time></trkpt><trkpt lat="22.42360245" lon="114.173439"><ele>353.284423828125</ele><time>2019-01-12T03:38:56Z</time></trkpt><trkpt lat="22.42358098" lon="114.17343208"><ele>353.7718505859375</ele><time>2019-01-12T03:38:58Z</time></trkpt><trkpt lat="22.42356085" lon="114.17343474"><ele>352.84429931640625</ele><time>2019-01-12T03:39:00Z</time></trkpt><trkpt lat="22.4235418" lon="114.17344449"><ele>354.6341552734375</ele><time>2019-01-12T03:39:03Z</time></trkpt><trkpt lat="22.42352179" lon="114.17346688"><ele>356.944580078125</ele><time>2019-01-12T03:39:06Z</time></trkpt><trkpt lat="22.42350558" lon="114.17348417"><ele>357.615966796875</ele><time>2019-01-12T03:39:08Z</time></trkpt><trkpt lat="22.42349159" lon="114.17350522"><ele>357.6546630859375</ele><time>2019-01-12T03:39:11Z</time></trkpt><trkpt lat="22.42347838" lon="114.1735186"><ele>353.462890625</ele><time>2019-01-12T03:39:13Z</time></trkpt><trkpt lat="22.42345676" lon="114.17352726"><ele>352.8125</ele><time>2019-01-12T03:39:15Z</time></trkpt><trkpt lat="22.4234329" lon="114.17354161"><ele>350.4716796875</ele><time>2019-01-12T03:39:19Z</time></trkpt><trkpt lat="22.42341353" lon="114.173549"><ele>350.4564208984375</ele><time>2019-01-12T03:39:22Z</time></trkpt><trkpt lat="22.42339569" lon="114.17355307"><ele>349.2576904296875</ele><time>2019-01-12T03:39:24Z</time></trkpt><trkpt lat="22.42337782" lon="114.17356116"><ele>347.7557373046875</ele><time>2019-01-12T03:39:26Z</time></trkpt><trkpt lat="22.42335671" lon="114.1735756"><ele>345.5361328125</ele><time>2019-01-12T03:39:29Z</time></trkpt><trkpt lat="22.42334284" lon="114.17359043"><ele>347.03118896484375</ele><time>2019-01-12T03:39:38Z</time></trkpt><trkpt lat="22.42332448" lon="114.17359723"><ele>348.1148681640625</ele><time>2019-01-12T03:39:49Z</time></trkpt><trkpt lat="22.4233032" lon="114.17361938"><ele>355.1458740234375</ele><time>2019-01-12T03:39:52Z</time></trkpt><trkpt lat="22.42328331" lon="114.17363722"><ele>354.54931640625</ele><time>2019-01-12T03:39:54Z</time></trkpt><trkpt lat="22.42325914" lon="114.17365425"><ele>355.577880859375</ele><time>2019-01-12T03:39:56Z</time></trkpt><trkpt lat="22.42324334" lon="114.17366491"><ele>356.216064453125</ele><time>2019-01-12T03:39:57Z</time></trkpt><trkpt lat="22.42321573" lon="114.17368421"><ele>357.044921875</ele><time>2019-01-12T03:39:59Z</time></trkpt><trkpt lat="22.42319266" lon="114.17370342"><ele>356.26806640625</ele><time>2019-01-12T03:40:01Z</time></trkpt><trkpt lat="22.42317481" lon="114.17372446"><ele>356.951416015625</ele><time>2019-01-12T03:40:03Z</time></trkpt><trkpt lat="22.4231575" lon="114.17374343"><ele>356.825927734375</ele><time>2019-01-12T03:40:05Z</time></trkpt><trkpt lat="22.42313969" lon="114.17375448"><ele>355.78717041015625</ele><time>2019-01-12T03:40:07Z</time></trkpt><trkpt lat="22.42311935" lon="114.17376655"><ele>356.1512451171875</ele><time>2019-01-12T03:40:09Z</time></trkpt><trkpt lat="22.42309635" lon="114.17378118"><ele>356.4246826171875</ele><time>2019-01-12T03:40:12Z</time></trkpt><trkpt lat="22.42307432" lon="114.17378811"><ele>356.337890625</ele><time>2019-01-12T03:40:14Z</time></trkpt><trkpt lat="22.42305569" lon="114.17380509"><ele>355.32305908203125</ele><time>2019-01-12T03:40:17Z</time></trkpt><trkpt lat="22.42303783" lon="114.17381685"><ele>355.5439453125</ele><time>2019-01-12T03:40:20Z</time></trkpt><trkpt lat="22.42301226" lon="114.17382396"><ele>358.4144287109375</ele><time>2019-01-12T03:40:23Z</time></trkpt><trkpt lat="22.42299003" lon="114.17383053"><ele>356.9564208984375</ele><time>2019-01-12T03:40:27Z</time></trkpt><trkpt lat="22.42296476" lon="114.17384112"><ele>359.12646484375</ele><time>2019-01-12T03:40:30Z</time></trkpt><trkpt lat="22.4229511" lon="114.1738557"><ele>358.31622314453125</ele><time>2019-01-12T03:40:37Z</time></trkpt><trkpt lat="22.42293192" lon="114.17386271"><ele>359.40191650390625</ele><time>2019-01-12T03:40:44Z</time></trkpt><trkpt lat="22.42291416" lon="114.17387215"><ele>360.1065673828125</ele><time>2019-01-12T03:40:48Z</time></trkpt><trkpt lat="22.42289256" lon="114.17387636"><ele>359.56268310546875</ele><time>2019-01-12T03:40:51Z</time></trkpt><trkpt lat="22.42287654" lon="114.173886"><ele>362.58734130859375</ele><time>2019-01-12T03:40:53Z</time></trkpt><trkpt lat="22.42285567" lon="114.17389175"><ele>365.0048828125</ele><time>2019-01-12T03:40:55Z</time></trkpt><trkpt lat="22.42283212" lon="114.17389429"><ele>367.5299072265625</ele><time>2019-01-12T03:40:57Z</time></trkpt><trkpt lat="22.42281294" lon="114.17390371"><ele>369.7950439453125</ele><time>2019-01-12T03:41:00Z</time></trkpt><trkpt lat="22.42279055" lon="114.17390923"><ele>371.079833984375</ele><time>2019-01-12T03:41:03Z</time></trkpt><trkpt lat="22.42276238" lon="114.17390607"><ele>373.0289306640625</ele><time>2019-01-12T03:41:05Z</time></trkpt><trkpt lat="22.42274071" lon="114.17389126"><ele>371.19384765625</ele><time>2019-01-12T03:41:09Z</time></trkpt><trkpt lat="22.42271989" lon="114.17388465"><ele>372.8525390625</ele><time>2019-01-12T03:41:12Z</time></trkpt><trkpt lat="22.42269839" lon="114.17387617"><ele>371.462646484375</ele><time>2019-01-12T03:41:14Z</time></trkpt><trkpt lat="22.42267208" lon="114.17387076"><ele>375.9866943359375</ele><time>2019-01-12T03:41:17Z</time></trkpt><trkpt lat="22.42264642" lon="114.17387131"><ele>373.255126953125</ele><time>2019-01-12T03:41:19Z</time></trkpt><trkpt lat="22.42262858" lon="114.17387994"><ele>371.8775634765625</ele><time>2019-01-12T03:41:24Z</time></trkpt><trkpt lat="22.42262712" lon="114.1738597"><ele>370.16455078125</ele><time>2019-01-12T03:41:31Z</time></trkpt><trkpt lat="22.42260992" lon="114.17385157"><ele>370.307861328125</ele><time>2019-01-12T03:41:38Z</time></trkpt><trkpt lat="22.42259104" lon="114.17383066"><ele>369.56060791015625</ele><time>2019-01-12T03:41:41Z</time></trkpt><trkpt lat="22.42258037" lon="114.1738068"><ele>368.1143798828125</ele><time>2019-01-12T03:41:44Z</time></trkpt><trkpt lat="22.42256505" lon="114.17378704"><ele>371.30291748046875</ele><time>2019-01-12T03:41:47Z</time></trkpt><trkpt lat="22.4225486" lon="114.17377007"><ele>368.764892578125</ele><time>2019-01-12T03:41:50Z</time></trkpt><trkpt lat="22.42253826" lon="114.17375271"><ele>364.6373291015625</ele><time>2019-01-12T03:41:52Z</time></trkpt><trkpt lat="22.42251612" lon="114.17372793"><ele>358.4617919921875</ele><time>2019-01-12T03:41:54Z</time></trkpt><trkpt lat="22.42250233" lon="114.17371276"><ele>356.81103515625</ele><time>2019-01-12T03:41:55Z</time></trkpt><trkpt lat="22.42248945" lon="114.17369601"><ele>356.3214111328125</ele><time>2019-01-12T03:41:56Z</time></trkpt><trkpt lat="22.422467" lon="114.17367266"><ele>356.3896484375</ele><time>2019-01-12T03:41:58Z</time></trkpt><trkpt lat="22.4224518" lon="114.17364844"><ele>356.869140625</ele><time>2019-01-12T03:42:00Z</time></trkpt><trkpt lat="22.42244088" lon="114.17363108"><ele>354.5748291015625</ele><time>2019-01-12T03:42:02Z</time></trkpt><trkpt lat="22.42244217" lon="114.17360756"><ele>357.45709228515625</ele><time>2019-01-12T03:42:05Z</time></trkpt><trkpt lat="22.42244065" lon="114.17358383"><ele>358.9739990234375</ele><time>2019-01-12T03:42:08Z</time></trkpt><trkpt lat="22.42242467" lon="114.17357416"><ele>360.0262451171875</ele><time>2019-01-12T03:42:14Z</time></trkpt><trkpt lat="22.42242191" lon="114.17354949"><ele>363.110595703125</ele><time>2019-01-12T03:42:17Z</time></trkpt><trkpt lat="22.42241927" lon="114.17352703"><ele>362.81182861328125</ele><time>2019-01-12T03:42:19Z</time></trkpt><trkpt lat="22.42241946" lon="114.17350671"><ele>363.563232421875</ele><time>2019-01-12T03:42:21Z</time></trkpt><trkpt lat="22.42242151" lon="114.1734797"><ele>362.2542724609375</ele><time>2019-01-12T03:42:24Z</time></trkpt><trkpt lat="22.42241594" lon="114.17345705"><ele>362.65576171875</ele><time>2019-01-12T03:42:27Z</time></trkpt><trkpt lat="22.42242045" lon="114.17343472"><ele>365.9078369140625</ele><time>2019-01-12T03:42:30Z</time></trkpt><trkpt lat="22.42242883" lon="114.17341473"><ele>369.8858642578125</ele><time>2019-01-12T03:42:33Z</time></trkpt><trkpt lat="22.42243048" lon="114.1733896"><ele>369.615966796875</ele><time>2019-01-12T03:42:36Z</time></trkpt><trkpt lat="22.42242259" lon="114.17336946"><ele>369.3009033203125</ele><time>2019-01-12T03:42:38Z</time></trkpt><trkpt lat="22.42240889" lon="114.17335513"><ele>370.67724609375</ele><time>2019-01-12T03:42:41Z</time></trkpt><trkpt lat="22.42240336" lon="114.1733352"><ele>371.2698974609375</ele><time>2019-01-12T03:42:43Z</time></trkpt><trkpt lat="22.42239701" lon="114.17331235"><ele>372.6497802734375</ele><time>2019-01-12T03:42:46Z</time></trkpt><trkpt lat="22.42238805" lon="114.17329051"><ele>373.7952880859375</ele><time>2019-01-12T03:42:49Z</time></trkpt><trkpt lat="22.42238635" lon="114.17326191"><ele>374.2392578125</ele><time>2019-01-12T03:42:52Z</time></trkpt><trkpt lat="22.42239928" lon="114.17323967"><ele>377.155517578125</ele><time>2019-01-12T03:42:55Z</time></trkpt><trkpt lat="22.42239176" lon="114.17321448"><ele>378.560546875</ele><time>2019-01-12T03:42:58Z</time></trkpt><trkpt lat="22.42237481" lon="114.1731992"><ele>377.7330322265625</ele><time>2019-01-12T03:43:00Z</time></trkpt><trkpt lat="22.42235937" lon="114.17318297"><ele>377.18121337890625</ele><time>2019-01-12T03:43:02Z</time></trkpt><trkpt lat="22.42233878" lon="114.17316563"><ele>379.1248779296875</ele><time>2019-01-12T03:43:05Z</time></trkpt><trkpt lat="22.42232567" lon="114.17314775"><ele>377.2684326171875</ele><time>2019-01-12T03:43:07Z</time></trkpt><trkpt lat="22.42230597" lon="114.17312979"><ele>378.392333984375</ele><time>2019-01-12T03:43:10Z</time></trkpt><trkpt lat="22.42228826" lon="114.17312006"><ele>379.77655029296875</ele><time>2019-01-12T03:43:12Z</time></trkpt><trkpt lat="22.42226908" lon="114.17310997"><ele>379.2518310546875</ele><time>2019-01-12T03:43:15Z</time></trkpt><trkpt lat="22.42224669" lon="114.17310421"><ele>379.17181396484375</ele><time>2019-01-12T03:43:17Z</time></trkpt><trkpt lat="22.42222465" lon="114.17309024"><ele>376.88177490234375</ele><time>2019-01-12T03:43:20Z</time></trkpt><trkpt lat="22.42220472" lon="114.17308007"><ele>377.76318359375</ele><time>2019-01-12T03:43:23Z</time></trkpt><trkpt lat="22.42218213" lon="114.1730681"><ele>378.2117919921875</ele><time>2019-01-12T03:43:30Z</time></trkpt><trkpt lat="22.42216258" lon="114.1730585"><ele>377.630859375</ele><time>2019-01-12T03:43:32Z</time></trkpt><trkpt lat="22.42214622" lon="114.17303923"><ele>376.369384765625</ele><time>2019-01-12T03:43:34Z</time></trkpt><trkpt lat="22.42213317" lon="114.1730251"><ele>378.496826171875</ele><time>2019-01-12T03:43:36Z</time></trkpt><trkpt lat="22.42210573" lon="114.17301996"><ele>376.4844970703125</ele><time>2019-01-12T03:43:38Z</time></trkpt><trkpt lat="22.42208481" lon="114.17301833"><ele>375.3350830078125</ele><time>2019-01-12T03:43:40Z</time></trkpt><trkpt lat="22.42205978" lon="114.17301026"><ele>372.9765625</ele><time>2019-01-12T03:43:43Z</time></trkpt><trkpt lat="22.42204142" lon="114.17300955"><ele>374.80181884765625</ele><time>2019-01-12T03:43:45Z</time></trkpt><trkpt lat="22.4220233" lon="114.1730035"><ele>374.11370849609375</ele><time>2019-01-12T03:43:48Z</time></trkpt><trkpt lat="22.42199809" lon="114.17299913"><ele>376.0499267578125</ele><time>2019-01-12T03:43:51Z</time></trkpt><trkpt lat="22.42197605" lon="114.17300202"><ele>376.5828857421875</ele><time>2019-01-12T03:43:53Z</time></trkpt><trkpt lat="22.42194933" lon="114.17299996"><ele>376.37579345703125</ele><time>2019-01-12T03:43:56Z</time></trkpt><trkpt lat="22.42192862" lon="114.17299586"><ele>375.2666015625</ele><time>2019-01-12T03:43:58Z</time></trkpt><trkpt lat="22.42190245" lon="114.17299316"><ele>375.1597900390625</ele><time>2019-01-12T03:44:00Z</time></trkpt><trkpt lat="22.42188463" lon="114.17298621"><ele>373.8931884765625</ele><time>2019-01-12T03:44:03Z</time></trkpt><trkpt lat="22.42186013" lon="114.17299183"><ele>375.17828369140625</ele><time>2019-01-12T03:44:06Z</time></trkpt><trkpt lat="22.42183715" lon="114.17299441"><ele>376.33746337890625</ele><time>2019-01-12T03:44:09Z</time></trkpt><trkpt lat="22.42180906" lon="114.17300031"><ele>377.3970947265625</ele><time>2019-01-12T03:44:12Z</time></trkpt><trkpt lat="22.42178436" lon="114.17300882"><ele>378.08245849609375</ele><time>2019-01-12T03:44:14Z</time></trkpt><trkpt lat="22.42175736" lon="114.17301264"><ele>378.00762939453125</ele><time>2019-01-12T03:44:16Z</time></trkpt><trkpt lat="22.42174512" lon="114.17302822"><ele>377.3836669921875</ele><time>2019-01-12T03:44:21Z</time></trkpt><trkpt lat="22.42172685" lon="114.17303234"><ele>379.154541015625</ele><time>2019-01-12T03:44:29Z</time></trkpt><trkpt lat="22.4217084" lon="114.17302693"><ele>378.9344482421875</ele><time>2019-01-12T03:44:34Z</time></trkpt><trkpt lat="22.42168984" lon="114.17300844"><ele>375.63037109375</ele><time>2019-01-12T03:44:37Z</time></trkpt><trkpt lat="22.42168387" lon="114.17298806"><ele>376.5723876953125</ele><time>2019-01-12T03:44:39Z</time></trkpt><trkpt lat="22.42166964" lon="114.17297118"><ele>371.83935546875</ele><time>2019-01-12T03:44:43Z</time></trkpt><trkpt lat="22.42165399" lon="114.17295595"><ele>373.965576171875</ele><time>2019-01-12T03:44:46Z</time></trkpt><trkpt lat="22.42164889" lon="114.17293339"><ele>374.86767578125</ele><time>2019-01-12T03:44:50Z</time></trkpt><trkpt lat="22.4216418" lon="114.17291483"><ele>376.8289794921875</ele><time>2019-01-12T03:44:53Z</time></trkpt><trkpt lat="22.42162856" lon="114.17290166"><ele>378.00146484375</ele><time>2019-01-12T03:45:20Z</time></trkpt><trkpt lat="22.42162929" lon="114.17288069"><ele>376.656982421875</ele><time>2019-01-12T03:45:22Z</time></trkpt><trkpt lat="22.42163443" lon="114.17285986"><ele>373.4652099609375</ele><time>2019-01-12T03:45:25Z</time></trkpt><trkpt lat="22.42164449" lon="114.172837"><ele>372.5205078125</ele><time>2019-01-12T03:45:28Z</time></trkpt><trkpt lat="22.42164796" lon="114.1728179"><ele>371.6007080078125</ele><time>2019-01-12T03:45:30Z</time></trkpt><trkpt lat="22.42164808" lon="114.17279574"><ele>370.63653564453125</ele><time>2019-01-12T03:45:33Z</time></trkpt><trkpt lat="22.42164671" lon="114.17277616"><ele>372.13995361328125</ele><time>2019-01-12T03:45:43Z</time></trkpt><trkpt lat="22.42165242" lon="114.17274854"><ele>376.60394287109375</ele><time>2019-01-12T03:45:51Z</time></trkpt><trkpt lat="22.42166484" lon="114.17273109"><ele>377.57275390625</ele><time>2019-01-12T03:45:54Z</time></trkpt><trkpt lat="22.42166919" lon="114.17271221"><ele>377.7293701171875</ele><time>2019-01-12T03:45:59Z</time></trkpt><trkpt lat="22.42167198" lon="114.17269123"><ele>378.650390625</ele><time>2019-01-12T03:46:05Z</time></trkpt><trkpt lat="22.42168979" lon="114.17267792"><ele>378.39447021484375</ele><time>2019-01-12T03:46:08Z</time></trkpt><trkpt lat="22.42169708" lon="114.17265373"><ele>377.07293701171875</ele><time>2019-01-12T03:46:11Z</time></trkpt><trkpt lat="22.42169339" lon="114.1726315"><ele>380.090576171875</ele><time>2019-01-12T03:46:13Z</time></trkpt><trkpt lat="22.42169659" lon="114.17260646"><ele>377.8333740234375</ele><time>2019-01-12T03:46:15Z</time></trkpt><trkpt lat="22.42171758" lon="114.17258831"><ele>377.7305908203125</ele><time>2019-01-12T03:46:17Z</time></trkpt><trkpt lat="22.42173685" lon="114.17256907"><ele>377.58154296875</ele><time>2019-01-12T03:46:19Z</time></trkpt><trkpt lat="22.4217441" lon="114.17255023"><ele>379.04449462890625</ele><time>2019-01-12T03:46:21Z</time></trkpt><trkpt lat="22.42175114" lon="114.17252914"><ele>379.86541748046875</ele><time>2019-01-12T03:46:25Z</time></trkpt><trkpt lat="22.4217506" lon="114.17250656"><ele>379.094482421875</ele><time>2019-01-12T03:46:28Z</time></trkpt><trkpt lat="22.42176232" lon="114.17249152"><ele>379.19482421875</ele><time>2019-01-12T03:46:31Z</time></trkpt><trkpt lat="22.42175531" lon="114.17247271"><ele>380.100341796875</ele><time>2019-01-12T03:46:33Z</time></trkpt><trkpt lat="22.42176143" lon="114.1724517"><ele>380.27838134765625</ele><time>2019-01-12T03:46:37Z</time></trkpt><trkpt lat="22.42175279" lon="114.1724288"><ele>381.57135009765625</ele><time>2019-01-12T03:46:44Z</time></trkpt><trkpt lat="22.42175152" lon="114.17240773"><ele>381.9886474609375</ele><time>2019-01-12T03:46:47Z</time></trkpt><trkpt lat="22.42176224" lon="114.17238278"><ele>384.3045654296875</ele><time>2019-01-12T03:46:50Z</time></trkpt><trkpt lat="22.42176308" lon="114.17236281"><ele>386.1986083984375</ele><time>2019-01-12T03:46:52Z</time></trkpt><trkpt lat="22.42176132" lon="114.1723354"><ele>387.68731689453125</ele><time>2019-01-12T03:46:54Z</time></trkpt><trkpt lat="22.42175356" lon="114.17230511"><ele>387.556396484375</ele><time>2019-01-12T03:46:56Z</time></trkpt><trkpt lat="22.42175754" lon="114.17227648"><ele>387.2940673828125</ele><time>2019-01-12T03:46:58Z</time></trkpt><trkpt lat="22.42176224" lon="114.17225714"><ele>387.103515625</ele><time>2019-01-12T03:46:59Z</time></trkpt><trkpt lat="22.42176236" lon="114.17222694"><ele>388.6866455078125</ele><time>2019-01-12T03:47:01Z</time></trkpt><trkpt lat="22.42177255" lon="114.17220786"><ele>392.6683349609375</ele><time>2019-01-12T03:47:05Z</time></trkpt><trkpt lat="22.42176437" lon="114.17218434"><ele>392.218017578125</ele><time>2019-01-12T03:47:09Z</time></trkpt><trkpt lat="22.42176437" lon="114.17216293"><ele>391.3480224609375</ele><time>2019-01-12T03:47:11Z</time></trkpt><trkpt lat="22.42174823" lon="114.17214203"><ele>390.66705322265625</ele><time>2019-01-12T03:47:18Z</time></trkpt><trkpt lat="22.42174217" lon="114.17210587"><ele>389.98236083984375</ele><time>2019-01-12T03:47:20Z</time></trkpt><trkpt lat="22.42173427" lon="114.17208476"><ele>392.4716796875</ele><time>2019-01-12T03:47:22Z</time></trkpt><trkpt lat="22.42172419" lon="114.1720678"><ele>394.38458251953125</ele><time>2019-01-12T03:47:24Z</time></trkpt><trkpt lat="22.42170632" lon="114.17205393"><ele>395.046630859375</ele><time>2019-01-12T03:47:27Z</time></trkpt><trkpt lat="22.4216913" lon="114.17203957"><ele>395.4295654296875</ele><time>2019-01-12T03:47:29Z</time></trkpt><trkpt lat="22.42166889" lon="114.17203412"><ele>395.335693359375</ele><time>2019-01-12T03:47:32Z</time></trkpt><trkpt lat="22.42164764" lon="114.17203296"><ele>396.5032958984375</ele><time>2019-01-12T03:47:35Z</time></trkpt><trkpt lat="22.42162955" lon="114.17202295"><ele>395.2994384765625</ele><time>2019-01-12T03:47:38Z</time></trkpt><trkpt lat="22.42161125" lon="114.17202233"><ele>396.17755126953125</ele><time>2019-01-12T03:47:40Z</time></trkpt><trkpt lat="22.42158559" lon="114.1720272"><ele>395.9622802734375</ele><time>2019-01-12T03:47:44Z</time></trkpt><trkpt lat="22.4215654" lon="114.17203229"><ele>395.23388671875</ele><time>2019-01-12T03:47:46Z</time></trkpt><trkpt lat="22.42154208" lon="114.17203633"><ele>394.6165771484375</ele><time>2019-01-12T03:47:49Z</time></trkpt><trkpt lat="22.42152106" lon="114.17203011"><ele>393.569580078125</ele><time>2019-01-12T03:47:52Z</time></trkpt><trkpt lat="22.42151458" lon="114.17200755"><ele>391.6864013671875</ele><time>2019-01-12T03:47:56Z</time></trkpt><trkpt lat="22.42150178" lon="114.17199287"><ele>389.1094970703125</ele><time>2019-01-12T03:47:59Z</time></trkpt><trkpt lat="22.42148603" lon="114.17198349"><ele>388.980712890625</ele><time>2019-01-12T03:48:02Z</time></trkpt><trkpt lat="22.42146619" lon="114.1719722"><ele>386.97528076171875</ele><time>2019-01-12T03:48:06Z</time></trkpt><trkpt lat="22.42144643" lon="114.17195864"><ele>391.3056640625</ele><time>2019-01-12T03:48:13Z</time></trkpt><trkpt lat="22.42143001" lon="114.17194041"><ele>391.64886474609375</ele><time>2019-01-12T03:48:17Z</time></trkpt><trkpt lat="22.42140206" lon="114.17193103"><ele>393.57464599609375</ele><time>2019-01-12T03:48:19Z</time></trkpt><trkpt lat="22.42138244" lon="114.17192411"><ele>390.125732421875</ele><time>2019-01-12T03:48:21Z</time></trkpt><trkpt lat="22.42136452" lon="114.17191587"><ele>388.52362060546875</ele><time>2019-01-12T03:48:23Z</time></trkpt><trkpt lat="22.42133721" lon="114.17191194"><ele>389.130859375</ele><time>2019-01-12T03:48:25Z</time></trkpt><trkpt lat="22.42131218" lon="114.171905"><ele>389.28680419921875</ele><time>2019-01-12T03:48:27Z</time></trkpt><trkpt lat="22.42129822" lon="114.17189025"><ele>389.0294189453125</ele><time>2019-01-12T03:48:31Z</time></trkpt><trkpt lat="22.42127448" lon="114.17188107"><ele>394.232421875</ele><time>2019-01-12T03:48:34Z</time></trkpt><trkpt lat="22.42125385" lon="114.17187045"><ele>393.4739990234375</ele><time>2019-01-12T03:48:38Z</time></trkpt><trkpt lat="22.42125122" lon="114.17184784"><ele>388.38623046875</ele><time>2019-01-12T03:48:41Z</time></trkpt><trkpt lat="22.42123373" lon="114.1718362"><ele>386.1160888671875</ele><time>2019-01-12T03:48:45Z</time></trkpt><trkpt lat="22.42122715" lon="114.17181454"><ele>387.8914794921875</ele><time>2019-01-12T03:48:48Z</time></trkpt><trkpt lat="22.42122586" lon="114.17178891"><ele>388.77960205078125</ele><time>2019-01-12T03:48:51Z</time></trkpt><trkpt lat="22.42123013" lon="114.171761"><ele>388.51763916015625</ele><time>2019-01-12T03:48:54Z</time></trkpt><trkpt lat="22.42122978" lon="114.17173459"><ele>388.76434326171875</ele><time>2019-01-12T03:48:57Z</time></trkpt><trkpt lat="22.42122203" lon="114.17171588"><ele>387.0426025390625</ele><time>2019-01-12T03:48:59Z</time></trkpt><trkpt lat="22.42121784" lon="114.17168529"><ele>388.40496826171875</ele><time>2019-01-12T03:49:02Z</time></trkpt><trkpt lat="22.42121011" lon="114.17166259"><ele>387.656494140625</ele><time>2019-01-12T03:49:06Z</time></trkpt><trkpt lat="22.42120689" lon="114.17164209"><ele>388.39349365234375</ele><time>2019-01-12T03:49:09Z</time></trkpt><trkpt lat="22.42119974" lon="114.17161839"><ele>389.6588134765625</ele><time>2019-01-12T03:49:12Z</time></trkpt><trkpt lat="22.42119044" lon="114.17160138"><ele>390.052978515625</ele><time>2019-01-12T03:49:15Z</time></trkpt><trkpt lat="22.42119585" lon="114.1715784"><ele>390.0994873046875</ele><time>2019-01-12T03:49:18Z</time></trkpt><trkpt lat="22.4212057" lon="114.17155275"><ele>387.3094482421875</ele><time>2019-01-12T03:49:21Z</time></trkpt><trkpt lat="22.42121622" lon="114.1715334"><ele>386.7620849609375</ele><time>2019-01-12T03:49:23Z</time></trkpt><trkpt lat="22.42122595" lon="114.17151148"><ele>388.3525390625</ele><time>2019-01-12T03:49:26Z</time></trkpt><trkpt lat="22.42122544" lon="114.17148527"><ele>387.835205078125</ele><time>2019-01-12T03:49:28Z</time></trkpt><trkpt lat="22.42123867" lon="114.17146186"><ele>388.7481689453125</ele><time>2019-01-12T03:49:32Z</time></trkpt><trkpt lat="22.42125295" lon="114.17144353"><ele>387.1483154296875</ele><time>2019-01-12T03:49:35Z</time></trkpt><trkpt lat="22.42125938" lon="114.17142501"><ele>386.34271240234375</ele><time>2019-01-12T03:49:38Z</time></trkpt><trkpt lat="22.42126221" lon="114.17140273"><ele>387.240234375</ele><time>2019-01-12T03:49:43Z</time></trkpt><trkpt lat="22.42126317" lon="114.17138019"><ele>389.41534423828125</ele><time>2019-01-12T03:49:46Z</time></trkpt><trkpt lat="22.42127478" lon="114.17135836"><ele>389.2904052734375</ele><time>2019-01-12T03:49:50Z</time></trkpt><trkpt lat="22.42127033" lon="114.17133613"><ele>391.54150390625</ele><time>2019-01-12T03:49:54Z</time></trkpt><trkpt lat="22.42126304" lon="114.17131281"><ele>392.15155029296875</ele><time>2019-01-12T03:49:57Z</time></trkpt><trkpt lat="22.42125479" lon="114.17129516"><ele>392.02001953125</ele><time>2019-01-12T03:49:59Z</time></trkpt><trkpt lat="22.42124972" lon="114.17127172"><ele>392.26336669921875</ele><time>2019-01-12T03:50:02Z</time></trkpt><trkpt lat="22.42124506" lon="114.17125204"><ele>394.9671630859375</ele><time>2019-01-12T03:50:05Z</time></trkpt><trkpt lat="22.42123349" lon="114.17123514"><ele>395.4063720703125</ele><time>2019-01-12T03:50:09Z</time></trkpt><trkpt lat="22.4212237" lon="114.17121422"><ele>397.71588134765625</ele><time>2019-01-12T03:50:13Z</time></trkpt><trkpt lat="22.42120771" lon="114.17119795"><ele>396.965087890625</ele><time>2019-01-12T03:50:16Z</time></trkpt><trkpt lat="22.42119897" lon="114.17117843"><ele>395.5035400390625</ele><time>2019-01-12T03:50:19Z</time></trkpt><trkpt lat="22.42119605" lon="114.17115247"><ele>397.0047607421875</ele><time>2019-01-12T03:50:23Z</time></trkpt><trkpt lat="22.4211922" lon="114.17113046"><ele>395.81878662109375</ele><time>2019-01-12T03:50:26Z</time></trkpt><trkpt lat="22.42118502" lon="114.17111084"><ele>396.3778076171875</ele><time>2019-01-12T03:50:30Z</time></trkpt><trkpt lat="22.42119072" lon="114.17109048"><ele>395.3515625</ele><time>2019-01-12T03:50:36Z</time></trkpt><trkpt lat="22.42118208" lon="114.17106463"><ele>397.50933837890625</ele><time>2019-01-12T03:50:47Z</time></trkpt><trkpt lat="22.42117016" lon="114.1710468"><ele>399.58367919921875</ele><time>2019-01-12T03:50:52Z</time></trkpt><trkpt lat="22.42115866" lon="114.17102236"><ele>400.6370849609375</ele><time>2019-01-12T03:50:56Z</time></trkpt><trkpt lat="22.42114998" lon="114.17100341"><ele>399.99249267578125</ele><time>2019-01-12T03:50:58Z</time></trkpt><trkpt lat="22.4211461" lon="114.17098352"><ele>400.28021240234375</ele><time>2019-01-12T03:51:00Z</time></trkpt><trkpt lat="22.42113852" lon="114.17095914"><ele>398.35400390625</ele><time>2019-01-12T03:51:02Z</time></trkpt><trkpt lat="22.42113181" lon="114.1709396"><ele>400.318359375</ele><time>2019-01-12T03:51:05Z</time></trkpt><trkpt lat="22.42112549" lon="114.17092014"><ele>399.0418701171875</ele><time>2019-01-12T03:51:10Z</time></trkpt><trkpt lat="22.42111851" lon="114.17090096"><ele>396.791259765625</ele><time>2019-01-12T03:51:13Z</time></trkpt><trkpt lat="22.42111232" lon="114.1708786"><ele>396.5150146484375</ele><time>2019-01-12T03:51:16Z</time></trkpt><trkpt lat="22.42110229" lon="114.17085963"><ele>396.386962890625</ele><time>2019-01-12T03:51:20Z</time></trkpt><trkpt lat="22.42109653" lon="114.17083904"><ele>396.09149169921875</ele><time>2019-01-12T03:51:25Z</time></trkpt><trkpt lat="22.42109212" lon="114.17081454"><ele>396.3487548828125</ele><time>2019-01-12T03:51:29Z</time></trkpt><trkpt lat="22.42108529" lon="114.17079434"><ele>396.874755859375</ele><time>2019-01-12T03:51:32Z</time></trkpt><trkpt lat="22.42107229" lon="114.17077477"><ele>394.99072265625</ele><time>2019-01-12T03:51:35Z</time></trkpt><trkpt lat="22.42106106" lon="114.17075192"><ele>394.98028564453125</ele><time>2019-01-12T03:51:38Z</time></trkpt><trkpt lat="22.42104601" lon="114.17072876"><ele>394.0362548828125</ele><time>2019-01-12T03:51:41Z</time></trkpt><trkpt lat="22.42103081" lon="114.17070929"><ele>396.89801025390625</ele><time>2019-01-12T03:51:44Z</time></trkpt><trkpt lat="22.42101782" lon="114.17069204"><ele>397.781982421875</ele><time>2019-01-12T03:51:47Z</time></trkpt><trkpt lat="22.42100505" lon="114.17067644"><ele>397.4478759765625</ele><time>2019-01-12T03:51:54Z</time></trkpt><trkpt lat="22.42097967" lon="114.1706679"><ele>398.9910888671875</ele><time>2019-01-12T03:51:57Z</time></trkpt><trkpt lat="22.42095994" lon="114.17066162"><ele>397.1378173828125</ele><time>2019-01-12T03:51:59Z</time></trkpt><trkpt lat="22.42093773" lon="114.17065831"><ele>397.93115234375</ele><time>2019-01-12T03:52:01Z</time></trkpt><trkpt lat="22.42091458" lon="114.1706459"><ele>398.3629150390625</ele><time>2019-01-12T03:52:04Z</time></trkpt><trkpt lat="22.42090317" lon="114.17062346"><ele>397.553466796875</ele><time>2019-01-12T03:52:06Z</time></trkpt><trkpt lat="22.42088986" lon="114.17060243"><ele>399.78350830078125</ele><time>2019-01-12T03:52:09Z</time></trkpt><trkpt lat="22.42087429" lon="114.17058451"><ele>401.6571044921875</ele><time>2019-01-12T03:52:12Z</time></trkpt><trkpt lat="22.42085775" lon="114.17056709"><ele>402.48876953125</ele><time>2019-01-12T03:52:15Z</time></trkpt><trkpt lat="22.4208355" lon="114.17055146"><ele>401.9833984375</ele><time>2019-01-12T03:52:17Z</time></trkpt><trkpt lat="22.42081113" lon="114.17053838"><ele>403.3236083984375</ele><time>2019-01-12T03:52:19Z</time></trkpt><trkpt lat="22.42079027" lon="114.17052082"><ele>406.7723388671875</ele><time>2019-01-12T03:52:22Z</time></trkpt><trkpt lat="22.42077195" lon="114.17051618"><ele>409.11053466796875</ele><time>2019-01-12T03:52:24Z</time></trkpt><trkpt lat="22.42075289" lon="114.17051848"><ele>409.63055419921875</ele><time>2019-01-12T03:52:26Z</time></trkpt><trkpt lat="22.4207321" lon="114.17051661"><ele>411.3946533203125</ele><time>2019-01-12T03:52:28Z</time></trkpt><trkpt lat="22.42070823" lon="114.17052024"><ele>413.1134033203125</ele><time>2019-01-12T03:52:30Z</time></trkpt><trkpt lat="22.42069083" lon="114.17052544"><ele>414.39599609375</ele><time>2019-01-12T03:52:33Z</time></trkpt><trkpt lat="22.42067278" lon="114.1705195"><ele>415.2322998046875</ele><time>2019-01-12T03:52:39Z</time></trkpt><trkpt lat="22.42065198" lon="114.17051352"><ele>415.4483642578125</ele><time>2019-01-12T03:52:43Z</time></trkpt><trkpt lat="22.42063462" lon="114.1705218"><ele>413.3992919921875</ele><time>2019-01-12T03:52:49Z</time></trkpt><trkpt lat="22.42062731" lon="114.17053966"><ele>409.1275634765625</ele><time>2019-01-12T03:52:56Z</time></trkpt><trkpt lat="22.42060614" lon="114.17055263"><ele>411.7869873046875</ele><time>2019-01-12T03:53:22Z</time></trkpt><trkpt lat="22.42058091" lon="114.17054847"><ele>411.52984619140625</ele><time>2019-01-12T03:53:26Z</time></trkpt><trkpt lat="22.42055473" lon="114.17054298"><ele>409.657470703125</ele><time>2019-01-12T03:53:32Z</time></trkpt><trkpt lat="22.42053547" lon="114.17054357"><ele>409.2763671875</ele><time>2019-01-12T03:53:35Z</time></trkpt><trkpt lat="22.4205114" lon="114.17054463"><ele>409.48760986328125</ele><time>2019-01-12T03:53:39Z</time></trkpt><trkpt lat="22.42048615" lon="114.17054989"><ele>410.29296875</ele><time>2019-01-12T03:53:41Z</time></trkpt><trkpt lat="22.42046101" lon="114.1705554"><ele>411.69189453125</ele><time>2019-01-12T03:53:43Z</time></trkpt><trkpt lat="22.42043853" lon="114.17055979"><ele>411.8209228515625</ele><time>2019-01-12T03:53:45Z</time></trkpt><trkpt lat="22.42041606" lon="114.17055911"><ele>412.2320556640625</ele><time>2019-01-12T03:53:47Z</time></trkpt><trkpt lat="22.42039129" lon="114.17055606"><ele>413.641845703125</ele><time>2019-01-12T03:53:50Z</time></trkpt><trkpt lat="22.42036937" lon="114.17056539"><ele>414.1788330078125</ele><time>2019-01-12T03:53:53Z</time></trkpt><trkpt lat="22.42034974" lon="114.17057477"><ele>413.19744873046875</ele><time>2019-01-12T03:53:57Z</time></trkpt><trkpt lat="22.42032694" lon="114.17058002"><ele>412.6685791015625</ele><time>2019-01-12T03:54:00Z</time></trkpt><trkpt lat="22.42030741" lon="114.17058483"><ele>413.8485107421875</ele><time>2019-01-12T03:54:03Z</time></trkpt><trkpt lat="22.42028737" lon="114.17058886"><ele>414.93115234375</ele><time>2019-01-12T03:54:06Z</time></trkpt><trkpt lat="22.42025956" lon="114.1705915"><ele>417.28338623046875</ele><time>2019-01-12T03:54:09Z</time></trkpt><trkpt lat="22.42023556" lon="114.17059581"><ele>418.20068359375</ele><time>2019-01-12T03:54:11Z</time></trkpt><trkpt lat="22.42021603" lon="114.17060194"><ele>419.15875244140625</ele><time>2019-01-12T03:54:14Z</time></trkpt><trkpt lat="22.42019403" lon="114.17060853"><ele>418.47454833984375</ele><time>2019-01-12T03:54:17Z</time></trkpt><trkpt lat="22.42017272" lon="114.17061183"><ele>417.04071044921875</ele><time>2019-01-12T03:54:20Z</time></trkpt><trkpt lat="22.42014524" lon="114.17061733"><ele>417.0994873046875</ele><time>2019-01-12T03:54:23Z</time></trkpt><trkpt lat="22.42012088" lon="114.17061989"><ele>417.1455078125</ele><time>2019-01-12T03:54:26Z</time></trkpt><trkpt lat="22.42009766" lon="114.17062134"><ele>416.845947265625</ele><time>2019-01-12T03:54:29Z</time></trkpt><trkpt lat="22.42007847" lon="114.1706248"><ele>415.5733642578125</ele><time>2019-01-12T03:54:33Z</time></trkpt><trkpt lat="22.42005342" lon="114.17062927"><ele>415.955322265625</ele><time>2019-01-12T03:54:36Z</time></trkpt><trkpt lat="22.42003361" lon="114.17062874"><ele>416.68426513671875</ele><time>2019-01-12T03:54:39Z</time></trkpt><trkpt lat="22.42000964" lon="114.1706287"><ele>416.8267822265625</ele><time>2019-01-12T03:54:43Z</time></trkpt><trkpt lat="22.41999029" lon="114.1706307"><ele>416.20343017578125</ele><time>2019-01-12T03:54:49Z</time></trkpt><trkpt lat="22.41997072" lon="114.17063204"><ele>417.14111328125</ele><time>2019-01-12T03:54:52Z</time></trkpt><trkpt lat="22.41995267" lon="114.17063159"><ele>416.64263916015625</ele><time>2019-01-12T03:54:56Z</time></trkpt><trkpt lat="22.41992976" lon="114.17063154"><ele>416.41705322265625</ele><time>2019-01-12T03:54:59Z</time></trkpt><trkpt lat="22.41990675" lon="114.17063368"><ele>416.560546875</ele><time>2019-01-12T03:55:02Z</time></trkpt><trkpt lat="22.41988599" lon="114.17063647"><ele>416.0738525390625</ele><time>2019-01-12T03:55:04Z</time></trkpt><trkpt lat="22.41986645" lon="114.17063929"><ele>416.69482421875</ele><time>2019-01-12T03:55:06Z</time></trkpt><trkpt lat="22.4198431" lon="114.17064416"><ele>414.563720703125</ele><time>2019-01-12T03:55:08Z</time></trkpt><trkpt lat="22.4198172" lon="114.17064785"><ele>413.47161865234375</ele><time>2019-01-12T03:55:11Z</time></trkpt><trkpt lat="22.41979011" lon="114.17064895"><ele>412.465576171875</ele><time>2019-01-12T03:55:14Z</time></trkpt><trkpt lat="22.41977092" lon="114.1706509"><ele>411.44775390625</ele><time>2019-01-12T03:55:16Z</time></trkpt><trkpt lat="22.41975215" lon="114.17065669"><ele>411.2490234375</ele><time>2019-01-12T03:55:18Z</time></trkpt><trkpt lat="22.41973223" lon="114.1706628"><ele>409.5357666015625</ele><time>2019-01-12T03:55:20Z</time></trkpt><trkpt lat="22.41971369" lon="114.1706663"><ele>409.532470703125</ele><time>2019-01-12T03:55:22Z</time></trkpt><trkpt lat="22.41969055" lon="114.17066486"><ele>408.045654296875</ele><time>2019-01-12T03:55:25Z</time></trkpt><trkpt lat="22.41966902" lon="114.1706628"><ele>407.95770263671875</ele><time>2019-01-12T03:55:29Z</time></trkpt><trkpt lat="22.41964509" lon="114.17066216"><ele>406.510009765625</ele><time>2019-01-12T03:55:32Z</time></trkpt><trkpt lat="22.41961843" lon="114.17066408"><ele>409.1102294921875</ele><time>2019-01-12T03:55:35Z</time></trkpt><trkpt lat="22.41959405" lon="114.17066444"><ele>409.6688232421875</ele><time>2019-01-12T03:55:38Z</time></trkpt><trkpt lat="22.41957551" lon="114.17066479"><ele>409.98486328125</ele><time>2019-01-12T03:55:42Z</time></trkpt><trkpt lat="22.41954962" lon="114.1706573"><ele>412.150390625</ele><time>2019-01-12T03:55:47Z</time></trkpt><trkpt lat="22.41953077" lon="114.17064475"><ele>416.22357177734375</ele><time>2019-01-12T03:55:50Z</time></trkpt><trkpt lat="22.41950963" lon="114.17063645"><ele>417.68341064453125</ele><time>2019-01-12T03:55:53Z</time></trkpt><trkpt lat="22.41949236" lon="114.17062113"><ele>417.243896484375</ele><time>2019-01-12T03:55:56Z</time></trkpt><trkpt lat="22.41947168" lon="114.170605"><ele>414.93780517578125</ele><time>2019-01-12T03:55:59Z</time></trkpt><trkpt lat="22.41945497" lon="114.17059406"><ele>413.431884765625</ele><time>2019-01-12T03:56:01Z</time></trkpt><trkpt lat="22.41943463" lon="114.17058536"><ele>412.792724609375</ele><time>2019-01-12T03:56:03Z</time></trkpt><trkpt lat="22.41941274" lon="114.17057907"><ele>411.99560546875</ele><time>2019-01-12T03:56:05Z</time></trkpt><trkpt lat="22.41938896" lon="114.17057412"><ele>411.01336669921875</ele><time>2019-01-12T03:56:07Z</time></trkpt><trkpt lat="22.41936717" lon="114.17056526"><ele>410.40740966796875</ele><time>2019-01-12T03:56:09Z</time></trkpt><trkpt lat="22.41934846" lon="114.17055713"><ele>410.25103759765625</ele><time>2019-01-12T03:56:11Z</time></trkpt><trkpt lat="22.41932254" lon="114.17054353"><ele>410.9556884765625</ele><time>2019-01-12T03:56:14Z</time></trkpt><trkpt lat="22.41930011" lon="114.17053335"><ele>410.58514404296875</ele><time>2019-01-12T03:56:16Z</time></trkpt><trkpt lat="22.41928204" lon="114.1705283"><ele>409.58831787109375</ele><time>2019-01-12T03:56:18Z</time></trkpt><trkpt lat="22.4192628" lon="114.17052381"><ele>409.7530517578125</ele><time>2019-01-12T03:56:20Z</time></trkpt><trkpt lat="22.41924111" lon="114.1705201"><ele>409.28662109375</ele><time>2019-01-12T03:56:22Z</time></trkpt><trkpt lat="22.41921931" lon="114.1705183"><ele>408.29803466796875</ele><time>2019-01-12T03:56:24Z</time></trkpt><trkpt lat="22.41919957" lon="114.17051597"><ele>408.13916015625</ele><time>2019-01-12T03:56:26Z</time></trkpt><trkpt lat="22.41917856" lon="114.1705127"><ele>407.65692138671875</ele><time>2019-01-12T03:56:28Z</time></trkpt><trkpt lat="22.41915781" lon="114.17050596"><ele>407.7938232421875</ele><time>2019-01-12T03:56:30Z</time></trkpt><trkpt lat="22.41914004" lon="114.17049972"><ele>408.448974609375</ele><time>2019-01-12T03:56:32Z</time></trkpt><trkpt lat="22.41912231" lon="114.17049464"><ele>408.486572265625</ele><time>2019-01-12T03:56:34Z</time></trkpt><trkpt lat="22.41910351" lon="114.17048951"><ele>408.092529296875</ele><time>2019-01-12T03:56:36Z</time></trkpt><trkpt lat="22.41908622" lon="114.17048358"><ele>407.0897216796875</ele><time>2019-01-12T03:56:38Z</time></trkpt><trkpt lat="22.41906703" lon="114.17047891"><ele>407.24072265625</ele><time>2019-01-12T03:56:40Z</time></trkpt><trkpt lat="22.41904723" lon="114.170478"><ele>409.16790771484375</ele><time>2019-01-12T03:56:42Z</time></trkpt><trkpt lat="22.41902496" lon="114.1704734"><ele>410.1826171875</ele><time>2019-01-12T03:56:45Z</time></trkpt><trkpt lat="22.41900725" lon="114.17046864"><ele>410.24603271484375</ele><time>2019-01-12T03:56:48Z</time></trkpt><trkpt lat="22.41898741" lon="114.17046618"><ele>409.32470703125</ele><time>2019-01-12T03:56:51Z</time></trkpt><trkpt lat="22.41896717" lon="114.17046901"><ele>413.3270263671875</ele><time>2019-01-12T03:56:55Z</time></trkpt><trkpt lat="22.41894765" lon="114.1704656"><ele>412.3704833984375</ele><time>2019-01-12T03:57:00Z</time></trkpt><trkpt lat="22.41892439" lon="114.17046998"><ele>410.30487060546875</ele><time>2019-01-12T03:57:16Z</time></trkpt><trkpt lat="22.41890223" lon="114.17047584"><ele>411.19287109375</ele><time>2019-01-12T03:57:19Z</time></trkpt><trkpt lat="22.41887946" lon="114.17048843"><ele>412.356689453125</ele><time>2019-01-12T03:57:22Z</time></trkpt><trkpt lat="22.41885914" lon="114.17049952"><ele>413.94873046875</ele><time>2019-01-12T03:57:24Z</time></trkpt><trkpt lat="22.41883671" lon="114.17050763"><ele>416.1143798828125</ele><time>2019-01-12T03:57:27Z</time></trkpt><trkpt lat="22.41881312" lon="114.17051674"><ele>414.342041015625</ele><time>2019-01-12T03:57:30Z</time></trkpt><trkpt lat="22.41879124" lon="114.17052565"><ele>415.0230712890625</ele><time>2019-01-12T03:57:32Z</time></trkpt><trkpt lat="22.41877187" lon="114.170531"><ele>415.54010009765625</ele><time>2019-01-12T03:57:35Z</time></trkpt><trkpt lat="22.41875629" lon="114.17054173"><ele>415.91314697265625</ele><time>2019-01-12T03:57:37Z</time></trkpt><trkpt lat="22.41873908" lon="114.17054814"><ele>415.364990234375</ele><time>2019-01-12T03:57:39Z</time></trkpt><trkpt lat="22.41871523" lon="114.17055745"><ele>416.61572265625</ele><time>2019-01-12T03:57:42Z</time></trkpt><trkpt lat="22.41868996" lon="114.17056354"><ele>415.6890869140625</ele><time>2019-01-12T03:57:45Z</time></trkpt><trkpt lat="22.41866726" lon="114.17056812"><ele>414.87646484375</ele><time>2019-01-12T03:57:48Z</time></trkpt><trkpt lat="22.41864952" lon="114.17057275"><ele>417.241943359375</ele><time>2019-01-12T03:57:50Z</time></trkpt><trkpt lat="22.41862539" lon="114.1705734"><ele>418.8692626953125</ele><time>2019-01-12T03:57:53Z</time></trkpt><trkpt lat="22.41860655" lon="114.17056783"><ele>418.5787353515625</ele><time>2019-01-12T03:57:56Z</time></trkpt><trkpt lat="22.41858278" lon="114.17056763"><ele>416.9676513671875</ele><time>2019-01-12T03:58:00Z</time></trkpt><trkpt lat="22.41856406" lon="114.1705687"><ele>417.648193359375</ele><time>2019-01-12T03:58:02Z</time></trkpt><trkpt lat="22.41854584" lon="114.1705693"><ele>417.8477783203125</ele><time>2019-01-12T03:58:05Z</time></trkpt><trkpt lat="22.41852431" lon="114.17056806"><ele>416.556884765625</ele><time>2019-01-12T03:58:08Z</time></trkpt><trkpt lat="22.41850314" lon="114.1705691"><ele>417.64794921875</ele><time>2019-01-12T03:58:10Z</time></trkpt><trkpt lat="22.41848509" lon="114.17056618"><ele>417.6771240234375</ele><time>2019-01-12T03:58:13Z</time></trkpt><trkpt lat="22.41846285" lon="114.17055611"><ele>416.302001953125</ele><time>2019-01-12T03:58:16Z</time></trkpt><trkpt lat="22.41843977" lon="114.1705547"><ele>415.1253662109375</ele><time>2019-01-12T03:58:18Z</time></trkpt><trkpt lat="22.41841483" lon="114.17056033"><ele>415.952880859375</ele><time>2019-01-12T03:58:20Z</time></trkpt><trkpt lat="22.41839559" lon="114.17056462"><ele>416.06298828125</ele><time>2019-01-12T03:58:22Z</time></trkpt><trkpt lat="22.41836749" lon="114.1705642"><ele>414.4654541015625</ele><time>2019-01-12T03:58:25Z</time></trkpt><trkpt lat="22.41834725" lon="114.17055979"><ele>413.23468017578125</ele><time>2019-01-12T03:58:28Z</time></trkpt><trkpt lat="22.41832121" lon="114.17056018"><ele>413.0135498046875</ele><time>2019-01-12T03:58:31Z</time></trkpt><trkpt lat="22.41830054" lon="114.17056196"><ele>413.14990234375</ele><time>2019-01-12T03:58:33Z</time></trkpt><trkpt lat="22.41827748" lon="114.17056658"><ele>413.0045166015625</ele><time>2019-01-12T03:58:35Z</time></trkpt><trkpt lat="22.41825744" lon="114.17057031"><ele>414.0574951171875</ele><time>2019-01-12T03:58:37Z</time></trkpt><trkpt lat="22.41823813" lon="114.17057327"><ele>414.08984375</ele><time>2019-01-12T03:58:39Z</time></trkpt><trkpt lat="22.41821404" lon="114.17057687"><ele>413.8702392578125</ele><time>2019-01-12T03:58:41Z</time></trkpt><trkpt lat="22.4181955" lon="114.17058437"><ele>413.556396484375</ele><time>2019-01-12T03:58:43Z</time></trkpt><trkpt lat="22.41817076" lon="114.17059813"><ele>414.448974609375</ele><time>2019-01-12T03:58:46Z</time></trkpt><trkpt lat="22.41815146" lon="114.17060687"><ele>414.03765869140625</ele><time>2019-01-12T03:58:48Z</time></trkpt><trkpt lat="22.41812667" lon="114.1706167"><ele>414.26470947265625</ele><time>2019-01-12T03:58:51Z</time></trkpt><trkpt lat="22.41810273" lon="114.17062274"><ele>412.740478515625</ele><time>2019-01-12T03:58:54Z</time></trkpt><trkpt lat="22.41808185" lon="114.17063135"><ele>411.8184814453125</ele><time>2019-01-12T03:58:57Z</time></trkpt><trkpt lat="22.41806069" lon="114.17064561"><ele>410.8585205078125</ele><time>2019-01-12T03:59:00Z</time></trkpt><trkpt lat="22.41803578" lon="114.17065756"><ele>411.07330322265625</ele><time>2019-01-12T03:59:03Z</time></trkpt><trkpt lat="22.41801443" lon="114.17066835"><ele>411.6407470703125</ele><time>2019-01-12T03:59:06Z</time></trkpt><trkpt lat="22.41799726" lon="114.17067852"><ele>412.77459716796875</ele><time>2019-01-12T03:59:08Z</time></trkpt><trkpt lat="22.41797817" lon="114.1706902"><ele>413.0982666015625</ele><time>2019-01-12T03:59:10Z</time></trkpt><trkpt lat="22.41795595" lon="114.17070306"><ele>412.6800537109375</ele><time>2019-01-12T03:59:13Z</time></trkpt><trkpt lat="22.41793887" lon="114.17071517"><ele>412.7694091796875</ele><time>2019-01-12T03:59:15Z</time></trkpt><trkpt lat="22.41792248" lon="114.17072549"><ele>413.035888671875</ele><time>2019-01-12T03:59:17Z</time></trkpt><trkpt lat="22.41790596" lon="114.1707349"><ele>412.3427734375</ele><time>2019-01-12T03:59:19Z</time></trkpt><trkpt lat="22.41788248" lon="114.17074521"><ele>413.3297119140625</ele><time>2019-01-12T03:59:22Z</time></trkpt><trkpt lat="22.41785943" lon="114.17075999"><ele>415.1826171875</ele><time>2019-01-12T03:59:25Z</time></trkpt><trkpt lat="22.41784318" lon="114.17077189"><ele>417.6124267578125</ele><time>2019-01-12T03:59:27Z</time></trkpt><trkpt lat="22.41782534" lon="114.17077882"><ele>419.99566650390625</ele><time>2019-01-12T03:59:29Z</time></trkpt><trkpt lat="22.41780146" lon="114.17078618"><ele>421.0640869140625</ele><time>2019-01-12T03:59:32Z</time></trkpt><trkpt lat="22.41778262" lon="114.17079572"><ele>419.432861328125</ele><time>2019-01-12T03:59:34Z</time></trkpt><trkpt lat="22.41776491" lon="114.17080143"><ele>419.30615234375</ele><time>2019-01-12T03:59:36Z</time></trkpt><trkpt lat="22.41774584" lon="114.17080385"><ele>419.26318359375</ele><time>2019-01-12T03:59:38Z</time></trkpt><trkpt lat="22.4177281" lon="114.17080803"><ele>421.03778076171875</ele><time>2019-01-12T03:59:40Z</time></trkpt><trkpt lat="22.41770464" lon="114.17081568"><ele>420.8623046875</ele><time>2019-01-12T03:59:43Z</time></trkpt><trkpt lat="22.41768392" lon="114.17082223"><ele>420.6282958984375</ele><time>2019-01-12T03:59:45Z</time></trkpt><trkpt lat="22.4176643" lon="114.17082991"><ele>422.1654052734375</ele><time>2019-01-12T03:59:47Z</time></trkpt><trkpt lat="22.41764652" lon="114.17083669"><ele>421.4287109375</ele><time>2019-01-12T03:59:49Z</time></trkpt><trkpt lat="22.4176287" lon="114.17084097"><ele>421.602783203125</ele><time>2019-01-12T03:59:51Z</time></trkpt><trkpt lat="22.41760824" lon="114.17084418"><ele>421.52099609375</ele><time>2019-01-12T03:59:53Z</time></trkpt><trkpt lat="22.41758361" lon="114.17084539"><ele>423.1773681640625</ele><time>2019-01-12T03:59:56Z</time></trkpt><trkpt lat="22.41756096" lon="114.17085033"><ele>422.9989013671875</ele><time>2019-01-12T03:59:58Z</time></trkpt><trkpt lat="22.41754276" lon="114.17084935"><ele>421.5595703125</ele><time>2019-01-12T04:00:00Z</time></trkpt><trkpt lat="22.41751968" lon="114.17084512"><ele>420.6728515625</ele><time>2019-01-12T04:00:03Z</time></trkpt><trkpt lat="22.41749563" lon="114.17084402"><ele>419.2918701171875</ele><time>2019-01-12T04:00:06Z</time></trkpt><trkpt lat="22.41747189" lon="114.17084003"><ele>418.58380126953125</ele><time>2019-01-12T04:00:10Z</time></trkpt><trkpt lat="22.41744713" lon="114.1708451"><ele>418.021484375</ele><time>2019-01-12T04:00:12Z</time></trkpt><trkpt lat="22.41742085" lon="114.17085601"><ele>417.941650390625</ele><time>2019-01-12T04:00:15Z</time></trkpt><trkpt lat="22.41740142" lon="114.17086685"><ele>419.253173828125</ele><time>2019-01-12T04:00:17Z</time></trkpt><trkpt lat="22.41738234" lon="114.17087469"><ele>418.17291259765625</ele><time>2019-01-12T04:00:19Z</time></trkpt><trkpt lat="22.41735448" lon="114.17087232"><ele>418.25030517578125</ele><time>2019-01-12T04:00:22Z</time></trkpt><trkpt lat="22.4173328" lon="114.17087203"><ele>416.92425537109375</ele><time>2019-01-12T04:00:25Z</time></trkpt><trkpt lat="22.41731471" lon="114.1708737"><ele>417.0364990234375</ele><time>2019-01-12T04:00:27Z</time></trkpt><trkpt lat="22.41728816" lon="114.17088112"><ele>415.9617919921875</ele><time>2019-01-12T04:00:29Z</time></trkpt><trkpt lat="22.4172639" lon="114.17088298"><ele>414.1279296875</ele><time>2019-01-12T04:00:32Z</time></trkpt><trkpt lat="22.41724539" lon="114.17088947"><ele>414.85394287109375</ele><time>2019-01-12T04:00:34Z</time></trkpt><trkpt lat="22.41722714" lon="114.17090012"><ele>413.58819580078125</ele><time>2019-01-12T04:00:36Z</time></trkpt><trkpt lat="22.41721029" lon="114.17091091"><ele>414.2451171875</ele><time>2019-01-12T04:00:38Z</time></trkpt><trkpt lat="22.41719102" lon="114.17092472"><ele>414.77899169921875</ele><time>2019-01-12T04:00:40Z</time></trkpt><trkpt lat="22.41717384" lon="114.17093783"><ele>415.4327392578125</ele><time>2019-01-12T04:00:42Z</time></trkpt><trkpt lat="22.41716004" lon="114.17095047"><ele>416.0223388671875</ele><time>2019-01-12T04:00:44Z</time></trkpt><trkpt lat="22.41714472" lon="114.17096214"><ele>416.142333984375</ele><time>2019-01-12T04:00:46Z</time></trkpt><trkpt lat="22.4171252" lon="114.17097809"><ele>416.042236328125</ele><time>2019-01-12T04:00:49Z</time></trkpt><trkpt lat="22.41710758" lon="114.17098881"><ele>415.393798828125</ele><time>2019-01-12T04:00:51Z</time></trkpt><trkpt lat="22.41708748" lon="114.17100235"><ele>415.7763671875</ele><time>2019-01-12T04:00:53Z</time></trkpt><trkpt lat="22.4170718" lon="114.17101237"><ele>415.498291015625</ele><time>2019-01-12T04:00:55Z</time></trkpt><trkpt lat="22.41705467" lon="114.1710184"><ele>414.085693359375</ele><time>2019-01-12T04:00:57Z</time></trkpt><trkpt lat="22.41703551" lon="114.17102465"><ele>415.565673828125</ele><time>2019-01-12T04:00:59Z</time></trkpt><trkpt lat="22.41701533" lon="114.17103628"><ele>416.86993408203125</ele><time>2019-01-12T04:01:01Z</time></trkpt><trkpt lat="22.4169984" lon="114.17104308"><ele>414.852783203125</ele><time>2019-01-12T04:01:03Z</time></trkpt><trkpt lat="22.41697519" lon="114.1710516"><ele>416.115966796875</ele><time>2019-01-12T04:01:06Z</time></trkpt><trkpt lat="22.41695348" lon="114.17105457"><ele>415.3773193359375</ele><time>2019-01-12T04:01:08Z</time></trkpt><trkpt lat="22.41692955" lon="114.171057"><ele>415.396484375</ele><time>2019-01-12T04:01:10Z</time></trkpt><trkpt lat="22.41690444" lon="114.17106613"><ele>417.69671630859375</ele><time>2019-01-12T04:01:12Z</time></trkpt><trkpt lat="22.41688408" lon="114.1710713"><ele>414.61669921875</ele><time>2019-01-12T04:01:14Z</time></trkpt><trkpt lat="22.41686349" lon="114.17107568"><ele>414.390869140625</ele><time>2019-01-12T04:01:16Z</time></trkpt><trkpt lat="22.41683692" lon="114.17108204"><ele>415.207763671875</ele><time>2019-01-12T04:01:19Z</time></trkpt><trkpt lat="22.41681603" lon="114.17108604"><ele>414.984130859375</ele><time>2019-01-12T04:01:21Z</time></trkpt><trkpt lat="22.41679342" lon="114.17109208"><ele>414.822509765625</ele><time>2019-01-12T04:01:23Z</time></trkpt><trkpt lat="22.41677061" lon="114.17109674"><ele>415.55242919921875</ele><time>2019-01-12T04:01:27Z</time></trkpt><trkpt lat="22.41674705" lon="114.17110017"><ele>415.93695068359375</ele><time>2019-01-12T04:01:30Z</time></trkpt><trkpt lat="22.4167286" lon="114.17110609"><ele>414.81903076171875</ele><time>2019-01-12T04:01:32Z</time></trkpt><trkpt lat="22.41671002" lon="114.17110881"><ele>414.58477783203125</ele><time>2019-01-12T04:01:34Z</time></trkpt><trkpt lat="22.41668346" lon="114.17111566"><ele>414.9359130859375</ele><time>2019-01-12T04:01:37Z</time></trkpt><trkpt lat="22.41666169" lon="114.17111964"><ele>413.912109375</ele><time>2019-01-12T04:01:39Z</time></trkpt><trkpt lat="22.41663736" lon="114.17112143"><ele>413.3834228515625</ele><time>2019-01-12T04:01:42Z</time></trkpt><trkpt lat="22.41662112" lon="114.17111153"><ele>411.271240234375</ele><time>2019-01-12T04:01:44Z</time></trkpt><trkpt lat="22.41660223" lon="114.17110664"><ele>411.19146728515625</ele><time>2019-01-12T04:01:47Z</time></trkpt><trkpt lat="22.41657391" lon="114.1711129"><ele>412.032470703125</ele><time>2019-01-12T04:01:50Z</time></trkpt><trkpt lat="22.41655299" lon="114.17112095"><ele>410.43212890625</ele><time>2019-01-12T04:01:52Z</time></trkpt><trkpt lat="22.41653028" lon="114.1711295"><ele>410.44500732421875</ele><time>2019-01-12T04:01:54Z</time></trkpt><trkpt lat="22.41651134" lon="114.17113305"><ele>410.54595947265625</ele><time>2019-01-12T04:01:56Z</time></trkpt><trkpt lat="22.41648637" lon="114.17113741"><ele>412.13726806640625</ele><time>2019-01-12T04:01:59Z</time></trkpt><trkpt lat="22.41646604" lon="114.17114441"><ele>411.8179931640625</ele><time>2019-01-12T04:02:07Z</time></trkpt><trkpt lat="22.41643989" lon="114.17114161"><ele>410.01690673828125</ele><time>2019-01-12T04:02:10Z</time></trkpt><trkpt lat="22.41642175" lon="114.17113764"><ele>409.390380859375</ele><time>2019-01-12T04:02:12Z</time></trkpt><trkpt lat="22.41640318" lon="114.17113412"><ele>409.18115234375</ele><time>2019-01-12T04:02:14Z</time></trkpt><trkpt lat="22.41637992" lon="114.1711302"><ele>407.8114013671875</ele><time>2019-01-12T04:02:16Z</time></trkpt><trkpt lat="22.41636044" lon="114.17112718"><ele>408.247802734375</ele><time>2019-01-12T04:02:18Z</time></trkpt><trkpt lat="22.4163382" lon="114.17112262"><ele>409.07403564453125</ele><time>2019-01-12T04:02:22Z</time></trkpt><trkpt lat="22.41631841" lon="114.17112699"><ele>408.535400390625</ele><time>2019-01-12T04:02:26Z</time></trkpt><trkpt lat="22.41629757" lon="114.17112826"><ele>408.5225830078125</ele><time>2019-01-12T04:02:28Z</time></trkpt><trkpt lat="22.41627945" lon="114.1711322"><ele>408.84423828125</ele><time>2019-01-12T04:02:31Z</time></trkpt><trkpt lat="22.41625963" lon="114.17113142"><ele>408.273193359375</ele><time>2019-01-12T04:02:34Z</time></trkpt><trkpt lat="22.41623533" lon="114.17112911"><ele>409.99200439453125</ele><time>2019-01-12T04:02:36Z</time></trkpt><trkpt lat="22.41621353" lon="114.17113176"><ele>411.507080078125</ele><time>2019-01-12T04:02:38Z</time></trkpt><trkpt lat="22.41619522" lon="114.17112655"><ele>412.50634765625</ele><time>2019-01-12T04:02:40Z</time></trkpt><trkpt lat="22.4161669" lon="114.17112533"><ele>413.7303466796875</ele><time>2019-01-12T04:02:43Z</time></trkpt><trkpt lat="22.41614583" lon="114.17112828"><ele>414.856689453125</ele><time>2019-01-12T04:02:45Z</time></trkpt><trkpt lat="22.41612186" lon="114.17113389"><ele>414.93994140625</ele><time>2019-01-12T04:02:47Z</time></trkpt><trkpt lat="22.41610223" lon="114.17112897"><ele>414.2574462890625</ele><time>2019-01-12T04:02:49Z</time></trkpt><trkpt lat="22.41607635" lon="114.1711248"><ele>411.65673828125</ele><time>2019-01-12T04:02:52Z</time></trkpt><trkpt lat="22.41605281" lon="114.17112487"><ele>410.29058837890625</ele><time>2019-01-12T04:02:55Z</time></trkpt><trkpt lat="22.41603545" lon="114.17113244"><ele>409.064453125</ele><time>2019-01-12T04:02:57Z</time></trkpt><trkpt lat="22.41601376" lon="114.17114593"><ele>409.2838134765625</ele><time>2019-01-12T04:02:59Z</time></trkpt><trkpt lat="22.4159923" lon="114.17115866"><ele>408.295166015625</ele><time>2019-01-12T04:03:01Z</time></trkpt><trkpt lat="22.41597393" lon="114.1711651"><ele>406.7943115234375</ele><time>2019-01-12T04:03:03Z</time></trkpt><trkpt lat="22.41597247" lon="114.17114412"><ele>406.5941162109375</ele><time>2019-01-12T04:03:08Z</time></trkpt><trkpt lat="22.41597089" lon="114.17112467"><ele>404.404541015625</ele><time>2019-01-12T04:03:13Z</time></trkpt><trkpt lat="22.41594357" lon="114.17112831"><ele>403.03515625</ele><time>2019-01-12T04:03:31Z</time></trkpt><trkpt lat="22.41592241" lon="114.17114389"><ele>400.4036865234375</ele><time>2019-01-12T04:03:33Z</time></trkpt><trkpt lat="22.41590072" lon="114.1711642"><ele>397.875244140625</ele><time>2019-01-12T04:03:35Z</time></trkpt><trkpt lat="22.41588208" lon="114.17117773"><ele>396.545654296875</ele><time>2019-01-12T04:03:37Z</time></trkpt><trkpt lat="22.41586654" lon="114.17118945"><ele>398.62841796875</ele><time>2019-01-12T04:03:39Z</time></trkpt><trkpt lat="22.4158502" lon="114.17119851"><ele>397.8843994140625</ele><time>2019-01-12T04:03:41Z</time></trkpt><trkpt lat="22.41583052" lon="114.17120774"><ele>397.1666259765625</ele><time>2019-01-12T04:03:44Z</time></trkpt><trkpt lat="22.41581254" lon="114.17121695"><ele>396.362060546875</ele><time>2019-01-12T04:03:46Z</time></trkpt><trkpt lat="22.41579042" lon="114.17123481"><ele>399.0677490234375</ele><time>2019-01-12T04:03:49Z</time></trkpt><trkpt lat="22.41577397" lon="114.17124632"><ele>400.404541015625</ele><time>2019-01-12T04:03:51Z</time></trkpt><trkpt lat="22.41575663" lon="114.17125716"><ele>400.81597900390625</ele><time>2019-01-12T04:03:53Z</time></trkpt><trkpt lat="22.41573968" lon="114.17127174"><ele>400.2998046875</ele><time>2019-01-12T04:03:55Z</time></trkpt><trkpt lat="22.4157225" lon="114.17128607"><ele>400.96923828125</ele><time>2019-01-12T04:03:57Z</time></trkpt><trkpt lat="22.41570557" lon="114.17129636"><ele>399.2967529296875</ele><time>2019-01-12T04:03:59Z</time></trkpt><trkpt lat="22.41568237" lon="114.17130717"><ele>397.03564453125</ele><time>2019-01-12T04:04:02Z</time></trkpt><trkpt lat="22.4156595" lon="114.1713223"><ele>396.1260986328125</ele><time>2019-01-12T04:04:05Z</time></trkpt><trkpt lat="22.41564274" lon="114.17133362"><ele>395.9149169921875</ele><time>2019-01-12T04:04:07Z</time></trkpt><trkpt lat="22.41562534" lon="114.17135314"><ele>396.8284912109375</ele><time>2019-01-12T04:04:10Z</time></trkpt><trkpt lat="22.41561349" lon="114.1713756"><ele>397.4688720703125</ele><time>2019-01-12T04:04:12Z</time></trkpt><trkpt lat="22.41560091" lon="114.17139823"><ele>397.563720703125</ele><time>2019-01-12T04:04:14Z</time></trkpt><trkpt lat="22.41558353" lon="114.17141102"><ele>397.46844482421875</ele><time>2019-01-12T04:04:16Z</time></trkpt><trkpt lat="22.41556653" lon="114.17142373"><ele>397.3671875</ele><time>2019-01-12T04:04:18Z</time></trkpt><trkpt lat="22.41555537" lon="114.17144123"><ele>398.095458984375</ele><time>2019-01-12T04:04:20Z</time></trkpt><trkpt lat="22.41554701" lon="114.17146322"><ele>398.50799560546875</ele><time>2019-01-12T04:04:22Z</time></trkpt><trkpt lat="22.41553425" lon="114.17148378"><ele>399.14141845703125</ele><time>2019-01-12T04:04:24Z</time></trkpt><trkpt lat="22.41552861" lon="114.17150497"><ele>399.1317138671875</ele><time>2019-01-12T04:04:26Z</time></trkpt><trkpt lat="22.41552735" lon="114.17153765"><ele>399.3997802734375</ele><time>2019-01-12T04:04:28Z</time></trkpt><trkpt lat="22.41553247" lon="114.17155885"><ele>399.57470703125</ele><time>2019-01-12T04:04:30Z</time></trkpt><trkpt lat="22.41552768" lon="114.17157848"><ele>398.5152587890625</ele><time>2019-01-12T04:04:32Z</time></trkpt><trkpt lat="22.41552489" lon="114.17160353"><ele>398.0648193359375</ele><time>2019-01-12T04:04:34Z</time></trkpt><trkpt lat="22.41552204" lon="114.17162692"><ele>397.04217529296875</ele><time>2019-01-12T04:04:36Z</time></trkpt><trkpt lat="22.41551866" lon="114.17164898"><ele>395.76568603515625</ele><time>2019-01-12T04:04:38Z</time></trkpt><trkpt lat="22.41551718" lon="114.17167225"><ele>395.8289794921875</ele><time>2019-01-12T04:04:40Z</time></trkpt><trkpt lat="22.41552014" lon="114.17169327"><ele>393.16058349609375</ele><time>2019-01-12T04:04:43Z</time></trkpt><trkpt lat="22.41551996" lon="114.17172108"><ele>394.63909912109375</ele><time>2019-01-12T04:04:46Z</time></trkpt><trkpt lat="22.41552668" lon="114.1717432"><ele>395.255615234375</ele><time>2019-01-12T04:04:48Z</time></trkpt><trkpt lat="22.41553122" lon="114.17177136"><ele>394.59869384765625</ele><time>2019-01-12T04:04:51Z</time></trkpt><trkpt lat="22.41553613" lon="114.17179016"><ele>395.367431640625</ele><time>2019-01-12T04:04:53Z</time></trkpt><trkpt lat="22.41554611" lon="114.17181634"><ele>396.824951171875</ele><time>2019-01-12T04:04:56Z</time></trkpt><trkpt lat="22.41555401" lon="114.17183647"><ele>395.889404296875</ele><time>2019-01-12T04:04:59Z</time></trkpt><trkpt lat="22.41556498" lon="114.17185742"><ele>395.65936279296875</ele><time>2019-01-12T04:05:02Z</time></trkpt><trkpt lat="22.41556965" lon="114.17187806"><ele>395.91650390625</ele><time>2019-01-12T04:05:04Z</time></trkpt><trkpt lat="22.41557673" lon="114.17190037"><ele>395.12939453125</ele><time>2019-01-12T04:05:06Z</time></trkpt><trkpt lat="22.41558619" lon="114.17192223"><ele>396.01318359375</ele><time>2019-01-12T04:05:08Z</time></trkpt><trkpt lat="22.41559618" lon="114.17194519"><ele>395.7833251953125</ele><time>2019-01-12T04:05:10Z</time></trkpt><trkpt lat="22.41560655" lon="114.1719668"><ele>397.468017578125</ele><time>2019-01-12T04:05:12Z</time></trkpt><trkpt lat="22.41561474" lon="114.17199187"><ele>394.5802001953125</ele><time>2019-01-12T04:05:15Z</time></trkpt><trkpt lat="22.41561492" lon="114.17201492"><ele>393.36578369140625</ele><time>2019-01-12T04:05:18Z</time></trkpt><trkpt lat="22.41561271" lon="114.17204169"><ele>395.64105224609375</ele><time>2019-01-12T04:05:21Z</time></trkpt><trkpt lat="22.41561711" lon="114.17206986"><ele>394.534912109375</ele><time>2019-01-12T04:05:24Z</time></trkpt><trkpt lat="22.41562696" lon="114.17209019"><ele>394.302978515625</ele><time>2019-01-12T04:05:26Z</time></trkpt><trkpt lat="22.41563498" lon="114.1721197"><ele>393.0948486328125</ele><time>2019-01-12T04:05:29Z</time></trkpt><trkpt lat="22.41564248" lon="114.17214398"><ele>396.348876953125</ele><time>2019-01-12T04:05:31Z</time></trkpt><trkpt lat="22.4156493" lon="114.17216616"><ele>395.22503662109375</ele><time>2019-01-12T04:05:33Z</time></trkpt><trkpt lat="22.41565399" lon="114.17219226"><ele>395.995361328125</ele><time>2019-01-12T04:05:35Z</time></trkpt><trkpt lat="22.41565728" lon="114.17221429"><ele>395.52783203125</ele><time>2019-01-12T04:05:37Z</time></trkpt><trkpt lat="22.41566075" lon="114.17223667"><ele>395.101318359375</ele><time>2019-01-12T04:05:39Z</time></trkpt><trkpt lat="22.41566472" lon="114.17226143"><ele>393.0206298828125</ele><time>2019-01-12T04:05:42Z</time></trkpt><trkpt lat="22.41566871" lon="114.17228558"><ele>392.0587158203125</ele><time>2019-01-12T04:05:45Z</time></trkpt><trkpt lat="22.41567483" lon="114.17230941"><ele>391.9183349609375</ele><time>2019-01-12T04:05:48Z</time></trkpt><trkpt lat="22.41568235" lon="114.17233322"><ele>392.87713623046875</ele><time>2019-01-12T04:05:50Z</time></trkpt><trkpt lat="22.41568969" lon="114.17235954"><ele>391.853759765625</ele><time>2019-01-12T04:05:53Z</time></trkpt><trkpt lat="22.41569411" lon="114.17238922"><ele>392.41851806640625</ele><time>2019-01-12T04:05:56Z</time></trkpt><trkpt lat="22.41569306" lon="114.17241438"><ele>392.221923828125</ele><time>2019-01-12T04:05:59Z</time></trkpt><trkpt lat="22.41569663" lon="114.17243503"><ele>392.8033447265625</ele><time>2019-01-12T04:06:01Z</time></trkpt><trkpt lat="22.41569714" lon="114.17245449"><ele>392.0440673828125</ele><time>2019-01-12T04:06:03Z</time></trkpt><trkpt lat="22.41569954" lon="114.17247728"><ele>391.7791748046875</ele><time>2019-01-12T04:06:06Z</time></trkpt><trkpt lat="22.41570572" lon="114.17250334"><ele>391.4075927734375</ele><time>2019-01-12T04:06:09Z</time></trkpt><trkpt lat="22.41571038" lon="114.1725271"><ele>391.2098388671875</ele><time>2019-01-12T04:06:11Z</time></trkpt><trkpt lat="22.41571109" lon="114.17254867"><ele>391.044921875</ele><time>2019-01-12T04:06:13Z</time></trkpt><trkpt lat="22.41571328" lon="114.17257679"><ele>391.267822265625</ele><time>2019-01-12T04:06:16Z</time></trkpt><trkpt lat="22.41572078" lon="114.17259858"><ele>391.9342041015625</ele><time>2019-01-12T04:06:18Z</time></trkpt><trkpt lat="22.41572227" lon="114.17262345"><ele>390.65478515625</ele><time>2019-01-12T04:06:21Z</time></trkpt><trkpt lat="22.41572052" lon="114.17264551"><ele>390.0330810546875</ele><time>2019-01-12T04:06:24Z</time></trkpt><trkpt lat="22.4157242" lon="114.17267105"><ele>389.76934814453125</ele><time>2019-01-12T04:06:27Z</time></trkpt><trkpt lat="22.41572943" lon="114.17269194"><ele>390.304443359375</ele><time>2019-01-12T04:06:29Z</time></trkpt><trkpt lat="22.41573522" lon="114.17271428"><ele>390.5028076171875</ele><time>2019-01-12T04:06:31Z</time></trkpt><trkpt lat="22.41573971" lon="114.1727336"><ele>390.2607421875</ele><time>2019-01-12T04:06:33Z</time></trkpt><trkpt lat="22.41574529" lon="114.17275874"><ele>390.9608154296875</ele><time>2019-01-12T04:06:36Z</time></trkpt><trkpt lat="22.41574499" lon="114.17277906"><ele>390.90460205078125</ele><time>2019-01-12T04:06:38Z</time></trkpt><trkpt lat="22.41574532" lon="114.17280217"><ele>389.80084228515625</ele><time>2019-01-12T04:06:40Z</time></trkpt><trkpt lat="22.41574442" lon="114.17282818"><ele>389.09228515625</ele><time>2019-01-12T04:06:42Z</time></trkpt><trkpt lat="22.41573963" lon="114.17284942"><ele>388.9544677734375</ele><time>2019-01-12T04:06:44Z</time></trkpt><trkpt lat="22.41573535" lon="114.17286829"><ele>389.608642578125</ele><time>2019-01-12T04:06:46Z</time></trkpt><trkpt lat="22.41573095" lon="114.17289385"><ele>389.9508056640625</ele><time>2019-01-12T04:06:49Z</time></trkpt><trkpt lat="22.41572771" lon="114.172915"><ele>390.92376708984375</ele><time>2019-01-12T04:06:51Z</time></trkpt><trkpt lat="22.4157228" lon="114.172936"><ele>392.5833740234375</ele><time>2019-01-12T04:06:53Z</time></trkpt><trkpt lat="22.41572029" lon="114.17296163"><ele>393.308349609375</ele><time>2019-01-12T04:06:55Z</time></trkpt><trkpt lat="22.41571934" lon="114.17298699"><ele>392.746826171875</ele><time>2019-01-12T04:06:57Z</time></trkpt><trkpt lat="22.41571771" lon="114.1730136"><ele>391.6796875</ele><time>2019-01-12T04:06:59Z</time></trkpt><trkpt lat="22.41571144" lon="114.1730378"><ele>392.4554443359375</ele><time>2019-01-12T04:07:01Z</time></trkpt><trkpt lat="22.41570603" lon="114.17305809"><ele>393.87640380859375</ele><time>2019-01-12T04:07:03Z</time></trkpt><trkpt lat="22.4156978" lon="114.17307737"><ele>393.4598388671875</ele><time>2019-01-12T04:07:05Z</time></trkpt><trkpt lat="22.41568705" lon="114.17309501"><ele>393.4190673828125</ele><time>2019-01-12T04:07:07Z</time></trkpt><trkpt lat="22.41567588" lon="114.17311687"><ele>392.55950927734375</ele><time>2019-01-12T04:07:09Z</time></trkpt><trkpt lat="22.41566706" lon="114.17313638"><ele>392.48565673828125</ele><time>2019-01-12T04:07:11Z</time></trkpt><trkpt lat="22.4156589" lon="114.17316418"><ele>391.78765869140625</ele><time>2019-01-12T04:07:14Z</time></trkpt><trkpt lat="22.41564434" lon="114.17319043"><ele>392.697998046875</ele><time>2019-01-12T04:07:17Z</time></trkpt><trkpt lat="22.41563007" lon="114.17321096"><ele>391.638671875</ele><time>2019-01-12T04:07:19Z</time></trkpt><trkpt lat="22.41561628" lon="114.17323525"><ele>392.501953125</ele><time>2019-01-12T04:07:22Z</time></trkpt><trkpt lat="22.4156103" lon="114.17325439"><ele>392.2454833984375</ele><time>2019-01-12T04:07:24Z</time></trkpt><trkpt lat="22.41560054" lon="114.17327431"><ele>393.5965576171875</ele><time>2019-01-12T04:07:27Z</time></trkpt><trkpt lat="22.4155899" lon="114.17329632"><ele>393.791259765625</ele><time>2019-01-12T04:07:29Z</time></trkpt><trkpt lat="22.41557939" lon="114.17332517"><ele>392.7567138671875</ele><time>2019-01-12T04:07:31Z</time></trkpt><trkpt lat="22.41557" lon="114.17335416"><ele>391.28607177734375</ele><time>2019-01-12T04:07:33Z</time></trkpt><trkpt lat="22.41556104" lon="114.17337471"><ele>390.1546630859375</ele><time>2019-01-12T04:07:35Z</time></trkpt><trkpt lat="22.41555319" lon="114.17340152"><ele>391.30419921875</ele><time>2019-01-12T04:07:37Z</time></trkpt><trkpt lat="22.41553841" lon="114.17342912"><ele>391.62738037109375</ele><time>2019-01-12T04:07:39Z</time></trkpt><trkpt lat="22.41552421" lon="114.17345197"><ele>392.0618896484375</ele><time>2019-01-12T04:07:41Z</time></trkpt><trkpt lat="22.41551627" lon="114.17347191"><ele>391.16339111328125</ele><time>2019-01-12T04:07:43Z</time></trkpt><trkpt lat="22.4155093" lon="114.17349482"><ele>389.7657470703125</ele><time>2019-01-12T04:07:45Z</time></trkpt><trkpt lat="22.41549978" lon="114.17351861"><ele>389.020263671875</ele><time>2019-01-12T04:07:47Z</time></trkpt><trkpt lat="22.41549149" lon="114.17354135"><ele>389.1903076171875</ele><time>2019-01-12T04:07:49Z</time></trkpt><trkpt lat="22.41547982" lon="114.17356372"><ele>388.5653076171875</ele><time>2019-01-12T04:07:52Z</time></trkpt><trkpt lat="22.41547633" lon="114.17358362"><ele>386.0753173828125</ele><time>2019-01-12T04:07:55Z</time></trkpt><trkpt lat="22.41546059" lon="114.17359902"><ele>385.9840087890625</ele><time>2019-01-12T04:07:58Z</time></trkpt><trkpt lat="22.41544745" lon="114.17361292"><ele>384.394775390625</ele><time>2019-01-12T04:08:00Z</time></trkpt><trkpt lat="22.41543683" lon="114.17363201"><ele>385.111083984375</ele><time>2019-01-12T04:08:02Z</time></trkpt><trkpt lat="22.41543263" lon="114.1736541"><ele>384.578369140625</ele><time>2019-01-12T04:08:04Z</time></trkpt><trkpt lat="22.41542495" lon="114.17368154"><ele>384.0958251953125</ele><time>2019-01-12T04:08:06Z</time></trkpt><trkpt lat="22.41540791" lon="114.17370684"><ele>384.42462158203125</ele><time>2019-01-12T04:08:08Z</time></trkpt><trkpt lat="22.4153932" lon="114.17372851"><ele>384.20135498046875</ele><time>2019-01-12T04:08:10Z</time></trkpt><trkpt lat="22.41538343" lon="114.17374793"><ele>382.8134765625</ele><time>2019-01-12T04:08:12Z</time></trkpt><trkpt lat="22.41536339" lon="114.17376568"><ele>380.54241943359375</ele><time>2019-01-12T04:08:16Z</time></trkpt><trkpt lat="22.4153449" lon="114.17379216"><ele>379.18853759765625</ele><time>2019-01-12T04:08:21Z</time></trkpt><trkpt lat="22.4153297" lon="114.1738125"><ele>379.2235107421875</ele><time>2019-01-12T04:08:23Z</time></trkpt><trkpt lat="22.41531522" lon="114.17382972"><ele>378.99755859375</ele><time>2019-01-12T04:08:25Z</time></trkpt><trkpt lat="22.41530059" lon="114.17384609"><ele>378.7020263671875</ele><time>2019-01-12T04:08:27Z</time></trkpt><trkpt lat="22.41528556" lon="114.173866"><ele>377.9034423828125</ele><time>2019-01-12T04:08:29Z</time></trkpt><trkpt lat="22.41527638" lon="114.17388896"><ele>379.800048828125</ele><time>2019-01-12T04:08:31Z</time></trkpt><trkpt lat="22.41527463" lon="114.17391228"><ele>380.4906005859375</ele><time>2019-01-12T04:08:33Z</time></trkpt><trkpt lat="22.41526746" lon="114.17393933"><ele>380.6302490234375</ele><time>2019-01-12T04:08:35Z</time></trkpt><trkpt lat="22.41525839" lon="114.17396466"><ele>379.2069091796875</ele><time>2019-01-12T04:08:37Z</time></trkpt><trkpt lat="22.41525421" lon="114.1739841"><ele>379.16339111328125</ele><time>2019-01-12T04:08:39Z</time></trkpt><trkpt lat="22.41524705" lon="114.17401032"><ele>379.9537353515625</ele><time>2019-01-12T04:08:41Z</time></trkpt><trkpt lat="22.41523383" lon="114.17403531"><ele>377.8380126953125</ele><time>2019-01-12T04:08:43Z</time></trkpt><trkpt lat="22.41521913" lon="114.1740601"><ele>378.08721923828125</ele><time>2019-01-12T04:08:45Z</time></trkpt><trkpt lat="22.41520459" lon="114.17408122"><ele>378.25714111328125</ele><time>2019-01-12T04:08:47Z</time></trkpt><trkpt lat="22.41519065" lon="114.17410733"><ele>376.74249267578125</ele><time>2019-01-12T04:08:50Z</time></trkpt><trkpt lat="22.41517672" lon="114.17411998"><ele>374.4376220703125</ele><time>2019-01-12T04:08:56Z</time></trkpt><trkpt lat="22.41515628" lon="114.17413578"><ele>372.22137451171875</ele><time>2019-01-12T04:08:59Z</time></trkpt><trkpt lat="22.41514" lon="114.17415429"><ele>373.1517333984375</ele><time>2019-01-12T04:09:02Z</time></trkpt><trkpt lat="22.41512378" lon="114.17417098"><ele>374.178466796875</ele><time>2019-01-12T04:09:04Z</time></trkpt><trkpt lat="22.41510976" lon="114.17419307"><ele>374.61578369140625</ele><time>2019-01-12T04:09:06Z</time></trkpt><trkpt lat="22.4150992" lon="114.1742143"><ele>375.832763671875</ele><time>2019-01-12T04:09:08Z</time></trkpt><trkpt lat="22.41508541" lon="114.17422788"><ele>374.4830322265625</ele><time>2019-01-12T04:09:10Z</time></trkpt><trkpt lat="22.41506815" lon="114.17424573"><ele>374.374755859375</ele><time>2019-01-12T04:09:12Z</time></trkpt><trkpt lat="22.41506126" lon="114.17426976"><ele>373.638427734375</ele><time>2019-01-12T04:09:14Z</time></trkpt><trkpt lat="22.41505705" lon="114.17430285"><ele>374.94940185546875</ele><time>2019-01-12T04:09:16Z</time></trkpt><trkpt lat="22.4150542" lon="114.17433314"><ele>375.4794921875</ele><time>2019-01-12T04:09:18Z</time></trkpt><trkpt lat="22.41504585" lon="114.17436701"><ele>376.371826171875</ele><time>2019-01-12T04:09:20Z</time></trkpt><trkpt lat="22.41503939" lon="114.17439773"><ele>375.6710205078125</ele><time>2019-01-12T04:09:22Z</time></trkpt><trkpt lat="22.41503354" lon="114.17441911"><ele>373.7752685546875</ele><time>2019-01-12T04:09:24Z</time></trkpt><trkpt lat="22.41502589" lon="114.1744387"><ele>372.91064453125</ele><time>2019-01-12T04:09:26Z</time></trkpt><trkpt lat="22.41501358" lon="114.17446175"><ele>372.04547119140625</ele><time>2019-01-12T04:09:28Z</time></trkpt><trkpt lat="22.41500165" lon="114.17448414"><ele>372.23101806640625</ele><time>2019-01-12T04:09:30Z</time></trkpt><trkpt lat="22.41498962" lon="114.17450197"><ele>372.60986328125</ele><time>2019-01-12T04:09:32Z</time></trkpt><trkpt lat="22.41497519" lon="114.17452855"><ele>374.5836181640625</ele><time>2019-01-12T04:09:35Z</time></trkpt><trkpt lat="22.41496167" lon="114.17455224"><ele>376.98193359375</ele><time>2019-01-12T04:09:37Z</time></trkpt><trkpt lat="22.41494545" lon="114.17457247"><ele>378.437255859375</ele><time>2019-01-12T04:09:39Z</time></trkpt><trkpt lat="22.41493285" lon="114.17459148"><ele>379.4195556640625</ele><time>2019-01-12T04:09:41Z</time></trkpt><trkpt lat="22.41492253" lon="114.1746114"><ele>379.19677734375</ele><time>2019-01-12T04:09:43Z</time></trkpt><trkpt lat="22.41491753" lon="114.1746337"><ele>379.4488525390625</ele><time>2019-01-12T04:09:45Z</time></trkpt><trkpt lat="22.4149042" lon="114.17466176"><ele>379.52484130859375</ele><time>2019-01-12T04:09:48Z</time></trkpt><trkpt lat="22.41488843" lon="114.17468194"><ele>379.31298828125</ele><time>2019-01-12T04:09:50Z</time></trkpt><trkpt lat="22.41487626" lon="114.1747035"><ele>380.90631103515625</ele><time>2019-01-12T04:09:52Z</time></trkpt><trkpt lat="22.41486261" lon="114.17472263"><ele>380.404296875</ele><time>2019-01-12T04:09:54Z</time></trkpt><trkpt lat="22.41485151" lon="114.17474679"><ele>382.621337890625</ele><time>2019-01-12T04:09:56Z</time></trkpt><trkpt lat="22.41484361" lon="114.17476809"><ele>382.0732421875</ele><time>2019-01-12T04:09:58Z</time></trkpt><trkpt lat="22.41483707" lon="114.1747875"><ele>381.96820068359375</ele><time>2019-01-12T04:10:00Z</time></trkpt><trkpt lat="22.41482808" lon="114.17481586"><ele>381.63525390625</ele><time>2019-01-12T04:10:03Z</time></trkpt><trkpt lat="22.41481044" lon="114.17483645"><ele>382.96142578125</ele><time>2019-01-12T04:10:05Z</time></trkpt><trkpt lat="22.41479233" lon="114.17485105"><ele>383.809814453125</ele><time>2019-01-12T04:10:07Z</time></trkpt><trkpt lat="22.41478551" lon="114.17487182"><ele>384.045166015625</ele><time>2019-01-12T04:10:09Z</time></trkpt><trkpt lat="22.41478033" lon="114.17489589"><ele>383.49493408203125</ele><time>2019-01-12T04:10:11Z</time></trkpt><trkpt lat="22.41477451" lon="114.17491792"><ele>381.39788818359375</ele><time>2019-01-12T04:10:13Z</time></trkpt><trkpt lat="22.41476583" lon="114.17494476"><ele>380.0987548828125</ele><time>2019-01-12T04:10:16Z</time></trkpt><trkpt lat="22.41476414" lon="114.17496605"><ele>379.767822265625</ele><time>2019-01-12T04:10:18Z</time></trkpt><trkpt lat="22.41475505" lon="114.1749884"><ele>380.758056640625</ele><time>2019-01-12T04:10:20Z</time></trkpt><trkpt lat="22.41474489" lon="114.17501195"><ele>380.7557373046875</ele><time>2019-01-12T04:10:22Z</time></trkpt><trkpt lat="22.41473101" lon="114.17502579"><ele>380.7503662109375</ele><time>2019-01-12T04:10:24Z</time></trkpt><trkpt lat="22.41471151" lon="114.17504473"><ele>381.618408203125</ele><time>2019-01-12T04:10:27Z</time></trkpt><trkpt lat="22.4146962" lon="114.17505525"><ele>383.9150390625</ele><time>2019-01-12T04:10:29Z</time></trkpt><trkpt lat="22.41467747" lon="114.1750692"><ele>385.108154296875</ele><time>2019-01-12T04:10:31Z</time></trkpt><trkpt lat="22.41466142" lon="114.17508592"><ele>385.793212890625</ele><time>2019-01-12T04:10:33Z</time></trkpt><trkpt lat="22.41464902" lon="114.17510999"><ele>387.04833984375</ele><time>2019-01-12T04:10:36Z</time></trkpt><trkpt lat="22.41463931" lon="114.17513689"><ele>385.74346923828125</ele><time>2019-01-12T04:10:39Z</time></trkpt><trkpt lat="22.41463097" lon="114.17516784"><ele>385.316162109375</ele><time>2019-01-12T04:10:42Z</time></trkpt><trkpt lat="22.41462321" lon="114.17519005"><ele>384.60430908203125</ele><time>2019-01-12T04:10:44Z</time></trkpt><trkpt lat="22.41461429" lon="114.1752106"><ele>385.0247802734375</ele><time>2019-01-12T04:10:46Z</time></trkpt><trkpt lat="22.41460377" lon="114.1752307"><ele>384.96014404296875</ele><time>2019-01-12T04:10:48Z</time></trkpt><trkpt lat="22.41458833" lon="114.17524931"><ele>384.98974609375</ele><time>2019-01-12T04:10:50Z</time></trkpt><trkpt lat="22.41457278" lon="114.17526494"><ele>385.1845703125</ele><time>2019-01-12T04:10:52Z</time></trkpt><trkpt lat="22.41455565" lon="114.17528593"><ele>384.83245849609375</ele><time>2019-01-12T04:10:54Z</time></trkpt><trkpt lat="22.4145367" lon="114.17530034"><ele>384.359130859375</ele><time>2019-01-12T04:10:56Z</time></trkpt><trkpt lat="22.41452318" lon="114.17531423"><ele>384.0469970703125</ele><time>2019-01-12T04:10:58Z</time></trkpt><trkpt lat="22.41451308" lon="114.17533413"><ele>383.221923828125</ele><time>2019-01-12T04:11:00Z</time></trkpt><trkpt lat="22.41449814" lon="114.17535735"><ele>382.3994140625</ele><time>2019-01-12T04:11:03Z</time></trkpt><trkpt lat="22.41448507" lon="114.17537664"><ele>381.2608642578125</ele><time>2019-01-12T04:11:05Z</time></trkpt><trkpt lat="22.41447078" lon="114.17539881"><ele>380.05712890625</ele><time>2019-01-12T04:11:07Z</time></trkpt><trkpt lat="22.41446014" lon="114.17541666"><ele>381.5787353515625</ele><time>2019-01-12T04:11:09Z</time></trkpt><trkpt lat="22.41444807" lon="114.17543343"><ele>380.969970703125</ele><time>2019-01-12T04:11:11Z</time></trkpt><trkpt lat="22.41444266" lon="114.17545781"><ele>382.49517822265625</ele><time>2019-01-12T04:11:13Z</time></trkpt><trkpt lat="22.41444015" lon="114.17548374"><ele>383.8831787109375</ele><time>2019-01-12T04:11:15Z</time></trkpt><trkpt lat="22.41443577" lon="114.17550433"><ele>382.90869140625</ele><time>2019-01-12T04:11:17Z</time></trkpt><trkpt lat="22.41443029" lon="114.17552307"><ele>382.9981689453125</ele><time>2019-01-12T04:11:19Z</time></trkpt><trkpt lat="22.4144278" lon="114.17554657"><ele>384.882080078125</ele><time>2019-01-12T04:11:21Z</time></trkpt><trkpt lat="22.4144244" lon="114.17557121"><ele>387.8135986328125</ele><time>2019-01-12T04:11:24Z</time></trkpt><trkpt lat="22.41441273" lon="114.17558899"><ele>386.34088134765625</ele><time>2019-01-12T04:11:31Z</time></trkpt><trkpt lat="22.41441275" lon="114.17561136"><ele>387.856201171875</ele><time>2019-01-12T04:11:33Z</time></trkpt><trkpt lat="22.41440854" lon="114.17564013"><ele>390.5355224609375</ele><time>2019-01-12T04:11:35Z</time></trkpt><trkpt lat="22.41440134" lon="114.1756716"><ele>390.367431640625</ele><time>2019-01-12T04:11:37Z</time></trkpt><trkpt lat="22.41439485" lon="114.17569063"><ele>389.1124267578125</ele><time>2019-01-12T04:11:38Z</time></trkpt><trkpt lat="22.41438146" lon="114.17572166"><ele>388.711669921875</ele><time>2019-01-12T04:11:40Z</time></trkpt><trkpt lat="22.41437399" lon="114.17575385"><ele>389.25433349609375</ele><time>2019-01-12T04:11:42Z</time></trkpt><trkpt lat="22.41436658" lon="114.1757835"><ele>388.74310302734375</ele><time>2019-01-12T04:11:44Z</time></trkpt><trkpt lat="22.41435421" lon="114.1758072"><ele>387.7591552734375</ele><time>2019-01-12T04:11:46Z</time></trkpt><trkpt lat="22.41433814" lon="114.17582979"><ele>387.437255859375</ele><time>2019-01-12T04:11:48Z</time></trkpt><trkpt lat="22.41432329" lon="114.17585366"><ele>387.8502197265625</ele><time>2019-01-12T04:11:50Z</time></trkpt><trkpt lat="22.41431552" lon="114.17587581"><ele>386.10357666015625</ele><time>2019-01-12T04:11:52Z</time></trkpt><trkpt lat="22.41431553" lon="114.17589731"><ele>386.03155517578125</ele><time>2019-01-12T04:11:54Z</time></trkpt><trkpt lat="22.41431246" lon="114.17592476"><ele>386.0390625</ele><time>2019-01-12T04:11:57Z</time></trkpt><trkpt lat="22.41430532" lon="114.17594965"><ele>387.6771240234375</ele><time>2019-01-12T04:12:00Z</time></trkpt><trkpt lat="22.41429748" lon="114.17597075"><ele>387.73675537109375</ele><time>2019-01-12T04:12:02Z</time></trkpt><trkpt lat="22.41428678" lon="114.17599161"><ele>388.08056640625</ele><time>2019-01-12T04:12:04Z</time></trkpt><trkpt lat="22.41427683" lon="114.17601031"><ele>389.0322265625</ele><time>2019-01-12T04:12:06Z</time></trkpt><trkpt lat="22.41426632" lon="114.17603452"><ele>390.3306884765625</ele><time>2019-01-12T04:12:08Z</time></trkpt><trkpt lat="22.41425092" lon="114.17605949"><ele>392.2650146484375</ele><time>2019-01-12T04:12:11Z</time></trkpt><trkpt lat="22.41424192" lon="114.17608937"><ele>391.7864990234375</ele><time>2019-01-12T04:12:13Z</time></trkpt><trkpt lat="22.41423135" lon="114.17611687"><ele>390.8082275390625</ele><time>2019-01-12T04:12:15Z</time></trkpt><trkpt lat="22.41422296" lon="114.17614208"><ele>389.6004638671875</ele><time>2019-01-12T04:12:17Z</time></trkpt><trkpt lat="22.41421825" lon="114.1761636"><ele>386.5120849609375</ele><time>2019-01-12T04:12:19Z</time></trkpt><trkpt lat="22.41421402" lon="114.17618589"><ele>384.67138671875</ele><time>2019-01-12T04:12:21Z</time></trkpt><trkpt lat="22.41420581" lon="114.17620376"><ele>383.8057861328125</ele><time>2019-01-12T04:12:23Z</time></trkpt><trkpt lat="22.41420021" lon="114.17622403"><ele>384.62933349609375</ele><time>2019-01-12T04:12:25Z</time></trkpt><trkpt lat="22.41419446" lon="114.176248"><ele>382.64642333984375</ele><time>2019-01-12T04:12:27Z</time></trkpt><trkpt lat="22.41418308" lon="114.17627336"><ele>384.34381103515625</ele><time>2019-01-12T04:12:29Z</time></trkpt><trkpt lat="22.41417196" lon="114.17629017"><ele>384.9603271484375</ele><time>2019-01-12T04:12:31Z</time></trkpt><trkpt lat="22.41416397" lon="114.17631215"><ele>383.3436279296875</ele><time>2019-01-12T04:12:33Z</time></trkpt><trkpt lat="22.41415653" lon="114.17633386"><ele>383.14874267578125</ele><time>2019-01-12T04:12:35Z</time></trkpt><trkpt lat="22.41414921" lon="114.17635199"><ele>381.42138671875</ele><time>2019-01-12T04:12:37Z</time></trkpt><trkpt lat="22.41413911" lon="114.17637652"><ele>381.23541259765625</ele><time>2019-01-12T04:12:40Z</time></trkpt><trkpt lat="22.41412324" lon="114.17639885"><ele>379.552001953125</ele><time>2019-01-12T04:12:43Z</time></trkpt><trkpt lat="22.4141118" lon="114.17642206"><ele>382.30780029296875</ele><time>2019-01-12T04:12:45Z</time></trkpt><trkpt lat="22.41410276" lon="114.17645025"><ele>382.0196533203125</ele><time>2019-01-12T04:12:47Z</time></trkpt><trkpt lat="22.4140986" lon="114.17647483"><ele>380.58447265625</ele><time>2019-01-12T04:12:49Z</time></trkpt><trkpt lat="22.41409274" lon="114.17649824"><ele>380.16619873046875</ele><time>2019-01-12T04:12:51Z</time></trkpt><trkpt lat="22.41408191" lon="114.17652312"><ele>380.40338134765625</ele><time>2019-01-12T04:12:53Z</time></trkpt><trkpt lat="22.41407211" lon="114.17654794"><ele>380.3206787109375</ele><time>2019-01-12T04:12:55Z</time></trkpt><trkpt lat="22.4140674" lon="114.17657324"><ele>377.3057861328125</ele><time>2019-01-12T04:12:58Z</time></trkpt><trkpt lat="22.41406417" lon="114.17659465"><ele>377.31793212890625</ele><time>2019-01-12T04:13:00Z</time></trkpt><trkpt lat="22.41405954" lon="114.17661952"><ele>375.293212890625</ele><time>2019-01-12T04:13:02Z</time></trkpt><trkpt lat="22.4140546" lon="114.17664347"><ele>375.17913818359375</ele><time>2019-01-12T04:13:04Z</time></trkpt><trkpt lat="22.41404998" lon="114.17666652"><ele>377.08056640625</ele><time>2019-01-12T04:13:06Z</time></trkpt><trkpt lat="22.41404364" lon="114.17669538"><ele>376.6807861328125</ele><time>2019-01-12T04:13:09Z</time></trkpt><trkpt lat="22.41404093" lon="114.17671931"><ele>376.4285888671875</ele><time>2019-01-12T04:13:11Z</time></trkpt><trkpt lat="22.41404146" lon="114.17674165"><ele>375.1771240234375</ele><time>2019-01-12T04:13:14Z</time></trkpt><trkpt lat="22.41404875" lon="114.17676847"><ele>375.3978271484375</ele><time>2019-01-12T04:13:17Z</time></trkpt><trkpt lat="22.41405315" lon="114.1767912"><ele>375.2955322265625</ele><time>2019-01-12T04:13:20Z</time></trkpt><trkpt lat="22.41405562" lon="114.17681876"><ele>377.03076171875</ele><time>2019-01-12T04:13:23Z</time></trkpt><trkpt lat="22.41406823" lon="114.17684604"><ele>374.97052001953125</ele><time>2019-01-12T04:13:28Z</time></trkpt><trkpt lat="22.41408294" lon="114.17687211"><ele>375.447998046875</ele><time>2019-01-12T04:13:30Z</time></trkpt><trkpt lat="22.41409587" lon="114.17689826"><ele>375.7255859375</ele><time>2019-01-12T04:13:32Z</time></trkpt><trkpt lat="22.41410211" lon="114.17692058"><ele>375.3038330078125</ele><time>2019-01-12T04:13:37Z</time></trkpt><trkpt lat="22.41412314" lon="114.17693392"><ele>374.36956787109375</ele><time>2019-01-12T04:13:40Z</time></trkpt><trkpt lat="22.41413765" lon="114.1769529"><ele>373.616455078125</ele><time>2019-01-12T04:13:42Z</time></trkpt><trkpt lat="22.41415728" lon="114.17697379"><ele>372.1436767578125</ele><time>2019-01-12T04:13:44Z</time></trkpt><trkpt lat="22.41417493" lon="114.17699364"><ele>372.8004150390625</ele><time>2019-01-12T04:13:46Z</time></trkpt><trkpt lat="22.41419639" lon="114.17701535"><ele>372.451416015625</ele><time>2019-01-12T04:13:48Z</time></trkpt><trkpt lat="22.41421481" lon="114.17703815"><ele>374.55023193359375</ele><time>2019-01-12T04:13:50Z</time></trkpt><trkpt lat="22.41423214" lon="114.17705815"><ele>374.5606689453125</ele><time>2019-01-12T04:13:52Z</time></trkpt><trkpt lat="22.41425087" lon="114.17707705"><ele>373.78887939453125</ele><time>2019-01-12T04:13:54Z</time></trkpt><trkpt lat="22.41427385" lon="114.17710114"><ele>374.140380859375</ele><time>2019-01-12T04:13:56Z</time></trkpt><trkpt lat="22.41429343" lon="114.17711674"><ele>374.0185546875</ele><time>2019-01-12T04:13:58Z</time></trkpt><trkpt lat="22.41430762" lon="114.17713616"><ele>374.781982421875</ele><time>2019-01-12T04:14:01Z</time></trkpt><trkpt lat="22.41432703" lon="114.17716063"><ele>374.388427734375</ele><time>2019-01-12T04:14:03Z</time></trkpt><trkpt lat="22.41434235" lon="114.17718468"><ele>374.8424072265625</ele><time>2019-01-12T04:14:05Z</time></trkpt><trkpt lat="22.41435909" lon="114.17720927"><ele>376.8525390625</ele><time>2019-01-12T04:14:07Z</time></trkpt><trkpt lat="22.41437774" lon="114.17723008"><ele>378.308837890625</ele><time>2019-01-12T04:14:09Z</time></trkpt><trkpt lat="22.41439994" lon="114.17725018"><ele>378.250244140625</ele><time>2019-01-12T04:14:11Z</time></trkpt><trkpt lat="22.41442232" lon="114.1772702"><ele>379.232421875</ele><time>2019-01-12T04:14:13Z</time></trkpt><trkpt lat="22.41443975" lon="114.17728224"><ele>377.9478759765625</ele><time>2019-01-12T04:14:15Z</time></trkpt><trkpt lat="22.41442474" lon="114.17726795"><ele>377.650634765625</ele><time>2019-01-12T04:15:07Z</time></trkpt><trkpt lat="22.41441458" lon="114.17723416"><ele>380.681396484375</ele><time>2019-01-12T04:15:10Z</time></trkpt><trkpt lat="22.41441498" lon="114.17721394"><ele>380.4764404296875</ele><time>2019-01-12T04:15:15Z</time></trkpt><trkpt lat="22.41441372" lon="114.17723848"><ele>378.62652587890625</ele><time>2019-01-12T04:15:24Z</time></trkpt><trkpt lat="22.4143912" lon="114.17722876"><ele>379.91448974609375</ele><time>2019-01-12T04:15:27Z</time></trkpt><trkpt lat="22.41438013" lon="114.17720699"><ele>378.86883544921875</ele><time>2019-01-12T04:15:30Z</time></trkpt><trkpt lat="22.41436759" lon="114.17719174"><ele>377.75579833984375</ele><time>2019-01-12T04:15:32Z</time></trkpt><trkpt lat="22.41435195" lon="114.17717181"><ele>378.1041259765625</ele><time>2019-01-12T04:15:34Z</time></trkpt><trkpt lat="22.41434007" lon="114.17714622"><ele>376.29010009765625</ele><time>2019-01-12T04:15:37Z</time></trkpt><trkpt lat="22.41432461" lon="114.17712566"><ele>376.26715087890625</ele><time>2019-01-12T04:15:40Z</time></trkpt><trkpt lat="22.41430781" lon="114.17710794"><ele>376.6121826171875</ele><time>2019-01-12T04:15:42Z</time></trkpt><trkpt lat="22.41428556" lon="114.17709314"><ele>377.1365966796875</ele><time>2019-01-12T04:15:45Z</time></trkpt><trkpt lat="22.41426848" lon="114.17708168"><ele>375.3570556640625</ele><time>2019-01-12T04:15:47Z</time></trkpt><trkpt lat="22.41424805" lon="114.17706277"><ele>377.555908203125</ele><time>2019-01-12T04:15:49Z</time></trkpt><trkpt lat="22.41422123" lon="114.1770388"><ele>378.5992431640625</ele><time>2019-01-12T04:15:51Z</time></trkpt><trkpt lat="22.41419998" lon="114.17702647"><ele>377.93499755859375</ele><time>2019-01-12T04:15:53Z</time></trkpt><trkpt lat="22.41418225" lon="114.17701448"><ele>377.4630126953125</ele><time>2019-01-12T04:15:55Z</time></trkpt><trkpt lat="22.41416691" lon="114.17700131"><ele>376.907958984375</ele><time>2019-01-12T04:15:57Z</time></trkpt><trkpt lat="22.4141535" lon="114.17697585"><ele>378.64862060546875</ele><time>2019-01-12T04:16:00Z</time></trkpt><trkpt lat="22.41414407" lon="114.17695752"><ele>378.573974609375</ele><time>2019-01-12T04:16:02Z</time></trkpt><trkpt lat="22.4141303" lon="114.1769413"><ele>378.11572265625</ele><time>2019-01-12T04:16:04Z</time></trkpt><trkpt lat="22.41411556" lon="114.17692065"><ele>378.82275390625</ele><time>2019-01-12T04:16:06Z</time></trkpt><trkpt lat="22.41409952" lon="114.17689413"><ele>379.89306640625</ele><time>2019-01-12T04:16:08Z</time></trkpt><trkpt lat="22.41409128" lon="114.17687336"><ele>379.84967041015625</ele><time>2019-01-12T04:16:10Z</time></trkpt><trkpt lat="22.41408559" lon="114.17684469"><ele>382.1004638671875</ele><time>2019-01-12T04:16:13Z</time></trkpt><trkpt lat="22.41407679" lon="114.17681936"><ele>380.7646484375</ele><time>2019-01-12T04:16:16Z</time></trkpt><trkpt lat="22.41405734" lon="114.1767969"><ele>382.734130859375</ele><time>2019-01-12T04:16:19Z</time></trkpt><trkpt lat="22.41405263" lon="114.17677189"><ele>383.0916748046875</ele><time>2019-01-12T04:16:21Z</time></trkpt><trkpt lat="22.41407144" lon="114.1767538"><ele>379.9647216796875</ele><time>2019-01-12T04:16:23Z</time></trkpt><trkpt lat="22.41408174" lon="114.17673438"><ele>380.22344970703125</ele><time>2019-01-12T04:16:25Z</time></trkpt><trkpt lat="22.41408867" lon="114.17671125"><ele>380.4576416015625</ele><time>2019-01-12T04:16:27Z</time></trkpt><trkpt lat="22.41409396" lon="114.17668674"><ele>379.5128173828125</ele><time>2019-01-12T04:16:29Z</time></trkpt><trkpt lat="22.41410013" lon="114.17665652"><ele>378.6004638671875</ele><time>2019-01-12T04:16:31Z</time></trkpt><trkpt lat="22.41410302" lon="114.17663492"><ele>380.90338134765625</ele><time>2019-01-12T04:16:33Z</time></trkpt><trkpt lat="22.41410897" lon="114.1766119"><ele>379.5836181640625</ele><time>2019-01-12T04:16:35Z</time></trkpt><trkpt lat="22.41411102" lon="114.1765876"><ele>380.3050537109375</ele><time>2019-01-12T04:16:37Z</time></trkpt><trkpt lat="22.41411278" lon="114.17655971"><ele>382.07061767578125</ele><time>2019-01-12T04:16:39Z</time></trkpt><trkpt lat="22.4141135" lon="114.17653161"><ele>381.7633056640625</ele><time>2019-01-12T04:16:41Z</time></trkpt><trkpt lat="22.41411534" lon="114.17650271"><ele>382.0731201171875</ele><time>2019-01-12T04:16:43Z</time></trkpt><trkpt lat="22.41411825" lon="114.17647991"><ele>381.8519287109375</ele><time>2019-01-12T04:16:45Z</time></trkpt><trkpt lat="22.41412942" lon="114.17645862"><ele>378.89801025390625</ele><time>2019-01-12T04:16:48Z</time></trkpt><trkpt lat="22.41413756" lon="114.17642824"><ele>377.44287109375</ele><time>2019-01-12T04:16:51Z</time></trkpt><trkpt lat="22.41413689" lon="114.1764062"><ele>377.8677978515625</ele><time>2019-01-12T04:16:53Z</time></trkpt><trkpt lat="22.41416162" lon="114.17639158"><ele>376.51483154296875</ele><time>2019-01-12T04:16:56Z</time></trkpt><trkpt lat="22.41418389" lon="114.17638631"><ele>377.3240966796875</ele><time>2019-01-12T04:16:58Z</time></trkpt><trkpt lat="22.41420156" lon="114.17637139"><ele>375.4873046875</ele><time>2019-01-12T04:17:00Z</time></trkpt><trkpt lat="22.4142164" lon="114.1763538"><ele>376.1351318359375</ele><time>2019-01-12T04:17:02Z</time></trkpt><trkpt lat="22.41422818" lon="114.17633342"><ele>374.16937255859375</ele><time>2019-01-12T04:17:04Z</time></trkpt><trkpt lat="22.41424786" lon="114.17632183"><ele>370.90740966796875</ele><time>2019-01-12T04:17:07Z</time></trkpt><trkpt lat="22.41426072" lon="114.17630159"><ele>369.48858642578125</ele><time>2019-01-12T04:17:10Z</time></trkpt><trkpt lat="22.41426757" lon="114.17627936"><ele>371.83349609375</ele><time>2019-01-12T04:17:12Z</time></trkpt><trkpt lat="22.41427253" lon="114.17625704"><ele>370.78076171875</ele><time>2019-01-12T04:17:14Z</time></trkpt><trkpt lat="22.4142682" lon="114.1762302"><ele>370.408203125</ele><time>2019-01-12T04:17:17Z</time></trkpt><trkpt lat="22.41426529" lon="114.17621045"><ele>369.5760498046875</ele><time>2019-01-12T04:17:19Z</time></trkpt><trkpt lat="22.41426844" lon="114.17618599"><ele>370.11639404296875</ele><time>2019-01-12T04:17:21Z</time></trkpt><trkpt lat="22.41426875" lon="114.17615266"><ele>372.442626953125</ele><time>2019-01-12T04:17:23Z</time></trkpt><trkpt lat="22.41426837" lon="114.17613296"><ele>372.7265625</ele><time>2019-01-12T04:17:24Z</time></trkpt><trkpt lat="22.41427402" lon="114.17610227"><ele>373.18212890625</ele><time>2019-01-12T04:17:26Z</time></trkpt><trkpt lat="22.41427728" lon="114.17607717"><ele>373.23614501953125</ele><time>2019-01-12T04:17:28Z</time></trkpt><trkpt lat="22.41428764" lon="114.1760522"><ele>374.458984375</ele><time>2019-01-12T04:17:30Z</time></trkpt><trkpt lat="22.41429512" lon="114.17602255"><ele>375.30767822265625</ele><time>2019-01-12T04:17:32Z</time></trkpt><trkpt lat="22.41430208" lon="114.17599689"><ele>374.57159423828125</ele><time>2019-01-12T04:17:34Z</time></trkpt><trkpt lat="22.4143062" lon="114.17596967"><ele>375.2188720703125</ele><time>2019-01-12T04:17:36Z</time></trkpt><trkpt lat="22.41430375" lon="114.17594817"><ele>377.3936767578125</ele><time>2019-01-12T04:17:38Z</time></trkpt><trkpt lat="22.4143085" lon="114.17592439"><ele>377.723388671875</ele><time>2019-01-12T04:17:40Z</time></trkpt><trkpt lat="22.41431498" lon="114.17589858"><ele>378.339111328125</ele><time>2019-01-12T04:17:42Z</time></trkpt><trkpt lat="22.41431798" lon="114.17587076"><ele>379.80767822265625</ele><time>2019-01-12T04:17:44Z</time></trkpt><trkpt lat="22.41432497" lon="114.1758504"><ele>379.20440673828125</ele><time>2019-01-12T04:17:46Z</time></trkpt><trkpt lat="22.41432685" lon="114.17582531"><ele>379.7452392578125</ele><time>2019-01-12T04:17:48Z</time></trkpt><trkpt lat="22.41433037" lon="114.17579916"><ele>380.90594482421875</ele><time>2019-01-12T04:17:50Z</time></trkpt><trkpt lat="22.41432924" lon="114.17577734"><ele>380.716064453125</ele><time>2019-01-12T04:17:52Z</time></trkpt><trkpt lat="22.41432544" lon="114.17575341"><ele>380.859130859375</ele><time>2019-01-12T04:17:54Z</time></trkpt><trkpt lat="22.41433128" lon="114.17572592"><ele>379.6976318359375</ele><time>2019-01-12T04:17:57Z</time></trkpt><trkpt lat="22.41433663" lon="114.17570261"><ele>379.544189453125</ele><time>2019-01-12T04:17:59Z</time></trkpt><trkpt lat="22.41434386" lon="114.17567732"><ele>379.46337890625</ele><time>2019-01-12T04:18:01Z</time></trkpt><trkpt lat="22.41434713" lon="114.17565651"><ele>379.65869140625</ele><time>2019-01-12T04:18:03Z</time></trkpt><trkpt lat="22.41435105" lon="114.17563453"><ele>380.7647705078125</ele><time>2019-01-12T04:18:05Z</time></trkpt><trkpt lat="22.41435276" lon="114.17560817"><ele>381.4224853515625</ele><time>2019-01-12T04:18:07Z</time></trkpt><trkpt lat="22.41435858" lon="114.17558113"><ele>383.2783203125</ele><time>2019-01-12T04:18:09Z</time></trkpt><trkpt lat="22.41436855" lon="114.17556176"><ele>383.522216796875</ele><time>2019-01-12T04:18:11Z</time></trkpt><trkpt lat="22.41437454" lon="114.17553653"><ele>383.383056640625</ele><time>2019-01-12T04:18:13Z</time></trkpt><trkpt lat="22.41437666" lon="114.17551345"><ele>381.8197021484375</ele><time>2019-01-12T04:18:15Z</time></trkpt><trkpt lat="22.4143876" lon="114.17549603"><ele>379.70330810546875</ele><time>2019-01-12T04:18:17Z</time></trkpt><trkpt lat="22.41440188" lon="114.17548166"><ele>380.53125</ele><time>2019-01-12T04:18:19Z</time></trkpt><trkpt lat="22.41442856" lon="114.17547845"><ele>377.788330078125</ele><time>2019-01-12T04:18:21Z</time></trkpt><trkpt lat="22.4144506" lon="114.17546705"><ele>377.08062744140625</ele><time>2019-01-12T04:18:23Z</time></trkpt><trkpt lat="22.41446859" lon="114.1754469"><ele>378.12567138671875</ele><time>2019-01-12T04:18:25Z</time></trkpt><trkpt lat="22.41448049" lon="114.17542726"><ele>377.6861572265625</ele><time>2019-01-12T04:18:27Z</time></trkpt><trkpt lat="22.41448696" lon="114.17540465"><ele>378.947265625</ele><time>2019-01-12T04:18:29Z</time></trkpt><trkpt lat="22.41449948" lon="114.17538421"><ele>379.06524658203125</ele><time>2019-01-12T04:18:31Z</time></trkpt><trkpt lat="22.41451933" lon="114.17536887"><ele>379.447998046875</ele><time>2019-01-12T04:18:33Z</time></trkpt><trkpt lat="22.4145327" lon="114.17534929"><ele>380.9190673828125</ele><time>2019-01-12T04:18:35Z</time></trkpt><trkpt lat="22.41453923" lon="114.17532635"><ele>380.4219970703125</ele><time>2019-01-12T04:18:37Z</time></trkpt><trkpt lat="22.41455275" lon="114.17530839"><ele>380.27783203125</ele><time>2019-01-12T04:18:39Z</time></trkpt><trkpt lat="22.41455488" lon="114.17528562"><ele>378.5281982421875</ele><time>2019-01-12T04:18:41Z</time></trkpt><trkpt lat="22.41457588" lon="114.1752713"><ele>375.5350341796875</ele><time>2019-01-12T04:18:45Z</time></trkpt><trkpt lat="22.41458728" lon="114.17524853"><ele>375.74560546875</ele><time>2019-01-12T04:18:48Z</time></trkpt><trkpt lat="22.41459483" lon="114.17522949"><ele>376.6617431640625</ele><time>2019-01-12T04:18:50Z</time></trkpt><trkpt lat="22.41460394" lon="114.17521033"><ele>377.05908203125</ele><time>2019-01-12T04:18:52Z</time></trkpt><trkpt lat="22.41461538" lon="114.17518643"><ele>377.750244140625</ele><time>2019-01-12T04:18:54Z</time></trkpt><trkpt lat="22.41462194" lon="114.17516108"><ele>377.8760986328125</ele><time>2019-01-12T04:18:56Z</time></trkpt><trkpt lat="22.41463915" lon="114.17514336"><ele>375.85302734375</ele><time>2019-01-12T04:18:58Z</time></trkpt><trkpt lat="22.41466053" lon="114.17513332"><ele>376.94921875</ele><time>2019-01-12T04:19:00Z</time></trkpt><trkpt lat="22.41468527" lon="114.17511507"><ele>378.1812744140625</ele><time>2019-01-12T04:19:02Z</time></trkpt><trkpt lat="22.41469899" lon="114.17509481"><ele>377.55084228515625</ele><time>2019-01-12T04:19:04Z</time></trkpt><trkpt lat="22.41471211" lon="114.17507735"><ele>376.3057861328125</ele><time>2019-01-12T04:19:06Z</time></trkpt><trkpt lat="22.41472842" lon="114.17506539"><ele>375.30682373046875</ele><time>2019-01-12T04:19:08Z</time></trkpt><trkpt lat="22.4147456" lon="114.17505208"><ele>374.74407958984375</ele><time>2019-01-12T04:19:10Z</time></trkpt><trkpt lat="22.4147453" lon="114.17502509"><ele>374.47265625</ele><time>2019-01-12T04:19:12Z</time></trkpt><trkpt lat="22.41473772" lon="114.17499685"><ele>376.2393798828125</ele><time>2019-01-12T04:19:14Z</time></trkpt><trkpt lat="22.41473769" lon="114.17496398"><ele>377.496337890625</ele><time>2019-01-12T04:19:16Z</time></trkpt><trkpt lat="22.41474277" lon="114.17493617"><ele>377.7640380859375</ele><time>2019-01-12T04:19:18Z</time></trkpt><trkpt lat="22.41477019" lon="114.17491833"><ele>376.8177490234375</ele><time>2019-01-12T04:19:20Z</time></trkpt><trkpt lat="22.41478648" lon="114.17490962"><ele>375.76068115234375</ele><time>2019-01-12T04:19:22Z</time></trkpt><trkpt lat="22.41479906" lon="114.17488615"><ele>374.68670654296875</ele><time>2019-01-12T04:19:25Z</time></trkpt><trkpt lat="22.41480365" lon="114.17485872"><ele>374.1533203125</ele><time>2019-01-12T04:19:28Z</time></trkpt><trkpt lat="22.41481883" lon="114.17483151"><ele>372.0672607421875</ele><time>2019-01-12T04:19:31Z</time></trkpt><trkpt lat="22.41484126" lon="114.17480991"><ele>372.651611328125</ele><time>2019-01-12T04:19:33Z</time></trkpt><trkpt lat="22.41485828" lon="114.17479167"><ele>372.4173583984375</ele><time>2019-01-12T04:19:35Z</time></trkpt><trkpt lat="22.41486231" lon="114.17476652"><ele>372.3572998046875</ele><time>2019-01-12T04:19:37Z</time></trkpt><trkpt lat="22.4148641" lon="114.17474434"><ele>371.4205322265625</ele><time>2019-01-12T04:19:39Z</time></trkpt><trkpt lat="22.41486634" lon="114.17472003"><ele>371.53497314453125</ele><time>2019-01-12T04:19:41Z</time></trkpt><trkpt lat="22.41487393" lon="114.17470235"><ele>371.242431640625</ele><time>2019-01-12T04:19:43Z</time></trkpt><trkpt lat="22.41488656" lon="114.17468587"><ele>370.6407470703125</ele><time>2019-01-12T04:19:45Z</time></trkpt><trkpt lat="22.41491429" lon="114.17466834"><ele>371.20166015625</ele><time>2019-01-12T04:19:47Z</time></trkpt><trkpt lat="22.41493685" lon="114.17465373"><ele>369.0909423828125</ele><time>2019-01-12T04:19:50Z</time></trkpt><trkpt lat="22.4149495" lon="114.17463504"><ele>369.69805908203125</ele><time>2019-01-12T04:19:53Z</time></trkpt><trkpt lat="22.41496975" lon="114.17461972"><ele>366.94091796875</ele><time>2019-01-12T04:19:57Z</time></trkpt><trkpt lat="22.41499006" lon="114.17460983"><ele>365.11328125</ele><time>2019-01-12T04:20:00Z</time></trkpt><trkpt lat="22.41500831" lon="114.17460123"><ele>364.81195068359375</ele><time>2019-01-12T04:20:02Z</time></trkpt><trkpt lat="22.41502948" lon="114.17458602"><ele>365.0555419921875</ele><time>2019-01-12T04:20:04Z</time></trkpt><trkpt lat="22.41505211" lon="114.17457127"><ele>365.1396484375</ele><time>2019-01-12T04:20:06Z</time></trkpt><trkpt lat="22.41506652" lon="114.17455237"><ele>365.12957763671875</ele><time>2019-01-12T04:20:08Z</time></trkpt><trkpt lat="22.41508252" lon="114.174541"><ele>364.60382080078125</ele><time>2019-01-12T04:20:10Z</time></trkpt><trkpt lat="22.41509232" lon="114.17451975"><ele>365.59979248046875</ele><time>2019-01-12T04:20:13Z</time></trkpt><trkpt lat="22.41509042" lon="114.17449375"><ele>366.03106689453125</ele><time>2019-01-12T04:20:15Z</time></trkpt><trkpt lat="22.41509809" lon="114.1744716"><ele>366.76446533203125</ele><time>2019-01-12T04:20:17Z</time></trkpt><trkpt lat="22.41510602" lon="114.17444311"><ele>366.09991455078125</ele><time>2019-01-12T04:20:20Z</time></trkpt><trkpt lat="22.41510762" lon="114.17442125"><ele>367.83465576171875</ele><time>2019-01-12T04:20:22Z</time></trkpt><trkpt lat="22.41510564" lon="114.17439902"><ele>368.46923828125</ele><time>2019-01-12T04:20:24Z</time></trkpt><trkpt lat="22.41510682" lon="114.17437717"><ele>368.6788330078125</ele><time>2019-01-12T04:20:26Z</time></trkpt><trkpt lat="22.4151097" lon="114.17435365"><ele>366.96942138671875</ele><time>2019-01-12T04:20:29Z</time></trkpt><trkpt lat="22.41511751" lon="114.17432694"><ele>367.314697265625</ele><time>2019-01-12T04:20:32Z</time></trkpt><trkpt lat="22.41512872" lon="114.17430716"><ele>368.5230712890625</ele><time>2019-01-12T04:20:34Z</time></trkpt><trkpt lat="22.41514105" lon="114.1742885"><ele>368.29150390625</ele><time>2019-01-12T04:20:36Z</time></trkpt><trkpt lat="22.41514343" lon="114.17426172"><ele>364.70281982421875</ele><time>2019-01-12T04:20:39Z</time></trkpt><trkpt lat="22.41514424" lon="114.17423664"><ele>364.45782470703125</ele><time>2019-01-12T04:20:42Z</time></trkpt><trkpt lat="22.41514589" lon="114.17421261"><ele>364.8162841796875</ele><time>2019-01-12T04:20:44Z</time></trkpt><trkpt lat="22.41515907" lon="114.17418522"><ele>365.63232421875</ele><time>2019-01-12T04:20:47Z</time></trkpt><trkpt lat="22.41516708" lon="114.17416232"><ele>365.9752197265625</ele><time>2019-01-12T04:20:49Z</time></trkpt><trkpt lat="22.4151587" lon="114.17413324"><ele>367.6875</ele><time>2019-01-12T04:20:51Z</time></trkpt><trkpt lat="22.41515922" lon="114.17411365"><ele>367.26611328125</ele><time>2019-01-12T04:20:53Z</time></trkpt><trkpt lat="22.41517226" lon="114.17409428"><ele>367.31683349609375</ele><time>2019-01-12T04:20:56Z</time></trkpt><trkpt lat="22.415194" lon="114.17407438"><ele>368.12060546875</ele><time>2019-01-12T04:20:58Z</time></trkpt><trkpt lat="22.41521052" lon="114.17406451"><ele>370.1317138671875</ele><time>2019-01-12T04:20:59Z</time></trkpt><trkpt lat="22.41523361" lon="114.17404726"><ele>370.7559814453125</ele><time>2019-01-12T04:21:01Z</time></trkpt><trkpt lat="22.4152502" lon="114.1740234"><ele>372.0150146484375</ele><time>2019-01-12T04:21:03Z</time></trkpt><trkpt lat="22.41526621" lon="114.17399778"><ele>373.5439453125</ele><time>2019-01-12T04:21:05Z</time></trkpt><trkpt lat="22.41528736" lon="114.17397475"><ele>373.5521240234375</ele><time>2019-01-12T04:21:07Z</time></trkpt><trkpt lat="22.4153047" lon="114.17395417"><ele>373.05218505859375</ele><time>2019-01-12T04:21:09Z</time></trkpt><trkpt lat="22.41532332" lon="114.17393484"><ele>371.9630126953125</ele><time>2019-01-12T04:21:12Z</time></trkpt><trkpt lat="22.4153359" lon="114.17391954"><ele>372.38494873046875</ele><time>2019-01-12T04:21:14Z</time></trkpt><trkpt lat="22.41534956" lon="114.17389981"><ele>373.00390625</ele><time>2019-01-12T04:21:16Z</time></trkpt><trkpt lat="22.41536819" lon="114.17388118"><ele>373.9232177734375</ele><time>2019-01-12T04:21:18Z</time></trkpt><trkpt lat="22.41538909" lon="114.17385866"><ele>374.2425537109375</ele><time>2019-01-12T04:21:20Z</time></trkpt><trkpt lat="22.41540232" lon="114.17384536"><ele>375.97125244140625</ele><time>2019-01-12T04:21:22Z</time></trkpt><trkpt lat="22.41542172" lon="114.17383328"><ele>375.44873046875</ele><time>2019-01-12T04:21:24Z</time></trkpt><trkpt lat="22.41544003" lon="114.17381993"><ele>374.32928466796875</ele><time>2019-01-12T04:21:26Z</time></trkpt><trkpt lat="22.41544587" lon="114.17379077"><ele>376.0289306640625</ele><time>2019-01-12T04:21:29Z</time></trkpt><trkpt lat="22.41544249" lon="114.17376794"><ele>377.5384521484375</ele><time>2019-01-12T04:21:31Z</time></trkpt><trkpt lat="22.41544007" lon="114.17374142"><ele>377.6278076171875</ele><time>2019-01-12T04:21:34Z</time></trkpt><trkpt lat="22.41544798" lon="114.1737139"><ele>378.5650634765625</ele><time>2019-01-12T04:21:37Z</time></trkpt><trkpt lat="22.41545748" lon="114.17369253"><ele>378.376708984375</ele><time>2019-01-12T04:21:39Z</time></trkpt><trkpt lat="22.41545767" lon="114.17367212"><ele>377.7979736328125</ele><time>2019-01-12T04:21:41Z</time></trkpt><trkpt lat="22.41545356" lon="114.1736479"><ele>377.863037109375</ele><time>2019-01-12T04:21:44Z</time></trkpt><trkpt lat="22.41546178" lon="114.17361994"><ele>377.78558349609375</ele><time>2019-01-12T04:21:47Z</time></trkpt><trkpt lat="22.41547441" lon="114.17360273"><ele>377.6014404296875</ele><time>2019-01-12T04:21:49Z</time></trkpt><trkpt lat="22.41548735" lon="114.17358347"><ele>378.4288330078125</ele><time>2019-01-12T04:21:51Z</time></trkpt><trkpt lat="22.41550508" lon="114.17355723"><ele>379.5689697265625</ele><time>2019-01-12T04:21:53Z</time></trkpt><trkpt lat="22.41552113" lon="114.17353815"><ele>379.43560791015625</ele><time>2019-01-12T04:21:56Z</time></trkpt><trkpt lat="22.41552338" lon="114.17351319"><ele>380.6954345703125</ele><time>2019-01-12T04:21:59Z</time></trkpt><trkpt lat="22.41552007" lon="114.17348928"><ele>380.9200439453125</ele><time>2019-01-12T04:22:02Z</time></trkpt><trkpt lat="22.41552752" lon="114.17346271"><ele>381.3184814453125</ele><time>2019-01-12T04:22:05Z</time></trkpt><trkpt lat="22.4155358" lon="114.17343724"><ele>380.75787353515625</ele><time>2019-01-12T04:22:08Z</time></trkpt><trkpt lat="22.41553981" lon="114.17341522"><ele>379.5238037109375</ele><time>2019-01-12T04:22:11Z</time></trkpt><trkpt lat="22.41554954" lon="114.17339243"><ele>381.36578369140625</ele><time>2019-01-12T04:22:14Z</time></trkpt><trkpt lat="22.41556098" lon="114.17337142"><ele>381.745361328125</ele><time>2019-01-12T04:22:17Z</time></trkpt><trkpt lat="22.41555884" lon="114.17334597"><ele>380.9188232421875</ele><time>2019-01-12T04:22:20Z</time></trkpt><trkpt lat="22.41557006" lon="114.17332242"><ele>380.2938232421875</ele><time>2019-01-12T04:22:23Z</time></trkpt><trkpt lat="22.41558454" lon="114.17330169"><ele>380.0472412109375</ele><time>2019-01-12T04:22:26Z</time></trkpt><trkpt lat="22.41559499" lon="114.17328567"><ele>379.907958984375</ele><time>2019-01-12T04:22:28Z</time></trkpt><trkpt lat="22.41560925" lon="114.17325945"><ele>380.07110595703125</ele><time>2019-01-12T04:22:31Z</time></trkpt><trkpt lat="22.41561735" lon="114.17324205"><ele>380.6510009765625</ele><time>2019-01-12T04:22:33Z</time></trkpt><trkpt lat="22.41562984" lon="114.1732145"><ele>382.803466796875</ele><time>2019-01-12T04:22:36Z</time></trkpt><trkpt lat="22.41564301" lon="114.17319703"><ele>384.425048828125</ele><time>2019-01-12T04:22:38Z</time></trkpt><trkpt lat="22.41565399" lon="114.17317862"><ele>384.751220703125</ele><time>2019-01-12T04:22:40Z</time></trkpt><trkpt lat="22.4156667" lon="114.173155"><ele>385.6229248046875</ele><time>2019-01-12T04:22:42Z</time></trkpt><trkpt lat="22.41567472" lon="114.17313349"><ele>385.61962890625</ele><time>2019-01-12T04:22:44Z</time></trkpt><trkpt lat="22.41569231" lon="114.17311678"><ele>385.49212646484375</ele><time>2019-01-12T04:22:46Z</time></trkpt><trkpt lat="22.41570516" lon="114.17309901"><ele>385.80303955078125</ele><time>2019-01-12T04:22:48Z</time></trkpt><trkpt lat="22.41572224" lon="114.17308534"><ele>384.12481689453125</ele><time>2019-01-12T04:22:50Z</time></trkpt><trkpt lat="22.41573616" lon="114.17306896"><ele>385.894287109375</ele><time>2019-01-12T04:22:52Z</time></trkpt><trkpt lat="22.41574232" lon="114.17304488"><ele>387.804443359375</ele><time>2019-01-12T04:22:54Z</time></trkpt><trkpt lat="22.41574468" lon="114.17301926"><ele>388.126220703125</ele><time>2019-01-12T04:22:56Z</time></trkpt><trkpt lat="22.41574415" lon="114.17299285"><ele>388.4639892578125</ele><time>2019-01-12T04:22:58Z</time></trkpt><trkpt lat="22.41575336" lon="114.17297438"><ele>387.924560546875</ele><time>2019-01-12T04:23:00Z</time></trkpt><trkpt lat="22.41577777" lon="114.17296069"><ele>387.45458984375</ele><time>2019-01-12T04:23:03Z</time></trkpt><trkpt lat="22.41578748" lon="114.17294225"><ele>387.4588623046875</ele><time>2019-01-12T04:23:06Z</time></trkpt><trkpt lat="22.41579057" lon="114.17292286"><ele>387.40374755859375</ele><time>2019-01-12T04:23:08Z</time></trkpt><trkpt lat="22.41578855" lon="114.17289963"><ele>387.6505126953125</ele><time>2019-01-12T04:23:10Z</time></trkpt><trkpt lat="22.41579585" lon="114.17287704"><ele>387.9837646484375</ele><time>2019-01-12T04:23:12Z</time></trkpt><trkpt lat="22.4158107" lon="114.17286191"><ele>388.22796630859375</ele><time>2019-01-12T04:23:14Z</time></trkpt><trkpt lat="22.41582213" lon="114.17284625"><ele>388.93701171875</ele><time>2019-01-12T04:23:16Z</time></trkpt><trkpt lat="22.415815" lon="114.17282132"><ele>388.8018798828125</ele><time>2019-01-12T04:23:18Z</time></trkpt><trkpt lat="22.41580269" lon="114.17279378"><ele>388.9556884765625</ele><time>2019-01-12T04:23:20Z</time></trkpt><trkpt lat="22.41579455" lon="114.17276872"><ele>387.2818603515625</ele><time>2019-01-12T04:23:22Z</time></trkpt><trkpt lat="22.4157872" lon="114.17274617"><ele>387.14251708984375</ele><time>2019-01-12T04:23:24Z</time></trkpt><trkpt lat="22.41578729" lon="114.1727249"><ele>387.34613037109375</ele><time>2019-01-12T04:23:26Z</time></trkpt><trkpt lat="22.41578477" lon="114.17269721"><ele>387.5535888671875</ele><time>2019-01-12T04:23:29Z</time></trkpt><trkpt lat="22.4157782" lon="114.17267641"><ele>387.8941650390625</ele><time>2019-01-12T04:23:31Z</time></trkpt><trkpt lat="22.41577017" lon="114.17265215"><ele>387.6973876953125</ele><time>2019-01-12T04:23:33Z</time></trkpt><trkpt lat="22.41575674" lon="114.17262571"><ele>388.26251220703125</ele><time>2019-01-12T04:23:35Z</time></trkpt><trkpt lat="22.41574449" lon="114.17260602"><ele>389.58837890625</ele><time>2019-01-12T04:23:37Z</time></trkpt><trkpt lat="22.4157383" lon="114.17258473"><ele>389.7669677734375</ele><time>2019-01-12T04:23:39Z</time></trkpt><trkpt lat="22.41572626" lon="114.17255989"><ele>390.1837158203125</ele><time>2019-01-12T04:23:41Z</time></trkpt><trkpt lat="22.41570717" lon="114.17253423"><ele>390.6473388671875</ele><time>2019-01-12T04:23:43Z</time></trkpt><trkpt lat="22.41569346" lon="114.17251425"><ele>392.5987548828125</ele><time>2019-01-12T04:23:45Z</time></trkpt><trkpt lat="22.41568328" lon="114.17249784"><ele>393.02239990234375</ele><time>2019-01-12T04:23:47Z</time></trkpt><trkpt lat="22.41568055" lon="114.17247289"><ele>392.47418212890625</ele><time>2019-01-12T04:23:50Z</time></trkpt><trkpt lat="22.41567695" lon="114.17244855"><ele>391.0595703125</ele><time>2019-01-12T04:23:52Z</time></trkpt><trkpt lat="22.41566708" lon="114.17242642"><ele>390.1171875</ele><time>2019-01-12T04:23:54Z</time></trkpt><trkpt lat="22.41565699" lon="114.17240033"><ele>391.30401611328125</ele><time>2019-01-12T04:23:57Z</time></trkpt><trkpt lat="22.41565955" lon="114.17238108"><ele>391.7454833984375</ele><time>2019-01-12T04:23:59Z</time></trkpt><trkpt lat="22.41565755" lon="114.17235898"><ele>392.014404296875</ele><time>2019-01-12T04:24:01Z</time></trkpt><trkpt lat="22.41566272" lon="114.1723323"><ele>391.593505859375</ele><time>2019-01-12T04:24:04Z</time></trkpt><trkpt lat="22.41567113" lon="114.17230553"><ele>392.72650146484375</ele><time>2019-01-12T04:24:07Z</time></trkpt><trkpt lat="22.41568577" lon="114.17228452"><ele>394.1036376953125</ele><time>2019-01-12T04:24:10Z</time></trkpt><trkpt lat="22.41568396" lon="114.17225399"><ele>396.557373046875</ele><time>2019-01-12T04:24:13Z</time></trkpt><trkpt lat="22.41567503" lon="114.17223703"><ele>396.2791748046875</ele><time>2019-01-12T04:24:15Z</time></trkpt><trkpt lat="22.41567271" lon="114.17221062"><ele>397.62701416015625</ele><time>2019-01-12T04:24:18Z</time></trkpt><trkpt lat="22.41568255" lon="114.17218668"><ele>396.29052734375</ele><time>2019-01-12T04:24:20Z</time></trkpt><trkpt lat="22.41567861" lon="114.17215658"><ele>396.563720703125</ele><time>2019-01-12T04:24:23Z</time></trkpt><trkpt lat="22.41566743" lon="114.17212729"><ele>397.8428955078125</ele><time>2019-01-12T04:24:25Z</time></trkpt><trkpt lat="22.41566227" lon="114.17209598"><ele>398.20166015625</ele><time>2019-01-12T04:24:27Z</time></trkpt><trkpt lat="22.41566111" lon="114.17207315"><ele>397.0535888671875</ele><time>2019-01-12T04:24:30Z</time></trkpt><trkpt lat="22.41567334" lon="114.17205123"><ele>397.646728515625</ele><time>2019-01-12T04:24:33Z</time></trkpt><trkpt lat="22.41568463" lon="114.17202529"><ele>399.40753173828125</ele><time>2019-01-12T04:24:36Z</time></trkpt><trkpt lat="22.41569437" lon="114.17200712"><ele>399.846435546875</ele><time>2019-01-12T04:24:38Z</time></trkpt><trkpt lat="22.41567283" lon="114.17200215"><ele>398.55035400390625</ele><time>2019-01-12T04:24:47Z</time></trkpt><trkpt lat="22.41564942" lon="114.1720017"><ele>398.9678955078125</ele><time>2019-01-12T04:24:51Z</time></trkpt><trkpt lat="22.41564377" lon="114.17198034"><ele>396.57415771484375</ele><time>2019-01-12T04:25:25Z</time></trkpt><trkpt lat="22.41564401" lon="114.17195849"><ele>396.0665283203125</ele><time>2019-01-12T04:25:27Z</time></trkpt><trkpt lat="22.41563122" lon="114.17193238"><ele>395.87701416015625</ele><time>2019-01-12T04:25:29Z</time></trkpt><trkpt lat="22.41562333" lon="114.17191358"><ele>395.034423828125</ele><time>2019-01-12T04:25:30Z</time></trkpt><trkpt lat="22.41561522" lon="114.17189242"><ele>394.9617919921875</ele><time>2019-01-12T04:25:31Z</time></trkpt><trkpt lat="22.41560707" lon="114.17187263"><ele>395.0875244140625</ele><time>2019-01-12T04:25:32Z</time></trkpt><trkpt lat="22.415594" lon="114.17184036"><ele>394.22674560546875</ele><time>2019-01-12T04:25:34Z</time></trkpt><trkpt lat="22.41557185" lon="114.17181856"><ele>394.7091064453125</ele><time>2019-01-12T04:25:36Z</time></trkpt><trkpt lat="22.41555729" lon="114.17180673"><ele>395.2803955078125</ele><time>2019-01-12T04:25:37Z</time></trkpt><trkpt lat="22.41553643" lon="114.17177928"><ele>394.5599365234375</ele><time>2019-01-12T04:25:39Z</time></trkpt><trkpt lat="22.4155278" lon="114.17175135"><ele>395.2509765625</ele><time>2019-01-12T04:25:41Z</time></trkpt><trkpt lat="22.41552857" lon="114.17172749"><ele>396.0169677734375</ele><time>2019-01-12T04:25:43Z</time></trkpt><trkpt lat="22.41553533" lon="114.17170251"><ele>398.1597900390625</ele><time>2019-01-12T04:25:45Z</time></trkpt><trkpt lat="22.41554403" lon="114.17168407"><ele>398.88800048828125</ele><time>2019-01-12T04:25:47Z</time></trkpt><trkpt lat="22.41555246" lon="114.17165858"><ele>399.47314453125</ele><time>2019-01-12T04:25:49Z</time></trkpt><trkpt lat="22.41555616" lon="114.17163069"><ele>398.15570068359375</ele><time>2019-01-12T04:25:51Z</time></trkpt><trkpt lat="22.41558308" lon="114.17161322"><ele>397.5831298828125</ele><time>2019-01-12T04:25:54Z</time></trkpt><trkpt lat="22.41560192" lon="114.17159374"><ele>396.662353515625</ele><time>2019-01-12T04:25:57Z</time></trkpt><trkpt lat="22.41561413" lon="114.171575"><ele>395.321533203125</ele><time>2019-01-12T04:25:59Z</time></trkpt><trkpt lat="22.41562348" lon="114.17155555"><ele>395.661865234375</ele><time>2019-01-12T04:26:01Z</time></trkpt><trkpt lat="22.41562932" lon="114.17153399"><ele>396.27545166015625</ele><time>2019-01-12T04:26:03Z</time></trkpt><trkpt lat="22.41563444" lon="114.17150922"><ele>397.364501953125</ele><time>2019-01-12T04:26:05Z</time></trkpt><trkpt lat="22.41564076" lon="114.17148075"><ele>397.29888916015625</ele><time>2019-01-12T04:26:07Z</time></trkpt><trkpt lat="22.41565441" lon="114.17146619"><ele>396.8240966796875</ele><time>2019-01-12T04:26:09Z</time></trkpt><trkpt lat="22.41567651" lon="114.17145726"><ele>395.796142578125</ele><time>2019-01-12T04:26:11Z</time></trkpt><trkpt lat="22.41569369" lon="114.17144242"><ele>395.3006591796875</ele><time>2019-01-12T04:26:13Z</time></trkpt><trkpt lat="22.41569856" lon="114.17142095"><ele>394.71099853515625</ele><time>2019-01-12T04:26:16Z</time></trkpt><trkpt lat="22.41571696" lon="114.17140033"><ele>396.0859375</ele><time>2019-01-12T04:26:18Z</time></trkpt><trkpt lat="22.41572849" lon="114.17138444"><ele>395.651123046875</ele><time>2019-01-12T04:26:20Z</time></trkpt><trkpt lat="22.41574335" lon="114.17136274"><ele>397.39178466796875</ele><time>2019-01-12T04:26:23Z</time></trkpt><trkpt lat="22.41576327" lon="114.17135092"><ele>397.8914794921875</ele><time>2019-01-12T04:26:25Z</time></trkpt><trkpt lat="22.41579442" lon="114.17133694"><ele>399.333984375</ele><time>2019-01-12T04:26:27Z</time></trkpt><trkpt lat="22.41581165" lon="114.17132397"><ele>399.9515380859375</ele><time>2019-01-12T04:26:29Z</time></trkpt><trkpt lat="22.41582132" lon="114.17130718"><ele>399.9764404296875</ele><time>2019-01-12T04:26:31Z</time></trkpt><trkpt lat="22.41582832" lon="114.1712877"><ele>400.3741455078125</ele><time>2019-01-12T04:26:33Z</time></trkpt><trkpt lat="22.41584524" lon="114.17126939"><ele>399.760009765625</ele><time>2019-01-12T04:26:36Z</time></trkpt><trkpt lat="22.41587176" lon="114.17125467"><ele>400.06683349609375</ele><time>2019-01-12T04:26:38Z</time></trkpt><trkpt lat="22.41589305" lon="114.17125237"><ele>401.572998046875</ele><time>2019-01-12T04:26:39Z</time></trkpt><trkpt lat="22.41591618" lon="114.17124935"><ele>400.24560546875</ele><time>2019-01-12T04:26:40Z</time></trkpt><trkpt lat="22.4159416" lon="114.17124191"><ele>400.2398681640625</ele><time>2019-01-12T04:26:42Z</time></trkpt><trkpt lat="22.41595482" lon="114.17122847"><ele>399.0335693359375</ele><time>2019-01-12T04:26:44Z</time></trkpt><trkpt lat="22.41598337" lon="114.17121354"><ele>401.0931396484375</ele><time>2019-01-12T04:26:46Z</time></trkpt><trkpt lat="22.41601369" lon="114.1712077"><ele>401.65643310546875</ele><time>2019-01-12T04:26:48Z</time></trkpt><trkpt lat="22.41603344" lon="114.17120318"><ele>402.8004150390625</ele><time>2019-01-12T04:26:50Z</time></trkpt><trkpt lat="22.41605504" lon="114.17119522"><ele>404.2103271484375</ele><time>2019-01-12T04:26:52Z</time></trkpt><trkpt lat="22.41608098" lon="114.17118712"><ele>404.07196044921875</ele><time>2019-01-12T04:26:54Z</time></trkpt><trkpt lat="22.41609827" lon="114.17117841"><ele>404.8299560546875</ele><time>2019-01-12T04:26:56Z</time></trkpt><trkpt lat="22.41611032" lon="114.17115675"><ele>405.7373046875</ele><time>2019-01-12T04:26:59Z</time></trkpt><trkpt lat="22.41612937" lon="114.17114033"><ele>403.2689208984375</ele><time>2019-01-12T04:27:03Z</time></trkpt><trkpt lat="22.41615319" lon="114.17113291"><ele>404.716064453125</ele><time>2019-01-12T04:27:06Z</time></trkpt><trkpt lat="22.41618251" lon="114.17113727"><ele>404.27099609375</ele><time>2019-01-12T04:27:08Z</time></trkpt><trkpt lat="22.41620947" lon="114.17114619"><ele>404.69384765625</ele><time>2019-01-12T04:27:11Z</time></trkpt><trkpt lat="22.41623307" lon="114.17114422"><ele>402.63946533203125</ele><time>2019-01-12T04:27:13Z</time></trkpt><trkpt lat="22.4162548" lon="114.17114078"><ele>403.306396484375</ele><time>2019-01-12T04:27:15Z</time></trkpt><trkpt lat="22.41627785" lon="114.17113867"><ele>403.82666015625</ele><time>2019-01-12T04:27:17Z</time></trkpt><trkpt lat="22.41629641" lon="114.17113251"><ele>399.91748046875</ele><time>2019-01-12T04:27:19Z</time></trkpt><trkpt lat="22.41631601" lon="114.1711275"><ele>401.132568359375</ele><time>2019-01-12T04:27:21Z</time></trkpt><trkpt lat="22.41633972" lon="114.17112326"><ele>401.865234375</ele><time>2019-01-12T04:27:23Z</time></trkpt><trkpt lat="22.41636101" lon="114.17112076"><ele>401.0556640625</ele><time>2019-01-12T04:27:26Z</time></trkpt><trkpt lat="22.41638732" lon="114.17112545"><ele>403.00732421875</ele><time>2019-01-12T04:27:30Z</time></trkpt><trkpt lat="22.41641084" lon="114.17112949"><ele>404.08953857421875</ele><time>2019-01-12T04:27:32Z</time></trkpt><trkpt lat="22.41643165" lon="114.17114295"><ele>404.5150146484375</ele><time>2019-01-12T04:27:34Z</time></trkpt><trkpt lat="22.41645031" lon="114.17115901"><ele>403.8707275390625</ele><time>2019-01-12T04:27:37Z</time></trkpt><trkpt lat="22.41646213" lon="114.17117941"><ele>404.10009765625</ele><time>2019-01-12T04:27:39Z</time></trkpt><trkpt lat="22.41647561" lon="114.17120217"><ele>404.95172119140625</ele><time>2019-01-12T04:27:41Z</time></trkpt><trkpt lat="22.41649313" lon="114.17121995"><ele>405.9365234375</ele><time>2019-01-12T04:27:43Z</time></trkpt><trkpt lat="22.41651386" lon="114.17123662"><ele>407.875732421875</ele><time>2019-01-12T04:27:45Z</time></trkpt><trkpt lat="22.41652461" lon="114.17125505"><ele>403.99078369140625</ele><time>2019-01-12T04:27:48Z</time></trkpt><trkpt lat="22.41650423" lon="114.17126601"><ele>405.282470703125</ele><time>2019-01-12T04:27:51Z</time></trkpt><trkpt lat="22.41647606" lon="114.17127197"><ele>404.227294921875</ele><time>2019-01-12T04:27:53Z</time></trkpt><trkpt lat="22.41645523" lon="114.17127569"><ele>402.80047607421875</ele><time>2019-01-12T04:27:55Z</time></trkpt><trkpt lat="22.41643723" lon="114.17124792"><ele>400.3134765625</ele><time>2019-01-12T04:28:26Z</time></trkpt><trkpt lat="22.41642763" lon="114.17123021"><ele>402.0518798828125</ele><time>2019-01-12T04:28:27Z</time></trkpt><trkpt lat="22.41641539" lon="114.17120221"><ele>404.0340576171875</ele><time>2019-01-12T04:28:29Z</time></trkpt><trkpt lat="22.41639728" lon="114.17117174"><ele>403.6580810546875</ele><time>2019-01-12T04:28:31Z</time></trkpt><trkpt lat="22.41638795" lon="114.17114663"><ele>404.168212890625</ele><time>2019-01-12T04:28:33Z</time></trkpt><trkpt lat="22.41637527" lon="114.17112654"><ele>404.7918701171875</ele><time>2019-01-12T04:28:35Z</time></trkpt><trkpt lat="22.41636735" lon="114.1711076"><ele>406.9444580078125</ele><time>2019-01-12T04:28:38Z</time></trkpt><trkpt lat="22.41638384" lon="114.17112202"><ele>405.4775390625</ele><time>2019-01-12T04:28:49Z</time></trkpt><trkpt lat="22.41641095" lon="114.17113665"><ele>404.86578369140625</ele><time>2019-01-12T04:28:51Z</time></trkpt><trkpt lat="22.41642931" lon="114.17114051"><ele>404.9256591796875</ele><time>2019-01-12T04:28:52Z</time></trkpt><trkpt lat="22.41645742" lon="114.17113838"><ele>404.7371826171875</ele><time>2019-01-12T04:28:54Z</time></trkpt><trkpt lat="22.41648908" lon="114.17114241"><ele>405.516357421875</ele><time>2019-01-12T04:28:56Z</time></trkpt><trkpt lat="22.4165074" lon="114.17114004"><ele>404.8753662109375</ele><time>2019-01-12T04:28:58Z</time></trkpt><trkpt lat="22.41653152" lon="114.17114509"><ele>404.3038330078125</ele><time>2019-01-12T04:29:00Z</time></trkpt><trkpt lat="22.4165508" lon="114.17113236"><ele>401.18023681640625</ele><time>2019-01-12T04:29:03Z</time></trkpt><trkpt lat="22.41656941" lon="114.17111461"><ele>399.3250732421875</ele><time>2019-01-12T04:29:05Z</time></trkpt><trkpt lat="22.41659474" lon="114.17110256"><ele>400.7919921875</ele><time>2019-01-12T04:29:07Z</time></trkpt><trkpt lat="22.416614" lon="114.17109754"><ele>400.26885986328125</ele><time>2019-01-12T04:29:10Z</time></trkpt><trkpt lat="22.4166325" lon="114.17109823"><ele>400.933837890625</ele><time>2019-01-12T04:29:23Z</time></trkpt><trkpt lat="22.41665078" lon="114.17109104"><ele>400.589111328125</ele><time>2019-01-12T04:29:25Z</time></trkpt><trkpt lat="22.41666771" lon="114.17108443"><ele>400.373046875</ele><time>2019-01-12T04:29:27Z</time></trkpt><trkpt lat="22.41668842" lon="114.17107071"><ele>402.63958740234375</ele><time>2019-01-12T04:29:30Z</time></trkpt><trkpt lat="22.41671043" lon="114.17106903"><ele>401.64556884765625</ele><time>2019-01-12T04:29:32Z</time></trkpt><trkpt lat="22.41673803" lon="114.17106987"><ele>402.2554931640625</ele><time>2019-01-12T04:29:34Z</time></trkpt><trkpt lat="22.4167574" lon="114.17106886"><ele>402.570556640625</ele><time>2019-01-12T04:29:35Z</time></trkpt><trkpt lat="22.41678882" lon="114.17106396"><ele>402.6724853515625</ele><time>2019-01-12T04:29:37Z</time></trkpt><trkpt lat="22.41681562" lon="114.17106254"><ele>404.0213623046875</ele><time>2019-01-12T04:29:39Z</time></trkpt><trkpt lat="22.41684653" lon="114.17106668"><ele>404.6715087890625</ele><time>2019-01-12T04:29:41Z</time></trkpt><trkpt lat="22.4168689" lon="114.17107188"><ele>404.2994384765625</ele><time>2019-01-12T04:29:43Z</time></trkpt><trkpt lat="22.41688159" lon="114.17109305"><ele>404.24847412109375</ele><time>2019-01-12T04:29:46Z</time></trkpt><trkpt lat="22.41690249" lon="114.17111467"><ele>405.35400390625</ele><time>2019-01-12T04:29:48Z</time></trkpt><trkpt lat="22.41691934" lon="114.17112353"><ele>404.8758544921875</ele><time>2019-01-12T04:29:51Z</time></trkpt><trkpt lat="22.41693731" lon="114.17113209"><ele>409.0345458984375</ele><time>2019-01-12T04:29:57Z</time></trkpt><trkpt lat="22.41694298" lon="114.17110831"><ele>408.697021484375</ele><time>2019-01-12T04:30:31Z</time></trkpt><trkpt lat="22.41695774" lon="114.17109124"><ele>406.656982421875</ele><time>2019-01-12T04:30:35Z</time></trkpt><trkpt lat="22.41697815" lon="114.17108677"><ele>406.7012939453125</ele><time>2019-01-12T04:30:37Z</time></trkpt><trkpt lat="22.41699042" lon="114.17106728"><ele>404.587646484375</ele><time>2019-01-12T04:30:42Z</time></trkpt><trkpt lat="22.41699337" lon="114.17104687"><ele>403.75750732421875</ele><time>2019-01-12T04:30:48Z</time></trkpt><trkpt lat="22.41701372" lon="114.17104175"><ele>404.613037109375</ele><time>2019-01-12T04:30:52Z</time></trkpt><trkpt lat="22.41703498" lon="114.17103937"><ele>405.0078125</ele><time>2019-01-12T04:30:55Z</time></trkpt><trkpt lat="22.41705475" lon="114.17102343"><ele>403.8624267578125</ele><time>2019-01-12T04:30:58Z</time></trkpt><trkpt lat="22.41706871" lon="114.17100681"><ele>403.843994140625</ele><time>2019-01-12T04:31:00Z</time></trkpt><trkpt lat="22.41709382" lon="114.17099189"><ele>405.48052978515625</ele><time>2019-01-12T04:31:02Z</time></trkpt><trkpt lat="22.41712292" lon="114.17097808"><ele>408.06402587890625</ele><time>2019-01-12T04:31:04Z</time></trkpt><trkpt lat="22.41714085" lon="114.17097194"><ele>408.2222900390625</ele><time>2019-01-12T04:31:05Z</time></trkpt><trkpt lat="22.41717297" lon="114.17095891"><ele>411.5885009765625</ele><time>2019-01-12T04:31:07Z</time></trkpt><trkpt lat="22.41720388" lon="114.17094577"><ele>413.8721923828125</ele><time>2019-01-12T04:31:09Z</time></trkpt><trkpt lat="22.41722531" lon="114.17093531"><ele>415.3345947265625</ele><time>2019-01-12T04:31:11Z</time></trkpt><trkpt lat="22.41720938" lon="114.17092385"><ele>409.6578369140625</ele><time>2019-01-12T04:31:21Z</time></trkpt><trkpt lat="22.41719133" lon="114.17092564"><ele>408.7130126953125</ele><time>2019-01-12T04:31:25Z</time></trkpt><trkpt lat="22.41718683" lon="114.17090391"><ele>406.52215576171875</ele><time>2019-01-12T04:33:00Z</time></trkpt><trkpt lat="22.41721486" lon="114.17090191"><ele>407.3890380859375</ele><time>2019-01-12T04:33:04Z</time></trkpt><trkpt lat="22.41724139" lon="114.17090061"><ele>407.948974609375</ele><time>2019-01-12T04:33:06Z</time></trkpt><trkpt lat="22.41726584" lon="114.17090062"><ele>408.91754150390625</ele><time>2019-01-12T04:33:08Z</time></trkpt><trkpt lat="22.41729137" lon="114.17089649"><ele>409.79840087890625</ele><time>2019-01-12T04:33:10Z</time></trkpt><trkpt lat="22.41731239" lon="114.1708916"><ele>412.14599609375</ele><time>2019-01-12T04:33:12Z</time></trkpt><trkpt lat="22.41733489" lon="114.17088974"><ele>410.91851806640625</ele><time>2019-01-12T04:33:14Z</time></trkpt><trkpt lat="22.41736235" lon="114.17088641"><ele>411.381103515625</ele><time>2019-01-12T04:33:16Z</time></trkpt><trkpt lat="22.41738811" lon="114.17088097"><ele>412.81695556640625</ele><time>2019-01-12T04:33:18Z</time></trkpt><trkpt lat="22.41740741" lon="114.17086875"><ele>412.6529541015625</ele><time>2019-01-12T04:33:21Z</time></trkpt><trkpt lat="22.41742542" lon="114.17086569"><ele>412.9283447265625</ele><time>2019-01-12T04:33:23Z</time></trkpt><trkpt lat="22.41744833" lon="114.17086472"><ele>412.441162109375</ele><time>2019-01-12T04:33:26Z</time></trkpt><trkpt lat="22.41746592" lon="114.17086013"><ele>413.767333984375</ele><time>2019-01-12T04:33:29Z</time></trkpt><trkpt lat="22.41748952" lon="114.17085847"><ele>414.5535888671875</ele><time>2019-01-12T04:33:33Z</time></trkpt><trkpt lat="22.4175095" lon="114.17086323"><ele>415.334228515625</ele><time>2019-01-12T04:33:35Z</time></trkpt><trkpt lat="22.41753107" lon="114.17086802"><ele>415.75634765625</ele><time>2019-01-12T04:33:38Z</time></trkpt><trkpt lat="22.41754718" lon="114.17085508"><ele>417.8121337890625</ele><time>2019-01-12T04:33:41Z</time></trkpt><trkpt lat="22.417571" lon="114.17084674"><ele>415.3140869140625</ele><time>2019-01-12T04:33:43Z</time></trkpt><trkpt lat="22.4175938" lon="114.17083549"><ele>414.156494140625</ele><time>2019-01-12T04:33:45Z</time></trkpt><trkpt lat="22.41761933" lon="114.17082373"><ele>414.89276123046875</ele><time>2019-01-12T04:33:47Z</time></trkpt><trkpt lat="22.41764681" lon="114.17081355"><ele>415.1790771484375</ele><time>2019-01-12T04:33:49Z</time></trkpt><trkpt lat="22.41766388" lon="114.17080566"><ele>414.2535400390625</ele><time>2019-01-12T04:33:52Z</time></trkpt><trkpt lat="22.41768711" lon="114.17079776"><ele>412.44317626953125</ele><time>2019-01-12T04:33:57Z</time></trkpt><trkpt lat="22.41771559" lon="114.17079886"><ele>414.6181640625</ele><time>2019-01-12T04:34:00Z</time></trkpt><trkpt lat="22.41774344" lon="114.17080168"><ele>416.66064453125</ele><time>2019-01-12T04:34:02Z</time></trkpt><trkpt lat="22.41777233" lon="114.17079857"><ele>415.86981201171875</ele><time>2019-01-12T04:34:04Z</time></trkpt><trkpt lat="22.41779934" lon="114.17079573"><ele>416.173828125</ele><time>2019-01-12T04:34:06Z</time></trkpt><trkpt lat="22.41782694" lon="114.17079002"><ele>416.64947509765625</ele><time>2019-01-12T04:34:08Z</time></trkpt><trkpt lat="22.41785816" lon="114.17078738"><ele>416.78826904296875</ele><time>2019-01-12T04:34:10Z</time></trkpt><trkpt lat="22.41788741" lon="114.1707827"><ele>415.9952392578125</ele><time>2019-01-12T04:34:12Z</time></trkpt><trkpt lat="22.41791602" lon="114.17077769"><ele>415.6484375</ele><time>2019-01-12T04:34:14Z</time></trkpt><trkpt lat="22.41794413" lon="114.17077725"><ele>415.6597900390625</ele><time>2019-01-12T04:34:16Z</time></trkpt><trkpt lat="22.41796297" lon="114.17077417"><ele>414.7435302734375</ele><time>2019-01-12T04:34:18Z</time></trkpt><trkpt lat="22.41798139" lon="114.17076786"><ele>414.7171630859375</ele><time>2019-01-12T04:34:20Z</time></trkpt><trkpt lat="22.41800436" lon="114.17076263"><ele>415.101806640625</ele><time>2019-01-12T04:34:23Z</time></trkpt><trkpt lat="22.41802642" lon="114.17075967"><ele>415.0567626953125</ele><time>2019-01-12T04:34:25Z</time></trkpt><trkpt lat="22.41804571" lon="114.17075394"><ele>414.8804931640625</ele><time>2019-01-12T04:34:27Z</time></trkpt><trkpt lat="22.41807008" lon="114.17074211"><ele>414.05267333984375</ele><time>2019-01-12T04:34:30Z</time></trkpt><trkpt lat="22.41809137" lon="114.17073335"><ele>413.770263671875</ele><time>2019-01-12T04:34:32Z</time></trkpt><trkpt lat="22.41811368" lon="114.17071662"><ele>413.19464111328125</ele><time>2019-01-12T04:34:37Z</time></trkpt><trkpt lat="22.4181342" lon="114.17069583"><ele>411.866455078125</ele><time>2019-01-12T04:34:40Z</time></trkpt><trkpt lat="22.41811443" lon="114.17068945"><ele>410.0902099609375</ele><time>2019-01-12T04:34:43Z</time></trkpt><trkpt lat="22.4181263" lon="114.17067389"><ele>411.55718994140625</ele><time>2019-01-12T04:34:46Z</time></trkpt><trkpt lat="22.41814466" lon="114.17066084"><ele>414.27618408203125</ele><time>2019-01-12T04:34:48Z</time></trkpt><trkpt lat="22.41816814" lon="114.17064194"><ele>416.2581787109375</ele><time>2019-01-12T04:34:50Z</time></trkpt><trkpt lat="22.41819123" lon="114.17062812"><ele>416.66339111328125</ele><time>2019-01-12T04:34:52Z</time></trkpt><trkpt lat="22.41820878" lon="114.17061444"><ele>416.6236572265625</ele><time>2019-01-12T04:34:54Z</time></trkpt><trkpt lat="22.41822934" lon="114.17060496"><ele>416.18450927734375</ele><time>2019-01-12T04:34:56Z</time></trkpt><trkpt lat="22.41825474" lon="114.17060147"><ele>415.9765625</ele><time>2019-01-12T04:34:58Z</time></trkpt><trkpt lat="22.41826622" lon="114.17058639"><ele>416.318359375</ele><time>2019-01-12T04:35:01Z</time></trkpt><trkpt lat="22.41828623" lon="114.17056823"><ele>415.48553466796875</ele><time>2019-01-12T04:35:05Z</time></trkpt><trkpt lat="22.41830809" lon="114.17056297"><ele>416.11480712890625</ele><time>2019-01-12T04:35:07Z</time></trkpt><trkpt lat="22.41832958" lon="114.17056191"><ele>415.085205078125</ele><time>2019-01-12T04:35:09Z</time></trkpt><trkpt lat="22.41835155" lon="114.17056151"><ele>415.3486328125</ele><time>2019-01-12T04:35:11Z</time></trkpt><trkpt lat="22.41837717" lon="114.17056736"><ele>414.6947021484375</ele><time>2019-01-12T04:35:14Z</time></trkpt><trkpt lat="22.41839737" lon="114.17056841"><ele>415.458251953125</ele><time>2019-01-12T04:35:17Z</time></trkpt><trkpt lat="22.41842427" lon="114.17057227"><ele>414.4029541015625</ele><time>2019-01-12T04:35:22Z</time></trkpt><trkpt lat="22.41845284" lon="114.17057423"><ele>414.391845703125</ele><time>2019-01-12T04:35:24Z</time></trkpt><trkpt lat="22.4184775" lon="114.17058252"><ele>419.43914794921875</ele><time>2019-01-12T04:35:25Z</time></trkpt><trkpt lat="22.41851105" lon="114.17059994"><ele>419.701904296875</ele><time>2019-01-12T04:35:26Z</time></trkpt><trkpt lat="22.41853899" lon="114.17060371"><ele>420.7518310546875</ele><time>2019-01-12T04:35:32Z</time></trkpt><trkpt lat="22.41856201" lon="114.17060336"><ele>420.86480712890625</ele><time>2019-01-12T04:35:34Z</time></trkpt><trkpt lat="22.41858037" lon="114.17060173"><ele>421.2862548828125</ele><time>2019-01-12T04:35:35Z</time></trkpt><trkpt lat="22.41860105" lon="114.17060322"><ele>422.441162109375</ele><time>2019-01-12T04:35:36Z</time></trkpt><trkpt lat="22.41863363" lon="114.17060448"><ele>424.026611328125</ele><time>2019-01-12T04:35:38Z</time></trkpt><trkpt lat="22.41865575" lon="114.17060482"><ele>422.931640625</ele><time>2019-01-12T04:35:40Z</time></trkpt><trkpt lat="22.41867998" lon="114.17060506"><ele>421.9560546875</ele><time>2019-01-12T04:35:43Z</time></trkpt><trkpt lat="22.41871027" lon="114.17060678"><ele>422.238525390625</ele><time>2019-01-12T04:35:45Z</time></trkpt><trkpt lat="22.41873227" lon="114.17060604"><ele>425.377197265625</ele><time>2019-01-12T04:35:47Z</time></trkpt><trkpt lat="22.41875255" lon="114.17060698"><ele>423.1484375</ele><time>2019-01-12T04:35:49Z</time></trkpt><trkpt lat="22.418788" lon="114.17060233"><ele>421.6011962890625</ele><time>2019-01-12T04:35:51Z</time></trkpt><trkpt lat="22.4188067" lon="114.17059115"><ele>416.248046875</ele><time>2019-01-12T04:35:53Z</time></trkpt><trkpt lat="22.41884106" lon="114.17058239"><ele>419.39703369140625</ele><time>2019-01-12T04:35:55Z</time></trkpt><trkpt lat="22.41886535" lon="114.17058296"><ele>417.65142822265625</ele><time>2019-01-12T04:35:56Z</time></trkpt><trkpt lat="22.41888613" lon="114.17057863"><ele>416.87554931640625</ele><time>2019-01-12T04:35:57Z</time></trkpt><trkpt lat="22.41892705" lon="114.17058177"><ele>417.06536865234375</ele><time>2019-01-12T04:36:00Z</time></trkpt><trkpt lat="22.41894578" lon="114.17058474"><ele>416.8743896484375</ele><time>2019-01-12T04:36:01Z</time></trkpt><trkpt lat="22.4189629" lon="114.1705775"><ele>418.194091796875</ele><time>2019-01-12T04:36:03Z</time></trkpt><trkpt lat="22.41895561" lon="114.17055926"><ele>416.66497802734375</ele><time>2019-01-12T04:36:04Z</time></trkpt><trkpt lat="22.41895308" lon="114.17053903"><ele>417.9068603515625</ele><time>2019-01-12T04:36:07Z</time></trkpt><trkpt lat="22.41896313" lon="114.17052127"><ele>418.29766845703125</ele><time>2019-01-12T04:36:10Z</time></trkpt><trkpt lat="22.41898739" lon="114.17052574"><ele>417.57696533203125</ele><time>2019-01-12T04:36:12Z</time></trkpt><trkpt lat="22.41900795" lon="114.17052825"><ele>417.8966064453125</ele><time>2019-01-12T04:36:13Z</time></trkpt><trkpt lat="22.41902668" lon="114.17052779"><ele>417.4217529296875</ele><time>2019-01-12T04:36:14Z</time></trkpt><trkpt lat="22.41905735" lon="114.17052693"><ele>417.259521484375</ele><time>2019-01-12T04:36:16Z</time></trkpt><trkpt lat="22.41908593" lon="114.17052639"><ele>417.95263671875</ele><time>2019-01-12T04:36:18Z</time></trkpt><trkpt lat="22.41910563" lon="114.17052249"><ele>419.70587158203125</ele><time>2019-01-12T04:36:19Z</time></trkpt><trkpt lat="22.41912791" lon="114.17051635"><ele>420.16845703125</ele><time>2019-01-12T04:36:20Z</time></trkpt><trkpt lat="22.41914976" lon="114.170498"><ele>419.8275146484375</ele><time>2019-01-12T04:36:22Z</time></trkpt><trkpt lat="22.41915149" lon="114.17047261"><ele>417.4857177734375</ele><time>2019-01-12T04:36:24Z</time></trkpt><trkpt lat="22.41912966" lon="114.17045692"><ele>417.050048828125</ele><time>2019-01-12T04:36:25Z</time></trkpt><trkpt lat="22.41911531" lon="114.17043815"><ele>417.15753173828125</ele><time>2019-01-12T04:36:27Z</time></trkpt><trkpt lat="22.4191087" lon="114.17041344"><ele>417.32598876953125</ele><time>2019-01-12T04:36:29Z</time></trkpt><trkpt lat="22.41910694" lon="114.17038761"><ele>414.7425537109375</ele><time>2019-01-12T04:36:31Z</time></trkpt><trkpt lat="22.41910236" lon="114.17036284"><ele>414.26251220703125</ele><time>2019-01-12T04:36:33Z</time></trkpt><trkpt lat="22.41910797" lon="114.17033731"><ele>414.0570068359375</ele><time>2019-01-12T04:36:35Z</time></trkpt><trkpt lat="22.41911162" lon="114.17031532"><ele>412.83050537109375</ele><time>2019-01-12T04:36:37Z</time></trkpt><trkpt lat="22.41911588" lon="114.17029459"><ele>411.4114990234375</ele><time>2019-01-12T04:36:39Z</time></trkpt><trkpt lat="22.41912075" lon="114.17026848"><ele>411.0499267578125</ele><time>2019-01-12T04:36:41Z</time></trkpt><trkpt lat="22.41912563" lon="114.1702467"><ele>410.46728515625</ele><time>2019-01-12T04:36:43Z</time></trkpt><trkpt lat="22.41913775" lon="114.17022602"><ele>409.3096923828125</ele><time>2019-01-12T04:36:45Z</time></trkpt><trkpt lat="22.41914641" lon="114.17020282"><ele>409.3052978515625</ele><time>2019-01-12T04:36:47Z</time></trkpt><trkpt lat="22.41915184" lon="114.17017594"><ele>407.931640625</ele><time>2019-01-12T04:36:49Z</time></trkpt><trkpt lat="22.41915575" lon="114.17014984"><ele>408.0504150390625</ele><time>2019-01-12T04:36:51Z</time></trkpt><trkpt lat="22.41916288" lon="114.17012649"><ele>406.8409423828125</ele><time>2019-01-12T04:36:53Z</time></trkpt><trkpt lat="22.41916656" lon="114.17010369"><ele>407.2760009765625</ele><time>2019-01-12T04:36:55Z</time></trkpt><trkpt lat="22.4191693" lon="114.17008254"><ele>408.390869140625</ele><time>2019-01-12T04:36:57Z</time></trkpt><trkpt lat="22.41917294" lon="114.17006139"><ele>408.8614501953125</ele><time>2019-01-12T04:36:59Z</time></trkpt><trkpt lat="22.41918483" lon="114.17003385"><ele>410.62237548828125</ele><time>2019-01-12T04:37:02Z</time></trkpt><trkpt lat="22.41918724" lon="114.17001203"><ele>408.38726806640625</ele><time>2019-01-12T04:37:05Z</time></trkpt><trkpt lat="22.41917514" lon="114.16999675"><ele>408.70849609375</ele><time>2019-01-12T04:37:07Z</time></trkpt><trkpt lat="22.41916006" lon="114.16997948"><ele>408.25604248046875</ele><time>2019-01-12T04:37:09Z</time></trkpt><trkpt lat="22.4191434" lon="114.16995774"><ele>407.0362548828125</ele><time>2019-01-12T04:37:11Z</time></trkpt><trkpt lat="22.41912726" lon="114.16993679"><ele>406.1024169921875</ele><time>2019-01-12T04:37:13Z</time></trkpt><trkpt lat="22.41911034" lon="114.16992084"><ele>405.9293212890625</ele><time>2019-01-12T04:37:15Z</time></trkpt><trkpt lat="22.41912949" lon="114.16991464"><ele>406.3663330078125</ele><time>2019-01-12T04:37:20Z</time></trkpt><trkpt lat="22.41911938" lon="114.16989536"><ele>407.4276123046875</ele><time>2019-01-12T04:37:24Z</time></trkpt><trkpt lat="22.41911925" lon="114.16987204"><ele>405.5537109375</ele><time>2019-01-12T04:37:33Z</time></trkpt><trkpt lat="22.41910417" lon="114.16984726"><ele>404.6998291015625</ele><time>2019-01-12T04:37:35Z</time></trkpt><trkpt lat="22.4190927" lon="114.16982755"><ele>405.24365234375</ele><time>2019-01-12T04:37:37Z</time></trkpt><trkpt lat="22.41908091" lon="114.16980351"><ele>404.9970703125</ele><time>2019-01-12T04:37:39Z</time></trkpt><trkpt lat="22.41906653" lon="114.16978276"><ele>404.235595703125</ele><time>2019-01-12T04:37:41Z</time></trkpt><trkpt lat="22.41905755" lon="114.1697641"><ele>404.61328125</ele><time>2019-01-12T04:37:43Z</time></trkpt><trkpt lat="22.41904638" lon="114.16974811"><ele>404.7628173828125</ele><time>2019-01-12T04:37:45Z</time></trkpt><trkpt lat="22.4190323" lon="114.16972441"><ele>404.869384765625</ele><time>2019-01-12T04:37:48Z</time></trkpt><trkpt lat="22.41903066" lon="114.16970357"><ele>405.0333251953125</ele><time>2019-01-12T04:37:51Z</time></trkpt><trkpt lat="22.41901926" lon="114.16968021"><ele>404.9285888671875</ele><time>2019-01-12T04:37:53Z</time></trkpt><trkpt lat="22.41900662" lon="114.16966135"><ele>405.4310302734375</ele><time>2019-01-12T04:37:55Z</time></trkpt><trkpt lat="22.41899773" lon="114.16963749"><ele>406.41802978515625</ele><time>2019-01-12T04:37:58Z</time></trkpt><trkpt lat="22.41899285" lon="114.16961306"><ele>407.31591796875</ele><time>2019-01-12T04:38:01Z</time></trkpt><trkpt lat="22.41898591" lon="114.16958747"><ele>409.4395751953125</ele><time>2019-01-12T04:38:03Z</time></trkpt><trkpt lat="22.41897599" lon="114.16956343"><ele>409.837890625</ele><time>2019-01-12T04:38:05Z</time></trkpt><trkpt lat="22.41895422" lon="114.16954899"><ele>407.060791015625</ele><time>2019-01-12T04:38:08Z</time></trkpt><trkpt lat="22.41892918" lon="114.16952783"><ele>406.78948974609375</ele><time>2019-01-12T04:38:10Z</time></trkpt><trkpt lat="22.41891086" lon="114.16950193"><ele>408.5257568359375</ele><time>2019-01-12T04:38:12Z</time></trkpt><trkpt lat="22.41889604" lon="114.16947444"><ele>408.8729248046875</ele><time>2019-01-12T04:38:14Z</time></trkpt><trkpt lat="22.418886" lon="114.16944813"><ele>410.0003662109375</ele><time>2019-01-12T04:38:16Z</time></trkpt><trkpt lat="22.41887039" lon="114.16942344"><ele>409.86083984375</ele><time>2019-01-12T04:38:18Z</time></trkpt><trkpt lat="22.41884627" lon="114.16939874"><ele>409.53082275390625</ele><time>2019-01-12T04:38:20Z</time></trkpt><trkpt lat="22.41881436" lon="114.16937164"><ele>408.83026123046875</ele><time>2019-01-12T04:38:22Z</time></trkpt><trkpt lat="22.41879748" lon="114.16935538"><ele>409.00390625</ele><time>2019-01-12T04:38:23Z</time></trkpt><trkpt lat="22.41877676" lon="114.16933245"><ele>411.05084228515625</ele><time>2019-01-12T04:38:25Z</time></trkpt><trkpt lat="22.41876037" lon="114.16930534"><ele>407.9185791015625</ele><time>2019-01-12T04:38:30Z</time></trkpt><trkpt lat="22.41873477" lon="114.16928139"><ele>411.7965087890625</ele><time>2019-01-12T04:38:32Z</time></trkpt><trkpt lat="22.41871552" lon="114.16926394"><ele>411.1124267578125</ele><time>2019-01-12T04:38:34Z</time></trkpt><trkpt lat="22.41869928" lon="114.16924829"><ele>409.7498779296875</ele><time>2019-01-12T04:38:37Z</time></trkpt><trkpt lat="22.41868191" lon="114.16922922"><ele>410.591064453125</ele><time>2019-01-12T04:38:39Z</time></trkpt><trkpt lat="22.41866869" lon="114.16921313"><ele>409.4307861328125</ele><time>2019-01-12T04:38:41Z</time></trkpt><trkpt lat="22.41865801" lon="114.16919017"><ele>410.6534423828125</ele><time>2019-01-12T04:38:44Z</time></trkpt><trkpt lat="22.41863751" lon="114.16918148"><ele>411.70745849609375</ele><time>2019-01-12T04:38:47Z</time></trkpt><trkpt lat="22.41862411" lon="114.16916593"><ele>412.2449951171875</ele><time>2019-01-12T04:38:53Z</time></trkpt><trkpt lat="22.41859949" lon="114.16914035"><ele>410.12646484375</ele><time>2019-01-12T04:38:55Z</time></trkpt><trkpt lat="22.41858868" lon="114.16911737"><ele>410.4901123046875</ele><time>2019-01-12T04:38:58Z</time></trkpt><trkpt lat="22.41857961" lon="114.16909512"><ele>411.02398681640625</ele><time>2019-01-12T04:39:04Z</time></trkpt><trkpt lat="22.41856192" lon="114.16908116"><ele>410.639892578125</ele><time>2019-01-12T04:39:09Z</time></trkpt><trkpt lat="22.41855288" lon="114.16905823"><ele>408.762939453125</ele><time>2019-01-12T04:39:14Z</time></trkpt><trkpt lat="22.4185511" lon="114.16903467"><ele>409.29833984375</ele><time>2019-01-12T04:39:17Z</time></trkpt><trkpt lat="22.41855569" lon="114.16901468"><ele>410.3385009765625</ele><time>2019-01-12T04:39:20Z</time></trkpt><trkpt lat="22.41855747" lon="114.16899011"><ele>410.3065185546875</ele><time>2019-01-12T04:39:25Z</time></trkpt><trkpt lat="22.41854743" lon="114.16896869"><ele>409.6578369140625</ele><time>2019-01-12T04:39:27Z</time></trkpt><trkpt lat="22.41853672" lon="114.16895158"><ele>410.137451171875</ele><time>2019-01-12T04:39:29Z</time></trkpt><trkpt lat="22.41852293" lon="114.16892723"><ele>410.06915283203125</ele><time>2019-01-12T04:39:32Z</time></trkpt><trkpt lat="22.41851176" lon="114.16891022"><ele>409.729736328125</ele><time>2019-01-12T04:39:34Z</time></trkpt><trkpt lat="22.41850101" lon="114.16888893"><ele>410.2508544921875</ele><time>2019-01-12T04:39:36Z</time></trkpt><trkpt lat="22.41848427" lon="114.16885811"><ele>410.68603515625</ele><time>2019-01-12T04:39:38Z</time></trkpt><trkpt lat="22.41847453" lon="114.16882939"><ele>411.085205078125</ele><time>2019-01-12T04:39:40Z</time></trkpt><trkpt lat="22.4184643" lon="114.16879381"><ele>411.049560546875</ele><time>2019-01-12T04:39:42Z</time></trkpt><trkpt lat="22.41844947" lon="114.16877048"><ele>412.08563232421875</ele><time>2019-01-12T04:39:44Z</time></trkpt><trkpt lat="22.41843568" lon="114.16875154"><ele>412.9462890625</ele><time>2019-01-12T04:39:46Z</time></trkpt><trkpt lat="22.41842668" lon="114.16872919"><ele>414.45184326171875</ele><time>2019-01-12T04:39:48Z</time></trkpt><trkpt lat="22.41841701" lon="114.16870781"><ele>415.084228515625</ele><time>2019-01-12T04:39:51Z</time></trkpt><trkpt lat="22.41841797" lon="114.16868687"><ele>416.4254150390625</ele><time>2019-01-12T04:39:55Z</time></trkpt><trkpt lat="22.41841087" lon="114.1686664"><ele>415.737060546875</ele><time>2019-01-12T04:40:03Z</time></trkpt><trkpt lat="22.4183976" lon="114.16864515"><ele>414.78839111328125</ele><time>2019-01-12T04:40:09Z</time></trkpt><trkpt lat="22.41838748" lon="114.16862394"><ele>416.431396484375</ele><time>2019-01-12T04:40:12Z</time></trkpt><trkpt lat="22.41837144" lon="114.16860905"><ele>415.386962890625</ele><time>2019-01-12T04:40:14Z</time></trkpt><trkpt lat="22.4183526" lon="114.16858668"><ele>417.5660400390625</ele><time>2019-01-12T04:40:18Z</time></trkpt><trkpt lat="22.41833049" lon="114.16856131"><ele>418.822509765625</ele><time>2019-01-12T04:40:20Z</time></trkpt><trkpt lat="22.4183119" lon="114.16853734"><ele>418.70086669921875</ele><time>2019-01-12T04:40:22Z</time></trkpt><trkpt lat="22.41829391" lon="114.16850792"><ele>418.4224853515625</ele><time>2019-01-12T04:40:24Z</time></trkpt><trkpt lat="22.41828665" lon="114.16848981"><ele>420.1185302734375</ele><time>2019-01-12T04:40:25Z</time></trkpt><trkpt lat="22.41827453" lon="114.16846888"><ele>419.94500732421875</ele><time>2019-01-12T04:40:27Z</time></trkpt><trkpt lat="22.41825326" lon="114.16844168"><ele>419.697021484375</ele><time>2019-01-12T04:40:29Z</time></trkpt><trkpt lat="22.41822972" lon="114.16841767"><ele>418.79913330078125</ele><time>2019-01-12T04:40:31Z</time></trkpt><trkpt lat="22.41821284" lon="114.16839431"><ele>417.0887451171875</ele><time>2019-01-12T04:40:33Z</time></trkpt><trkpt lat="22.41819788" lon="114.16837348"><ele>417.761962890625</ele><time>2019-01-12T04:40:36Z</time></trkpt><trkpt lat="22.4181789" lon="114.16835422"><ele>417.190185546875</ele><time>2019-01-12T04:40:39Z</time></trkpt><trkpt lat="22.41816724" lon="114.16833535"><ele>417.156982421875</ele><time>2019-01-12T04:40:41Z</time></trkpt><trkpt lat="22.41815136" lon="114.16831902"><ele>418.81573486328125</ele><time>2019-01-12T04:40:44Z</time></trkpt><trkpt lat="22.41813475" lon="114.16830416"><ele>420.14447021484375</ele><time>2019-01-12T04:40:46Z</time></trkpt><trkpt lat="22.41812413" lon="114.16828517"><ele>416.83453369140625</ele><time>2019-01-12T04:40:48Z</time></trkpt><trkpt lat="22.41811414" lon="114.16826727"><ele>416.52069091796875</ele><time>2019-01-12T04:40:50Z</time></trkpt><trkpt lat="22.41810828" lon="114.16824296"><ele>417.656005859375</ele><time>2019-01-12T04:40:53Z</time></trkpt><trkpt lat="22.41810053" lon="114.16822486"><ele>417.6617431640625</ele><time>2019-01-12T04:40:55Z</time></trkpt><trkpt lat="22.41808556" lon="114.16820998"><ele>419.7113037109375</ele><time>2019-01-12T04:40:57Z</time></trkpt><trkpt lat="22.41807212" lon="114.16819114"><ele>420.47021484375</ele><time>2019-01-12T04:41:02Z</time></trkpt><trkpt lat="22.4180623" lon="114.16817294"><ele>420.15887451171875</ele><time>2019-01-12T04:41:09Z</time></trkpt><trkpt lat="22.41804728" lon="114.16816061"><ele>420.1636962890625</ele><time>2019-01-12T04:41:11Z</time></trkpt><trkpt lat="22.41802551" lon="114.1681364"><ele>421.87164306640625</ele><time>2019-01-12T04:41:14Z</time></trkpt><trkpt lat="22.41801013" lon="114.16812175"><ele>422.3946533203125</ele><time>2019-01-12T04:41:15Z</time></trkpt><trkpt lat="22.41798528" lon="114.16809548"><ele>422.9669189453125</ele><time>2019-01-12T04:41:17Z</time></trkpt><trkpt lat="22.41797052" lon="114.16807361"><ele>422.9365234375</ele><time>2019-01-12T04:41:19Z</time></trkpt><trkpt lat="22.41795856" lon="114.16805171"><ele>421.7066650390625</ele><time>2019-01-12T04:41:21Z</time></trkpt><trkpt lat="22.41794545" lon="114.16803728"><ele>422.0845947265625</ele><time>2019-01-12T04:41:22Z</time></trkpt><trkpt lat="22.41792698" lon="114.16800704"><ele>422.5714111328125</ele><time>2019-01-12T04:41:24Z</time></trkpt><trkpt lat="22.41791953" lon="114.16797789"><ele>423.344970703125</ele><time>2019-01-12T04:41:26Z</time></trkpt><trkpt lat="22.41791602" lon="114.16794993"><ele>425.0068359375</ele><time>2019-01-12T04:41:28Z</time></trkpt><trkpt lat="22.41790633" lon="114.16791802"><ele>424.5313720703125</ele><time>2019-01-12T04:41:30Z</time></trkpt><trkpt lat="22.41790483" lon="114.16789703"><ele>424.951416015625</ele><time>2019-01-12T04:41:32Z</time></trkpt><trkpt lat="22.41790785" lon="114.16787481"><ele>425.7733154296875</ele><time>2019-01-12T04:41:35Z</time></trkpt><trkpt lat="22.41789688" lon="114.16784786"><ele>427.032958984375</ele><time>2019-01-12T04:41:38Z</time></trkpt><trkpt lat="22.41788535" lon="114.16782827"><ele>426.7247314453125</ele><time>2019-01-12T04:41:40Z</time></trkpt><trkpt lat="22.41787447" lon="114.16780184"><ele>427.25787353515625</ele><time>2019-01-12T04:41:42Z</time></trkpt><trkpt lat="22.41786752" lon="114.16777818"><ele>427.31402587890625</ele><time>2019-01-12T04:41:44Z</time></trkpt><trkpt lat="22.4178606" lon="114.16775217"><ele>428.35198974609375</ele><time>2019-01-12T04:41:46Z</time></trkpt><trkpt lat="22.41784665" lon="114.16772122"><ele>429.1973876953125</ele><time>2019-01-12T04:41:48Z</time></trkpt><trkpt lat="22.41783729" lon="114.16769449"><ele>429.1280517578125</ele><time>2019-01-12T04:41:50Z</time></trkpt><trkpt lat="22.41783" lon="114.16767109"><ele>429.524169921875</ele><time>2019-01-12T04:41:52Z</time></trkpt><trkpt lat="22.41782728" lon="114.16765077"><ele>428.0941162109375</ele><time>2019-01-12T04:41:55Z</time></trkpt><trkpt lat="22.41782394" lon="114.16762164"><ele>428.9229736328125</ele><time>2019-01-12T04:41:58Z</time></trkpt><trkpt lat="22.41781924" lon="114.16759513"><ele>427.572021484375</ele><time>2019-01-12T04:42:01Z</time></trkpt><trkpt lat="22.41781165" lon="114.16757649"><ele>427.918701171875</ele><time>2019-01-12T04:42:03Z</time></trkpt><trkpt lat="22.41779435" lon="114.16754811"><ele>427.308349609375</ele><time>2019-01-12T04:42:05Z</time></trkpt><trkpt lat="22.41778807" lon="114.16752984"><ele>428.7733154296875</ele><time>2019-01-12T04:42:07Z</time></trkpt><trkpt lat="22.41779626" lon="114.16751066"><ele>430.19207763671875</ele><time>2019-01-12T04:42:10Z</time></trkpt><trkpt lat="22.41779444" lon="114.16748923"><ele>430.3731689453125</ele><time>2019-01-12T04:42:13Z</time></trkpt><trkpt lat="22.41777942" lon="114.16746329"><ele>430.0633544921875</ele><time>2019-01-12T04:42:16Z</time></trkpt><trkpt lat="22.41777458" lon="114.16744377"><ele>431.598388671875</ele><time>2019-01-12T04:42:19Z</time></trkpt><trkpt lat="22.41776595" lon="114.16742023"><ele>432.2008056640625</ele><time>2019-01-12T04:42:21Z</time></trkpt><trkpt lat="22.41774968" lon="114.16740091"><ele>430.25531005859375</ele><time>2019-01-12T04:42:23Z</time></trkpt><trkpt lat="22.41773203" lon="114.16738051"><ele>431.564697265625</ele><time>2019-01-12T04:42:25Z</time></trkpt><trkpt lat="22.41771598" lon="114.16736357"><ele>432.0908203125</ele><time>2019-01-12T04:42:27Z</time></trkpt><trkpt lat="22.41770059" lon="114.16734788"><ele>432.6912841796875</ele><time>2019-01-12T04:42:29Z</time></trkpt><trkpt lat="22.41768345" lon="114.16732938"><ele>432.247314453125</ele><time>2019-01-12T04:42:31Z</time></trkpt><trkpt lat="22.41766105" lon="114.16731156"><ele>433.42193603515625</ele><time>2019-01-12T04:42:34Z</time></trkpt><trkpt lat="22.41764998" lon="114.16729443"><ele>433.328125</ele><time>2019-01-12T04:42:36Z</time></trkpt><trkpt lat="22.41763939" lon="114.16727833"><ele>433.5538330078125</ele><time>2019-01-12T04:42:38Z</time></trkpt><trkpt lat="22.41762728" lon="114.16725702"><ele>433.6680908203125</ele><time>2019-01-12T04:42:41Z</time></trkpt><trkpt lat="22.41761461" lon="114.16723831"><ele>432.4759521484375</ele><time>2019-01-12T04:42:43Z</time></trkpt><trkpt lat="22.41759695" lon="114.16722225"><ele>432.32904052734375</ele><time>2019-01-12T04:42:45Z</time></trkpt><trkpt lat="22.41757938" lon="114.16720337"><ele>432.985107421875</ele><time>2019-01-12T04:42:48Z</time></trkpt><trkpt lat="22.41756881" lon="114.16718447"><ele>433.4180908203125</ele><time>2019-01-12T04:42:50Z</time></trkpt><trkpt lat="22.41755534" lon="114.16716984"><ele>432.33843994140625</ele><time>2019-01-12T04:42:53Z</time></trkpt><trkpt lat="22.41753233" lon="114.16715798"><ele>430.35040283203125</ele><time>2019-01-12T04:42:55Z</time></trkpt><trkpt lat="22.41751383" lon="114.16714763"><ele>429.6065673828125</ele><time>2019-01-12T04:42:58Z</time></trkpt><trkpt lat="22.41749356" lon="114.16714235"><ele>429.0545654296875</ele><time>2019-01-12T04:43:02Z</time></trkpt><trkpt lat="22.41747486" lon="114.16713443"><ele>427.4849853515625</ele><time>2019-01-12T04:43:04Z</time></trkpt><trkpt lat="22.41745159" lon="114.16711947"><ele>425.93109130859375</ele><time>2019-01-12T04:43:06Z</time></trkpt><trkpt lat="22.41743264" lon="114.1671128"><ele>427.016357421875</ele><time>2019-01-12T04:43:08Z</time></trkpt><trkpt lat="22.41742214" lon="114.16709511"><ele>427.40386962890625</ele><time>2019-01-12T04:43:11Z</time></trkpt><trkpt lat="22.41739457" lon="114.1670973"><ele>427.588623046875</ele><time>2019-01-12T04:43:15Z</time></trkpt><trkpt lat="22.41737453" lon="114.16710737"><ele>428.37310791015625</ele><time>2019-01-12T04:43:17Z</time></trkpt><trkpt lat="22.41735123" lon="114.16711847"><ele>428.50933837890625</ele><time>2019-01-12T04:43:19Z</time></trkpt><trkpt lat="22.41733137" lon="114.16712778"><ele>429.26422119140625</ele><time>2019-01-12T04:43:21Z</time></trkpt><trkpt lat="22.41731437" lon="114.16713899"><ele>430.42303466796875</ele><time>2019-01-12T04:43:23Z</time></trkpt><trkpt lat="22.41730219" lon="114.16716311"><ele>432.3056640625</ele><time>2019-01-12T04:43:26Z</time></trkpt><trkpt lat="22.41728328" lon="114.16718293"><ele>434.1571044921875</ele><time>2019-01-12T04:43:29Z</time></trkpt><trkpt lat="22.41726286" lon="114.16718898"><ele>435.5853271484375</ele><time>2019-01-12T04:43:31Z</time></trkpt><trkpt lat="22.41724074" lon="114.16719437"><ele>435.7994384765625</ele><time>2019-01-12T04:43:33Z</time></trkpt><trkpt lat="22.41722334" lon="114.16721443"><ele>436.22650146484375</ele><time>2019-01-12T04:43:36Z</time></trkpt><trkpt lat="22.41720931" lon="114.16722851"><ele>437.6573486328125</ele><time>2019-01-12T04:43:38Z</time></trkpt><trkpt lat="22.41719657" lon="114.1672474"><ele>440.3304443359375</ele><time>2019-01-12T04:43:40Z</time></trkpt><trkpt lat="22.41717967" lon="114.16725722"><ele>440.251220703125</ele><time>2019-01-12T04:43:42Z</time></trkpt><trkpt lat="22.41716781" lon="114.16727214"><ele>440.2744140625</ele><time>2019-01-12T04:43:45Z</time></trkpt><trkpt lat="22.41714856" lon="114.16729027"><ele>440.54974365234375</ele><time>2019-01-12T04:43:48Z</time></trkpt><trkpt lat="22.41714389" lon="114.16731163"><ele>440.953369140625</ele><time>2019-01-12T04:43:50Z</time></trkpt><trkpt lat="22.4171454" lon="114.16733247"><ele>441.8533935546875</ele><time>2019-01-12T04:43:52Z</time></trkpt><trkpt lat="22.41712083" lon="114.16733663"><ele>440.7989501953125</ele><time>2019-01-12T04:43:55Z</time></trkpt><trkpt lat="22.41710078" lon="114.16733356"><ele>441.13232421875</ele><time>2019-01-12T04:43:57Z</time></trkpt><trkpt lat="22.41707488" lon="114.16733178"><ele>439.68450927734375</ele><time>2019-01-12T04:43:59Z</time></trkpt><trkpt lat="22.4170475" lon="114.1673278"><ele>439.95684814453125</ele><time>2019-01-12T04:44:01Z</time></trkpt><trkpt lat="22.41702705" lon="114.16733817"><ele>441.72271728515625</ele><time>2019-01-12T04:44:04Z</time></trkpt><trkpt lat="22.41700509" lon="114.16735226"><ele>441.61822509765625</ele><time>2019-01-12T04:44:07Z</time></trkpt><trkpt lat="22.41699225" lon="114.16736791"><ele>442.6947021484375</ele><time>2019-01-12T04:44:10Z</time></trkpt><trkpt lat="22.4169734" lon="114.16737034"><ele>442.3319091796875</ele><time>2019-01-12T04:44:12Z</time></trkpt><trkpt lat="22.41695398" lon="114.16736937"><ele>444.13818359375</ele><time>2019-01-12T04:44:14Z</time></trkpt><trkpt lat="22.41695098" lon="114.16738886"><ele>445.338623046875</ele><time>2019-01-12T04:44:18Z</time></trkpt><trkpt lat="22.41693405" lon="114.16737123"><ele>440.9791259765625</ele><time>2019-01-12T04:44:23Z</time></trkpt><trkpt lat="22.4168975" lon="114.16734674"><ele>438.07470703125</ele><time>2019-01-12T04:44:36Z</time></trkpt><trkpt lat="22.4168692" lon="114.16733502"><ele>436.5693359375</ele><time>2019-01-12T04:44:37Z</time></trkpt><trkpt lat="22.41684674" lon="114.16732625"><ele>436.5062255859375</ele><time>2019-01-12T04:44:38Z</time></trkpt><trkpt lat="22.41682583" lon="114.16731765"><ele>435.1181640625</ele><time>2019-01-12T04:44:39Z</time></trkpt><trkpt lat="22.41680685" lon="114.16731224"><ele>433.5794677734375</ele><time>2019-01-12T04:44:40Z</time></trkpt><trkpt lat="22.41677942" lon="114.16730134"><ele>432.460205078125</ele><time>2019-01-12T04:44:42Z</time></trkpt><trkpt lat="22.41674455" lon="114.16729078"><ele>432.09912109375</ele><time>2019-01-12T04:44:44Z</time></trkpt><trkpt lat="22.41672287" lon="114.16728567"><ele>433.24371337890625</ele><time>2019-01-12T04:44:45Z</time></trkpt><trkpt lat="22.41668966" lon="114.16727482"><ele>432.3031005859375</ele><time>2019-01-12T04:44:47Z</time></trkpt><trkpt lat="22.41667226" lon="114.16726873"><ele>432.21673583984375</ele><time>2019-01-12T04:44:48Z</time></trkpt><trkpt lat="22.41665385" lon="114.16726301"><ele>432.7528076171875</ele><time>2019-01-12T04:44:49Z</time></trkpt><trkpt lat="22.41661756" lon="114.16726637"><ele>430.892333984375</ele><time>2019-01-12T04:44:51Z</time></trkpt><trkpt lat="22.41659342" lon="114.16726491"><ele>430.66259765625</ele><time>2019-01-12T04:44:52Z</time></trkpt><trkpt lat="22.41657268" lon="114.16726558"><ele>429.5125732421875</ele><time>2019-01-12T04:44:53Z</time></trkpt><trkpt lat="22.41654916" lon="114.16726977"><ele>427.603515625</ele><time>2019-01-12T04:44:55Z</time></trkpt><trkpt lat="22.416526" lon="114.16727202"><ele>428.7276611328125</ele><time>2019-01-12T04:44:57Z</time></trkpt><trkpt lat="22.41650496" lon="114.16728035"><ele>430.402099609375</ele><time>2019-01-12T04:44:59Z</time></trkpt><trkpt lat="22.4164829" lon="114.16728782"><ele>429.3740234375</ele><time>2019-01-12T04:45:01Z</time></trkpt><trkpt lat="22.41645797" lon="114.16727888"><ele>431.0506591796875</ele><time>2019-01-12T04:45:04Z</time></trkpt><trkpt lat="22.41643418" lon="114.16726516"><ele>431.6732177734375</ele><time>2019-01-12T04:45:07Z</time></trkpt><trkpt lat="22.41641015" lon="114.16726084"><ele>430.62579345703125</ele><time>2019-01-12T04:45:10Z</time></trkpt><trkpt lat="22.41639239" lon="114.16726768"><ele>434.328857421875</ele><time>2019-01-12T04:45:12Z</time></trkpt><trkpt lat="22.41637087" lon="114.16727231"><ele>435.8212890625</ele><time>2019-01-12T04:45:14Z</time></trkpt><trkpt lat="22.41634361" lon="114.1672803"><ele>435.328857421875</ele><time>2019-01-12T04:45:16Z</time></trkpt><trkpt lat="22.41631553" lon="114.16728601"><ele>435.064697265625</ele><time>2019-01-12T04:45:18Z</time></trkpt><trkpt lat="22.41629565" lon="114.16728996"><ele>437.0233154296875</ele><time>2019-01-12T04:45:20Z</time></trkpt><trkpt lat="22.41627438" lon="114.16728912"><ele>435.7989501953125</ele><time>2019-01-12T04:45:22Z</time></trkpt><trkpt lat="22.41625509" lon="114.1672931"><ele>436.9605712890625</ele><time>2019-01-12T04:45:25Z</time></trkpt><trkpt lat="22.41622734" lon="114.16729033"><ele>435.8509521484375</ele><time>2019-01-12T04:45:28Z</time></trkpt><trkpt lat="22.41620872" lon="114.16728912"><ele>437.12255859375</ele><time>2019-01-12T04:45:29Z</time></trkpt><trkpt lat="22.41618446" lon="114.16729032"><ele>438.4830322265625</ele><time>2019-01-12T04:45:31Z</time></trkpt><trkpt lat="22.41615755" lon="114.16727421"><ele>436.7535400390625</ele><time>2019-01-12T04:45:34Z</time></trkpt><trkpt lat="22.41613367" lon="114.16725694"><ele>437.4525146484375</ele><time>2019-01-12T04:45:36Z</time></trkpt><trkpt lat="22.41610866" lon="114.16724547"><ele>438.20361328125</ele><time>2019-01-12T04:45:38Z</time></trkpt><trkpt lat="22.41608441" lon="114.16723576"><ele>440.28973388671875</ele><time>2019-01-12T04:45:40Z</time></trkpt><trkpt lat="22.41606595" lon="114.16724583"><ele>440.5733642578125</ele><time>2019-01-12T04:45:44Z</time></trkpt><trkpt lat="22.41604438" lon="114.16724152"><ele>438.7261962890625</ele><time>2019-01-12T04:45:46Z</time></trkpt><trkpt lat="22.41602473" lon="114.16723104"><ele>440.534423828125</ele><time>2019-01-12T04:45:48Z</time></trkpt><trkpt lat="22.41600882" lon="114.16721749"><ele>440.3272705078125</ele><time>2019-01-12T04:46:00Z</time></trkpt><trkpt lat="22.41599255" lon="114.16719955"><ele>438.395263671875</ele><time>2019-01-12T04:46:02Z</time></trkpt><trkpt lat="22.41598314" lon="114.16717079"><ele>438.2393798828125</ele><time>2019-01-12T04:46:05Z</time></trkpt><trkpt lat="22.41597805" lon="114.16714513"><ele>438.29852294921875</ele><time>2019-01-12T04:46:07Z</time></trkpt><trkpt lat="22.41597044" lon="114.16712296"><ele>440.1485595703125</ele><time>2019-01-12T04:46:09Z</time></trkpt><trkpt lat="22.41598365" lon="114.1671089"><ele>441.84417724609375</ele><time>2019-01-12T04:46:15Z</time></trkpt><trkpt lat="22.41599981" lon="114.16711817"><ele>441.735107421875</ele><time>2019-01-12T04:46:18Z</time></trkpt><trkpt lat="22.41601517" lon="114.1670897"><ele>437.9918212890625</ele><time>2019-01-12T04:46:57Z</time></trkpt><trkpt lat="22.41602883" lon="114.16706088"><ele>437.352783203125</ele><time>2019-01-12T04:46:59Z</time></trkpt><trkpt lat="22.41603695" lon="114.16704061"><ele>437.7315673828125</ele><time>2019-01-12T04:47:01Z</time></trkpt><trkpt lat="22.41603783" lon="114.1670159"><ele>438.6390380859375</ele><time>2019-01-12T04:47:03Z</time></trkpt><trkpt lat="22.4160309" lon="114.16698722"><ele>439.2196044921875</ele><time>2019-01-12T04:47:05Z</time></trkpt><trkpt lat="22.41601396" lon="114.1669561"><ele>437.52001953125</ele><time>2019-01-12T04:47:07Z</time></trkpt><trkpt lat="22.41599313" lon="114.16692851"><ele>436.3961181640625</ele><time>2019-01-12T04:47:09Z</time></trkpt><trkpt lat="22.4159814" lon="114.16691248"><ele>437.195556640625</ele><time>2019-01-12T04:47:10Z</time></trkpt><trkpt lat="22.41596864" lon="114.16689759"><ele>437.849609375</ele><time>2019-01-12T04:47:11Z</time></trkpt><trkpt lat="22.4159387" lon="114.16687458"><ele>437.1678466796875</ele><time>2019-01-12T04:47:13Z</time></trkpt><trkpt lat="22.41591071" lon="114.16685652"><ele>436.31268310546875</ele><time>2019-01-12T04:47:15Z</time></trkpt><trkpt lat="22.41589168" lon="114.16684909"><ele>434.8455810546875</ele><time>2019-01-12T04:47:16Z</time></trkpt><trkpt lat="22.41587205" lon="114.16684296"><ele>432.871826171875</ele><time>2019-01-12T04:47:17Z</time></trkpt><trkpt lat="22.41584435" lon="114.16683685"><ele>432.9442138671875</ele><time>2019-01-12T04:47:19Z</time></trkpt><trkpt lat="22.41581751" lon="114.16682905"><ele>432.7965087890625</ele><time>2019-01-12T04:47:21Z</time></trkpt><trkpt lat="22.41579494" lon="114.16683078"><ele>435.207763671875</ele><time>2019-01-12T04:47:24Z</time></trkpt><trkpt lat="22.41577118" lon="114.16681942"><ele>436.0833740234375</ele><time>2019-01-12T04:47:26Z</time></trkpt><trkpt lat="22.41575491" lon="114.16682774"><ele>434.8641357421875</ele><time>2019-01-12T04:47:29Z</time></trkpt><trkpt lat="22.41573254" lon="114.16683408"><ele>431.52862548828125</ele><time>2019-01-12T04:47:32Z</time></trkpt><trkpt lat="22.41571282" lon="114.1668416"><ele>433.2637939453125</ele><time>2019-01-12T04:47:36Z</time></trkpt><trkpt lat="22.4156901" lon="114.16682603"><ele>433.29248046875</ele><time>2019-01-12T04:47:38Z</time></trkpt><trkpt lat="22.4156687" lon="114.16680145"><ele>434.0841064453125</ele><time>2019-01-12T04:47:40Z</time></trkpt><trkpt lat="22.41565543" lon="114.16678639"><ele>434.319091796875</ele><time>2019-01-12T04:47:41Z</time></trkpt><trkpt lat="22.4156372" lon="114.16677069"><ele>435.7662353515625</ele><time>2019-01-12T04:47:43Z</time></trkpt><trkpt lat="22.41561335" lon="114.16676426"><ele>438.1552734375</ele><time>2019-01-12T04:47:46Z</time></trkpt><trkpt lat="22.4155937" lon="114.16674856"><ele>438.27978515625</ele><time>2019-01-12T04:47:48Z</time></trkpt><trkpt lat="22.41557439" lon="114.16673192"><ele>441.312255859375</ele><time>2019-01-12T04:47:50Z</time></trkpt><trkpt lat="22.41555189" lon="114.16671455"><ele>443.36395263671875</ele><time>2019-01-12T04:47:52Z</time></trkpt><trkpt lat="22.41553256" lon="114.16670245"><ele>443.47222900390625</ele><time>2019-01-12T04:47:54Z</time></trkpt><trkpt lat="22.41551282" lon="114.16668536"><ele>442.09686279296875</ele><time>2019-01-12T04:47:56Z</time></trkpt><trkpt lat="22.41549917" lon="114.16666835"><ele>442.198486328125</ele><time>2019-01-12T04:47:59Z</time></trkpt><trkpt lat="22.41548353" lon="114.16665824"><ele>440.5933837890625</ele><time>2019-01-12T04:48:01Z</time></trkpt><trkpt lat="22.41547063" lon="114.16663629"><ele>440.85980224609375</ele><time>2019-01-12T04:48:03Z</time></trkpt><trkpt lat="22.41545484" lon="114.16660708"><ele>440.19439697265625</ele><time>2019-01-12T04:48:05Z</time></trkpt><trkpt lat="22.41543842" lon="114.16657953"><ele>441.6563720703125</ele><time>2019-01-12T04:48:07Z</time></trkpt><trkpt lat="22.415448" lon="114.16655986"><ele>441.52740478515625</ele><time>2019-01-12T04:48:10Z</time></trkpt><trkpt lat="22.41546303" lon="114.16654199"><ele>441.5849609375</ele><time>2019-01-12T04:48:13Z</time></trkpt><trkpt lat="22.41547908" lon="114.16652981"><ele>443.759033203125</ele><time>2019-01-12T04:48:17Z</time></trkpt><trkpt lat="22.41547947" lon="114.1665085"><ele>447.786865234375</ele><time>2019-01-12T04:48:25Z</time></trkpt><trkpt lat="22.41549601" lon="114.16652239"><ele>446.62646484375</ele><time>2019-01-12T04:49:08Z</time></trkpt><trkpt lat="22.41550091" lon="114.16654134"><ele>450.3177490234375</ele><time>2019-01-12T04:49:16Z</time></trkpt><trkpt lat="22.41551285" lon="114.16651474"><ele>451.11700439453125</ele><time>2019-01-12T04:49:29Z</time></trkpt><trkpt lat="22.41551815" lon="114.16649297"><ele>450.1383056640625</ele><time>2019-01-12T04:49:34Z</time></trkpt><trkpt lat="22.41552795" lon="114.16647491"><ele>449.13616943359375</ele><time>2019-01-12T04:49:37Z</time></trkpt><trkpt lat="22.41554355" lon="114.16646464"><ele>450.10052490234375</ele><time>2019-01-12T04:49:40Z</time></trkpt><trkpt lat="22.41554459" lon="114.16644469"><ele>449.728759765625</ele><time>2019-01-12T04:50:04Z</time></trkpt><trkpt lat="22.41555769" lon="114.16642427"><ele>448.177978515625</ele><time>2019-01-12T04:50:07Z</time></trkpt><trkpt lat="22.4155732" lon="114.16641086"><ele>449.493408203125</ele><time>2019-01-12T04:50:09Z</time></trkpt><trkpt lat="22.41559237" lon="114.16640031"><ele>449.054443359375</ele><time>2019-01-12T04:50:11Z</time></trkpt><trkpt lat="22.41561504" lon="114.16638295"><ele>451.08953857421875</ele><time>2019-01-12T04:50:13Z</time></trkpt><trkpt lat="22.41563597" lon="114.16637574"><ele>453.597900390625</ele><time>2019-01-12T04:50:16Z</time></trkpt><trkpt lat="22.41563606" lon="114.16634524"><ele>451.35821533203125</ele><time>2019-01-12T04:50:26Z</time></trkpt><trkpt lat="22.41562043" lon="114.16631125"><ele>450.114013671875</ele><time>2019-01-12T04:50:28Z</time></trkpt><trkpt lat="22.41560969" lon="114.16628062"><ele>449.758544921875</ele><time>2019-01-12T04:50:30Z</time></trkpt><trkpt lat="22.41560214" lon="114.16624971"><ele>449.144775390625</ele><time>2019-01-12T04:50:32Z</time></trkpt><trkpt lat="22.41560091" lon="114.16622768"><ele>449.39794921875</ele><time>2019-01-12T04:50:34Z</time></trkpt><trkpt lat="22.41560412" lon="114.16620101"><ele>451.3367919921875</ele><time>2019-01-12T04:50:36Z</time></trkpt><trkpt lat="22.41560205" lon="114.16617594"><ele>449.81134033203125</ele><time>2019-01-12T04:50:38Z</time></trkpt><trkpt lat="22.41559607" lon="114.1661482"><ele>449.21051025390625</ele><time>2019-01-12T04:50:40Z</time></trkpt><trkpt lat="22.4155825" lon="114.16611289"><ele>447.71258544921875</ele><time>2019-01-12T04:50:42Z</time></trkpt><trkpt lat="22.4155703" lon="114.16608977"><ele>446.3067626953125</ele><time>2019-01-12T04:50:44Z</time></trkpt><trkpt lat="22.41556618" lon="114.16606669"><ele>446.08587646484375</ele><time>2019-01-12T04:50:46Z</time></trkpt><trkpt lat="22.41556026" lon="114.16604742"><ele>446.86474609375</ele><time>2019-01-12T04:50:51Z</time></trkpt><trkpt lat="22.41555236" lon="114.16601793"><ele>444.6280517578125</ele><time>2019-01-12T04:51:09Z</time></trkpt><trkpt lat="22.41554555" lon="114.16599562"><ele>440.72869873046875</ele><time>2019-01-12T04:51:12Z</time></trkpt><trkpt lat="22.41553783" lon="114.16597206"><ele>438.33599853515625</ele><time>2019-01-12T04:51:14Z</time></trkpt><trkpt lat="22.41553733" lon="114.16594948"><ele>440.12274169921875</ele><time>2019-01-12T04:51:16Z</time></trkpt><trkpt lat="22.41554306" lon="114.16592626"><ele>441.857666015625</ele><time>2019-01-12T04:51:18Z</time></trkpt><trkpt lat="22.4155352" lon="114.16589813"><ele>441.26763916015625</ele><time>2019-01-12T04:51:21Z</time></trkpt><trkpt lat="22.41551598" lon="114.16587474"><ele>441.2392578125</ele><time>2019-01-12T04:51:24Z</time></trkpt><trkpt lat="22.41550112" lon="114.16585957"><ele>441.83111572265625</ele><time>2019-01-12T04:51:26Z</time></trkpt><trkpt lat="22.41549998" lon="114.16583436"><ele>439.9222412109375</ele><time>2019-01-12T04:51:43Z</time></trkpt><trkpt lat="22.41548392" lon="114.16581345"><ele>438.408447265625</ele><time>2019-01-12T04:51:45Z</time></trkpt><trkpt lat="22.41546941" lon="114.16579556"><ele>437.92926025390625</ele><time>2019-01-12T04:51:47Z</time></trkpt><trkpt lat="22.41546047" lon="114.16577794"><ele>437.24951171875</ele><time>2019-01-12T04:51:49Z</time></trkpt><trkpt lat="22.41543881" lon="114.16575527"><ele>438.6451416015625</ele><time>2019-01-12T04:51:51Z</time></trkpt><trkpt lat="22.41541843" lon="114.16574208"><ele>437.432861328125</ele><time>2019-01-12T04:51:53Z</time></trkpt><trkpt lat="22.41539678" lon="114.16572978"><ele>432.82586669921875</ele><time>2019-01-12T04:51:55Z</time></trkpt><trkpt lat="22.41537844" lon="114.16572228"><ele>432.3094482421875</ele><time>2019-01-12T04:51:57Z</time></trkpt><trkpt lat="22.41536194" lon="114.1657092"><ele>431.87713623046875</ele><time>2019-01-12T04:51:59Z</time></trkpt><trkpt lat="22.41533891" lon="114.16569867"><ele>428.0263671875</ele><time>2019-01-12T04:52:04Z</time></trkpt><trkpt lat="22.41531763" lon="114.16568364"><ele>429.71630859375</ele><time>2019-01-12T04:52:06Z</time></trkpt><trkpt lat="22.4152925" lon="114.16566775"><ele>431.19921875</ele><time>2019-01-12T04:52:08Z</time></trkpt><trkpt lat="22.41526692" lon="114.16565255"><ele>431.0550537109375</ele><time>2019-01-12T04:52:10Z</time></trkpt><trkpt lat="22.41524512" lon="114.16563765"><ele>432.3773193359375</ele><time>2019-01-12T04:52:12Z</time></trkpt><trkpt lat="22.41521899" lon="114.16561623"><ele>432.21319580078125</ele><time>2019-01-12T04:52:14Z</time></trkpt><trkpt lat="22.4152038" lon="114.16559759"><ele>433.626708984375</ele><time>2019-01-12T04:52:16Z</time></trkpt><trkpt lat="22.41519486" lon="114.16557983"><ele>434.702880859375</ele><time>2019-01-12T04:52:18Z</time></trkpt><trkpt lat="22.41518254" lon="114.16556307"><ele>432.7928466796875</ele><time>2019-01-12T04:52:20Z</time></trkpt><trkpt lat="22.41516735" lon="114.16554442"><ele>433.24237060546875</ele><time>2019-01-12T04:52:22Z</time></trkpt><trkpt lat="22.41515393" lon="114.16552286"><ele>433.850830078125</ele><time>2019-01-12T04:52:24Z</time></trkpt><trkpt lat="22.41514787" lon="114.16550183"><ele>434.86669921875</ele><time>2019-01-12T04:52:26Z</time></trkpt><trkpt lat="22.41513833" lon="114.16547674"><ele>436.6729736328125</ele><time>2019-01-12T04:52:28Z</time></trkpt><trkpt lat="22.41512341" lon="114.16545055"><ele>437.25537109375</ele><time>2019-01-12T04:52:30Z</time></trkpt><trkpt lat="22.41510556" lon="114.16542516"><ele>438.6912841796875</ele><time>2019-01-12T04:52:32Z</time></trkpt><trkpt lat="22.41508562" lon="114.16540278"><ele>438.00262451171875</ele><time>2019-01-12T04:52:34Z</time></trkpt><trkpt lat="22.41506427" lon="114.16537983"><ele>437.92437744140625</ele><time>2019-01-12T04:52:36Z</time></trkpt><trkpt lat="22.41504739" lon="114.16535474"><ele>437.374267578125</ele><time>2019-01-12T04:52:38Z</time></trkpt><trkpt lat="22.41503057" lon="114.16533599"><ele>437.8681640625</ele><time>2019-01-12T04:52:40Z</time></trkpt><trkpt lat="22.41501106" lon="114.16532257"><ele>439.049560546875</ele><time>2019-01-12T04:52:42Z</time></trkpt><trkpt lat="22.41500518" lon="114.16530379"><ele>440.31451416015625</ele><time>2019-01-12T04:52:44Z</time></trkpt><trkpt lat="22.41499716" lon="114.16527714"><ele>442.003173828125</ele><time>2019-01-12T04:52:46Z</time></trkpt><trkpt lat="22.41498844" lon="114.16525715"><ele>442.923828125</ele><time>2019-01-12T04:52:48Z</time></trkpt><trkpt lat="22.41499738" lon="114.16523992"><ele>443.77667236328125</ele><time>2019-01-12T04:52:50Z</time></trkpt><trkpt lat="22.41500275" lon="114.16522125"><ele>442.6265869140625</ele><time>2019-01-12T04:52:52Z</time></trkpt><trkpt lat="22.41500152" lon="114.16519701"><ele>441.96435546875</ele><time>2019-01-12T04:52:54Z</time></trkpt><trkpt lat="22.41500065" lon="114.16517357"><ele>441.82080078125</ele><time>2019-01-12T04:52:56Z</time></trkpt><trkpt lat="22.41499784" lon="114.16514724"><ele>442.09881591796875</ele><time>2019-01-12T04:52:58Z</time></trkpt><trkpt lat="22.4149954" lon="114.16512767"><ele>441.14947509765625</ele><time>2019-01-12T04:53:00Z</time></trkpt><trkpt lat="22.41500091" lon="114.16510619"><ele>440.288330078125</ele><time>2019-01-12T04:53:03Z</time></trkpt><trkpt lat="22.41501548" lon="114.16509141"><ele>440.88214111328125</ele><time>2019-01-12T04:53:05Z</time></trkpt><trkpt lat="22.41503162" lon="114.16507342"><ele>444.4449462890625</ele><time>2019-01-12T04:53:07Z</time></trkpt><trkpt lat="22.41504297" lon="114.16505369"><ele>447.180908203125</ele><time>2019-01-12T04:53:09Z</time></trkpt><trkpt lat="22.41504321" lon="114.16503062"><ele>448.064453125</ele><time>2019-01-12T04:53:11Z</time></trkpt><trkpt lat="22.41504536" lon="114.16500597"><ele>448.2198486328125</ele><time>2019-01-12T04:53:13Z</time></trkpt><trkpt lat="22.41504748" lon="114.16498592"><ele>449.567138671875</ele><time>2019-01-12T04:53:15Z</time></trkpt><trkpt lat="22.41504261" lon="114.16496521"><ele>448.7451171875</ele><time>2019-01-12T04:53:18Z</time></trkpt><trkpt lat="22.41502482" lon="114.1649461"><ele>448.01312255859375</ele><time>2019-01-12T04:53:21Z</time></trkpt><trkpt lat="22.41501431" lon="114.16492723"><ele>448.8497314453125</ele><time>2019-01-12T04:53:23Z</time></trkpt><trkpt lat="22.41499861" lon="114.16489536"><ele>448.9384765625</ele><time>2019-01-12T04:53:25Z</time></trkpt><trkpt lat="22.41498291" lon="114.16486881"><ele>447.72491455078125</ele><time>2019-01-12T04:53:27Z</time></trkpt><trkpt lat="22.41497123" lon="114.16485104"><ele>446.80810546875</ele><time>2019-01-12T04:53:29Z</time></trkpt><trkpt lat="22.41495281" lon="114.16481733"><ele>447.8729248046875</ele><time>2019-01-12T04:53:31Z</time></trkpt><trkpt lat="22.41494154" lon="114.16479932"><ele>447.310302734375</ele><time>2019-01-12T04:53:32Z</time></trkpt><trkpt lat="22.41492956" lon="114.16478236"><ele>447.0574951171875</ele><time>2019-01-12T04:53:33Z</time></trkpt><trkpt lat="22.41491812" lon="114.16476694"><ele>446.84716796875</ele><time>2019-01-12T04:53:34Z</time></trkpt><trkpt lat="22.41490019" lon="114.16473835"><ele>446.6171875</ele><time>2019-01-12T04:53:36Z</time></trkpt><trkpt lat="22.41488399" lon="114.16471447"><ele>447.59552001953125</ele><time>2019-01-12T04:53:38Z</time></trkpt><trkpt lat="22.41486612" lon="114.16469031"><ele>446.389404296875</ele><time>2019-01-12T04:53:40Z</time></trkpt><trkpt lat="22.41485067" lon="114.16467008"><ele>445.9075927734375</ele><time>2019-01-12T04:53:42Z</time></trkpt><trkpt lat="22.41483455" lon="114.16465175"><ele>445.55975341796875</ele><time>2019-01-12T04:53:44Z</time></trkpt><trkpt lat="22.41481524" lon="114.16462654"><ele>446.0479736328125</ele><time>2019-01-12T04:53:46Z</time></trkpt><trkpt lat="22.41479666" lon="114.16460483"><ele>443.9892578125</ele><time>2019-01-12T04:53:48Z</time></trkpt><trkpt lat="22.41478062" lon="114.16459053"><ele>444.00152587890625</ele><time>2019-01-12T04:53:50Z</time></trkpt><trkpt lat="22.41476015" lon="114.16457275"><ele>444.1922607421875</ele><time>2019-01-12T04:53:52Z</time></trkpt><trkpt lat="22.41473953" lon="114.16455774"><ele>444.562744140625</ele><time>2019-01-12T04:53:54Z</time></trkpt><trkpt lat="22.41472059" lon="114.16454693"><ele>444.5247802734375</ele><time>2019-01-12T04:53:56Z</time></trkpt><trkpt lat="22.41470215" lon="114.16453255"><ele>446.0771484375</ele><time>2019-01-12T04:53:58Z</time></trkpt><trkpt lat="22.41469334" lon="114.16451446"><ele>448.6572265625</ele><time>2019-01-12T04:54:00Z</time></trkpt><trkpt lat="22.4146858" lon="114.16449454"><ele>450.33746337890625</ele><time>2019-01-12T04:54:05Z</time></trkpt><trkpt lat="22.41468714" lon="114.16447198"><ele>451.37969970703125</ele><time>2019-01-12T04:54:07Z</time></trkpt><trkpt lat="22.41469124" lon="114.16444981"><ele>451.13385009765625</ele><time>2019-01-12T04:54:09Z</time></trkpt><trkpt lat="22.41469695" lon="114.16442597"><ele>451.0010986328125</ele><time>2019-01-12T04:54:11Z</time></trkpt><trkpt lat="22.41470841" lon="114.16440709"><ele>451.0032958984375</ele><time>2019-01-12T04:54:13Z</time></trkpt><trkpt lat="22.41472547" lon="114.16439286"><ele>450.9468994140625</ele><time>2019-01-12T04:54:15Z</time></trkpt><trkpt lat="22.4147463" lon="114.16437455"><ele>452.240478515625</ele><time>2019-01-12T04:54:17Z</time></trkpt><trkpt lat="22.41476491" lon="114.1643649"><ele>450.8416748046875</ele><time>2019-01-12T04:54:19Z</time></trkpt><trkpt lat="22.41478511" lon="114.16435853"><ele>451.51983642578125</ele><time>2019-01-12T04:54:21Z</time></trkpt><trkpt lat="22.41480941" lon="114.16434907"><ele>449.1004638671875</ele><time>2019-01-12T04:54:24Z</time></trkpt><trkpt lat="22.41482642" lon="114.16433951"><ele>449.59063720703125</ele><time>2019-01-12T04:54:26Z</time></trkpt><trkpt lat="22.41484206" lon="114.16432292"><ele>451.58819580078125</ele><time>2019-01-12T04:54:28Z</time></trkpt><trkpt lat="22.41486186" lon="114.1643113"><ele>451.11700439453125</ele><time>2019-01-12T04:54:30Z</time></trkpt><trkpt lat="22.41488112" lon="114.1642882"><ele>450.517822265625</ele><time>2019-01-12T04:54:33Z</time></trkpt><trkpt lat="22.41489617" lon="114.16427447"><ele>450.58758544921875</ele><time>2019-01-12T04:54:35Z</time></trkpt><trkpt lat="22.41491255" lon="114.16426018"><ele>450.539306640625</ele><time>2019-01-12T04:54:37Z</time></trkpt><trkpt lat="22.41492603" lon="114.16424383"><ele>451.6146240234375</ele><time>2019-01-12T04:54:39Z</time></trkpt><trkpt lat="22.41494393" lon="114.16422314"><ele>451.9334716796875</ele><time>2019-01-12T04:54:41Z</time></trkpt><trkpt lat="22.41496307" lon="114.16420386"><ele>452.13836669921875</ele><time>2019-01-12T04:54:43Z</time></trkpt><trkpt lat="22.41498069" lon="114.16418208"><ele>453.040283203125</ele><time>2019-01-12T04:54:45Z</time></trkpt><trkpt lat="22.41499569" lon="114.16416437"><ele>453.03076171875</ele><time>2019-01-12T04:54:47Z</time></trkpt><trkpt lat="22.41501104" lon="114.16414682"><ele>452.8787841796875</ele><time>2019-01-12T04:54:49Z</time></trkpt><trkpt lat="22.41502589" lon="114.16412323"><ele>453.5870361328125</ele><time>2019-01-12T04:54:51Z</time></trkpt><trkpt lat="22.41504384" lon="114.16410519"><ele>453.1365966796875</ele><time>2019-01-12T04:54:53Z</time></trkpt><trkpt lat="22.41506354" lon="114.16408761"><ele>453.04339599609375</ele><time>2019-01-12T04:54:55Z</time></trkpt><trkpt lat="22.41507617" lon="114.1640675"><ele>452.58795166015625</ele><time>2019-01-12T04:54:57Z</time></trkpt><trkpt lat="22.41508622" lon="114.16404933"><ele>452.5968017578125</ele><time>2019-01-12T04:54:59Z</time></trkpt><trkpt lat="22.41509921" lon="114.16402592"><ele>452.884033203125</ele><time>2019-01-12T04:55:01Z</time></trkpt><trkpt lat="22.41511219" lon="114.16400254"><ele>453.19732666015625</ele><time>2019-01-12T04:55:03Z</time></trkpt><trkpt lat="22.41512655" lon="114.16397378"><ele>454.44921875</ele><time>2019-01-12T04:55:05Z</time></trkpt><trkpt lat="22.41514578" lon="114.16395138"><ele>453.36669921875</ele><time>2019-01-12T04:55:07Z</time></trkpt><trkpt lat="22.41515871" lon="114.16393038"><ele>454.7119140625</ele><time>2019-01-12T04:55:09Z</time></trkpt><trkpt lat="22.41517137" lon="114.16390828"><ele>454.5306396484375</ele><time>2019-01-12T04:55:11Z</time></trkpt><trkpt lat="22.41517899" lon="114.16388188"><ele>453.35302734375</ele><time>2019-01-12T04:55:13Z</time></trkpt><trkpt lat="22.41518917" lon="114.16385875"><ele>452.7178955078125</ele><time>2019-01-12T04:55:15Z</time></trkpt><trkpt lat="22.41520289" lon="114.16383434"><ele>452.6788330078125</ele><time>2019-01-12T04:55:17Z</time></trkpt><trkpt lat="22.41521509" lon="114.16381635"><ele>452.4346923828125</ele><time>2019-01-12T04:55:19Z</time></trkpt><trkpt lat="22.41522513" lon="114.16378685"><ele>453.18914794921875</ele><time>2019-01-12T04:55:22Z</time></trkpt><trkpt lat="22.41522641" lon="114.16375563"><ele>453.24920654296875</ele><time>2019-01-12T04:55:24Z</time></trkpt><trkpt lat="22.4152243" lon="114.16372126"><ele>454.1514892578125</ele><time>2019-01-12T04:55:26Z</time></trkpt><trkpt lat="22.41522851" lon="114.16368816"><ele>455.37255859375</ele><time>2019-01-12T04:55:28Z</time></trkpt><trkpt lat="22.41523428" lon="114.16366133"><ele>455.136474609375</ele><time>2019-01-12T04:55:30Z</time></trkpt><trkpt lat="22.41522884" lon="114.16362798"><ele>456.028564453125</ele><time>2019-01-12T04:55:32Z</time></trkpt><trkpt lat="22.41521971" lon="114.16359573"><ele>456.31170654296875</ele><time>2019-01-12T04:55:34Z</time></trkpt><trkpt lat="22.4152091" lon="114.16356389"><ele>456.14642333984375</ele><time>2019-01-12T04:55:36Z</time></trkpt><trkpt lat="22.41520171" lon="114.1635351"><ele>456.3087158203125</ele><time>2019-01-12T04:55:38Z</time></trkpt><trkpt lat="22.41519988" lon="114.16350643"><ele>456.22021484375</ele><time>2019-01-12T04:55:40Z</time></trkpt><trkpt lat="22.41519895" lon="114.16347984"><ele>454.3094482421875</ele><time>2019-01-12T04:55:42Z</time></trkpt><trkpt lat="22.41519252" lon="114.16345893"><ele>453.7720947265625</ele><time>2019-01-12T04:55:44Z</time></trkpt><trkpt lat="22.41518768" lon="114.16343363"><ele>453.52923583984375</ele><time>2019-01-12T04:55:46Z</time></trkpt><trkpt lat="22.41518379" lon="114.16341372"><ele>453.02166748046875</ele><time>2019-01-12T04:55:48Z</time></trkpt><trkpt lat="22.415191" lon="114.16338101"><ele>453.85400390625</ele><time>2019-01-12T04:55:51Z</time></trkpt><trkpt lat="22.41519516" lon="114.16335977"><ele>452.5679931640625</ele><time>2019-01-12T04:55:53Z</time></trkpt><trkpt lat="22.41520983" lon="114.16334101"><ele>453.4320068359375</ele><time>2019-01-12T04:55:55Z</time></trkpt><trkpt lat="22.41522267" lon="114.16331429"><ele>454.4300537109375</ele><time>2019-01-12T04:55:57Z</time></trkpt><trkpt lat="22.41523305" lon="114.16328645"><ele>454.866455078125</ele><time>2019-01-12T04:55:59Z</time></trkpt><trkpt lat="22.41524436" lon="114.1632606"><ele>455.74066162109375</ele><time>2019-01-12T04:56:01Z</time></trkpt><trkpt lat="22.41526071" lon="114.16324011"><ele>455.790771484375</ele><time>2019-01-12T04:56:03Z</time></trkpt><trkpt lat="22.41527705" lon="114.16321939"><ele>455.31982421875</ele><time>2019-01-12T04:56:05Z</time></trkpt><trkpt lat="22.41528941" lon="114.16320251"><ele>454.7606201171875</ele><time>2019-01-12T04:56:07Z</time></trkpt><trkpt lat="22.41530812" lon="114.16318447"><ele>455.069091796875</ele><time>2019-01-12T04:56:09Z</time></trkpt><trkpt lat="22.41532372" lon="114.16316657"><ele>454.3115234375</ele><time>2019-01-12T04:56:11Z</time></trkpt><trkpt lat="22.41533664" lon="114.16314524"><ele>454.389892578125</ele><time>2019-01-12T04:56:13Z</time></trkpt><trkpt lat="22.41534788" lon="114.16312768"><ele>452.8079833984375</ele><time>2019-01-12T04:56:15Z</time></trkpt><trkpt lat="22.41535863" lon="114.16310744"><ele>453.237060546875</ele><time>2019-01-12T04:56:17Z</time></trkpt><trkpt lat="22.41536786" lon="114.16308213"><ele>453.535400390625</ele><time>2019-01-12T04:56:19Z</time></trkpt><trkpt lat="22.41537358" lon="114.16304931"><ele>454.93255615234375</ele><time>2019-01-12T04:56:21Z</time></trkpt><trkpt lat="22.41537349" lon="114.16302117"><ele>455.09942626953125</ele><time>2019-01-12T04:56:23Z</time></trkpt><trkpt lat="22.41537216" lon="114.16299856"><ele>454.30682373046875</ele><time>2019-01-12T04:56:25Z</time></trkpt><trkpt lat="22.41537364" lon="114.16297856"><ele>454.88818359375</ele><time>2019-01-12T04:56:27Z</time></trkpt><trkpt lat="22.41536942" lon="114.16295166"><ele>454.0670166015625</ele><time>2019-01-12T04:56:29Z</time></trkpt><trkpt lat="22.41535618" lon="114.1629226"><ele>453.789306640625</ele><time>2019-01-12T04:56:31Z</time></trkpt><trkpt lat="22.41534749" lon="114.16290423"><ele>452.58984375</ele><time>2019-01-12T04:56:33Z</time></trkpt><trkpt lat="22.41533651" lon="114.16288755"><ele>451.69305419921875</ele><time>2019-01-12T04:56:35Z</time></trkpt><trkpt lat="22.41532789" lon="114.16286624"><ele>451.54742431640625</ele><time>2019-01-12T04:56:37Z</time></trkpt><trkpt lat="22.41531481" lon="114.16283489"><ele>450.20123291015625</ele><time>2019-01-12T04:56:39Z</time></trkpt><trkpt lat="22.41530152" lon="114.16282023"><ele>449.4476318359375</ele><time>2019-01-12T04:56:40Z</time></trkpt><trkpt lat="22.41527831" lon="114.16280195"><ele>449.421142578125</ele><time>2019-01-12T04:56:42Z</time></trkpt><trkpt lat="22.415256" lon="114.16280029"><ele>448.85528564453125</ele><time>2019-01-12T04:56:44Z</time></trkpt><trkpt lat="22.41523217" lon="114.16279567"><ele>448.526611328125</ele><time>2019-01-12T04:56:46Z</time></trkpt><trkpt lat="22.41520674" lon="114.16276953"><ele>446.29412841796875</ele><time>2019-01-12T04:56:48Z</time></trkpt><trkpt lat="22.41519549" lon="114.16274112"><ele>446.0958251953125</ele><time>2019-01-12T04:56:50Z</time></trkpt><trkpt lat="22.41518465" lon="114.16270467"><ele>445.57861328125</ele><time>2019-01-12T04:56:53Z</time></trkpt><trkpt lat="22.41516808" lon="114.16268339"><ele>444.0303955078125</ele><time>2019-01-12T04:56:55Z</time></trkpt><trkpt lat="22.4151504" lon="114.16267966"><ele>441.8841552734375</ele><time>2019-01-12T04:56:57Z</time></trkpt><trkpt lat="22.41513111" lon="114.16266942"><ele>441.40545654296875</ele><time>2019-01-12T04:56:59Z</time></trkpt><trkpt lat="22.4151126" lon="114.16265169"><ele>441.0384521484375</ele><time>2019-01-12T04:57:01Z</time></trkpt><trkpt lat="22.41509763" lon="114.16262511"><ele>440.9783935546875</ele><time>2019-01-12T04:57:03Z</time></trkpt><trkpt lat="22.41508694" lon="114.16260423"><ele>441.00347900390625</ele><time>2019-01-12T04:57:04Z</time></trkpt><trkpt lat="22.41507717" lon="114.16257486"><ele>441.7918701171875</ele><time>2019-01-12T04:57:06Z</time></trkpt><trkpt lat="22.4150605" lon="114.16255125"><ele>441.8529052734375</ele><time>2019-01-12T04:57:09Z</time></trkpt><trkpt lat="22.4150469" lon="114.16253747"><ele>441.9715576171875</ele><time>2019-01-12T04:57:10Z</time></trkpt><trkpt lat="22.41503235" lon="114.16252377"><ele>441.9600830078125</ele><time>2019-01-12T04:57:11Z</time></trkpt><trkpt lat="22.41500763" lon="114.16249867"><ele>442.40240478515625</ele><time>2019-01-12T04:57:13Z</time></trkpt><trkpt lat="22.41498755" lon="114.16247304"><ele>443.562744140625</ele><time>2019-01-12T04:57:15Z</time></trkpt><trkpt lat="22.41496242" lon="114.16245538"><ele>442.9696044921875</ele><time>2019-01-12T04:57:17Z</time></trkpt><trkpt lat="22.41493936" lon="114.16244372"><ele>443.5352783203125</ele><time>2019-01-12T04:57:19Z</time></trkpt><trkpt lat="22.41491537" lon="114.16243445"><ele>444.3095703125</ele><time>2019-01-12T04:57:21Z</time></trkpt><trkpt lat="22.41488891" lon="114.16243225"><ele>445.1209716796875</ele><time>2019-01-12T04:57:24Z</time></trkpt><trkpt lat="22.41486883" lon="114.16244051"><ele>445.574951171875</ele><time>2019-01-12T04:57:26Z</time></trkpt><trkpt lat="22.41484868" lon="114.16245312"><ele>444.673828125</ele><time>2019-01-12T04:57:28Z</time></trkpt><trkpt lat="22.4148257" lon="114.16246756"><ele>445.1087646484375</ele><time>2019-01-12T04:57:30Z</time></trkpt><trkpt lat="22.41480671" lon="114.16247819"><ele>445.559814453125</ele><time>2019-01-12T04:57:32Z</time></trkpt><trkpt lat="22.41478589" lon="114.16248441"><ele>444.83447265625</ele><time>2019-01-12T04:57:34Z</time></trkpt><trkpt lat="22.41475882" lon="114.16249435"><ele>442.8358154296875</ele><time>2019-01-12T04:57:36Z</time></trkpt><trkpt lat="22.41473556" lon="114.16250412"><ele>443.684326171875</ele><time>2019-01-12T04:57:38Z</time></trkpt><trkpt lat="22.41471615" lon="114.16250813"><ele>444.13720703125</ele><time>2019-01-12T04:57:40Z</time></trkpt><trkpt lat="22.41469868" lon="114.16251316"><ele>444.4044189453125</ele><time>2019-01-12T04:57:43Z</time></trkpt><trkpt lat="22.41466984" lon="114.1625115"><ele>443.2066650390625</ele><time>2019-01-12T04:57:45Z</time></trkpt><trkpt lat="22.4146443" lon="114.1625071"><ele>442.671875</ele><time>2019-01-12T04:57:47Z</time></trkpt><trkpt lat="22.41461992" lon="114.16251578"><ele>443.98486328125</ele><time>2019-01-12T04:57:49Z</time></trkpt><trkpt lat="22.41459639" lon="114.16251583"><ele>446.52264404296875</ele><time>2019-01-12T04:57:51Z</time></trkpt><trkpt lat="22.41457361" lon="114.16251764"><ele>447.590087890625</ele><time>2019-01-12T04:57:53Z</time></trkpt><trkpt lat="22.4145545" lon="114.16252602"><ele>445.69970703125</ele><time>2019-01-12T04:57:56Z</time></trkpt><trkpt lat="22.41453011" lon="114.16252583"><ele>445.2308349609375</ele><time>2019-01-12T04:57:59Z</time></trkpt><trkpt lat="22.41450354" lon="114.16251227"><ele>444.7259521484375</ele><time>2019-01-12T04:58:01Z</time></trkpt><trkpt lat="22.41448286" lon="114.16249218"><ele>445.7406005859375</ele><time>2019-01-12T04:58:03Z</time></trkpt><trkpt lat="22.41446442" lon="114.16247079"><ele>448.1453857421875</ele><time>2019-01-12T04:58:05Z</time></trkpt><trkpt lat="22.41444463" lon="114.16245408"><ele>449.45703125</ele><time>2019-01-12T04:58:07Z</time></trkpt><trkpt lat="22.4144365" lon="114.16243124"><ele>450.84771728515625</ele><time>2019-01-12T04:58:09Z</time></trkpt><trkpt lat="22.41443532" lon="114.16240099"><ele>450.767578125</ele><time>2019-01-12T04:58:13Z</time></trkpt><trkpt lat="22.41443146" lon="114.16237319"><ele>448.2899169921875</ele><time>2019-01-12T04:58:16Z</time></trkpt><trkpt lat="22.41443251" lon="114.16235012"><ele>449.5721435546875</ele><time>2019-01-12T04:58:19Z</time></trkpt><trkpt lat="22.41443019" lon="114.1623302"><ele>447.5574951171875</ele><time>2019-01-12T04:58:21Z</time></trkpt><trkpt lat="22.41442085" lon="114.16231215"><ele>447.43798828125</ele><time>2019-01-12T04:58:23Z</time></trkpt><trkpt lat="22.41440904" lon="114.16229715"><ele>445.6632080078125</ele><time>2019-01-12T04:58:25Z</time></trkpt><trkpt lat="22.41439762" lon="114.16228183"><ele>446.6461181640625</ele><time>2019-01-12T04:58:27Z</time></trkpt><trkpt lat="22.41438681" lon="114.16225835"><ele>447.1712646484375</ele><time>2019-01-12T04:58:29Z</time></trkpt><trkpt lat="22.41437511" lon="114.16223724"><ele>446.8017578125</ele><time>2019-01-12T04:58:31Z</time></trkpt><trkpt lat="22.41436036" lon="114.16221583"><ele>447.17950439453125</ele><time>2019-01-12T04:58:33Z</time></trkpt><trkpt lat="22.41433756" lon="114.16219493"><ele>446.149658203125</ele><time>2019-01-12T04:58:35Z</time></trkpt><trkpt lat="22.41431811" lon="114.16217839"><ele>445.806884765625</ele><time>2019-01-12T04:58:37Z</time></trkpt><trkpt lat="22.41430085" lon="114.16216437"><ele>445.4410400390625</ele><time>2019-01-12T04:58:39Z</time></trkpt><trkpt lat="22.41428127" lon="114.16214312"><ele>444.9888916015625</ele><time>2019-01-12T04:58:41Z</time></trkpt><trkpt lat="22.41426652" lon="114.16212584"><ele>445.51654052734375</ele><time>2019-01-12T04:58:44Z</time></trkpt><trkpt lat="22.41424815" lon="114.1621102"><ele>444.3375244140625</ele><time>2019-01-12T04:58:46Z</time></trkpt><trkpt lat="22.41422872" lon="114.16208541"><ele>444.9156494140625</ele><time>2019-01-12T04:58:48Z</time></trkpt><trkpt lat="22.41420823" lon="114.16206795"><ele>443.94158935546875</ele><time>2019-01-12T04:58:51Z</time></trkpt><trkpt lat="22.41418521" lon="114.16205073"><ele>444.98681640625</ele><time>2019-01-12T04:58:53Z</time></trkpt><trkpt lat="22.41416322" lon="114.16204297"><ele>442.2969970703125</ele><time>2019-01-12T04:58:55Z</time></trkpt><trkpt lat="22.41413366" lon="114.16204008"><ele>441.623046875</ele><time>2019-01-12T04:58:57Z</time></trkpt><trkpt lat="22.4141071" lon="114.16202826"><ele>441.54949951171875</ele><time>2019-01-12T04:58:59Z</time></trkpt><trkpt lat="22.41408549" lon="114.16202106"><ele>440.1480712890625</ele><time>2019-01-12T04:59:01Z</time></trkpt><trkpt lat="22.41405795" lon="114.16201234"><ele>438.56842041015625</ele><time>2019-01-12T04:59:03Z</time></trkpt><trkpt lat="22.4140319" lon="114.16200166"><ele>439.22064208984375</ele><time>2019-01-12T04:59:05Z</time></trkpt><trkpt lat="22.41400666" lon="114.16198354"><ele>440.9608154296875</ele><time>2019-01-12T04:59:07Z</time></trkpt><trkpt lat="22.41398617" lon="114.16196704"><ele>442.01763916015625</ele><time>2019-01-12T04:59:09Z</time></trkpt><trkpt lat="22.41396145" lon="114.16195236"><ele>441.4508056640625</ele><time>2019-01-12T04:59:11Z</time></trkpt><trkpt lat="22.4139388" lon="114.16194013"><ele>442.298828125</ele><time>2019-01-12T04:59:13Z</time></trkpt><trkpt lat="22.41391602" lon="114.16193294"><ele>442.593994140625</ele><time>2019-01-12T04:59:15Z</time></trkpt><trkpt lat="22.41389045" lon="114.16192309"><ele>444.4769287109375</ele><time>2019-01-12T04:59:17Z</time></trkpt><trkpt lat="22.41386187" lon="114.16191261"><ele>443.5206298828125</ele><time>2019-01-12T04:59:19Z</time></trkpt><trkpt lat="22.41383892" lon="114.16190869"><ele>443.37255859375</ele><time>2019-01-12T04:59:21Z</time></trkpt><trkpt lat="22.41381896" lon="114.16190189"><ele>443.29443359375</ele><time>2019-01-12T04:59:23Z</time></trkpt><trkpt lat="22.41379023" lon="114.16189383"><ele>445.08441162109375</ele><time>2019-01-12T04:59:25Z</time></trkpt><trkpt lat="22.41376646" lon="114.16188112"><ele>446.522705078125</ele><time>2019-01-12T04:59:27Z</time></trkpt><trkpt lat="22.41374905" lon="114.16187301"><ele>446.7510986328125</ele><time>2019-01-12T04:59:30Z</time></trkpt><trkpt lat="22.41373211" lon="114.16186303"><ele>446.2269287109375</ele><time>2019-01-12T04:59:32Z</time></trkpt><trkpt lat="22.41370803" lon="114.16186137"><ele>444.48150634765625</ele><time>2019-01-12T04:59:34Z</time></trkpt><trkpt lat="22.4136848" lon="114.16186024"><ele>443.720458984375</ele><time>2019-01-12T04:59:36Z</time></trkpt><trkpt lat="22.41367925" lon="114.16188136"><ele>443.42486572265625</ele><time>2019-01-12T04:59:42Z</time></trkpt><trkpt lat="22.4136946" lon="114.16189383"><ele>448.966796875</ele><time>2019-01-12T05:00:24Z</time></trkpt><trkpt lat="22.41370996" lon="114.16190462"><ele>457.9071044921875</ele><time>2019-01-12T05:02:05Z</time></trkpt><trkpt lat="22.41368216" lon="114.16189914"><ele>456.4637451171875</ele><time>2019-01-12T05:02:25Z</time></trkpt><trkpt lat="22.41366248" lon="114.16188995"><ele>457.5311279296875</ele><time>2019-01-12T05:02:27Z</time></trkpt><trkpt lat="22.41364098" lon="114.16187741"><ele>455.1927490234375</ele><time>2019-01-12T05:02:29Z</time></trkpt><trkpt lat="22.41361445" lon="114.16187071"><ele>451.151611328125</ele><time>2019-01-12T05:02:32Z</time></trkpt><trkpt lat="22.41359557" lon="114.1618593"><ele>451.4305419921875</ele><time>2019-01-12T05:02:34Z</time></trkpt><trkpt lat="22.41357851" lon="114.16184611"><ele>448.818115234375</ele><time>2019-01-12T05:02:37Z</time></trkpt><trkpt lat="22.41356669" lon="114.16182675"><ele>449.5369873046875</ele><time>2019-01-12T05:02:40Z</time></trkpt><trkpt lat="22.41354774" lon="114.16181207"><ele>448.9658203125</ele><time>2019-01-12T05:02:44Z</time></trkpt><trkpt lat="22.41352173" lon="114.16179476"><ele>450.86474609375</ele><time>2019-01-12T05:02:46Z</time></trkpt><trkpt lat="22.41350828" lon="114.16177933"><ele>452.30987548828125</ele><time>2019-01-12T05:02:47Z</time></trkpt><trkpt lat="22.41349453" lon="114.16175651"><ele>454.61279296875</ele><time>2019-01-12T05:02:49Z</time></trkpt><trkpt lat="22.41347828" lon="114.1617346"><ele>454.9139404296875</ele><time>2019-01-12T05:02:51Z</time></trkpt><trkpt lat="22.41346661" lon="114.16171838"><ele>456.511474609375</ele><time>2019-01-12T05:02:53Z</time></trkpt><trkpt lat="22.41344981" lon="114.16169599"><ele>458.3936767578125</ele><time>2019-01-12T05:02:55Z</time></trkpt><trkpt lat="22.41344019" lon="114.1616766"><ele>458.0751953125</ele><time>2019-01-12T05:02:57Z</time></trkpt><trkpt lat="22.41343375" lon="114.1616572"><ele>458.8367919921875</ele><time>2019-01-12T05:02:59Z</time></trkpt><trkpt lat="22.41342829" lon="114.16163318"><ele>460.4251708984375</ele><time>2019-01-12T05:03:02Z</time></trkpt><trkpt lat="22.41341391" lon="114.16161286"><ele>457.40521240234375</ele><time>2019-01-12T05:03:04Z</time></trkpt><trkpt lat="22.41338562" lon="114.16160178"><ele>456.45751953125</ele><time>2019-01-12T05:03:06Z</time></trkpt><trkpt lat="22.41335878" lon="114.16158457"><ele>456.16546630859375</ele><time>2019-01-12T05:03:08Z</time></trkpt><trkpt lat="22.41333338" lon="114.16156004"><ele>454.74578857421875</ele><time>2019-01-12T05:03:10Z</time></trkpt><trkpt lat="22.41331176" lon="114.16153758"><ele>454.642578125</ele><time>2019-01-12T05:03:12Z</time></trkpt><trkpt lat="22.41329075" lon="114.16151993"><ele>453.632080078125</ele><time>2019-01-12T05:03:14Z</time></trkpt><trkpt lat="22.4132746" lon="114.16151087"><ele>453.87432861328125</ele><time>2019-01-12T05:03:15Z</time></trkpt><trkpt lat="22.41324953" lon="114.16150144"><ele>453.83154296875</ele><time>2019-01-12T05:03:17Z</time></trkpt><trkpt lat="22.41322353" lon="114.16149493"><ele>453.1778564453125</ele><time>2019-01-12T05:03:19Z</time></trkpt><trkpt lat="22.41319026" lon="114.16147623"><ele>454.621826171875</ele><time>2019-01-12T05:03:21Z</time></trkpt><trkpt lat="22.41317522" lon="114.16145992"><ele>452.7236328125</ele><time>2019-01-12T05:03:22Z</time></trkpt><trkpt lat="22.41316324" lon="114.16144387"><ele>452.57940673828125</ele><time>2019-01-12T05:03:23Z</time></trkpt><trkpt lat="22.41314828" lon="114.1614176"><ele>452.7724609375</ele><time>2019-01-12T05:03:25Z</time></trkpt><trkpt lat="22.41313404" lon="114.16139294"><ele>455.48590087890625</ele><time>2019-01-12T05:03:27Z</time></trkpt><trkpt lat="22.41312303" lon="114.16137247"><ele>455.689697265625</ele><time>2019-01-12T05:03:29Z</time></trkpt><trkpt lat="22.41311233" lon="114.16135605"><ele>456.9951171875</ele><time>2019-01-12T05:03:30Z</time></trkpt><trkpt lat="22.41309438" lon="114.16132807"><ele>456.1834716796875</ele><time>2019-01-12T05:03:32Z</time></trkpt><trkpt lat="22.41309432" lon="114.16130667"><ele>452.831787109375</ele><time>2019-01-12T05:03:35Z</time></trkpt><trkpt lat="22.41307858" lon="114.16128133"><ele>452.20294189453125</ele><time>2019-01-12T05:03:38Z</time></trkpt><trkpt lat="22.41307323" lon="114.16126175"><ele>452.885498046875</ele><time>2019-01-12T05:03:40Z</time></trkpt><trkpt lat="22.41306596" lon="114.161233"><ele>453.203857421875</ele><time>2019-01-12T05:03:43Z</time></trkpt><trkpt lat="22.4130547" lon="114.16121198"><ele>452.34393310546875</ele><time>2019-01-12T05:03:45Z</time></trkpt><trkpt lat="22.41304353" lon="114.16119473"><ele>450.1650390625</ele><time>2019-01-12T05:03:47Z</time></trkpt><trkpt lat="22.41302591" lon="114.16118733"><ele>447.2548828125</ele><time>2019-01-12T05:03:50Z</time></trkpt><trkpt lat="22.4130029" lon="114.16117246"><ele>447.2642822265625</ele><time>2019-01-12T05:03:53Z</time></trkpt><trkpt lat="22.41298911" lon="114.16115961"><ele>446.28021240234375</ele><time>2019-01-12T05:03:54Z</time></trkpt><trkpt lat="22.41297673" lon="114.16114315"><ele>445.8983154296875</ele><time>2019-01-12T05:03:55Z</time></trkpt><trkpt lat="22.41296354" lon="114.16112705"><ele>446.4638671875</ele><time>2019-01-12T05:03:56Z</time></trkpt><trkpt lat="22.41294795" lon="114.16109778"><ele>446.40771484375</ele><time>2019-01-12T05:03:58Z</time></trkpt><trkpt lat="22.41293777" lon="114.16106943"><ele>446.144775390625</ele><time>2019-01-12T05:04:00Z</time></trkpt><trkpt lat="22.41292853" lon="114.16104439"><ele>446.201416015625</ele><time>2019-01-12T05:04:02Z</time></trkpt><trkpt lat="22.41291573" lon="114.16101603"><ele>446.53765869140625</ele><time>2019-01-12T05:04:05Z</time></trkpt><trkpt lat="22.41290434" lon="114.16099672"><ele>444.531005859375</ele><time>2019-01-12T05:04:07Z</time></trkpt><trkpt lat="22.41289276" lon="114.16098066"><ele>444.7650146484375</ele><time>2019-01-12T05:04:10Z</time></trkpt><trkpt lat="22.41288101" lon="114.16095251"><ele>444.912109375</ele><time>2019-01-12T05:04:13Z</time></trkpt><trkpt lat="22.41288238" lon="114.16092585"><ele>443.2049560546875</ele><time>2019-01-12T05:04:15Z</time></trkpt><trkpt lat="22.41288768" lon="114.16090375"><ele>442.4544677734375</ele><time>2019-01-12T05:04:17Z</time></trkpt><trkpt lat="22.41289922" lon="114.16087301"><ele>442.41650390625</ele><time>2019-01-12T05:04:20Z</time></trkpt><trkpt lat="22.41291398" lon="114.16084652"><ele>441.00372314453125</ele><time>2019-01-12T05:04:22Z</time></trkpt><trkpt lat="22.412912" lon="114.16081368"><ele>441.1175537109375</ele><time>2019-01-12T05:04:24Z</time></trkpt><trkpt lat="22.41290546" lon="114.16079125"><ele>439.1748046875</ele><time>2019-01-12T05:04:27Z</time></trkpt><trkpt lat="22.41290564" lon="114.16077119"><ele>440.2254638671875</ele><time>2019-01-12T05:04:29Z</time></trkpt><trkpt lat="22.41291691" lon="114.16074767"><ele>438.61004638671875</ele><time>2019-01-12T05:04:31Z</time></trkpt><trkpt lat="22.41293933" lon="114.16073543"><ele>436.89862060546875</ele><time>2019-01-12T05:04:33Z</time></trkpt><trkpt lat="22.41295519" lon="114.16072185"><ele>438.42657470703125</ele><time>2019-01-12T05:04:35Z</time></trkpt><trkpt lat="22.41296678" lon="114.16069875"><ele>439.30401611328125</ele><time>2019-01-12T05:04:37Z</time></trkpt><trkpt lat="22.41298826" lon="114.16069065"><ele>439.71124267578125</ele><time>2019-01-12T05:04:39Z</time></trkpt><trkpt lat="22.41300792" lon="114.16068095"><ele>440.245849609375</ele><time>2019-01-12T05:04:41Z</time></trkpt><trkpt lat="22.41303105" lon="114.16066307"><ele>440.83837890625</ele><time>2019-01-12T05:04:44Z</time></trkpt><trkpt lat="22.41305639" lon="114.16063672"><ele>439.200439453125</ele><time>2019-01-12T05:04:46Z</time></trkpt><trkpt lat="22.41306923" lon="114.1606223"><ele>438.052734375</ele><time>2019-01-12T05:04:47Z</time></trkpt><trkpt lat="22.41308992" lon="114.16059144"><ele>439.54217529296875</ele><time>2019-01-12T05:04:49Z</time></trkpt><trkpt lat="22.41310644" lon="114.16055968"><ele>440.365478515625</ele><time>2019-01-12T05:04:51Z</time></trkpt><trkpt lat="22.41311785" lon="114.16053368"><ele>442.78082275390625</ele><time>2019-01-12T05:04:53Z</time></trkpt><trkpt lat="22.41311853" lon="114.16050246"><ele>441.92919921875</ele><time>2019-01-12T05:04:55Z</time></trkpt><trkpt lat="22.41311222" lon="114.16048234"><ele>441.13421630859375</ele><time>2019-01-12T05:04:57Z</time></trkpt><trkpt lat="22.41309879" lon="114.16046927"><ele>440.932373046875</ele><time>2019-01-12T05:04:59Z</time></trkpt><trkpt lat="22.41306953" lon="114.16044641"><ele>439.549072265625</ele><time>2019-01-12T05:05:01Z</time></trkpt><trkpt lat="22.41305577" lon="114.16042874"><ele>438.613037109375</ele><time>2019-01-12T05:05:02Z</time></trkpt><trkpt lat="22.41304452" lon="114.160412"><ele>438.2767333984375</ele><time>2019-01-12T05:05:03Z</time></trkpt><trkpt lat="22.41303052" lon="114.16039638"><ele>437.81427001953125</ele><time>2019-01-12T05:05:04Z</time></trkpt><trkpt lat="22.41300483" lon="114.16037326"><ele>438.15179443359375</ele><time>2019-01-12T05:05:06Z</time></trkpt><trkpt lat="22.41298138" lon="114.16035325"><ele>433.46533203125</ele><time>2019-01-12T05:05:08Z</time></trkpt><trkpt lat="22.41296388" lon="114.1603378"><ele>435.055419921875</ele><time>2019-01-12T05:05:10Z</time></trkpt><trkpt lat="22.41295785" lon="114.1603078"><ele>436.25604248046875</ele><time>2019-01-12T05:05:12Z</time></trkpt><trkpt lat="22.41294784" lon="114.16027576"><ele>435.3162841796875</ele><time>2019-01-12T05:05:14Z</time></trkpt><trkpt lat="22.4129387" lon="114.1602537"><ele>435.99212646484375</ele><time>2019-01-12T05:05:16Z</time></trkpt><trkpt lat="22.41292407" lon="114.16023381"><ele>436.32562255859375</ele><time>2019-01-12T05:05:18Z</time></trkpt><trkpt lat="22.4129124" lon="114.16021584"><ele>436.1942138671875</ele><time>2019-01-12T05:05:20Z</time></trkpt><trkpt lat="22.41289915" lon="114.16019895"><ele>434.5943603515625</ele><time>2019-01-12T05:05:22Z</time></trkpt><trkpt lat="22.41288246" lon="114.16018295"><ele>434.52899169921875</ele><time>2019-01-12T05:05:24Z</time></trkpt><trkpt lat="22.412866" lon="114.16016907"><ele>434.013427734375</ele><time>2019-01-12T05:05:26Z</time></trkpt><trkpt lat="22.41285336" lon="114.16015123"><ele>433.672607421875</ele><time>2019-01-12T05:05:28Z</time></trkpt><trkpt lat="22.41283215" lon="114.16014362"><ele>436.4873046875</ele><time>2019-01-12T05:05:32Z</time></trkpt><trkpt lat="22.4128146" lon="114.16013458"><ele>435.025146484375</ele><time>2019-01-12T05:05:34Z</time></trkpt><trkpt lat="22.41279337" lon="114.16011295"><ele>434.21533203125</ele><time>2019-01-12T05:05:36Z</time></trkpt><trkpt lat="22.41277838" lon="114.16009372"><ele>433.86328125</ele><time>2019-01-12T05:05:38Z</time></trkpt><trkpt lat="22.41276854" lon="114.16007483"><ele>433.934326171875</ele><time>2019-01-12T05:05:41Z</time></trkpt><trkpt lat="22.41276131" lon="114.16004981"><ele>433.9420166015625</ele><time>2019-01-12T05:05:43Z</time></trkpt><trkpt lat="22.41273931" lon="114.16002203"><ele>431.80450439453125</ele><time>2019-01-12T05:05:45Z</time></trkpt><trkpt lat="22.41272536" lon="114.16000928"><ele>432.5516357421875</ele><time>2019-01-12T05:05:46Z</time></trkpt><trkpt lat="22.41271132" lon="114.15999668"><ele>432.5955810546875</ele><time>2019-01-12T05:05:47Z</time></trkpt><trkpt lat="22.41268938" lon="114.15998207"><ele>433.28656005859375</ele><time>2019-01-12T05:05:49Z</time></trkpt><trkpt lat="22.41266611" lon="114.15998023"><ele>433.35577392578125</ele><time>2019-01-12T05:05:51Z</time></trkpt><trkpt lat="22.41264352" lon="114.15998278"><ele>431.5875244140625</ele><time>2019-01-12T05:05:53Z</time></trkpt><trkpt lat="22.41264228" lon="114.15996016"><ele>434.67578125</ele><time>2019-01-12T05:06:04Z</time></trkpt><trkpt lat="22.41265946" lon="114.15995428"><ele>435.486328125</ele><time>2019-01-12T05:06:06Z</time></trkpt><trkpt lat="22.41268196" lon="114.1599536"><ele>435.27880859375</ele><time>2019-01-12T05:06:08Z</time></trkpt><trkpt lat="22.41270715" lon="114.15996054"><ele>435.7840576171875</ele><time>2019-01-12T05:06:10Z</time></trkpt><trkpt lat="22.41271631" lon="114.1599415"><ele>436.346435546875</ele><time>2019-01-12T05:06:13Z</time></trkpt><trkpt lat="22.4127175" lon="114.15991514"><ele>436.55218505859375</ele><time>2019-01-12T05:06:15Z</time></trkpt><trkpt lat="22.4127201" lon="114.15988963"><ele>435.23040771484375</ele><time>2019-01-12T05:06:17Z</time></trkpt><trkpt lat="22.41273027" lon="114.15987326"><ele>436.3231201171875</ele><time>2019-01-12T05:06:19Z</time></trkpt><trkpt lat="22.4127433" lon="114.15985936"><ele>440.0650634765625</ele><time>2019-01-12T05:06:22Z</time></trkpt><trkpt lat="22.41273454" lon="114.15984222"><ele>438.937255859375</ele><time>2019-01-12T05:06:25Z</time></trkpt><trkpt lat="22.41272517" lon="114.15982236"><ele>437.672607421875</ele><time>2019-01-12T05:06:27Z</time></trkpt><trkpt lat="22.41271539" lon="114.1598028"><ele>438.8507080078125</ele><time>2019-01-12T05:06:30Z</time></trkpt><trkpt lat="22.4127094" lon="114.15978336"><ele>438.75537109375</ele><time>2019-01-12T05:13:28Z</time></trkpt><trkpt lat="22.41271071" lon="114.15975531"><ele>435.39288330078125</ele><time>2019-01-12T05:13:32Z</time></trkpt><trkpt lat="22.41269266" lon="114.15976697"><ele>435.130615234375</ele><time>2019-01-12T05:13:36Z</time></trkpt><trkpt lat="22.41269352" lon="114.15979045"><ele>435.6107177734375</ele><time>2019-01-12T05:13:38Z</time></trkpt><trkpt lat="22.41269481" lon="114.15981049"><ele>435.50286865234375</ele><time>2019-01-12T05:13:40Z</time></trkpt><trkpt lat="22.4126879" lon="114.15983325"><ele>435.83172607421875</ele><time>2019-01-12T05:13:42Z</time></trkpt><trkpt lat="22.41268478" lon="114.15985861"><ele>436.1015625</ele><time>2019-01-12T05:13:44Z</time></trkpt><trkpt lat="22.4126847" lon="114.15988495"><ele>436.32354736328125</ele><time>2019-01-12T05:13:46Z</time></trkpt><trkpt lat="22.41269704" lon="114.1599025"><ele>441.3155517578125</ele><time>2019-01-12T05:13:48Z</time></trkpt><trkpt lat="22.41270815" lon="114.15992192"><ele>442.6881103515625</ele><time>2019-01-12T05:13:51Z</time></trkpt><trkpt lat="22.41270013" lon="114.15993944"><ele>439.06402587890625</ele><time>2019-01-12T05:13:53Z</time></trkpt><trkpt lat="22.41268112" lon="114.15994679"><ele>438.10540771484375</ele><time>2019-01-12T05:13:56Z</time></trkpt><trkpt lat="22.41266258" lon="114.15995396"><ele>439.6895751953125</ele><time>2019-01-12T05:13:59Z</time></trkpt><trkpt lat="22.41264529" lon="114.15996133"><ele>440.24072265625</ele><time>2019-01-12T05:14:01Z</time></trkpt><trkpt lat="22.41262295" lon="114.15996639"><ele>438.91619873046875</ele><time>2019-01-12T05:14:03Z</time></trkpt><trkpt lat="22.4126002" lon="114.15997791"><ele>437.42864990234375</ele><time>2019-01-12T05:14:06Z</time></trkpt><trkpt lat="22.41257927" lon="114.15997507"><ele>437.16265869140625</ele><time>2019-01-12T05:14:10Z</time></trkpt><trkpt lat="22.41255346" lon="114.15996248"><ele>434.75262451171875</ele><time>2019-01-12T05:14:13Z</time></trkpt><trkpt lat="22.41253439" lon="114.15995705"><ele>434.3311767578125</ele><time>2019-01-12T05:14:15Z</time></trkpt><trkpt lat="22.41251078" lon="114.15995381"><ele>434.566650390625</ele><time>2019-01-12T05:14:17Z</time></trkpt><trkpt lat="22.41249217" lon="114.15995539"><ele>434.072998046875</ele><time>2019-01-12T05:14:19Z</time></trkpt><trkpt lat="22.41246779" lon="114.15995448"><ele>433.8056640625</ele><time>2019-01-12T05:14:21Z</time></trkpt><trkpt lat="22.41245055" lon="114.15994888"><ele>431.7269287109375</ele><time>2019-01-12T05:14:23Z</time></trkpt><trkpt lat="22.4124304" lon="114.15994738"><ele>432.14410400390625</ele><time>2019-01-12T05:14:25Z</time></trkpt><trkpt lat="22.4124104" lon="114.15995631"><ele>432.66473388671875</ele><time>2019-01-12T05:14:28Z</time></trkpt><trkpt lat="22.41238928" lon="114.15996765"><ele>432.1158447265625</ele><time>2019-01-12T05:14:30Z</time></trkpt><trkpt lat="22.41237215" lon="114.1599776"><ele>431.998291015625</ele><time>2019-01-12T05:14:32Z</time></trkpt><trkpt lat="22.41235344" lon="114.15999012"><ele>431.7567138671875</ele><time>2019-01-12T05:14:34Z</time></trkpt><trkpt lat="22.41232577" lon="114.15999882"><ele>431.328857421875</ele><time>2019-01-12T05:14:36Z</time></trkpt><trkpt lat="22.41230128" lon="114.16000429"><ele>429.98779296875</ele><time>2019-01-12T05:14:38Z</time></trkpt><trkpt lat="22.41227987" lon="114.16001493"><ele>429.5396728515625</ele><time>2019-01-12T05:14:40Z</time></trkpt><trkpt lat="22.41225583" lon="114.16003038"><ele>429.5950927734375</ele><time>2019-01-12T05:14:42Z</time></trkpt><trkpt lat="22.4122346" lon="114.16004131"><ele>429.6668701171875</ele><time>2019-01-12T05:14:44Z</time></trkpt><trkpt lat="22.41221011" lon="114.16004797"><ele>428.25830078125</ele><time>2019-01-12T05:14:47Z</time></trkpt><trkpt lat="22.41218938" lon="114.16004233"><ele>427.1204833984375</ele><time>2019-01-12T05:14:49Z</time></trkpt><trkpt lat="22.41217195" lon="114.16003033"><ele>429.1585693359375</ele><time>2019-01-12T05:14:52Z</time></trkpt><trkpt lat="22.41218835" lon="114.160022"><ele>429.6732177734375</ele><time>2019-01-12T05:14:56Z</time></trkpt><trkpt lat="22.41220731" lon="114.16001189"><ele>428.6962890625</ele><time>2019-01-12T05:15:00Z</time></trkpt><trkpt lat="22.41222357" lon="114.15999899"><ele>428.12347412109375</ele><time>2019-01-12T05:15:04Z</time></trkpt><trkpt lat="22.41224142" lon="114.15998844"><ele>428.431396484375</ele><time>2019-01-12T05:15:07Z</time></trkpt><trkpt lat="22.41226175" lon="114.15997604"><ele>432.35723876953125</ele><time>2019-01-12T05:15:10Z</time></trkpt><trkpt lat="22.41228022" lon="114.15996157"><ele>432.20318603515625</ele><time>2019-01-12T05:15:13Z</time></trkpt><trkpt lat="22.41229618" lon="114.15995045"><ele>434.5711669921875</ele><time>2019-01-12T05:15:17Z</time></trkpt><trkpt lat="22.41231176" lon="114.15993379"><ele>432.17596435546875</ele><time>2019-01-12T05:15:21Z</time></trkpt><trkpt lat="22.41232578" lon="114.15991247"><ele>430.54150390625</ele><time>2019-01-12T05:15:24Z</time></trkpt><trkpt lat="22.41233952" lon="114.15988473"><ele>431.8521728515625</ele><time>2019-01-12T05:15:27Z</time></trkpt><trkpt lat="22.41234109" lon="114.15986423"><ele>430.56103515625</ele><time>2019-01-12T05:15:29Z</time></trkpt><trkpt lat="22.41236183" lon="114.15986967"><ele>429.5780029296875</ele><time>2019-01-12T05:15:32Z</time></trkpt><trkpt lat="22.41238224" lon="114.15986245"><ele>428.8857421875</ele><time>2019-01-12T05:15:35Z</time></trkpt><trkpt lat="22.41239926" lon="114.15985073"><ele>430.0257568359375</ele><time>2019-01-12T05:15:37Z</time></trkpt><trkpt lat="22.41241472" lon="114.1598266"><ele>433.531005859375</ele><time>2019-01-12T05:15:39Z</time></trkpt><trkpt lat="22.41242329" lon="114.15980509"><ele>433.21197509765625</ele><time>2019-01-12T05:15:41Z</time></trkpt><trkpt lat="22.41243231" lon="114.15977428"><ele>432.4010009765625</ele><time>2019-01-12T05:15:43Z</time></trkpt><trkpt lat="22.41243795" lon="114.1597467"><ele>430.65576171875</ele><time>2019-01-12T05:15:45Z</time></trkpt><trkpt lat="22.4124437" lon="114.15972392"><ele>430.8172607421875</ele><time>2019-01-12T05:15:47Z</time></trkpt><trkpt lat="22.4124534" lon="114.15970337"><ele>429.59808349609375</ele><time>2019-01-12T05:15:49Z</time></trkpt><trkpt lat="22.4124632" lon="114.15968452"><ele>428.6031494140625</ele><time>2019-01-12T05:15:51Z</time></trkpt><trkpt lat="22.4124659" lon="114.15965415"><ele>429.8485107421875</ele><time>2019-01-12T05:15:53Z</time></trkpt><trkpt lat="22.41247127" lon="114.15962526"><ele>431.2041015625</ele><time>2019-01-12T05:15:55Z</time></trkpt><trkpt lat="22.41248318" lon="114.15959856"><ele>431.88720703125</ele><time>2019-01-12T05:15:57Z</time></trkpt><trkpt lat="22.41249039" lon="114.15956842"><ele>431.765380859375</ele><time>2019-01-12T05:15:59Z</time></trkpt><trkpt lat="22.41249914" lon="114.15953843"><ele>431.2420654296875</ele><time>2019-01-12T05:16:01Z</time></trkpt><trkpt lat="22.41251682" lon="114.15951889"><ele>428.14447021484375</ele><time>2019-01-12T05:16:05Z</time></trkpt><trkpt lat="22.41253271" lon="114.15950406"><ele>425.5191650390625</ele><time>2019-01-12T05:16:07Z</time></trkpt><trkpt lat="22.41254802" lon="114.15948354"><ele>424.974853515625</ele><time>2019-01-12T05:16:09Z</time></trkpt><trkpt lat="22.41256782" lon="114.15946891"><ele>424.6824951171875</ele><time>2019-01-12T05:16:11Z</time></trkpt><trkpt lat="22.41258364" lon="114.15945639"><ele>424.6484375</ele><time>2019-01-12T05:16:13Z</time></trkpt><trkpt lat="22.41259458" lon="114.15943583"><ele>421.73046875</ele><time>2019-01-12T05:16:17Z</time></trkpt><trkpt lat="22.41260946" lon="114.15942223"><ele>420.79803466796875</ele><time>2019-01-12T05:16:19Z</time></trkpt><trkpt lat="22.41262282" lon="114.15940402"><ele>418.89324951171875</ele><time>2019-01-12T05:16:22Z</time></trkpt><trkpt lat="22.41263729" lon="114.15937761"><ele>419.3448486328125</ele><time>2019-01-12T05:16:25Z</time></trkpt><trkpt lat="22.41264806" lon="114.15936087"><ele>419.9246826171875</ele><time>2019-01-12T05:16:27Z</time></trkpt><trkpt lat="22.41265527" lon="114.15934033"><ele>420.10064697265625</ele><time>2019-01-12T05:16:29Z</time></trkpt><trkpt lat="22.41266401" lon="114.15931449"><ele>418.4404296875</ele><time>2019-01-12T05:16:31Z</time></trkpt><trkpt lat="22.41267355" lon="114.15929285"><ele>416.3011474609375</ele><time>2019-01-12T05:16:33Z</time></trkpt><trkpt lat="22.41268463" lon="114.15926885"><ele>418.34112548828125</ele><time>2019-01-12T05:16:35Z</time></trkpt><trkpt lat="22.41269674" lon="114.15924921"><ele>416.8421630859375</ele><time>2019-01-12T05:16:37Z</time></trkpt><trkpt lat="22.41271074" lon="114.15923478"><ele>416.742431640625</ele><time>2019-01-12T05:16:39Z</time></trkpt><trkpt lat="22.41272381" lon="114.15921387"><ele>415.797119140625</ele><time>2019-01-12T05:16:42Z</time></trkpt><trkpt lat="22.41273828" lon="114.15919997"><ele>415.1041259765625</ele><time>2019-01-12T05:16:44Z</time></trkpt><trkpt lat="22.41275215" lon="114.15918311"><ele>414.865234375</ele><time>2019-01-12T05:16:46Z</time></trkpt><trkpt lat="22.41276663" lon="114.15916133"><ele>414.5164794921875</ele><time>2019-01-12T05:16:48Z</time></trkpt><trkpt lat="22.41278024" lon="114.15913702"><ele>414.4625244140625</ele><time>2019-01-12T05:16:50Z</time></trkpt><trkpt lat="22.41278829" lon="114.1591072"><ele>415.01739501953125</ele><time>2019-01-12T05:16:52Z</time></trkpt><trkpt lat="22.41279645" lon="114.15907899"><ele>415.0843505859375</ele><time>2019-01-12T05:16:54Z</time></trkpt><trkpt lat="22.41281282" lon="114.15906013"><ele>414.6866455078125</ele><time>2019-01-12T05:16:56Z</time></trkpt><trkpt lat="22.41282636" lon="114.15904637"><ele>414.35693359375</ele><time>2019-01-12T05:16:58Z</time></trkpt><trkpt lat="22.41284167" lon="114.15903276"><ele>412.4295654296875</ele><time>2019-01-12T05:17:00Z</time></trkpt><trkpt lat="22.41286197" lon="114.15901999"><ele>411.6998291015625</ele><time>2019-01-12T05:17:03Z</time></trkpt><trkpt lat="22.41287389" lon="114.15899865"><ele>411.90869140625</ele><time>2019-01-12T05:17:05Z</time></trkpt><trkpt lat="22.41288684" lon="114.15897409"><ele>414.30230712890625</ele><time>2019-01-12T05:17:07Z</time></trkpt><trkpt lat="22.41289325" lon="114.15895237"><ele>413.26068115234375</ele><time>2019-01-12T05:17:09Z</time></trkpt><trkpt lat="22.41290844" lon="114.15892667"><ele>413.77734375</ele><time>2019-01-12T05:17:12Z</time></trkpt><trkpt lat="22.41292306" lon="114.15891113"><ele>417.98614501953125</ele><time>2019-01-12T05:17:14Z</time></trkpt><trkpt lat="22.41293934" lon="114.15889004"><ele>416.676025390625</ele><time>2019-01-12T05:17:16Z</time></trkpt><trkpt lat="22.41294943" lon="114.1588725"><ele>416.21197509765625</ele><time>2019-01-12T05:17:17Z</time></trkpt><trkpt lat="22.41295889" lon="114.15885377"><ele>415.044677734375</ele><time>2019-01-12T05:17:18Z</time></trkpt><trkpt lat="22.41297945" lon="114.15882971"><ele>415.6722412109375</ele><time>2019-01-12T05:17:20Z</time></trkpt><trkpt lat="22.41300342" lon="114.1588149"><ele>418.086669921875</ele><time>2019-01-12T05:17:22Z</time></trkpt><trkpt lat="22.41302665" lon="114.15879473"><ele>418.688720703125</ele><time>2019-01-12T05:17:24Z</time></trkpt><trkpt lat="22.41302862" lon="114.15877332"><ele>417.9398193359375</ele><time>2019-01-12T05:17:26Z</time></trkpt><trkpt lat="22.41302479" lon="114.15875338"><ele>419.46923828125</ele><time>2019-01-12T05:17:27Z</time></trkpt><trkpt lat="22.41301741" lon="114.15872302"><ele>419.298095703125</ele><time>2019-01-12T05:17:29Z</time></trkpt><trkpt lat="22.41300742" lon="114.15870626"><ele>416.3497314453125</ele><time>2019-01-12T05:17:31Z</time></trkpt><trkpt lat="22.41298367" lon="114.15869412"><ele>413.0916748046875</ele><time>2019-01-12T05:17:36Z</time></trkpt><trkpt lat="22.41296311" lon="114.15869478"><ele>411.5965576171875</ele><time>2019-01-12T05:17:38Z</time></trkpt><trkpt lat="22.41293732" lon="114.15870342"><ele>412.41986083984375</ele><time>2019-01-12T05:17:40Z</time></trkpt><trkpt lat="22.41291796" lon="114.1587109"><ele>412.507568359375</ele><time>2019-01-12T05:17:42Z</time></trkpt><trkpt lat="22.41289754" lon="114.15872153"><ele>407.87567138671875</ele><time>2019-01-12T05:17:44Z</time></trkpt><trkpt lat="22.41287793" lon="114.15872272"><ele>405.6661376953125</ele><time>2019-01-12T05:17:46Z</time></trkpt><trkpt lat="22.41285893" lon="114.15872182"><ele>404.6854248046875</ele><time>2019-01-12T05:17:48Z</time></trkpt><trkpt lat="22.41283701" lon="114.15871899"><ele>405.7305908203125</ele><time>2019-01-12T05:17:50Z</time></trkpt><trkpt lat="22.41280911" lon="114.15872618"><ele>406.024169921875</ele><time>2019-01-12T05:17:52Z</time></trkpt><trkpt lat="22.41278532" lon="114.15874578"><ele>406.4232177734375</ele><time>2019-01-12T05:17:54Z</time></trkpt><trkpt lat="22.41276494" lon="114.15875403"><ele>407.28240966796875</ele><time>2019-01-12T05:17:56Z</time></trkpt><trkpt lat="22.41274655" lon="114.15876048"><ele>407.70343017578125</ele><time>2019-01-12T05:17:58Z</time></trkpt><trkpt lat="22.41272961" lon="114.15876902"><ele>406.58050537109375</ele><time>2019-01-12T05:18:00Z</time></trkpt><trkpt lat="22.41270413" lon="114.15877514"><ele>406.36456298828125</ele><time>2019-01-12T05:18:03Z</time></trkpt><trkpt lat="22.41268354" lon="114.1587822"><ele>404.33831787109375</ele><time>2019-01-12T05:18:05Z</time></trkpt><trkpt lat="22.41265751" lon="114.1587852"><ele>404.714111328125</ele><time>2019-01-12T05:18:07Z</time></trkpt><trkpt lat="22.41263348" lon="114.1587847"><ele>405.1834716796875</ele><time>2019-01-12T05:18:09Z</time></trkpt><trkpt lat="22.41261255" lon="114.15879054"><ele>405.05401611328125</ele><time>2019-01-12T05:18:11Z</time></trkpt><trkpt lat="22.41258806" lon="114.15879195"><ele>407.001220703125</ele><time>2019-01-12T05:18:14Z</time></trkpt><trkpt lat="22.41256949" lon="114.15880465"><ele>408.4951171875</ele><time>2019-01-12T05:18:16Z</time></trkpt><trkpt lat="22.41254764" lon="114.15882556"><ele>408.7979736328125</ele><time>2019-01-12T05:18:19Z</time></trkpt><trkpt lat="22.41252724" lon="114.15881505"><ele>404.6494140625</ele><time>2019-01-12T05:18:22Z</time></trkpt><trkpt lat="22.4125073" lon="114.15881369"><ele>403.43572998046875</ele><time>2019-01-12T05:18:24Z</time></trkpt><trkpt lat="22.4124883" lon="114.15881738"><ele>403.0164794921875</ele><time>2019-01-12T05:18:26Z</time></trkpt><trkpt lat="22.41246425" lon="114.15882149"><ele>404.1317138671875</ele><time>2019-01-12T05:18:28Z</time></trkpt><trkpt lat="22.41244038" lon="114.15882552"><ele>404.1387939453125</ele><time>2019-01-12T05:18:30Z</time></trkpt><trkpt lat="22.41241916" lon="114.15882523"><ele>403.7689208984375</ele><time>2019-01-12T05:18:32Z</time></trkpt><trkpt lat="22.41239142" lon="114.15882601"><ele>404.41241455078125</ele><time>2019-01-12T05:18:34Z</time></trkpt><trkpt lat="22.41237297" lon="114.15882006"><ele>403.6376953125</ele><time>2019-01-12T05:18:36Z</time></trkpt><trkpt lat="22.41235338" lon="114.15880978"><ele>403.7574462890625</ele><time>2019-01-12T05:18:38Z</time></trkpt><trkpt lat="22.41233917" lon="114.15879715"><ele>403.6422119140625</ele><time>2019-01-12T05:18:40Z</time></trkpt><trkpt lat="22.41231557" lon="114.15877894"><ele>404.47662353515625</ele><time>2019-01-12T05:18:43Z</time></trkpt><trkpt lat="22.4122998" lon="114.15876812"><ele>404.396484375</ele><time>2019-01-12T05:18:45Z</time></trkpt><trkpt lat="22.4122808" lon="114.15876218"><ele>406.8128662109375</ele><time>2019-01-12T05:18:48Z</time></trkpt><trkpt lat="22.41226292" lon="114.15875364"><ele>405.662841796875</ele><time>2019-01-12T05:18:50Z</time></trkpt><trkpt lat="22.41224001" lon="114.15873717"><ele>405.493896484375</ele><time>2019-01-12T05:18:52Z</time></trkpt><trkpt lat="22.41222334" lon="114.15872658"><ele>404.7169189453125</ele><time>2019-01-12T05:18:54Z</time></trkpt><trkpt lat="22.41221115" lon="114.15870975"><ele>406.07501220703125</ele><time>2019-01-12T05:18:56Z</time></trkpt><trkpt lat="22.41220252" lon="114.15869034"><ele>405.9361572265625</ele><time>2019-01-12T05:18:58Z</time></trkpt><trkpt lat="22.41219772" lon="114.15867091"><ele>405.9237060546875</ele><time>2019-01-12T05:19:00Z</time></trkpt><trkpt lat="22.41219302" lon="114.15864549"><ele>404.1971435546875</ele><time>2019-01-12T05:19:02Z</time></trkpt><trkpt lat="22.41218854" lon="114.15862445"><ele>402.8985595703125</ele><time>2019-01-12T05:19:04Z</time></trkpt><trkpt lat="22.4121826" lon="114.15859963"><ele>400.427001953125</ele><time>2019-01-12T05:19:10Z</time></trkpt><trkpt lat="22.41218407" lon="114.15857159"><ele>399.69580078125</ele><time>2019-01-12T05:19:13Z</time></trkpt><trkpt lat="22.41218542" lon="114.15855181"><ele>400.0892333984375</ele><time>2019-01-12T05:19:15Z</time></trkpt><trkpt lat="22.41218724" lon="114.15852889"><ele>400.68670654296875</ele><time>2019-01-12T05:19:17Z</time></trkpt><trkpt lat="22.41218816" lon="114.15850317"><ele>400.3370361328125</ele><time>2019-01-12T05:19:19Z</time></trkpt><trkpt lat="22.41218792" lon="114.15847577"><ele>399.24554443359375</ele><time>2019-01-12T05:19:22Z</time></trkpt><trkpt lat="22.41217713" lon="114.15845226"><ele>398.74908447265625</ele><time>2019-01-12T05:19:25Z</time></trkpt><trkpt lat="22.41216656" lon="114.15843328"><ele>397.9185791015625</ele><time>2019-01-12T05:19:27Z</time></trkpt><trkpt lat="22.41215245" lon="114.15841619"><ele>396.04254150390625</ele><time>2019-01-12T05:19:31Z</time></trkpt><trkpt lat="22.4121356" lon="114.15839537"><ele>394.703857421875</ele><time>2019-01-12T05:19:36Z</time></trkpt><trkpt lat="22.41212226" lon="114.15837973"><ele>395.4730224609375</ele><time>2019-01-12T05:19:38Z</time></trkpt><trkpt lat="22.4121092" lon="114.15836203"><ele>394.70843505859375</ele><time>2019-01-12T05:19:40Z</time></trkpt><trkpt lat="22.41209502" lon="114.15834778"><ele>393.3572998046875</ele><time>2019-01-12T05:19:42Z</time></trkpt><trkpt lat="22.41208009" lon="114.15833552"><ele>391.794677734375</ele><time>2019-01-12T05:19:44Z</time></trkpt><trkpt lat="22.41206001" lon="114.15832505"><ele>391.6988525390625</ele><time>2019-01-12T05:19:46Z</time></trkpt><trkpt lat="22.41202954" lon="114.15832782"><ele>391.183837890625</ele><time>2019-01-12T05:19:48Z</time></trkpt><trkpt lat="22.41201118" lon="114.15832138"><ele>390.833740234375</ele><time>2019-01-12T05:19:50Z</time></trkpt><trkpt lat="22.41200398" lon="114.15829997"><ele>389.70465087890625</ele><time>2019-01-12T05:19:53Z</time></trkpt><trkpt lat="22.41201927" lon="114.15828931"><ele>391.4776611328125</ele><time>2019-01-12T05:19:56Z</time></trkpt><trkpt lat="22.41203938" lon="114.15827947"><ele>390.56976318359375</ele><time>2019-01-12T05:19:58Z</time></trkpt><trkpt lat="22.41206354" lon="114.15827264"><ele>392.454345703125</ele><time>2019-01-12T05:20:00Z</time></trkpt><trkpt lat="22.41208089" lon="114.15828138"><ele>391.00750732421875</ele><time>2019-01-12T05:20:02Z</time></trkpt><trkpt lat="22.41209602" lon="114.15829347"><ele>393.6678466796875</ele><time>2019-01-12T05:20:05Z</time></trkpt><trkpt lat="22.41208774" lon="114.15827529"><ele>390.880615234375</ele><time>2019-01-12T05:20:10Z</time></trkpt><trkpt lat="22.4120693" lon="114.15827569"><ele>391.06427001953125</ele><time>2019-01-12T05:20:18Z</time></trkpt><trkpt lat="22.41206543" lon="114.15825415"><ele>387.774169921875</ele><time>2019-01-12T05:20:44Z</time></trkpt><trkpt lat="22.41205183" lon="114.15823016"><ele>383.4771728515625</ele><time>2019-01-12T05:20:46Z</time></trkpt><trkpt lat="22.41204204" lon="114.15821216"><ele>381.3692626953125</ele><time>2019-01-12T05:20:49Z</time></trkpt><trkpt lat="22.41204366" lon="114.15819136"><ele>380.87091064453125</ele><time>2019-01-12T05:20:54Z</time></trkpt><trkpt lat="22.41205895" lon="114.15820262"><ele>384.4703369140625</ele><time>2019-01-12T05:21:08Z</time></trkpt><trkpt lat="22.41206185" lon="114.15822788"><ele>384.1396484375</ele><time>2019-01-12T05:21:14Z</time></trkpt><trkpt lat="22.41205586" lon="114.15820783"><ele>386.3447265625</ele><time>2019-01-12T05:21:22Z</time></trkpt><trkpt lat="22.41203973" lon="114.15821808"><ele>386.8309326171875</ele><time>2019-01-12T05:21:29Z</time></trkpt><trkpt lat="22.41203715" lon="114.15819161"><ele>390.00860595703125</ele><time>2019-01-12T05:22:09Z</time></trkpt><trkpt lat="22.41205828" lon="114.15817364"><ele>390.8612060546875</ele><time>2019-01-12T05:22:11Z</time></trkpt><trkpt lat="22.4120746" lon="114.15816485"><ele>392.0924072265625</ele><time>2019-01-12T05:22:13Z</time></trkpt><trkpt lat="22.41209484" lon="114.15817276"><ele>392.596435546875</ele><time>2019-01-12T05:22:15Z</time></trkpt><trkpt lat="22.41211036" lon="114.15818684"><ele>391.509033203125</ele><time>2019-01-12T05:22:17Z</time></trkpt><trkpt lat="22.41212778" lon="114.15819412"><ele>392.79888916015625</ele><time>2019-01-12T05:22:19Z</time></trkpt><trkpt lat="22.41215206" lon="114.15820934"><ele>391.3824462890625</ele><time>2019-01-12T05:22:21Z</time></trkpt><trkpt lat="22.41217061" lon="114.15822818"><ele>392.410400390625</ele><time>2019-01-12T05:22:23Z</time></trkpt><trkpt lat="22.41219786" lon="114.15823369"><ele>393.34893798828125</ele><time>2019-01-12T05:22:27Z</time></trkpt><trkpt lat="22.41222229" lon="114.15823229"><ele>394.24786376953125</ele><time>2019-01-12T05:22:29Z</time></trkpt><trkpt lat="22.41224057" lon="114.15822646"><ele>393.9483642578125</ele><time>2019-01-12T05:22:31Z</time></trkpt><trkpt lat="22.41226525" lon="114.15821363"><ele>391.8602294921875</ele><time>2019-01-12T05:22:34Z</time></trkpt><trkpt lat="22.41228422" lon="114.15820427"><ele>392.144287109375</ele><time>2019-01-12T05:22:36Z</time></trkpt><trkpt lat="22.41230274" lon="114.15819654"><ele>393.03521728515625</ele><time>2019-01-12T05:22:38Z</time></trkpt><trkpt lat="22.41232198" lon="114.1581869"><ele>392.203857421875</ele><time>2019-01-12T05:22:41Z</time></trkpt><trkpt lat="22.41234027" lon="114.15817731"><ele>394.77392578125</ele><time>2019-01-12T05:22:43Z</time></trkpt><trkpt lat="22.41236246" lon="114.15816492"><ele>396.1790771484375</ele><time>2019-01-12T05:22:46Z</time></trkpt><trkpt lat="22.41238874" lon="114.15817337"><ele>396.1617431640625</ele><time>2019-01-12T05:22:48Z</time></trkpt><trkpt lat="22.41240645" lon="114.15818227"><ele>396.43182373046875</ele><time>2019-01-12T05:22:50Z</time></trkpt><trkpt lat="22.41242835" lon="114.1581775"><ele>398.30072021484375</ele><time>2019-01-12T05:22:55Z</time></trkpt><trkpt lat="22.41244804" lon="114.15817569"><ele>397.0185546875</ele><time>2019-01-12T05:22:56Z</time></trkpt><trkpt lat="22.4124757" lon="114.15816858"><ele>395.2730712890625</ele><time>2019-01-12T05:22:58Z</time></trkpt><trkpt lat="22.4124984" lon="114.15815938"><ele>395.77301025390625</ele><time>2019-01-12T05:23:00Z</time></trkpt><trkpt lat="22.41251858" lon="114.15815172"><ele>396.14251708984375</ele><time>2019-01-12T05:23:02Z</time></trkpt><trkpt lat="22.41253704" lon="114.15814624"><ele>399.8447265625</ele><time>2019-01-12T05:23:04Z</time></trkpt><trkpt lat="22.41255836" lon="114.15813661"><ele>398.9075927734375</ele><time>2019-01-12T05:23:08Z</time></trkpt><trkpt lat="22.41257934" lon="114.15814837"><ele>401.1353759765625</ele><time>2019-01-12T05:23:10Z</time></trkpt><trkpt lat="22.41259795" lon="114.15814212"><ele>398.83172607421875</ele><time>2019-01-12T05:23:12Z</time></trkpt><trkpt lat="22.41261057" lon="114.15812198"><ele>395.03558349609375</ele><time>2019-01-12T05:23:14Z</time></trkpt><trkpt lat="22.41262818" lon="114.1581088"><ele>396.70361328125</ele><time>2019-01-12T05:23:16Z</time></trkpt><trkpt lat="22.41264701" lon="114.15810493"><ele>395.9102783203125</ele><time>2019-01-12T05:23:18Z</time></trkpt><trkpt lat="22.41266804" lon="114.15809919"><ele>395.35546875</ele><time>2019-01-12T05:23:21Z</time></trkpt><trkpt lat="22.41269403" lon="114.15808558"><ele>398.754638671875</ele><time>2019-01-12T05:23:24Z</time></trkpt><trkpt lat="22.41271452" lon="114.15807998"><ele>398.0589599609375</ele><time>2019-01-12T05:23:26Z</time></trkpt><trkpt lat="22.41274292" lon="114.15807603"><ele>398.49798583984375</ele><time>2019-01-12T05:23:29Z</time></trkpt><trkpt lat="22.41276117" lon="114.15807971"><ele>398.0526123046875</ele><time>2019-01-12T05:23:31Z</time></trkpt><trkpt lat="22.41278181" lon="114.15808227"><ele>398.5460205078125</ele><time>2019-01-12T05:23:33Z</time></trkpt><trkpt lat="22.41280968" lon="114.15808368"><ele>398.31549072265625</ele><time>2019-01-12T05:23:36Z</time></trkpt><trkpt lat="22.41283916" lon="114.15809231"><ele>399.0809326171875</ele><time>2019-01-12T05:23:38Z</time></trkpt><trkpt lat="22.41285802" lon="114.15809235"><ele>399.1275634765625</ele><time>2019-01-12T05:23:41Z</time></trkpt><trkpt lat="22.41288108" lon="114.1580872"><ele>398.5220947265625</ele><time>2019-01-12T05:23:43Z</time></trkpt><trkpt lat="22.41290392" lon="114.15808207"><ele>400.65234375</ele><time>2019-01-12T05:23:45Z</time></trkpt><trkpt lat="22.41291903" lon="114.15806777"><ele>400.47271728515625</ele><time>2019-01-12T05:23:48Z</time></trkpt><trkpt lat="22.4129166" lon="114.15804143"><ele>395.908935546875</ele><time>2019-01-12T05:23:51Z</time></trkpt><trkpt lat="22.41292817" lon="114.15802275"><ele>392.77288818359375</ele><time>2019-01-12T05:23:55Z</time></trkpt><trkpt lat="22.41295025" lon="114.15802433"><ele>395.80426025390625</ele><time>2019-01-12T05:24:00Z</time></trkpt><trkpt lat="22.4129686" lon="114.15802174"><ele>396.297119140625</ele><time>2019-01-12T05:24:02Z</time></trkpt><trkpt lat="22.41298735" lon="114.15802357"><ele>397.3377685546875</ele><time>2019-01-12T05:24:07Z</time></trkpt><trkpt lat="22.41300867" lon="114.15802969"><ele>396.669677734375</ele><time>2019-01-12T05:24:11Z</time></trkpt><trkpt lat="22.41303375" lon="114.158022"><ele>395.19793701171875</ele><time>2019-01-12T05:24:15Z</time></trkpt><trkpt lat="22.41305845" lon="114.15801426"><ele>392.8134765625</ele><time>2019-01-12T05:24:18Z</time></trkpt><trkpt lat="22.4130833" lon="114.1580042"><ele>392.5614013671875</ele><time>2019-01-12T05:24:21Z</time></trkpt><trkpt lat="22.41310062" lon="114.15801073"><ele>394.823486328125</ele><time>2019-01-12T05:24:24Z</time></trkpt><trkpt lat="22.41312359" lon="114.15801354"><ele>391.5257568359375</ele><time>2019-01-12T05:24:32Z</time></trkpt><trkpt lat="22.4131418" lon="114.15801722"><ele>390.05950927734375</ele><time>2019-01-12T05:24:36Z</time></trkpt><trkpt lat="22.41316805" lon="114.15801083"><ele>385.708251953125</ele><time>2019-01-12T05:24:40Z</time></trkpt><trkpt lat="22.41319929" lon="114.1580091"><ele>389.21270751953125</ele><time>2019-01-12T05:24:43Z</time></trkpt><trkpt lat="22.41321799" lon="114.15801081"><ele>391.80914306640625</ele><time>2019-01-12T05:24:44Z</time></trkpt><trkpt lat="22.41324103" lon="114.15801419"><ele>393.12322998046875</ele><time>2019-01-12T05:24:45Z</time></trkpt><trkpt lat="22.41326475" lon="114.15801857"><ele>392.44049072265625</ele><time>2019-01-12T05:24:47Z</time></trkpt><trkpt lat="22.41328541" lon="114.15801832"><ele>392.00970458984375</ele><time>2019-01-12T05:24:49Z</time></trkpt><trkpt lat="22.41331715" lon="114.15802409"><ele>388.40948486328125</ele><time>2019-01-12T05:24:51Z</time></trkpt><trkpt lat="22.41333648" lon="114.15802992"><ele>386.2774658203125</ele><time>2019-01-12T05:24:53Z</time></trkpt><trkpt lat="22.41336101" lon="114.15803581"><ele>381.8936767578125</ele><time>2019-01-12T05:24:57Z</time></trkpt><trkpt lat="22.41337893" lon="114.15804544"><ele>383.0299072265625</ele><time>2019-01-12T05:24:59Z</time></trkpt><trkpt lat="22.41339727" lon="114.15804806"><ele>384.9150390625</ele><time>2019-01-12T05:25:01Z</time></trkpt><trkpt lat="22.41341812" lon="114.15804242"><ele>383.9378662109375</ele><time>2019-01-12T05:25:04Z</time></trkpt><trkpt lat="22.41343906" lon="114.15803782"><ele>384.89044189453125</ele><time>2019-01-12T05:25:09Z</time></trkpt><trkpt lat="22.41346068" lon="114.15804067"><ele>380.02764892578125</ele><time>2019-01-12T05:25:13Z</time></trkpt><trkpt lat="22.41348765" lon="114.15804076"><ele>378.14892578125</ele><time>2019-01-12T05:25:17Z</time></trkpt><trkpt lat="22.41350731" lon="114.1580362"><ele>377.1636962890625</ele><time>2019-01-12T05:25:19Z</time></trkpt><trkpt lat="22.413532" lon="114.15803238"><ele>379.273681640625</ele><time>2019-01-12T05:25:21Z</time></trkpt><trkpt lat="22.41356164" lon="114.15803708"><ele>378.484619140625</ele><time>2019-01-12T05:25:23Z</time></trkpt><trkpt lat="22.41359008" lon="114.1580483"><ele>377.90380859375</ele><time>2019-01-12T05:25:26Z</time></trkpt><trkpt lat="22.41360845" lon="114.15805528"><ele>375.73687744140625</ele><time>2019-01-12T05:25:28Z</time></trkpt><trkpt lat="22.41363046" lon="114.15806777"><ele>377.203125</ele><time>2019-01-12T05:25:30Z</time></trkpt><trkpt lat="22.41365353" lon="114.15807589"><ele>376.30059814453125</ele><time>2019-01-12T05:25:32Z</time></trkpt><trkpt lat="22.41368521" lon="114.15807693"><ele>378.09503173828125</ele><time>2019-01-12T05:25:34Z</time></trkpt><trkpt lat="22.41371476" lon="114.15807818"><ele>377.2303466796875</ele><time>2019-01-12T05:25:36Z</time></trkpt><trkpt lat="22.41373474" lon="114.15807717"><ele>373.4443359375</ele><time>2019-01-12T05:25:39Z</time></trkpt><trkpt lat="22.41375374" lon="114.1580844"><ele>373.810791015625</ele><time>2019-01-12T05:25:41Z</time></trkpt><trkpt lat="22.4137833" lon="114.1580959"><ele>376.154052734375</ele><time>2019-01-12T05:25:43Z</time></trkpt><trkpt lat="22.41380773" lon="114.15810581"><ele>373.5340576171875</ele><time>2019-01-12T05:25:45Z</time></trkpt><trkpt lat="22.41382952" lon="114.15812076"><ele>371.234130859375</ele><time>2019-01-12T05:25:48Z</time></trkpt><trkpt lat="22.41384886" lon="114.15812925"><ele>368.3619384765625</ele><time>2019-01-12T05:25:51Z</time></trkpt><trkpt lat="22.41386094" lon="114.15814841"><ele>365.745361328125</ele><time>2019-01-12T05:25:57Z</time></trkpt><trkpt lat="22.41387448" lon="114.15816549"><ele>364.27447509765625</ele><time>2019-01-12T05:26:00Z</time></trkpt><trkpt lat="22.41389013" lon="114.15818099"><ele>363.9339599609375</ele><time>2019-01-12T05:26:02Z</time></trkpt><trkpt lat="22.41391703" lon="114.15819517"><ele>365.1971435546875</ele><time>2019-01-12T05:26:04Z</time></trkpt><trkpt lat="22.41393429" lon="114.15820403"><ele>367.1683349609375</ele><time>2019-01-12T05:26:06Z</time></trkpt><trkpt lat="22.41394932" lon="114.15821625"><ele>366.45477294921875</ele><time>2019-01-12T05:26:09Z</time></trkpt><trkpt lat="22.41397139" lon="114.15822575"><ele>367.55517578125</ele><time>2019-01-12T05:26:16Z</time></trkpt><trkpt lat="22.41399305" lon="114.15823792"><ele>368.50921630859375</ele><time>2019-01-12T05:26:18Z</time></trkpt><trkpt lat="22.41402257" lon="114.15824466"><ele>370.1580810546875</ele><time>2019-01-12T05:26:20Z</time></trkpt><trkpt lat="22.41404075" lon="114.15824809"><ele>370.8529052734375</ele><time>2019-01-12T05:26:21Z</time></trkpt><trkpt lat="22.41407087" lon="114.15825676"><ele>369.4873046875</ele><time>2019-01-12T05:26:23Z</time></trkpt><trkpt lat="22.41409195" lon="114.15826273"><ele>370.896728515625</ele><time>2019-01-12T05:26:24Z</time></trkpt><trkpt lat="22.41411238" lon="114.15827026"><ele>370.8436279296875</ele><time>2019-01-12T05:26:25Z</time></trkpt><trkpt lat="22.41413101" lon="114.15827711"><ele>371.29730224609375</ele><time>2019-01-12T05:26:26Z</time></trkpt><trkpt lat="22.41416139" lon="114.15828714"><ele>371.6810302734375</ele><time>2019-01-12T05:26:28Z</time></trkpt><trkpt lat="22.41419129" lon="114.1582995"><ele>371.81268310546875</ele><time>2019-01-12T05:26:30Z</time></trkpt><trkpt lat="22.41420872" lon="114.15830791"><ele>371.385986328125</ele><time>2019-01-12T05:26:32Z</time></trkpt><trkpt lat="22.41422493" lon="114.15832038"><ele>370.6019287109375</ele><time>2019-01-12T05:26:34Z</time></trkpt><trkpt lat="22.414241" lon="114.15833162"><ele>368.565673828125</ele><time>2019-01-12T05:26:46Z</time></trkpt><trkpt lat="22.41426151" lon="114.15834684"><ele>374.035400390625</ele><time>2019-01-12T05:27:27Z</time></trkpt><trkpt lat="22.41427105" lon="114.15836926"><ele>368.52392578125</ele><time>2019-01-12T05:27:31Z</time></trkpt><trkpt lat="22.41428406" lon="114.15838798"><ele>367.634033203125</ele><time>2019-01-12T05:27:33Z</time></trkpt><trkpt lat="22.41430179" lon="114.158397"><ele>364.4212646484375</ele><time>2019-01-12T05:27:36Z</time></trkpt><trkpt lat="22.41431966" lon="114.15841096"><ele>363.1319580078125</ele><time>2019-01-12T05:27:38Z</time></trkpt><trkpt lat="22.41434217" lon="114.15841822"><ele>364.0826416015625</ele><time>2019-01-12T05:27:40Z</time></trkpt><trkpt lat="22.41437277" lon="114.15842828"><ele>362.7786865234375</ele><time>2019-01-12T05:27:42Z</time></trkpt><trkpt lat="22.41438904" lon="114.15843923"><ele>361.36468505859375</ele><time>2019-01-12T05:27:44Z</time></trkpt><trkpt lat="22.41441871" lon="114.15844025"><ele>359.14154052734375</ele><time>2019-01-12T05:27:47Z</time></trkpt><trkpt lat="22.41444126" lon="114.15844409"><ele>361.4407958984375</ele><time>2019-01-12T05:27:49Z</time></trkpt><trkpt lat="22.41445518" lon="114.15846204"><ele>360.91357421875</ele><time>2019-01-12T05:27:51Z</time></trkpt><trkpt lat="22.41447619" lon="114.15847501"><ele>360.41644287109375</ele><time>2019-01-12T05:27:54Z</time></trkpt><trkpt lat="22.4145022" lon="114.1584936"><ele>361.1495361328125</ele><time>2019-01-12T05:27:57Z</time></trkpt><trkpt lat="22.41452304" lon="114.15850232"><ele>357.9615478515625</ele><time>2019-01-12T05:28:01Z</time></trkpt><trkpt lat="22.41453869" lon="114.1585134"><ele>358.5943603515625</ele><time>2019-01-12T05:28:03Z</time></trkpt><trkpt lat="22.41454987" lon="114.15853432"><ele>357.4151611328125</ele><time>2019-01-12T05:28:06Z</time></trkpt><trkpt lat="22.41455926" lon="114.15855499"><ele>354.2557373046875</ele><time>2019-01-12T05:28:09Z</time></trkpt><trkpt lat="22.41457775" lon="114.15856927"><ele>354.559326171875</ele><time>2019-01-12T05:28:13Z</time></trkpt><trkpt lat="22.41459297" lon="114.15858632"><ele>354.4281005859375</ele><time>2019-01-12T05:28:16Z</time></trkpt><trkpt lat="22.4146111" lon="114.15859808"><ele>356.65771484375</ele><time>2019-01-12T05:28:18Z</time></trkpt><trkpt lat="22.41461168" lon="114.15861843"><ele>354.953369140625</ele><time>2019-01-12T05:28:21Z</time></trkpt><trkpt lat="22.41463025" lon="114.15862704"><ele>353.781494140625</ele><time>2019-01-12T05:28:26Z</time></trkpt><trkpt lat="22.41464855" lon="114.15863917"><ele>354.9715576171875</ele><time>2019-01-12T05:28:29Z</time></trkpt><trkpt lat="22.41466724" lon="114.1586502"><ele>355.07403564453125</ele><time>2019-01-12T05:28:32Z</time></trkpt><trkpt lat="22.41467243" lon="114.1586688"><ele>352.3023681640625</ele><time>2019-01-12T05:28:37Z</time></trkpt><trkpt lat="22.41469227" lon="114.15867859"><ele>352.9969482421875</ele><time>2019-01-12T05:28:39Z</time></trkpt><trkpt lat="22.41471426" lon="114.15868472"><ele>353.28564453125</ele><time>2019-01-12T05:28:41Z</time></trkpt><trkpt lat="22.41473371" lon="114.15868695"><ele>352.43389892578125</ele><time>2019-01-12T05:28:47Z</time></trkpt><trkpt lat="22.41475421" lon="114.15869272"><ele>353.4683837890625</ele><time>2019-01-12T05:28:50Z</time></trkpt><trkpt lat="22.41477977" lon="114.15870326"><ele>354.011474609375</ele><time>2019-01-12T05:28:52Z</time></trkpt><trkpt lat="22.41480322" lon="114.1587119"><ele>354.1734619140625</ele><time>2019-01-12T05:28:54Z</time></trkpt><trkpt lat="22.41482149" lon="114.15871306"><ele>355.870849609375</ele><time>2019-01-12T05:28:56Z</time></trkpt><trkpt lat="22.41484184" lon="114.15871147"><ele>356.081787109375</ele><time>2019-01-12T05:28:58Z</time></trkpt><trkpt lat="22.41485665" lon="114.15873069"><ele>352.7645263671875</ele><time>2019-01-12T05:29:11Z</time></trkpt><trkpt lat="22.41488055" lon="114.15873963"><ele>351.86474609375</ele><time>2019-01-12T05:29:15Z</time></trkpt><trkpt lat="22.41489855" lon="114.15874868"><ele>353.637939453125</ele><time>2019-01-12T05:29:17Z</time></trkpt><trkpt lat="22.41491735" lon="114.15875623"><ele>351.88433837890625</ele><time>2019-01-12T05:29:21Z</time></trkpt><trkpt lat="22.41493246" lon="114.1587673"><ele>352.2607421875</ele><time>2019-01-12T05:29:24Z</time></trkpt><trkpt lat="22.41495155" lon="114.158771"><ele>344.026123046875</ele><time>2019-01-12T05:29:32Z</time></trkpt><trkpt lat="22.41496946" lon="114.15877774"><ele>342.52685546875</ele><time>2019-01-12T05:29:34Z</time></trkpt><trkpt lat="22.414992" lon="114.15879251"><ele>342.9947509765625</ele><time>2019-01-12T05:29:36Z</time></trkpt><trkpt lat="22.4150067" lon="114.15880606"><ele>342.5130615234375</ele><time>2019-01-12T05:29:40Z</time></trkpt><trkpt lat="22.41502204" lon="114.15881671"><ele>341.52386474609375</ele><time>2019-01-12T05:29:42Z</time></trkpt><trkpt lat="22.41503833" lon="114.15882964"><ele>343.25</ele><time>2019-01-12T05:29:46Z</time></trkpt><trkpt lat="22.41504038" lon="114.15885262"><ele>341.85687255859375</ele><time>2019-01-12T05:29:49Z</time></trkpt><trkpt lat="22.41506143" lon="114.15886516"><ele>339.1134033203125</ele><time>2019-01-12T05:29:54Z</time></trkpt><trkpt lat="22.41508256" lon="114.15887857"><ele>332.03857421875</ele><time>2019-01-12T05:30:20Z</time></trkpt><trkpt lat="22.41510234" lon="114.15889045"><ele>333.97796630859375</ele><time>2019-01-12T05:30:23Z</time></trkpt><trkpt lat="22.41511955" lon="114.15889885"><ele>332.5623779296875</ele><time>2019-01-12T05:30:28Z</time></trkpt><trkpt lat="22.41513781" lon="114.15890947"><ele>339.02490234375</ele><time>2019-01-12T05:30:49Z</time></trkpt><trkpt lat="22.41514555" lon="114.15889124"><ele>337.86328125</ele><time>2019-01-12T05:30:54Z</time></trkpt><trkpt lat="22.41516911" lon="114.15889748"><ele>337.2965087890625</ele><time>2019-01-12T05:32:45Z</time></trkpt><trkpt lat="22.41519786" lon="114.15889711"><ele>334.9676513671875</ele><time>2019-01-12T05:32:48Z</time></trkpt><trkpt lat="22.41522076" lon="114.15890538"><ele>336.0894775390625</ele><time>2019-01-12T05:32:50Z</time></trkpt><trkpt lat="22.41524665" lon="114.15891757"><ele>335.77276611328125</ele><time>2019-01-12T05:32:52Z</time></trkpt><trkpt lat="22.4152679" lon="114.15891934"><ele>333.3017578125</ele><time>2019-01-12T05:33:01Z</time></trkpt><trkpt lat="22.41528902" lon="114.15891824"><ele>335.32452392578125</ele><time>2019-01-12T05:33:06Z</time></trkpt><trkpt lat="22.4153086" lon="114.15892123"><ele>333.2685546875</ele><time>2019-01-12T05:33:08Z</time></trkpt><trkpt lat="22.4153343" lon="114.15892464"><ele>334.7178955078125</ele><time>2019-01-12T05:33:11Z</time></trkpt><trkpt lat="22.41535511" lon="114.15894521"><ele>336.07025146484375</ele><time>2019-01-12T05:33:13Z</time></trkpt><trkpt lat="22.41538286" lon="114.15896503"><ele>335.83953857421875</ele><time>2019-01-12T05:33:15Z</time></trkpt><trkpt lat="22.41540021" lon="114.15897046"><ele>335.00439453125</ele><time>2019-01-12T05:33:17Z</time></trkpt><trkpt lat="22.41542457" lon="114.15897186"><ele>339.3004150390625</ele><time>2019-01-12T05:33:20Z</time></trkpt><trkpt lat="22.41544479" lon="114.15897306"><ele>340.165283203125</ele><time>2019-01-12T05:33:23Z</time></trkpt><trkpt lat="22.41546411" lon="114.15897199"><ele>336.3516845703125</ele><time>2019-01-12T05:33:29Z</time></trkpt><trkpt lat="22.41549606" lon="114.15897455"><ele>336.7681884765625</ele><time>2019-01-12T05:33:31Z</time></trkpt><trkpt lat="22.41551714" lon="114.15897751"><ele>338.0625</ele><time>2019-01-12T05:33:32Z</time></trkpt><trkpt lat="22.41554445" lon="114.15898234"><ele>336.810546875</ele><time>2019-01-12T05:33:34Z</time></trkpt><trkpt lat="22.41556715" lon="114.15898463"><ele>334.5169677734375</ele><time>2019-01-12T05:33:37Z</time></trkpt><trkpt lat="22.41558989" lon="114.15897917"><ele>333.6783447265625</ele><time>2019-01-12T05:33:42Z</time></trkpt><trkpt lat="22.41560737" lon="114.1589838"><ele>331.1468505859375</ele><time>2019-01-12T05:33:44Z</time></trkpt><trkpt lat="22.41562827" lon="114.15899051"><ele>332.359130859375</ele><time>2019-01-12T05:33:47Z</time></trkpt><trkpt lat="22.41564213" lon="114.159003"><ele>331.841796875</ele><time>2019-01-12T05:33:49Z</time></trkpt><trkpt lat="22.41566332" lon="114.1590205"><ele>332.350341796875</ele><time>2019-01-12T05:33:53Z</time></trkpt><trkpt lat="22.41568218" lon="114.15902911"><ele>330.253173828125</ele><time>2019-01-12T05:33:55Z</time></trkpt><trkpt lat="22.41569592" lon="114.15904819"><ele>327.4638671875</ele><time>2019-01-12T05:34:01Z</time></trkpt><trkpt lat="22.41572484" lon="114.15904369"><ele>323.367431640625</ele><time>2019-01-12T05:34:06Z</time></trkpt><trkpt lat="22.41574389" lon="114.15904387"><ele>320.95819091796875</ele><time>2019-01-12T05:34:08Z</time></trkpt><trkpt lat="22.41577976" lon="114.15904897"><ele>321.74786376953125</ele><time>2019-01-12T05:34:10Z</time></trkpt><trkpt lat="22.4158002" lon="114.15905976"><ele>318.79248046875</ele><time>2019-01-12T05:34:12Z</time></trkpt><trkpt lat="22.4158196" lon="114.15906916"><ele>319.98486328125</ele><time>2019-01-12T05:34:14Z</time></trkpt><trkpt lat="22.41584475" lon="114.15908138"><ele>319.416015625</ele><time>2019-01-12T05:34:17Z</time></trkpt><trkpt lat="22.41586513" lon="114.15908321"><ele>314.2237548828125</ele><time>2019-01-12T05:34:19Z</time></trkpt><trkpt lat="22.41588397" lon="114.15906783"><ele>313.947021484375</ele><time>2019-01-12T05:34:22Z</time></trkpt><trkpt lat="22.4159027" lon="114.15906279"><ele>313.04888916015625</ele><time>2019-01-12T05:34:30Z</time></trkpt><trkpt lat="22.41592379" lon="114.15905732"><ele>313.1070556640625</ele><time>2019-01-12T05:34:35Z</time></trkpt><trkpt lat="22.41594959" lon="114.15905517"><ele>310.84075927734375</ele><time>2019-01-12T05:34:38Z</time></trkpt><trkpt lat="22.41597436" lon="114.15906116"><ele>310.7073974609375</ele><time>2019-01-12T05:34:40Z</time></trkpt><trkpt lat="22.41599636" lon="114.15906496"><ele>312.6513671875</ele><time>2019-01-12T05:34:42Z</time></trkpt><trkpt lat="22.41601529" lon="114.15906167"><ele>311.495361328125</ele><time>2019-01-12T05:34:46Z</time></trkpt><trkpt lat="22.41603435" lon="114.15905713"><ele>309.570556640625</ele><time>2019-01-12T05:34:51Z</time></trkpt><trkpt lat="22.41605561" lon="114.15905786"><ele>305.35498046875</ele><time>2019-01-12T05:34:54Z</time></trkpt><trkpt lat="22.41607542" lon="114.15906075"><ele>307.29693603515625</ele><time>2019-01-12T05:34:57Z</time></trkpt><trkpt lat="22.41609342" lon="114.15906893"><ele>305.8717041015625</ele><time>2019-01-12T05:35:00Z</time></trkpt><trkpt lat="22.41611135" lon="114.15907246"><ele>305.57373046875</ele><time>2019-01-12T05:35:02Z</time></trkpt><trkpt lat="22.41612928" lon="114.15906984"><ele>302.4366455078125</ele><time>2019-01-12T05:35:05Z</time></trkpt><trkpt lat="22.41615009" lon="114.15906711"><ele>301.02685546875</ele><time>2019-01-12T05:35:07Z</time></trkpt><trkpt lat="22.41616809" lon="114.15907073"><ele>301.629638671875</ele><time>2019-01-12T05:35:10Z</time></trkpt><trkpt lat="22.41618718" lon="114.15906178"><ele>302.580810546875</ele><time>2019-01-12T05:35:14Z</time></trkpt><trkpt lat="22.41620449" lon="114.15905554"><ele>298.4788818359375</ele><time>2019-01-12T05:35:17Z</time></trkpt><trkpt lat="22.41621741" lon="114.15907176"><ele>296.686279296875</ele><time>2019-01-12T05:35:19Z</time></trkpt><trkpt lat="22.41623262" lon="114.15908389"><ele>298.3465576171875</ele><time>2019-01-12T05:35:22Z</time></trkpt><trkpt lat="22.41625315" lon="114.15908542"><ele>296.610595703125</ele><time>2019-01-12T05:35:27Z</time></trkpt><trkpt lat="22.41627142" lon="114.15908595"><ele>298.2369384765625</ele><time>2019-01-12T05:35:31Z</time></trkpt><trkpt lat="22.41629041" lon="114.15908509"><ele>298.00274658203125</ele><time>2019-01-12T05:35:33Z</time></trkpt><trkpt lat="22.41631229" lon="114.15908114"><ele>299.0999755859375</ele><time>2019-01-12T05:35:39Z</time></trkpt><trkpt lat="22.41633356" lon="114.15908054"><ele>300.2557373046875</ele><time>2019-01-12T05:35:41Z</time></trkpt><trkpt lat="22.41635765" lon="114.15907557"><ele>298.762939453125</ele><time>2019-01-12T05:35:43Z</time></trkpt><trkpt lat="22.41637481" lon="114.15906502"><ele>298.1990966796875</ele><time>2019-01-12T05:35:45Z</time></trkpt><trkpt lat="22.41639356" lon="114.15905245"><ele>298.7886962890625</ele><time>2019-01-12T05:35:47Z</time></trkpt><trkpt lat="22.41640781" lon="114.15903557"><ele>298.82806396484375</ele><time>2019-01-12T05:35:49Z</time></trkpt><trkpt lat="22.41642626" lon="114.15903581"><ele>298.3416748046875</ele><time>2019-01-12T05:35:51Z</time></trkpt><trkpt lat="22.41644595" lon="114.15904133"><ele>297.53912353515625</ele><time>2019-01-12T05:35:53Z</time></trkpt><trkpt lat="22.41646752" lon="114.15904867"><ele>300.05816650390625</ele><time>2019-01-12T05:35:56Z</time></trkpt><trkpt lat="22.41649017" lon="114.15904714"><ele>303.5296630859375</ele><time>2019-01-12T05:36:05Z</time></trkpt><trkpt lat="22.41651061" lon="114.15905285"><ele>303.8448486328125</ele><time>2019-01-12T05:36:08Z</time></trkpt><trkpt lat="22.4165335" lon="114.15905687"><ele>302.6700439453125</ele><time>2019-01-12T05:36:10Z</time></trkpt><trkpt lat="22.41655556" lon="114.15905398"><ele>302.2330322265625</ele><time>2019-01-12T05:36:12Z</time></trkpt><trkpt lat="22.41657753" lon="114.15904646"><ele>301.63543701171875</ele><time>2019-01-12T05:36:14Z</time></trkpt><trkpt lat="22.41659554" lon="114.15904253"><ele>299.844970703125</ele><time>2019-01-12T05:36:21Z</time></trkpt><trkpt lat="22.41661951" lon="114.15903935"><ele>297.975341796875</ele><time>2019-01-12T05:36:23Z</time></trkpt><trkpt lat="22.41664432" lon="114.15903959"><ele>297.47637939453125</ele><time>2019-01-12T05:36:25Z</time></trkpt><trkpt lat="22.4166739" lon="114.15903553"><ele>300.0408935546875</ele><time>2019-01-12T05:36:28Z</time></trkpt><trkpt lat="22.41670104" lon="114.15903029"><ele>300.8385009765625</ele><time>2019-01-12T05:36:30Z</time></trkpt><trkpt lat="22.41671906" lon="114.15902988"><ele>300.468017578125</ele><time>2019-01-12T05:36:32Z</time></trkpt><trkpt lat="22.41674211" lon="114.1590276"><ele>298.86505126953125</ele><time>2019-01-12T05:36:35Z</time></trkpt><trkpt lat="22.41675828" lon="114.15901842"><ele>295.573486328125</ele><time>2019-01-12T05:36:39Z</time></trkpt><trkpt lat="22.41677903" lon="114.15903389"><ele>298.141357421875</ele><time>2019-01-12T05:36:44Z</time></trkpt><trkpt lat="22.41679794" lon="114.15904735"><ele>298.2357177734375</ele><time>2019-01-12T05:36:46Z</time></trkpt><trkpt lat="22.41683441" lon="114.15906359"><ele>300.7027587890625</ele><time>2019-01-12T05:36:48Z</time></trkpt><trkpt lat="22.41685847" lon="114.15906686"><ele>299.857421875</ele><time>2019-01-12T05:36:50Z</time></trkpt><trkpt lat="22.41688175" lon="114.15906572"><ele>299.4444580078125</ele><time>2019-01-12T05:36:52Z</time></trkpt><trkpt lat="22.41691118" lon="114.15907008"><ele>302.47393798828125</ele><time>2019-01-12T05:36:54Z</time></trkpt><trkpt lat="22.4169354" lon="114.15907724"><ele>302.3509521484375</ele><time>2019-01-12T05:36:56Z</time></trkpt><trkpt lat="22.4169651" lon="114.15909589"><ele>302.8787841796875</ele><time>2019-01-12T05:36:58Z</time></trkpt><trkpt lat="22.41698223" lon="114.1591068"><ele>300.43988037109375</ele><time>2019-01-12T05:37:00Z</time></trkpt><trkpt lat="22.41700968" lon="114.15910377"><ele>302.62835693359375</ele><time>2019-01-12T05:37:03Z</time></trkpt><trkpt lat="22.41703647" lon="114.15911467"><ele>303.8160400390625</ele><time>2019-01-12T05:37:05Z</time></trkpt><trkpt lat="22.41706139" lon="114.15912911"><ele>305.5804443359375</ele><time>2019-01-12T05:37:07Z</time></trkpt><trkpt lat="22.41707938" lon="114.15913355"><ele>305.54290771484375</ele><time>2019-01-12T05:37:09Z</time></trkpt><trkpt lat="22.41709979" lon="114.15913693"><ele>302.40704345703125</ele><time>2019-01-12T05:37:11Z</time></trkpt><trkpt lat="22.41711914" lon="114.15915037"><ele>306.8907470703125</ele><time>2019-01-12T05:37:13Z</time></trkpt><trkpt lat="22.41713647" lon="114.15916004"><ele>308.83636474609375</ele><time>2019-01-12T05:37:15Z</time></trkpt><trkpt lat="22.41715921" lon="114.15916171"><ele>309.99365234375</ele><time>2019-01-12T05:37:17Z</time></trkpt><trkpt lat="22.41717823" lon="114.15915758"><ele>308.9688720703125</ele><time>2019-01-12T05:37:19Z</time></trkpt><trkpt lat="22.41719591" lon="114.15916179"><ele>309.92486572265625</ele><time>2019-01-12T05:37:22Z</time></trkpt><trkpt lat="22.41721843" lon="114.15916743"><ele>310.93621826171875</ele><time>2019-01-12T05:37:25Z</time></trkpt><trkpt lat="22.41723065" lon="114.15918516"><ele>304.2333984375</ele><time>2019-01-12T05:37:32Z</time></trkpt><trkpt lat="22.41725426" lon="114.15919154"><ele>305.96337890625</ele><time>2019-01-12T05:37:35Z</time></trkpt><trkpt lat="22.41727599" lon="114.15919281"><ele>304.73291015625</ele><time>2019-01-12T05:37:38Z</time></trkpt><trkpt lat="22.41729855" lon="114.15918882"><ele>302.66522216796875</ele><time>2019-01-12T05:37:40Z</time></trkpt><trkpt lat="22.41732234" lon="114.15918306"><ele>303.16717529296875</ele><time>2019-01-12T05:37:42Z</time></trkpt><trkpt lat="22.4173463" lon="114.15918686"><ele>306.69647216796875</ele><time>2019-01-12T05:37:45Z</time></trkpt><trkpt lat="22.41736731" lon="114.15918734"><ele>306.351318359375</ele><time>2019-01-12T05:37:47Z</time></trkpt><trkpt lat="22.41738684" lon="114.15918828"><ele>306.71160888671875</ele><time>2019-01-12T05:37:54Z</time></trkpt><trkpt lat="22.41741506" lon="114.15919211"><ele>304.97314453125</ele><time>2019-01-12T05:38:23Z</time></trkpt><trkpt lat="22.41743424" lon="114.1591935"><ele>300.5184326171875</ele><time>2019-01-12T05:38:25Z</time></trkpt><trkpt lat="22.41745331" lon="114.15919165"><ele>301.004638671875</ele><time>2019-01-12T05:38:28Z</time></trkpt><trkpt lat="22.4174745" lon="114.15919261"><ele>302.5169677734375</ele><time>2019-01-12T05:38:32Z</time></trkpt><trkpt lat="22.41749308" lon="114.1591873"><ele>301.70782470703125</ele><time>2019-01-12T05:38:34Z</time></trkpt><trkpt lat="22.417526" lon="114.15918757"><ele>303.135986328125</ele><time>2019-01-12T05:38:36Z</time></trkpt><trkpt lat="22.41754419" lon="114.15919"><ele>303.1004638671875</ele><time>2019-01-12T05:38:37Z</time></trkpt><trkpt lat="22.41756087" lon="114.15920009"><ele>302.7442626953125</ele><time>2019-01-12T05:38:39Z</time></trkpt><trkpt lat="22.41758691" lon="114.15920001"><ele>299.45947265625</ele><time>2019-01-12T05:38:47Z</time></trkpt><trkpt lat="22.41761091" lon="114.15919863"><ele>299.89111328125</ele><time>2019-01-12T05:38:50Z</time></trkpt><trkpt lat="22.41763019" lon="114.15919868"><ele>299.467529296875</ele><time>2019-01-12T05:38:52Z</time></trkpt><trkpt lat="22.41765262" lon="114.15919466"><ele>299.1646728515625</ele><time>2019-01-12T05:38:54Z</time></trkpt><trkpt lat="22.41767492" lon="114.15919584"><ele>298.5333251953125</ele><time>2019-01-12T05:38:56Z</time></trkpt><trkpt lat="22.41769373" lon="114.15919406"><ele>298.557861328125</ele><time>2019-01-12T05:38:58Z</time></trkpt><trkpt lat="22.41771731" lon="114.1591963"><ele>294.92724609375</ele><time>2019-01-12T05:39:06Z</time></trkpt><trkpt lat="22.41773638" lon="114.15919877"><ele>294.1646728515625</ele><time>2019-01-12T05:39:11Z</time></trkpt><trkpt lat="22.41775985" lon="114.15919878"><ele>294.276123046875</ele><time>2019-01-12T05:39:14Z</time></trkpt><trkpt lat="22.41778156" lon="114.15919293"><ele>291.88262939453125</ele><time>2019-01-12T05:39:17Z</time></trkpt><trkpt lat="22.41780247" lon="114.15918134"><ele>291.8494873046875</ele><time>2019-01-12T05:39:23Z</time></trkpt><trkpt lat="22.41782149" lon="114.15918331"><ele>291.1436767578125</ele><time>2019-01-12T05:39:25Z</time></trkpt><trkpt lat="22.41784715" lon="114.15918373"><ele>292.612548828125</ele><time>2019-01-12T05:39:27Z</time></trkpt><trkpt lat="22.41787095" lon="114.15918293"><ele>293.05560302734375</ele><time>2019-01-12T05:39:29Z</time></trkpt><trkpt lat="22.4178924" lon="114.15919129"><ele>293.1060791015625</ele><time>2019-01-12T05:39:31Z</time></trkpt><trkpt lat="22.41791275" lon="114.15920672"><ele>292.022705078125</ele><time>2019-01-12T05:39:34Z</time></trkpt><trkpt lat="22.41793474" lon="114.15920892"><ele>292.61944580078125</ele><time>2019-01-12T05:39:36Z</time></trkpt><trkpt lat="22.41796282" lon="114.1592136"><ele>290.2548828125</ele><time>2019-01-12T05:39:38Z</time></trkpt><trkpt lat="22.41798099" lon="114.15921727"><ele>288.2379150390625</ele><time>2019-01-12T05:39:43Z</time></trkpt><trkpt lat="22.41800131" lon="114.15922061"><ele>287.1107177734375</ele><time>2019-01-12T05:39:45Z</time></trkpt><trkpt lat="22.41802033" lon="114.15922478"><ele>286.95648193359375</ele><time>2019-01-12T05:39:47Z</time></trkpt><trkpt lat="22.41803934" lon="114.15922801"><ele>287.2120361328125</ele><time>2019-01-12T05:39:49Z</time></trkpt><trkpt lat="22.41806067" lon="114.15923012"><ele>285.87017822265625</ele><time>2019-01-12T05:39:51Z</time></trkpt><trkpt lat="22.41808266" lon="114.15923272"><ele>285.75</ele><time>2019-01-12T05:39:54Z</time></trkpt><trkpt lat="22.4181083" lon="114.1592322"><ele>285.8697509765625</ele><time>2019-01-12T05:39:58Z</time></trkpt><trkpt lat="22.41812556" lon="114.15922378"><ele>284.5565185546875</ele><time>2019-01-12T05:40:04Z</time></trkpt><trkpt lat="22.4181437" lon="114.15921272"><ele>285.52215576171875</ele><time>2019-01-12T05:40:08Z</time></trkpt><trkpt lat="22.41816218" lon="114.15919582"><ele>282.89404296875</ele><time>2019-01-12T05:40:28Z</time></trkpt><trkpt lat="22.41818104" lon="114.15919707"><ele>283.338134765625</ele><time>2019-01-12T05:40:30Z</time></trkpt><trkpt lat="22.41821108" lon="114.15920358"><ele>285.79736328125</ele><time>2019-01-12T05:40:33Z</time></trkpt><trkpt lat="22.41823156" lon="114.15921281"><ele>283.4788818359375</ele><time>2019-01-12T05:40:36Z</time></trkpt><trkpt lat="22.4182513" lon="114.15921852"><ele>282.7054443359375</ele><time>2019-01-12T05:40:45Z</time></trkpt><trkpt lat="22.41827045" lon="114.15921519"><ele>281.34075927734375</ele><time>2019-01-12T05:40:51Z</time></trkpt><trkpt lat="22.41829401" lon="114.1592094"><ele>277.03094482421875</ele><time>2019-01-12T05:40:56Z</time></trkpt><trkpt lat="22.41831156" lon="114.15920068"><ele>279.15399169921875</ele><time>2019-01-12T05:41:00Z</time></trkpt><trkpt lat="22.41833227" lon="114.15920701"><ele>280.5804443359375</ele><time>2019-01-12T05:41:02Z</time></trkpt><trkpt lat="22.41835575" lon="114.15921234"><ele>279.6805419921875</ele><time>2019-01-12T05:41:04Z</time></trkpt><trkpt lat="22.41838277" lon="114.1592116"><ele>281.44757080078125</ele><time>2019-01-12T05:41:06Z</time></trkpt><trkpt lat="22.4184088" lon="114.15921595"><ele>282.1624755859375</ele><time>2019-01-12T05:41:08Z</time></trkpt><trkpt lat="22.41843358" lon="114.15921527"><ele>284.00372314453125</ele><time>2019-01-12T05:41:10Z</time></trkpt><trkpt lat="22.4184659" lon="114.15922203"><ele>287.21502685546875</ele><time>2019-01-12T05:41:12Z</time></trkpt><trkpt lat="22.41848756" lon="114.15922588"><ele>287.4024658203125</ele><time>2019-01-12T05:41:13Z</time></trkpt><trkpt lat="22.41851073" lon="114.15923629"><ele>287.018310546875</ele><time>2019-01-12T05:41:15Z</time></trkpt><trkpt lat="22.41853116" lon="114.15925363"><ele>290.1309814453125</ele><time>2019-01-12T05:41:18Z</time></trkpt><trkpt lat="22.41855092" lon="114.15926573"><ele>288.8338623046875</ele><time>2019-01-12T05:41:20Z</time></trkpt><trkpt lat="22.41857399" lon="114.15926938"><ele>288.22882080078125</ele><time>2019-01-12T05:41:22Z</time></trkpt><trkpt lat="22.41859686" lon="114.15926959"><ele>288.09344482421875</ele><time>2019-01-12T05:41:24Z</time></trkpt><trkpt lat="22.4186174" lon="114.15927484"><ele>286.404541015625</ele><time>2019-01-12T05:41:26Z</time></trkpt><trkpt lat="22.41863709" lon="114.15928511"><ele>285.8746337890625</ele><time>2019-01-12T05:41:29Z</time></trkpt><trkpt lat="22.4186629" lon="114.15928322"><ele>285.2744140625</ele><time>2019-01-12T05:41:32Z</time></trkpt><trkpt lat="22.41868416" lon="114.1592744"><ele>285.66796875</ele><time>2019-01-12T05:41:34Z</time></trkpt><trkpt lat="22.4186993" lon="114.15926193"><ele>288.1480712890625</ele><time>2019-01-12T05:41:37Z</time></trkpt><trkpt lat="22.41872158" lon="114.1592663"><ele>286.4169921875</ele><time>2019-01-12T05:41:41Z</time></trkpt><trkpt lat="22.41874288" lon="114.15927208"><ele>286.04302978515625</ele><time>2019-01-12T05:41:44Z</time></trkpt><trkpt lat="22.41876359" lon="114.15927256"><ele>287.7037353515625</ele><time>2019-01-12T05:41:46Z</time></trkpt><trkpt lat="22.41878594" lon="114.15927605"><ele>287.5159912109375</ele><time>2019-01-12T05:41:48Z</time></trkpt><trkpt lat="22.41880523" lon="114.15927498"><ele>287.57208251953125</ele><time>2019-01-12T05:41:50Z</time></trkpt><trkpt lat="22.41882493" lon="114.15927318"><ele>288.08642578125</ele><time>2019-01-12T05:41:52Z</time></trkpt><trkpt lat="22.41884431" lon="114.15927371"><ele>287.58843994140625</ele><time>2019-01-12T05:41:54Z</time></trkpt><trkpt lat="22.41886987" lon="114.15927569"><ele>287.1334228515625</ele><time>2019-01-12T05:41:57Z</time></trkpt><trkpt lat="22.41889195" lon="114.15927532"><ele>287.64630126953125</ele><time>2019-01-12T05:41:59Z</time></trkpt><trkpt lat="22.41891577" lon="114.15927116"><ele>286.935546875</ele><time>2019-01-12T05:42:02Z</time></trkpt><trkpt lat="22.41893757" lon="114.15927541"><ele>285.8931884765625</ele><time>2019-01-12T05:42:05Z</time></trkpt><trkpt lat="22.41895952" lon="114.15927257"><ele>286.467041015625</ele><time>2019-01-12T05:42:08Z</time></trkpt><trkpt lat="22.41898275" lon="114.15927165"><ele>288.03253173828125</ele><time>2019-01-12T05:42:11Z</time></trkpt><trkpt lat="22.41900702" lon="114.15928605"><ele>286.4556884765625</ele><time>2019-01-12T05:42:16Z</time></trkpt><trkpt lat="22.41901571" lon="114.15930329"><ele>288.590087890625</ele><time>2019-01-12T05:42:21Z</time></trkpt><trkpt lat="22.41903453" lon="114.15930797"><ele>287.74896240234375</ele><time>2019-01-12T05:42:25Z</time></trkpt><trkpt lat="22.41905318" lon="114.15931231"><ele>286.82537841796875</ele><time>2019-01-12T05:42:29Z</time></trkpt><trkpt lat="22.41907384" lon="114.1593092"><ele>286.950927734375</ele><time>2019-01-12T05:42:32Z</time></trkpt><trkpt lat="22.41909825" lon="114.15930577"><ele>286.7061767578125</ele><time>2019-01-12T05:42:35Z</time></trkpt><trkpt lat="22.41912104" lon="114.15930908"><ele>287.0325927734375</ele><time>2019-01-12T05:42:38Z</time></trkpt><trkpt lat="22.41914096" lon="114.15931547"><ele>285.70501708984375</ele><time>2019-01-12T05:42:44Z</time></trkpt><trkpt lat="22.41916087" lon="114.159309"><ele>283.27587890625</ele><time>2019-01-12T05:42:49Z</time></trkpt><trkpt lat="22.41918138" lon="114.15930938"><ele>282.5888671875</ele><time>2019-01-12T05:42:54Z</time></trkpt><trkpt lat="22.41920512" lon="114.15931289"><ele>278.8795166015625</ele><time>2019-01-12T05:43:00Z</time></trkpt><trkpt lat="22.41922453" lon="114.15931676"><ele>277.231689453125</ele><time>2019-01-12T05:43:03Z</time></trkpt><trkpt lat="22.41924381" lon="114.15931882"><ele>276.779296875</ele><time>2019-01-12T05:43:05Z</time></trkpt><trkpt lat="22.41926723" lon="114.15932354"><ele>276.2840576171875</ele><time>2019-01-12T05:43:08Z</time></trkpt><trkpt lat="22.41928937" lon="114.15932329"><ele>274.4364013671875</ele><time>2019-01-12T05:43:11Z</time></trkpt><trkpt lat="22.41930845" lon="114.15932292"><ele>273.471923828125</ele><time>2019-01-12T05:43:15Z</time></trkpt><trkpt lat="22.41932781" lon="114.15932654"><ele>273.60791015625</ele><time>2019-01-12T05:43:18Z</time></trkpt><trkpt lat="22.41934662" lon="114.15932499"><ele>273.91796875</ele><time>2019-01-12T05:43:21Z</time></trkpt><trkpt lat="22.41937375" lon="114.15932772"><ele>272.794921875</ele><time>2019-01-12T05:43:25Z</time></trkpt><trkpt lat="22.41939314" lon="114.15932647"><ele>273.663330078125</ele><time>2019-01-12T05:43:27Z</time></trkpt><trkpt lat="22.41941178" lon="114.15932957"><ele>273.4703369140625</ele><time>2019-01-12T05:43:29Z</time></trkpt><trkpt lat="22.41943322" lon="114.15933111"><ele>273.50732421875</ele><time>2019-01-12T05:43:35Z</time></trkpt><trkpt lat="22.41945491" lon="114.15933194"><ele>272.2818603515625</ele><time>2019-01-12T05:43:44Z</time></trkpt><trkpt lat="22.41947291" lon="114.15932804"><ele>275.64599609375</ele><time>2019-01-12T05:43:51Z</time></trkpt><trkpt lat="22.41949892" lon="114.15932873"><ele>271.84063720703125</ele><time>2019-01-12T05:44:09Z</time></trkpt><trkpt lat="22.41951747" lon="114.15932899"><ele>274.331298828125</ele><time>2019-01-12T05:44:11Z</time></trkpt><trkpt lat="22.41954671" lon="114.15932145"><ele>271.35125732421875</ele><time>2019-01-12T05:44:15Z</time></trkpt><trkpt lat="22.41956501" lon="114.15931301"><ele>270.75531005859375</ele><time>2019-01-12T05:44:18Z</time></trkpt><trkpt lat="22.41958609" lon="114.15931451"><ele>269.7589111328125</ele><time>2019-01-12T05:44:21Z</time></trkpt><trkpt lat="22.41960368" lon="114.15931887"><ele>270.411376953125</ele><time>2019-01-12T05:44:23Z</time></trkpt><trkpt lat="22.41962129" lon="114.15932836"><ele>269.5838623046875</ele><time>2019-01-12T05:44:26Z</time></trkpt><trkpt lat="22.41963638" lon="114.15934169"><ele>269.23492431640625</ele><time>2019-01-12T05:44:31Z</time></trkpt><trkpt lat="22.41965758" lon="114.15934356"><ele>267.64544677734375</ele><time>2019-01-12T05:44:35Z</time></trkpt><trkpt lat="22.4196833" lon="114.15934179"><ele>267.020263671875</ele><time>2019-01-12T05:44:37Z</time></trkpt><trkpt lat="22.41970284" lon="114.1593356"><ele>267.5924072265625</ele><time>2019-01-12T05:44:39Z</time></trkpt><trkpt lat="22.41972884" lon="114.15933855"><ele>267.78411865234375</ele><time>2019-01-12T05:44:42Z</time></trkpt><trkpt lat="22.41974392" lon="114.15935109"><ele>267.3599853515625</ele><time>2019-01-12T05:44:44Z</time></trkpt><trkpt lat="22.41976132" lon="114.15935821"><ele>267.2188720703125</ele><time>2019-01-12T05:44:46Z</time></trkpt><trkpt lat="22.41978397" lon="114.1593617"><ele>267.8876953125</ele><time>2019-01-12T05:44:48Z</time></trkpt><trkpt lat="22.41980496" lon="114.15935891"><ele>268.503662109375</ele><time>2019-01-12T05:44:50Z</time></trkpt><trkpt lat="22.41982908" lon="114.15935965"><ele>268.8720703125</ele><time>2019-01-12T05:44:54Z</time></trkpt><trkpt lat="22.41984992" lon="114.15936038"><ele>271.26776123046875</ele><time>2019-01-12T05:44:56Z</time></trkpt><trkpt lat="22.41986769" lon="114.15935706"><ele>269.9010009765625</ele><time>2019-01-12T05:44:59Z</time></trkpt><trkpt lat="22.41988507" lon="114.15936471"><ele>271.6580810546875</ele><time>2019-01-12T05:45:03Z</time></trkpt><trkpt lat="22.41990091" lon="114.15938126"><ele>274.04248046875</ele><time>2019-01-12T05:45:09Z</time></trkpt><trkpt lat="22.41992506" lon="114.15939437"><ele>275.0220947265625</ele><time>2019-01-12T05:45:12Z</time></trkpt><trkpt lat="22.41994489" lon="114.15941192"><ele>273.8870849609375</ele><time>2019-01-12T05:45:14Z</time></trkpt><trkpt lat="22.41996593" lon="114.15942595"><ele>273.79473876953125</ele><time>2019-01-12T05:45:17Z</time></trkpt><trkpt lat="22.41998802" lon="114.15943145"><ele>271.29876708984375</ele><time>2019-01-12T05:45:20Z</time></trkpt><trkpt lat="22.42000893" lon="114.15943875"><ele>270.2064208984375</ele><time>2019-01-12T05:45:23Z</time></trkpt><trkpt lat="22.42002863" lon="114.15944396"><ele>270.6126708984375</ele><time>2019-01-12T05:45:26Z</time></trkpt><trkpt lat="22.42004935" lon="114.15943765"><ele>270.3355712890625</ele><time>2019-01-12T05:45:29Z</time></trkpt><trkpt lat="22.4200721" lon="114.15944134"><ele>270.0076904296875</ele><time>2019-01-12T05:45:32Z</time></trkpt><trkpt lat="22.42009175" lon="114.15944244"><ele>268.46533203125</ele><time>2019-01-12T05:45:38Z</time></trkpt><trkpt lat="22.42011409" lon="114.15943595"><ele>265.8863525390625</ele><time>2019-01-12T05:45:42Z</time></trkpt><trkpt lat="22.42013287" lon="114.15943848"><ele>266.4638671875</ele><time>2019-01-12T05:45:45Z</time></trkpt><trkpt lat="22.42015884" lon="114.15943589"><ele>266.2923583984375</ele><time>2019-01-12T05:45:48Z</time></trkpt><trkpt lat="22.4201748" lon="114.15942657"><ele>266.669189453125</ele><time>2019-01-12T05:45:52Z</time></trkpt><trkpt lat="22.42020095" lon="114.15941441"><ele>266.013916015625</ele><time>2019-01-12T05:45:56Z</time></trkpt><trkpt lat="22.42022439" lon="114.15940643"><ele>265.173583984375</ele><time>2019-01-12T05:45:59Z</time></trkpt><trkpt lat="22.42024409" lon="114.15941116"><ele>265.6561279296875</ele><time>2019-01-12T05:46:02Z</time></trkpt><trkpt lat="22.42026598" lon="114.15941552"><ele>265.40631103515625</ele><time>2019-01-12T05:46:05Z</time></trkpt><trkpt lat="22.42028443" lon="114.15941294"><ele>262.53125</ele><time>2019-01-12T05:46:10Z</time></trkpt><trkpt lat="22.42030803" lon="114.15940793"><ele>261.949951171875</ele><time>2019-01-12T05:46:13Z</time></trkpt><trkpt lat="22.42032405" lon="114.15939675"><ele>260.39990234375</ele><time>2019-01-12T05:46:16Z</time></trkpt><trkpt lat="22.42033884" lon="114.15938434"><ele>259.5291748046875</ele><time>2019-01-12T05:46:19Z</time></trkpt><trkpt lat="22.42035415" lon="114.15936289"><ele>258.74444580078125</ele><time>2019-01-12T05:46:23Z</time></trkpt><trkpt lat="22.42037174" lon="114.15934957"><ele>256.7928466796875</ele><time>2019-01-12T05:46:27Z</time></trkpt><trkpt lat="22.42039005" lon="114.15934499"><ele>253.245849609375</ele><time>2019-01-12T05:46:49Z</time></trkpt><trkpt lat="22.42040766" lon="114.15935096"><ele>254.7664794921875</ele><time>2019-01-12T05:46:55Z</time></trkpt><trkpt lat="22.42042551" lon="114.15934377"><ele>252.8162841796875</ele><time>2019-01-12T05:47:15Z</time></trkpt><trkpt lat="22.42044484" lon="114.15933959"><ele>254.5367431640625</ele><time>2019-01-12T05:47:25Z</time></trkpt><trkpt lat="22.42046319" lon="114.1593196"><ele>250.30523681640625</ele><time>2019-01-12T05:47:29Z</time></trkpt><trkpt lat="22.42047733" lon="114.15930622"><ele>249.2886962890625</ele><time>2019-01-12T05:47:32Z</time></trkpt><trkpt lat="22.42049663" lon="114.15930376"><ele>245.760498046875</ele><time>2019-01-12T05:47:39Z</time></trkpt><trkpt lat="22.42051505" lon="114.15929548"><ele>246.72222900390625</ele><time>2019-01-12T05:47:45Z</time></trkpt><trkpt lat="22.42053893" lon="114.15928661"><ele>248.21160888671875</ele><time>2019-01-12T05:47:52Z</time></trkpt><trkpt lat="22.42055838" lon="114.15928931"><ele>248.05718994140625</ele><time>2019-01-12T05:47:54Z</time></trkpt><trkpt lat="22.420579" lon="114.1592896"><ele>248.0546875</ele><time>2019-01-12T05:47:59Z</time></trkpt><trkpt lat="22.42059782" lon="114.15928897"><ele>247.049072265625</ele><time>2019-01-12T05:48:02Z</time></trkpt><trkpt lat="22.42062191" lon="114.15928424"><ele>245.59991455078125</ele><time>2019-01-12T05:48:04Z</time></trkpt><trkpt lat="22.42064053" lon="114.15928384"><ele>244.84686279296875</ele><time>2019-01-12T05:48:10Z</time></trkpt><trkpt lat="22.42066026" lon="114.15929198"><ele>243.08642578125</ele><time>2019-01-12T05:49:02Z</time></trkpt><trkpt lat="22.42067938" lon="114.15929378"><ele>242.63531494140625</ele><time>2019-01-12T05:49:05Z</time></trkpt><trkpt lat="22.4206983" lon="114.15929403"><ele>241.04156494140625</ele><time>2019-01-12T05:49:11Z</time></trkpt><trkpt lat="22.42071144" lon="114.15927898"><ele>240.89892578125</ele><time>2019-01-12T05:49:16Z</time></trkpt><trkpt lat="22.42073566" lon="114.15928206"><ele>239.64935302734375</ele><time>2019-01-12T05:49:28Z</time></trkpt><trkpt lat="22.42075257" lon="114.15927209"><ele>235.5457763671875</ele><time>2019-01-12T05:49:33Z</time></trkpt><trkpt lat="22.42077411" lon="114.15926908"><ele>234.58026123046875</ele><time>2019-01-12T05:49:38Z</time></trkpt><trkpt lat="22.42079383" lon="114.15926541"><ele>236.41290283203125</ele><time>2019-01-12T05:49:42Z</time></trkpt><trkpt lat="22.42081199" lon="114.15926474"><ele>237.96307373046875</ele><time>2019-01-12T05:49:45Z</time></trkpt><trkpt lat="22.42083126" lon="114.15926051"><ele>235.0489501953125</ele><time>2019-01-12T05:49:51Z</time></trkpt><trkpt lat="22.42084904" lon="114.15926421"><ele>235.75927734375</ele><time>2019-01-12T05:49:59Z</time></trkpt><trkpt lat="22.42086936" lon="114.15927124"><ele>234.850830078125</ele><time>2019-01-12T05:50:07Z</time></trkpt><trkpt lat="22.42089447" lon="114.15927423"><ele>231.793701171875</ele><time>2019-01-12T05:50:11Z</time></trkpt><trkpt lat="22.4209223" lon="114.15926793"><ele>232.64910888671875</ele><time>2019-01-12T05:50:13Z</time></trkpt><trkpt lat="22.4209422" lon="114.15926183"><ele>231.0128173828125</ele><time>2019-01-12T05:50:17Z</time></trkpt><trkpt lat="22.42096838" lon="114.15925894"><ele>231.4168701171875</ele><time>2019-01-12T05:50:20Z</time></trkpt><trkpt lat="22.4209938" lon="114.15925891"><ele>232.3157958984375</ele><time>2019-01-12T05:50:23Z</time></trkpt><trkpt lat="22.42101183" lon="114.15925958"><ele>233.311767578125</ele><time>2019-01-12T05:50:26Z</time></trkpt><trkpt lat="22.42102938" lon="114.15926505"><ele>234.1153564453125</ele><time>2019-01-12T05:50:34Z</time></trkpt><trkpt lat="22.42104938" lon="114.15926461"><ele>234.40899658203125</ele><time>2019-01-12T05:50:36Z</time></trkpt><trkpt lat="22.42106317" lon="114.15928174"><ele>231.334716796875</ele><time>2019-01-12T05:50:58Z</time></trkpt><trkpt lat="22.42108566" lon="114.15928344"><ele>226.99371337890625</ele><time>2019-01-12T05:51:02Z</time></trkpt><trkpt lat="22.42111106" lon="114.15928558"><ele>227.423583984375</ele><time>2019-01-12T05:51:05Z</time></trkpt><trkpt lat="22.4211313" lon="114.1592878"><ele>227.533447265625</ele><time>2019-01-12T05:51:07Z</time></trkpt><trkpt lat="22.4211566" lon="114.15929359"><ele>229.63189697265625</ele><time>2019-01-12T05:51:09Z</time></trkpt><trkpt lat="22.42118224" lon="114.15929387"><ele>230.86474609375</ele><time>2019-01-12T05:51:13Z</time></trkpt><trkpt lat="22.42120398" lon="114.15929428"><ele>230.71331787109375</ele><time>2019-01-12T05:51:15Z</time></trkpt><trkpt lat="22.42122177" lon="114.15929802"><ele>232.83056640625</ele><time>2019-01-12T05:51:17Z</time></trkpt><trkpt lat="22.42124224" lon="114.15929657"><ele>233.33056640625</ele><time>2019-01-12T05:51:19Z</time></trkpt><trkpt lat="22.42126232" lon="114.15929792"><ele>231.7862548828125</ele><time>2019-01-12T05:51:21Z</time></trkpt><trkpt lat="22.42127889" lon="114.15931046"><ele>230.43328857421875</ele><time>2019-01-12T05:51:24Z</time></trkpt><trkpt lat="22.42129176" lon="114.15932999"><ele>227.14251708984375</ele><time>2019-01-12T05:51:31Z</time></trkpt><trkpt lat="22.42131413" lon="114.15934157"><ele>227.7783203125</ele><time>2019-01-12T05:51:35Z</time></trkpt><trkpt lat="22.42133891" lon="114.15934342"><ele>228.72015380859375</ele><time>2019-01-12T05:51:38Z</time></trkpt><trkpt lat="22.42136363" lon="114.15933642"><ele>229.0843505859375</ele><time>2019-01-12T05:51:40Z</time></trkpt><trkpt lat="22.4213887" lon="114.15933557"><ele>230.3314208984375</ele><time>2019-01-12T05:51:43Z</time></trkpt><trkpt lat="22.4214068" lon="114.15934535"><ele>230.114013671875</ele><time>2019-01-12T05:51:46Z</time></trkpt><trkpt lat="22.42143307" lon="114.15934447"><ele>229.614501953125</ele><time>2019-01-12T05:51:49Z</time></trkpt><trkpt lat="22.42145807" lon="114.15934623"><ele>229.441650390625</ele><time>2019-01-12T05:51:52Z</time></trkpt><trkpt lat="22.42147821" lon="114.1593479"><ele>230.27984619140625</ele><time>2019-01-12T05:51:54Z</time></trkpt><trkpt lat="22.42149675" lon="114.15934907"><ele>229.5382080078125</ele><time>2019-01-12T05:51:56Z</time></trkpt><trkpt lat="22.42151736" lon="114.15935581"><ele>228.49951171875</ele><time>2019-01-12T05:51:58Z</time></trkpt><trkpt lat="22.42153798" lon="114.15935801"><ele>228.70611572265625</ele><time>2019-01-12T05:52:01Z</time></trkpt><trkpt lat="22.42155587" lon="114.15935588"><ele>228.94427490234375</ele><time>2019-01-12T05:52:03Z</time></trkpt><trkpt lat="22.4215743" lon="114.15934476"><ele>226.554443359375</ele><time>2019-01-12T05:52:06Z</time></trkpt><trkpt lat="22.42159341" lon="114.15935204"><ele>225.5260009765625</ele><time>2019-01-12T05:52:10Z</time></trkpt><trkpt lat="22.42161164" lon="114.15936049"><ele>225.81451416015625</ele><time>2019-01-12T05:52:36Z</time></trkpt><trkpt lat="22.42162931" lon="114.15937177"><ele>227.0853271484375</ele><time>2019-01-12T05:52:39Z</time></trkpt><trkpt lat="22.42164662" lon="114.15937812"><ele>227.58807373046875</ele><time>2019-01-12T05:52:41Z</time></trkpt><trkpt lat="22.42167107" lon="114.15938248"><ele>229.4036865234375</ele><time>2019-01-12T05:52:44Z</time></trkpt><trkpt lat="22.42169011" lon="114.15938701"><ele>226.93170166015625</ele><time>2019-01-12T05:52:47Z</time></trkpt><trkpt lat="22.42171007" lon="114.15939147"><ele>226.72613525390625</ele><time>2019-01-12T05:52:51Z</time></trkpt><trkpt lat="22.42173029" lon="114.15939085"><ele>225.17315673828125</ele><time>2019-01-12T05:52:54Z</time></trkpt><trkpt lat="22.42174844" lon="114.15938537"><ele>224.4927978515625</ele><time>2019-01-12T05:52:58Z</time></trkpt><trkpt lat="22.42177136" lon="114.15938414"><ele>224.38946533203125</ele><time>2019-01-12T05:53:37Z</time></trkpt><trkpt lat="22.42177512" lon="114.15940408"><ele>223.3046875</ele><time>2019-01-12T05:53:45Z</time></trkpt><trkpt lat="22.42179687" lon="114.15940472"><ele>223.9144287109375</ele><time>2019-01-12T05:53:50Z</time></trkpt><trkpt lat="22.42181967" lon="114.15941321"><ele>224.9794921875</ele><time>2019-01-12T05:53:53Z</time></trkpt><trkpt lat="22.42184442" lon="114.15942026"><ele>225.08367919921875</ele><time>2019-01-12T05:53:56Z</time></trkpt><trkpt lat="22.42186883" lon="114.15943219"><ele>223.3817138671875</ele><time>2019-01-12T05:54:01Z</time></trkpt><trkpt lat="22.42189857" lon="114.15944585"><ele>221.0634765625</ele><time>2019-01-12T05:54:04Z</time></trkpt><trkpt lat="22.42191555" lon="114.15945545"><ele>220.89453125</ele><time>2019-01-12T05:54:05Z</time></trkpt><trkpt lat="22.42194208" lon="114.15945906"><ele>221.19390869140625</ele><time>2019-01-12T05:54:07Z</time></trkpt><trkpt lat="22.42197027" lon="114.15945855"><ele>222.51544189453125</ele><time>2019-01-12T05:54:10Z</time></trkpt><trkpt lat="22.42199279" lon="114.15945555"><ele>221.73675537109375</ele><time>2019-01-12T05:54:12Z</time></trkpt><trkpt lat="22.42201283" lon="114.15945368"><ele>219.72564697265625</ele><time>2019-01-12T05:54:14Z</time></trkpt><trkpt lat="22.42203217" lon="114.1594556"><ele>218.031982421875</ele><time>2019-01-12T05:54:16Z</time></trkpt><trkpt lat="22.42204825" lon="114.15946577"><ele>218.48956298828125</ele><time>2019-01-12T05:54:20Z</time></trkpt><trkpt lat="22.42206854" lon="114.1594635"><ele>220.16827392578125</ele><time>2019-01-12T05:54:27Z</time></trkpt><trkpt lat="22.42208585" lon="114.15945634"><ele>217.6531982421875</ele><time>2019-01-12T05:55:00Z</time></trkpt><trkpt lat="22.42210398" lon="114.15945657"><ele>217.4349365234375</ele><time>2019-01-12T05:55:03Z</time></trkpt><trkpt lat="22.42212686" lon="114.1594553"><ele>217.0804443359375</ele><time>2019-01-12T05:55:07Z</time></trkpt><trkpt lat="22.42215123" lon="114.1594632"><ele>216.72467041015625</ele><time>2019-01-12T05:55:11Z</time></trkpt><trkpt lat="22.4221718" lon="114.15946709"><ele>217.33074951171875</ele><time>2019-01-12T05:55:14Z</time></trkpt><trkpt lat="22.42219087" lon="114.15946627"><ele>217.53533935546875</ele><time>2019-01-12T05:55:17Z</time></trkpt><trkpt lat="22.42221147" lon="114.15946713"><ele>217.39019775390625</ele><time>2019-01-12T05:55:20Z</time></trkpt><trkpt lat="22.4222285" lon="114.15947556"><ele>216.5211181640625</ele><time>2019-01-12T05:55:24Z</time></trkpt><trkpt lat="22.42225192" lon="114.15947125"><ele>215.5225830078125</ele><time>2019-01-12T05:55:28Z</time></trkpt><trkpt lat="22.42226793" lon="114.15948141"><ele>212.4454345703125</ele><time>2019-01-12T05:55:34Z</time></trkpt><trkpt lat="22.42228565" lon="114.15948839"><ele>211.537109375</ele><time>2019-01-12T05:55:38Z</time></trkpt><trkpt lat="22.42230211" lon="114.15949688"><ele>213.376953125</ele><time>2019-01-12T05:55:50Z</time></trkpt><trkpt lat="22.42231977" lon="114.15950112"><ele>212.04931640625</ele><time>2019-01-12T05:55:55Z</time></trkpt><trkpt lat="22.42233736" lon="114.15950767"><ele>212.22308349609375</ele><time>2019-01-12T05:55:58Z</time></trkpt><trkpt lat="22.42235506" lon="114.15951214"><ele>212.33868408203125</ele><time>2019-01-12T05:56:00Z</time></trkpt><trkpt lat="22.42237113" lon="114.15952668"><ele>212.7509765625</ele><time>2019-01-12T05:56:03Z</time></trkpt><trkpt lat="22.42238142" lon="114.15954878"><ele>212.40576171875</ele><time>2019-01-12T05:56:06Z</time></trkpt><trkpt lat="22.42240649" lon="114.15954786"><ele>212.624267578125</ele><time>2019-01-12T05:56:13Z</time></trkpt><trkpt lat="22.42242605" lon="114.15953451"><ele>208.43731689453125</ele><time>2019-01-12T05:56:16Z</time></trkpt><trkpt lat="22.42244492" lon="114.15953768"><ele>207.1981201171875</ele><time>2019-01-12T05:56:19Z</time></trkpt><trkpt lat="22.42246715" lon="114.15953832"><ele>207.4873046875</ele><time>2019-01-12T05:56:23Z</time></trkpt><trkpt lat="22.42248529" lon="114.15954387"><ele>206.42529296875</ele><time>2019-01-12T05:56:27Z</time></trkpt><trkpt lat="22.42250403" lon="114.15953353"><ele>204.7337646484375</ele><time>2019-01-12T05:56:30Z</time></trkpt><trkpt lat="22.42252185" lon="114.15952443"><ele>204.5745849609375</ele><time>2019-01-12T05:56:38Z</time></trkpt><trkpt lat="22.42254117" lon="114.15952417"><ele>202.30462646484375</ele><time>2019-01-12T05:56:41Z</time></trkpt><trkpt lat="22.42256297" lon="114.15952437"><ele>201.48187255859375</ele><time>2019-01-12T05:56:44Z</time></trkpt><trkpt lat="22.42258485" lon="114.15952667"><ele>201.517333984375</ele><time>2019-01-12T05:56:48Z</time></trkpt><trkpt lat="22.42260659" lon="114.15951923"><ele>200.2305908203125</ele><time>2019-01-12T05:56:55Z</time></trkpt><trkpt lat="22.42262501" lon="114.15951848"><ele>199.76513671875</ele><time>2019-01-12T05:56:58Z</time></trkpt><trkpt lat="22.42264448" lon="114.15952438"><ele>200.0914306640625</ele><time>2019-01-12T05:57:02Z</time></trkpt><trkpt lat="22.42266334" lon="114.15952307"><ele>199.924560546875</ele><time>2019-01-12T05:57:07Z</time></trkpt><trkpt lat="22.42268386" lon="114.15952618"><ele>198.51837158203125</ele><time>2019-01-12T05:57:10Z</time></trkpt><trkpt lat="22.42270312" lon="114.1595293"><ele>198.5306396484375</ele><time>2019-01-12T05:57:13Z</time></trkpt><trkpt lat="22.42272257" lon="114.15952759"><ele>197.831298828125</ele><time>2019-01-12T05:57:19Z</time></trkpt><trkpt lat="22.42274145" lon="114.15952768"><ele>197.6552734375</ele><time>2019-01-12T05:57:22Z</time></trkpt><trkpt lat="22.42276083" lon="114.15953388"><ele>197.02264404296875</ele><time>2019-01-12T05:57:26Z</time></trkpt><trkpt lat="22.42278568" lon="114.15952768"><ele>195.63623046875</ele><time>2019-01-12T05:57:32Z</time></trkpt><trkpt lat="22.42280507" lon="114.15953459"><ele>196.52972412109375</ele><time>2019-01-12T05:57:34Z</time></trkpt><trkpt lat="22.42282821" lon="114.15954491"><ele>196.2054443359375</ele><time>2019-01-12T05:57:36Z</time></trkpt><trkpt lat="22.42284664" lon="114.1595493"><ele>196.333740234375</ele><time>2019-01-12T05:57:38Z</time></trkpt><trkpt lat="22.42286922" lon="114.15954906"><ele>195.943115234375</ele><time>2019-01-12T05:57:40Z</time></trkpt><trkpt lat="22.42289437" lon="114.15955056"><ele>196.3421630859375</ele><time>2019-01-12T05:57:42Z</time></trkpt><trkpt lat="22.42291497" lon="114.15955178"><ele>197.272705078125</ele><time>2019-01-12T05:57:46Z</time></trkpt><trkpt lat="22.42294181" lon="114.15955428"><ele>197.75579833984375</ele><time>2019-01-12T05:57:49Z</time></trkpt><trkpt lat="22.42296656" lon="114.15955767"><ele>196.973876953125</ele><time>2019-01-12T05:57:52Z</time></trkpt><trkpt lat="22.42298934" lon="114.15956766"><ele>194.8780517578125</ele><time>2019-01-12T05:57:55Z</time></trkpt><trkpt lat="22.42301494" lon="114.15957799"><ele>195.2655029296875</ele><time>2019-01-12T05:57:58Z</time></trkpt><trkpt lat="22.42303956" lon="114.15958886"><ele>195.53131103515625</ele><time>2019-01-12T05:58:00Z</time></trkpt><trkpt lat="22.42305896" lon="114.15959427"><ele>195.37548828125</ele><time>2019-01-12T05:58:02Z</time></trkpt><trkpt lat="22.42308053" lon="114.15959903"><ele>195.1690673828125</ele><time>2019-01-12T05:58:04Z</time></trkpt><trkpt lat="22.4231038" lon="114.15960002"><ele>195.32427978515625</ele><time>2019-01-12T05:58:07Z</time></trkpt><trkpt lat="22.42312541" lon="114.15959832"><ele>195.15814208984375</ele><time>2019-01-12T05:58:10Z</time></trkpt><trkpt lat="22.42314687" lon="114.15960192"><ele>196.309326171875</ele><time>2019-01-12T05:58:13Z</time></trkpt><trkpt lat="22.42316436" lon="114.15961075"><ele>198.31134033203125</ele><time>2019-01-12T05:58:15Z</time></trkpt><trkpt lat="22.42318278" lon="114.15961832"><ele>197.569580078125</ele><time>2019-01-12T05:58:17Z</time></trkpt><trkpt lat="22.42320734" lon="114.15963496"><ele>197.2781982421875</ele><time>2019-01-12T05:58:19Z</time></trkpt><trkpt lat="22.42323117" lon="114.15965316"><ele>197.4864501953125</ele><time>2019-01-12T05:58:21Z</time></trkpt><trkpt lat="22.42325179" lon="114.15965905"><ele>197.39031982421875</ele><time>2019-01-12T05:58:23Z</time></trkpt><trkpt lat="22.42327611" lon="114.15967385"><ele>198.0516357421875</ele><time>2019-01-12T05:58:27Z</time></trkpt><trkpt lat="22.42329371" lon="114.15968586"><ele>198.5567626953125</ele><time>2019-01-12T05:58:29Z</time></trkpt><trkpt lat="22.42331064" lon="114.15969744"><ele>199.372314453125</ele><time>2019-01-12T05:58:31Z</time></trkpt><trkpt lat="22.42333087" lon="114.15970197"><ele>198.39642333984375</ele><time>2019-01-12T05:58:33Z</time></trkpt><trkpt lat="22.42335061" lon="114.15970292"><ele>198.5234375</ele><time>2019-01-12T05:58:35Z</time></trkpt><trkpt lat="22.42337435" lon="114.15970732"><ele>198.865966796875</ele><time>2019-01-12T05:58:38Z</time></trkpt><trkpt lat="22.42339847" lon="114.1597179"><ele>199.5235595703125</ele><time>2019-01-12T05:58:41Z</time></trkpt><trkpt lat="22.42342196" lon="114.15972681"><ele>199.3160400390625</ele><time>2019-01-12T05:58:44Z</time></trkpt><trkpt lat="22.42344395" lon="114.15973043"><ele>199.786376953125</ele><time>2019-01-12T05:58:46Z</time></trkpt><trkpt lat="22.4234678" lon="114.15973835"><ele>199.0693359375</ele><time>2019-01-12T05:58:54Z</time></trkpt><trkpt lat="22.42348483" lon="114.15974673"><ele>198.57574462890625</ele><time>2019-01-12T05:58:56Z</time></trkpt><trkpt lat="22.42350459" lon="114.15975514"><ele>198.60101318359375</ele><time>2019-01-12T05:58:58Z</time></trkpt><trkpt lat="22.42353575" lon="114.15976315"><ele>198.7364501953125</ele><time>2019-01-12T05:59:00Z</time></trkpt><trkpt lat="22.42356503" lon="114.15977481"><ele>199.05718994140625</ele><time>2019-01-12T05:59:02Z</time></trkpt><trkpt lat="22.42358983" lon="114.1597857"><ele>199.1541748046875</ele><time>2019-01-12T05:59:04Z</time></trkpt><trkpt lat="22.42361088" lon="114.15979487"><ele>199.35137939453125</ele><time>2019-01-12T05:59:06Z</time></trkpt><trkpt lat="22.423629" lon="114.15979172"><ele>198.2794189453125</ele><time>2019-01-12T05:59:10Z</time></trkpt><trkpt lat="22.42365199" lon="114.15979911"><ele>198.3760986328125</ele><time>2019-01-12T05:59:13Z</time></trkpt><trkpt lat="22.42367135" lon="114.15980895"><ele>197.67022705078125</ele><time>2019-01-12T05:59:16Z</time></trkpt><trkpt lat="22.4236956" lon="114.15982103"><ele>197.7772216796875</ele><time>2019-01-12T05:59:19Z</time></trkpt><trkpt lat="22.42371362" lon="114.15982804"><ele>197.1849365234375</ele><time>2019-01-12T05:59:22Z</time></trkpt><trkpt lat="22.4237364" lon="114.1598356"><ele>196.36798095703125</ele><time>2019-01-12T05:59:25Z</time></trkpt><trkpt lat="22.4237609" lon="114.15984648"><ele>196.60748291015625</ele><time>2019-01-12T05:59:28Z</time></trkpt><trkpt lat="22.42378347" lon="114.15986015"><ele>196.5810546875</ele><time>2019-01-12T05:59:31Z</time></trkpt><trkpt lat="22.42380202" lon="114.15987645"><ele>195.7667236328125</ele><time>2019-01-12T05:59:34Z</time></trkpt><trkpt lat="22.42382034" lon="114.15988671"><ele>195.95611572265625</ele><time>2019-01-12T05:59:37Z</time></trkpt><trkpt lat="22.42384403" lon="114.15989555"><ele>194.55340576171875</ele><time>2019-01-12T05:59:40Z</time></trkpt><trkpt lat="22.42386789" lon="114.15990029"><ele>194.6307373046875</ele><time>2019-01-12T05:59:43Z</time></trkpt><trkpt lat="22.42388735" lon="114.15990308"><ele>194.6707763671875</ele><time>2019-01-12T05:59:45Z</time></trkpt><trkpt lat="22.42390759" lon="114.15990598"><ele>194.681884765625</ele><time>2019-01-12T05:59:48Z</time></trkpt><trkpt lat="22.42392593" lon="114.15991858"><ele>193.9146728515625</ele><time>2019-01-12T05:59:52Z</time></trkpt><trkpt lat="22.42394139" lon="114.15993417"><ele>193.77398681640625</ele><time>2019-01-12T05:59:55Z</time></trkpt><trkpt lat="22.4239606" lon="114.15994334"><ele>193.2054443359375</ele><time>2019-01-12T05:59:58Z</time></trkpt><trkpt lat="22.42397909" lon="114.15994338"><ele>192.79766845703125</ele><time>2019-01-12T06:00:02Z</time></trkpt><trkpt lat="22.42399867" lon="114.15994823"><ele>191.772705078125</ele><time>2019-01-12T06:00:05Z</time></trkpt><trkpt lat="22.42400973" lon="114.15997148"><ele>191.8525390625</ele><time>2019-01-12T06:00:09Z</time></trkpt><trkpt lat="22.42402032" lon="114.15999163"><ele>191.825439453125</ele><time>2019-01-12T06:00:12Z</time></trkpt><trkpt lat="22.42403962" lon="114.15999941"><ele>190.73046875</ele><time>2019-01-12T06:00:15Z</time></trkpt><trkpt lat="22.4240648" lon="114.16000571"><ele>191.000244140625</ele><time>2019-01-12T06:00:18Z</time></trkpt><trkpt lat="22.42408644" lon="114.16000429"><ele>191.2691650390625</ele><time>2019-01-12T06:00:21Z</time></trkpt><trkpt lat="22.42410548" lon="114.16001577"><ele>190.4503173828125</ele><time>2019-01-12T06:00:24Z</time></trkpt><trkpt lat="22.42411953" lon="114.16003809"><ele>190.361083984375</ele><time>2019-01-12T06:00:27Z</time></trkpt><trkpt lat="22.42413855" lon="114.16004928"><ele>189.11962890625</ele><time>2019-01-12T06:00:31Z</time></trkpt><trkpt lat="22.42416129" lon="114.16006164"><ele>189.4560546875</ele><time>2019-01-12T06:00:34Z</time></trkpt><trkpt lat="22.42417252" lon="114.16007865"><ele>188.4918212890625</ele><time>2019-01-12T06:00:36Z</time></trkpt><trkpt lat="22.42418431" lon="114.16010167"><ele>187.57061767578125</ele><time>2019-01-12T06:00:39Z</time></trkpt><trkpt lat="22.42420705" lon="114.16011233"><ele>187.4241943359375</ele><time>2019-01-12T06:00:43Z</time></trkpt><trkpt lat="22.42422824" lon="114.16010695"><ele>186.6435546875</ele><time>2019-01-12T06:00:46Z</time></trkpt><trkpt lat="22.42425021" lon="114.16011328"><ele>186.929931640625</ele><time>2019-01-12T06:00:49Z</time></trkpt><trkpt lat="22.42427115" lon="114.16012544"><ele>186.6484375</ele><time>2019-01-12T06:00:52Z</time></trkpt><trkpt lat="22.42428675" lon="114.16013854"><ele>185.08538818359375</ele><time>2019-01-12T06:00:56Z</time></trkpt><trkpt lat="22.42430436" lon="114.16014882"><ele>185.0093994140625</ele><time>2019-01-12T06:01:02Z</time></trkpt><trkpt lat="22.42432406" lon="114.1601649"><ele>184.201904296875</ele><time>2019-01-12T06:01:06Z</time></trkpt><trkpt lat="22.42434371" lon="114.16017857"><ele>183.6148681640625</ele><time>2019-01-12T06:01:09Z</time></trkpt><trkpt lat="22.42436005" lon="114.16019287"><ele>183.00469970703125</ele><time>2019-01-12T06:01:13Z</time></trkpt><trkpt lat="22.4243762" lon="114.16020683"><ele>180.9683837890625</ele><time>2019-01-12T06:01:17Z</time></trkpt><trkpt lat="22.42438771" lon="114.16022463"><ele>180.3560791015625</ele><time>2019-01-12T06:01:21Z</time></trkpt><trkpt lat="22.42440828" lon="114.16023548"><ele>180.93701171875</ele><time>2019-01-12T06:01:24Z</time></trkpt><trkpt lat="22.42443083" lon="114.16024804"><ele>180.7913818359375</ele><time>2019-01-12T06:01:27Z</time></trkpt><trkpt lat="22.42444532" lon="114.16026523"><ele>178.985107421875</ele><time>2019-01-12T06:01:31Z</time></trkpt><trkpt lat="22.42445597" lon="114.16028254"><ele>178.65130615234375</ele><time>2019-01-12T06:01:34Z</time></trkpt><trkpt lat="22.42447582" lon="114.16029307"><ele>177.879150390625</ele><time>2019-01-12T06:01:37Z</time></trkpt><trkpt lat="22.42449436" lon="114.16029815"><ele>177.284423828125</ele><time>2019-01-12T06:01:40Z</time></trkpt><trkpt lat="22.42451597" lon="114.16030109"><ele>176.79913330078125</ele><time>2019-01-12T06:01:43Z</time></trkpt><trkpt lat="22.42454183" lon="114.16030229"><ele>176.91143798828125</ele><time>2019-01-12T06:01:46Z</time></trkpt><trkpt lat="22.42455984" lon="114.16031257"><ele>176.488037109375</ele><time>2019-01-12T06:01:49Z</time></trkpt><trkpt lat="22.42456945" lon="114.16032942"><ele>176.4486083984375</ele><time>2019-01-12T06:01:52Z</time></trkpt><trkpt lat="22.42458801" lon="114.16034341"><ele>175.24627685546875</ele><time>2019-01-12T06:01:56Z</time></trkpt><trkpt lat="22.4245992" lon="114.16036041"><ele>174.29290771484375</ele><time>2019-01-12T06:01:59Z</time></trkpt><trkpt lat="22.42461724" lon="114.160371"><ele>173.2711181640625</ele><time>2019-01-12T06:02:03Z</time></trkpt><trkpt lat="22.42463567" lon="114.16037522"><ele>172.67218017578125</ele><time>2019-01-12T06:02:06Z</time></trkpt><trkpt lat="22.42465803" lon="114.16038298"><ele>172.99896240234375</ele><time>2019-01-12T06:02:09Z</time></trkpt><trkpt lat="22.42468041" lon="114.16039142"><ele>171.58868408203125</ele><time>2019-01-12T06:02:13Z</time></trkpt><trkpt lat="22.42469778" lon="114.16039799"><ele>170.98663330078125</ele><time>2019-01-12T06:02:17Z</time></trkpt><trkpt lat="22.42471519" lon="114.16040769"><ele>171.78216552734375</ele><time>2019-01-12T06:02:23Z</time></trkpt><trkpt lat="22.4247359" lon="114.1604168"><ele>173.05267333984375</ele><time>2019-01-12T06:02:25Z</time></trkpt><trkpt lat="22.42475319" lon="114.16042502"><ele>172.56011962890625</ele><time>2019-01-12T06:02:27Z</time></trkpt><trkpt lat="22.42477182" lon="114.16043825"><ele>170.7689208984375</ele><time>2019-01-12T06:02:30Z</time></trkpt><trkpt lat="22.42478652" lon="114.16045148"><ele>170.705078125</ele><time>2019-01-12T06:02:33Z</time></trkpt><trkpt lat="22.42480409" lon="114.160462"><ele>170.37518310546875</ele><time>2019-01-12T06:02:39Z</time></trkpt><trkpt lat="22.42482224" lon="114.16047954"><ele>169.9527587890625</ele><time>2019-01-12T06:02:42Z</time></trkpt><trkpt lat="22.42483938" lon="114.16049954"><ele>169.6588134765625</ele><time>2019-01-12T06:02:45Z</time></trkpt><trkpt lat="22.42485318" lon="114.16051411"><ele>170.130126953125</ele><time>2019-01-12T06:02:47Z</time></trkpt><trkpt lat="22.424868" lon="114.16052637"><ele>170.579833984375</ele><time>2019-01-12T06:02:49Z</time></trkpt><trkpt lat="22.4248938" lon="114.16053536"><ele>169.0489501953125</ele><time>2019-01-12T06:02:53Z</time></trkpt><trkpt lat="22.4249136" lon="114.16053494"><ele>167.4625244140625</ele><time>2019-01-12T06:02:55Z</time></trkpt><trkpt lat="22.42493322" lon="114.16053459"><ele>165.95245361328125</ele><time>2019-01-12T06:02:58Z</time></trkpt><trkpt lat="22.42495335" lon="114.1605397"><ele>165.376708984375</ele><time>2019-01-12T06:03:01Z</time></trkpt><trkpt lat="22.42497462" lon="114.16055032"><ele>165.42681884765625</ele><time>2019-01-12T06:03:04Z</time></trkpt><trkpt lat="22.42499741" lon="114.1605575"><ele>165.3214111328125</ele><time>2019-01-12T06:03:07Z</time></trkpt><trkpt lat="22.42502019" lon="114.16056819"><ele>164.527099609375</ele><time>2019-01-12T06:03:10Z</time></trkpt><trkpt lat="22.42503721" lon="114.16057739"><ele>164.360107421875</ele><time>2019-01-12T06:03:12Z</time></trkpt><trkpt lat="22.42505858" lon="114.16058574"><ele>165.53826904296875</ele><time>2019-01-12T06:03:14Z</time></trkpt><trkpt lat="22.42508841" lon="114.16059147"><ele>167.2237548828125</ele><time>2019-01-12T06:03:16Z</time></trkpt><trkpt lat="22.42511009" lon="114.16059124"><ele>166.63226318359375</ele><time>2019-01-12T06:03:18Z</time></trkpt><trkpt lat="22.42513396" lon="114.16058505"><ele>166.4759521484375</ele><time>2019-01-12T06:03:21Z</time></trkpt><trkpt lat="22.42515353" lon="114.16057851"><ele>166.0587158203125</ele><time>2019-01-12T06:03:23Z</time></trkpt><trkpt lat="22.42517999" lon="114.16057046"><ele>165.19244384765625</ele><time>2019-01-12T06:03:26Z</time></trkpt><trkpt lat="22.42520445" lon="114.16056707"><ele>165.39605712890625</ele><time>2019-01-12T06:03:29Z</time></trkpt><trkpt lat="22.42522364" lon="114.16056836"><ele>164.9984130859375</ele><time>2019-01-12T06:03:32Z</time></trkpt><trkpt lat="22.42523752" lon="114.16058476"><ele>163.23260498046875</ele><time>2019-01-12T06:03:40Z</time></trkpt><trkpt lat="22.42525695" lon="114.16058669"><ele>161.872802734375</ele><time>2019-01-12T06:03:45Z</time></trkpt><trkpt lat="22.42527841" lon="114.16059656"><ele>161.15142822265625</ele><time>2019-01-12T06:03:49Z</time></trkpt><trkpt lat="22.42529795" lon="114.16060321"><ele>161.1348876953125</ele><time>2019-01-12T06:03:52Z</time></trkpt><trkpt lat="22.42531538" lon="114.16061075"><ele>159.243408203125</ele><time>2019-01-12T06:03:55Z</time></trkpt><trkpt lat="22.42533876" lon="114.1606188"><ele>158.70196533203125</ele><time>2019-01-12T06:03:59Z</time></trkpt><trkpt lat="22.42536101" lon="114.16062372"><ele>159.29693603515625</ele><time>2019-01-12T06:04:02Z</time></trkpt><trkpt lat="22.42538367" lon="114.16062729"><ele>159.2362060546875</ele><time>2019-01-12T06:04:05Z</time></trkpt><trkpt lat="22.42540631" lon="114.16063104"><ele>158.03021240234375</ele><time>2019-01-12T06:04:08Z</time></trkpt><trkpt lat="22.42542897" lon="114.16063457"><ele>157.13128662109375</ele><time>2019-01-12T06:04:11Z</time></trkpt><trkpt lat="22.42545151" lon="114.1606364"><ele>155.8702392578125</ele><time>2019-01-12T06:04:15Z</time></trkpt><trkpt lat="22.42547295" lon="114.16063699"><ele>154.7352294921875</ele><time>2019-01-12T06:04:19Z</time></trkpt><trkpt lat="22.42549199" lon="114.1606392"><ele>153.5819091796875</ele><time>2019-01-12T06:04:23Z</time></trkpt><trkpt lat="22.42551301" lon="114.16064208"><ele>151.890869140625</ele><time>2019-01-12T06:04:27Z</time></trkpt><trkpt lat="22.42553612" lon="114.16064626"><ele>151.5362548828125</ele><time>2019-01-12T06:04:31Z</time></trkpt><trkpt lat="22.42555836" lon="114.16065075"><ele>150.6376953125</ele><time>2019-01-12T06:04:35Z</time></trkpt><trkpt lat="22.42558037" lon="114.16065864"><ele>150.29119873046875</ele><time>2019-01-12T06:04:38Z</time></trkpt><trkpt lat="22.42559753" lon="114.16066475"><ele>148.84002685546875</ele><time>2019-01-12T06:04:41Z</time></trkpt><trkpt lat="22.42561744" lon="114.16066985"><ele>148.1240234375</ele><time>2019-01-12T06:04:44Z</time></trkpt><trkpt lat="22.4256368" lon="114.16067466"><ele>147.3084716796875</ele><time>2019-01-12T06:04:47Z</time></trkpt><trkpt lat="22.42565541" lon="114.16067786"><ele>146.56280517578125</ele><time>2019-01-12T06:04:50Z</time></trkpt><trkpt lat="22.42567366" lon="114.16067745"><ele>146.80224609375</ele><time>2019-01-12T06:04:53Z</time></trkpt><trkpt lat="22.42569414" lon="114.16067572"><ele>145.8482666015625</ele><time>2019-01-12T06:04:57Z</time></trkpt><trkpt lat="22.42571394" lon="114.16067429"><ele>145.2816162109375</ele><time>2019-01-12T06:05:01Z</time></trkpt><trkpt lat="22.42573588" lon="114.16067461"><ele>144.559326171875</ele><time>2019-01-12T06:05:05Z</time></trkpt><trkpt lat="22.42575706" lon="114.16067401"><ele>144.3345947265625</ele><time>2019-01-12T06:05:09Z</time></trkpt><trkpt lat="22.42577857" lon="114.16067632"><ele>143.5096435546875</ele><time>2019-01-12T06:05:13Z</time></trkpt><trkpt lat="22.42580199" lon="114.16067906"><ele>142.6253662109375</ele><time>2019-01-12T06:05:17Z</time></trkpt><trkpt lat="22.42582368" lon="114.16067985"><ele>142.13232421875</ele><time>2019-01-12T06:05:21Z</time></trkpt><trkpt lat="22.4258421" lon="114.16067345"><ele>140.9498291015625</ele><time>2019-01-12T06:05:26Z</time></trkpt><trkpt lat="22.42586126" lon="114.16067295"><ele>137.65350341796875</ele><time>2019-01-12T06:05:34Z</time></trkpt><trkpt lat="22.4258791" lon="114.16067611"><ele>137.27386474609375</ele><time>2019-01-12T06:05:38Z</time></trkpt><trkpt lat="22.42589975" lon="114.16068205"><ele>135.36334228515625</ele><time>2019-01-12T06:05:45Z</time></trkpt><trkpt lat="22.42592153" lon="114.16068759"><ele>135.19189453125</ele><time>2019-01-12T06:05:49Z</time></trkpt><trkpt lat="22.42594529" lon="114.16069367"><ele>135.30340576171875</ele><time>2019-01-12T06:05:53Z</time></trkpt><trkpt lat="22.42596683" lon="114.1607018"><ele>135.234130859375</ele><time>2019-01-12T06:05:57Z</time></trkpt><trkpt lat="22.4259819" lon="114.16071491"><ele>134.0384521484375</ele><time>2019-01-12T06:06:01Z</time></trkpt><trkpt lat="22.42600238" lon="114.16071801"><ele>133.15509033203125</ele><time>2019-01-12T06:06:05Z</time></trkpt><trkpt lat="22.42602081" lon="114.16072158"><ele>131.58306884765625</ele><time>2019-01-12T06:06:22Z</time></trkpt><trkpt lat="22.4260384" lon="114.1607372"><ele>131.5794677734375</ele><time>2019-01-12T06:06:25Z</time></trkpt><trkpt lat="22.42605314" lon="114.16075246"><ele>131.14410400390625</ele><time>2019-01-12T06:06:27Z</time></trkpt><trkpt lat="22.42607082" lon="114.16076186"><ele>129.0565185546875</ele><time>2019-01-12T06:06:29Z</time></trkpt><trkpt lat="22.42608673" lon="114.16077346"><ele>129.63824462890625</ele><time>2019-01-12T06:06:31Z</time></trkpt><trkpt lat="22.42610344" lon="114.16079335"><ele>131.06201171875</ele><time>2019-01-12T06:06:34Z</time></trkpt><trkpt lat="22.42612276" lon="114.16081077"><ele>130.5452880859375</ele><time>2019-01-12T06:06:36Z</time></trkpt><trkpt lat="22.42614212" lon="114.16082528"><ele>130.155029296875</ele><time>2019-01-12T06:06:38Z</time></trkpt><trkpt lat="22.42615299" lon="114.16084328"><ele>127.40203857421875</ele><time>2019-01-12T06:06:42Z</time></trkpt><trkpt lat="22.42617158" lon="114.16086366"><ele>127.61614990234375</ele><time>2019-01-12T06:06:45Z</time></trkpt><trkpt lat="22.42618956" lon="114.16087777"><ele>127.6470947265625</ele><time>2019-01-12T06:06:47Z</time></trkpt><trkpt lat="22.42620728" lon="114.16088572"><ele>126.65032958984375</ele><time>2019-01-12T06:06:49Z</time></trkpt><trkpt lat="22.42622627" lon="114.16089919"><ele>128.20965576171875</ele><time>2019-01-12T06:06:51Z</time></trkpt><trkpt lat="22.42625209" lon="114.1609121"><ele>127.0472412109375</ele><time>2019-01-12T06:06:53Z</time></trkpt><trkpt lat="22.42627149" lon="114.16091971"><ele>126.54266357421875</ele><time>2019-01-12T06:06:55Z</time></trkpt><trkpt lat="22.42628782" lon="114.16094873"><ele>126.010498046875</ele><time>2019-01-12T06:07:02Z</time></trkpt><trkpt lat="22.42629808" lon="114.16096942"><ele>123.97393798828125</ele><time>2019-01-12T06:07:08Z</time></trkpt><trkpt lat="22.42631894" lon="114.16098729"><ele>123.13763427734375</ele><time>2019-01-12T06:07:12Z</time></trkpt><trkpt lat="22.42632834" lon="114.16100657"><ele>122.85382080078125</ele><time>2019-01-12T06:07:14Z</time></trkpt><trkpt lat="22.42634216" lon="114.16102096"><ele>121.88812255859375</ele><time>2019-01-12T06:07:16Z</time></trkpt><trkpt lat="22.42636198" lon="114.16103087"><ele>122.610107421875</ele><time>2019-01-12T06:07:22Z</time></trkpt><trkpt lat="22.42639239" lon="114.16103805"><ele>122.97039794921875</ele><time>2019-01-12T06:07:24Z</time></trkpt><trkpt lat="22.42641406" lon="114.16104438"><ele>123.0325927734375</ele><time>2019-01-12T06:07:26Z</time></trkpt><trkpt lat="22.42644335" lon="114.16104802"><ele>122.369873046875</ele><time>2019-01-12T06:07:28Z</time></trkpt><trkpt lat="22.4264628" lon="114.16105056"><ele>122.6005859375</ele><time>2019-01-12T06:07:30Z</time></trkpt><trkpt lat="22.42648623" lon="114.16105288"><ele>123.41107177734375</ele><time>2019-01-12T06:07:32Z</time></trkpt><trkpt lat="22.42651703" lon="114.16105336"><ele>124.29278564453125</ele><time>2019-01-12T06:07:34Z</time></trkpt><trkpt lat="22.42654156" lon="114.16105664"><ele>123.51763916015625</ele><time>2019-01-12T06:07:36Z</time></trkpt><trkpt lat="22.42656798" lon="114.161057"><ele>123.3126220703125</ele><time>2019-01-12T06:07:38Z</time></trkpt><trkpt lat="22.42659281" lon="114.16105491"><ele>123.54736328125</ele><time>2019-01-12T06:07:40Z</time></trkpt><trkpt lat="22.42661497" lon="114.16105011"><ele>124.23004150390625</ele><time>2019-01-12T06:07:42Z</time></trkpt><trkpt lat="22.4266339" lon="114.16104737"><ele>124.208740234375</ele><time>2019-01-12T06:07:44Z</time></trkpt><trkpt lat="22.42665615" lon="114.16103975"><ele>124.01312255859375</ele><time>2019-01-12T06:07:46Z</time></trkpt><trkpt lat="22.42667829" lon="114.16102612"><ele>123.408935546875</ele><time>2019-01-12T06:07:48Z</time></trkpt><trkpt lat="22.42669649" lon="114.16101204"><ele>122.51995849609375</ele><time>2019-01-12T06:07:50Z</time></trkpt><trkpt lat="22.42671598" lon="114.16100446"><ele>121.96295166015625</ele><time>2019-01-12T06:07:52Z</time></trkpt><trkpt lat="22.42673669" lon="114.16100583"><ele>122.54559326171875</ele><time>2019-01-12T06:07:54Z</time></trkpt><trkpt lat="22.42675567" lon="114.16101323"><ele>122.392822265625</ele><time>2019-01-12T06:07:56Z</time></trkpt><trkpt lat="22.42677429" lon="114.16103041"><ele>123.3489990234375</ele><time>2019-01-12T06:07:58Z</time></trkpt><trkpt lat="22.42678903" lon="114.16104949"><ele>124.889404296875</ele><time>2019-01-12T06:08:00Z</time></trkpt><trkpt lat="22.4268011" lon="114.16107048"><ele>124.64385986328125</ele><time>2019-01-12T06:08:02Z</time></trkpt><trkpt lat="22.42681449" lon="114.1611021"><ele>124.6025390625</ele><time>2019-01-12T06:08:04Z</time></trkpt><trkpt lat="22.42682232" lon="114.16113012"><ele>125.1038818359375</ele><time>2019-01-12T06:08:06Z</time></trkpt><trkpt lat="22.42683221" lon="114.16115167"><ele>126.8697509765625</ele><time>2019-01-12T06:08:09Z</time></trkpt><trkpt lat="22.42684355" lon="114.16117205"><ele>127.21826171875</ele><time>2019-01-12T06:08:12Z</time></trkpt><trkpt lat="22.4268492" lon="114.16119534"><ele>129.6512451171875</ele><time>2019-01-12T06:08:14Z</time></trkpt><trkpt lat="22.42684701" lon="114.16122013"><ele>128.8551025390625</ele><time>2019-01-12T06:08:16Z</time></trkpt><trkpt lat="22.4268489" lon="114.16124049"><ele>128.22479248046875</ele><time>2019-01-12T06:08:18Z</time></trkpt><trkpt lat="22.42685192" lon="114.16126469"><ele>130.829833984375</ele><time>2019-01-12T06:08:20Z</time></trkpt><trkpt lat="22.42684281" lon="114.16128724"><ele>130.4671630859375</ele><time>2019-01-12T06:08:24Z</time></trkpt><trkpt lat="22.42684083" lon="114.161309"><ele>129.28466796875</ele><time>2019-01-12T06:08:26Z</time></trkpt><trkpt lat="22.42683983" lon="114.16132998"><ele>128.8070068359375</ele><time>2019-01-12T06:08:28Z</time></trkpt><trkpt lat="22.42683382" lon="114.16136499"><ele>127.5909423828125</ele><time>2019-01-12T06:08:30Z</time></trkpt><trkpt lat="22.42682951" lon="114.16138858"><ele>123.8619384765625</ele><time>2019-01-12T06:08:33Z</time></trkpt><trkpt lat="22.42682895" lon="114.1614126"><ele>122.549560546875</ele><time>2019-01-12T06:08:35Z</time></trkpt><trkpt lat="22.42683053" lon="114.16143696"><ele>121.7921142578125</ele><time>2019-01-12T06:08:37Z</time></trkpt><trkpt lat="22.42682858" lon="114.16146622"><ele>120.6182861328125</ele><time>2019-01-12T06:08:39Z</time></trkpt><trkpt lat="22.42682695" lon="114.1614996"><ele>120.00311279296875</ele><time>2019-01-12T06:08:41Z</time></trkpt><trkpt lat="22.42682611" lon="114.161528"><ele>120.298828125</ele><time>2019-01-12T06:08:43Z</time></trkpt><trkpt lat="22.42682914" lon="114.16155085"><ele>119.17413330078125</ele><time>2019-01-12T06:08:48Z</time></trkpt><trkpt lat="22.42682668" lon="114.16157224"><ele>119.24176025390625</ele><time>2019-01-12T06:08:51Z</time></trkpt><trkpt lat="22.42683131" lon="114.16159552"><ele>118.1385498046875</ele><time>2019-01-12T06:08:54Z</time></trkpt><trkpt lat="22.42683356" lon="114.1616211"><ele>119.8819580078125</ele><time>2019-01-12T06:08:56Z</time></trkpt><trkpt lat="22.42683459" lon="114.16164437"><ele>117.6580810546875</ele><time>2019-01-12T06:08:58Z</time></trkpt><trkpt lat="22.42683694" lon="114.16166939"><ele>116.15264892578125</ele><time>2019-01-12T06:09:01Z</time></trkpt><trkpt lat="22.42683902" lon="114.16169169"><ele>116.2103271484375</ele><time>2019-01-12T06:09:03Z</time></trkpt><trkpt lat="22.42684167" lon="114.16171436"><ele>117.0416259765625</ele><time>2019-01-12T06:09:05Z</time></trkpt><trkpt lat="22.42684595" lon="114.16173879"><ele>116.5029296875</ele><time>2019-01-12T06:09:07Z</time></trkpt><trkpt lat="22.42685111" lon="114.16176263"><ele>115.7281494140625</ele><time>2019-01-12T06:09:09Z</time></trkpt><trkpt lat="22.42685784" lon="114.16178114"><ele>115.67962646484375</ele><time>2019-01-12T06:09:11Z</time></trkpt><trkpt lat="22.42687194" lon="114.16180536"><ele>115.482421875</ele><time>2019-01-12T06:09:14Z</time></trkpt><trkpt lat="22.42688072" lon="114.16182957"><ele>116.45745849609375</ele><time>2019-01-12T06:09:16Z</time></trkpt><trkpt lat="22.42690886" lon="114.16182679"><ele>112.68701171875</ele><time>2019-01-12T06:09:23Z</time></trkpt><trkpt lat="22.42693048" lon="114.16182185"><ele>111.6434326171875</ele><time>2019-01-12T06:09:25Z</time></trkpt><trkpt lat="22.42695518" lon="114.16182352"><ele>111.99676513671875</ele><time>2019-01-12T06:09:27Z</time></trkpt><trkpt lat="22.42697754" lon="114.16182925"><ele>112.05645751953125</ele><time>2019-01-12T06:09:29Z</time></trkpt><trkpt lat="22.4270016" lon="114.16184006"><ele>111.459228515625</ele><time>2019-01-12T06:09:33Z</time></trkpt><trkpt lat="22.42702556" lon="114.16184175"><ele>111.55712890625</ele><time>2019-01-12T06:09:35Z</time></trkpt><trkpt lat="22.4270391" lon="114.16182784"><ele>109.03021240234375</ele><time>2019-01-12T06:09:37Z</time></trkpt><trkpt lat="22.42706058" lon="114.16181578"><ele>108.408203125</ele><time>2019-01-12T06:09:39Z</time></trkpt><trkpt lat="22.42708243" lon="114.16181428"><ele>108.3013916015625</ele><time>2019-01-12T06:09:41Z</time></trkpt><trkpt lat="22.42710494" lon="114.16181872"><ele>108.3924560546875</ele><time>2019-01-12T06:09:44Z</time></trkpt><trkpt lat="22.42712826" lon="114.16182504"><ele>108.1060791015625</ele><time>2019-01-12T06:09:47Z</time></trkpt><trkpt lat="22.42715689" lon="114.16183846"><ele>109.34674072265625</ele><time>2019-01-12T06:09:49Z</time></trkpt><trkpt lat="22.42717929" lon="114.16185027"><ele>108.2852783203125</ele><time>2019-01-12T06:09:51Z</time></trkpt><trkpt lat="22.42719825" lon="114.16185271"><ele>108.1551513671875</ele><time>2019-01-12T06:09:54Z</time></trkpt><trkpt lat="22.42722484" lon="114.16186039"><ele>108.5499267578125</ele><time>2019-01-12T06:10:00Z</time></trkpt><trkpt lat="22.42724349" lon="114.16186866"><ele>108.4378662109375</ele><time>2019-01-12T06:10:02Z</time></trkpt><trkpt lat="22.4272639" lon="114.16187643"><ele>107.76715087890625</ele><time>2019-01-12T06:10:05Z</time></trkpt><trkpt lat="22.42728815" lon="114.16187316"><ele>105.4149169921875</ele><time>2019-01-12T06:10:12Z</time></trkpt><trkpt lat="22.42730614" lon="114.16186604"><ele>105.13873291015625</ele><time>2019-01-12T06:10:14Z</time></trkpt><trkpt lat="22.42732576" lon="114.1618782"><ele>104.016357421875</ele><time>2019-01-12T06:10:19Z</time></trkpt><trkpt lat="22.42734309" lon="114.16188793"><ele>105.98541259765625</ele><time>2019-01-12T06:10:20Z</time></trkpt><trkpt lat="22.42736008" lon="114.16189784"><ele>105.40484619140625</ele><time>2019-01-12T06:10:21Z</time></trkpt><trkpt lat="22.42738419" lon="114.16191038"><ele>105.472412109375</ele><time>2019-01-12T06:10:23Z</time></trkpt><trkpt lat="22.42740789" lon="114.16192203"><ele>105.2337646484375</ele><time>2019-01-12T06:10:25Z</time></trkpt><trkpt lat="22.42743635" lon="114.16192379"><ele>104.41143798828125</ele><time>2019-01-12T06:10:27Z</time></trkpt><trkpt lat="22.42745187" lon="114.16194236"><ele>105.6043701171875</ele><time>2019-01-12T06:10:29Z</time></trkpt><trkpt lat="22.42746392" lon="114.16196805"><ele>105.97039794921875</ele><time>2019-01-12T06:10:31Z</time></trkpt><trkpt lat="22.42747692" lon="114.16199287"><ele>105.6678466796875</ele><time>2019-01-12T06:10:33Z</time></trkpt><trkpt lat="22.42748074" lon="114.16201355"><ele>104.92059326171875</ele><time>2019-01-12T06:10:36Z</time></trkpt><trkpt lat="22.42749411" lon="114.1620367"><ele>103.55242919921875</ele><time>2019-01-12T06:10:39Z</time></trkpt><trkpt lat="22.42750867" lon="114.16205174"><ele>103.09735107421875</ele><time>2019-01-12T06:10:45Z</time></trkpt><trkpt lat="22.427534" lon="114.16206139"><ele>101.97735595703125</ele><time>2019-01-12T06:10:49Z</time></trkpt><trkpt lat="22.42755006" lon="114.16207207"><ele>101.8446044921875</ele><time>2019-01-12T06:10:52Z</time></trkpt><trkpt lat="22.42756577" lon="114.16209101"><ele>101.0423583984375</ele><time>2019-01-12T06:10:54Z</time></trkpt><trkpt lat="22.42758889" lon="114.16211028"><ele>102.1982421875</ele><time>2019-01-12T06:10:57Z</time></trkpt><trkpt lat="22.42760635" lon="114.16213158"><ele>103.0872802734375</ele><time>2019-01-12T06:10:59Z</time></trkpt><trkpt lat="22.42762294" lon="114.16214972"><ele>102.94146728515625</ele><time>2019-01-12T06:11:01Z</time></trkpt><trkpt lat="22.42763984" lon="114.16216853"><ele>103.9813232421875</ele><time>2019-01-12T06:11:04Z</time></trkpt><trkpt lat="22.42765541" lon="114.16218585"><ele>104.49871826171875</ele><time>2019-01-12T06:11:06Z</time></trkpt><trkpt lat="22.42767626" lon="114.16220606"><ele>103.88690185546875</ele><time>2019-01-12T06:11:09Z</time></trkpt><trkpt lat="22.42769706" lon="114.16222042"><ele>102.721923828125</ele><time>2019-01-12T06:11:11Z</time></trkpt><trkpt lat="22.42771437" lon="114.16223129"><ele>103.23284912109375</ele><time>2019-01-12T06:11:13Z</time></trkpt><trkpt lat="22.42774076" lon="114.16224812"><ele>103.58697509765625</ele><time>2019-01-12T06:11:16Z</time></trkpt><trkpt lat="22.42776777" lon="114.16225178"><ele>103.71905517578125</ele><time>2019-01-12T06:11:20Z</time></trkpt><trkpt lat="22.42778549" lon="114.16225902"><ele>103.427490234375</ele><time>2019-01-12T06:11:22Z</time></trkpt><trkpt lat="22.42781213" lon="114.16227378"><ele>104.1165771484375</ele><time>2019-01-12T06:11:24Z</time></trkpt><trkpt lat="22.4278325" lon="114.16228295"><ele>103.797119140625</ele><time>2019-01-12T06:11:26Z</time></trkpt><trkpt lat="22.42785585" lon="114.16228906"><ele>102.34222412109375</ele><time>2019-01-12T06:11:29Z</time></trkpt><trkpt lat="22.42787764" lon="114.16229643"><ele>101.84674072265625</ele><time>2019-01-12T06:11:31Z</time></trkpt><trkpt lat="22.42789574" lon="114.1623133"><ele>102.2216796875</ele><time>2019-01-12T06:11:33Z</time></trkpt><trkpt lat="22.42791677" lon="114.16232923"><ele>102.53009033203125</ele><time>2019-01-12T06:11:35Z</time></trkpt><trkpt lat="22.42793863" lon="114.16233429"><ele>100.90679931640625</ele><time>2019-01-12T06:11:38Z</time></trkpt><trkpt lat="22.42795813" lon="114.1623395"><ele>100.8321533203125</ele><time>2019-01-12T06:11:40Z</time></trkpt><trkpt lat="22.42797927" lon="114.16234274"><ele>100.7843017578125</ele><time>2019-01-12T06:11:42Z</time></trkpt><trkpt lat="22.42799934" lon="114.16234442"><ele>100.50848388671875</ele><time>2019-01-12T06:11:44Z</time></trkpt><trkpt lat="22.42802088" lon="114.16234907"><ele>100.09503173828125</ele><time>2019-01-12T06:11:46Z</time></trkpt><trkpt lat="22.42804465" lon="114.16235055"><ele>99.30059814453125</ele><time>2019-01-12T06:11:49Z</time></trkpt><trkpt lat="22.42806721" lon="114.1623536"><ele>99.00286865234375</ele><time>2019-01-12T06:11:52Z</time></trkpt><trkpt lat="22.42808657" lon="114.16235875"><ele>99.3690185546875</ele><time>2019-01-12T06:11:55Z</time></trkpt><trkpt lat="22.42811269" lon="114.16235478"><ele>99.129150390625</ele><time>2019-01-12T06:11:59Z</time></trkpt><trkpt lat="22.42813464" lon="114.16235549"><ele>98.9119873046875</ele><time>2019-01-12T06:12:02Z</time></trkpt><trkpt lat="22.42815616" lon="114.16235674"><ele>98.89453125</ele><time>2019-01-12T06:12:04Z</time></trkpt><trkpt lat="22.42818392" lon="114.16236049"><ele>98.72039794921875</ele><time>2019-01-12T06:12:07Z</time></trkpt><trkpt lat="22.42820357" lon="114.16236045"><ele>98.32611083984375</ele><time>2019-01-12T06:12:09Z</time></trkpt><trkpt lat="22.42822672" lon="114.16236157"><ele>98.22528076171875</ele><time>2019-01-12T06:12:12Z</time></trkpt><trkpt lat="22.42824562" lon="114.16236055"><ele>98.5958251953125</ele><time>2019-01-12T06:12:14Z</time></trkpt><trkpt lat="22.42827034" lon="114.16235677"><ele>98.66900634765625</ele><time>2019-01-12T06:12:17Z</time></trkpt><trkpt lat="22.42829674" lon="114.16235591"><ele>99.32623291015625</ele><time>2019-01-12T06:12:20Z</time></trkpt><trkpt lat="22.42832207" lon="114.16235289"><ele>99.51507568359375</ele><time>2019-01-12T06:12:23Z</time></trkpt><trkpt lat="22.42834291" lon="114.16234735"><ele>99.26885986328125</ele><time>2019-01-12T06:12:25Z</time></trkpt><trkpt lat="22.42836196" lon="114.16234181"><ele>99.42620849609375</ele><time>2019-01-12T06:12:27Z</time></trkpt><trkpt lat="22.42838722" lon="114.16233457"><ele>99.6600341796875</ele><time>2019-01-12T06:12:30Z</time></trkpt><trkpt lat="22.42840801" lon="114.16232875"><ele>100.2479248046875</ele><time>2019-01-12T06:12:32Z</time></trkpt><trkpt lat="22.42843123" lon="114.16232149"><ele>100.2076416015625</ele><time>2019-01-12T06:12:34Z</time></trkpt><trkpt lat="22.42845325" lon="114.16231004"><ele>100.2705078125</ele><time>2019-01-12T06:12:36Z</time></trkpt><trkpt lat="22.42847544" lon="114.16229505"><ele>100.77734375</ele><time>2019-01-12T06:12:38Z</time></trkpt><trkpt lat="22.42849308" lon="114.16228006"><ele>101.266845703125</ele><time>2019-01-12T06:12:40Z</time></trkpt><trkpt lat="22.42850928" lon="114.1622618"><ele>101.15875244140625</ele><time>2019-01-12T06:12:42Z</time></trkpt><trkpt lat="22.42852562" lon="114.16224097"><ele>101.903564453125</ele><time>2019-01-12T06:12:44Z</time></trkpt><trkpt lat="22.42853917" lon="114.16222301"><ele>101.99212646484375</ele><time>2019-01-12T06:12:46Z</time></trkpt><trkpt lat="22.4285549" lon="114.16220522"><ele>102.23040771484375</ele><time>2019-01-12T06:12:48Z</time></trkpt><trkpt lat="22.42857343" lon="114.1621864"><ele>103.5408935546875</ele><time>2019-01-12T06:12:50Z</time></trkpt><trkpt lat="22.42859136" lon="114.16216764"><ele>102.6820068359375</ele><time>2019-01-12T06:12:52Z</time></trkpt><trkpt lat="22.42860634" lon="114.16215179"><ele>102.62371826171875</ele><time>2019-01-12T06:12:54Z</time></trkpt><trkpt lat="22.42861794" lon="114.16213237"><ele>102.34222412109375</ele><time>2019-01-12T06:12:56Z</time></trkpt><trkpt lat="22.42863025" lon="114.16211723"><ele>103.2459716796875</ele><time>2019-01-12T06:12:58Z</time></trkpt><trkpt lat="22.42864569" lon="114.16210043"><ele>103.19256591796875</ele><time>2019-01-12T06:13:00Z</time></trkpt><trkpt lat="22.42865888" lon="114.16208434"><ele>103.12005615234375</ele><time>2019-01-12T06:13:02Z</time></trkpt><trkpt lat="22.42867192" lon="114.16206981"><ele>103.5301513671875</ele><time>2019-01-12T06:13:04Z</time></trkpt><trkpt lat="22.42869214" lon="114.16204775"><ele>104.54296875</ele><time>2019-01-12T06:13:07Z</time></trkpt><trkpt lat="22.42871149" lon="114.16203672"><ele>104.5552978515625</ele><time>2019-01-12T06:13:09Z</time></trkpt><trkpt lat="22.42873261" lon="114.16202756"><ele>104.82757568359375</ele><time>2019-01-12T06:13:11Z</time></trkpt><trkpt lat="22.42875131" lon="114.16201923"><ele>105.8223876953125</ele><time>2019-01-12T06:13:13Z</time></trkpt><trkpt lat="22.42877126" lon="114.1620075"><ele>104.86932373046875</ele><time>2019-01-12T06:13:15Z</time></trkpt><trkpt lat="22.42879472" lon="114.16199554"><ele>104.51519775390625</ele><time>2019-01-12T06:13:17Z</time></trkpt><trkpt lat="22.42881156" lon="114.16198759"><ele>104.28271484375</ele><time>2019-01-12T06:13:19Z</time></trkpt><trkpt lat="22.42883177" lon="114.16197377"><ele>103.74713134765625</ele><time>2019-01-12T06:13:21Z</time></trkpt><trkpt lat="22.42885117" lon="114.16196206"><ele>102.77850341796875</ele><time>2019-01-12T06:13:23Z</time></trkpt><trkpt lat="22.42887171" lon="114.16194837"><ele>102.1414794921875</ele><time>2019-01-12T06:13:25Z</time></trkpt><trkpt lat="22.42889068" lon="114.16193723"><ele>102.24664306640625</ele><time>2019-01-12T06:13:27Z</time></trkpt><trkpt lat="22.4289088" lon="114.16192944"><ele>102.6400146484375</ele><time>2019-01-12T06:13:29Z</time></trkpt><trkpt lat="22.42893034" lon="114.16191716"><ele>101.5018310546875</ele><time>2019-01-12T06:13:32Z</time></trkpt><trkpt lat="22.42895753" lon="114.16192226"><ele>100.2689208984375</ele><time>2019-01-12T06:13:35Z</time></trkpt><trkpt lat="22.42897205" lon="114.16193659"><ele>100.43499755859375</ele><time>2019-01-12T06:13:37Z</time></trkpt><trkpt lat="22.42898599" lon="114.16195509"><ele>101.25439453125</ele><time>2019-01-12T06:13:39Z</time></trkpt><trkpt lat="22.42899993" lon="114.16197469"><ele>100.7088623046875</ele><time>2019-01-12T06:13:41Z</time></trkpt><trkpt lat="22.42901597" lon="114.16199048"><ele>100.38922119140625</ele><time>2019-01-12T06:13:43Z</time></trkpt><trkpt lat="22.42903134" lon="114.16200239"><ele>100.88653564453125</ele><time>2019-01-12T06:13:45Z</time></trkpt><trkpt lat="22.42904941" lon="114.16201459"><ele>101.14324951171875</ele><time>2019-01-12T06:13:47Z</time></trkpt><trkpt lat="22.4290713" lon="114.16202536"><ele>100.69036865234375</ele><time>2019-01-12T06:13:49Z</time></trkpt><trkpt lat="22.42909416" lon="114.16203273"><ele>100.20355224609375</ele><time>2019-01-12T06:13:51Z</time></trkpt><trkpt lat="22.42912585" lon="114.16203426"><ele>99.37451171875</ele><time>2019-01-12T06:13:53Z</time></trkpt><trkpt lat="22.42914933" lon="114.16203054"><ele>98.47943115234375</ele><time>2019-01-12T06:13:55Z</time></trkpt><trkpt lat="22.42917919" lon="114.16202469"><ele>98.2198486328125</ele><time>2019-01-12T06:13:57Z</time></trkpt><trkpt lat="22.42920672" lon="114.16201322"><ele>98.58935546875</ele><time>2019-01-12T06:13:59Z</time></trkpt><trkpt lat="22.42923063" lon="114.16199854"><ele>98.90618896484375</ele><time>2019-01-12T06:14:01Z</time></trkpt><trkpt lat="22.42924849" lon="114.16198923"><ele>99.97540283203125</ele><time>2019-01-12T06:14:03Z</time></trkpt><trkpt lat="22.4292678" lon="114.161984"><ele>101.1011962890625</ele><time>2019-01-12T06:14:05Z</time></trkpt><trkpt lat="22.42928834" lon="114.16197005"><ele>101.11346435546875</ele><time>2019-01-12T06:14:07Z</time></trkpt><trkpt lat="22.429307" lon="114.16194965"><ele>100.8253173828125</ele><time>2019-01-12T06:14:09Z</time></trkpt><trkpt lat="22.42932521" lon="114.16193258"><ele>100.278564453125</ele><time>2019-01-12T06:14:11Z</time></trkpt><trkpt lat="22.42934129" lon="114.16191974"><ele>98.93896484375</ele><time>2019-01-12T06:14:14Z</time></trkpt><trkpt lat="22.42936081" lon="114.16190202"><ele>96.14935302734375</ele><time>2019-01-12T06:14:19Z</time></trkpt><trkpt lat="22.42938116" lon="114.16189188"><ele>96.04132080078125</ele><time>2019-01-12T06:14:21Z</time></trkpt><trkpt lat="22.42940104" lon="114.16188684"><ele>95.8834228515625</ele><time>2019-01-12T06:14:24Z</time></trkpt><trkpt lat="22.42941908" lon="114.16188728"><ele>96.632080078125</ele><time>2019-01-12T06:14:26Z</time></trkpt><trkpt lat="22.42942377" lon="114.16190715"><ele>97.8311767578125</ele><time>2019-01-12T06:14:30Z</time></trkpt><trkpt lat="22.42942741" lon="114.16192873"><ele>95.45745849609375</ele><time>2019-01-12T06:14:49Z</time></trkpt><trkpt lat="22.42944612" lon="114.16193505"><ele>93.02020263671875</ele><time>2019-01-12T06:14:52Z</time></trkpt><trkpt lat="22.42946375" lon="114.16194372"><ele>92.19158935546875</ele><time>2019-01-12T06:14:54Z</time></trkpt><trkpt lat="22.42948158" lon="114.16195368"><ele>91.62890625</ele><time>2019-01-12T06:14:56Z</time></trkpt><trkpt lat="22.42950149" lon="114.16196335"><ele>91.01904296875</ele><time>2019-01-12T06:14:58Z</time></trkpt><trkpt lat="22.42951571" lon="114.16197573"><ele>90.6373291015625</ele><time>2019-01-12T06:15:00Z</time></trkpt><trkpt lat="22.42953271" lon="114.16199723"><ele>90.64459228515625</ele><time>2019-01-12T06:15:02Z</time></trkpt><trkpt lat="22.42955058" lon="114.16202094"><ele>90.8607177734375</ele><time>2019-01-12T06:15:04Z</time></trkpt><trkpt lat="22.42956209" lon="114.16204392"><ele>91.01715087890625</ele><time>2019-01-12T06:15:06Z</time></trkpt><trkpt lat="22.42957127" lon="114.16206551"><ele>90.64605712890625</ele><time>2019-01-12T06:15:08Z</time></trkpt><trkpt lat="22.4295822" lon="114.16208649"><ele>90.1824951171875</ele><time>2019-01-12T06:15:10Z</time></trkpt><trkpt lat="22.42959069" lon="114.16210493"><ele>90.19512939453125</ele><time>2019-01-12T06:15:12Z</time></trkpt><trkpt lat="22.42960008" lon="114.16212758"><ele>89.9061279296875</ele><time>2019-01-12T06:15:14Z</time></trkpt><trkpt lat="22.42961169" lon="114.16215512"><ele>90.3529052734375</ele><time>2019-01-12T06:15:16Z</time></trkpt><trkpt lat="22.42962565" lon="114.16217941"><ele>89.982177734375</ele><time>2019-01-12T06:15:18Z</time></trkpt><trkpt lat="22.4296362" lon="114.16220043"><ele>89.624755859375</ele><time>2019-01-12T06:15:20Z</time></trkpt><trkpt lat="22.42964479" lon="114.16222094"><ele>89.17156982421875</ele><time>2019-01-12T06:15:22Z</time></trkpt><trkpt lat="22.42965563" lon="114.16224198"><ele>88.988525390625</ele><time>2019-01-12T06:15:24Z</time></trkpt><trkpt lat="22.42966708" lon="114.16226091"><ele>89.11785888671875</ele><time>2019-01-12T06:15:26Z</time></trkpt><trkpt lat="22.42967871" lon="114.16227996"><ele>88.872802734375</ele><time>2019-01-12T06:15:28Z</time></trkpt><trkpt lat="22.42968682" lon="114.16229886"><ele>88.4122314453125</ele><time>2019-01-12T06:15:30Z</time></trkpt><trkpt lat="22.42969431" lon="114.16231699"><ele>88.28924560546875</ele><time>2019-01-12T06:15:32Z</time></trkpt><trkpt lat="22.42970461" lon="114.1623336"><ele>87.7821044921875</ele><time>2019-01-12T06:15:34Z</time></trkpt><trkpt lat="22.42971835" lon="114.16234975"><ele>87.9718017578125</ele><time>2019-01-12T06:15:36Z</time></trkpt><trkpt lat="22.42973088" lon="114.16236796"><ele>88.899169921875</ele><time>2019-01-12T06:15:38Z</time></trkpt><trkpt lat="22.4297413" lon="114.16238389"><ele>88.50634765625</ele><time>2019-01-12T06:15:40Z</time></trkpt><trkpt lat="22.4297529" lon="114.16240088"><ele>87.8133544921875</ele><time>2019-01-12T06:15:42Z</time></trkpt><trkpt lat="22.42976283" lon="114.16241999"><ele>87.98492431640625</ele><time>2019-01-12T06:15:44Z</time></trkpt><trkpt lat="22.42977048" lon="114.16243877"><ele>87.3411865234375</ele><time>2019-01-12T06:15:46Z</time></trkpt><trkpt lat="22.42977499" lon="114.16245836"><ele>88.68359375</ele><time>2019-01-12T06:15:48Z</time></trkpt><trkpt lat="22.42978166" lon="114.16248551"><ele>86.487548828125</ele><time>2019-01-12T06:15:51Z</time></trkpt><trkpt lat="22.42979258" lon="114.16251417"><ele>85.1031494140625</ele><time>2019-01-12T06:15:54Z</time></trkpt><trkpt lat="22.42980297" lon="114.16253848"><ele>84.10968017578125</ele><time>2019-01-12T06:15:56Z</time></trkpt><trkpt lat="22.42981307" lon="114.16256334"><ele>82.84698486328125</ele><time>2019-01-12T06:15:58Z</time></trkpt><trkpt lat="22.42982472" lon="114.16258719"><ele>82.03533935546875</ele><time>2019-01-12T06:16:00Z</time></trkpt><trkpt lat="22.42983812" lon="114.16261036"><ele>81.25238037109375</ele><time>2019-01-12T06:16:02Z</time></trkpt><trkpt lat="22.42985098" lon="114.1626334"><ele>81.18060302734375</ele><time>2019-01-12T06:16:04Z</time></trkpt><trkpt lat="22.42986288" lon="114.16266195"><ele>81.02191162109375</ele><time>2019-01-12T06:16:06Z</time></trkpt><trkpt lat="22.42986801" lon="114.16269036"><ele>80.63665771484375</ele><time>2019-01-12T06:16:08Z</time></trkpt><trkpt lat="22.42986913" lon="114.162713"><ele>80.12445068359375</ele><time>2019-01-12T06:16:10Z</time></trkpt><trkpt lat="22.42986648" lon="114.16273782"><ele>79.79925537109375</ele><time>2019-01-12T06:16:12Z</time></trkpt><trkpt lat="22.42985685" lon="114.16276232"><ele>80.024169921875</ele><time>2019-01-12T06:16:15Z</time></trkpt><trkpt lat="22.42985778" lon="114.16278325"><ele>79.1826171875</ele><time>2019-01-12T06:16:17Z</time></trkpt><trkpt lat="22.42986364" lon="114.1628113"><ele>77.98443603515625</ele><time>2019-01-12T06:16:20Z</time></trkpt><trkpt lat="22.42986613" lon="114.16283224"><ele>77.7880859375</ele><time>2019-01-12T06:16:22Z</time></trkpt><trkpt lat="22.4298698" lon="114.16285177"><ele>77.031005859375</ele><time>2019-01-12T06:16:24Z</time></trkpt><trkpt lat="22.42989555" lon="114.16286653"><ele>76.59088134765625</ele><time>2019-01-12T06:16:28Z</time></trkpt><trkpt lat="22.42991397" lon="114.16287125"><ele>76.531982421875</ele><time>2019-01-12T06:16:30Z</time></trkpt><trkpt lat="22.42993707" lon="114.1628724"><ele>75.576904296875</ele><time>2019-01-12T06:16:33Z</time></trkpt><trkpt lat="22.42995844" lon="114.16288451"><ele>73.1651611328125</ele><time>2019-01-12T06:16:36Z</time></trkpt><trkpt lat="22.42998241" lon="114.16289381"><ele>72.470458984375</ele><time>2019-01-12T06:16:38Z</time></trkpt><trkpt lat="22.43000953" lon="114.16291343"><ele>74.506591796875</ele><time>2019-01-12T06:16:40Z</time></trkpt><trkpt lat="22.43003347" lon="114.16293602"><ele>75.09613037109375</ele><time>2019-01-12T06:16:42Z</time></trkpt><trkpt lat="22.43004935" lon="114.16294851"><ele>74.4637451171875</ele><time>2019-01-12T06:16:44Z</time></trkpt><trkpt lat="22.43006629" lon="114.16295762"><ele>74.5849609375</ele><time>2019-01-12T06:16:46Z</time></trkpt><trkpt lat="22.43008718" lon="114.16297315"><ele>74.718994140625</ele><time>2019-01-12T06:16:48Z</time></trkpt><trkpt lat="22.43011562" lon="114.16298112"><ele>73.09600830078125</ele><time>2019-01-12T06:16:50Z</time></trkpt><trkpt lat="22.43013666" lon="114.16298453"><ele>72.4312744140625</ele><time>2019-01-12T06:16:52Z</time></trkpt><trkpt lat="22.4301558" lon="114.16299672"><ele>73.1292724609375</ele><time>2019-01-12T06:16:54Z</time></trkpt><trkpt lat="22.43018223" lon="114.163007"><ele>73.717529296875</ele><time>2019-01-12T06:16:56Z</time></trkpt><trkpt lat="22.43020751" lon="114.16301888"><ele>72.50146484375</ele><time>2019-01-12T06:16:58Z</time></trkpt><trkpt lat="22.43023361" lon="114.1630319"><ele>72.18646240234375</ele><time>2019-01-12T06:17:00Z</time></trkpt><trkpt lat="22.43026196" lon="114.16304124"><ele>71.36712646484375</ele><time>2019-01-12T06:17:02Z</time></trkpt><trkpt lat="22.43028552" lon="114.16305596"><ele>72.33709716796875</ele><time>2019-01-12T06:17:04Z</time></trkpt><trkpt lat="22.43030789" lon="114.16307351"><ele>74.03155517578125</ele><time>2019-01-12T06:17:06Z</time></trkpt><trkpt lat="22.43032818" lon="114.1630828"><ele>75.33831787109375</ele><time>2019-01-12T06:17:08Z</time></trkpt><trkpt lat="22.43034984" lon="114.16309359"><ele>74.41656494140625</ele><time>2019-01-12T06:17:10Z</time></trkpt><trkpt lat="22.43038732" lon="114.16311876"><ele>73.00732421875</ele><time>2019-01-12T06:17:12Z</time></trkpt><trkpt lat="22.43040913" lon="114.16313588"><ele>73.28143310546875</ele><time>2019-01-12T06:17:13Z</time></trkpt><trkpt lat="22.43042387" lon="114.16314842"><ele>73.7950439453125</ele><time>2019-01-12T06:17:14Z</time></trkpt><trkpt lat="22.43043802" lon="114.16316149"><ele>74.344482421875</ele><time>2019-01-12T06:17:15Z</time></trkpt><trkpt lat="22.43044713" lon="114.16319168"><ele>77.637451171875</ele><time>2019-01-12T06:17:17Z</time></trkpt><trkpt lat="22.43045046" lon="114.16321107"><ele>76.072509765625</ele><time>2019-01-12T06:17:19Z</time></trkpt><trkpt lat="22.43045493" lon="114.16323118"><ele>77.52471923828125</ele><time>2019-01-12T06:17:25Z</time></trkpt><trkpt lat="22.43047535" lon="114.16322912"><ele>77.2596435546875</ele><time>2019-01-12T06:17:29Z</time></trkpt><trkpt lat="22.430491" lon="114.16320884"><ele>76.50506591796875</ele><time>2019-01-12T06:17:31Z</time></trkpt><trkpt lat="22.43049927" lon="114.1631915"><ele>75.52471923828125</ele><time>2019-01-12T06:17:33Z</time></trkpt><trkpt lat="22.43052119" lon="114.16319146"><ele>72.781005859375</ele><time>2019-01-12T06:17:47Z</time></trkpt><trkpt lat="22.43053652" lon="114.16320567"><ele>72.60955810546875</ele><time>2019-01-12T06:17:49Z</time></trkpt><trkpt lat="22.43055773" lon="114.16321949"><ele>73.107666015625</ele><time>2019-01-12T06:17:51Z</time></trkpt><trkpt lat="22.4305758" lon="114.16322232"><ele>72.9810791015625</ele><time>2019-01-12T06:17:53Z</time></trkpt><trkpt lat="22.43060184" lon="114.16323005"><ele>74.923828125</ele><time>2019-01-12T06:17:55Z</time></trkpt><trkpt lat="22.43062832" lon="114.16323706"><ele>74.23095703125</ele><time>2019-01-12T06:17:57Z</time></trkpt><trkpt lat="22.43065774" lon="114.16324745"><ele>74.320556640625</ele><time>2019-01-12T06:17:59Z</time></trkpt><trkpt lat="22.43068512" lon="114.16326019"><ele>74.71612548828125</ele><time>2019-01-12T06:18:01Z</time></trkpt><trkpt lat="22.43070219" lon="114.16326699"><ele>75.0611572265625</ele><time>2019-01-12T06:18:03Z</time></trkpt><trkpt lat="22.430728" lon="114.16327832"><ele>74.70965576171875</ele><time>2019-01-12T06:18:05Z</time></trkpt><trkpt lat="22.43074974" lon="114.16328411"><ele>73.01324462890625</ele><time>2019-01-12T06:18:07Z</time></trkpt><trkpt lat="22.4307788" lon="114.16328177"><ele>72.71490478515625</ele><time>2019-01-12T06:18:09Z</time></trkpt><trkpt lat="22.43080399" lon="114.16328188"><ele>72.7550048828125</ele><time>2019-01-12T06:18:11Z</time></trkpt><trkpt lat="22.43082263" lon="114.16329029"><ele>70.8868408203125</ele><time>2019-01-12T06:18:15Z</time></trkpt><trkpt lat="22.43084915" lon="114.16328954"><ele>70.8896484375</ele><time>2019-01-12T06:18:17Z</time></trkpt><trkpt lat="22.43088413" lon="114.16328988"><ele>68.90625</ele><time>2019-01-12T06:18:19Z</time></trkpt><trkpt lat="22.43090628" lon="114.16329473"><ele>70.5478515625</ele><time>2019-01-12T06:18:21Z</time></trkpt><trkpt lat="22.43092866" lon="114.16329604"><ele>68.91351318359375</ele><time>2019-01-12T06:18:23Z</time></trkpt><trkpt lat="22.43094867" lon="114.16329988"><ele>69.23486328125</ele><time>2019-01-12T06:18:25Z</time></trkpt><trkpt lat="22.43097424" lon="114.16330326"><ele>69.7547607421875</ele><time>2019-01-12T06:18:27Z</time></trkpt><trkpt lat="22.43099612" lon="114.16330828"><ele>71.19390869140625</ele><time>2019-01-12T06:18:29Z</time></trkpt><trkpt lat="22.43102" lon="114.16331261"><ele>69.9976806640625</ele><time>2019-01-12T06:18:31Z</time></trkpt><trkpt lat="22.43104844" lon="114.16331321"><ele>69.57843017578125</ele><time>2019-01-12T06:18:33Z</time></trkpt><trkpt lat="22.43107406" lon="114.16331222"><ele>69.99114990234375</ele><time>2019-01-12T06:18:35Z</time></trkpt><trkpt lat="22.43109583" lon="114.16331491"><ele>70.77313232421875</ele><time>2019-01-12T06:18:37Z</time></trkpt><trkpt lat="22.43111638" lon="114.16332122"><ele>71.16290283203125</ele><time>2019-01-12T06:18:39Z</time></trkpt><trkpt lat="22.43113598" lon="114.16332405"><ele>71.49267578125</ele><time>2019-01-12T06:18:41Z</time></trkpt><trkpt lat="22.43116945" lon="114.1633272"><ele>72.46405029296875</ele><time>2019-01-12T06:18:43Z</time></trkpt><trkpt lat="22.43120082" lon="114.16333294"><ele>73.029296875</ele><time>2019-01-12T06:18:45Z</time></trkpt><trkpt lat="22.4312188" lon="114.16333729"><ele>72.9027099609375</ele><time>2019-01-12T06:18:46Z</time></trkpt><trkpt lat="22.43123923" lon="114.16334743"><ele>70.8626708984375</ele><time>2019-01-12T06:18:48Z</time></trkpt><trkpt lat="22.43125624" lon="114.16335672"><ele>70.8505859375</ele><time>2019-01-12T06:18:50Z</time></trkpt><trkpt lat="22.43127628" lon="114.16335013"><ele>68.9283447265625</ele><time>2019-01-12T06:18:54Z</time></trkpt><trkpt lat="22.43130008" lon="114.16335286"><ele>67.9937744140625</ele><time>2019-01-12T06:18:56Z</time></trkpt><trkpt lat="22.43131927" lon="114.16335885"><ele>68.2926025390625</ele><time>2019-01-12T06:18:57Z</time></trkpt><trkpt lat="22.43133805" lon="114.16336555"><ele>67.68212890625</ele><time>2019-01-12T06:18:58Z</time></trkpt><trkpt lat="22.43136848" lon="114.16337518"><ele>67.75677490234375</ele><time>2019-01-12T06:19:00Z</time></trkpt><trkpt lat="22.43140221" lon="114.16338062"><ele>66.8338623046875</ele><time>2019-01-12T06:19:02Z</time></trkpt><trkpt lat="22.4314346" lon="114.16338748"><ele>66.22027587890625</ele><time>2019-01-12T06:19:04Z</time></trkpt><trkpt lat="22.43145991" lon="114.16339091"><ele>66.09423828125</ele><time>2019-01-12T06:19:07Z</time></trkpt><trkpt lat="22.43147901" lon="114.16338979"><ele>65.5360107421875</ele><time>2019-01-12T06:19:09Z</time></trkpt><trkpt lat="22.43150681" lon="114.16339156"><ele>65.24700927734375</ele><time>2019-01-12T06:19:11Z</time></trkpt><trkpt lat="22.43153616" lon="114.16339606"><ele>65.4317626953125</ele><time>2019-01-12T06:19:13Z</time></trkpt><trkpt lat="22.43156494" lon="114.16339958"><ele>65.365478515625</ele><time>2019-01-12T06:19:15Z</time></trkpt><trkpt lat="22.43159324" lon="114.16340593"><ele>65.6109619140625</ele><time>2019-01-12T06:19:17Z</time></trkpt><trkpt lat="22.4316199" lon="114.1634139"><ele>65.233642578125</ele><time>2019-01-12T06:19:19Z</time></trkpt><trkpt lat="22.43164939" lon="114.16342116"><ele>66.5404052734375</ele><time>2019-01-12T06:19:21Z</time></trkpt><trkpt lat="22.43167849" lon="114.16342947"><ele>66.3287353515625</ele><time>2019-01-12T06:19:23Z</time></trkpt><trkpt lat="22.43170729" lon="114.16343625"><ele>65.351806640625</ele><time>2019-01-12T06:19:25Z</time></trkpt><trkpt lat="22.43173001" lon="114.16344334"><ele>65.37432861328125</ele><time>2019-01-12T06:19:27Z</time></trkpt><trkpt lat="22.43175048" lon="114.16344998"><ele>65.2171630859375</ele><time>2019-01-12T06:19:29Z</time></trkpt><trkpt lat="22.43177775" lon="114.16345625"><ele>64.9412841796875</ele><time>2019-01-12T06:19:31Z</time></trkpt><trkpt lat="22.43180558" lon="114.16346315"><ele>64.93096923828125</ele><time>2019-01-12T06:19:33Z</time></trkpt><trkpt lat="22.43183166" lon="114.1634705"><ele>64.80181884765625</ele><time>2019-01-12T06:19:35Z</time></trkpt><trkpt lat="22.43185361" lon="114.16347539"><ele>65.71368408203125</ele><time>2019-01-12T06:19:37Z</time></trkpt><trkpt lat="22.43188033" lon="114.16348192"><ele>66.1981201171875</ele><time>2019-01-12T06:19:39Z</time></trkpt><trkpt lat="22.43191152" lon="114.16349007"><ele>66.18145751953125</ele><time>2019-01-12T06:19:41Z</time></trkpt><trkpt lat="22.43194498" lon="114.16349721"><ele>66.82354736328125</ele><time>2019-01-12T06:19:43Z</time></trkpt><trkpt lat="22.43197424" lon="114.16350125"><ele>66.65869140625</ele><time>2019-01-12T06:19:45Z</time></trkpt><trkpt lat="22.43199968" lon="114.16350464"><ele>66.541259765625</ele><time>2019-01-12T06:19:47Z</time></trkpt><trkpt lat="22.43203328" lon="114.16350233"><ele>64.35443115234375</ele><time>2019-01-12T06:19:50Z</time></trkpt><trkpt lat="22.43206412" lon="114.16349922"><ele>63.340576171875</ele><time>2019-01-12T06:19:52Z</time></trkpt><trkpt lat="22.43209372" lon="114.16349787"><ele>61.9683837890625</ele><time>2019-01-12T06:19:54Z</time></trkpt><trkpt lat="22.43211292" lon="114.16350384"><ele>61.729248046875</ele><time>2019-01-12T06:19:55Z</time></trkpt><trkpt lat="22.43213286" lon="114.16351407"><ele>62.21484375</ele><time>2019-01-12T06:19:56Z</time></trkpt><trkpt lat="22.43214921" lon="114.16352545"><ele>61.50067138671875</ele><time>2019-01-12T06:19:57Z</time></trkpt><trkpt lat="22.4321727" lon="114.16354846"><ele>62.01708984375</ele><time>2019-01-12T06:19:59Z</time></trkpt><trkpt lat="22.43218796" lon="114.16357073"><ele>62.4017333984375</ele><time>2019-01-12T06:20:01Z</time></trkpt><trkpt lat="22.43218426" lon="114.16359051"><ele>62.7098388671875</ele><time>2019-01-12T06:20:05Z</time></trkpt></trkseg></trk></gpx>