<?xml version='1.0' encoding='UTF-8' ?><gpx version="1.1" creator="HikingTrailHK" xsi:schemaLocation="http://www.topografix.com/GPX/1/1 http://www.topografix.com/GPX/1/1/gpx.xsd" xmlns="http://www.topografix.com/GPX/1/1" xmlns:xsi="http://www.w3.org/2001/XMLSchema-instance"><metadata><name>最後一堡 @ 2018-12-24 09:58:52</name><desc></desc></metadata><wpt lat="22.49512419" lon="114.05987897"><ele>-9.751922607421875</ele><time>2018-12-24T02:06:29Z</time><name>擺設區</name></wpt><wpt lat="22.51318877" lon="114.1061219"><ele>29.27001953125</ele><time>2018-12-24T05:29:11Z</time><name>馬標記</name></wpt><wpt lat="22.51064117" lon="114.11020089"><ele>8.72760009765625</ele><time>2018-12-24T05:42:59Z</time><name>大休點</name></wpt><wpt lat="22.50937075" lon="114.11387359"><ele>2.223175048828125</ele><time>2018-12-24T06:24:51Z</time><name>大農作區</name></wpt><trk><trkseg><trkpt lat="22.49275774" lon="114.06135363"><ele>21.4329833984375</ele><time>2018-12-24T01:58:52Z</time></trkpt><trkpt lat="22.49275825" lon="114.06141379"><ele>17.78125</ele><time>2018-12-24T01:58:53Z</time></trkpt><trkpt lat="22.4927758" lon="114.06142748"><ele>16.096435546875</ele><time>2018-12-24T01:58:55Z</time></trkpt><trkpt lat="22.49280049" lon="114.06142352"><ele>13.8182373046875</ele><time>2018-12-24T01:58:59Z</time></trkpt><trkpt lat="22.49282759" lon="114.06143182"><ele>11.482574462890625</ele><time>2018-12-24T01:59:01Z</time></trkpt><trkpt lat="22.49284799" lon="114.06143484"><ele>11.74029541015625</ele><time>2018-12-24T01:59:03Z</time></trkpt><trkpt lat="22.49287601" lon="114.06142595"><ele>11.54559326171875</ele><time>2018-12-24T01:59:05Z</time></trkpt><trkpt lat="22.49290355" lon="114.06142961"><ele>11.684295654296875</ele><time>2018-12-24T01:59:07Z</time></trkpt><trkpt lat="22.49292963" lon="114.06143494"><ele>11.33294677734375</ele><time>2018-12-24T01:59:09Z</time></trkpt><trkpt lat="22.49295647" lon="114.06144424"><ele>9.7288818359375</ele><time>2018-12-24T01:59:11Z</time></trkpt><trkpt lat="22.49298306" lon="114.06145174"><ele>11.103607177734375</ele><time>2018-12-24T01:59:13Z</time></trkpt><trkpt lat="22.49300976" lon="114.06144658"><ele>12.31768798828125</ele><time>2018-12-24T01:59:15Z</time></trkpt><trkpt lat="22.49303446" lon="114.06144116"><ele>12.24114990234375</ele><time>2018-12-24T01:59:17Z</time></trkpt><trkpt lat="22.49305867" lon="114.06143339"><ele>10.9510498046875</ele><time>2018-12-24T01:59:19Z</time></trkpt><trkpt lat="22.4930525" lon="114.06146089"><ele>8.413848876953125</ele><time>2018-12-24T01:59:26Z</time></trkpt><trkpt lat="22.49307893" lon="114.06146851"><ele>7.06524658203125</ele><time>2018-12-24T01:59:31Z</time></trkpt><trkpt lat="22.49310454" lon="114.06146523"><ele>6.4677734375</ele><time>2018-12-24T01:59:33Z</time></trkpt><trkpt lat="22.49312894" lon="114.06146293"><ele>7.088348388671875</ele><time>2018-12-24T01:59:35Z</time></trkpt><trkpt lat="22.4931529" lon="114.06146104"><ele>4.8333740234375</ele><time>2018-12-24T01:59:37Z</time></trkpt><trkpt lat="22.49317459" lon="114.06146845"><ele>1.78619384765625</ele><time>2018-12-24T01:59:39Z</time></trkpt><trkpt lat="22.4931963" lon="114.06147786"><ele>2.222137451171875</ele><time>2018-12-24T01:59:41Z</time></trkpt><trkpt lat="22.49321983" lon="114.06148533"><ele>3.23828125</ele><time>2018-12-24T01:59:43Z</time></trkpt><trkpt lat="22.49324614" lon="114.06147117"><ele>4.124114990234375</ele><time>2018-12-24T01:59:45Z</time></trkpt><trkpt lat="22.4932697" lon="114.0614557"><ele>3.388031005859375</ele><time>2018-12-24T01:59:47Z</time></trkpt><trkpt lat="22.49329551" lon="114.06144354"><ele>3.827850341796875</ele><time>2018-12-24T01:59:49Z</time></trkpt><trkpt lat="22.4933222" lon="114.06143774"><ele>3.840667724609375</ele><time>2018-12-24T01:59:51Z</time></trkpt><trkpt lat="22.49335147" lon="114.06144721"><ele>-2.161529541015625</ele><time>2018-12-24T01:59:53Z</time></trkpt><trkpt lat="22.49338002" lon="114.06145214"><ele>-1.665069580078125</ele><time>2018-12-24T01:59:55Z</time></trkpt><trkpt lat="22.49340937" lon="114.06144294"><ele>-3.847991943359375</ele><time>2018-12-24T01:59:57Z</time></trkpt><trkpt lat="22.49343367" lon="114.06143697"><ele>-2.88897705078125</ele><time>2018-12-24T01:59:59Z</time></trkpt><trkpt lat="22.49346018" lon="114.06143581"><ele>-1.07275390625</ele><time>2018-12-24T02:00:01Z</time></trkpt><trkpt lat="22.49348503" lon="114.06143487"><ele>-0.471099853515625</ele><time>2018-12-24T02:00:03Z</time></trkpt><trkpt lat="22.49351359" lon="114.06142023"><ele>3.32476806640625</ele><time>2018-12-24T02:00:05Z</time></trkpt><trkpt lat="22.493542" lon="114.0614076"><ele>3.78948974609375</ele><time>2018-12-24T02:00:07Z</time></trkpt><trkpt lat="22.49356896" lon="114.06139669"><ele>3.89801025390625</ele><time>2018-12-24T02:00:09Z</time></trkpt><trkpt lat="22.49359675" lon="114.06139211"><ele>4.517120361328125</ele><time>2018-12-24T02:00:11Z</time></trkpt><trkpt lat="22.49362506" lon="114.06138927"><ele>5.172882080078125</ele><time>2018-12-24T02:00:13Z</time></trkpt><trkpt lat="22.49365164" lon="114.06138967"><ele>5.74835205078125</ele><time>2018-12-24T02:00:15Z</time></trkpt><trkpt lat="22.49367821" lon="114.06139068"><ele>7.069915771484375</ele><time>2018-12-24T02:00:17Z</time></trkpt><trkpt lat="22.49370913" lon="114.06138246"><ele>12.62335205078125</ele><time>2018-12-24T02:00:19Z</time></trkpt><trkpt lat="22.49373999" lon="114.06137844"><ele>10.800537109375</ele><time>2018-12-24T02:00:21Z</time></trkpt><trkpt lat="22.4937692" lon="114.06138225"><ele>9.63311767578125</ele><time>2018-12-24T02:00:23Z</time></trkpt><trkpt lat="22.4937997" lon="114.06137646"><ele>9.621917724609375</ele><time>2018-12-24T02:00:25Z</time></trkpt><trkpt lat="22.49382688" lon="114.06137422"><ele>10.0863037109375</ele><time>2018-12-24T02:00:27Z</time></trkpt><trkpt lat="22.49385551" lon="114.06137432"><ele>11.572265625</ele><time>2018-12-24T02:00:29Z</time></trkpt><trkpt lat="22.49388415" lon="114.06137183"><ele>12.77886962890625</ele><time>2018-12-24T02:00:31Z</time></trkpt><trkpt lat="22.49391357" lon="114.0613731"><ele>12.84405517578125</ele><time>2018-12-24T02:00:33Z</time></trkpt><trkpt lat="22.49394112" lon="114.0613767"><ele>12.5133056640625</ele><time>2018-12-24T02:00:35Z</time></trkpt><trkpt lat="22.49396867" lon="114.06138111"><ele>12.97906494140625</ele><time>2018-12-24T02:00:37Z</time></trkpt><trkpt lat="22.49399513" lon="114.0613885"><ele>11.282867431640625</ele><time>2018-12-24T02:00:39Z</time></trkpt><trkpt lat="22.49401397" lon="114.06139372"><ele>10.6209716796875</ele><time>2018-12-24T02:00:41Z</time></trkpt><trkpt lat="22.4940252" lon="114.06137759"><ele>10.76971435546875</ele><time>2018-12-24T02:00:43Z</time></trkpt><trkpt lat="22.49402629" lon="114.06135772"><ele>9.919586181640625</ele><time>2018-12-24T02:00:44Z</time></trkpt><trkpt lat="22.49404848" lon="114.06135654"><ele>7.626373291015625</ele><time>2018-12-24T02:00:49Z</time></trkpt><trkpt lat="22.49406955" lon="114.0613669"><ele>7.57867431640625</ele><time>2018-12-24T02:00:51Z</time></trkpt><trkpt lat="22.49409715" lon="114.06137781"><ele>8.606964111328125</ele><time>2018-12-24T02:00:53Z</time></trkpt><trkpt lat="22.49411956" lon="114.06138637"><ele>7.773895263671875</ele><time>2018-12-24T02:00:55Z</time></trkpt><trkpt lat="22.49414532" lon="114.06139624"><ele>7.021575927734375</ele><time>2018-12-24T02:00:58Z</time></trkpt><trkpt lat="22.49416508" lon="114.06140329"><ele>6.674163818359375</ele><time>2018-12-24T02:01:00Z</time></trkpt><trkpt lat="22.49418701" lon="114.06141103"><ele>5.8104248046875</ele><time>2018-12-24T02:01:02Z</time></trkpt><trkpt lat="22.49420473" lon="114.06141876"><ele>4.562255859375</ele><time>2018-12-24T02:01:04Z</time></trkpt><trkpt lat="22.49422265" lon="114.06142661"><ele>4.18988037109375</ele><time>2018-12-24T02:01:06Z</time></trkpt><trkpt lat="22.49424492" lon="114.06142741"><ele>4.5101318359375</ele><time>2018-12-24T02:01:08Z</time></trkpt><trkpt lat="22.49427132" lon="114.06141997"><ele>4.21087646484375</ele><time>2018-12-24T02:01:10Z</time></trkpt><trkpt lat="22.49428861" lon="114.06140864"><ele>3.129791259765625</ele><time>2018-12-24T02:01:12Z</time></trkpt><trkpt lat="22.49430035" lon="114.06138937"><ele>1.917633056640625</ele><time>2018-12-24T02:01:14Z</time></trkpt><trkpt lat="22.49431367" lon="114.06136431"><ele>2.421600341796875</ele><time>2018-12-24T02:01:16Z</time></trkpt><trkpt lat="22.49432688" lon="114.06134313"><ele>3.855377197265625</ele><time>2018-12-24T02:01:18Z</time></trkpt><trkpt lat="22.49433401" lon="114.06131884"><ele>3.77459716796875</ele><time>2018-12-24T02:01:21Z</time></trkpt><trkpt lat="22.49433769" lon="114.06129614"><ele>3.0955810546875</ele><time>2018-12-24T02:01:25Z</time></trkpt><trkpt lat="22.49433594" lon="114.06127658"><ele>2.57635498046875</ele><time>2018-12-24T02:01:26Z</time></trkpt><trkpt lat="22.49433442" lon="114.06124721"><ele>1.823944091796875</ele><time>2018-12-24T02:01:28Z</time></trkpt><trkpt lat="22.49434889" lon="114.06122236"><ele>0.612152099609375</ele><time>2018-12-24T02:01:30Z</time></trkpt><trkpt lat="22.49437188" lon="114.06119601"><ele>-0.44415283203125</ele><time>2018-12-24T02:01:32Z</time></trkpt><trkpt lat="22.49439185" lon="114.06117583"><ele>-0.61163330078125</ele><time>2018-12-24T02:01:34Z</time></trkpt><trkpt lat="22.49441213" lon="114.06115478"><ele>0.1512451171875</ele><time>2018-12-24T02:01:36Z</time></trkpt><trkpt lat="22.49443528" lon="114.06113352"><ele>1.259246826171875</ele><time>2018-12-24T02:01:38Z</time></trkpt><trkpt lat="22.49445673" lon="114.06111428"><ele>0.950836181640625</ele><time>2018-12-24T02:01:40Z</time></trkpt><trkpt lat="22.49447797" lon="114.06108994"><ele>0.90655517578125</ele><time>2018-12-24T02:01:42Z</time></trkpt><trkpt lat="22.49450054" lon="114.06106661"><ele>0.686767578125</ele><time>2018-12-24T02:01:44Z</time></trkpt><trkpt lat="22.49452053" lon="114.0610391"><ele>3.06292724609375</ele><time>2018-12-24T02:01:46Z</time></trkpt><trkpt lat="22.49453863" lon="114.0610077"><ele>5.19256591796875</ele><time>2018-12-24T02:01:48Z</time></trkpt><trkpt lat="22.49455482" lon="114.06097959"><ele>4.67181396484375</ele><time>2018-12-24T02:01:50Z</time></trkpt><trkpt lat="22.4945668" lon="114.0609556"><ele>3.911834716796875</ele><time>2018-12-24T02:01:52Z</time></trkpt><trkpt lat="22.49457692" lon="114.06093465"><ele>3.809051513671875</ele><time>2018-12-24T02:01:54Z</time></trkpt><trkpt lat="22.49459434" lon="114.06090949"><ele>3.453460693359375</ele><time>2018-12-24T02:01:56Z</time></trkpt><trkpt lat="22.49461301" lon="114.06088726"><ele>2.334320068359375</ele><time>2018-12-24T02:01:58Z</time></trkpt><trkpt lat="22.49462829" lon="114.06086574"><ele>3.510162353515625</ele><time>2018-12-24T02:02:00Z</time></trkpt><trkpt lat="22.49464146" lon="114.06084506"><ele>3.86279296875</ele><time>2018-12-24T02:02:02Z</time></trkpt><trkpt lat="22.49465472" lon="114.06082581"><ele>4.550811767578125</ele><time>2018-12-24T02:02:04Z</time></trkpt><trkpt lat="22.49466999" lon="114.06080429"><ele>4.508209228515625</ele><time>2018-12-24T02:02:06Z</time></trkpt><trkpt lat="22.49468764" lon="114.06078333"><ele>3.511993408203125</ele><time>2018-12-24T02:02:08Z</time></trkpt><trkpt lat="22.494703" lon="114.06076262"><ele>3.71636962890625</ele><time>2018-12-24T02:02:10Z</time></trkpt><trkpt lat="22.49471424" lon="114.0607429"><ele>4.192718505859375</ele><time>2018-12-24T02:02:12Z</time></trkpt><trkpt lat="22.49472188" lon="114.0607189"><ele>3.630706787109375</ele><time>2018-12-24T02:02:14Z</time></trkpt><trkpt lat="22.49473039" lon="114.0606948"><ele>3.95281982421875</ele><time>2018-12-24T02:02:16Z</time></trkpt><trkpt lat="22.49474465" lon="114.06067376"><ele>3.984710693359375</ele><time>2018-12-24T02:02:18Z</time></trkpt><trkpt lat="22.49475994" lon="114.06064522"><ele>3.820556640625</ele><time>2018-12-24T02:02:20Z</time></trkpt><trkpt lat="22.49477269" lon="114.06061501"><ele>3.604827880859375</ele><time>2018-12-24T02:02:22Z</time></trkpt><trkpt lat="22.49478676" lon="114.06058813"><ele>3.41748046875</ele><time>2018-12-24T02:02:24Z</time></trkpt><trkpt lat="22.49479876" lon="114.06055895"><ele>2.814239501953125</ele><time>2018-12-24T02:02:26Z</time></trkpt><trkpt lat="22.49480873" lon="114.06052728"><ele>2.392120361328125</ele><time>2018-12-24T02:02:28Z</time></trkpt><trkpt lat="22.49481941" lon="114.06049649"><ele>2.572601318359375</ele><time>2018-12-24T02:02:30Z</time></trkpt><trkpt lat="22.49483084" lon="114.06047005"><ele>2.612762451171875</ele><time>2018-12-24T02:02:32Z</time></trkpt><trkpt lat="22.49484174" lon="114.06044321"><ele>2.0079345703125</ele><time>2018-12-24T02:02:34Z</time></trkpt><trkpt lat="22.49485299" lon="114.06041314"><ele>2.311279296875</ele><time>2018-12-24T02:02:36Z</time></trkpt><trkpt lat="22.49486396" lon="114.06038851"><ele>1.843658447265625</ele><time>2018-12-24T02:02:38Z</time></trkpt><trkpt lat="22.49487432" lon="114.06036733"><ele>1.608062744140625</ele><time>2018-12-24T02:02:40Z</time></trkpt><trkpt lat="22.49488767" lon="114.06034633"><ele>1.163970947265625</ele><time>2018-12-24T02:02:42Z</time></trkpt><trkpt lat="22.49490055" lon="114.06032239"><ele>1.212066650390625</ele><time>2018-12-24T02:02:44Z</time></trkpt><trkpt lat="22.49491218" lon="114.06029598"><ele>1.39105224609375</ele><time>2018-12-24T02:02:46Z</time></trkpt><trkpt lat="22.49492014" lon="114.0602779"><ele>1.98175048828125</ele><time>2018-12-24T02:02:49Z</time></trkpt><trkpt lat="22.49492219" lon="114.06025548"><ele>1.712738037109375</ele><time>2018-12-24T02:02:54Z</time></trkpt><trkpt lat="22.49493392" lon="114.06023214"><ele>2.06304931640625</ele><time>2018-12-24T02:02:56Z</time></trkpt><trkpt lat="22.49494869" lon="114.06020702"><ele>2.052459716796875</ele><time>2018-12-24T02:02:58Z</time></trkpt><trkpt lat="22.49496268" lon="114.0601814"><ele>2.076416015625</ele><time>2018-12-24T02:03:00Z</time></trkpt><trkpt lat="22.4949781" lon="114.06015995"><ele>2.340087890625</ele><time>2018-12-24T02:03:02Z</time></trkpt><trkpt lat="22.49499111" lon="114.06013831"><ele>1.6893310546875</ele><time>2018-12-24T02:03:04Z</time></trkpt><trkpt lat="22.49499967" lon="114.06011657"><ele>1.27874755859375</ele><time>2018-12-24T02:03:06Z</time></trkpt><trkpt lat="22.49500732" lon="114.06009373"><ele>1.096710205078125</ele><time>2018-12-24T02:03:08Z</time></trkpt><trkpt lat="22.49502333" lon="114.06010296"><ele>1.686126708984375</ele><time>2018-12-24T02:03:19Z</time></trkpt><trkpt lat="22.49503642" lon="114.0600885"><ele>2.7076416015625</ele><time>2018-12-24T02:03:33Z</time></trkpt><trkpt lat="22.49503734" lon="114.06010909"><ele>2.025848388671875</ele><time>2018-12-24T02:03:43Z</time></trkpt><trkpt lat="22.49505403" lon="114.0601221"><ele>1.790924072265625</ele><time>2018-12-24T02:03:46Z</time></trkpt><trkpt lat="22.49506887" lon="114.06014143"><ele>2.206787109375</ele><time>2018-12-24T02:03:48Z</time></trkpt><trkpt lat="22.49506596" lon="114.06012153"><ele>1.423736572265625</ele><time>2018-12-24T02:04:21Z</time></trkpt><trkpt lat="22.49507106" lon="114.06009335"><ele>1.771026611328125</ele><time>2018-12-24T02:04:23Z</time></trkpt><trkpt lat="22.49508472" lon="114.06007039"><ele>1.21478271484375</ele><time>2018-12-24T02:04:25Z</time></trkpt><trkpt lat="22.49509931" lon="114.06005834"><ele>0.953369140625</ele><time>2018-12-24T02:04:29Z</time></trkpt><trkpt lat="22.49511026" lon="114.06003611"><ele>1.121856689453125</ele><time>2018-12-24T02:04:33Z</time></trkpt><trkpt lat="22.49512496" lon="114.06001456"><ele>1.480133056640625</ele><time>2018-12-24T02:04:35Z</time></trkpt><trkpt lat="22.49513826" lon="114.05999493"><ele>1.301177978515625</ele><time>2018-12-24T02:04:37Z</time></trkpt><trkpt lat="22.49514384" lon="114.06001837"><ele>-0.920257568359375</ele><time>2018-12-24T02:04:44Z</time></trkpt><trkpt lat="22.49513002" lon="114.06003369"><ele>-1.834625244140625</ele><time>2018-12-24T02:04:48Z</time></trkpt><trkpt lat="22.49514701" lon="114.06002282"><ele>-4.454559326171875</ele><time>2018-12-24T02:05:00Z</time></trkpt><trkpt lat="22.49515518" lon="114.05999649"><ele>-2.921417236328125</ele><time>2018-12-24T02:05:03Z</time></trkpt><trkpt lat="22.49513651" lon="114.05998766"><ele>-2.122222900390625</ele><time>2018-12-24T02:05:24Z</time></trkpt><trkpt lat="22.49513822" lon="114.05996753"><ele>-2.524444580078125</ele><time>2018-12-24T02:05:30Z</time></trkpt><trkpt lat="22.49513288" lon="114.05999157"><ele>-5.155670166015625</ele><time>2018-12-24T02:05:40Z</time></trkpt><trkpt lat="22.49512648" lon="114.06001392"><ele>-4.7523193359375</ele><time>2018-12-24T02:05:43Z</time></trkpt><trkpt lat="22.49512595" lon="114.05999055"><ele>-5.34246826171875</ele><time>2018-12-24T02:05:48Z</time></trkpt><trkpt lat="22.49511809" lon="114.05997104"><ele>-2.817474365234375</ele><time>2018-12-24T02:05:59Z</time></trkpt><trkpt lat="22.49511542" lon="114.05994092"><ele>-4.824432373046875</ele><time>2018-12-24T02:06:02Z</time></trkpt><trkpt lat="22.49512421" lon="114.05992298"><ele>-6.80096435546875</ele><time>2018-12-24T02:06:06Z</time></trkpt><trkpt lat="22.49514179" lon="114.05991241"><ele>-4.97149658203125</ele><time>2018-12-24T02:06:16Z</time></trkpt><trkpt lat="22.49513388" lon="114.05989435"><ele>-5.2392578125</ele><time>2018-12-24T02:06:26Z</time></trkpt><trkpt lat="22.49512392" lon="114.05987233"><ele>-9.5953369140625</ele><time>2018-12-24T02:06:30Z</time></trkpt><trkpt lat="22.49513333" lon="114.0598501"><ele>-9.291900634765625</ele><time>2018-12-24T02:06:33Z</time></trkpt><trkpt lat="22.49513785" lon="114.05981398"><ele>-8.787872314453125</ele><time>2018-12-24T02:06:36Z</time></trkpt><trkpt lat="22.49514667" lon="114.05978943"><ele>-10.01959228515625</ele><time>2018-12-24T02:06:38Z</time></trkpt><trkpt lat="22.49516182" lon="114.05977171"><ele>-8.97509765625</ele><time>2018-12-24T02:06:40Z</time></trkpt><trkpt lat="22.49517784" lon="114.05974922"><ele>-8.274383544921875</ele><time>2018-12-24T02:06:42Z</time></trkpt><trkpt lat="22.49519948" lon="114.05974019"><ele>-2.902679443359375</ele><time>2018-12-24T02:07:03Z</time></trkpt><trkpt lat="22.49521812" lon="114.05971883"><ele>-3.471038818359375</ele><time>2018-12-24T02:07:05Z</time></trkpt><trkpt lat="22.49522371" lon="114.05969422"><ele>-0.92529296875</ele><time>2018-12-24T02:07:07Z</time></trkpt><trkpt lat="22.49522613" lon="114.05966715"><ele>-2.0303955078125</ele><time>2018-12-24T02:07:09Z</time></trkpt><trkpt lat="22.49523077" lon="114.05964584"><ele>-1.47918701171875</ele><time>2018-12-24T02:07:11Z</time></trkpt><trkpt lat="22.49524508" lon="114.05962926"><ele>-4.106781005859375</ele><time>2018-12-24T02:07:19Z</time></trkpt><trkpt lat="22.49524978" lon="114.05960242"><ele>-3.969635009765625</ele><time>2018-12-24T02:07:22Z</time></trkpt><trkpt lat="22.49525666" lon="114.05956808"><ele>-1.316741943359375</ele><time>2018-12-24T02:07:24Z</time></trkpt><trkpt lat="22.49526482" lon="114.05953731"><ele>-1.062744140625</ele><time>2018-12-24T02:07:26Z</time></trkpt><trkpt lat="22.49527532" lon="114.05950325"><ele>0.24493408203125</ele><time>2018-12-24T02:07:28Z</time></trkpt><trkpt lat="22.49528633" lon="114.05947005"><ele>2.2911376953125</ele><time>2018-12-24T02:07:30Z</time></trkpt><trkpt lat="22.49529534" lon="114.05943809"><ele>6.352203369140625</ele><time>2018-12-24T02:07:32Z</time></trkpt><trkpt lat="22.49530259" lon="114.05941333"><ele>6.11041259765625</ele><time>2018-12-24T02:07:34Z</time></trkpt><trkpt lat="22.4953108" lon="114.05939544"><ele>3.291473388671875</ele><time>2018-12-24T02:07:37Z</time></trkpt><trkpt lat="22.49532839" lon="114.0593806"><ele>2.935821533203125</ele><time>2018-12-24T02:07:39Z</time></trkpt><trkpt lat="22.49534599" lon="114.05936788"><ele>2.140625</ele><time>2018-12-24T02:07:41Z</time></trkpt><trkpt lat="22.49535503" lon="114.05934621"><ele>3.17169189453125</ele><time>2018-12-24T02:07:43Z</time></trkpt><trkpt lat="22.49536251" lon="114.0593178"><ele>4.17535400390625</ele><time>2018-12-24T02:07:45Z</time></trkpt><trkpt lat="22.49536755" lon="114.05929522"><ele>4.587493896484375</ele><time>2018-12-24T02:07:47Z</time></trkpt><trkpt lat="22.49537597" lon="114.05926705"><ele>4.05902099609375</ele><time>2018-12-24T02:07:50Z</time></trkpt><trkpt lat="22.49538602" lon="114.05923837"><ele>4.458648681640625</ele><time>2018-12-24T02:07:52Z</time></trkpt><trkpt lat="22.49539341" lon="114.0592196"><ele>5.019805908203125</ele><time>2018-12-24T02:07:53Z</time></trkpt><trkpt lat="22.49540061" lon="114.05920025"><ele>4.68780517578125</ele><time>2018-12-24T02:07:54Z</time></trkpt><trkpt lat="22.49540751" lon="114.05918084"><ele>4.57403564453125</ele><time>2018-12-24T02:07:55Z</time></trkpt><trkpt lat="22.49540829" lon="114.05915903"><ele>1.59002685546875</ele><time>2018-12-24T02:07:57Z</time></trkpt><trkpt lat="22.4954055" lon="114.05913379"><ele>2.68658447265625</ele><time>2018-12-24T02:07:59Z</time></trkpt><trkpt lat="22.4954118" lon="114.05909928"><ele>5.219879150390625</ele><time>2018-12-24T02:08:01Z</time></trkpt><trkpt lat="22.49542604" lon="114.05911353"><ele>-10.028533935546875</ele><time>2018-12-24T02:08:05Z</time></trkpt><trkpt lat="22.49543629" lon="114.0590971"><ele>-3.945953369140625</ele><time>2018-12-24T02:08:07Z</time></trkpt><trkpt lat="22.49545039" lon="114.05906934"><ele>-2.716796875</ele><time>2018-12-24T02:08:10Z</time></trkpt><trkpt lat="22.49545771" lon="114.05904763"><ele>-2.44146728515625</ele><time>2018-12-24T02:08:12Z</time></trkpt><trkpt lat="22.49545883" lon="114.05901933"><ele>-2.288665771484375</ele><time>2018-12-24T02:08:14Z</time></trkpt><trkpt lat="22.49545941" lon="114.05899093"><ele>-4.585174560546875</ele><time>2018-12-24T02:08:16Z</time></trkpt><trkpt lat="22.49545915" lon="114.05896086"><ele>-4.87335205078125</ele><time>2018-12-24T02:08:18Z</time></trkpt><trkpt lat="22.49546075" lon="114.05893604"><ele>-4.4420166015625</ele><time>2018-12-24T02:08:20Z</time></trkpt><trkpt lat="22.49545967" lon="114.05890417"><ele>-3.20269775390625</ele><time>2018-12-24T02:08:22Z</time></trkpt><trkpt lat="22.49545891" lon="114.05887894"><ele>-1.0667724609375</ele><time>2018-12-24T02:08:24Z</time></trkpt><trkpt lat="22.49545647" lon="114.0588498"><ele>-0.10675048828125</ele><time>2018-12-24T02:08:26Z</time></trkpt><trkpt lat="22.495449" lon="114.05881624"><ele>2.90655517578125</ele><time>2018-12-24T02:08:28Z</time></trkpt><trkpt lat="22.49544139" lon="114.05879495"><ele>2.10125732421875</ele><time>2018-12-24T02:08:30Z</time></trkpt><trkpt lat="22.4954316" lon="114.05877472"><ele>2.887451171875</ele><time>2018-12-24T02:08:33Z</time></trkpt><trkpt lat="22.49543117" lon="114.0587478"><ele>3.050323486328125</ele><time>2018-12-24T02:08:46Z</time></trkpt><trkpt lat="22.49544281" lon="114.05872714"><ele>1.324920654296875</ele><time>2018-12-24T02:08:51Z</time></trkpt><trkpt lat="22.49544866" lon="114.05869683"><ele>0.683258056640625</ele><time>2018-12-24T02:08:54Z</time></trkpt><trkpt lat="22.49544724" lon="114.05866029"><ele>2.202789306640625</ele><time>2018-12-24T02:08:56Z</time></trkpt><trkpt lat="22.49544507" lon="114.05864023"><ele>3.27911376953125</ele><time>2018-12-24T02:08:57Z</time></trkpt><trkpt lat="22.49544014" lon="114.05860132"><ele>4.5863037109375</ele><time>2018-12-24T02:08:59Z</time></trkpt><trkpt lat="22.49543423" lon="114.05857594"><ele>3.976776123046875</ele><time>2018-12-24T02:09:00Z</time></trkpt><trkpt lat="22.4954227" lon="114.05855219"><ele>1.955963134765625</ele><time>2018-12-24T02:09:02Z</time></trkpt><trkpt lat="22.49542202" lon="114.05853231"><ele>2.986480712890625</ele><time>2018-12-24T02:09:04Z</time></trkpt><trkpt lat="22.4954264" lon="114.05850478"><ele>4.163848876953125</ele><time>2018-12-24T02:09:06Z</time></trkpt><trkpt lat="22.4954259" lon="114.05847023"><ele>3.7415771484375</ele><time>2018-12-24T02:09:08Z</time></trkpt><trkpt lat="22.49541789" lon="114.0584349"><ele>3.4832763671875</ele><time>2018-12-24T02:09:10Z</time></trkpt><trkpt lat="22.49540571" lon="114.05841092"><ele>3.098419189453125</ele><time>2018-12-24T02:09:12Z</time></trkpt><trkpt lat="22.49539415" lon="114.05839154"><ele>0.445831298828125</ele><time>2018-12-24T02:09:14Z</time></trkpt><trkpt lat="22.49538984" lon="114.05836957"><ele>2.072113037109375</ele><time>2018-12-24T02:09:15Z</time></trkpt><trkpt lat="22.49538448" lon="114.05834679"><ele>0.043304443359375</ele><time>2018-12-24T02:09:16Z</time></trkpt><trkpt lat="22.49538351" lon="114.05830974"><ele>1.09014892578125</ele><time>2018-12-24T02:09:18Z</time></trkpt><trkpt lat="22.49538594" lon="114.05827435"><ele>1.411590576171875</ele><time>2018-12-24T02:09:20Z</time></trkpt><trkpt lat="22.49537984" lon="114.058238"><ele>1.266815185546875</ele><time>2018-12-24T02:09:22Z</time></trkpt><trkpt lat="22.49537047" lon="114.05820804"><ele>0.209442138671875</ele><time>2018-12-24T02:09:24Z</time></trkpt><trkpt lat="22.49536235" lon="114.05818901"><ele>0.36566162109375</ele><time>2018-12-24T02:09:26Z</time></trkpt><trkpt lat="22.49535395" lon="114.05816447"><ele>-0.20037841796875</ele><time>2018-12-24T02:09:29Z</time></trkpt><trkpt lat="22.49534729" lon="114.05814508"><ele>-0.751922607421875</ele><time>2018-12-24T02:09:31Z</time></trkpt><trkpt lat="22.4953497" lon="114.05812317"><ele>0.15948486328125</ele><time>2018-12-24T02:09:33Z</time></trkpt><trkpt lat="22.4953562" lon="114.05808606"><ele>1.74749755859375</ele><time>2018-12-24T02:09:35Z</time></trkpt><trkpt lat="22.49535497" lon="114.05806476"><ele>0.338653564453125</ele><time>2018-12-24T02:09:36Z</time></trkpt><trkpt lat="22.495352" lon="114.05804246"><ele>0.970855712890625</ele><time>2018-12-24T02:09:37Z</time></trkpt><trkpt lat="22.49535179" lon="114.05802112"><ele>0.816558837890625</ele><time>2018-12-24T02:09:38Z</time></trkpt><trkpt lat="22.49535829" lon="114.05800063"><ele>0.702789306640625</ele><time>2018-12-24T02:09:40Z</time></trkpt><trkpt lat="22.49536581" lon="114.05797414"><ele>-0.00439453125</ele><time>2018-12-24T02:09:45Z</time></trkpt><trkpt lat="22.49535188" lon="114.05794411"><ele>-1.90264892578125</ele><time>2018-12-24T02:09:47Z</time></trkpt><trkpt lat="22.49533742" lon="114.05791981"><ele>0.770477294921875</ele><time>2018-12-24T02:09:49Z</time></trkpt><trkpt lat="22.49532778" lon="114.05789958"><ele>0.778564453125</ele><time>2018-12-24T02:09:50Z</time></trkpt><trkpt lat="22.49532016" lon="114.05787615"><ele>-0.129241943359375</ele><time>2018-12-24T02:09:51Z</time></trkpt><trkpt lat="22.49531587" lon="114.05785628"><ele>-1.720489501953125</ele><time>2018-12-24T02:09:52Z</time></trkpt><trkpt lat="22.49531192" lon="114.05781676"><ele>0.563629150390625</ele><time>2018-12-24T02:09:54Z</time></trkpt><trkpt lat="22.49530636" lon="114.05778771"><ele>-2.39544677734375</ele><time>2018-12-24T02:09:56Z</time></trkpt><trkpt lat="22.49530297" lon="114.05776108"><ele>-5.946075439453125</ele><time>2018-12-24T02:09:59Z</time></trkpt><trkpt lat="22.49529815" lon="114.05773486"><ele>-6.559356689453125</ele><time>2018-12-24T02:10:01Z</time></trkpt><trkpt lat="22.49528772" lon="114.05770203"><ele>-5.882415771484375</ele><time>2018-12-24T02:10:03Z</time></trkpt><trkpt lat="22.49527672" lon="114.05767607"><ele>-6.6553955078125</ele><time>2018-12-24T02:10:05Z</time></trkpt><trkpt lat="22.49527042" lon="114.05765524"><ele>-6.49884033203125</ele><time>2018-12-24T02:10:08Z</time></trkpt><trkpt lat="22.49527456" lon="114.05763302"><ele>-7.51763916015625</ele><time>2018-12-24T02:10:12Z</time></trkpt><trkpt lat="22.49527713" lon="114.05760916"><ele>-6.940948486328125</ele><time>2018-12-24T02:10:14Z</time></trkpt><trkpt lat="22.49527474" lon="114.05757546"><ele>-6.886962890625</ele><time>2018-12-24T02:10:16Z</time></trkpt><trkpt lat="22.49527684" lon="114.05754652"><ele>-5.26055908203125</ele><time>2018-12-24T02:10:18Z</time></trkpt><trkpt lat="22.49527988" lon="114.05751803"><ele>-6.12005615234375</ele><time>2018-12-24T02:10:20Z</time></trkpt><trkpt lat="22.49528016" lon="114.05748803"><ele>-7.248321533203125</ele><time>2018-12-24T02:10:22Z</time></trkpt><trkpt lat="22.49528531" lon="114.05746086"><ele>-8.2288818359375</ele><time>2018-12-24T02:10:24Z</time></trkpt><trkpt lat="22.49528642" lon="114.05742688"><ele>-7.34051513671875</ele><time>2018-12-24T02:10:26Z</time></trkpt><trkpt lat="22.49528106" lon="114.05739977"><ele>-7.107330322265625</ele><time>2018-12-24T02:10:28Z</time></trkpt><trkpt lat="22.49527549" lon="114.05737635"><ele>-5.0283203125</ele><time>2018-12-24T02:10:30Z</time></trkpt><trkpt lat="22.49526928" lon="114.05735165"><ele>-4.91815185546875</ele><time>2018-12-24T02:10:32Z</time></trkpt><trkpt lat="22.49525859" lon="114.05732281"><ele>-4.01104736328125</ele><time>2018-12-24T02:10:34Z</time></trkpt><trkpt lat="22.49524863" lon="114.05729743"><ele>-3.49639892578125</ele><time>2018-12-24T02:10:36Z</time></trkpt><trkpt lat="22.49523704" lon="114.05726668"><ele>-4.190338134765625</ele><time>2018-12-24T02:10:38Z</time></trkpt><trkpt lat="22.49522889" lon="114.05724836"><ele>-3.68792724609375</ele><time>2018-12-24T02:10:39Z</time></trkpt><trkpt lat="22.4952218" lon="114.05723014"><ele>-2.762847900390625</ele><time>2018-12-24T02:10:40Z</time></trkpt><trkpt lat="22.49521738" lon="114.05720919"><ele>-1.905242919921875</ele><time>2018-12-24T02:10:41Z</time></trkpt><trkpt lat="22.49521569" lon="114.05718461"><ele>-0.825927734375</ele><time>2018-12-24T02:10:42Z</time></trkpt><trkpt lat="22.49521558" lon="114.05715892"><ele>0.537750244140625</ele><time>2018-12-24T02:10:43Z</time></trkpt><trkpt lat="22.4952169" lon="114.05713735"><ele>0.953582763671875</ele><time>2018-12-24T02:10:44Z</time></trkpt><trkpt lat="22.49521678" lon="114.05710301"><ele>-0.389984130859375</ele><time>2018-12-24T02:10:46Z</time></trkpt><trkpt lat="22.4952113" lon="114.0570753"><ele>-1.1163330078125</ele><time>2018-12-24T02:10:48Z</time></trkpt><trkpt lat="22.49520477" lon="114.05705603"><ele>-1.0023193359375</ele><time>2018-12-24T02:10:50Z</time></trkpt><trkpt lat="22.49519587" lon="114.05702791"><ele>0.03985595703125</ele><time>2018-12-24T02:10:52Z</time></trkpt><trkpt lat="22.49519072" lon="114.0570091"><ele>-2.321075439453125</ele><time>2018-12-24T02:10:54Z</time></trkpt><trkpt lat="22.49519254" lon="114.05698726"><ele>-6.27130126953125</ele><time>2018-12-24T02:10:57Z</time></trkpt><trkpt lat="22.49519155" lon="114.05696412"><ele>-6.8560791015625</ele><time>2018-12-24T02:10:59Z</time></trkpt><trkpt lat="22.49518147" lon="114.05693183"><ele>-5.26324462890625</ele><time>2018-12-24T02:11:01Z</time></trkpt><trkpt lat="22.49517526" lon="114.05691171"><ele>-5.330230712890625</ele><time>2018-12-24T02:11:02Z</time></trkpt><trkpt lat="22.49516695" lon="114.05688215"><ele>-7.92474365234375</ele><time>2018-12-24T02:11:04Z</time></trkpt><trkpt lat="22.49516217" lon="114.05685558"><ele>-9.55841064453125</ele><time>2018-12-24T02:11:06Z</time></trkpt><trkpt lat="22.49515794" lon="114.05682845"><ele>-9.7169189453125</ele><time>2018-12-24T02:11:09Z</time></trkpt><trkpt lat="22.49516325" lon="114.05680966"><ele>-11.74407958984375</ele><time>2018-12-24T02:11:12Z</time></trkpt><trkpt lat="22.49516741" lon="114.05679"><ele>-11.242218017578125</ele><time>2018-12-24T02:11:14Z</time></trkpt><trkpt lat="22.49516408" lon="114.05676949"><ele>-11.037139892578125</ele><time>2018-12-24T02:11:16Z</time></trkpt><trkpt lat="22.49515034" lon="114.05674356"><ele>-12.133941650390625</ele><time>2018-12-24T02:11:19Z</time></trkpt><trkpt lat="22.49514073" lon="114.05672543"><ele>-12.79766845703125</ele><time>2018-12-24T02:11:21Z</time></trkpt><trkpt lat="22.49513348" lon="114.05669782"><ele>-14.22796630859375</ele><time>2018-12-24T02:11:24Z</time></trkpt><trkpt lat="22.49512935" lon="114.05666941"><ele>-11.591888427734375</ele><time>2018-12-24T02:11:26Z</time></trkpt><trkpt lat="22.49512801" lon="114.0566473"><ele>-11.437347412109375</ele><time>2018-12-24T02:11:28Z</time></trkpt><trkpt lat="22.4951213" lon="114.05661894"><ele>-9.95648193359375</ele><time>2018-12-24T02:11:34Z</time></trkpt><trkpt lat="22.49512821" lon="114.05658244"><ele>-9.1195068359375</ele><time>2018-12-24T02:11:36Z</time></trkpt><trkpt lat="22.49513164" lon="114.05656175"><ele>-8.84783935546875</ele><time>2018-12-24T02:11:37Z</time></trkpt><trkpt lat="22.49513519" lon="114.05654134"><ele>-8.743743896484375</ele><time>2018-12-24T02:11:38Z</time></trkpt><trkpt lat="22.49513866" lon="114.05651678"><ele>-7.906524658203125</ele><time>2018-12-24T02:11:40Z</time></trkpt><trkpt lat="22.49514321" lon="114.05649103"><ele>-5.395477294921875</ele><time>2018-12-24T02:11:42Z</time></trkpt><trkpt lat="22.49515719" lon="114.05645999"><ele>-5.871734619140625</ele><time>2018-12-24T02:11:44Z</time></trkpt><trkpt lat="22.49516976" lon="114.0564338"><ele>-5.044464111328125</ele><time>2018-12-24T02:11:46Z</time></trkpt><trkpt lat="22.49517954" lon="114.05640122"><ele>-4.167266845703125</ele><time>2018-12-24T02:11:48Z</time></trkpt><trkpt lat="22.4951798" lon="114.05636763"><ele>-2.5428466796875</ele><time>2018-12-24T02:11:50Z</time></trkpt><trkpt lat="22.49518829" lon="114.05634221"><ele>-2.222076416015625</ele><time>2018-12-24T02:11:56Z</time></trkpt><trkpt lat="22.49520016" lon="114.05631468"><ele>-0.832061767578125</ele><time>2018-12-24T02:11:59Z</time></trkpt><trkpt lat="22.49521069" lon="114.05628762"><ele>-1.745758056640625</ele><time>2018-12-24T02:12:01Z</time></trkpt><trkpt lat="22.4952155" lon="114.05625415"><ele>-0.710479736328125</ele><time>2018-12-24T02:12:04Z</time></trkpt><trkpt lat="22.49522199" lon="114.05622828"><ele>0.72344970703125</ele><time>2018-12-24T02:12:06Z</time></trkpt><trkpt lat="22.49522847" lon="114.05620528"><ele>-0.11798095703125</ele><time>2018-12-24T02:12:08Z</time></trkpt><trkpt lat="22.49522879" lon="114.0561854"><ele>0.780364990234375</ele><time>2018-12-24T02:12:10Z</time></trkpt><trkpt lat="22.49522553" lon="114.05616406"><ele>-0.951324462890625</ele><time>2018-12-24T02:12:12Z</time></trkpt><trkpt lat="22.49522567" lon="114.05614011"><ele>-0.5831298828125</ele><time>2018-12-24T02:12:14Z</time></trkpt><trkpt lat="22.49522878" lon="114.05611555"><ele>-1.591064453125</ele><time>2018-12-24T02:12:16Z</time></trkpt><trkpt lat="22.49523104" lon="114.05608403"><ele>-1.871490478515625</ele><time>2018-12-24T02:12:18Z</time></trkpt><trkpt lat="22.49523668" lon="114.0560467"><ele>-1.8563232421875</ele><time>2018-12-24T02:12:20Z</time></trkpt><trkpt lat="22.49524141" lon="114.05602793"><ele>-1.9954833984375</ele><time>2018-12-24T02:12:21Z</time></trkpt><trkpt lat="22.49525197" lon="114.05600177"><ele>-2.7601318359375</ele><time>2018-12-24T02:12:25Z</time></trkpt><trkpt lat="22.49525445" lon="114.05596653"><ele>-1.915802001953125</ele><time>2018-12-24T02:12:27Z</time></trkpt><trkpt lat="22.4952614" lon="114.05593421"><ele>-4.36138916015625</ele><time>2018-12-24T02:12:29Z</time></trkpt><trkpt lat="22.49526506" lon="114.05591455"><ele>-3.968475341796875</ele><time>2018-12-24T02:12:30Z</time></trkpt><trkpt lat="22.49526706" lon="114.05589396"><ele>-3.4986572265625</ele><time>2018-12-24T02:12:31Z</time></trkpt><trkpt lat="22.49526732" lon="114.05587295"><ele>-3.36968994140625</ele><time>2018-12-24T02:12:32Z</time></trkpt><trkpt lat="22.4952664" lon="114.05585276"><ele>-3.28619384765625</ele><time>2018-12-24T02:12:33Z</time></trkpt><trkpt lat="22.49526389" lon="114.05581916"><ele>-1.52471923828125</ele><time>2018-12-24T02:12:35Z</time></trkpt><trkpt lat="22.49525552" lon="114.05580162"><ele>-4.31036376953125</ele><time>2018-12-24T02:12:38Z</time></trkpt><trkpt lat="22.49525546" lon="114.05577433"><ele>-2.535430908203125</ele><time>2018-12-24T02:12:41Z</time></trkpt><trkpt lat="22.49526465" lon="114.055754"><ele>1.9351806640625</ele><time>2018-12-24T02:12:46Z</time></trkpt><trkpt lat="22.49526601" lon="114.05573431"><ele>4.603790283203125</ele><time>2018-12-24T02:12:49Z</time></trkpt><trkpt lat="22.49526959" lon="114.05570535"><ele>-0.085968017578125</ele><time>2018-12-24T02:12:54Z</time></trkpt><trkpt lat="22.49526636" lon="114.05568012"><ele>-1.01904296875</ele><time>2018-12-24T02:12:55Z</time></trkpt><trkpt lat="22.49526651" lon="114.05565408"><ele>-4.589263916015625</ele><time>2018-12-24T02:12:57Z</time></trkpt><trkpt lat="22.4952728" lon="114.05563572"><ele>-4.972076416015625</ele><time>2018-12-24T02:12:59Z</time></trkpt><trkpt lat="22.49526597" lon="114.05561521"><ele>-4.229705810546875</ele><time>2018-12-24T02:13:12Z</time></trkpt><trkpt lat="22.49526781" lon="114.05559057"><ele>-7.175537109375</ele><time>2018-12-24T02:13:14Z</time></trkpt><trkpt lat="22.49527244" lon="114.05556278"><ele>-4.76739501953125</ele><time>2018-12-24T02:13:16Z</time></trkpt><trkpt lat="22.49527997" lon="114.05553487"><ele>-3.87762451171875</ele><time>2018-12-24T02:13:18Z</time></trkpt><trkpt lat="22.49528624" lon="114.05550688"><ele>-3.92803955078125</ele><time>2018-12-24T02:13:20Z</time></trkpt><trkpt lat="22.49529265" lon="114.05548028"><ele>-4.48883056640625</ele><time>2018-12-24T02:13:22Z</time></trkpt><trkpt lat="22.49529652" lon="114.0554526"><ele>-4.9140625</ele><time>2018-12-24T02:13:24Z</time></trkpt><trkpt lat="22.49529955" lon="114.05542025"><ele>-5.53448486328125</ele><time>2018-12-24T02:13:26Z</time></trkpt><trkpt lat="22.49530496" lon="114.05539328"><ele>-5.0399169921875</ele><time>2018-12-24T02:13:28Z</time></trkpt><trkpt lat="22.49531075" lon="114.05536189"><ele>-4.973297119140625</ele><time>2018-12-24T02:13:30Z</time></trkpt><trkpt lat="22.49531529" lon="114.0553314"><ele>-4.2955322265625</ele><time>2018-12-24T02:13:32Z</time></trkpt><trkpt lat="22.49531713" lon="114.05530308"><ele>-5.113189697265625</ele><time>2018-12-24T02:13:34Z</time></trkpt><trkpt lat="22.49532024" lon="114.05527718"><ele>-4.97149658203125</ele><time>2018-12-24T02:13:36Z</time></trkpt><trkpt lat="22.49532475" lon="114.0552509"><ele>-5.859375</ele><time>2018-12-24T02:13:38Z</time></trkpt><trkpt lat="22.49532853" lon="114.05522207"><ele>-6.64361572265625</ele><time>2018-12-24T02:13:40Z</time></trkpt><trkpt lat="22.49533165" lon="114.05519355"><ele>-7.059783935546875</ele><time>2018-12-24T02:13:42Z</time></trkpt><trkpt lat="22.49533216" lon="114.05517405"><ele>-8.25421142578125</ele><time>2018-12-24T02:13:44Z</time></trkpt><trkpt lat="22.49534206" lon="114.05514872"><ele>-6.9520263671875</ele><time>2018-12-24T02:14:00Z</time></trkpt><trkpt lat="22.49533136" lon="114.05512547"><ele>-6.613189697265625</ele><time>2018-12-24T02:14:08Z</time></trkpt><trkpt lat="22.49533692" lon="114.05509784"><ele>-6.20281982421875</ele><time>2018-12-24T02:14:10Z</time></trkpt><trkpt lat="22.49534051" lon="114.05507031"><ele>-5.979827880859375</ele><time>2018-12-24T02:14:12Z</time></trkpt><trkpt lat="22.49534511" lon="114.05504333"><ele>-5.583984375</ele><time>2018-12-24T02:14:14Z</time></trkpt><trkpt lat="22.49534841" lon="114.05502138"><ele>-5.399749755859375</ele><time>2018-12-24T02:14:16Z</time></trkpt><trkpt lat="22.49535751" lon="114.05499761"><ele>-4.732269287109375</ele><time>2018-12-24T02:14:28Z</time></trkpt><trkpt lat="22.49536382" lon="114.05497166"><ele>-4.176605224609375</ele><time>2018-12-24T02:14:30Z</time></trkpt><trkpt lat="22.49536071" lon="114.05494665"><ele>-4.15032958984375</ele><time>2018-12-24T02:14:32Z</time></trkpt><trkpt lat="22.49536578" lon="114.05491919"><ele>-5.63922119140625</ele><time>2018-12-24T02:14:42Z</time></trkpt><trkpt lat="22.49536884" lon="114.05489894"><ele>-4.735931396484375</ele><time>2018-12-24T02:14:44Z</time></trkpt><trkpt lat="22.49537747" lon="114.05488162"><ele>-5.7313232421875</ele><time>2018-12-24T02:14:50Z</time></trkpt><trkpt lat="22.49538482" lon="114.05485869"><ele>-7.32989501953125</ele><time>2018-12-24T02:14:58Z</time></trkpt><trkpt lat="22.49538791" lon="114.0548374"><ele>-7.4334716796875</ele><time>2018-12-24T02:15:00Z</time></trkpt><trkpt lat="22.49537755" lon="114.05481543"><ele>-7.858184814453125</ele><time>2018-12-24T02:15:02Z</time></trkpt><trkpt lat="22.49535667" lon="114.05481241"><ele>-7.443572998046875</ele><time>2018-12-24T02:15:05Z</time></trkpt><trkpt lat="22.49535387" lon="114.05477746"><ele>-10.3553466796875</ele><time>2018-12-24T02:15:11Z</time></trkpt><trkpt lat="22.49536224" lon="114.05474185"><ele>-5.489501953125</ele><time>2018-12-24T02:15:13Z</time></trkpt><trkpt lat="22.49536438" lon="114.05471052"><ele>-1.76641845703125</ele><time>2018-12-24T02:15:15Z</time></trkpt><trkpt lat="22.49536458" lon="114.05468351"><ele>-1.327484130859375</ele><time>2018-12-24T02:15:17Z</time></trkpt><trkpt lat="22.49536333" lon="114.05466057"><ele>-1.639739990234375</ele><time>2018-12-24T02:15:19Z</time></trkpt><trkpt lat="22.49536955" lon="114.05463098"><ele>1.509552001953125</ele><time>2018-12-24T02:15:21Z</time></trkpt><trkpt lat="22.49538259" lon="114.05460768"><ele>-4.763641357421875</ele><time>2018-12-24T02:15:23Z</time></trkpt><trkpt lat="22.49539346" lon="114.05458913"><ele>-5.356781005859375</ele><time>2018-12-24T02:15:25Z</time></trkpt><trkpt lat="22.49539858" lon="114.05456724"><ele>-8.415771484375</ele><time>2018-12-24T02:15:27Z</time></trkpt><trkpt lat="22.49540194" lon="114.05454505"><ele>-9.30572509765625</ele><time>2018-12-24T02:15:29Z</time></trkpt><trkpt lat="22.49540448" lon="114.05451377"><ele>-9.053131103515625</ele><time>2018-12-24T02:15:31Z</time></trkpt><trkpt lat="22.49540381" lon="114.05447534"><ele>-6.911773681640625</ele><time>2018-12-24T02:15:33Z</time></trkpt><trkpt lat="22.49540279" lon="114.05445338"><ele>-6.34405517578125</ele><time>2018-12-24T02:15:34Z</time></trkpt><trkpt lat="22.49540061" lon="114.05443316"><ele>-5.1405029296875</ele><time>2018-12-24T02:15:35Z</time></trkpt><trkpt lat="22.49539645" lon="114.05440542"><ele>-5.2149658203125</ele><time>2018-12-24T02:15:37Z</time></trkpt><trkpt lat="22.49539836" lon="114.05438588"><ele>-6.336944580078125</ele><time>2018-12-24T02:15:39Z</time></trkpt><trkpt lat="22.49540192" lon="114.0543558"><ele>-6.9554443359375</ele><time>2018-12-24T02:15:41Z</time></trkpt><trkpt lat="22.49540762" lon="114.05432529"><ele>-8.45269775390625</ele><time>2018-12-24T02:15:43Z</time></trkpt><trkpt lat="22.49540905" lon="114.05430458"><ele>-12.87274169921875</ele><time>2018-12-24T02:15:45Z</time></trkpt><trkpt lat="22.49541276" lon="114.05427971"><ele>-11.291900634765625</ele><time>2018-12-24T02:15:47Z</time></trkpt><trkpt lat="22.4954173" lon="114.05425196"><ele>-11.71844482421875</ele><time>2018-12-24T02:15:49Z</time></trkpt><trkpt lat="22.49541614" lon="114.05422713"><ele>-11.4510498046875</ele><time>2018-12-24T02:15:51Z</time></trkpt><trkpt lat="22.49540866" lon="114.05420689"><ele>-11.373199462890625</ele><time>2018-12-24T02:15:54Z</time></trkpt><trkpt lat="22.49541086" lon="114.05417589"><ele>-11.483642578125</ele><time>2018-12-24T02:15:57Z</time></trkpt><trkpt lat="22.49542198" lon="114.05414491"><ele>-9.6788330078125</ele><time>2018-12-24T02:15:59Z</time></trkpt><trkpt lat="22.49543036" lon="114.05412725"><ele>-10.811767578125</ele><time>2018-12-24T02:16:00Z</time></trkpt><trkpt lat="22.49544394" lon="114.05409808"><ele>-12.467254638671875</ele><time>2018-12-24T02:16:02Z</time></trkpt><trkpt lat="22.49545003" lon="114.05406135"><ele>-11.505035400390625</ele><time>2018-12-24T02:16:04Z</time></trkpt><trkpt lat="22.4954526" lon="114.05404054"><ele>-10.299560546875</ele><time>2018-12-24T02:16:05Z</time></trkpt><trkpt lat="22.49545618" lon="114.05400178"><ele>-13.917449951171875</ele><time>2018-12-24T02:16:07Z</time></trkpt><trkpt lat="22.49545695" lon="114.05398032"><ele>-13.5458984375</ele><time>2018-12-24T02:16:08Z</time></trkpt><trkpt lat="22.49545557" lon="114.05395596"><ele>-13.047271728515625</ele><time>2018-12-24T02:16:09Z</time></trkpt><trkpt lat="22.49545349" lon="114.05393255"><ele>-12.36676025390625</ele><time>2018-12-24T02:16:10Z</time></trkpt><trkpt lat="22.49544963" lon="114.0539021"><ele>-11.416015625</ele><time>2018-12-24T02:16:12Z</time></trkpt><trkpt lat="22.49544976" lon="114.05387477"><ele>-11.93560791015625</ele><time>2018-12-24T02:16:14Z</time></trkpt><trkpt lat="22.49545214" lon="114.05384329"><ele>-12.69061279296875</ele><time>2018-12-24T02:16:16Z</time></trkpt><trkpt lat="22.49545367" lon="114.05380535"><ele>-12.441131591796875</ele><time>2018-12-24T02:16:18Z</time></trkpt><trkpt lat="22.49546048" lon="114.05376774"><ele>-12.68182373046875</ele><time>2018-12-24T02:16:20Z</time></trkpt><trkpt lat="22.49546525" lon="114.05373752"><ele>-13.88543701171875</ele><time>2018-12-24T02:16:22Z</time></trkpt><trkpt lat="22.4954743" lon="114.05371086"><ele>-16.08465576171875</ele><time>2018-12-24T02:16:24Z</time></trkpt><trkpt lat="22.49548007" lon="114.05367404"><ele>-17.11767578125</ele><time>2018-12-24T02:16:26Z</time></trkpt><trkpt lat="22.49547656" lon="114.05363842"><ele>-16.23291015625</ele><time>2018-12-24T02:16:28Z</time></trkpt><trkpt lat="22.4954656" lon="114.0536144"><ele>-15.008026123046875</ele><time>2018-12-24T02:16:30Z</time></trkpt><trkpt lat="22.49545103" lon="114.05359127"><ele>-13.777099609375</ele><time>2018-12-24T02:16:33Z</time></trkpt><trkpt lat="22.49544552" lon="114.05356897"><ele>-12.745391845703125</ele><time>2018-12-24T02:16:35Z</time></trkpt><trkpt lat="22.49544657" lon="114.05353403"><ele>-11.001129150390625</ele><time>2018-12-24T02:16:37Z</time></trkpt><trkpt lat="22.49544402" lon="114.0534967"><ele>-10.16290283203125</ele><time>2018-12-24T02:16:39Z</time></trkpt><trkpt lat="22.49543283" lon="114.05346054"><ele>-8.01507568359375</ele><time>2018-12-24T02:16:41Z</time></trkpt><trkpt lat="22.49542699" lon="114.05343749"><ele>-8.8004150390625</ele><time>2018-12-24T02:16:42Z</time></trkpt><trkpt lat="22.49541972" lon="114.05340322"><ele>-8.0877685546875</ele><time>2018-12-24T02:16:44Z</time></trkpt><trkpt lat="22.49541566" lon="114.05338353"><ele>-8.768890380859375</ele><time>2018-12-24T02:16:45Z</time></trkpt><trkpt lat="22.49541139" lon="114.05336255"><ele>-7.5921630859375</ele><time>2018-12-24T02:16:46Z</time></trkpt><trkpt lat="22.49540536" lon="114.053341"><ele>-7.11846923828125</ele><time>2018-12-24T02:16:47Z</time></trkpt><trkpt lat="22.49539603" lon="114.05332232"><ele>-6.25885009765625</ele><time>2018-12-24T02:16:48Z</time></trkpt><trkpt lat="22.49537992" lon="114.05329788"><ele>-7.011688232421875</ele><time>2018-12-24T02:16:50Z</time></trkpt><trkpt lat="22.49537346" lon="114.05327167"><ele>-7.2822265625</ele><time>2018-12-24T02:16:52Z</time></trkpt><trkpt lat="22.49537337" lon="114.05323759"><ele>-7.0784912109375</ele><time>2018-12-24T02:16:54Z</time></trkpt><trkpt lat="22.49536065" lon="114.05320033"><ele>-6.0556640625</ele><time>2018-12-24T02:16:56Z</time></trkpt><trkpt lat="22.495351" lon="114.05318087"><ele>-5.21728515625</ele><time>2018-12-24T02:16:57Z</time></trkpt><trkpt lat="22.49534502" lon="114.05316022"><ele>-5.4063720703125</ele><time>2018-12-24T02:16:58Z</time></trkpt><trkpt lat="22.49534694" lon="114.05312563"><ele>-6.81268310546875</ele><time>2018-12-24T02:17:00Z</time></trkpt><trkpt lat="22.49534848" lon="114.05309306"><ele>-6.314483642578125</ele><time>2018-12-24T02:17:02Z</time></trkpt><trkpt lat="22.49534101" lon="114.05305425"><ele>-6.08502197265625</ele><time>2018-12-24T02:17:04Z</time></trkpt><trkpt lat="22.49533486" lon="114.05303508"><ele>-5.867462158203125</ele><time>2018-12-24T02:17:05Z</time></trkpt><trkpt lat="22.49532539" lon="114.0530178"><ele>-7.862884521484375</ele><time>2018-12-24T02:17:06Z</time></trkpt><trkpt lat="22.49531655" lon="114.0530003"><ele>-6.793212890625</ele><time>2018-12-24T02:17:07Z</time></trkpt><trkpt lat="22.4953035" lon="114.05297031"><ele>-6.12371826171875</ele><time>2018-12-24T02:17:09Z</time></trkpt><trkpt lat="22.49528938" lon="114.05294354"><ele>-6.332305908203125</ele><time>2018-12-24T02:17:11Z</time></trkpt><trkpt lat="22.4952735" lon="114.05291595"><ele>-4.5029296875</ele><time>2018-12-24T02:17:13Z</time></trkpt><trkpt lat="22.49526241" lon="114.0529003"><ele>-3.586700439453125</ele><time>2018-12-24T02:17:15Z</time></trkpt><trkpt lat="22.49526601" lon="114.05287959"><ele>-8.890533447265625</ele><time>2018-12-24T02:17:18Z</time></trkpt><trkpt lat="22.49524763" lon="114.05286081"><ele>-5.227630615234375</ele><time>2018-12-24T02:17:28Z</time></trkpt><trkpt lat="22.49523599" lon="114.05284476"><ele>-3.482757568359375</ele><time>2018-12-24T02:17:30Z</time></trkpt><trkpt lat="22.49522372" lon="114.05282811"><ele>-6.437408447265625</ele><time>2018-12-24T02:17:32Z</time></trkpt><trkpt lat="22.49521918" lon="114.05280199"><ele>-7.414276123046875</ele><time>2018-12-24T02:17:34Z</time></trkpt><trkpt lat="22.49522522" lon="114.0527821"><ele>-9.243377685546875</ele><time>2018-12-24T02:17:36Z</time></trkpt><trkpt lat="22.49522091" lon="114.05274246"><ele>-9.233367919921875</ele><time>2018-12-24T02:17:38Z</time></trkpt><trkpt lat="22.49521123" lon="114.05272315"><ele>-12.049774169921875</ele><time>2018-12-24T02:17:39Z</time></trkpt><trkpt lat="22.49520058" lon="114.05270191"><ele>-11.106475830078125</ele><time>2018-12-24T02:17:40Z</time></trkpt><trkpt lat="22.49518931" lon="114.05268211"><ele>-13.85040283203125</ele><time>2018-12-24T02:17:41Z</time></trkpt><trkpt lat="22.49517816" lon="114.05265324"><ele>-13.55145263671875</ele><time>2018-12-24T02:17:43Z</time></trkpt><trkpt lat="22.49516778" lon="114.05262675"><ele>-13.075927734375</ele><time>2018-12-24T02:17:45Z</time></trkpt><trkpt lat="22.49515464" lon="114.05259044"><ele>-13.518890380859375</ele><time>2018-12-24T02:17:47Z</time></trkpt><trkpt lat="22.49514769" lon="114.05257112"><ele>-12.290313720703125</ele><time>2018-12-24T02:17:48Z</time></trkpt><trkpt lat="22.49512569" lon="114.05254284"><ele>-15.28765869140625</ele><time>2018-12-24T02:17:50Z</time></trkpt><trkpt lat="22.49510693" lon="114.05253356"><ele>-14.49169921875</ele><time>2018-12-24T02:17:52Z</time></trkpt><trkpt lat="22.49509033" lon="114.05251804"><ele>-12.581207275390625</ele><time>2018-12-24T02:17:55Z</time></trkpt><trkpt lat="22.49507286" lon="114.05249665"><ele>-12.49420166015625</ele><time>2018-12-24T02:17:57Z</time></trkpt><trkpt lat="22.49505353" lon="114.05246391"><ele>-13.527130126953125</ele><time>2018-12-24T02:17:59Z</time></trkpt><trkpt lat="22.49504365" lon="114.05244631"><ele>-12.83953857421875</ele><time>2018-12-24T02:18:00Z</time></trkpt><trkpt lat="22.49503148" lon="114.05242852"><ele>-10.163604736328125</ele><time>2018-12-24T02:18:02Z</time></trkpt><trkpt lat="22.49500963" lon="114.0524132"><ele>-10.716827392578125</ele><time>2018-12-24T02:18:05Z</time></trkpt><trkpt lat="22.49499628" lon="114.05239326"><ele>-8.008636474609375</ele><time>2018-12-24T02:18:08Z</time></trkpt><trkpt lat="22.49500988" lon="114.05240818"><ele>-10.119293212890625</ele><time>2018-12-24T02:18:11Z</time></trkpt><trkpt lat="22.49500699" lon="114.05237925"><ele>-7.079071044921875</ele><time>2018-12-24T02:18:22Z</time></trkpt><trkpt lat="22.49500112" lon="114.05235609"><ele>-6.244903564453125</ele><time>2018-12-24T02:18:24Z</time></trkpt><trkpt lat="22.49500348" lon="114.05232754"><ele>-9.489776611328125</ele><time>2018-12-24T02:18:26Z</time></trkpt><trkpt lat="22.49500161" lon="114.05228935"><ele>-8.31097412109375</ele><time>2018-12-24T02:18:28Z</time></trkpt><trkpt lat="22.49499973" lon="114.05226625"><ele>-9.384033203125</ele><time>2018-12-24T02:18:29Z</time></trkpt><trkpt lat="22.49499217" lon="114.0522467"><ele>-9.134246826171875</ele><time>2018-12-24T02:18:30Z</time></trkpt><trkpt lat="22.49497404" lon="114.05222156"><ele>-15.95587158203125</ele><time>2018-12-24T02:18:32Z</time></trkpt><trkpt lat="22.49495672" lon="114.05220191"><ele>-15.313018798828125</ele><time>2018-12-24T02:18:34Z</time></trkpt><trkpt lat="22.49493623" lon="114.0521778"><ele>-10.667724609375</ele><time>2018-12-24T02:18:36Z</time></trkpt><trkpt lat="22.49491339" lon="114.05215987"><ele>-10.758819580078125</ele><time>2018-12-24T02:18:38Z</time></trkpt><trkpt lat="22.49489236" lon="114.05214239"><ele>-11.5718994140625</ele><time>2018-12-24T02:18:40Z</time></trkpt><trkpt lat="22.49487556" lon="114.05212455"><ele>-10.242919921875</ele><time>2018-12-24T02:18:42Z</time></trkpt><trkpt lat="22.4948616" lon="114.05209503"><ele>-10.62628173828125</ele><time>2018-12-24T02:18:44Z</time></trkpt><trkpt lat="22.49485143" lon="114.05207419"><ele>-13.204833984375</ele><time>2018-12-24T02:18:46Z</time></trkpt><trkpt lat="22.49483075" lon="114.05204303"><ele>-13.239715576171875</ele><time>2018-12-24T02:18:48Z</time></trkpt><trkpt lat="22.49481567" lon="114.05202112"><ele>-13.311492919921875</ele><time>2018-12-24T02:18:49Z</time></trkpt><trkpt lat="22.49480482" lon="114.05200446"><ele>-13.68389892578125</ele><time>2018-12-24T02:18:50Z</time></trkpt><trkpt lat="22.49478758" lon="114.05197477"><ele>-9.72802734375</ele><time>2018-12-24T02:18:52Z</time></trkpt><trkpt lat="22.49478153" lon="114.05195569"><ele>-8.66497802734375</ele><time>2018-12-24T02:18:53Z</time></trkpt><trkpt lat="22.49476958" lon="114.05192573"><ele>-7.815948486328125</ele><time>2018-12-24T02:18:55Z</time></trkpt><trkpt lat="22.49475421" lon="114.05190165"><ele>-8.78857421875</ele><time>2018-12-24T02:18:57Z</time></trkpt><trkpt lat="22.49472913" lon="114.05187665"><ele>-7.139862060546875</ele><time>2018-12-24T02:18:59Z</time></trkpt><trkpt lat="22.49470539" lon="114.0518556"><ele>-5.915740966796875</ele><time>2018-12-24T02:19:01Z</time></trkpt><trkpt lat="22.49468271" lon="114.05183603"><ele>-6.4871826171875</ele><time>2018-12-24T02:19:03Z</time></trkpt><trkpt lat="22.49465847" lon="114.05181528"><ele>-6.489715576171875</ele><time>2018-12-24T02:19:05Z</time></trkpt><trkpt lat="22.49463395" lon="114.0517991"><ele>-6.22955322265625</ele><time>2018-12-24T02:19:07Z</time></trkpt><trkpt lat="22.49461809" lon="114.05178862"><ele>-5.76544189453125</ele><time>2018-12-24T02:19:09Z</time></trkpt><trkpt lat="22.49460272" lon="114.05177362"><ele>-3.252593994140625</ele><time>2018-12-24T02:19:11Z</time></trkpt><trkpt lat="22.49458404" lon="114.05175393"><ele>-3.192718505859375</ele><time>2018-12-24T02:19:13Z</time></trkpt><trkpt lat="22.49456717" lon="114.05173445"><ele>-2.786590576171875</ele><time>2018-12-24T02:19:15Z</time></trkpt><trkpt lat="22.49455033" lon="114.05171201"><ele>-1.7757568359375</ele><time>2018-12-24T02:19:17Z</time></trkpt><trkpt lat="22.49452489" lon="114.05168642"><ele>-2.35614013671875</ele><time>2018-12-24T02:19:19Z</time></trkpt><trkpt lat="22.49451155" lon="114.05167264"><ele>-2.32666015625</ele><time>2018-12-24T02:19:20Z</time></trkpt><trkpt lat="22.49449444" lon="114.05164032"><ele>-1.787200927734375</ele><time>2018-12-24T02:19:22Z</time></trkpt><trkpt lat="22.49448157" lon="114.05162666"><ele>-1.56939697265625</ele><time>2018-12-24T02:19:23Z</time></trkpt><trkpt lat="22.49446491" lon="114.05160415"><ele>-2.393768310546875</ele><time>2018-12-24T02:19:25Z</time></trkpt><trkpt lat="22.49444833" lon="114.05158192"><ele>-3.29864501953125</ele><time>2018-12-24T02:19:27Z</time></trkpt><trkpt lat="22.49443761" lon="114.05155754"><ele>-3.771240234375</ele><time>2018-12-24T02:19:29Z</time></trkpt><trkpt lat="22.49443" lon="114.05152884"><ele>-3.8089599609375</ele><time>2018-12-24T02:19:31Z</time></trkpt><trkpt lat="22.49442524" lon="114.0514938"><ele>-4.00732421875</ele><time>2018-12-24T02:19:33Z</time></trkpt><trkpt lat="22.49441869" lon="114.05146371"><ele>-5.22821044921875</ele><time>2018-12-24T02:19:35Z</time></trkpt><trkpt lat="22.4944071" lon="114.0514341"><ele>-5.757415771484375</ele><time>2018-12-24T02:19:37Z</time></trkpt><trkpt lat="22.4943975" lon="114.05140426"><ele>-3.60205078125</ele><time>2018-12-24T02:19:39Z</time></trkpt><trkpt lat="22.4943814" lon="114.05137591"><ele>-4.901763916015625</ele><time>2018-12-24T02:19:41Z</time></trkpt><trkpt lat="22.49436404" lon="114.05134607"><ele>-5.057281494140625</ele><time>2018-12-24T02:19:43Z</time></trkpt><trkpt lat="22.49434777" lon="114.05131373"><ele>-6.74786376953125</ele><time>2018-12-24T02:19:45Z</time></trkpt><trkpt lat="22.49433786" lon="114.0512934"><ele>-7.70416259765625</ele><time>2018-12-24T02:19:47Z</time></trkpt><trkpt lat="22.49431897" lon="114.05126353"><ele>-6.920013427734375</ele><time>2018-12-24T02:19:49Z</time></trkpt><trkpt lat="22.49430954" lon="114.05123859"><ele>-7.540740966796875</ele><time>2018-12-24T02:19:51Z</time></trkpt><trkpt lat="22.49430425" lon="114.0512168"><ele>-8.319976806640625</ele><time>2018-12-24T02:19:53Z</time></trkpt><trkpt lat="22.49429619" lon="114.05119096"><ele>-8.06195068359375</ele><time>2018-12-24T02:19:56Z</time></trkpt><trkpt lat="22.4942949" lon="114.05116104"><ele>-8.02117919921875</ele><time>2018-12-24T02:19:58Z</time></trkpt><trkpt lat="22.49430411" lon="114.05113368"><ele>-8.986053466796875</ele><time>2018-12-24T02:20:00Z</time></trkpt><trkpt lat="22.49431666" lon="114.05111027"><ele>-9.53912353515625</ele><time>2018-12-24T02:20:02Z</time></trkpt><trkpt lat="22.49433012" lon="114.05108261"><ele>-9.36651611328125</ele><time>2018-12-24T02:20:04Z</time></trkpt><trkpt lat="22.49434487" lon="114.05105571"><ele>-6.900787353515625</ele><time>2018-12-24T02:20:06Z</time></trkpt><trkpt lat="22.49437046" lon="114.05102978"><ele>-5.74261474609375</ele><time>2018-12-24T02:20:08Z</time></trkpt><trkpt lat="22.49439608" lon="114.05101094"><ele>-7.4591064453125</ele><time>2018-12-24T02:20:10Z</time></trkpt><trkpt lat="22.49441342" lon="114.05099854"><ele>-4.94476318359375</ele><time>2018-12-24T02:20:12Z</time></trkpt><trkpt lat="22.49443704" lon="114.05098725"><ele>-6.7015380859375</ele><time>2018-12-24T02:20:14Z</time></trkpt><trkpt lat="22.49445622" lon="114.05097995"><ele>-6.180999755859375</ele><time>2018-12-24T02:20:16Z</time></trkpt><trkpt lat="22.4944731" lon="114.05096442"><ele>-8.2774658203125</ele><time>2018-12-24T02:20:18Z</time></trkpt><trkpt lat="22.49449506" lon="114.05094103"><ele>-11.764495849609375</ele><time>2018-12-24T02:20:20Z</time></trkpt><trkpt lat="22.4945187" lon="114.05091887"><ele>-11.557525634765625</ele><time>2018-12-24T02:20:22Z</time></trkpt><trkpt lat="22.49454316" lon="114.05089973"><ele>-10.74786376953125</ele><time>2018-12-24T02:20:24Z</time></trkpt><trkpt lat="22.49456582" lon="114.05088291"><ele>-10.44403076171875</ele><time>2018-12-24T02:20:26Z</time></trkpt><trkpt lat="22.49458813" lon="114.05086279"><ele>-10.6624755859375</ele><time>2018-12-24T02:20:28Z</time></trkpt><trkpt lat="22.49460174" lon="114.05084775"><ele>-10.301727294921875</ele><time>2018-12-24T02:20:29Z</time></trkpt><trkpt lat="22.49461866" lon="114.05082427"><ele>-9.532867431640625</ele><time>2018-12-24T02:20:31Z</time></trkpt><trkpt lat="22.49462913" lon="114.05079836"><ele>-8.37567138671875</ele><time>2018-12-24T02:20:33Z</time></trkpt><trkpt lat="22.49463652" lon="114.0507653"><ele>-7.03387451171875</ele><time>2018-12-24T02:20:35Z</time></trkpt><trkpt lat="22.49463737" lon="114.05073632"><ele>-8.467071533203125</ele><time>2018-12-24T02:20:37Z</time></trkpt><trkpt lat="22.49463364" lon="114.05070447"><ele>-7.95941162109375</ele><time>2018-12-24T02:20:39Z</time></trkpt><trkpt lat="22.49462843" lon="114.05066894"><ele>-8.342010498046875</ele><time>2018-12-24T02:20:41Z</time></trkpt><trkpt lat="22.49462469" lon="114.05063596"><ele>-9.26751708984375</ele><time>2018-12-24T02:20:43Z</time></trkpt><trkpt lat="22.49461865" lon="114.05060386"><ele>-7.925445556640625</ele><time>2018-12-24T02:20:45Z</time></trkpt><trkpt lat="22.49461428" lon="114.05058023"><ele>-6.966705322265625</ele><time>2018-12-24T02:20:47Z</time></trkpt><trkpt lat="22.49460908" lon="114.05055397"><ele>-6.58795166015625</ele><time>2018-12-24T02:20:49Z</time></trkpt><trkpt lat="22.4946024" lon="114.05052264"><ele>-7.791412353515625</ele><time>2018-12-24T02:20:52Z</time></trkpt><trkpt lat="22.49459879" lon="114.05049343"><ele>-10.042877197265625</ele><time>2018-12-24T02:20:54Z</time></trkpt><trkpt lat="22.49460247" lon="114.05045551"><ele>-10.340087890625</ele><time>2018-12-24T02:20:56Z</time></trkpt><trkpt lat="22.49460061" lon="114.05042979"><ele>-10.45892333984375</ele><time>2018-12-24T02:20:58Z</time></trkpt><trkpt lat="22.49459641" lon="114.05039838"><ele>-8.362030029296875</ele><time>2018-12-24T02:21:00Z</time></trkpt><trkpt lat="22.49459498" lon="114.05037188"><ele>-8.524566650390625</ele><time>2018-12-24T02:21:02Z</time></trkpt><trkpt lat="22.49459928" lon="114.0503475"><ele>-9.371429443359375</ele><time>2018-12-24T02:21:04Z</time></trkpt><trkpt lat="22.49461809" lon="114.05031397"><ele>-7.711700439453125</ele><time>2018-12-24T02:21:14Z</time></trkpt><trkpt lat="22.49463084" lon="114.05029774"><ele>-4.903594970703125</ele><time>2018-12-24T02:21:15Z</time></trkpt><trkpt lat="22.49464245" lon="114.05028227"><ele>-6.679718017578125</ele><time>2018-12-24T02:21:16Z</time></trkpt><trkpt lat="22.49466529" lon="114.05025395"><ele>-7.675537109375</ele><time>2018-12-24T02:21:18Z</time></trkpt><trkpt lat="22.49469003" lon="114.0502293"><ele>-8.208251953125</ele><time>2018-12-24T02:21:20Z</time></trkpt><trkpt lat="22.49471216" lon="114.05020411"><ele>-8.197021484375</ele><time>2018-12-24T02:21:22Z</time></trkpt><trkpt lat="22.49473944" lon="114.05018078"><ele>-7.632720947265625</ele><time>2018-12-24T02:21:24Z</time></trkpt><trkpt lat="22.49475323" lon="114.05016621"><ele>-7.9365234375</ele><time>2018-12-24T02:21:25Z</time></trkpt><trkpt lat="22.49476559" lon="114.05014944"><ele>-6.735687255859375</ele><time>2018-12-24T02:21:26Z</time></trkpt><trkpt lat="22.49477571" lon="114.05013186"><ele>-6.2083740234375</ele><time>2018-12-24T02:21:27Z</time></trkpt><trkpt lat="22.4947859" lon="114.0501154"><ele>-5.608642578125</ele><time>2018-12-24T02:21:28Z</time></trkpt><trkpt lat="22.49480464" lon="114.05008845"><ele>-5.0418701171875</ele><time>2018-12-24T02:21:30Z</time></trkpt><trkpt lat="22.49482665" lon="114.05006479"><ele>-5.20880126953125</ele><time>2018-12-24T02:21:32Z</time></trkpt><trkpt lat="22.4948534" lon="114.05004086"><ele>-5.35601806640625</ele><time>2018-12-24T02:21:34Z</time></trkpt><trkpt lat="22.49487782" lon="114.05001928"><ele>-6.125244140625</ele><time>2018-12-24T02:21:36Z</time></trkpt><trkpt lat="22.49489887" lon="114.05000088"><ele>-4.911346435546875</ele><time>2018-12-24T02:21:38Z</time></trkpt><trkpt lat="22.49492206" lon="114.04997733"><ele>-4.016326904296875</ele><time>2018-12-24T02:21:40Z</time></trkpt><trkpt lat="22.49494129" lon="114.0499539"><ele>-3.661468505859375</ele><time>2018-12-24T02:21:42Z</time></trkpt><trkpt lat="22.49495644" lon="114.04993288"><ele>-3.4520263671875</ele><time>2018-12-24T02:21:44Z</time></trkpt><trkpt lat="22.49497216" lon="114.04991213"><ele>-3.88421630859375</ele><time>2018-12-24T02:21:46Z</time></trkpt><trkpt lat="22.49499358" lon="114.04988959"><ele>-3.96990966796875</ele><time>2018-12-24T02:21:48Z</time></trkpt><trkpt lat="22.49500996" lon="114.04987156"><ele>-4.791259765625</ele><time>2018-12-24T02:21:50Z</time></trkpt><trkpt lat="22.49503479" lon="114.04984899"><ele>-2.5323486328125</ele><time>2018-12-24T02:21:52Z</time></trkpt><trkpt lat="22.49505673" lon="114.0498194"><ele>-2.278717041015625</ele><time>2018-12-24T02:21:54Z</time></trkpt><trkpt lat="22.49507589" lon="114.04979748"><ele>-2.15570068359375</ele><time>2018-12-24T02:21:56Z</time></trkpt><trkpt lat="22.49508934" lon="114.04978151"><ele>-3.18939208984375</ele><time>2018-12-24T02:21:58Z</time></trkpt><trkpt lat="22.49510279" lon="114.04976021"><ele>-2.863861083984375</ele><time>2018-12-24T02:22:00Z</time></trkpt><trkpt lat="22.49511621" lon="114.04974294"><ele>-3.58404541015625</ele><time>2018-12-24T02:22:02Z</time></trkpt><trkpt lat="22.4951359" lon="114.04972801"><ele>-4.715789794921875</ele><time>2018-12-24T02:22:04Z</time></trkpt><trkpt lat="22.49515473" lon="114.0497113"><ele>-5.643157958984375</ele><time>2018-12-24T02:22:06Z</time></trkpt><trkpt lat="22.49517277" lon="114.04969229"><ele>-3.8743896484375</ele><time>2018-12-24T02:22:08Z</time></trkpt><trkpt lat="22.49518964" lon="114.04966644"><ele>-2.71826171875</ele><time>2018-12-24T02:22:10Z</time></trkpt><trkpt lat="22.49520992" lon="114.0496373"><ele>-4.653778076171875</ele><time>2018-12-24T02:22:12Z</time></trkpt><trkpt lat="22.49523656" lon="114.04961678"><ele>-5.643402099609375</ele><time>2018-12-24T02:22:14Z</time></trkpt><trkpt lat="22.49525013" lon="114.04960396"><ele>-6.477874755859375</ele><time>2018-12-24T02:22:15Z</time></trkpt><trkpt lat="22.4952642" lon="114.04958948"><ele>-6.593658447265625</ele><time>2018-12-24T02:22:16Z</time></trkpt><trkpt lat="22.49527847" lon="114.0495773"><ele>-5.53192138671875</ele><time>2018-12-24T02:22:17Z</time></trkpt><trkpt lat="22.49530591" lon="114.04955675"><ele>-3.89666748046875</ele><time>2018-12-24T02:22:19Z</time></trkpt><trkpt lat="22.49532969" lon="114.0495431"><ele>-2.540924072265625</ele><time>2018-12-24T02:22:21Z</time></trkpt><trkpt lat="22.49534721" lon="114.0495227"><ele>-1.937835693359375</ele><time>2018-12-24T02:22:24Z</time></trkpt><trkpt lat="22.49536021" lon="114.04950682"><ele>-1.471954345703125</ele><time>2018-12-24T02:22:25Z</time></trkpt><trkpt lat="22.49537319" lon="114.04948905"><ele>-0.045806884765625</ele><time>2018-12-24T02:22:26Z</time></trkpt><trkpt lat="22.49538615" lon="114.04947169"><ele>1.8536376953125</ele><time>2018-12-24T02:22:27Z</time></trkpt><trkpt lat="22.49539832" lon="114.04945595"><ele>2.006378173828125</ele><time>2018-12-24T02:22:28Z</time></trkpt><trkpt lat="22.49541233" lon="114.04943965"><ele>1.800933837890625</ele><time>2018-12-24T02:22:29Z</time></trkpt><trkpt lat="22.49542664" lon="114.04941958"><ele>1.0675048828125</ele><time>2018-12-24T02:22:30Z</time></trkpt><trkpt lat="22.49544128" lon="114.049398"><ele>0.507904052734375</ele><time>2018-12-24T02:22:31Z</time></trkpt><trkpt lat="22.49545414" lon="114.04937949"><ele>0.1221923828125</ele><time>2018-12-24T02:22:32Z</time></trkpt><trkpt lat="22.49547465" lon="114.04935439"><ele>-1.080291748046875</ele><time>2018-12-24T02:22:34Z</time></trkpt><trkpt lat="22.49549157" lon="114.04933082"><ele>0.428314208984375</ele><time>2018-12-24T02:22:36Z</time></trkpt><trkpt lat="22.49550346" lon="114.04931569"><ele>1.28863525390625</ele><time>2018-12-24T02:22:37Z</time></trkpt><trkpt lat="22.49551675" lon="114.04929819"><ele>0.836029052734375</ele><time>2018-12-24T02:22:38Z</time></trkpt><trkpt lat="22.49552996" lon="114.0492824"><ele>0.9840087890625</ele><time>2018-12-24T02:22:39Z</time></trkpt><trkpt lat="22.4955425" lon="114.04926672"><ele>0.428619384765625</ele><time>2018-12-24T02:22:40Z</time></trkpt><trkpt lat="22.49555427" lon="114.04925028"><ele>-0.750213623046875</ele><time>2018-12-24T02:22:41Z</time></trkpt><trkpt lat="22.49557355" lon="114.04922044"><ele>-2.234222412109375</ele><time>2018-12-24T02:22:43Z</time></trkpt><trkpt lat="22.49559077" lon="114.04918224"><ele>-3.93060302734375</ele><time>2018-12-24T02:22:45Z</time></trkpt><trkpt lat="22.49559569" lon="114.04916341"><ele>-2.29266357421875</ele><time>2018-12-24T02:22:46Z</time></trkpt><trkpt lat="22.49559108" lon="114.04912658"><ele>-4.64111328125</ele><time>2018-12-24T02:22:48Z</time></trkpt><trkpt lat="22.49558408" lon="114.04908976"><ele>-2.20916748046875</ele><time>2018-12-24T02:22:50Z</time></trkpt><trkpt lat="22.49557904" lon="114.04905576"><ele>-1.079833984375</ele><time>2018-12-24T02:22:52Z</time></trkpt><trkpt lat="22.49558356" lon="114.04902315"><ele>-0.546966552734375</ele><time>2018-12-24T02:22:54Z</time></trkpt><trkpt lat="22.49560068" lon="114.04898518"><ele>-1.803436279296875</ele><time>2018-12-24T02:22:56Z</time></trkpt><trkpt lat="22.49561199" lon="114.0489646"><ele>-1.97381591796875</ele><time>2018-12-24T02:22:57Z</time></trkpt><trkpt lat="22.49563392" lon="114.04891806"><ele>-5.036834716796875</ele><time>2018-12-24T02:23:00Z</time></trkpt><trkpt lat="22.49563534" lon="114.04889775"><ele>-5.11077880859375</ele><time>2018-12-24T02:23:02Z</time></trkpt><trkpt lat="22.4956402" lon="114.04886875"><ele>-7.049041748046875</ele><time>2018-12-24T02:23:04Z</time></trkpt><trkpt lat="22.49564646" lon="114.0488437"><ele>-6.57232666015625</ele><time>2018-12-24T02:23:06Z</time></trkpt><trkpt lat="22.49565141" lon="114.04882387"><ele>-7.1163330078125</ele><time>2018-12-24T02:23:08Z</time></trkpt><trkpt lat="22.49565196" lon="114.04879679"><ele>-2.526153564453125</ele><time>2018-12-24T02:23:12Z</time></trkpt><trkpt lat="22.49564535" lon="114.04877415"><ele>-3.72003173828125</ele><time>2018-12-24T02:23:15Z</time></trkpt><trkpt lat="22.49565571" lon="114.04875518"><ele>-4.8216552734375</ele><time>2018-12-24T02:23:19Z</time></trkpt><trkpt lat="22.49565802" lon="114.04872979"><ele>-4.144317626953125</ele><time>2018-12-24T02:23:22Z</time></trkpt><trkpt lat="22.49564761" lon="114.0487047"><ele>-3.9918212890625</ele><time>2018-12-24T02:23:24Z</time></trkpt><trkpt lat="22.49564059" lon="114.04867871"><ele>-0.342010498046875</ele><time>2018-12-24T02:23:27Z</time></trkpt><trkpt lat="22.49565318" lon="114.04866444"><ele>0.065887451171875</ele><time>2018-12-24T02:23:29Z</time></trkpt><trkpt lat="22.49567572" lon="114.04865688"><ele>-1.000579833984375</ele><time>2018-12-24T02:23:32Z</time></trkpt><trkpt lat="22.49569487" lon="114.0486365"><ele>-3.292144775390625</ele><time>2018-12-24T02:23:35Z</time></trkpt><trkpt lat="22.49570751" lon="114.04861431"><ele>-4.43670654296875</ele><time>2018-12-24T02:23:37Z</time></trkpt><trkpt lat="22.4957308" lon="114.04859515"><ele>-3.956268310546875</ele><time>2018-12-24T02:23:39Z</time></trkpt><trkpt lat="22.49575295" lon="114.04858263"><ele>-2.97039794921875</ele><time>2018-12-24T02:23:41Z</time></trkpt><trkpt lat="22.49577759" lon="114.04857774"><ele>-2.961822509765625</ele><time>2018-12-24T02:23:44Z</time></trkpt><trkpt lat="22.49579234" lon="114.04856316"><ele>-1.263214111328125</ele><time>2018-12-24T02:23:46Z</time></trkpt><trkpt lat="22.49581582" lon="114.0485506"><ele>-0.22540283203125</ele><time>2018-12-24T02:23:49Z</time></trkpt><trkpt lat="22.49583484" lon="114.04853633"><ele>0.14581298828125</ele><time>2018-12-24T02:23:51Z</time></trkpt><trkpt lat="22.49585128" lon="114.04852265"><ele>2.121063232421875</ele><time>2018-12-24T02:23:53Z</time></trkpt><trkpt lat="22.49586445" lon="114.04850236"><ele>1.908294677734375</ele><time>2018-12-24T02:23:55Z</time></trkpt><trkpt lat="22.49587889" lon="114.04847908"><ele>1.20306396484375</ele><time>2018-12-24T02:23:57Z</time></trkpt><trkpt lat="22.49589326" lon="114.04845178"><ele>1.49688720703125</ele><time>2018-12-24T02:23:59Z</time></trkpt><trkpt lat="22.4959087" lon="114.04842747"><ele>2.116973876953125</ele><time>2018-12-24T02:24:01Z</time></trkpt><trkpt lat="22.49591855" lon="114.04841101"><ele>1.307373046875</ele><time>2018-12-24T02:24:03Z</time></trkpt><trkpt lat="22.49593417" lon="114.04839059"><ele>1.289093017578125</ele><time>2018-12-24T02:24:05Z</time></trkpt><trkpt lat="22.49594851" lon="114.04837074"><ele>-0.171905517578125</ele><time>2018-12-24T02:24:07Z</time></trkpt><trkpt lat="22.49596778" lon="114.04834453"><ele>-0.38165283203125</ele><time>2018-12-24T02:24:09Z</time></trkpt><trkpt lat="22.49598748" lon="114.04832468"><ele>0.135009765625</ele><time>2018-12-24T02:24:11Z</time></trkpt><trkpt lat="22.49601088" lon="114.04829645"><ele>-0.32232666015625</ele><time>2018-12-24T02:24:13Z</time></trkpt><trkpt lat="22.496029" lon="114.04827027"><ele>-0.72662353515625</ele><time>2018-12-24T02:24:15Z</time></trkpt><trkpt lat="22.49604597" lon="114.04824675"><ele>-2.681854248046875</ele><time>2018-12-24T02:24:17Z</time></trkpt><trkpt lat="22.49605401" lon="114.04822795"><ele>-2.41162109375</ele><time>2018-12-24T02:24:20Z</time></trkpt><trkpt lat="22.49605548" lon="114.04820679"><ele>-1.52691650390625</ele><time>2018-12-24T02:24:38Z</time></trkpt><trkpt lat="22.49605333" lon="114.04817956"><ele>-1.711090087890625</ele><time>2018-12-24T02:24:43Z</time></trkpt><trkpt lat="22.4960611" lon="114.04815075"><ele>0.891204833984375</ele><time>2018-12-24T02:24:46Z</time></trkpt><trkpt lat="22.4960785" lon="114.04812523"><ele>-2.03369140625</ele><time>2018-12-24T02:24:49Z</time></trkpt><trkpt lat="22.49607421" lon="114.048104"><ele>1.73834228515625</ele><time>2018-12-24T02:25:01Z</time></trkpt><trkpt lat="22.49609051" lon="114.04811729"><ele>1.072845458984375</ele><time>2018-12-24T02:25:05Z</time></trkpt><trkpt lat="22.49610672" lon="114.04813366"><ele>1.44952392578125</ele><time>2018-12-24T02:25:08Z</time></trkpt><trkpt lat="22.49612886" lon="114.04814519"><ele>2.13037109375</ele><time>2018-12-24T02:25:11Z</time></trkpt><trkpt lat="22.49611659" lon="114.04816863"><ele>1.454376220703125</ele><time>2018-12-24T02:25:26Z</time></trkpt><trkpt lat="22.49611235" lon="114.0481876"><ele>-0.48834228515625</ele><time>2018-12-24T02:25:28Z</time></trkpt><trkpt lat="22.49610039" lon="114.04820782"><ele>-1.636077880859375</ele><time>2018-12-24T02:25:30Z</time></trkpt><trkpt lat="22.49608544" lon="114.04823442"><ele>-2.0677490234375</ele><time>2018-12-24T02:25:32Z</time></trkpt><trkpt lat="22.49607558" lon="114.04825115"><ele>-3.64874267578125</ele><time>2018-12-24T02:25:33Z</time></trkpt><trkpt lat="22.49605551" lon="114.04828037"><ele>-5.110595703125</ele><time>2018-12-24T02:25:35Z</time></trkpt><trkpt lat="22.4960381" lon="114.04830785"><ele>-2.887237548828125</ele><time>2018-12-24T02:25:37Z</time></trkpt><trkpt lat="22.49601969" lon="114.04833225"><ele>-1.910888671875</ele><time>2018-12-24T02:25:39Z</time></trkpt><trkpt lat="22.49600672" lon="114.04834764"><ele>-1.445556640625</ele><time>2018-12-24T02:25:40Z</time></trkpt><trkpt lat="22.49598847" lon="114.04837471"><ele>-1.045318603515625</ele><time>2018-12-24T02:25:42Z</time></trkpt><trkpt lat="22.49597545" lon="114.0484012"><ele>-0.9569091796875</ele><time>2018-12-24T02:25:44Z</time></trkpt><trkpt lat="22.49595488" lon="114.04843057"><ele>1.879180908203125</ele><time>2018-12-24T02:25:46Z</time></trkpt><trkpt lat="22.49594006" lon="114.04844634"><ele>1.103271484375</ele><time>2018-12-24T02:25:48Z</time></trkpt><trkpt lat="22.49591816" lon="114.04845501"><ele>0.13409423828125</ele><time>2018-12-24T02:25:50Z</time></trkpt><trkpt lat="22.49590204" lon="114.04846489"><ele>0.3419189453125</ele><time>2018-12-24T02:25:52Z</time></trkpt><trkpt lat="22.4958845" lon="114.04847008"><ele>-0.666595458984375</ele><time>2018-12-24T02:25:54Z</time></trkpt><trkpt lat="22.49586567" lon="114.04847998"><ele>-1.6455078125</ele><time>2018-12-24T02:25:56Z</time></trkpt><trkpt lat="22.49584956" lon="114.04849256"><ele>-2.19451904296875</ele><time>2018-12-24T02:25:58Z</time></trkpt><trkpt lat="22.49582772" lon="114.04851205"><ele>-0.710418701171875</ele><time>2018-12-24T02:26:00Z</time></trkpt><trkpt lat="22.49581584" lon="114.04853858"><ele>-0.144195556640625</ele><time>2018-12-24T02:26:02Z</time></trkpt><trkpt lat="22.49579974" lon="114.0485613"><ele>0.685791015625</ele><time>2018-12-24T02:26:04Z</time></trkpt><trkpt lat="22.49578134" lon="114.04857533"><ele>1.237091064453125</ele><time>2018-12-24T02:26:06Z</time></trkpt><trkpt lat="22.49576212" lon="114.04857559"><ele>1.55816650390625</ele><time>2018-12-24T02:26:08Z</time></trkpt><trkpt lat="22.49573725" lon="114.04856761"><ele>-0.16009521484375</ele><time>2018-12-24T02:26:11Z</time></trkpt><trkpt lat="22.49571639" lon="114.04856904"><ele>-1.44586181640625</ele><time>2018-12-24T02:26:13Z</time></trkpt><trkpt lat="22.49569764" lon="114.04856994"><ele>-1.7384033203125</ele><time>2018-12-24T02:26:15Z</time></trkpt><trkpt lat="22.49567606" lon="114.04856571"><ele>-1.425079345703125</ele><time>2018-12-24T02:26:18Z</time></trkpt><trkpt lat="22.49568285" lon="114.04858587"><ele>-3.976348876953125</ele><time>2018-12-24T02:26:25Z</time></trkpt><trkpt lat="22.49567876" lon="114.04856407"><ele>-4.275146484375</ele><time>2018-12-24T02:27:26Z</time></trkpt><trkpt lat="22.49565873" lon="114.04856956"><ele>-4.476348876953125</ele><time>2018-12-24T02:27:30Z</time></trkpt><trkpt lat="22.49564073" lon="114.04856042"><ele>-5.379669189453125</ele><time>2018-12-24T02:27:35Z</time></trkpt><trkpt lat="22.49562169" lon="114.04854889"><ele>-4.623809814453125</ele><time>2018-12-24T02:28:06Z</time></trkpt><trkpt lat="22.49562875" lon="114.04853077"><ele>-4.198638916015625</ele><time>2018-12-24T02:28:25Z</time></trkpt><trkpt lat="22.49563975" lon="114.04854954"><ele>-5.18511962890625</ele><time>2018-12-24T02:28:27Z</time></trkpt><trkpt lat="22.4956426" lon="114.04857626"><ele>-3.757965087890625</ele><time>2018-12-24T02:28:29Z</time></trkpt><trkpt lat="22.4956355" lon="114.04860132"><ele>-3.738555908203125</ele><time>2018-12-24T02:28:31Z</time></trkpt><trkpt lat="22.49562633" lon="114.04862754"><ele>-4.32611083984375</ele><time>2018-12-24T02:28:33Z</time></trkpt><trkpt lat="22.49561807" lon="114.04865372"><ele>-3.198944091796875</ele><time>2018-12-24T02:28:35Z</time></trkpt><trkpt lat="22.49560876" lon="114.04867719"><ele>-4.5504150390625</ele><time>2018-12-24T02:28:37Z</time></trkpt><trkpt lat="22.4956063" lon="114.04870448"><ele>-4.853759765625</ele><time>2018-12-24T02:28:40Z</time></trkpt><trkpt lat="22.49561144" lon="114.04874"><ele>-6.868865966796875</ele><time>2018-12-24T02:28:43Z</time></trkpt><trkpt lat="22.49561174" lon="114.04875951"><ele>-6.114349365234375</ele><time>2018-12-24T02:28:44Z</time></trkpt><trkpt lat="22.49561156" lon="114.04879151"><ele>-3.38165283203125</ele><time>2018-12-24T02:28:46Z</time></trkpt><trkpt lat="22.49560738" lon="114.04881774"><ele>-2.259735107421875</ele><time>2018-12-24T02:28:48Z</time></trkpt><trkpt lat="22.49560197" lon="114.04883703"><ele>0.391204833984375</ele><time>2018-12-24T02:28:50Z</time></trkpt><trkpt lat="22.49560702" lon="114.04885642"><ele>-1.5244140625</ele><time>2018-12-24T02:29:01Z</time></trkpt><trkpt lat="22.49559826" lon="114.0488903"><ele>-0.2969970703125</ele><time>2018-12-24T02:29:08Z</time></trkpt><trkpt lat="22.49558718" lon="114.04891773"><ele>0.143524169921875</ele><time>2018-12-24T02:29:10Z</time></trkpt><trkpt lat="22.49558201" lon="114.04894366"><ele>-0.4598388671875</ele><time>2018-12-24T02:29:12Z</time></trkpt><trkpt lat="22.49558009" lon="114.04896588"><ele>-0.975128173828125</ele><time>2018-12-24T02:29:14Z</time></trkpt><trkpt lat="22.495581" lon="114.04899477"><ele>-1.511199951171875</ele><time>2018-12-24T02:29:16Z</time></trkpt><trkpt lat="22.49557973" lon="114.04902092"><ele>-0.98248291015625</ele><time>2018-12-24T02:29:18Z</time></trkpt><trkpt lat="22.49557976" lon="114.04904672"><ele>0.476165771484375</ele><time>2018-12-24T02:29:20Z</time></trkpt><trkpt lat="22.49557729" lon="114.04907036"><ele>1.56591796875</ele><time>2018-12-24T02:29:22Z</time></trkpt><trkpt lat="22.49557206" lon="114.04909567"><ele>2.32275390625</ele><time>2018-12-24T02:29:24Z</time></trkpt><trkpt lat="22.49556413" lon="114.04912171"><ele>4.569000244140625</ele><time>2018-12-24T02:29:26Z</time></trkpt><trkpt lat="22.49555677" lon="114.04914506"><ele>3.54669189453125</ele><time>2018-12-24T02:29:28Z</time></trkpt><trkpt lat="22.49554816" lon="114.04917066"><ele>3.513763427734375</ele><time>2018-12-24T02:29:31Z</time></trkpt><trkpt lat="22.49554462" lon="114.04920359"><ele>3.7781982421875</ele><time>2018-12-24T02:29:33Z</time></trkpt><trkpt lat="22.4955424" lon="114.04923036"><ele>3.28424072265625</ele><time>2018-12-24T02:29:35Z</time></trkpt><trkpt lat="22.49553485" lon="114.0492545"><ele>5.03363037109375</ele><time>2018-12-24T02:29:37Z</time></trkpt><trkpt lat="22.49552935" lon="114.04928078"><ele>1.3807373046875</ele><time>2018-12-24T02:29:40Z</time></trkpt><trkpt lat="22.49553445" lon="114.04930895"><ele>-0.358642578125</ele><time>2018-12-24T02:29:44Z</time></trkpt><trkpt lat="22.49553872" lon="114.04928468"><ele>-3.1456298828125</ele><time>2018-12-24T02:30:08Z</time></trkpt><trkpt lat="22.49556217" lon="114.04928799"><ele>-2.298065185546875</ele><time>2018-12-24T02:30:20Z</time></trkpt><trkpt lat="22.4955803" lon="114.04927868"><ele>-1.97052001953125</ele><time>2018-12-24T02:30:22Z</time></trkpt><trkpt lat="22.4955972" lon="114.04926371"><ele>-0.999481201171875</ele><time>2018-12-24T02:30:24Z</time></trkpt><trkpt lat="22.49561844" lon="114.04925688"><ele>-2.271484375</ele><time>2018-12-24T02:30:30Z</time></trkpt><trkpt lat="22.4956313" lon="114.049239"><ele>-0.67047119140625</ele><time>2018-12-24T02:30:33Z</time></trkpt><trkpt lat="22.49561147" lon="114.04925047"><ele>-1.1143798828125</ele><time>2018-12-24T02:30:36Z</time></trkpt><trkpt lat="22.49559864" lon="114.04927218"><ele>-1.69549560546875</ele><time>2018-12-24T02:30:38Z</time></trkpt><trkpt lat="22.49558164" lon="114.04929881"><ele>-1.565216064453125</ele><time>2018-12-24T02:30:40Z</time></trkpt><trkpt lat="22.4955614" lon="114.04932117"><ele>-1.6063232421875</ele><time>2018-12-24T02:30:42Z</time></trkpt><trkpt lat="22.49554504" lon="114.04932954"><ele>-1.323974609375</ele><time>2018-12-24T02:30:43Z</time></trkpt><trkpt lat="22.49552403" lon="114.04933323"><ele>-0.61065673828125</ele><time>2018-12-24T02:30:45Z</time></trkpt><trkpt lat="22.49552333" lon="114.04931336"><ele>0.31640625</ele><time>2018-12-24T02:31:00Z</time></trkpt><trkpt lat="22.49554397" lon="114.04932114"><ele>-1.214111328125</ele><time>2018-12-24T02:31:31Z</time></trkpt><trkpt lat="22.49555823" lon="114.04930854"><ele>2.233489990234375</ele><time>2018-12-24T02:31:40Z</time></trkpt><trkpt lat="22.49558201" lon="114.04931663"><ele>2.206451416015625</ele><time>2018-12-24T02:31:43Z</time></trkpt><trkpt lat="22.49560254" lon="114.04931011"><ele>2.615631103515625</ele><time>2018-12-24T02:31:45Z</time></trkpt><trkpt lat="22.49562977" lon="114.0492965"><ele>3.459136962890625</ele><time>2018-12-24T02:31:47Z</time></trkpt><trkpt lat="22.49565465" lon="114.04929729"><ele>3.094696044921875</ele><time>2018-12-24T02:31:49Z</time></trkpt><trkpt lat="22.49568335" lon="114.04929083"><ele>2.036834716796875</ele><time>2018-12-24T02:31:51Z</time></trkpt><trkpt lat="22.49571529" lon="114.04927705"><ele>2.562835693359375</ele><time>2018-12-24T02:31:53Z</time></trkpt><trkpt lat="22.49573437" lon="114.04927497"><ele>2.856719970703125</ele><time>2018-12-24T02:31:54Z</time></trkpt><trkpt lat="22.49575625" lon="114.04927928"><ele>3.92987060546875</ele><time>2018-12-24T02:31:56Z</time></trkpt><trkpt lat="22.49577205" lon="114.04929611"><ele>2.20245361328125</ele><time>2018-12-24T02:32:02Z</time></trkpt><trkpt lat="22.49579827" lon="114.04929278"><ele>1.77056884765625</ele><time>2018-12-24T02:32:04Z</time></trkpt><trkpt lat="22.49581858" lon="114.04929051"><ele>0.537994384765625</ele><time>2018-12-24T02:32:06Z</time></trkpt><trkpt lat="22.49583661" lon="114.04929442"><ele>0.501983642578125</ele><time>2018-12-24T02:32:08Z</time></trkpt><trkpt lat="22.49585901" lon="114.04929657"><ele>-4.47412109375</ele><time>2018-12-24T02:32:11Z</time></trkpt><trkpt lat="22.49588714" lon="114.04929079"><ele>-4.68682861328125</ele><time>2018-12-24T02:32:14Z</time></trkpt><trkpt lat="22.49590484" lon="114.04929585"><ele>-2.658111572265625</ele><time>2018-12-24T02:32:16Z</time></trkpt><trkpt lat="22.49592473" lon="114.04929898"><ele>-10.0548095703125</ele><time>2018-12-24T02:32:20Z</time></trkpt><trkpt lat="22.49594176" lon="114.04929075"><ele>-8.906982421875</ele><time>2018-12-24T02:32:26Z</time></trkpt><trkpt lat="22.49595504" lon="114.04930494"><ele>-6.252838134765625</ele><time>2018-12-24T02:32:33Z</time></trkpt><trkpt lat="22.49597397" lon="114.04928684"><ele>-6.901824951171875</ele><time>2018-12-24T02:32:54Z</time></trkpt><trkpt lat="22.49598802" lon="114.04926293"><ele>-6.692596435546875</ele><time>2018-12-24T02:32:57Z</time></trkpt><trkpt lat="22.49599876" lon="114.0492461"><ele>-6.914306640625</ele><time>2018-12-24T02:32:59Z</time></trkpt><trkpt lat="22.49600829" lon="114.04922719"><ele>-7.771728515625</ele><time>2018-12-24T02:33:01Z</time></trkpt><trkpt lat="22.49602788" lon="114.04921392"><ele>-8.963958740234375</ele><time>2018-12-24T02:33:03Z</time></trkpt><trkpt lat="22.49605196" lon="114.04921102"><ele>-9.34661865234375</ele><time>2018-12-24T02:33:05Z</time></trkpt><trkpt lat="22.49607248" lon="114.04920765"><ele>-10.289306640625</ele><time>2018-12-24T02:33:07Z</time></trkpt><trkpt lat="22.49608316" lon="114.0491883"><ele>-8.977264404296875</ele><time>2018-12-24T02:33:10Z</time></trkpt><trkpt lat="22.49610172" lon="114.04916449"><ele>-10.089111328125</ele><time>2018-12-24T02:33:12Z</time></trkpt><trkpt lat="22.49612662" lon="114.04914963"><ele>-11.486541748046875</ele><time>2018-12-24T02:33:14Z</time></trkpt><trkpt lat="22.49615263" lon="114.04913147"><ele>-9.522186279296875</ele><time>2018-12-24T02:33:16Z</time></trkpt><trkpt lat="22.49616767" lon="114.04911657"><ele>-8.471282958984375</ele><time>2018-12-24T02:33:18Z</time></trkpt><trkpt lat="22.49618128" lon="114.04909879"><ele>-6.036376953125</ele><time>2018-12-24T02:33:25Z</time></trkpt><trkpt lat="22.49617843" lon="114.04907742"><ele>-9.137603759765625</ele><time>2018-12-24T02:33:33Z</time></trkpt><trkpt lat="22.49619514" lon="114.04906739"><ele>-7.8499755859375</ele><time>2018-12-24T02:34:46Z</time></trkpt><trkpt lat="22.4962156" lon="114.04906904"><ele>-7.3360595703125</ele><time>2018-12-24T02:34:48Z</time></trkpt><trkpt lat="22.49623362" lon="114.04906915"><ele>-7.059722900390625</ele><time>2018-12-24T02:34:50Z</time></trkpt><trkpt lat="22.49625813" lon="114.0490718"><ele>-6.55816650390625</ele><time>2018-12-24T02:34:52Z</time></trkpt><trkpt lat="22.49627233" lon="114.04908654"><ele>-7.851104736328125</ele><time>2018-12-24T02:34:54Z</time></trkpt><trkpt lat="22.49628985" lon="114.04909309"><ele>-7.08099365234375</ele><time>2018-12-24T02:34:56Z</time></trkpt><trkpt lat="22.49631139" lon="114.04909325"><ele>-7.327392578125</ele><time>2018-12-24T02:34:57Z</time></trkpt><trkpt lat="22.49633254" lon="114.04909051"><ele>-6.87890625</ele><time>2018-12-24T02:34:58Z</time></trkpt><trkpt lat="22.49636082" lon="114.04908711"><ele>-7.1236572265625</ele><time>2018-12-24T02:35:00Z</time></trkpt><trkpt lat="22.49635785" lon="114.04906628"><ele>-9.264373779296875</ele><time>2018-12-24T02:35:05Z</time></trkpt><trkpt lat="22.4963498" lon="114.04904421"><ele>-9.4371337890625</ele><time>2018-12-24T02:35:07Z</time></trkpt><trkpt lat="22.49634906" lon="114.04902313"><ele>-9.93316650390625</ele><time>2018-12-24T02:35:09Z</time></trkpt><trkpt lat="22.49637177" lon="114.04901332"><ele>-7.490325927734375</ele><time>2018-12-24T02:35:12Z</time></trkpt><trkpt lat="22.49636544" lon="114.048983"><ele>-4.126495361328125</ele><time>2018-12-24T02:35:29Z</time></trkpt><trkpt lat="22.49635409" lon="114.04895176"><ele>-3.114959716796875</ele><time>2018-12-24T02:35:31Z</time></trkpt><trkpt lat="22.49634816" lon="114.04892709"><ele>2.5379638671875</ele><time>2018-12-24T02:35:32Z</time></trkpt><trkpt lat="22.49634177" lon="114.04890484"><ele>2.281402587890625</ele><time>2018-12-24T02:35:33Z</time></trkpt><trkpt lat="22.49633083" lon="114.04886917"><ele>0.6553955078125</ele><time>2018-12-24T02:35:35Z</time></trkpt><trkpt lat="22.49632396" lon="114.04883643"><ele>0.8697509765625</ele><time>2018-12-24T02:35:37Z</time></trkpt><trkpt lat="22.49631221" lon="114.048814"><ele>-0.3597412109375</ele><time>2018-12-24T02:35:39Z</time></trkpt><trkpt lat="22.49629434" lon="114.04880098"><ele>0.962310791015625</ele><time>2018-12-24T02:35:41Z</time></trkpt><trkpt lat="22.49631448" lon="114.04880811"><ele>1.310577392578125</ele><time>2018-12-24T02:35:51Z</time></trkpt><trkpt lat="22.49632148" lon="114.04882876"><ele>0.1263427734375</ele><time>2018-12-24T02:35:53Z</time></trkpt><trkpt lat="22.49633072" lon="114.04884993"><ele>-1.016204833984375</ele><time>2018-12-24T02:35:56Z</time></trkpt><trkpt lat="22.49632712" lon="114.04887664"><ele>-1.639862060546875</ele><time>2018-12-24T02:36:01Z</time></trkpt><trkpt lat="22.49632981" lon="114.04890234"><ele>-1.04998779296875</ele><time>2018-12-24T02:36:03Z</time></trkpt><trkpt lat="22.49634044" lon="114.04892079"><ele>-1.124298095703125</ele><time>2018-12-24T02:36:05Z</time></trkpt><trkpt lat="22.4963439" lon="114.04894515"><ele>-2.585601806640625</ele><time>2018-12-24T02:36:09Z</time></trkpt><trkpt lat="22.49635145" lon="114.04896826"><ele>-4.869293212890625</ele><time>2018-12-24T02:36:14Z</time></trkpt><trkpt lat="22.49635999" lon="114.04899225"><ele>-5.65069580078125</ele><time>2018-12-24T02:36:16Z</time></trkpt><trkpt lat="22.49636307" lon="114.04901212"><ele>-5.218597412109375</ele><time>2018-12-24T02:36:23Z</time></trkpt><trkpt lat="22.49636407" lon="114.04903342"><ele>-4.061553955078125</ele><time>2018-12-24T02:36:25Z</time></trkpt><trkpt lat="22.49634255" lon="114.04903311"><ele>-2.619659423828125</ele><time>2018-12-24T02:36:29Z</time></trkpt><trkpt lat="22.49631799" lon="114.04903606"><ele>-3.615325927734375</ele><time>2018-12-24T02:36:32Z</time></trkpt><trkpt lat="22.49629826" lon="114.04904542"><ele>-3.2142333984375</ele><time>2018-12-24T02:36:36Z</time></trkpt><trkpt lat="22.49629001" lon="114.04906285"><ele>-0.451080322265625</ele><time>2018-12-24T02:36:40Z</time></trkpt><trkpt lat="22.4962715" lon="114.04906949"><ele>-0.3236083984375</ele><time>2018-12-24T02:36:44Z</time></trkpt><trkpt lat="22.49624972" lon="114.04907544"><ele>-1.90655517578125</ele><time>2018-12-24T02:36:47Z</time></trkpt><trkpt lat="22.49623294" lon="114.0490672"><ele>0.9400634765625</ele><time>2018-12-24T02:36:56Z</time></trkpt><trkpt lat="22.49621188" lon="114.04907715"><ele>0.597930908203125</ele><time>2018-12-24T02:37:02Z</time></trkpt><trkpt lat="22.49620073" lon="114.04909471"><ele>0.399566650390625</ele><time>2018-12-24T02:37:04Z</time></trkpt><trkpt lat="22.49617568" lon="114.04910093"><ele>-2.88470458984375</ele><time>2018-12-24T02:37:07Z</time></trkpt><trkpt lat="22.49614485" lon="114.04910023"><ele>-6.281341552734375</ele><time>2018-12-24T02:37:09Z</time></trkpt><trkpt lat="22.49612091" lon="114.04910365"><ele>-6.206207275390625</ele><time>2018-12-24T02:37:11Z</time></trkpt><trkpt lat="22.49610162" lon="114.04911602"><ele>-5.93804931640625</ele><time>2018-12-24T02:37:13Z</time></trkpt><trkpt lat="22.49608444" lon="114.04913677"><ele>-6.899810791015625</ele><time>2018-12-24T02:37:15Z</time></trkpt><trkpt lat="22.49606641" lon="114.04915966"><ele>-6.94207763671875</ele><time>2018-12-24T02:37:17Z</time></trkpt><trkpt lat="22.49604546" lon="114.04918733"><ele>-6.33331298828125</ele><time>2018-12-24T02:37:19Z</time></trkpt><trkpt lat="22.49603578" lon="114.04920922"><ele>-4.4254150390625</ele><time>2018-12-24T02:37:21Z</time></trkpt><trkpt lat="22.4960263" lon="114.04922679"><ele>-7.10614013671875</ele><time>2018-12-24T02:37:24Z</time></trkpt><trkpt lat="22.49601482" lon="114.04924691"><ele>-6.9725341796875</ele><time>2018-12-24T02:37:26Z</time></trkpt><trkpt lat="22.49599566" lon="114.04927544"><ele>-4.9888916015625</ele><time>2018-12-24T02:37:29Z</time></trkpt><trkpt lat="22.49598007" lon="114.04929556"><ele>-2.00457763671875</ele><time>2018-12-24T02:37:31Z</time></trkpt><trkpt lat="22.49596205" lon="114.04930297"><ele>2.12591552734375</ele><time>2018-12-24T02:37:34Z</time></trkpt><trkpt lat="22.4959391" lon="114.04929725"><ele>2.467193603515625</ele><time>2018-12-24T02:37:40Z</time></trkpt><trkpt lat="22.49592029" lon="114.04929575"><ele>3.670806884765625</ele><time>2018-12-24T02:37:42Z</time></trkpt><trkpt lat="22.49590153" lon="114.04929121"><ele>5.438018798828125</ele><time>2018-12-24T02:37:44Z</time></trkpt><trkpt lat="22.49588265" lon="114.04928283"><ele>3.774627685546875</ele><time>2018-12-24T02:37:46Z</time></trkpt><trkpt lat="22.49585804" lon="114.04928749"><ele>3.242279052734375</ele><time>2018-12-24T02:37:49Z</time></trkpt><trkpt lat="22.4958382" lon="114.04929005"><ele>2.570343017578125</ele><time>2018-12-24T02:37:50Z</time></trkpt><trkpt lat="22.49581955" lon="114.04929223"><ele>1.460968017578125</ele><time>2018-12-24T02:37:51Z</time></trkpt><trkpt lat="22.49580126" lon="114.04929432"><ele>1.7569580078125</ele><time>2018-12-24T02:37:52Z</time></trkpt><trkpt lat="22.49577789" lon="114.04929647"><ele>1.898712158203125</ele><time>2018-12-24T02:37:54Z</time></trkpt><trkpt lat="22.49576164" lon="114.04928039"><ele>3.40643310546875</ele><time>2018-12-24T02:37:58Z</time></trkpt><trkpt lat="22.49574388" lon="114.04927647"><ele>4.848236083984375</ele><time>2018-12-24T02:38:00Z</time></trkpt><trkpt lat="22.49571409" lon="114.04928591"><ele>3.299163818359375</ele><time>2018-12-24T02:38:04Z</time></trkpt><trkpt lat="22.49569687" lon="114.04929426"><ele>2.48565673828125</ele><time>2018-12-24T02:38:05Z</time></trkpt><trkpt lat="22.49567772" lon="114.04930243"><ele>1.645111083984375</ele><time>2018-12-24T02:38:06Z</time></trkpt><trkpt lat="22.49565983" lon="114.04930984"><ele>1.02655029296875</ele><time>2018-12-24T02:38:07Z</time></trkpt><trkpt lat="22.49563377" lon="114.04931695"><ele>0.2611083984375</ele><time>2018-12-24T02:38:09Z</time></trkpt><trkpt lat="22.49561306" lon="114.04931972"><ele>1.140411376953125</ele><time>2018-12-24T02:38:11Z</time></trkpt><trkpt lat="22.49559445" lon="114.04931893"><ele>1.4310302734375</ele><time>2018-12-24T02:38:13Z</time></trkpt><trkpt lat="22.49558532" lon="114.04929376"><ele>0.202789306640625</ele><time>2018-12-24T02:38:15Z</time></trkpt><trkpt lat="22.49560408" lon="114.04926904"><ele>1.216644287109375</ele><time>2018-12-24T02:38:17Z</time></trkpt><trkpt lat="22.4956308" lon="114.04925489"><ele>2.225860595703125</ele><time>2018-12-24T02:38:19Z</time></trkpt><trkpt lat="22.49565134" lon="114.04924174"><ele>3.656707763671875</ele><time>2018-12-24T02:38:22Z</time></trkpt><trkpt lat="22.49567025" lon="114.04923008"><ele>2.894195556640625</ele><time>2018-12-24T02:38:24Z</time></trkpt><trkpt lat="22.49569518" lon="114.04921498"><ele>3.59930419921875</ele><time>2018-12-24T02:38:26Z</time></trkpt><trkpt lat="22.49572372" lon="114.04919783"><ele>2.34405517578125</ele><time>2018-12-24T02:38:28Z</time></trkpt><trkpt lat="22.49574077" lon="114.04918396"><ele>4.9061279296875</ele><time>2018-12-24T02:38:32Z</time></trkpt><trkpt lat="22.49575624" lon="114.04916926"><ele>5.478912353515625</ele><time>2018-12-24T02:38:37Z</time></trkpt><trkpt lat="22.49575991" lon="114.04914844"><ele>9.11309814453125</ele><time>2018-12-24T02:38:40Z</time></trkpt><trkpt lat="22.49578074" lon="114.04915577"><ele>10.805328369140625</ele><time>2018-12-24T02:39:15Z</time></trkpt><trkpt lat="22.49576819" lon="114.0491704"><ele>13.0189208984375</ele><time>2018-12-24T02:39:34Z</time></trkpt><trkpt lat="22.49574633" lon="114.0491781"><ele>11.220672607421875</ele><time>2018-12-24T02:39:46Z</time></trkpt><trkpt lat="22.49572628" lon="114.04918009"><ele>9.7891845703125</ele><time>2018-12-24T02:39:57Z</time></trkpt><trkpt lat="22.49573564" lon="114.04916323"><ele>9.892059326171875</ele><time>2018-12-24T02:40:07Z</time></trkpt><trkpt lat="22.49572608" lon="114.04914484"><ele>10.157379150390625</ele><time>2018-12-24T02:40:09Z</time></trkpt><trkpt lat="22.49571783" lon="114.04911828"><ele>11.118377685546875</ele><time>2018-12-24T02:40:11Z</time></trkpt><trkpt lat="22.49571759" lon="114.04913867"><ele>7.1258544921875</ele><time>2018-12-24T02:40:21Z</time></trkpt><trkpt lat="22.49570267" lon="114.0491506"><ele>6.6195068359375</ele><time>2018-12-24T02:40:24Z</time></trkpt><trkpt lat="22.49568347" lon="114.04916848"><ele>3.33203125</ele><time>2018-12-24T02:40:26Z</time></trkpt><trkpt lat="22.49566843" lon="114.04918923"><ele>2.71759033203125</ele><time>2018-12-24T02:40:28Z</time></trkpt><trkpt lat="22.49565807" lon="114.04920994"><ele>2.86480712890625</ele><time>2018-12-24T02:40:30Z</time></trkpt><trkpt lat="22.49564806" lon="114.04923415"><ele>2.51904296875</ele><time>2018-12-24T02:40:32Z</time></trkpt><trkpt lat="22.49563981" lon="114.04925604"><ele>1.04058837890625</ele><time>2018-12-24T02:40:34Z</time></trkpt><trkpt lat="22.49562584" lon="114.04927516"><ele>1.545074462890625</ele><time>2018-12-24T02:40:36Z</time></trkpt><trkpt lat="22.49560576" lon="114.04929556"><ele>-0.306427001953125</ele><time>2018-12-24T02:40:39Z</time></trkpt><trkpt lat="22.49558366" lon="114.04930967"><ele>0.903045654296875</ele><time>2018-12-24T02:40:42Z</time></trkpt><trkpt lat="22.49556373" lon="114.04931422"><ele>1.09857177734375</ele><time>2018-12-24T02:40:44Z</time></trkpt><trkpt lat="22.49554254" lon="114.0493341"><ele>1.2659912109375</ele><time>2018-12-24T02:40:47Z</time></trkpt><trkpt lat="22.49552622" lon="114.04935283"><ele>-0.927337646484375</ele><time>2018-12-24T02:40:49Z</time></trkpt><trkpt lat="22.4955157" lon="114.04937043"><ele>-0.495452880859375</ele><time>2018-12-24T02:40:51Z</time></trkpt><trkpt lat="22.49549036" lon="114.04938304"><ele>1.357208251953125</ele><time>2018-12-24T02:41:22Z</time></trkpt><trkpt lat="22.4954703" lon="114.04938939"><ele>0.874786376953125</ele><time>2018-12-24T02:41:25Z</time></trkpt><trkpt lat="22.49545001" lon="114.04938775"><ele>2.82305908203125</ele><time>2018-12-24T02:41:27Z</time></trkpt><trkpt lat="22.4954269" lon="114.04939045"><ele>3.796295166015625</ele><time>2018-12-24T02:41:32Z</time></trkpt><trkpt lat="22.49540955" lon="114.04939835"><ele>2.965179443359375</ele><time>2018-12-24T02:41:36Z</time></trkpt><trkpt lat="22.49539196" lon="114.04941987"><ele>5.178314208984375</ele><time>2018-12-24T02:41:39Z</time></trkpt><trkpt lat="22.49537179" lon="114.0494346"><ele>6.535308837890625</ele><time>2018-12-24T02:41:41Z</time></trkpt><trkpt lat="22.49535055" lon="114.04944575"><ele>6.393463134765625</ele><time>2018-12-24T02:41:43Z</time></trkpt><trkpt lat="22.49533148" lon="114.04945869"><ele>5.32574462890625</ele><time>2018-12-24T02:41:45Z</time></trkpt><trkpt lat="22.4953159" lon="114.04947506"><ele>5.995361328125</ele><time>2018-12-24T02:41:48Z</time></trkpt><trkpt lat="22.49530302" lon="114.0494913"><ele>4.516021728515625</ele><time>2018-12-24T02:41:50Z</time></trkpt><trkpt lat="22.49528204" lon="114.04951578"><ele>5.113037109375</ele><time>2018-12-24T02:41:52Z</time></trkpt><trkpt lat="22.49526581" lon="114.04953865"><ele>4.535919189453125</ele><time>2018-12-24T02:41:54Z</time></trkpt><trkpt lat="22.49525107" lon="114.04956615"><ele>5.289703369140625</ele><time>2018-12-24T02:41:56Z</time></trkpt><trkpt lat="22.4952373" lon="114.04958725"><ele>4.127960205078125</ele><time>2018-12-24T02:41:58Z</time></trkpt><trkpt lat="22.49522783" lon="114.0496135"><ele>4.066009521484375</ele><time>2018-12-24T02:42:00Z</time></trkpt><trkpt lat="22.49521384" lon="114.04964728"><ele>3.397491455078125</ele><time>2018-12-24T02:42:02Z</time></trkpt><trkpt lat="22.4952032" lon="114.04967317"><ele>3.47137451171875</ele><time>2018-12-24T02:42:04Z</time></trkpt><trkpt lat="22.49518481" lon="114.0496989"><ele>3.5648193359375</ele><time>2018-12-24T02:42:06Z</time></trkpt><trkpt lat="22.49516324" lon="114.04971573"><ele>4.166107177734375</ele><time>2018-12-24T02:42:08Z</time></trkpt><trkpt lat="22.49514468" lon="114.04973357"><ele>3.036651611328125</ele><time>2018-12-24T02:42:10Z</time></trkpt><trkpt lat="22.49512599" lon="114.04975444"><ele>2.66400146484375</ele><time>2018-12-24T02:42:12Z</time></trkpt><trkpt lat="22.49510403" lon="114.04977061"><ele>0.21490478515625</ele><time>2018-12-24T02:42:15Z</time></trkpt><trkpt lat="22.49508483" lon="114.04979083"><ele>1.103607177734375</ele><time>2018-12-24T02:42:17Z</time></trkpt><trkpt lat="22.49506535" lon="114.04981586"><ele>0.14044189453125</ele><time>2018-12-24T02:42:19Z</time></trkpt><trkpt lat="22.49504366" lon="114.04984171"><ele>-0.45135498046875</ele><time>2018-12-24T02:42:21Z</time></trkpt><trkpt lat="22.4950244" lon="114.04986087"><ele>1.778594970703125</ele><time>2018-12-24T02:42:23Z</time></trkpt><trkpt lat="22.49499892" lon="114.04987133"><ele>1.5125732421875</ele><time>2018-12-24T02:42:25Z</time></trkpt><trkpt lat="22.49497957" lon="114.04987903"><ele>2.337921142578125</ele><time>2018-12-24T02:42:27Z</time></trkpt><trkpt lat="22.49495945" lon="114.04989434"><ele>2.5904541015625</ele><time>2018-12-24T02:42:29Z</time></trkpt><trkpt lat="22.49494558" lon="114.04990945"><ele>-1.22430419921875</ele><time>2018-12-24T02:42:32Z</time></trkpt><trkpt lat="22.49493371" lon="114.04993886"><ele>-0.23516845703125</ele><time>2018-12-24T02:42:35Z</time></trkpt><trkpt lat="22.49492238" lon="114.04996311"><ele>-0.919219970703125</ele><time>2018-12-24T02:42:37Z</time></trkpt><trkpt lat="22.49491425" lon="114.04998811"><ele>-2.2330322265625</ele><time>2018-12-24T02:42:39Z</time></trkpt><trkpt lat="22.49490134" lon="114.05001245"><ele>-1.66473388671875</ele><time>2018-12-24T02:42:43Z</time></trkpt><trkpt lat="22.49488089" lon="114.05003726"><ele>-0.05657958984375</ele><time>2018-12-24T02:42:45Z</time></trkpt><trkpt lat="22.49485889" lon="114.05006002"><ele>-0.046051025390625</ele><time>2018-12-24T02:42:47Z</time></trkpt><trkpt lat="22.49483594" lon="114.05008163"><ele>-0.598419189453125</ele><time>2018-12-24T02:42:49Z</time></trkpt><trkpt lat="22.49480485" lon="114.05008938"><ele>-0.241546630859375</ele><time>2018-12-24T02:42:51Z</time></trkpt><trkpt lat="22.49477506" lon="114.05010049"><ele>0.758819580078125</ele><time>2018-12-24T02:42:53Z</time></trkpt><trkpt lat="22.49475899" lon="114.0501112"><ele>0.912322998046875</ele><time>2018-12-24T02:42:54Z</time></trkpt><trkpt lat="22.49474526" lon="114.0501266"><ele>0.465087890625</ele><time>2018-12-24T02:42:55Z</time></trkpt><trkpt lat="22.4947266" lon="114.05015627"><ele>0.868804931640625</ele><time>2018-12-24T02:42:57Z</time></trkpt><trkpt lat="22.49471805" lon="114.05017355"><ele>1.402435302734375</ele><time>2018-12-24T02:42:58Z</time></trkpt><trkpt lat="22.49470201" lon="114.05020531"><ele>1.559600830078125</ele><time>2018-12-24T02:43:00Z</time></trkpt><trkpt lat="22.49469138" lon="114.05022104"><ele>2.287353515625</ele><time>2018-12-24T02:43:01Z</time></trkpt><trkpt lat="22.49466938" lon="114.05024926"><ele>2.50335693359375</ele><time>2018-12-24T02:43:03Z</time></trkpt><trkpt lat="22.4946495" lon="114.05027592"><ele>1.873260498046875</ele><time>2018-12-24T02:43:05Z</time></trkpt><trkpt lat="22.49463748" lon="114.05029646"><ele>0.723419189453125</ele><time>2018-12-24T02:43:07Z</time></trkpt><trkpt lat="22.49462974" lon="114.050329"><ele>0.77496337890625</ele><time>2018-12-24T02:43:09Z</time></trkpt><trkpt lat="22.49461828" lon="114.05035038"><ele>0.173614501953125</ele><time>2018-12-24T02:43:10Z</time></trkpt><trkpt lat="22.49460505" lon="114.05037193"><ele>1.243072509765625</ele><time>2018-12-24T02:43:11Z</time></trkpt><trkpt lat="22.49459369" lon="114.05039096"><ele>1.51287841796875</ele><time>2018-12-24T02:43:12Z</time></trkpt><trkpt lat="22.49458375" lon="114.05040739"><ele>0.35107421875</ele><time>2018-12-24T02:43:13Z</time></trkpt><trkpt lat="22.49457514" lon="114.05042477"><ele>-0.159393310546875</ele><time>2018-12-24T02:43:14Z</time></trkpt><trkpt lat="22.49456854" lon="114.05045752"><ele>0.871124267578125</ele><time>2018-12-24T02:43:16Z</time></trkpt><trkpt lat="22.49455915" lon="114.05047783"><ele>0.03546142578125</ele><time>2018-12-24T02:43:17Z</time></trkpt><trkpt lat="22.49455125" lon="114.05050921"><ele>-0.8018798828125</ele><time>2018-12-24T02:43:19Z</time></trkpt><trkpt lat="22.49456308" lon="114.0505273"><ele>0.243072509765625</ele><time>2018-12-24T02:43:21Z</time></trkpt><trkpt lat="22.49458169" lon="114.05054455"><ele>0.67681884765625</ele><time>2018-12-24T02:43:23Z</time></trkpt><trkpt lat="22.49459741" lon="114.05056656"><ele>1.702728271484375</ele><time>2018-12-24T02:43:25Z</time></trkpt><trkpt lat="22.49461482" lon="114.05059334"><ele>0.910980224609375</ele><time>2018-12-24T02:43:27Z</time></trkpt><trkpt lat="22.49463071" lon="114.05061884"><ele>-0.22235107421875</ele><time>2018-12-24T02:43:29Z</time></trkpt><trkpt lat="22.49464637" lon="114.05063554"><ele>-0.3309326171875</ele><time>2018-12-24T02:43:31Z</time></trkpt><trkpt lat="22.49465953" lon="114.05065094"><ele>-1.488189697265625</ele><time>2018-12-24T02:43:33Z</time></trkpt><trkpt lat="22.49466495" lon="114.05067858"><ele>-1.143463134765625</ele><time>2018-12-24T02:43:36Z</time></trkpt><trkpt lat="22.49466251" lon="114.05070573"><ele>-1.94818115234375</ele><time>2018-12-24T02:43:38Z</time></trkpt><trkpt lat="22.49465787" lon="114.05073434"><ele>-0.390380859375</ele><time>2018-12-24T02:43:40Z</time></trkpt><trkpt lat="22.49465352" lon="114.05075355"><ele>-1.842864990234375</ele><time>2018-12-24T02:43:42Z</time></trkpt><trkpt lat="22.49464755" lon="114.0507829"><ele>-2.60919189453125</ele><time>2018-12-24T02:43:45Z</time></trkpt><trkpt lat="22.49462889" lon="114.0508059"><ele>-2.8226318359375</ele><time>2018-12-24T02:43:47Z</time></trkpt><trkpt lat="22.49461409" lon="114.05082471"><ele>-1.911285400390625</ele><time>2018-12-24T02:43:49Z</time></trkpt><trkpt lat="22.49459507" lon="114.05084679"><ele>-3.18212890625</ele><time>2018-12-24T02:43:52Z</time></trkpt><trkpt lat="22.49457357" lon="114.05086424"><ele>0.358612060546875</ele><time>2018-12-24T02:43:54Z</time></trkpt><trkpt lat="22.49455241" lon="114.05088563"><ele>1.42718505859375</ele><time>2018-12-24T02:43:56Z</time></trkpt><trkpt lat="22.49453866" lon="114.05089927"><ele>1.809326171875</ele><time>2018-12-24T02:43:57Z</time></trkpt><trkpt lat="22.49451923" lon="114.05092058"><ele>0.37396240234375</ele><time>2018-12-24T02:43:59Z</time></trkpt><trkpt lat="22.49450255" lon="114.05093867"><ele>0.76580810546875</ele><time>2018-12-24T02:44:01Z</time></trkpt><trkpt lat="22.49448257" lon="114.05095925"><ele>-0.44873046875</ele><time>2018-12-24T02:44:03Z</time></trkpt><trkpt lat="22.49445655" lon="114.05097872"><ele>-0.58831787109375</ele><time>2018-12-24T02:44:05Z</time></trkpt><trkpt lat="22.49443333" lon="114.05100089"><ele>1.161865234375</ele><time>2018-12-24T02:44:07Z</time></trkpt><trkpt lat="22.49441513" lon="114.05102193"><ele>1.16851806640625</ele><time>2018-12-24T02:44:09Z</time></trkpt><trkpt lat="22.49439996" lon="114.05104032"><ele>0.649566650390625</ele><time>2018-12-24T02:44:11Z</time></trkpt><trkpt lat="22.49438337" lon="114.05106112"><ele>2.256103515625</ele><time>2018-12-24T02:44:13Z</time></trkpt><trkpt lat="22.49436373" lon="114.05108777"><ele>1.275970458984375</ele><time>2018-12-24T02:44:15Z</time></trkpt><trkpt lat="22.49435406" lon="114.05110508"><ele>2.678070068359375</ele><time>2018-12-24T02:44:16Z</time></trkpt><trkpt lat="22.49434527" lon="114.05112276"><ele>2.795440673828125</ele><time>2018-12-24T02:44:17Z</time></trkpt><trkpt lat="22.49432976" lon="114.05114397"><ele>0.487213134765625</ele><time>2018-12-24T02:44:19Z</time></trkpt><trkpt lat="22.49432354" lon="114.05116298"><ele>-0.904449462890625</ele><time>2018-12-24T02:44:21Z</time></trkpt><trkpt lat="22.49431497" lon="114.05118221"><ele>-3.282257080078125</ele><time>2018-12-24T02:44:23Z</time></trkpt><trkpt lat="22.49430452" lon="114.0512068"><ele>-3.72418212890625</ele><time>2018-12-24T02:44:26Z</time></trkpt><trkpt lat="22.49430606" lon="114.05123993"><ele>-3.473236083984375</ele><time>2018-12-24T02:44:28Z</time></trkpt><trkpt lat="22.4943093" lon="114.05125931"><ele>-5.06658935546875</ele><time>2018-12-24T02:44:30Z</time></trkpt><trkpt lat="22.49431715" lon="114.05128163"><ele>-3.420166015625</ele><time>2018-12-24T02:44:33Z</time></trkpt><trkpt lat="22.49432941" lon="114.0513041"><ele>-3.083770751953125</ele><time>2018-12-24T02:44:35Z</time></trkpt><trkpt lat="22.49433888" lon="114.05132421"><ele>-5.91680908203125</ele><time>2018-12-24T02:44:37Z</time></trkpt><trkpt lat="22.49434719" lon="114.05134687"><ele>-4.522125244140625</ele><time>2018-12-24T02:44:39Z</time></trkpt><trkpt lat="22.49435988" lon="114.05136876"><ele>-5.12750244140625</ele><time>2018-12-24T02:44:41Z</time></trkpt><trkpt lat="22.49437241" lon="114.05138794"><ele>-5.65606689453125</ele><time>2018-12-24T02:44:43Z</time></trkpt><trkpt lat="22.49438138" lon="114.05141153"><ele>-4.942626953125</ele><time>2018-12-24T02:44:45Z</time></trkpt><trkpt lat="22.4943864" lon="114.05143536"><ele>-9.181243896484375</ele><time>2018-12-24T02:44:47Z</time></trkpt><trkpt lat="22.49439618" lon="114.05146131"><ele>-9.27374267578125</ele><time>2018-12-24T02:44:49Z</time></trkpt><trkpt lat="22.49440568" lon="114.05148903"><ele>-11.82568359375</ele><time>2018-12-24T02:44:51Z</time></trkpt><trkpt lat="22.49442204" lon="114.05151605"><ele>-11.0482177734375</ele><time>2018-12-24T02:44:53Z</time></trkpt><trkpt lat="22.4944372" lon="114.05153721"><ele>-12.07586669921875</ele><time>2018-12-24T02:44:55Z</time></trkpt><trkpt lat="22.49444769" lon="114.05155416"><ele>-12.481781005859375</ele><time>2018-12-24T02:44:57Z</time></trkpt><trkpt lat="22.49446526" lon="114.05157158"><ele>-13.57421875</ele><time>2018-12-24T02:44:59Z</time></trkpt><trkpt lat="22.49448189" lon="114.05159363"><ele>-13.385009765625</ele><time>2018-12-24T02:45:01Z</time></trkpt><trkpt lat="22.494503" lon="114.05161007"><ele>-14.31646728515625</ele><time>2018-12-24T02:45:03Z</time></trkpt><trkpt lat="22.49452921" lon="114.05162255"><ele>-13.8026123046875</ele><time>2018-12-24T02:45:05Z</time></trkpt><trkpt lat="22.49455162" lon="114.05164744"><ele>-11.27850341796875</ele><time>2018-12-24T02:45:07Z</time></trkpt><trkpt lat="22.49456257" lon="114.05166519"><ele>-6.832427978515625</ele><time>2018-12-24T02:45:08Z</time></trkpt><trkpt lat="22.49457494" lon="114.05168375"><ele>-11.673370361328125</ele><time>2018-12-24T02:45:11Z</time></trkpt><trkpt lat="22.49458988" lon="114.05170489"><ele>-11.76873779296875</ele><time>2018-12-24T02:45:13Z</time></trkpt><trkpt lat="22.49460083" lon="114.05172085"><ele>-11.97198486328125</ele><time>2018-12-24T02:45:14Z</time></trkpt><trkpt lat="22.49461937" lon="114.05174337"><ele>-11.571563720703125</ele><time>2018-12-24T02:45:16Z</time></trkpt><trkpt lat="22.4946392" lon="114.05176922"><ele>-11.826080322265625</ele><time>2018-12-24T02:45:18Z</time></trkpt><trkpt lat="22.49465662" lon="114.05179224"><ele>-10.64068603515625</ele><time>2018-12-24T02:45:20Z</time></trkpt><trkpt lat="22.49467787" lon="114.05182103"><ele>-11.01873779296875</ele><time>2018-12-24T02:45:22Z</time></trkpt><trkpt lat="22.49469141" lon="114.05183666"><ele>-11.637115478515625</ele><time>2018-12-24T02:45:23Z</time></trkpt><trkpt lat="22.49470619" lon="114.05185361"><ele>-11.07745361328125</ele><time>2018-12-24T02:45:24Z</time></trkpt><trkpt lat="22.49471911" lon="114.05186932"><ele>-10.021484375</ele><time>2018-12-24T02:45:25Z</time></trkpt><trkpt lat="22.49473248" lon="114.05188567"><ele>-9.301025390625</ele><time>2018-12-24T02:45:26Z</time></trkpt><trkpt lat="22.49474573" lon="114.05190098"><ele>-7.99615478515625</ele><time>2018-12-24T02:45:27Z</time></trkpt><trkpt lat="22.4947583" lon="114.05191561"><ele>-7.583740234375</ele><time>2018-12-24T02:45:28Z</time></trkpt><trkpt lat="22.49477137" lon="114.05193213"><ele>-7.776519775390625</ele><time>2018-12-24T02:45:29Z</time></trkpt><trkpt lat="22.49478936" lon="114.05195819"><ele>-8.2340087890625</ele><time>2018-12-24T02:45:31Z</time></trkpt><trkpt lat="22.49480087" lon="114.05197594"><ele>-11.690216064453125</ele><time>2018-12-24T02:45:33Z</time></trkpt><trkpt lat="22.49481587" lon="114.05199561"><ele>-10.772247314453125</ele><time>2018-12-24T02:45:38Z</time></trkpt><trkpt lat="22.49482505" lon="114.0520126"><ele>-8.290191650390625</ele><time>2018-12-24T02:45:40Z</time></trkpt><trkpt lat="22.49483446" lon="114.05203223"><ele>-8.416290283203125</ele><time>2018-12-24T02:45:43Z</time></trkpt><trkpt lat="22.49484547" lon="114.05204942"><ele>-9.82989501953125</ele><time>2018-12-24T02:45:46Z</time></trkpt><trkpt lat="22.49485551" lon="114.05206735"><ele>-8.42047119140625</ele><time>2018-12-24T02:45:49Z</time></trkpt><trkpt lat="22.49486465" lon="114.05208701"><ele>-7.972900390625</ele><time>2018-12-24T02:45:51Z</time></trkpt><trkpt lat="22.49487528" lon="114.05210895"><ele>-4.27838134765625</ele><time>2018-12-24T02:45:53Z</time></trkpt><trkpt lat="22.49488145" lon="114.05213546"><ele>-3.46484375</ele><time>2018-12-24T02:45:55Z</time></trkpt><trkpt lat="22.49488588" lon="114.0521612"><ele>-3.27020263671875</ele><time>2018-12-24T02:45:57Z</time></trkpt><trkpt lat="22.49489421" lon="114.05218738"><ele>-3.209014892578125</ele><time>2018-12-24T02:45:59Z</time></trkpt><trkpt lat="22.49491528" lon="114.05222155"><ele>-4.064361572265625</ele><time>2018-12-24T02:46:01Z</time></trkpt><trkpt lat="22.49492762" lon="114.05224009"><ele>-3.67889404296875</ele><time>2018-12-24T02:46:02Z</time></trkpt><trkpt lat="22.49493922" lon="114.05225729"><ele>-3.726715087890625</ele><time>2018-12-24T02:46:03Z</time></trkpt><trkpt lat="22.49495734" lon="114.05228899"><ele>-4.25048828125</ele><time>2018-12-24T02:46:05Z</time></trkpt><trkpt lat="22.49496744" lon="114.05230533"><ele>-4.905364990234375</ele><time>2018-12-24T02:46:06Z</time></trkpt><trkpt lat="22.4949779" lon="114.05232251"><ele>-4.640289306640625</ele><time>2018-12-24T02:46:07Z</time></trkpt><trkpt lat="22.49499625" lon="114.05235732"><ele>-3.3221435546875</ele><time>2018-12-24T02:46:09Z</time></trkpt><trkpt lat="22.49500464" lon="114.05237547"><ele>-3.036224365234375</ele><time>2018-12-24T02:46:10Z</time></trkpt><trkpt lat="22.49501337" lon="114.05239282"><ele>-3.627899169921875</ele><time>2018-12-24T02:46:11Z</time></trkpt><trkpt lat="22.49502925" lon="114.05242452"><ele>-3.319366455078125</ele><time>2018-12-24T02:46:13Z</time></trkpt><trkpt lat="22.49504094" lon="114.05245319"><ele>-3.332977294921875</ele><time>2018-12-24T02:46:15Z</time></trkpt><trkpt lat="22.49504906" lon="114.05248174"><ele>-0.7022705078125</ele><time>2018-12-24T02:46:17Z</time></trkpt><trkpt lat="22.49506287" lon="114.05251245"><ele>0.07073974609375</ele><time>2018-12-24T02:46:19Z</time></trkpt><trkpt lat="22.49507295" lon="114.05252942"><ele>-0.072113037109375</ele><time>2018-12-24T02:46:20Z</time></trkpt><trkpt lat="22.49509072" lon="114.05255677"><ele>-2.637420654296875</ele><time>2018-12-24T02:46:22Z</time></trkpt><trkpt lat="22.49510642" lon="114.05257771"><ele>-5.1507568359375</ele><time>2018-12-24T02:46:24Z</time></trkpt><trkpt lat="22.4951216" lon="114.05259585"><ele>-5.313323974609375</ele><time>2018-12-24T02:46:26Z</time></trkpt><trkpt lat="22.49513782" lon="114.05262343"><ele>-3.47076416015625</ele><time>2018-12-24T02:46:28Z</time></trkpt><trkpt lat="22.49515231" lon="114.05265509"><ele>-2.20538330078125</ele><time>2018-12-24T02:46:30Z</time></trkpt><trkpt lat="22.49516843" lon="114.0526839"><ele>-2.677093505859375</ele><time>2018-12-24T02:46:32Z</time></trkpt><trkpt lat="22.49518099" lon="114.05270797"><ele>-2.851287841796875</ele><time>2018-12-24T02:46:34Z</time></trkpt><trkpt lat="22.49518999" lon="114.05273265"><ele>-3.64654541015625</ele><time>2018-12-24T02:46:36Z</time></trkpt><trkpt lat="22.49520178" lon="114.05275342"><ele>-3.932952880859375</ele><time>2018-12-24T02:46:38Z</time></trkpt><trkpt lat="22.4952141" lon="114.05276882"><ele>-7.43304443359375</ele><time>2018-12-24T02:46:40Z</time></trkpt><trkpt lat="22.49522888" lon="114.05278724"><ele>-8.742950439453125</ele><time>2018-12-24T02:46:43Z</time></trkpt><trkpt lat="22.49523654" lon="114.05280673"><ele>-8.038238525390625</ele><time>2018-12-24T02:46:45Z</time></trkpt><trkpt lat="22.49524678" lon="114.05282749"><ele>-9.851959228515625</ele><time>2018-12-24T02:46:47Z</time></trkpt><trkpt lat="22.49525969" lon="114.05285334"><ele>-7.753753662109375</ele><time>2018-12-24T02:46:49Z</time></trkpt><trkpt lat="22.49526986" lon="114.05288094"><ele>-6.843780517578125</ele><time>2018-12-24T02:46:51Z</time></trkpt><trkpt lat="22.4952823" lon="114.05291257"><ele>-6.976409912109375</ele><time>2018-12-24T02:46:53Z</time></trkpt><trkpt lat="22.49529591" lon="114.05294225"><ele>-8.29962158203125</ele><time>2018-12-24T02:46:55Z</time></trkpt><trkpt lat="22.49529693" lon="114.05296977"><ele>-7.555511474609375</ele><time>2018-12-24T02:46:58Z</time></trkpt><trkpt lat="22.49530883" lon="114.05298963"><ele>-11.388916015625</ele><time>2018-12-24T02:47:00Z</time></trkpt><trkpt lat="22.49533019" lon="114.05300572"><ele>-12.963592529296875</ele><time>2018-12-24T02:47:03Z</time></trkpt><trkpt lat="22.49534535" lon="114.05302646"><ele>-11.765899658203125</ele><time>2018-12-24T02:47:05Z</time></trkpt><trkpt lat="22.49536104" lon="114.05306374"><ele>-9.512969970703125</ele><time>2018-12-24T02:47:07Z</time></trkpt><trkpt lat="22.49537001" lon="114.05308755"><ele>-8.7559814453125</ele><time>2018-12-24T02:47:08Z</time></trkpt><trkpt lat="22.49537824" lon="114.05311148"><ele>-8.001220703125</ele><time>2018-12-24T02:47:09Z</time></trkpt><trkpt lat="22.49538641" lon="114.05313471"><ele>-7.742340087890625</ele><time>2018-12-24T02:47:10Z</time></trkpt><trkpt lat="22.49539511" lon="114.05315188"><ele>-9.29095458984375</ele><time>2018-12-24T02:47:11Z</time></trkpt><trkpt lat="22.49540554" lon="114.05317922"><ele>-8.198455810546875</ele><time>2018-12-24T02:47:13Z</time></trkpt><trkpt lat="22.49540827" lon="114.05320584"><ele>-6.6966552734375</ele><time>2018-12-24T02:47:15Z</time></trkpt><trkpt lat="22.49540967" lon="114.0532319"><ele>-7.01409912109375</ele><time>2018-12-24T02:47:17Z</time></trkpt><trkpt lat="22.49541913" lon="114.05325792"><ele>-7.92681884765625</ele><time>2018-12-24T02:47:19Z</time></trkpt><trkpt lat="22.49542024" lon="114.05328395"><ele>-9.3388671875</ele><time>2018-12-24T02:47:21Z</time></trkpt><trkpt lat="22.49542534" lon="114.05331394"><ele>-8.5478515625</ele><time>2018-12-24T02:47:23Z</time></trkpt><trkpt lat="22.49543748" lon="114.05334418"><ele>-7.3282470703125</ele><time>2018-12-24T02:47:25Z</time></trkpt><trkpt lat="22.49544872" lon="114.05337343"><ele>-6.890472412109375</ele><time>2018-12-24T02:47:27Z</time></trkpt><trkpt lat="22.49546197" lon="114.05341024"><ele>-4.7552490234375</ele><time>2018-12-24T02:47:29Z</time></trkpt><trkpt lat="22.49546948" lon="114.05343528"><ele>-3.440887451171875</ele><time>2018-12-24T02:47:31Z</time></trkpt><trkpt lat="22.49547795" lon="114.05345628"><ele>-4.257720947265625</ele><time>2018-12-24T02:47:40Z</time></trkpt><trkpt lat="22.49548147" lon="114.05348245"><ele>-2.258819580078125</ele><time>2018-12-24T02:47:42Z</time></trkpt><trkpt lat="22.49548632" lon="114.05351181"><ele>-0.8289794921875</ele><time>2018-12-24T02:47:44Z</time></trkpt><trkpt lat="22.49549274" lon="114.05354341"><ele>1.32220458984375</ele><time>2018-12-24T02:47:46Z</time></trkpt><trkpt lat="22.49549533" lon="114.05357948"><ele>3.1824951171875</ele><time>2018-12-24T02:47:48Z</time></trkpt><trkpt lat="22.49548816" lon="114.05360214"><ele>-1.262481689453125</ele><time>2018-12-24T02:47:51Z</time></trkpt><trkpt lat="22.49547836" lon="114.0536224"><ele>-2.01287841796875</ele><time>2018-12-24T02:47:54Z</time></trkpt><trkpt lat="22.49546486" lon="114.053644"><ele>-0.07122802734375</ele><time>2018-12-24T02:47:57Z</time></trkpt><trkpt lat="22.49546101" lon="114.05366661"><ele>0.831878662109375</ele><time>2018-12-24T02:47:59Z</time></trkpt><trkpt lat="22.49545936" lon="114.05368851"><ele>-0.60211181640625</ele><time>2018-12-24T02:48:01Z</time></trkpt><trkpt lat="22.49546379" lon="114.0537151"><ele>1.09356689453125</ele><time>2018-12-24T02:48:03Z</time></trkpt><trkpt lat="22.49546885" lon="114.05373938"><ele>1.51727294921875</ele><time>2018-12-24T02:48:05Z</time></trkpt><trkpt lat="22.49545261" lon="114.05375555"><ele>-2.252899169921875</ele><time>2018-12-24T02:48:07Z</time></trkpt><trkpt lat="22.49544414" lon="114.05377571"><ele>-3.37518310546875</ele><time>2018-12-24T02:48:09Z</time></trkpt><trkpt lat="22.49543827" lon="114.05380645"><ele>-2.2728271484375</ele><time>2018-12-24T02:48:11Z</time></trkpt><trkpt lat="22.49543442" lon="114.053845"><ele>-0.78826904296875</ele><time>2018-12-24T02:48:13Z</time></trkpt><trkpt lat="22.49543216" lon="114.05386679"><ele>-1.29931640625</ele><time>2018-12-24T02:48:14Z</time></trkpt><trkpt lat="22.49542997" lon="114.05388924"><ele>-2.2239990234375</ele><time>2018-12-24T02:48:15Z</time></trkpt><trkpt lat="22.49542439" lon="114.05391006"><ele>-3.50408935546875</ele><time>2018-12-24T02:48:16Z</time></trkpt><trkpt lat="22.49541715" lon="114.05392912"><ele>-4.08489990234375</ele><time>2018-12-24T02:48:17Z</time></trkpt><trkpt lat="22.49540478" lon="114.05396214"><ele>-5.00592041015625</ele><time>2018-12-24T02:48:19Z</time></trkpt><trkpt lat="22.49540025" lon="114.05399921"><ele>-5.19696044921875</ele><time>2018-12-24T02:48:21Z</time></trkpt><trkpt lat="22.49540513" lon="114.05403737"><ele>-5.768157958984375</ele><time>2018-12-24T02:48:23Z</time></trkpt><trkpt lat="22.49540291" lon="114.05407391"><ele>-6.8797607421875</ele><time>2018-12-24T02:48:25Z</time></trkpt><trkpt lat="22.49540051" lon="114.05409409"><ele>-6.59759521484375</ele><time>2018-12-24T02:48:26Z</time></trkpt><trkpt lat="22.49539941" lon="114.05411481"><ele>-5.31781005859375</ele><time>2018-12-24T02:48:27Z</time></trkpt><trkpt lat="22.49539465" lon="114.05414638"><ele>-8.31097412109375</ele><time>2018-12-24T02:48:29Z</time></trkpt><trkpt lat="22.49539332" lon="114.05418298"><ele>-7.399993896484375</ele><time>2018-12-24T02:48:32Z</time></trkpt><trkpt lat="22.49539379" lon="114.05420532"><ele>-6.69476318359375</ele><time>2018-12-24T02:48:33Z</time></trkpt><trkpt lat="22.49539558" lon="114.05422987"><ele>-5.988006591796875</ele><time>2018-12-24T02:48:34Z</time></trkpt><trkpt lat="22.49539604" lon="114.05425217"><ele>-5.950775146484375</ele><time>2018-12-24T02:48:35Z</time></trkpt><trkpt lat="22.49539752" lon="114.05427402"><ele>-6.567474365234375</ele><time>2018-12-24T02:48:36Z</time></trkpt><trkpt lat="22.49539975" lon="114.05429394"><ele>-6.015716552734375</ele><time>2018-12-24T02:48:37Z</time></trkpt><trkpt lat="22.49540826" lon="114.05431808"><ele>-5.8759765625</ele><time>2018-12-24T02:48:39Z</time></trkpt><trkpt lat="22.49541685" lon="114.05434482"><ele>-7.582763671875</ele><time>2018-12-24T02:48:42Z</time></trkpt><trkpt lat="22.49541638" lon="114.05437721"><ele>-9.44732666015625</ele><time>2018-12-24T02:48:44Z</time></trkpt><trkpt lat="22.49541509" lon="114.05439718"><ele>-9.247650146484375</ele><time>2018-12-24T02:48:45Z</time></trkpt><trkpt lat="22.49541057" lon="114.054417"><ele>-9.8165283203125</ele><time>2018-12-24T02:48:46Z</time></trkpt><trkpt lat="22.49540566" lon="114.05443692"><ele>-9.215911865234375</ele><time>2018-12-24T02:48:47Z</time></trkpt><trkpt lat="22.49539716" lon="114.05447628"><ele>-8.35833740234375</ele><time>2018-12-24T02:48:49Z</time></trkpt><trkpt lat="22.49539105" lon="114.05449612"><ele>-9.692657470703125</ele><time>2018-12-24T02:48:50Z</time></trkpt><trkpt lat="22.49538496" lon="114.05453308"><ele>-12.28277587890625</ele><time>2018-12-24T02:48:52Z</time></trkpt><trkpt lat="22.49537005" lon="114.05455433"><ele>-17.204498291015625</ele><time>2018-12-24T02:48:54Z</time></trkpt><trkpt lat="22.49535529" lon="114.05457938"><ele>-14.735198974609375</ele><time>2018-12-24T02:48:56Z</time></trkpt><trkpt lat="22.49534338" lon="114.05460119"><ele>-16.52130126953125</ele><time>2018-12-24T02:48:58Z</time></trkpt><trkpt lat="22.4953345" lon="114.05462306"><ele>-17.831329345703125</ele><time>2018-12-24T02:49:00Z</time></trkpt><trkpt lat="22.49532621" lon="114.05464685"><ele>-17.623382568359375</ele><time>2018-12-24T02:49:02Z</time></trkpt><trkpt lat="22.49532395" lon="114.05467141"><ele>-15.889892578125</ele><time>2018-12-24T02:49:04Z</time></trkpt><trkpt lat="22.49531485" lon="114.05470486"><ele>-14.438446044921875</ele><time>2018-12-24T02:49:06Z</time></trkpt><trkpt lat="22.49531372" lon="114.05473618"><ele>-13.666656494140625</ele><time>2018-12-24T02:49:08Z</time></trkpt><trkpt lat="22.49532414" lon="114.05476549"><ele>-12.509002685546875</ele><time>2018-12-24T02:49:10Z</time></trkpt><trkpt lat="22.49533579" lon="114.05479182"><ele>-13.183135986328125</ele><time>2018-12-24T02:49:12Z</time></trkpt><trkpt lat="22.4953431" lon="114.05482038"><ele>-12.673797607421875</ele><time>2018-12-24T02:49:14Z</time></trkpt><trkpt lat="22.49534841" lon="114.0548501"><ele>-12.596771240234375</ele><time>2018-12-24T02:49:16Z</time></trkpt><trkpt lat="22.49534788" lon="114.05487815"><ele>-13.981536865234375</ele><time>2018-12-24T02:49:18Z</time></trkpt><trkpt lat="22.49534569" lon="114.0549088"><ele>-12.891815185546875</ele><time>2018-12-24T02:49:20Z</time></trkpt><trkpt lat="22.495341" lon="114.05493696"><ele>-13.946319580078125</ele><time>2018-12-24T02:49:22Z</time></trkpt><trkpt lat="22.49533635" lon="114.05496682"><ele>-13.183563232421875</ele><time>2018-12-24T02:49:24Z</time></trkpt><trkpt lat="22.4953318" lon="114.05500031"><ele>-13.1689453125</ele><time>2018-12-24T02:49:26Z</time></trkpt><trkpt lat="22.49532919" lon="114.0550353"><ele>-11.97369384765625</ele><time>2018-12-24T02:49:28Z</time></trkpt><trkpt lat="22.49532346" lon="114.0550616"><ele>-11.9066162109375</ele><time>2018-12-24T02:49:30Z</time></trkpt><trkpt lat="22.49532073" lon="114.05509353"><ele>-12.0361328125</ele><time>2018-12-24T02:49:32Z</time></trkpt><trkpt lat="22.49531791" lon="114.05512153"><ele>-13.5589599609375</ele><time>2018-12-24T02:49:34Z</time></trkpt><trkpt lat="22.49530881" lon="114.05515937"><ele>-11.525634765625</ele><time>2018-12-24T02:49:36Z</time></trkpt><trkpt lat="22.49529551" lon="114.05518533"><ele>-13.685791015625</ele><time>2018-12-24T02:49:38Z</time></trkpt><trkpt lat="22.49528289" lon="114.05520633"><ele>-13.898406982421875</ele><time>2018-12-24T02:49:40Z</time></trkpt><trkpt lat="22.49527189" lon="114.05523052"><ele>-12.56463623046875</ele><time>2018-12-24T02:49:42Z</time></trkpt><trkpt lat="22.49526569" lon="114.05525087"><ele>-12.8775634765625</ele><time>2018-12-24T02:49:44Z</time></trkpt><trkpt lat="22.49526227" lon="114.05527459"><ele>-14.0469970703125</ele><time>2018-12-24T02:49:47Z</time></trkpt><trkpt lat="22.49526138" lon="114.05529835"><ele>-15.12176513671875</ele><time>2018-12-24T02:49:50Z</time></trkpt><trkpt lat="22.4952684" lon="114.05532632"><ele>-10.43994140625</ele><time>2018-12-24T02:49:52Z</time></trkpt><trkpt lat="22.49527739" lon="114.05534545"><ele>-8.47003173828125</ele><time>2018-12-24T02:49:54Z</time></trkpt><trkpt lat="22.49528323" lon="114.05536505"><ele>-6.016937255859375</ele><time>2018-12-24T02:49:56Z</time></trkpt><trkpt lat="22.49528214" lon="114.05538777"><ele>-6.82489013671875</ele><time>2018-12-24T02:49:58Z</time></trkpt><trkpt lat="22.49528167" lon="114.05540829"><ele>-6.63348388671875</ele><time>2018-12-24T02:50:00Z</time></trkpt><trkpt lat="22.49527915" lon="114.05543069"><ele>-6.849822998046875</ele><time>2018-12-24T02:50:03Z</time></trkpt><trkpt lat="22.49527916" lon="114.05545405"><ele>-7.772552490234375</ele><time>2018-12-24T02:50:06Z</time></trkpt><trkpt lat="22.49528114" lon="114.05548305"><ele>-5.560577392578125</ele><time>2018-12-24T02:50:09Z</time></trkpt><trkpt lat="22.49528693" lon="114.05552049"><ele>-3.84613037109375</ele><time>2018-12-24T02:50:11Z</time></trkpt><trkpt lat="22.4952877" lon="114.05554143"><ele>-3.86474609375</ele><time>2018-12-24T02:50:12Z</time></trkpt><trkpt lat="22.49528891" lon="114.05558093"><ele>-0.144317626953125</ele><time>2018-12-24T02:50:14Z</time></trkpt><trkpt lat="22.49528793" lon="114.05560235"><ele>-0.0145263671875</ele><time>2018-12-24T02:50:15Z</time></trkpt><trkpt lat="22.49528486" lon="114.05562153"><ele>-1.20501708984375</ele><time>2018-12-24T02:50:16Z</time></trkpt><trkpt lat="22.49528114" lon="114.05565772"><ele>-1.7696533203125</ele><time>2018-12-24T02:50:18Z</time></trkpt><trkpt lat="22.49527892" lon="114.05569201"><ele>-1.42181396484375</ele><time>2018-12-24T02:50:20Z</time></trkpt><trkpt lat="22.49527434" lon="114.05572928"><ele>0.618927001953125</ele><time>2018-12-24T02:50:22Z</time></trkpt><trkpt lat="22.49527043" lon="114.05575094"><ele>0.63922119140625</ele><time>2018-12-24T02:50:23Z</time></trkpt><trkpt lat="22.4952674" lon="114.0557717"><ele>0.1619873046875</ele><time>2018-12-24T02:50:24Z</time></trkpt><trkpt lat="22.49526557" lon="114.05579136"><ele>0.621124267578125</ele><time>2018-12-24T02:50:25Z</time></trkpt><trkpt lat="22.49526487" lon="114.05581242"><ele>0.479949951171875</ele><time>2018-12-24T02:50:26Z</time></trkpt><trkpt lat="22.49526376" lon="114.05583226"><ele>1.55670166015625</ele><time>2018-12-24T02:50:27Z</time></trkpt><trkpt lat="22.49526258" lon="114.05585189"><ele>2.064239501953125</ele><time>2018-12-24T02:50:28Z</time></trkpt><trkpt lat="22.49525926" lon="114.05589035"><ele>1.382232666015625</ele><time>2018-12-24T02:50:30Z</time></trkpt><trkpt lat="22.49525623" lon="114.05591199"><ele>1.547271728515625</ele><time>2018-12-24T02:50:31Z</time></trkpt><trkpt lat="22.49525253" lon="114.05593351"><ele>0.72613525390625</ele><time>2018-12-24T02:50:32Z</time></trkpt><trkpt lat="22.49524594" lon="114.05596007"><ele>-0.705230712890625</ele><time>2018-12-24T02:50:34Z</time></trkpt><trkpt lat="22.49524139" lon="114.0559878"><ele>0.199676513671875</ele><time>2018-12-24T02:50:36Z</time></trkpt><trkpt lat="22.49523585" lon="114.05601777"><ele>-0.94195556640625</ele><time>2018-12-24T02:50:38Z</time></trkpt><trkpt lat="22.49522008" lon="114.05604307"><ele>-1.923980712890625</ele><time>2018-12-24T02:50:40Z</time></trkpt><trkpt lat="22.49520638" lon="114.05607926"><ele>-2.3834228515625</ele><time>2018-12-24T02:50:42Z</time></trkpt><trkpt lat="22.49520041" lon="114.05611402"><ele>-1.7615966796875</ele><time>2018-12-24T02:50:44Z</time></trkpt><trkpt lat="22.4951975" lon="114.05614564"><ele>-1.2471923828125</ele><time>2018-12-24T02:50:46Z</time></trkpt><trkpt lat="22.49519584" lon="114.05616537"><ele>-1.3492431640625</ele><time>2018-12-24T02:50:47Z</time></trkpt><trkpt lat="22.49519116" lon="114.05619955"><ele>0.565521240234375</ele><time>2018-12-24T02:50:49Z</time></trkpt><trkpt lat="22.49519074" lon="114.05623338"><ele>-1.08953857421875</ele><time>2018-12-24T02:50:51Z</time></trkpt><trkpt lat="22.49519405" lon="114.0562532"><ele>-4.337738037109375</ele><time>2018-12-24T02:50:53Z</time></trkpt><trkpt lat="22.49519989" lon="114.05627679"><ele>-3.074462890625</ele><time>2018-12-24T02:50:57Z</time></trkpt><trkpt lat="22.49520799" lon="114.05629854"><ele>-2.4453125</ele><time>2018-12-24T02:51:00Z</time></trkpt><trkpt lat="22.49520426" lon="114.05631878"><ele>-1.399444580078125</ele><time>2018-12-24T02:51:02Z</time></trkpt><trkpt lat="22.49520281" lon="114.05634495"><ele>-2.079986572265625</ele><time>2018-12-24T02:51:04Z</time></trkpt><trkpt lat="22.4951977" lon="114.0563791"><ele>-0.85498046875</ele><time>2018-12-24T02:51:06Z</time></trkpt><trkpt lat="22.49518023" lon="114.05641082"><ele>-2.412445068359375</ele><time>2018-12-24T02:51:08Z</time></trkpt><trkpt lat="22.49516748" lon="114.05642852"><ele>-1.34564208984375</ele><time>2018-12-24T02:51:09Z</time></trkpt><trkpt lat="22.49514764" lon="114.05645352"><ele>-0.47552490234375</ele><time>2018-12-24T02:51:11Z</time></trkpt><trkpt lat="22.49513885" lon="114.05647377"><ele>-0.662353515625</ele><time>2018-12-24T02:51:13Z</time></trkpt><trkpt lat="22.49512946" lon="114.05649862"><ele>-0.7916259765625</ele><time>2018-12-24T02:51:15Z</time></trkpt><trkpt lat="22.49512482" lon="114.05652863"><ele>-0.44970703125</ele><time>2018-12-24T02:51:17Z</time></trkpt><trkpt lat="22.49512912" lon="114.05655901"><ele>-0.32904052734375</ele><time>2018-12-24T02:51:19Z</time></trkpt><trkpt lat="22.49513394" lon="114.0565833"><ele>-0.881134033203125</ele><time>2018-12-24T02:51:21Z</time></trkpt><trkpt lat="22.49514754" lon="114.05661279"><ele>1.06072998046875</ele><time>2018-12-24T02:51:30Z</time></trkpt><trkpt lat="22.49515186" lon="114.05665475"><ele>0.96868896484375</ele><time>2018-12-24T02:51:32Z</time></trkpt><trkpt lat="22.49515623" lon="114.05668642"><ele>1.2530517578125</ele><time>2018-12-24T02:51:34Z</time></trkpt><trkpt lat="22.49515532" lon="114.05671401"><ele>3.414642333984375</ele><time>2018-12-24T02:51:36Z</time></trkpt><trkpt lat="22.49515653" lon="114.05674388"><ele>2.89111328125</ele><time>2018-12-24T02:51:38Z</time></trkpt><trkpt lat="22.49515215" lon="114.05676838"><ele>-1.46734619140625</ele><time>2018-12-24T02:51:41Z</time></trkpt><trkpt lat="22.49514838" lon="114.05679211"><ele>-4.16558837890625</ele><time>2018-12-24T02:51:45Z</time></trkpt><trkpt lat="22.49514993" lon="114.05681314"><ele>-4.8602294921875</ele><time>2018-12-24T02:51:47Z</time></trkpt><trkpt lat="22.49515474" lon="114.05684061"><ele>-5.10894775390625</ele><time>2018-12-24T02:51:49Z</time></trkpt><trkpt lat="22.49515746" lon="114.05686696"><ele>-9.386016845703125</ele><time>2018-12-24T02:51:52Z</time></trkpt><trkpt lat="22.49516296" lon="114.05689198"><ele>-9.2938232421875</ele><time>2018-12-24T02:51:54Z</time></trkpt><trkpt lat="22.4951693" lon="114.05692227"><ele>-9.62945556640625</ele><time>2018-12-24T02:51:56Z</time></trkpt><trkpt lat="22.49517313" lon="114.05695609"><ele>-7.9371337890625</ele><time>2018-12-24T02:51:58Z</time></trkpt><trkpt lat="22.49517487" lon="114.05697628"><ele>-7.600006103515625</ele><time>2018-12-24T02:51:59Z</time></trkpt><trkpt lat="22.49518184" lon="114.05700914"><ele>-6.044219970703125</ele><time>2018-12-24T02:52:01Z</time></trkpt><trkpt lat="22.49518667" lon="114.05702843"><ele>-6.3934326171875</ele><time>2018-12-24T02:52:02Z</time></trkpt><trkpt lat="22.49519347" lon="114.05705883"><ele>-7.543548583984375</ele><time>2018-12-24T02:52:04Z</time></trkpt><trkpt lat="22.49519929" lon="114.05709291"><ele>-6.66412353515625</ele><time>2018-12-24T02:52:06Z</time></trkpt><trkpt lat="22.49519683" lon="114.05711966"><ele>-8.001495361328125</ele><time>2018-12-24T02:52:08Z</time></trkpt><trkpt lat="22.4951971" lon="114.05715234"><ele>-6.6502685546875</ele><time>2018-12-24T02:52:10Z</time></trkpt><trkpt lat="22.49519664" lon="114.05718096"><ele>-7.776580810546875</ele><time>2018-12-24T02:52:12Z</time></trkpt><trkpt lat="22.49519807" lon="114.05720944"><ele>-9.016265869140625</ele><time>2018-12-24T02:52:14Z</time></trkpt><trkpt lat="22.49520187" lon="114.05723778"><ele>-8.934295654296875</ele><time>2018-12-24T02:52:16Z</time></trkpt><trkpt lat="22.49520588" lon="114.05726115"><ele>-11.624420166015625</ele><time>2018-12-24T02:52:18Z</time></trkpt><trkpt lat="22.49520478" lon="114.057284"><ele>-11.179962158203125</ele><time>2018-12-24T02:52:20Z</time></trkpt><trkpt lat="22.49520605" lon="114.05731611"><ele>-10.559783935546875</ele><time>2018-12-24T02:52:22Z</time></trkpt><trkpt lat="22.4952067" lon="114.05734356"><ele>-12.519012451171875</ele><time>2018-12-24T02:52:25Z</time></trkpt><trkpt lat="22.49521112" lon="114.05736736"><ele>-14.021453857421875</ele><time>2018-12-24T02:52:29Z</time></trkpt><trkpt lat="22.49521795" lon="114.05739223"><ele>-13.068145751953125</ele><time>2018-12-24T02:52:31Z</time></trkpt><trkpt lat="22.49522548" lon="114.05742104"><ele>-13.571014404296875</ele><time>2018-12-24T02:52:33Z</time></trkpt><trkpt lat="22.49523541" lon="114.05745074"><ele>-13.22674560546875</ele><time>2018-12-24T02:52:35Z</time></trkpt><trkpt lat="22.49524211" lon="114.05747308"><ele>-15.652618408203125</ele><time>2018-12-24T02:52:37Z</time></trkpt><trkpt lat="22.4952462" lon="114.05749562"><ele>-16.161285400390625</ele><time>2018-12-24T02:52:39Z</time></trkpt><trkpt lat="22.49525079" lon="114.05752185"><ele>-14.34283447265625</ele><time>2018-12-24T02:52:41Z</time></trkpt><trkpt lat="22.49526146" lon="114.05755"><ele>-14.49151611328125</ele><time>2018-12-24T02:52:43Z</time></trkpt><trkpt lat="22.49527309" lon="114.05757797"><ele>-14.551666259765625</ele><time>2018-12-24T02:52:45Z</time></trkpt><trkpt lat="22.49528131" lon="114.05761149"><ele>-14.556243896484375</ele><time>2018-12-24T02:52:47Z</time></trkpt><trkpt lat="22.49528791" lon="114.0576419"><ele>-14.303802490234375</ele><time>2018-12-24T02:52:49Z</time></trkpt><trkpt lat="22.49529335" lon="114.05767124"><ele>-14.22723388671875</ele><time>2018-12-24T02:52:51Z</time></trkpt><trkpt lat="22.4953012" lon="114.0577032"><ele>-13.926788330078125</ele><time>2018-12-24T02:52:53Z</time></trkpt><trkpt lat="22.49531065" lon="114.05772963"><ele>-13.7445068359375</ele><time>2018-12-24T02:52:55Z</time></trkpt><trkpt lat="22.49532264" lon="114.05775737"><ele>-11.853271484375</ele><time>2018-12-24T02:52:57Z</time></trkpt><trkpt lat="22.49532774" lon="114.05778675"><ele>-13.226776123046875</ele><time>2018-12-24T02:52:59Z</time></trkpt><trkpt lat="22.49533094" lon="114.05781893"><ele>-12.36871337890625</ele><time>2018-12-24T02:53:01Z</time></trkpt><trkpt lat="22.49533589" lon="114.05783867"><ele>-11.1651611328125</ele><time>2018-12-24T02:53:02Z</time></trkpt><trkpt lat="22.49534161" lon="114.05785959"><ele>-11.231475830078125</ele><time>2018-12-24T02:53:03Z</time></trkpt><trkpt lat="22.49534752" lon="114.05788126"><ele>-10.574737548828125</ele><time>2018-12-24T02:53:04Z</time></trkpt><trkpt lat="22.49535414" lon="114.05790015"><ele>-12.726837158203125</ele><time>2018-12-24T02:53:05Z</time></trkpt><trkpt lat="22.49535716" lon="114.05793387"><ele>-12.506622314453125</ele><time>2018-12-24T02:53:07Z</time></trkpt><trkpt lat="22.49535747" lon="114.05796275"><ele>-14.001617431640625</ele><time>2018-12-24T02:53:09Z</time></trkpt><trkpt lat="22.49535392" lon="114.05799301"><ele>-13.763519287109375</ele><time>2018-12-24T02:53:11Z</time></trkpt><trkpt lat="22.49535147" lon="114.05801961"><ele>-14.555755615234375</ele><time>2018-12-24T02:53:13Z</time></trkpt><trkpt lat="22.49534881" lon="114.05804266"><ele>-14.87042236328125</ele><time>2018-12-24T02:53:15Z</time></trkpt><trkpt lat="22.49534801" lon="114.05806907"><ele>-12.494384765625</ele><time>2018-12-24T02:53:17Z</time></trkpt><trkpt lat="22.49534874" lon="114.05809685"><ele>-10.280609130859375</ele><time>2018-12-24T02:53:19Z</time></trkpt><trkpt lat="22.49534663" lon="114.05812702"><ele>-9.22625732421875</ele><time>2018-12-24T02:53:21Z</time></trkpt><trkpt lat="22.49534486" lon="114.05814983"><ele>-7.9571533203125</ele><time>2018-12-24T02:53:22Z</time></trkpt><trkpt lat="22.49534251" lon="114.05817033"><ele>-6.33465576171875</ele><time>2018-12-24T02:53:23Z</time></trkpt><trkpt lat="22.49533798" lon="114.05820685"><ele>-6.06103515625</ele><time>2018-12-24T02:53:25Z</time></trkpt><trkpt lat="22.49533106" lon="114.05824552"><ele>-5.336639404296875</ele><time>2018-12-24T02:53:27Z</time></trkpt><trkpt lat="22.4953289" lon="114.05828078"><ele>-5.385650634765625</ele><time>2018-12-24T02:53:29Z</time></trkpt><trkpt lat="22.49532833" lon="114.05831663"><ele>-7.43597412109375</ele><time>2018-12-24T02:53:31Z</time></trkpt><trkpt lat="22.49533144" lon="114.05834577"><ele>-8.7060546875</ele><time>2018-12-24T02:53:33Z</time></trkpt><trkpt lat="22.49534093" lon="114.05837112"><ele>-8.49383544921875</ele><time>2018-12-24T02:53:36Z</time></trkpt><trkpt lat="22.49534871" lon="114.0583895"><ele>-6.1531982421875</ele><time>2018-12-24T02:53:39Z</time></trkpt><trkpt lat="22.49535199" lon="114.05841576"><ele>-7.13525390625</ele><time>2018-12-24T02:53:42Z</time></trkpt><trkpt lat="22.49536006" lon="114.05844734"><ele>-7.931640625</ele><time>2018-12-24T02:53:44Z</time></trkpt><trkpt lat="22.49536791" lon="114.0584723"><ele>-4.533905029296875</ele><time>2018-12-24T02:53:46Z</time></trkpt><trkpt lat="22.49536947" lon="114.05849261"><ele>-3.994293212890625</ele><time>2018-12-24T02:53:48Z</time></trkpt><trkpt lat="22.49537472" lon="114.05852671"><ele>-2.519439697265625</ele><time>2018-12-24T02:53:51Z</time></trkpt><trkpt lat="22.49538136" lon="114.05855707"><ele>-1.6820068359375</ele><time>2018-12-24T02:53:53Z</time></trkpt><trkpt lat="22.49538534" lon="114.05858779"><ele>-1.921875</ele><time>2018-12-24T02:53:55Z</time></trkpt><trkpt lat="22.49539654" lon="114.05861929"><ele>-0.243316650390625</ele><time>2018-12-24T02:53:57Z</time></trkpt><trkpt lat="22.49541051" lon="114.05865649"><ele>1.6036376953125</ele><time>2018-12-24T02:53:59Z</time></trkpt><trkpt lat="22.49541564" lon="114.05868647"><ele>-1.115020751953125</ele><time>2018-12-24T02:54:01Z</time></trkpt><trkpt lat="22.49541548" lon="114.05870662"><ele>-1.22052001953125</ele><time>2018-12-24T02:54:03Z</time></trkpt><trkpt lat="22.49542227" lon="114.05873031"><ele>-0.74993896484375</ele><time>2018-12-24T02:54:05Z</time></trkpt><trkpt lat="22.49543167" lon="114.05874894"><ele>-1.11798095703125</ele><time>2018-12-24T02:54:07Z</time></trkpt><trkpt lat="22.49544257" lon="114.05876999"><ele>-1.04998779296875</ele><time>2018-12-24T02:54:10Z</time></trkpt><trkpt lat="22.49545022" lon="114.05879181"><ele>-1.264556884765625</ele><time>2018-12-24T02:54:12Z</time></trkpt><trkpt lat="22.49544918" lon="114.05881583"><ele>-0.752593994140625</ele><time>2018-12-24T02:54:16Z</time></trkpt><trkpt lat="22.4954581" lon="114.05884532"><ele>-1.481658935546875</ele><time>2018-12-24T02:54:18Z</time></trkpt><trkpt lat="22.49546179" lon="114.05887221"><ele>-1.91546630859375</ele><time>2018-12-24T02:54:20Z</time></trkpt><trkpt lat="22.49546836" lon="114.05889848"><ele>-0.505218505859375</ele><time>2018-12-24T02:54:22Z</time></trkpt><trkpt lat="22.49547132" lon="114.05892958"><ele>1.225494384765625</ele><time>2018-12-24T02:54:24Z</time></trkpt><trkpt lat="22.49547247" lon="114.05895006"><ele>2.44207763671875</ele><time>2018-12-24T02:54:25Z</time></trkpt><trkpt lat="22.49547348" lon="114.05897019"><ele>2.608306884765625</ele><time>2018-12-24T02:54:26Z</time></trkpt><trkpt lat="22.49547338" lon="114.05900898"><ele>1.879364013671875</ele><time>2018-12-24T02:54:28Z</time></trkpt><trkpt lat="22.49547096" lon="114.05902968"><ele>1.80084228515625</ele><time>2018-12-24T02:54:29Z</time></trkpt><trkpt lat="22.49546633" lon="114.05905418"><ele>3.582733154296875</ele><time>2018-12-24T02:54:30Z</time></trkpt><trkpt lat="22.49546062" lon="114.05907727"><ele>4.72265625</ele><time>2018-12-24T02:54:31Z</time></trkpt><trkpt lat="22.4954571" lon="114.05911395"><ele>5.250579833984375</ele><time>2018-12-24T02:54:33Z</time></trkpt><trkpt lat="22.49545881" lon="114.05915022"><ele>4.6280517578125</ele><time>2018-12-24T02:54:35Z</time></trkpt><trkpt lat="22.49545669" lon="114.05917193"><ele>4.371490478515625</ele><time>2018-12-24T02:54:36Z</time></trkpt><trkpt lat="22.49545396" lon="114.05920533"><ele>3.008880615234375</ele><time>2018-12-24T02:54:38Z</time></trkpt><trkpt lat="22.49545338" lon="114.05923198"><ele>2.2657470703125</ele><time>2018-12-24T02:54:41Z</time></trkpt><trkpt lat="22.49544968" lon="114.05925283"><ele>2.676483154296875</ele><time>2018-12-24T02:54:43Z</time></trkpt><trkpt lat="22.49544281" lon="114.05927475"><ele>1.478546142578125</ele><time>2018-12-24T02:54:45Z</time></trkpt><trkpt lat="22.49542379" lon="114.05929927"><ele>2.1812744140625</ele><time>2018-12-24T02:54:47Z</time></trkpt><trkpt lat="22.49540839" lon="114.05932124"><ele>1.75238037109375</ele><time>2018-12-24T02:54:49Z</time></trkpt><trkpt lat="22.49539629" lon="114.05933912"><ele>-0.364349365234375</ele><time>2018-12-24T02:54:51Z</time></trkpt><trkpt lat="22.49538616" lon="114.05936323"><ele>-0.756866455078125</ele><time>2018-12-24T02:54:53Z</time></trkpt><trkpt lat="22.49536783" lon="114.0593906"><ele>-1.794525146484375</ele><time>2018-12-24T02:54:55Z</time></trkpt><trkpt lat="22.49534885" lon="114.05942085"><ele>-1.4571533203125</ele><time>2018-12-24T02:54:57Z</time></trkpt><trkpt lat="22.49532902" lon="114.05944771"><ele>-0.241729736328125</ele><time>2018-12-24T02:54:59Z</time></trkpt><trkpt lat="22.49530726" lon="114.05947695"><ele>-0.782989501953125</ele><time>2018-12-24T02:55:01Z</time></trkpt><trkpt lat="22.49529634" lon="114.05949303"><ele>-0.60601806640625</ele><time>2018-12-24T02:55:02Z</time></trkpt><trkpt lat="22.49528071" lon="114.05952173"><ele>-0.36773681640625</ele><time>2018-12-24T02:55:04Z</time></trkpt><trkpt lat="22.49526647" lon="114.05954533"><ele>-0.299041748046875</ele><time>2018-12-24T02:55:06Z</time></trkpt><trkpt lat="22.49525317" lon="114.05957049"><ele>-1.0435791015625</ele><time>2018-12-24T02:55:08Z</time></trkpt><trkpt lat="22.49524187" lon="114.05959274"><ele>-1.0224609375</ele><time>2018-12-24T02:55:10Z</time></trkpt><trkpt lat="22.49522917" lon="114.05961742"><ele>0.44793701171875</ele><time>2018-12-24T02:55:12Z</time></trkpt><trkpt lat="22.49521847" lon="114.05964359"><ele>0.481170654296875</ele><time>2018-12-24T02:55:14Z</time></trkpt><trkpt lat="22.49520711" lon="114.0596657"><ele>-0.580474853515625</ele><time>2018-12-24T02:55:16Z</time></trkpt><trkpt lat="22.49520079" lon="114.05969682"><ele>-0.44757080078125</ele><time>2018-12-24T02:55:18Z</time></trkpt><trkpt lat="22.49519674" lon="114.05972509"><ele>-0.208465576171875</ele><time>2018-12-24T02:55:20Z</time></trkpt><trkpt lat="22.49518403" lon="114.05974699"><ele>-1.31109619140625</ele><time>2018-12-24T02:55:22Z</time></trkpt><trkpt lat="22.49516662" lon="114.05977337"><ele>-0.6572265625</ele><time>2018-12-24T02:55:24Z</time></trkpt><trkpt lat="22.49515701" lon="114.05979085"><ele>-0.20721435546875</ele><time>2018-12-24T02:55:26Z</time></trkpt><trkpt lat="22.49515021" lon="114.0598103"><ele>-0.47479248046875</ele><time>2018-12-24T02:55:29Z</time></trkpt><trkpt lat="22.49514107" lon="114.05983504"><ele>-1.835906982421875</ele><time>2018-12-24T02:55:31Z</time></trkpt><trkpt lat="22.4951283" lon="114.05986164"><ele>-2.541168212890625</ele><time>2018-12-24T02:55:33Z</time></trkpt><trkpt lat="22.49512115" lon="114.05988067"><ele>-2.755340576171875</ele><time>2018-12-24T02:55:34Z</time></trkpt><trkpt lat="22.49511059" lon="114.05991302"><ele>-2.8367919921875</ele><time>2018-12-24T02:55:36Z</time></trkpt><trkpt lat="22.49510083" lon="114.05994621"><ele>-2.480316162109375</ele><time>2018-12-24T02:55:38Z</time></trkpt><trkpt lat="22.49509344" lon="114.05997659"><ele>-3.385223388671875</ele><time>2018-12-24T02:55:40Z</time></trkpt><trkpt lat="22.4950813" lon="114.0599988"><ele>-3.93341064453125</ele><time>2018-12-24T02:55:42Z</time></trkpt><trkpt lat="22.49507081" lon="114.06001849"><ele>-4.713836669921875</ele><time>2018-12-24T02:55:44Z</time></trkpt><trkpt lat="22.49506701" lon="114.06003952"><ele>-5.088836669921875</ele><time>2018-12-24T02:55:46Z</time></trkpt><trkpt lat="22.49505366" lon="114.06006778"><ele>-5.090087890625</ele><time>2018-12-24T02:55:48Z</time></trkpt><trkpt lat="22.49504493" lon="114.06008789"><ele>-5.582763671875</ele><time>2018-12-24T02:55:50Z</time></trkpt><trkpt lat="22.49503654" lon="114.06011253"><ele>-5.198211669921875</ele><time>2018-12-24T02:55:52Z</time></trkpt><trkpt lat="22.49502491" lon="114.06014381"><ele>-1.805877685546875</ele><time>2018-12-24T02:55:54Z</time></trkpt><trkpt lat="22.49501306" lon="114.06017195"><ele>-2.505859375</ele><time>2018-12-24T02:55:56Z</time></trkpt><trkpt lat="22.49499784" lon="114.06018686"><ele>-4.35870361328125</ele><time>2018-12-24T02:55:58Z</time></trkpt><trkpt lat="22.49496976" lon="114.06021144"><ele>-4.020721435546875</ele><time>2018-12-24T02:56:00Z</time></trkpt><trkpt lat="22.49495513" lon="114.06022768"><ele>-4.96636962890625</ele><time>2018-12-24T02:56:02Z</time></trkpt><trkpt lat="22.49494415" lon="114.0602496"><ele>-5.778717041015625</ele><time>2018-12-24T02:56:04Z</time></trkpt><trkpt lat="22.49493584" lon="114.06026846"><ele>-5.06646728515625</ele><time>2018-12-24T02:56:05Z</time></trkpt><trkpt lat="22.49491852" lon="114.06030006"><ele>-3.5830078125</ele><time>2018-12-24T02:56:07Z</time></trkpt><trkpt lat="22.49491274" lon="114.06031889"><ele>-4.089691162109375</ele><time>2018-12-24T02:56:08Z</time></trkpt><trkpt lat="22.49490615" lon="114.06035185"><ele>-1.96484375</ele><time>2018-12-24T02:56:10Z</time></trkpt><trkpt lat="22.49489782" lon="114.06038057"><ele>-1.725311279296875</ele><time>2018-12-24T02:56:12Z</time></trkpt><trkpt lat="22.49489093" lon="114.06040747"><ele>-0.913177490234375</ele><time>2018-12-24T02:56:14Z</time></trkpt><trkpt lat="22.49488334" lon="114.06043032"><ele>1.099456787109375</ele><time>2018-12-24T02:56:16Z</time></trkpt><trkpt lat="22.4948742" lon="114.06045623"><ele>2.510467529296875</ele><time>2018-12-24T02:56:18Z</time></trkpt><trkpt lat="22.49486649" lon="114.06047816"><ele>2.271514892578125</ele><time>2018-12-24T02:56:20Z</time></trkpt><trkpt lat="22.4948527" lon="114.06049712"><ele>2.751617431640625</ele><time>2018-12-24T02:56:22Z</time></trkpt><trkpt lat="22.49484387" lon="114.0605214"><ele>2.29364013671875</ele><time>2018-12-24T02:56:24Z</time></trkpt><trkpt lat="22.49483886" lon="114.06054761"><ele>2.1494140625</ele><time>2018-12-24T02:56:26Z</time></trkpt><trkpt lat="22.49483129" lon="114.06057309"><ele>1.991668701171875</ele><time>2018-12-24T02:56:28Z</time></trkpt><trkpt lat="22.49483779" lon="114.060605"><ele>3.254669189453125</ele><time>2018-12-24T02:56:29Z</time></trkpt><trkpt lat="22.49481501" lon="114.0605879"><ele>4.066650390625</ele><time>2018-12-24T02:56:31Z</time></trkpt><trkpt lat="22.49479506" lon="114.06060642"><ele>6.52215576171875</ele><time>2018-12-24T02:56:35Z</time></trkpt><trkpt lat="22.49478203" lon="114.06062381"><ele>7.561004638671875</ele><time>2018-12-24T02:56:37Z</time></trkpt><trkpt lat="22.49477045" lon="114.06064661"><ele>7.786651611328125</ele><time>2018-12-24T02:56:39Z</time></trkpt><trkpt lat="22.49476264" lon="114.0606803"><ele>6.945770263671875</ele><time>2018-12-24T02:56:41Z</time></trkpt><trkpt lat="22.4947572" lon="114.06070942"><ele>7.0477294921875</ele><time>2018-12-24T02:56:43Z</time></trkpt><trkpt lat="22.49475749" lon="114.06073632"><ele>4.577392578125</ele><time>2018-12-24T02:56:46Z</time></trkpt><trkpt lat="22.49474681" lon="114.06076122"><ele>6.253662109375</ele><time>2018-12-24T02:56:48Z</time></trkpt><trkpt lat="22.49473238" lon="114.06078635"><ele>6.76776123046875</ele><time>2018-12-24T02:56:50Z</time></trkpt><trkpt lat="22.49471612" lon="114.06080856"><ele>9.00506591796875</ele><time>2018-12-24T02:56:52Z</time></trkpt><trkpt lat="22.49470112" lon="114.06082595"><ele>8.421112060546875</ele><time>2018-12-24T02:56:54Z</time></trkpt><trkpt lat="22.49469223" lon="114.06084417"><ele>9.40203857421875</ele><time>2018-12-24T02:56:57Z</time></trkpt><trkpt lat="22.49467192" lon="114.06086575"><ele>11.877899169921875</ele><time>2018-12-24T02:56:59Z</time></trkpt><trkpt lat="22.49465307" lon="114.06089218"><ele>12.49713134765625</ele><time>2018-12-24T02:57:01Z</time></trkpt><trkpt lat="22.49462922" lon="114.06091893"><ele>11.67822265625</ele><time>2018-12-24T02:57:03Z</time></trkpt><trkpt lat="22.49460816" lon="114.06093654"><ele>12.9661865234375</ele><time>2018-12-24T02:57:05Z</time></trkpt><trkpt lat="22.4945838" lon="114.06096109"><ele>9.749114990234375</ele><time>2018-12-24T02:57:07Z</time></trkpt><trkpt lat="22.49457345" lon="114.06097919"><ele>5.908843994140625</ele><time>2018-12-24T02:57:09Z</time></trkpt><trkpt lat="22.49456037" lon="114.06099333"><ele>2.652191162109375</ele><time>2018-12-24T02:57:12Z</time></trkpt><trkpt lat="22.49454901" lon="114.06102284"><ele>0.707275390625</ele><time>2018-12-24T02:57:14Z</time></trkpt><trkpt lat="22.49454015" lon="114.06105369"><ele>0.114959716796875</ele><time>2018-12-24T02:57:16Z</time></trkpt><trkpt lat="22.49453169" lon="114.06108276"><ele>-0.524505615234375</ele><time>2018-12-24T02:57:18Z</time></trkpt><trkpt lat="22.4945154" lon="114.06111434"><ele>-0.98822021484375</ele><time>2018-12-24T02:57:20Z</time></trkpt><trkpt lat="22.4945051" lon="114.0611456"><ele>-0.762725830078125</ele><time>2018-12-24T02:57:22Z</time></trkpt><trkpt lat="22.49449442" lon="114.06117022"><ele>-0.971160888671875</ele><time>2018-12-24T02:57:24Z</time></trkpt><trkpt lat="22.49448099" lon="114.06118824"><ele>-1.153961181640625</ele><time>2018-12-24T02:57:26Z</time></trkpt><trkpt lat="22.49446504" lon="114.06120995"><ele>-1.1798095703125</ele><time>2018-12-24T02:57:28Z</time></trkpt><trkpt lat="22.49445658" lon="114.0612314"><ele>-0.379547119140625</ele><time>2018-12-24T02:57:30Z</time></trkpt><trkpt lat="22.49445787" lon="114.06125313"><ele>-0.45062255859375</ele><time>2018-12-24T02:57:32Z</time></trkpt><trkpt lat="22.49445698" lon="114.06127885"><ele>-0.859771728515625</ele><time>2018-12-24T02:57:34Z</time></trkpt><trkpt lat="22.49444552" lon="114.06130236"><ele>-1.80413818359375</ele><time>2018-12-24T02:57:36Z</time></trkpt><trkpt lat="22.49442842" lon="114.06132185"><ele>-2.136749267578125</ele><time>2018-12-24T02:57:38Z</time></trkpt><trkpt lat="22.49441555" lon="114.06133974"><ele>-2.778961181640625</ele><time>2018-12-24T02:57:40Z</time></trkpt><trkpt lat="22.49440648" lon="114.06136122"><ele>-3.316558837890625</ele><time>2018-12-24T02:57:42Z</time></trkpt><trkpt lat="22.49440527" lon="114.06138071"><ele>-2.188018798828125</ele><time>2018-12-24T02:57:43Z</time></trkpt><trkpt lat="22.49440481" lon="114.06141648"><ele>0.374420166015625</ele><time>2018-12-24T02:57:45Z</time></trkpt><trkpt lat="22.49440291" lon="114.06144783"><ele>-0.7213134765625</ele><time>2018-12-24T02:57:47Z</time></trkpt><trkpt lat="22.4944024" lon="114.06146724"><ele>-1.69818115234375</ele><time>2018-12-24T02:57:48Z</time></trkpt><trkpt lat="22.49440766" lon="114.06149614"><ele>-0.61480712890625</ele><time>2018-12-24T02:57:50Z</time></trkpt><trkpt lat="22.49442512" lon="114.06151712"><ele>0.75634765625</ele><time>2018-12-24T02:57:52Z</time></trkpt><trkpt lat="22.49444738" lon="114.06153556"><ele>0.67254638671875</ele><time>2018-12-24T02:57:54Z</time></trkpt><trkpt lat="22.49446562" lon="114.06155373"><ele>0.03961181640625</ele><time>2018-12-24T02:57:56Z</time></trkpt><trkpt lat="22.49448297" lon="114.06157335"><ele>1.09283447265625</ele><time>2018-12-24T02:57:58Z</time></trkpt><trkpt lat="22.49449851" lon="114.06159027"><ele>-0.14617919921875</ele><time>2018-12-24T02:58:00Z</time></trkpt><trkpt lat="22.49451348" lon="114.06160697"><ele>0.586090087890625</ele><time>2018-12-24T02:58:02Z</time></trkpt><trkpt lat="22.49451224" lon="114.06158369"><ele>-0.40191650390625</ele><time>2018-12-24T02:58:08Z</time></trkpt><trkpt lat="22.49449843" lon="114.0615697"><ele>0.344207763671875</ele><time>2018-12-24T02:58:11Z</time></trkpt><trkpt lat="22.49448009" lon="114.06155458"><ele>-0.84820556640625</ele><time>2018-12-24T02:58:13Z</time></trkpt><trkpt lat="22.49446131" lon="114.06154575"><ele>-1.745361328125</ele><time>2018-12-24T02:58:15Z</time></trkpt><trkpt lat="22.49445422" lon="114.06152778"><ele>-2.268402099609375</ele><time>2018-12-24T02:58:21Z</time></trkpt><trkpt lat="22.49447878" lon="114.06153853"><ele>-2.67620849609375</ele><time>2018-12-24T02:58:32Z</time></trkpt><trkpt lat="22.49449602" lon="114.06155785"><ele>-1.076812744140625</ele><time>2018-12-24T02:58:34Z</time></trkpt><trkpt lat="22.49451267" lon="114.06157915"><ele>-0.4598388671875</ele><time>2018-12-24T02:58:36Z</time></trkpt><trkpt lat="22.49453194" lon="114.06159524"><ele>-0.87530517578125</ele><time>2018-12-24T02:58:38Z</time></trkpt><trkpt lat="22.49455259" lon="114.06161089"><ele>-0.612274169921875</ele><time>2018-12-24T02:58:40Z</time></trkpt><trkpt lat="22.49456745" lon="114.06162551"><ele>-2.33868408203125</ele><time>2018-12-24T02:58:42Z</time></trkpt><trkpt lat="22.49458552" lon="114.06163857"><ele>-1.895538330078125</ele><time>2018-12-24T02:58:45Z</time></trkpt><trkpt lat="22.49459871" lon="114.06165294"><ele>-2.91998291015625</ele><time>2018-12-24T02:58:48Z</time></trkpt><trkpt lat="22.49461053" lon="114.06167134"><ele>-2.26739501953125</ele><time>2018-12-24T02:58:50Z</time></trkpt><trkpt lat="22.49462969" lon="114.06169174"><ele>-2.746673583984375</ele><time>2018-12-24T02:58:53Z</time></trkpt><trkpt lat="22.49464542" lon="114.06170844"><ele>-3.580322265625</ele><time>2018-12-24T02:58:55Z</time></trkpt><trkpt lat="22.49466584" lon="114.06172439"><ele>-4.93353271484375</ele><time>2018-12-24T02:58:57Z</time></trkpt><trkpt lat="22.49468656" lon="114.06174342"><ele>-5.87646484375</ele><time>2018-12-24T02:58:59Z</time></trkpt><trkpt lat="22.49470632" lon="114.06176891"><ele>-6.255706787109375</ele><time>2018-12-24T02:59:01Z</time></trkpt><trkpt lat="22.49472041" lon="114.06180113"><ele>-4.481964111328125</ele><time>2018-12-24T02:59:03Z</time></trkpt><trkpt lat="22.49473035" lon="114.06182445"><ele>-5.603057861328125</ele><time>2018-12-24T02:59:05Z</time></trkpt><trkpt lat="22.49474462" lon="114.06185055"><ele>-4.702362060546875</ele><time>2018-12-24T02:59:07Z</time></trkpt><trkpt lat="22.49475807" lon="114.06187377"><ele>-5.411285400390625</ele><time>2018-12-24T02:59:09Z</time></trkpt><trkpt lat="22.49476628" lon="114.06189381"><ele>-5.458404541015625</ele><time>2018-12-24T02:59:11Z</time></trkpt><trkpt lat="22.49477547" lon="114.06191109"><ele>-5.396270751953125</ele><time>2018-12-24T02:59:13Z</time></trkpt><trkpt lat="22.49478986" lon="114.06193451"><ele>-5.436431884765625</ele><time>2018-12-24T02:59:15Z</time></trkpt><trkpt lat="22.49480189" lon="114.06195695"><ele>-6.257080078125</ele><time>2018-12-24T02:59:17Z</time></trkpt><trkpt lat="22.4948191" lon="114.06198215"><ele>-5.83990478515625</ele><time>2018-12-24T02:59:19Z</time></trkpt><trkpt lat="22.49483087" lon="114.06200139"><ele>-5.481109619140625</ele><time>2018-12-24T02:59:21Z</time></trkpt><trkpt lat="22.49484446" lon="114.06202889"><ele>-5.220672607421875</ele><time>2018-12-24T02:59:24Z</time></trkpt><trkpt lat="22.49484887" lon="114.06205481"><ele>-6.585113525390625</ele><time>2018-12-24T02:59:26Z</time></trkpt><trkpt lat="22.49485596" lon="114.062085"><ele>-4.660064697265625</ele><time>2018-12-24T02:59:28Z</time></trkpt><trkpt lat="22.49486433" lon="114.06210264"><ele>-5.666229248046875</ele><time>2018-12-24T02:59:29Z</time></trkpt><trkpt lat="22.49487296" lon="114.06212006"><ele>-5.467315673828125</ele><time>2018-12-24T02:59:30Z</time></trkpt><trkpt lat="22.49488048" lon="114.06213871"><ele>-5.12982177734375</ele><time>2018-12-24T02:59:31Z</time></trkpt><trkpt lat="22.49488759" lon="114.062161"><ele>-4.612152099609375</ele><time>2018-12-24T02:59:32Z</time></trkpt><trkpt lat="22.49489414" lon="114.06218221"><ele>-4.1214599609375</ele><time>2018-12-24T02:59:33Z</time></trkpt><trkpt lat="22.49489762" lon="114.06220173"><ele>-3.25653076171875</ele><time>2018-12-24T02:59:34Z</time></trkpt><trkpt lat="22.4948986" lon="114.06223052"><ele>-2.704254150390625</ele><time>2018-12-24T02:59:36Z</time></trkpt><trkpt lat="22.49490636" lon="114.06225231"><ele>-1.941253662109375</ele><time>2018-12-24T02:59:38Z</time></trkpt><trkpt lat="22.49491278" lon="114.06227879"><ele>-2.47674560546875</ele><time>2018-12-24T02:59:40Z</time></trkpt><trkpt lat="22.49491596" lon="114.06230172"><ele>-2.8084716796875</ele><time>2018-12-24T02:59:42Z</time></trkpt><trkpt lat="22.49492262" lon="114.06232095"><ele>-2.47564697265625</ele><time>2018-12-24T02:59:45Z</time></trkpt><trkpt lat="22.49493412" lon="114.06234393"><ele>-2.942779541015625</ele><time>2018-12-24T02:59:47Z</time></trkpt><trkpt lat="22.49494056" lon="114.06236372"><ele>-2.645721435546875</ele><time>2018-12-24T02:59:49Z</time></trkpt><trkpt lat="22.49494753" lon="114.06239009"><ele>-2.36651611328125</ele><time>2018-12-24T02:59:51Z</time></trkpt><trkpt lat="22.49495612" lon="114.06241605"><ele>-3.91619873046875</ele><time>2018-12-24T02:59:54Z</time></trkpt><trkpt lat="22.49497007" lon="114.06243373"><ele>-4.807281494140625</ele><time>2018-12-24T02:59:56Z</time></trkpt><trkpt lat="22.49498689" lon="114.0624587"><ele>-5.0264892578125</ele><time>2018-12-24T02:59:58Z</time></trkpt><trkpt lat="22.49499681" lon="114.06247682"><ele>-4.15887451171875</ele><time>2018-12-24T02:59:59Z</time></trkpt><trkpt lat="22.49501101" lon="114.06251057"><ele>-3.39019775390625</ele><time>2018-12-24T03:00:01Z</time></trkpt><trkpt lat="22.49501677" lon="114.06252934"><ele>-1.814208984375</ele><time>2018-12-24T03:00:02Z</time></trkpt><trkpt lat="22.49502073" lon="114.06254834"><ele>-1.66998291015625</ele><time>2018-12-24T03:00:03Z</time></trkpt><trkpt lat="22.49503284" lon="114.06258187"><ele>-0.366363525390625</ele><time>2018-12-24T03:00:05Z</time></trkpt><trkpt lat="22.49504696" lon="114.0626078"><ele>-3.936920166015625</ele><time>2018-12-24T03:00:07Z</time></trkpt><trkpt lat="22.49505436" lon="114.06263311"><ele>-3.331390380859375</ele><time>2018-12-24T03:00:09Z</time></trkpt><trkpt lat="22.49506373" lon="114.06266355"><ele>-2.78741455078125</ele><time>2018-12-24T03:00:11Z</time></trkpt><trkpt lat="22.49507715" lon="114.06269494"><ele>-1.62249755859375</ele><time>2018-12-24T03:00:13Z</time></trkpt><trkpt lat="22.49508636" lon="114.06271421"><ele>-1.711944580078125</ele><time>2018-12-24T03:00:14Z</time></trkpt><trkpt lat="22.49509552" lon="114.06273387"><ele>-0.921600341796875</ele><time>2018-12-24T03:00:15Z</time></trkpt><trkpt lat="22.49510165" lon="114.06275246"><ele>-0.080078125</ele><time>2018-12-24T03:00:16Z</time></trkpt><trkpt lat="22.49511333" lon="114.0627794"><ele>-0.841033935546875</ele><time>2018-12-24T03:00:18Z</time></trkpt><trkpt lat="22.49512868" lon="114.0628045"><ele>0.63848876953125</ele><time>2018-12-24T03:00:20Z</time></trkpt><trkpt lat="22.49513658" lon="114.06283659"><ele>1.928009033203125</ele><time>2018-12-24T03:00:22Z</time></trkpt><trkpt lat="22.49514463" lon="114.0628623"><ele>2.061737060546875</ele><time>2018-12-24T03:00:24Z</time></trkpt><trkpt lat="22.49515972" lon="114.06287765"><ele>1.845184326171875</ele><time>2018-12-24T03:00:26Z</time></trkpt><trkpt lat="22.49517075" lon="114.0628953"><ele>1.29229736328125</ele><time>2018-12-24T03:00:28Z</time></trkpt><trkpt lat="22.49517426" lon="114.06291965"><ele>2.09381103515625</ele><time>2018-12-24T03:00:30Z</time></trkpt><trkpt lat="22.49518026" lon="114.0629439"><ele>1.2757568359375</ele><time>2018-12-24T03:00:32Z</time></trkpt><trkpt lat="22.49518609" lon="114.0629667"><ele>2.6458740234375</ele><time>2018-12-24T03:00:34Z</time></trkpt><trkpt lat="22.49519053" lon="114.06298686"><ele>1.6732177734375</ele><time>2018-12-24T03:00:36Z</time></trkpt><trkpt lat="22.49519399" lon="114.06300984"><ele>0.75042724609375</ele><time>2018-12-24T03:00:38Z</time></trkpt><trkpt lat="22.49520406" lon="114.06303707"><ele>-0.10369873046875</ele><time>2018-12-24T03:00:40Z</time></trkpt><trkpt lat="22.49521511" lon="114.06306718"><ele>0.25677490234375</ele><time>2018-12-24T03:00:42Z</time></trkpt><trkpt lat="22.49522958" lon="114.06309939"><ele>1.42529296875</ele><time>2018-12-24T03:00:44Z</time></trkpt><trkpt lat="22.49524076" lon="114.06313319"><ele>1.90264892578125</ele><time>2018-12-24T03:00:46Z</time></trkpt><trkpt lat="22.49525031" lon="114.06316024"><ele>2.13177490234375</ele><time>2018-12-24T03:00:48Z</time></trkpt><trkpt lat="22.49526152" lon="114.06319343"><ele>1.822479248046875</ele><time>2018-12-24T03:00:50Z</time></trkpt><trkpt lat="22.49526875" lon="114.06321143"><ele>1.478759765625</ele><time>2018-12-24T03:00:51Z</time></trkpt><trkpt lat="22.49528451" lon="114.06323674"><ele>1.17449951171875</ele><time>2018-12-24T03:00:53Z</time></trkpt><trkpt lat="22.49529531" lon="114.06325305"><ele>0.023773193359375</ele><time>2018-12-24T03:00:55Z</time></trkpt><trkpt lat="22.49530605" lon="114.06328068"><ele>0.06634521484375</ele><time>2018-12-24T03:00:57Z</time></trkpt><trkpt lat="22.49531555" lon="114.06330409"><ele>-2.014678955078125</ele><time>2018-12-24T03:00:59Z</time></trkpt><trkpt lat="22.49532625" lon="114.06333594"><ele>-2.658233642578125</ele><time>2018-12-24T03:01:01Z</time></trkpt><trkpt lat="22.4953405" lon="114.06336769"><ele>-2.61370849609375</ele><time>2018-12-24T03:01:03Z</time></trkpt><trkpt lat="22.49535705" lon="114.06339707"><ele>-1.98565673828125</ele><time>2018-12-24T03:01:05Z</time></trkpt><trkpt lat="22.49537512" lon="114.0634274"><ele>-1.832000732421875</ele><time>2018-12-24T03:01:07Z</time></trkpt><trkpt lat="22.49538458" lon="114.06345594"><ele>-0.810638427734375</ele><time>2018-12-24T03:01:09Z</time></trkpt><trkpt lat="22.49539251" lon="114.06347792"><ele>-2.1029052734375</ele><time>2018-12-24T03:01:11Z</time></trkpt><trkpt lat="22.49539984" lon="114.06350561"><ele>1.822784423828125</ele><time>2018-12-24T03:01:14Z</time></trkpt><trkpt lat="22.49540584" lon="114.06352558"><ele>2.57012939453125</ele><time>2018-12-24T03:01:18Z</time></trkpt><trkpt lat="22.49541201" lon="114.06356085"><ele>2.529205322265625</ele><time>2018-12-24T03:01:22Z</time></trkpt><trkpt lat="22.49542195" lon="114.06357884"><ele>3.030670166015625</ele><time>2018-12-24T03:01:23Z</time></trkpt><trkpt lat="22.49543276" lon="114.06360271"><ele>2.30072021484375</ele><time>2018-12-24T03:01:25Z</time></trkpt><trkpt lat="22.49544219" lon="114.06362034"><ele>1.64764404296875</ele><time>2018-12-24T03:01:27Z</time></trkpt><trkpt lat="22.49545329" lon="114.06363678"><ele>0.8123779296875</ele><time>2018-12-24T03:01:29Z</time></trkpt><trkpt lat="22.49546213" lon="114.06365932"><ele>0.66558837890625</ele><time>2018-12-24T03:01:31Z</time></trkpt><trkpt lat="22.49547797" lon="114.06367644"><ele>-0.39996337890625</ele><time>2018-12-24T03:01:37Z</time></trkpt><trkpt lat="22.49549242" lon="114.06368961"><ele>-2.827362060546875</ele><time>2018-12-24T03:01:39Z</time></trkpt><trkpt lat="22.49550714" lon="114.06370534"><ele>-4.48956298828125</ele><time>2018-12-24T03:01:41Z</time></trkpt><trkpt lat="22.4955192" lon="114.06372168"><ele>-6.645599365234375</ele><time>2018-12-24T03:01:43Z</time></trkpt><trkpt lat="22.49553656" lon="114.06374443"><ele>-5.613311767578125</ele><time>2018-12-24T03:01:45Z</time></trkpt><trkpt lat="22.49555176" lon="114.06377446"><ele>-4.98138427734375</ele><time>2018-12-24T03:01:47Z</time></trkpt><trkpt lat="22.49556221" lon="114.06380788"><ele>-5.129913330078125</ele><time>2018-12-24T03:01:49Z</time></trkpt><trkpt lat="22.495573" lon="114.06384564"><ele>-4.65521240234375</ele><time>2018-12-24T03:01:51Z</time></trkpt><trkpt lat="22.4955828" lon="114.06388104"><ele>-3.8768310546875</ele><time>2018-12-24T03:01:53Z</time></trkpt><trkpt lat="22.49559148" lon="114.0639115"><ele>-3.86962890625</ele><time>2018-12-24T03:01:55Z</time></trkpt><trkpt lat="22.49559658" lon="114.06393951"><ele>-4.804046630859375</ele><time>2018-12-24T03:01:57Z</time></trkpt><trkpt lat="22.49560513" lon="114.06395665"><ele>-4.579254150390625</ele><time>2018-12-24T03:01:59Z</time></trkpt><trkpt lat="22.49561682" lon="114.06398668"><ele>-2.603546142578125</ele><time>2018-12-24T03:02:01Z</time></trkpt><trkpt lat="22.49562571" lon="114.06400582"><ele>-1.843841552734375</ele><time>2018-12-24T03:02:02Z</time></trkpt><trkpt lat="22.49564043" lon="114.06403306"><ele>-2.007110595703125</ele><time>2018-12-24T03:02:04Z</time></trkpt><trkpt lat="22.49564878" lon="114.06405116"><ele>-1.199462890625</ele><time>2018-12-24T03:02:06Z</time></trkpt><trkpt lat="22.49565551" lon="114.064073"><ele>-2.69049072265625</ele><time>2018-12-24T03:02:09Z</time></trkpt><trkpt lat="22.49566038" lon="114.06409537"><ele>-2.941986083984375</ele><time>2018-12-24T03:02:11Z</time></trkpt><trkpt lat="22.4956669" lon="114.06412412"><ele>-3.232635498046875</ele><time>2018-12-24T03:02:13Z</time></trkpt><trkpt lat="22.49567432" lon="114.06414251"><ele>-2.766448974609375</ele><time>2018-12-24T03:02:14Z</time></trkpt><trkpt lat="22.49568719" lon="114.06417732"><ele>-3.396240234375</ele><time>2018-12-24T03:02:16Z</time></trkpt><trkpt lat="22.49569498" lon="114.06420647"><ele>-4.678497314453125</ele><time>2018-12-24T03:02:18Z</time></trkpt><trkpt lat="22.49569733" lon="114.06422779"><ele>-3.24359130859375</ele><time>2018-12-24T03:02:20Z</time></trkpt><trkpt lat="22.49569833" lon="114.06424873"><ele>-2.831024169921875</ele><time>2018-12-24T03:02:22Z</time></trkpt><trkpt lat="22.49570838" lon="114.06427003"><ele>-3.38958740234375</ele><time>2018-12-24T03:02:24Z</time></trkpt><trkpt lat="22.49571818" lon="114.06429076"><ele>-4.60443115234375</ele><time>2018-12-24T03:02:26Z</time></trkpt><trkpt lat="22.49572368" lon="114.06431583"><ele>-4.965606689453125</ele><time>2018-12-24T03:02:28Z</time></trkpt><trkpt lat="22.49573352" lon="114.06433529"><ele>-4.737579345703125</ele><time>2018-12-24T03:02:30Z</time></trkpt><trkpt lat="22.49574483" lon="114.0643585"><ele>-4.190826416015625</ele><time>2018-12-24T03:02:32Z</time></trkpt><trkpt lat="22.49575348" lon="114.06437894"><ele>-2.68853759765625</ele><time>2018-12-24T03:02:34Z</time></trkpt><trkpt lat="22.49575569" lon="114.06439938"><ele>-4.967987060546875</ele><time>2018-12-24T03:02:38Z</time></trkpt><trkpt lat="22.49576641" lon="114.06441635"><ele>-4.426177978515625</ele><time>2018-12-24T03:02:42Z</time></trkpt><trkpt lat="22.49578142" lon="114.0644295"><ele>-1.47113037109375</ele><time>2018-12-24T03:02:50Z</time></trkpt><trkpt lat="22.49578749" lon="114.06445413"><ele>-1.034759521484375</ele><time>2018-12-24T03:02:54Z</time></trkpt><trkpt lat="22.49579397" lon="114.06447289"><ele>0.21136474609375</ele><time>2018-12-24T03:02:56Z</time></trkpt><trkpt lat="22.49580605" lon="114.06449685"><ele>1.12640380859375</ele><time>2018-12-24T03:02:58Z</time></trkpt><trkpt lat="22.49581807" lon="114.06451358"><ele>0.142181396484375</ele><time>2018-12-24T03:03:01Z</time></trkpt><trkpt lat="22.49582523" lon="114.06453263"><ele>-0.4013671875</ele><time>2018-12-24T03:03:03Z</time></trkpt><trkpt lat="22.49583137" lon="114.06456168"><ele>-0.41217041015625</ele><time>2018-12-24T03:03:05Z</time></trkpt><trkpt lat="22.49583401" lon="114.06458515"><ele>0.74237060546875</ele><time>2018-12-24T03:03:07Z</time></trkpt><trkpt lat="22.49584305" lon="114.06460286"><ele>-0.58392333984375</ele><time>2018-12-24T03:03:09Z</time></trkpt><trkpt lat="22.495862" lon="114.06463195"><ele>-1.123382568359375</ele><time>2018-12-24T03:03:11Z</time></trkpt><trkpt lat="22.49587639" lon="114.06465793"><ele>-0.8548583984375</ele><time>2018-12-24T03:03:13Z</time></trkpt><trkpt lat="22.49589039" lon="114.06467682"><ele>-2.035125732421875</ele><time>2018-12-24T03:03:15Z</time></trkpt><trkpt lat="22.49590315" lon="114.06469764"><ele>-1.900726318359375</ele><time>2018-12-24T03:03:18Z</time></trkpt><trkpt lat="22.49591259" lon="114.06472401"><ele>-2.630126953125</ele><time>2018-12-24T03:03:21Z</time></trkpt><trkpt lat="22.49591637" lon="114.06474742"><ele>-1.533721923828125</ele><time>2018-12-24T03:03:23Z</time></trkpt><trkpt lat="22.495918" lon="114.06477535"><ele>0.306732177734375</ele><time>2018-12-24T03:03:25Z</time></trkpt><trkpt lat="22.49591948" lon="114.06480773"><ele>-0.71630859375</ele><time>2018-12-24T03:03:27Z</time></trkpt><trkpt lat="22.49592801" lon="114.06484074"><ele>-0.606201171875</ele><time>2018-12-24T03:03:29Z</time></trkpt><trkpt lat="22.49593557" lon="114.06486184"><ele>-0.088348388671875</ele><time>2018-12-24T03:03:30Z</time></trkpt><trkpt lat="22.4959423" lon="114.06488169"><ele>1.478240966796875</ele><time>2018-12-24T03:03:31Z</time></trkpt><trkpt lat="22.49594875" lon="114.0649004"><ele>2.14996337890625</ele><time>2018-12-24T03:03:32Z</time></trkpt><trkpt lat="22.49596427" lon="114.06492485"><ele>6.34326171875</ele><time>2018-12-24T03:03:34Z</time></trkpt><trkpt lat="22.49597627" lon="114.06494759"><ele>5.746490478515625</ele><time>2018-12-24T03:03:36Z</time></trkpt><trkpt lat="22.49598326" lon="114.06496581"><ele>3.967498779296875</ele><time>2018-12-24T03:03:38Z</time></trkpt><trkpt lat="22.49599466" lon="114.06499018"><ele>2.229278564453125</ele><time>2018-12-24T03:03:41Z</time></trkpt><trkpt lat="22.49600719" lon="114.06501832"><ele>1.839508056640625</ele><time>2018-12-24T03:03:43Z</time></trkpt><trkpt lat="22.49601617" lon="114.06504166"><ele>1.08392333984375</ele><time>2018-12-24T03:03:45Z</time></trkpt><trkpt lat="22.49601383" lon="114.06501831"><ele>4.261138916015625</ele><time>2018-12-24T03:03:57Z</time></trkpt><trkpt lat="22.49602002" lon="114.06504658"><ele>2.259307861328125</ele><time>2018-12-24T03:04:03Z</time></trkpt><trkpt lat="22.49602605" lon="114.06507902"><ele>1.36798095703125</ele><time>2018-12-24T03:04:05Z</time></trkpt><trkpt lat="22.49603075" lon="114.06509979"><ele>0.877655029296875</ele><time>2018-12-24T03:04:06Z</time></trkpt><trkpt lat="22.49603753" lon="114.06512132"><ele>0.327850341796875</ele><time>2018-12-24T03:04:07Z</time></trkpt><trkpt lat="22.49605608" lon="114.06515154"><ele>0.8494873046875</ele><time>2018-12-24T03:04:09Z</time></trkpt><trkpt lat="22.4960713" lon="114.06517675"><ele>1.43389892578125</ele><time>2018-12-24T03:04:11Z</time></trkpt><trkpt lat="22.49608318" lon="114.06520443"><ele>0.880401611328125</ele><time>2018-12-24T03:04:13Z</time></trkpt><trkpt lat="22.49609178" lon="114.06523111"><ele>1.298980712890625</ele><time>2018-12-24T03:04:15Z</time></trkpt><trkpt lat="22.49609672" lon="114.06525823"><ele>2.09185791015625</ele><time>2018-12-24T03:04:17Z</time></trkpt><trkpt lat="22.49610224" lon="114.06528517"><ele>2.892486572265625</ele><time>2018-12-24T03:04:19Z</time></trkpt><trkpt lat="22.49611187" lon="114.06531661"><ele>3.556304931640625</ele><time>2018-12-24T03:04:21Z</time></trkpt><trkpt lat="22.49612454" lon="114.06535066"><ele>3.747100830078125</ele><time>2018-12-24T03:04:23Z</time></trkpt><trkpt lat="22.49613249" lon="114.06536946"><ele>3.63671875</ele><time>2018-12-24T03:04:24Z</time></trkpt><trkpt lat="22.49614738" lon="114.0654019"><ele>3.886383056640625</ele><time>2018-12-24T03:04:26Z</time></trkpt><trkpt lat="22.49616477" lon="114.06543064"><ele>4.341064453125</ele><time>2018-12-24T03:04:28Z</time></trkpt><trkpt lat="22.49617624" lon="114.06545164"><ele>4.225311279296875</ele><time>2018-12-24T03:04:30Z</time></trkpt><trkpt lat="22.49619109" lon="114.06546439"><ele>5.147735595703125</ele><time>2018-12-24T03:04:34Z</time></trkpt><trkpt lat="22.49619002" lon="114.06548545"><ele>6.98516845703125</ele><time>2018-12-24T03:04:51Z</time></trkpt><trkpt lat="22.49619642" lon="114.06551108"><ele>5.813140869140625</ele><time>2018-12-24T03:04:53Z</time></trkpt><trkpt lat="22.49621053" lon="114.06553516"><ele>6.46282958984375</ele><time>2018-12-24T03:04:55Z</time></trkpt><trkpt lat="22.49622625" lon="114.06555628"><ele>5.233306884765625</ele><time>2018-12-24T03:04:57Z</time></trkpt><trkpt lat="22.49623415" lon="114.06558868"><ele>1.793670654296875</ele><time>2018-12-24T03:05:00Z</time></trkpt><trkpt lat="22.49624185" lon="114.06561011"><ele>0.554962158203125</ele><time>2018-12-24T03:05:02Z</time></trkpt><trkpt lat="22.49624946" lon="114.06562817"><ele>0.927215576171875</ele><time>2018-12-24T03:05:04Z</time></trkpt><trkpt lat="22.4962635" lon="114.06565016"><ele>0.786224365234375</ele><time>2018-12-24T03:05:07Z</time></trkpt><trkpt lat="22.49627473" lon="114.06567081"><ele>-0.278839111328125</ele><time>2018-12-24T03:05:09Z</time></trkpt><trkpt lat="22.49628505" lon="114.06569612"><ele>-0.286407470703125</ele><time>2018-12-24T03:05:11Z</time></trkpt><trkpt lat="22.49629552" lon="114.06572537"><ele>-0.48583984375</ele><time>2018-12-24T03:05:13Z</time></trkpt><trkpt lat="22.49630032" lon="114.06576046"><ele>-3.06982421875</ele><time>2018-12-24T03:05:15Z</time></trkpt><trkpt lat="22.49630739" lon="114.06578842"><ele>-3.709747314453125</ele><time>2018-12-24T03:05:17Z</time></trkpt><trkpt lat="22.49631745" lon="114.06581866"><ele>-2.603759765625</ele><time>2018-12-24T03:05:19Z</time></trkpt><trkpt lat="22.49632193" lon="114.06584131"><ele>-2.41265869140625</ele><time>2018-12-24T03:05:20Z</time></trkpt><trkpt lat="22.49632748" lon="114.0658656"><ele>-2.80029296875</ele><time>2018-12-24T03:05:21Z</time></trkpt><trkpt lat="22.49633177" lon="114.06588718"><ele>-2.835235595703125</ele><time>2018-12-24T03:05:22Z</time></trkpt><trkpt lat="22.49634156" lon="114.06592532"><ele>-3.014434814453125</ele><time>2018-12-24T03:05:24Z</time></trkpt><trkpt lat="22.49634695" lon="114.06594517"><ele>-3.09820556640625</ele><time>2018-12-24T03:05:25Z</time></trkpt><trkpt lat="22.49635069" lon="114.06596463"><ele>-3.1434326171875</ele><time>2018-12-24T03:05:26Z</time></trkpt><trkpt lat="22.49635562" lon="114.0660035"><ele>-2.736968994140625</ele><time>2018-12-24T03:05:28Z</time></trkpt><trkpt lat="22.49635898" lon="114.06602414"><ele>-2.560699462890625</ele><time>2018-12-24T03:05:29Z</time></trkpt><trkpt lat="22.49636463" lon="114.06604748"><ele>-2.1302490234375</ele><time>2018-12-24T03:05:30Z</time></trkpt><trkpt lat="22.49636844" lon="114.06607002"><ele>-2.29962158203125</ele><time>2018-12-24T03:05:31Z</time></trkpt><trkpt lat="22.49638057" lon="114.06609658"><ele>-2.57440185546875</ele><time>2018-12-24T03:05:33Z</time></trkpt><trkpt lat="22.49639739" lon="114.06612306"><ele>-1.806060791015625</ele><time>2018-12-24T03:05:35Z</time></trkpt><trkpt lat="22.4964148" lon="114.06614504"><ele>-1.7926025390625</ele><time>2018-12-24T03:05:37Z</time></trkpt><trkpt lat="22.49642964" lon="114.06617639"><ele>-1.201568603515625</ele><time>2018-12-24T03:05:39Z</time></trkpt><trkpt lat="22.49644145" lon="114.06620933"><ele>-0.8602294921875</ele><time>2018-12-24T03:05:41Z</time></trkpt><trkpt lat="22.49644903" lon="114.06623937"><ele>-2.824920654296875</ele><time>2018-12-24T03:05:43Z</time></trkpt><trkpt lat="22.49646033" lon="114.0662717"><ele>-3.066864013671875</ele><time>2018-12-24T03:05:45Z</time></trkpt><trkpt lat="22.49646701" lon="114.06629246"><ele>-6.411376953125</ele><time>2018-12-24T03:05:49Z</time></trkpt><trkpt lat="22.4964679" lon="114.06631631"><ele>-7.436492919921875</ele><time>2018-12-24T03:05:51Z</time></trkpt><trkpt lat="22.49648124" lon="114.06634692"><ele>-5.868682861328125</ele><time>2018-12-24T03:05:53Z</time></trkpt><trkpt lat="22.49649556" lon="114.06636715"><ele>-2.45294189453125</ele><time>2018-12-24T03:05:54Z</time></trkpt><trkpt lat="22.49650854" lon="114.06638423"><ele>-0.0604248046875</ele><time>2018-12-24T03:05:55Z</time></trkpt><trkpt lat="22.49652036" lon="114.06640156"><ele>1.155975341796875</ele><time>2018-12-24T03:05:56Z</time></trkpt><trkpt lat="22.49653217" lon="114.0664348"><ele>-0.038909912109375</ele><time>2018-12-24T03:05:58Z</time></trkpt><trkpt lat="22.49653621" lon="114.06646971"><ele>1.045867919921875</ele><time>2018-12-24T03:06:00Z</time></trkpt><trkpt lat="22.49654201" lon="114.06650436"><ele>0.95550537109375</ele><time>2018-12-24T03:06:02Z</time></trkpt><trkpt lat="22.49653821" lon="114.06653829"><ele>-2.032745361328125</ele><time>2018-12-24T03:06:04Z</time></trkpt><trkpt lat="22.49653171" lon="114.06657457"><ele>-1.576416015625</ele><time>2018-12-24T03:06:06Z</time></trkpt><trkpt lat="22.49652501" lon="114.06659591"><ele>0.316497802734375</ele><time>2018-12-24T03:06:10Z</time></trkpt><trkpt lat="22.49651816" lon="114.06661611"><ele>-0.107452392578125</ele><time>2018-12-24T03:06:12Z</time></trkpt><trkpt lat="22.49651141" lon="114.06664465"><ele>-1.264251708984375</ele><time>2018-12-24T03:06:14Z</time></trkpt><trkpt lat="22.49648305" lon="114.06664773"><ele>-3.837493896484375</ele><time>2018-12-24T03:06:16Z</time></trkpt><trkpt lat="22.49644997" lon="114.06666066"><ele>-2.6541748046875</ele><time>2018-12-24T03:06:18Z</time></trkpt><trkpt lat="22.49643487" lon="114.06667914"><ele>-4.40625</ele><time>2018-12-24T03:06:20Z</time></trkpt><trkpt lat="22.49643079" lon="114.06670884"><ele>-2.82281494140625</ele><time>2018-12-24T03:06:23Z</time></trkpt><trkpt lat="22.49643507" lon="114.06674266"><ele>-1.62786865234375</ele><time>2018-12-24T03:06:25Z</time></trkpt><trkpt lat="22.49643576" lon="114.06678114"><ele>-0.773193359375</ele><time>2018-12-24T03:06:27Z</time></trkpt><trkpt lat="22.49643288" lon="114.06681421"><ele>-1.151458740234375</ele><time>2018-12-24T03:06:29Z</time></trkpt><trkpt lat="22.49642064" lon="114.06683016"><ele>-2.881591796875</ele><time>2018-12-24T03:06:31Z</time></trkpt><trkpt lat="22.49640811" lon="114.06685028"><ele>-3.28021240234375</ele><time>2018-12-24T03:06:33Z</time></trkpt><trkpt lat="22.49640008" lon="114.06688038"><ele>-2.71282958984375</ele><time>2018-12-24T03:06:35Z</time></trkpt><trkpt lat="22.49639036" lon="114.06690143"><ele>-3.92413330078125</ele><time>2018-12-24T03:06:37Z</time></trkpt><trkpt lat="22.49638426" lon="114.06692103"><ele>-3.540130615234375</ele><time>2018-12-24T03:06:42Z</time></trkpt><trkpt lat="22.49637709" lon="114.06693895"><ele>-4.120941162109375</ele><time>2018-12-24T03:06:43Z</time></trkpt><trkpt lat="22.49636397" lon="114.06696667"><ele>-5.802337646484375</ele><time>2018-12-24T03:06:45Z</time></trkpt><trkpt lat="22.4963588" lon="114.06699902"><ele>-5.645965576171875</ele><time>2018-12-24T03:06:47Z</time></trkpt><trkpt lat="22.49635269" lon="114.06702193"><ele>-5.52117919921875</ele><time>2018-12-24T03:06:48Z</time></trkpt><trkpt lat="22.49633656" lon="114.06704894"><ele>-6.4852294921875</ele><time>2018-12-24T03:06:50Z</time></trkpt><trkpt lat="22.49631099" lon="114.0670713"><ele>-4.84893798828125</ele><time>2018-12-24T03:06:52Z</time></trkpt><trkpt lat="22.49629016" lon="114.06708922"><ele>-4.4754638671875</ele><time>2018-12-24T03:06:54Z</time></trkpt><trkpt lat="22.49628057" lon="114.06711831"><ele>-4.61358642578125</ele><time>2018-12-24T03:06:56Z</time></trkpt><trkpt lat="22.49627149" lon="114.06715557"><ele>-5.812103271484375</ele><time>2018-12-24T03:06:58Z</time></trkpt><trkpt lat="22.49625878" lon="114.0671802"><ele>-4.23004150390625</ele><time>2018-12-24T03:07:00Z</time></trkpt><trkpt lat="22.49624852" lon="114.0672009"><ele>-3.08453369140625</ele><time>2018-12-24T03:07:02Z</time></trkpt><trkpt lat="22.4962372" lon="114.06723075"><ele>-1.872650146484375</ele><time>2018-12-24T03:07:04Z</time></trkpt><trkpt lat="22.49622586" lon="114.06726505"><ele>-2.4197998046875</ele><time>2018-12-24T03:07:06Z</time></trkpt><trkpt lat="22.49621173" lon="114.06729713"><ele>-3.28179931640625</ele><time>2018-12-24T03:07:08Z</time></trkpt><trkpt lat="22.49619643" lon="114.06733044"><ele>-4.373443603515625</ele><time>2018-12-24T03:07:10Z</time></trkpt><trkpt lat="22.49618542" lon="114.06736464"><ele>-2.657562255859375</ele><time>2018-12-24T03:07:12Z</time></trkpt><trkpt lat="22.49616873" lon="114.06740275"><ele>-1.4190673828125</ele><time>2018-12-24T03:07:14Z</time></trkpt><trkpt lat="22.49616162" lon="114.06742673"><ele>-1.356903076171875</ele><time>2018-12-24T03:07:15Z</time></trkpt><trkpt lat="22.49615515" lon="114.06744985"><ele>-0.571563720703125</ele><time>2018-12-24T03:07:16Z</time></trkpt><trkpt lat="22.49614922" lon="114.06747314"><ele>0.765228271484375</ele><time>2018-12-24T03:07:17Z</time></trkpt><trkpt lat="22.49614515" lon="114.06749481"><ele>1.6524658203125</ele><time>2018-12-24T03:07:18Z</time></trkpt><trkpt lat="22.49614278" lon="114.06751456"><ele>1.649993896484375</ele><time>2018-12-24T03:07:19Z</time></trkpt><trkpt lat="22.49613953" lon="114.06753653"><ele>2.507232666015625</ele><time>2018-12-24T03:07:20Z</time></trkpt><trkpt lat="22.49613328" lon="114.06755888"><ele>4.089263916015625</ele><time>2018-12-24T03:07:21Z</time></trkpt><trkpt lat="22.49612598" lon="114.0675786"><ele>4.815338134765625</ele><time>2018-12-24T03:07:22Z</time></trkpt><trkpt lat="22.49611665" lon="114.06760062"><ele>5.61663818359375</ele><time>2018-12-24T03:07:23Z</time></trkpt><trkpt lat="22.49610935" lon="114.06762027"><ele>5.3177490234375</ele><time>2018-12-24T03:07:24Z</time></trkpt><trkpt lat="22.49610204" lon="114.06764709"><ele>6.768096923828125</ele><time>2018-12-24T03:07:26Z</time></trkpt><trkpt lat="22.49609307" lon="114.06767708"><ele>6.56097412109375</ele><time>2018-12-24T03:07:28Z</time></trkpt><trkpt lat="22.49608038" lon="114.06770432"><ele>6.7685546875</ele><time>2018-12-24T03:07:30Z</time></trkpt><trkpt lat="22.49606797" lon="114.06773075"><ele>5.3951416015625</ele><time>2018-12-24T03:07:32Z</time></trkpt><trkpt lat="22.49605966" lon="114.06776149"><ele>5.005523681640625</ele><time>2018-12-24T03:07:34Z</time></trkpt><trkpt lat="22.49605455" lon="114.06778282"><ele>6.50799560546875</ele><time>2018-12-24T03:07:35Z</time></trkpt><trkpt lat="22.49604551" lon="114.06781631"><ele>6.824188232421875</ele><time>2018-12-24T03:07:37Z</time></trkpt><trkpt lat="22.49603565" lon="114.06784629"><ele>6.284088134765625</ele><time>2018-12-24T03:07:39Z</time></trkpt><trkpt lat="22.49602778" lon="114.06787581"><ele>7.0255126953125</ele><time>2018-12-24T03:07:41Z</time></trkpt><trkpt lat="22.49602191" lon="114.06790327"><ele>7.268157958984375</ele><time>2018-12-24T03:07:43Z</time></trkpt><trkpt lat="22.49600858" lon="114.06793399"><ele>9.24609375</ele><time>2018-12-24T03:07:45Z</time></trkpt><trkpt lat="22.49599025" lon="114.06796316"><ele>9.40069580078125</ele><time>2018-12-24T03:07:47Z</time></trkpt><trkpt lat="22.49597202" lon="114.06799581"><ele>9.85272216796875</ele><time>2018-12-24T03:07:49Z</time></trkpt><trkpt lat="22.49595379" lon="114.06802541"><ele>9.677947998046875</ele><time>2018-12-24T03:07:51Z</time></trkpt><trkpt lat="22.49594376" lon="114.0680425"><ele>9.288665771484375</ele><time>2018-12-24T03:07:52Z</time></trkpt><trkpt lat="22.49593155" lon="114.06806141"><ele>10.368499755859375</ele><time>2018-12-24T03:07:53Z</time></trkpt><trkpt lat="22.49592197" lon="114.06807849"><ele>10.727508544921875</ele><time>2018-12-24T03:07:54Z</time></trkpt><trkpt lat="22.49590149" lon="114.06810007"><ele>13.1402587890625</ele><time>2018-12-24T03:07:56Z</time></trkpt><trkpt lat="22.49588948" lon="114.06811499"><ele>13.62908935546875</ele><time>2018-12-24T03:07:57Z</time></trkpt><trkpt lat="22.49587716" lon="114.06813504"><ele>11.55938720703125</ele><time>2018-12-24T03:07:58Z</time></trkpt><trkpt lat="22.49586905" lon="114.06815712"><ele>9.44293212890625</ele><time>2018-12-24T03:07:59Z</time></trkpt><trkpt lat="22.49586752" lon="114.06817809"><ele>7.673980712890625</ele><time>2018-12-24T03:08:00Z</time></trkpt><trkpt lat="22.49586923" lon="114.06819953"><ele>7.445465087890625</ele><time>2018-12-24T03:08:01Z</time></trkpt><trkpt lat="22.49587528" lon="114.0682189"><ele>5.832916259765625</ele><time>2018-12-24T03:08:02Z</time></trkpt><trkpt lat="22.49588356" lon="114.06825183"><ele>5.987396240234375</ele><time>2018-12-24T03:08:04Z</time></trkpt><trkpt lat="22.49588259" lon="114.06827764"><ele>6.06915283203125</ele><time>2018-12-24T03:08:06Z</time></trkpt><trkpt lat="22.49585946" lon="114.06829404"><ele>3.607086181640625</ele><time>2018-12-24T03:08:09Z</time></trkpt><trkpt lat="22.49583422" lon="114.06831999"><ele>4.938751220703125</ele><time>2018-12-24T03:08:12Z</time></trkpt><trkpt lat="22.49582063" lon="114.06834048"><ele>4.819549560546875</ele><time>2018-12-24T03:08:14Z</time></trkpt><trkpt lat="22.49581757" lon="114.0683608"><ele>4.515228271484375</ele><time>2018-12-24T03:08:16Z</time></trkpt><trkpt lat="22.49581176" lon="114.06838736"><ele>5.2515869140625</ele><time>2018-12-24T03:08:19Z</time></trkpt><trkpt lat="22.49580672" lon="114.06840784"><ele>5.732879638671875</ele><time>2018-12-24T03:08:21Z</time></trkpt><trkpt lat="22.4957939" lon="114.06843394"><ele>3.615203857421875</ele><time>2018-12-24T03:08:23Z</time></trkpt><trkpt lat="22.49578412" lon="114.06845227"><ele>3.912078857421875</ele><time>2018-12-24T03:08:24Z</time></trkpt><trkpt lat="22.49577584" lon="114.06847801"><ele>4.392333984375</ele><time>2018-12-24T03:08:26Z</time></trkpt><trkpt lat="22.49577183" lon="114.06851014"><ele>5.990631103515625</ele><time>2018-12-24T03:08:28Z</time></trkpt><trkpt lat="22.49576934" lon="114.06853047"><ele>6.877960205078125</ele><time>2018-12-24T03:08:29Z</time></trkpt><trkpt lat="22.49576256" lon="114.06856741"><ele>7.70062255859375</ele><time>2018-12-24T03:08:31Z</time></trkpt><trkpt lat="22.49575328" lon="114.06860741"><ele>8.28216552734375</ele><time>2018-12-24T03:08:33Z</time></trkpt><trkpt lat="22.49574964" lon="114.06862874"><ele>7.0211181640625</ele><time>2018-12-24T03:08:34Z</time></trkpt><trkpt lat="22.49573407" lon="114.06865875"><ele>7.058807373046875</ele><time>2018-12-24T03:08:36Z</time></trkpt><trkpt lat="22.49570699" lon="114.06867123"><ele>6.806671142578125</ele><time>2018-12-24T03:08:38Z</time></trkpt><trkpt lat="22.49569627" lon="114.06869891"><ele>7.340118408203125</ele><time>2018-12-24T03:08:41Z</time></trkpt><trkpt lat="22.49569384" lon="114.06872244"><ele>6.531707763671875</ele><time>2018-12-24T03:08:43Z</time></trkpt><trkpt lat="22.49568749" lon="114.06874477"><ele>6.146331787109375</ele><time>2018-12-24T03:08:45Z</time></trkpt><trkpt lat="22.4956806" lon="114.06877341"><ele>4.4178466796875</ele><time>2018-12-24T03:08:47Z</time></trkpt><trkpt lat="22.4956716" lon="114.06880427"><ele>1.468475341796875</ele><time>2018-12-24T03:08:49Z</time></trkpt><trkpt lat="22.49565059" lon="114.06881414"><ele>0.11151123046875</ele><time>2018-12-24T03:08:51Z</time></trkpt><trkpt lat="22.49561913" lon="114.06882384"><ele>-1.123626708984375</ele><time>2018-12-24T03:08:53Z</time></trkpt><trkpt lat="22.4955955" lon="114.06884182"><ele>-0.914520263671875</ele><time>2018-12-24T03:08:55Z</time></trkpt><trkpt lat="22.49558715" lon="114.06886338"><ele>-2.797943115234375</ele><time>2018-12-24T03:08:56Z</time></trkpt><trkpt lat="22.49558006" lon="114.06888572"><ele>-2.66845703125</ele><time>2018-12-24T03:08:57Z</time></trkpt><trkpt lat="22.49557609" lon="114.0689071"><ele>-1.14508056640625</ele><time>2018-12-24T03:08:58Z</time></trkpt><trkpt lat="22.49557543" lon="114.06892654"><ele>0.620452880859375</ele><time>2018-12-24T03:08:59Z</time></trkpt><trkpt lat="22.49557473" lon="114.06894635"><ele>0.89111328125</ele><time>2018-12-24T03:09:00Z</time></trkpt><trkpt lat="22.49557325" lon="114.0689679"><ele>-0.321197509765625</ele><time>2018-12-24T03:09:01Z</time></trkpt><trkpt lat="22.49557037" lon="114.06898867"><ele>-0.669586181640625</ele><time>2018-12-24T03:09:02Z</time></trkpt><trkpt lat="22.49556555" lon="114.06900943"><ele>-0.587646484375</ele><time>2018-12-24T03:09:03Z</time></trkpt><trkpt lat="22.49555714" lon="114.06903083"><ele>-0.196319580078125</ele><time>2018-12-24T03:09:04Z</time></trkpt><trkpt lat="22.49554501" lon="114.06904986"><ele>0.121856689453125</ele><time>2018-12-24T03:09:05Z</time></trkpt><trkpt lat="22.49552928" lon="114.06906606"><ele>0.4052734375</ele><time>2018-12-24T03:09:06Z</time></trkpt><trkpt lat="22.49551517" lon="114.06908705"><ele>2.5855712890625</ele><time>2018-12-24T03:09:08Z</time></trkpt><trkpt lat="22.49550596" lon="114.06910786"><ele>3.643341064453125</ele><time>2018-12-24T03:09:10Z</time></trkpt><trkpt lat="22.49550036" lon="114.06912683"><ele>3.359039306640625</ele><time>2018-12-24T03:09:11Z</time></trkpt><trkpt lat="22.49549542" lon="114.06914669"><ele>1.8870849609375</ele><time>2018-12-24T03:09:12Z</time></trkpt><trkpt lat="22.49548812" lon="114.06918565"><ele>3.287017822265625</ele><time>2018-12-24T03:09:14Z</time></trkpt><trkpt lat="22.4954847" lon="114.06920734"><ele>3.4017333984375</ele><time>2018-12-24T03:09:15Z</time></trkpt><trkpt lat="22.49547483" lon="114.06922623"><ele>0.890655517578125</ele><time>2018-12-24T03:09:17Z</time></trkpt><trkpt lat="22.49545904" lon="114.06924316"><ele>-0.535491943359375</ele><time>2018-12-24T03:09:21Z</time></trkpt><trkpt lat="22.49544704" lon="114.06926158"><ele>-1.1416015625</ele><time>2018-12-24T03:09:23Z</time></trkpt><trkpt lat="22.49542702" lon="114.06927315"><ele>-2.458892822265625</ele><time>2018-12-24T03:09:25Z</time></trkpt><trkpt lat="22.49540655" lon="114.06929278"><ele>-0.053802490234375</ele><time>2018-12-24T03:09:27Z</time></trkpt><trkpt lat="22.49539881" lon="114.06932055"><ele>1.80908203125</ele><time>2018-12-24T03:09:30Z</time></trkpt><trkpt lat="22.49538594" lon="114.06933922"><ele>1.740692138671875</ele><time>2018-12-24T03:09:32Z</time></trkpt><trkpt lat="22.49537267" lon="114.06936208"><ele>1.16070556640625</ele><time>2018-12-24T03:09:34Z</time></trkpt><trkpt lat="22.49536202" lon="114.06938664"><ele>-3.35693359375E-4</ele><time>2018-12-24T03:09:36Z</time></trkpt><trkpt lat="22.49535523" lon="114.06941695"><ele>-0.5408935546875</ele><time>2018-12-24T03:09:38Z</time></trkpt><trkpt lat="22.49534892" lon="114.06944279"><ele>0.463897705078125</ele><time>2018-12-24T03:09:40Z</time></trkpt><trkpt lat="22.49534486" lon="114.06946198"><ele>1.949432373046875</ele><time>2018-12-24T03:09:41Z</time></trkpt><trkpt lat="22.49533983" lon="114.06948651"><ele>3.1201171875</ele><time>2018-12-24T03:09:42Z</time></trkpt><trkpt lat="22.4953311" lon="114.06951798"><ele>3.888397216796875</ele><time>2018-12-24T03:09:44Z</time></trkpt><trkpt lat="22.49532309" lon="114.0695363"><ele>3.959930419921875</ele><time>2018-12-24T03:09:45Z</time></trkpt><trkpt lat="22.49531132" lon="114.06955933"><ele>2.4105224609375</ele><time>2018-12-24T03:09:46Z</time></trkpt><trkpt lat="22.49530172" lon="114.06957976"><ele>3.468414306640625</ele><time>2018-12-24T03:09:47Z</time></trkpt><trkpt lat="22.4952936" lon="114.06959961"><ele>4.74957275390625</ele><time>2018-12-24T03:09:48Z</time></trkpt><trkpt lat="22.49528482" lon="114.06962181"><ele>3.92144775390625</ele><time>2018-12-24T03:09:49Z</time></trkpt><trkpt lat="22.49527315" lon="114.06965589"><ele>2.91046142578125</ele><time>2018-12-24T03:09:51Z</time></trkpt><trkpt lat="22.49526542" lon="114.06968882"><ele>0.45721435546875</ele><time>2018-12-24T03:09:53Z</time></trkpt><trkpt lat="22.49526013" lon="114.06970823"><ele>-0.2193603515625</ele><time>2018-12-24T03:09:54Z</time></trkpt><trkpt lat="22.49525492" lon="114.06972937"><ele>-0.253570556640625</ele><time>2018-12-24T03:09:55Z</time></trkpt><trkpt lat="22.49525075" lon="114.06975001"><ele>0.7598876953125</ele><time>2018-12-24T03:09:56Z</time></trkpt><trkpt lat="22.49524637" lon="114.06976974"><ele>1.447509765625</ele><time>2018-12-24T03:09:57Z</time></trkpt><trkpt lat="22.49523996" lon="114.0697916"><ele>2.407958984375</ele><time>2018-12-24T03:09:58Z</time></trkpt><trkpt lat="22.49523164" lon="114.06981334"><ele>2.83416748046875</ele><time>2018-12-24T03:09:59Z</time></trkpt><trkpt lat="22.49522171" lon="114.06983298"><ele>2.844879150390625</ele><time>2018-12-24T03:10:00Z</time></trkpt><trkpt lat="22.49520988" lon="114.06986282"><ele>2.406646728515625</ele><time>2018-12-24T03:10:02Z</time></trkpt><trkpt lat="22.49519519" lon="114.06989136"><ele>0.812652587890625</ele><time>2018-12-24T03:10:04Z</time></trkpt><trkpt lat="22.49518144" lon="114.06991533"><ele>0.444793701171875</ele><time>2018-12-24T03:10:06Z</time></trkpt><trkpt lat="22.49517065" lon="114.06994676"><ele>-1.279327392578125</ele><time>2018-12-24T03:10:08Z</time></trkpt><trkpt lat="22.49516254" lon="114.06996907"><ele>-1.580718994140625</ele><time>2018-12-24T03:10:09Z</time></trkpt><trkpt lat="22.49515488" lon="114.06999275"><ele>-2.173492431640625</ele><time>2018-12-24T03:10:11Z</time></trkpt><trkpt lat="22.49512692" lon="114.0699766"><ele>-2.3438720703125</ele><time>2018-12-24T03:10:15Z</time></trkpt><trkpt lat="22.49510078" lon="114.06998031"><ele>-1.93389892578125</ele><time>2018-12-24T03:10:17Z</time></trkpt><trkpt lat="22.49509749" lon="114.07000539"><ele>-2.044677734375</ele><time>2018-12-24T03:10:19Z</time></trkpt><trkpt lat="22.49510309" lon="114.07003924"><ele>-2.50714111328125</ele><time>2018-12-24T03:10:21Z</time></trkpt><trkpt lat="22.49510266" lon="114.07007417"><ele>-1.926239013671875</ele><time>2018-12-24T03:10:23Z</time></trkpt><trkpt lat="22.49510441" lon="114.07009497"><ele>-1.068145751953125</ele><time>2018-12-24T03:10:24Z</time></trkpt><trkpt lat="22.49510799" lon="114.07011489"><ele>0.328948974609375</ele><time>2018-12-24T03:10:25Z</time></trkpt><trkpt lat="22.49511102" lon="114.07013414"><ele>1.51171875</ele><time>2018-12-24T03:10:26Z</time></trkpt><trkpt lat="22.49510922" lon="114.07016669"><ele>4.181640625</ele><time>2018-12-24T03:10:28Z</time></trkpt><trkpt lat="22.49510224" lon="114.07019374"><ele>5.084228515625</ele><time>2018-12-24T03:10:30Z</time></trkpt><trkpt lat="22.49509466" lon="114.07021481"><ele>4.934906005859375</ele><time>2018-12-24T03:10:31Z</time></trkpt><trkpt lat="22.49508631" lon="114.07024022"><ele>4.94049072265625</ele><time>2018-12-24T03:10:32Z</time></trkpt><trkpt lat="22.49507639" lon="114.07026677"><ele>5.082794189453125</ele><time>2018-12-24T03:10:33Z</time></trkpt><trkpt lat="22.49506747" lon="114.07029111"><ele>5.429351806640625</ele><time>2018-12-24T03:10:34Z</time></trkpt><trkpt lat="22.49505581" lon="114.07031045"><ele>6.35272216796875</ele><time>2018-12-24T03:10:36Z</time></trkpt><trkpt lat="22.4950437" lon="114.07032513"><ele>6.19573974609375</ele><time>2018-12-24T03:10:37Z</time></trkpt><trkpt lat="22.49502967" lon="114.07034312"><ele>5.797943115234375</ele><time>2018-12-24T03:10:38Z</time></trkpt><trkpt lat="22.49501939" lon="114.07036104"><ele>7.2952880859375</ele><time>2018-12-24T03:10:39Z</time></trkpt><trkpt lat="22.49500661" lon="114.07039402"><ele>8.076873779296875</ele><time>2018-12-24T03:10:41Z</time></trkpt><trkpt lat="22.49499923" lon="114.07043037"><ele>7.182952880859375</ele><time>2018-12-24T03:10:43Z</time></trkpt><trkpt lat="22.49499589" lon="114.07044988"><ele>7.3377685546875</ele><time>2018-12-24T03:10:44Z</time></trkpt><trkpt lat="22.49499351" lon="114.07047142"><ele>6.582672119140625</ele><time>2018-12-24T03:10:45Z</time></trkpt><trkpt lat="22.49499374" lon="114.07049134"><ele>5.78961181640625</ele><time>2018-12-24T03:10:46Z</time></trkpt><trkpt lat="22.49499326" lon="114.07051103"><ele>6.318939208984375</ele><time>2018-12-24T03:10:47Z</time></trkpt><trkpt lat="22.49499156" lon="114.0705314"><ele>6.06964111328125</ele><time>2018-12-24T03:10:48Z</time></trkpt><trkpt lat="22.49499057" lon="114.07056102"><ele>4.383514404296875</ele><time>2018-12-24T03:10:50Z</time></trkpt><trkpt lat="22.49497856" lon="114.07059268"><ele>5.063812255859375</ele><time>2018-12-24T03:10:52Z</time></trkpt><trkpt lat="22.49496617" lon="114.07062308"><ele>4.843017578125</ele><time>2018-12-24T03:10:54Z</time></trkpt><trkpt lat="22.49495898" lon="114.07065168"><ele>4.6387939453125</ele><time>2018-12-24T03:10:56Z</time></trkpt><trkpt lat="22.49495259" lon="114.07068521"><ele>3.45416259765625</ele><time>2018-12-24T03:10:58Z</time></trkpt><trkpt lat="22.49492682" lon="114.07069818"><ele>2.1962890625</ele><time>2018-12-24T03:11:02Z</time></trkpt><trkpt lat="22.49490945" lon="114.07069194"><ele>2.99676513671875</ele><time>2018-12-24T03:11:08Z</time></trkpt><trkpt lat="22.49491715" lon="114.07071357"><ele>5.564849853515625</ele><time>2018-12-24T03:11:12Z</time></trkpt><trkpt lat="22.49491025" lon="114.07074885"><ele>8.027587890625</ele><time>2018-12-24T03:11:14Z</time></trkpt><trkpt lat="22.4949024" lon="114.07078403"><ele>8.4813232421875</ele><time>2018-12-24T03:11:16Z</time></trkpt><trkpt lat="22.49489071" lon="114.07081631"><ele>7.866485595703125</ele><time>2018-12-24T03:11:18Z</time></trkpt><trkpt lat="22.4948794" lon="114.07084677"><ele>8.194061279296875</ele><time>2018-12-24T03:11:20Z</time></trkpt><trkpt lat="22.49486798" lon="114.07088222"><ele>8.18701171875</ele><time>2018-12-24T03:11:22Z</time></trkpt><trkpt lat="22.49486353" lon="114.07090295"><ele>7.24774169921875</ele><time>2018-12-24T03:11:23Z</time></trkpt><trkpt lat="22.49486058" lon="114.07092355"><ele>7.794189453125</ele><time>2018-12-24T03:11:24Z</time></trkpt><trkpt lat="22.49485669" lon="114.07094362"><ele>8.686859130859375</ele><time>2018-12-24T03:11:25Z</time></trkpt><trkpt lat="22.49485051" lon="114.07096268"><ele>9.3001708984375</ele><time>2018-12-24T03:11:26Z</time></trkpt><trkpt lat="22.49484321" lon="114.07098105"><ele>8.54547119140625</ele><time>2018-12-24T03:11:27Z</time></trkpt><trkpt lat="22.49483334" lon="114.07099898"><ele>8.378631591796875</ele><time>2018-12-24T03:11:28Z</time></trkpt><trkpt lat="22.49482283" lon="114.0710149"><ele>8.298828125</ele><time>2018-12-24T03:11:29Z</time></trkpt><trkpt lat="22.49481146" lon="114.07102999"><ele>7.649383544921875</ele><time>2018-12-24T03:11:30Z</time></trkpt><trkpt lat="22.49479432" lon="114.07106041"><ele>7.52813720703125</ele><time>2018-12-24T03:11:32Z</time></trkpt><trkpt lat="22.49478967" lon="114.07108847"><ele>7.425537109375</ele><time>2018-12-24T03:11:34Z</time></trkpt><trkpt lat="22.49479114" lon="114.07112022"><ele>8.24969482421875</ele><time>2018-12-24T03:11:36Z</time></trkpt><trkpt lat="22.4947916" lon="114.07114476"><ele>7.5574951171875</ele><time>2018-12-24T03:11:38Z</time></trkpt><trkpt lat="22.49479233" lon="114.0711647"><ele>7.341796875</ele><time>2018-12-24T03:11:40Z</time></trkpt><trkpt lat="22.49479708" lon="114.07118553"><ele>6.7919921875</ele><time>2018-12-24T03:11:42Z</time></trkpt><trkpt lat="22.49479979" lon="114.07120991"><ele>5.65899658203125</ele><time>2018-12-24T03:11:44Z</time></trkpt><trkpt lat="22.49480626" lon="114.07123509"><ele>5.2342529296875</ele><time>2018-12-24T03:11:46Z</time></trkpt><trkpt lat="22.49481126" lon="114.07125834"><ele>3.88421630859375</ele><time>2018-12-24T03:11:48Z</time></trkpt><trkpt lat="22.49481228" lon="114.07128628"><ele>0.04119873046875</ele><time>2018-12-24T03:11:51Z</time></trkpt><trkpt lat="22.49481347" lon="114.07131255"><ele>-1.02001953125</ele><time>2018-12-24T03:11:53Z</time></trkpt><trkpt lat="22.49481332" lon="114.07133498"><ele>0.436279296875</ele><time>2018-12-24T03:11:55Z</time></trkpt><trkpt lat="22.49481226" lon="114.07135526"><ele>1.1795654296875</ele><time>2018-12-24T03:11:57Z</time></trkpt><trkpt lat="22.49480717" lon="114.07137615"><ele>0.6959228515625</ele><time>2018-12-24T03:11:59Z</time></trkpt><trkpt lat="22.49480507" lon="114.07139782"><ele>0.58782958984375</ele><time>2018-12-24T03:12:01Z</time></trkpt><trkpt lat="22.49480626" lon="114.0714205"><ele>0.01129150390625</ele><time>2018-12-24T03:12:03Z</time></trkpt><trkpt lat="22.49480516" lon="114.07144736"><ele>-2.861358642578125</ele><time>2018-12-24T03:12:05Z</time></trkpt><trkpt lat="22.49480409" lon="114.07148119"><ele>-0.288787841796875</ele><time>2018-12-24T03:12:07Z</time></trkpt><trkpt lat="22.49480941" lon="114.07151482"><ele>-1.526123046875</ele><time>2018-12-24T03:12:09Z</time></trkpt><trkpt lat="22.49480958" lon="114.07154662"><ele>-1.546600341796875</ele><time>2018-12-24T03:12:11Z</time></trkpt><trkpt lat="22.49481186" lon="114.07157314"><ele>-2.978515625</ele><time>2018-12-24T03:12:14Z</time></trkpt><trkpt lat="22.49481103" lon="114.0715953"><ele>-3.840057373046875</ele><time>2018-12-24T03:12:16Z</time></trkpt><trkpt lat="22.49482306" lon="114.07163439"><ele>-3.637664794921875</ele><time>2018-12-24T03:12:18Z</time></trkpt><trkpt lat="22.49483073" lon="114.07165847"><ele>-4.075225830078125</ele><time>2018-12-24T03:12:19Z</time></trkpt><trkpt lat="22.49483918" lon="114.07167593"><ele>-4.040679931640625</ele><time>2018-12-24T03:12:21Z</time></trkpt><trkpt lat="22.49485418" lon="114.07169559"><ele>-3.085906982421875</ele><time>2018-12-24T03:12:23Z</time></trkpt><trkpt lat="22.49485921" lon="114.07171927"><ele>-0.908172607421875</ele><time>2018-12-24T03:12:26Z</time></trkpt><trkpt lat="22.49486785" lon="114.07173645"><ele>-0.647186279296875</ele><time>2018-12-24T03:12:28Z</time></trkpt><trkpt lat="22.49487278" lon="114.07176056"><ele>0.27069091796875</ele><time>2018-12-24T03:12:30Z</time></trkpt><trkpt lat="22.4948667" lon="114.07179139"><ele>0.83697509765625</ele><time>2018-12-24T03:12:31Z</time></trkpt><trkpt lat="22.49485966" lon="114.07182289"><ele>1.734710693359375</ele><time>2018-12-24T03:12:32Z</time></trkpt><trkpt lat="22.49485797" lon="114.0718451"><ele>1.91607666015625</ele><time>2018-12-24T03:12:33Z</time></trkpt><trkpt lat="22.49486711" lon="114.07187633"><ele>2.6622314453125</ele><time>2018-12-24T03:12:35Z</time></trkpt><trkpt lat="22.49487821" lon="114.07190518"><ele>2.9033203125</ele><time>2018-12-24T03:12:37Z</time></trkpt><trkpt lat="22.49488418" lon="114.07193629"><ele>3.970977783203125</ele><time>2018-12-24T03:12:39Z</time></trkpt><trkpt lat="22.49489141" lon="114.07196759"><ele>3.293060302734375</ele><time>2018-12-24T03:12:41Z</time></trkpt><trkpt lat="22.49490185" lon="114.07200016"><ele>5.2703857421875</ele><time>2018-12-24T03:12:43Z</time></trkpt><trkpt lat="22.49491427" lon="114.07202696"><ele>5.900970458984375</ele><time>2018-12-24T03:12:45Z</time></trkpt><trkpt lat="22.49492206" lon="114.07205497"><ele>5.264617919921875</ele><time>2018-12-24T03:12:47Z</time></trkpt><trkpt lat="22.49492928" lon="114.07208183"><ele>5.20062255859375</ele><time>2018-12-24T03:12:49Z</time></trkpt><trkpt lat="22.49493564" lon="114.07211022"><ele>5.436309814453125</ele><time>2018-12-24T03:12:51Z</time></trkpt><trkpt lat="22.49493675" lon="114.07213976"><ele>4.564666748046875</ele><time>2018-12-24T03:12:53Z</time></trkpt><trkpt lat="22.49493911" lon="114.07216562"><ele>4.796173095703125</ele><time>2018-12-24T03:12:55Z</time></trkpt><trkpt lat="22.49494873" lon="114.07218317"><ele>4.824249267578125</ele><time>2018-12-24T03:12:57Z</time></trkpt><trkpt lat="22.49495346" lon="114.0722128"><ele>3.61895751953125</ele><time>2018-12-24T03:12:59Z</time></trkpt><trkpt lat="22.49495387" lon="114.07224869"><ele>2.8157958984375</ele><time>2018-12-24T03:13:01Z</time></trkpt><trkpt lat="22.49495803" lon="114.07228184"><ele>2.381103515625</ele><time>2018-12-24T03:13:03Z</time></trkpt><trkpt lat="22.49496829" lon="114.07231484"><ele>2.433349609375</ele><time>2018-12-24T03:13:05Z</time></trkpt><trkpt lat="22.49497811" lon="114.07234462"><ele>1.381683349609375</ele><time>2018-12-24T03:13:07Z</time></trkpt><trkpt lat="22.49497743" lon="114.07236933"><ele>-1.390960693359375</ele><time>2018-12-24T03:13:09Z</time></trkpt><trkpt lat="22.49497909" lon="114.07239502"><ele>0.4371337890625</ele><time>2018-12-24T03:13:11Z</time></trkpt><trkpt lat="22.49498396" lon="114.07241826"><ele>0.55804443359375</ele><time>2018-12-24T03:13:13Z</time></trkpt><trkpt lat="22.49498341" lon="114.07245236"><ele>0.574737548828125</ele><time>2018-12-24T03:13:15Z</time></trkpt><trkpt lat="22.49498374" lon="114.07248198"><ele>0.838470458984375</ele><time>2018-12-24T03:13:17Z</time></trkpt><trkpt lat="22.49499072" lon="114.07251197"><ele>0.383056640625</ele><time>2018-12-24T03:13:19Z</time></trkpt><trkpt lat="22.49499556" lon="114.07253779"><ele>0.1529541015625</ele><time>2018-12-24T03:13:21Z</time></trkpt><trkpt lat="22.49500136" lon="114.07256407"><ele>0.51727294921875</ele><time>2018-12-24T03:13:23Z</time></trkpt><trkpt lat="22.49500829" lon="114.07259915"><ele>0.709808349609375</ele><time>2018-12-24T03:13:25Z</time></trkpt><trkpt lat="22.49501986" lon="114.07263153"><ele>0.881683349609375</ele><time>2018-12-24T03:13:27Z</time></trkpt><trkpt lat="22.49503346" lon="114.07266114"><ele>-0.1444091796875</ele><time>2018-12-24T03:13:29Z</time></trkpt><trkpt lat="22.49504527" lon="114.07269934"><ele>-2.32958984375</ele><time>2018-12-24T03:13:31Z</time></trkpt><trkpt lat="22.49505701" lon="114.0727343"><ele>-1.023193359375</ele><time>2018-12-24T03:13:33Z</time></trkpt><trkpt lat="22.49506102" lon="114.07275379"><ele>-0.522674560546875</ele><time>2018-12-24T03:13:34Z</time></trkpt><trkpt lat="22.49506912" lon="114.07278965"><ele>-1.390655517578125</ele><time>2018-12-24T03:13:36Z</time></trkpt><trkpt lat="22.49506998" lon="114.0728107"><ele>-3.448089599609375</ele><time>2018-12-24T03:13:37Z</time></trkpt><trkpt lat="22.49506939" lon="114.07283137"><ele>-3.756591796875</ele><time>2018-12-24T03:13:38Z</time></trkpt><trkpt lat="22.4950682" lon="114.07285205"><ele>-3.358306884765625</ele><time>2018-12-24T03:13:39Z</time></trkpt><trkpt lat="22.4950694" lon="114.07287425"><ele>-2.4063720703125</ele><time>2018-12-24T03:13:40Z</time></trkpt><trkpt lat="22.49507261" lon="114.07289412"><ele>-0.929901123046875</ele><time>2018-12-24T03:13:41Z</time></trkpt><trkpt lat="22.49507637" lon="114.07291331"><ele>-1.3697509765625</ele><time>2018-12-24T03:13:42Z</time></trkpt><trkpt lat="22.4950819" lon="114.07293221"><ele>-0.405609130859375</ele><time>2018-12-24T03:13:43Z</time></trkpt><trkpt lat="22.49508754" lon="114.07295114"><ele>-0.08221435546875</ele><time>2018-12-24T03:13:44Z</time></trkpt><trkpt lat="22.49509883" lon="114.07297828"><ele>1.757476806640625</ele><time>2018-12-24T03:13:46Z</time></trkpt><trkpt lat="22.49510408" lon="114.07300137"><ele>1.836090087890625</ele><time>2018-12-24T03:13:48Z</time></trkpt><trkpt lat="22.49511176" lon="114.07303102"><ele>2.84716796875</ele><time>2018-12-24T03:13:51Z</time></trkpt><trkpt lat="22.49511078" lon="114.07305758"><ele>3.03912353515625</ele><time>2018-12-24T03:13:53Z</time></trkpt><trkpt lat="22.49510718" lon="114.07308181"><ele>2.391021728515625</ele><time>2018-12-24T03:13:55Z</time></trkpt><trkpt lat="22.49511219" lon="114.07310861"><ele>2.683746337890625</ele><time>2018-12-24T03:13:57Z</time></trkpt><trkpt lat="22.49512016" lon="114.0731337"><ele>0.831024169921875</ele><time>2018-12-24T03:13:59Z</time></trkpt><trkpt lat="22.49512553" lon="114.07315874"><ele>0.54437255859375</ele><time>2018-12-24T03:14:01Z</time></trkpt><trkpt lat="22.49513072" lon="114.07318629"><ele>-2.808837890625</ele><time>2018-12-24T03:14:04Z</time></trkpt><trkpt lat="22.49513482" lon="114.07321442"><ele>-4.24835205078125</ele><time>2018-12-24T03:14:07Z</time></trkpt><trkpt lat="22.49513885" lon="114.07323801"><ele>-5.455780029296875</ele><time>2018-12-24T03:14:09Z</time></trkpt><trkpt lat="22.49514259" lon="114.07326517"><ele>-7.481964111328125</ele><time>2018-12-24T03:14:12Z</time></trkpt><trkpt lat="22.49514031" lon="114.07328513"><ele>-9.93499755859375</ele><time>2018-12-24T03:14:14Z</time></trkpt><trkpt lat="22.4951249" lon="114.07330026"><ele>-9.69744873046875</ele><time>2018-12-24T03:14:16Z</time></trkpt><trkpt lat="22.49512038" lon="114.07332835"><ele>-9.222412109375</ele><time>2018-12-24T03:14:18Z</time></trkpt><trkpt lat="22.49512491" lon="114.07335928"><ele>-9.12774658203125</ele><time>2018-12-24T03:14:20Z</time></trkpt><trkpt lat="22.4951295" lon="114.07339009"><ele>-10.434356689453125</ele><time>2018-12-24T03:14:22Z</time></trkpt><trkpt lat="22.49513464" lon="114.07342414"><ele>-10.4134521484375</ele><time>2018-12-24T03:14:24Z</time></trkpt><trkpt lat="22.49514063" lon="114.07345791"><ele>-10.98193359375</ele><time>2018-12-24T03:14:26Z</time></trkpt><trkpt lat="22.49515027" lon="114.07349125"><ele>-10.632904052734375</ele><time>2018-12-24T03:14:28Z</time></trkpt><trkpt lat="22.49515763" lon="114.07351543"><ele>-12.346649169921875</ele><time>2018-12-24T03:14:30Z</time></trkpt><trkpt lat="22.49515344" lon="114.07353676"><ele>-12.681060791015625</ele><time>2018-12-24T03:14:32Z</time></trkpt><trkpt lat="22.49514951" lon="114.07356407"><ele>-10.869140625</ele><time>2018-12-24T03:14:34Z</time></trkpt><trkpt lat="22.49515013" lon="114.07359326"><ele>-10.6627197265625</ele><time>2018-12-24T03:14:36Z</time></trkpt><trkpt lat="22.49515924" lon="114.07362666"><ele>-8.31488037109375</ele><time>2018-12-24T03:14:38Z</time></trkpt><trkpt lat="22.49517332" lon="114.07365729"><ele>-7.4896240234375</ele><time>2018-12-24T03:14:40Z</time></trkpt><trkpt lat="22.49519198" lon="114.07368723"><ele>-8.38677978515625</ele><time>2018-12-24T03:14:42Z</time></trkpt><trkpt lat="22.49520654" lon="114.07371364"><ele>-8.43817138671875</ele><time>2018-12-24T03:14:44Z</time></trkpt><trkpt lat="22.49521736" lon="114.07374014"><ele>-7.95928955078125</ele><time>2018-12-24T03:14:46Z</time></trkpt><trkpt lat="22.49522426" lon="114.07376604"><ele>-8.027099609375</ele><time>2018-12-24T03:14:48Z</time></trkpt><trkpt lat="22.49522884" lon="114.07379692"><ele>-8.054718017578125</ele><time>2018-12-24T03:14:50Z</time></trkpt><trkpt lat="22.49523299" lon="114.07382762"><ele>-5.431121826171875</ele><time>2018-12-24T03:14:52Z</time></trkpt><trkpt lat="22.49524081" lon="114.07385659"><ele>-5.463043212890625</ele><time>2018-12-24T03:14:54Z</time></trkpt><trkpt lat="22.49525019" lon="114.07388724"><ele>-4.61932373046875</ele><time>2018-12-24T03:14:56Z</time></trkpt><trkpt lat="22.49526079" lon="114.07392137"><ele>-3.295135498046875</ele><time>2018-12-24T03:14:58Z</time></trkpt><trkpt lat="22.49526824" lon="114.07395442"><ele>-3.199005126953125</ele><time>2018-12-24T03:15:00Z</time></trkpt><trkpt lat="22.4952682" lon="114.07398626"><ele>-1.721466064453125</ele><time>2018-12-24T03:15:02Z</time></trkpt><trkpt lat="22.49526689" lon="114.07401574"><ele>-1.30206298828125</ele><time>2018-12-24T03:15:04Z</time></trkpt><trkpt lat="22.49527009" lon="114.0740461"><ele>-2.55523681640625</ele><time>2018-12-24T03:15:06Z</time></trkpt><trkpt lat="22.49528187" lon="114.07406767"><ele>-0.9876708984375</ele><time>2018-12-24T03:15:08Z</time></trkpt><trkpt lat="22.49529048" lon="114.07408588"><ele>-0.435333251953125</ele><time>2018-12-24T03:15:10Z</time></trkpt><trkpt lat="22.49530086" lon="114.07410672"><ele>0.486297607421875</ele><time>2018-12-24T03:15:12Z</time></trkpt><trkpt lat="22.49531147" lon="114.07413309"><ele>2.14178466796875</ele><time>2018-12-24T03:15:14Z</time></trkpt><trkpt lat="22.49532232" lon="114.07416271"><ele>2.992767333984375</ele><time>2018-12-24T03:15:16Z</time></trkpt><trkpt lat="22.49533813" lon="114.07418717"><ele>2.426788330078125</ele><time>2018-12-24T03:15:18Z</time></trkpt><trkpt lat="22.49535935" lon="114.07421156"><ele>1.639862060546875</ele><time>2018-12-24T03:15:20Z</time></trkpt><trkpt lat="22.4953779" lon="114.07424022"><ele>2.417236328125</ele><time>2018-12-24T03:15:22Z</time></trkpt><trkpt lat="22.49539664" lon="114.07427137"><ele>3.28619384765625</ele><time>2018-12-24T03:15:24Z</time></trkpt><trkpt lat="22.49541455" lon="114.07430243"><ele>1.594970703125</ele><time>2018-12-24T03:15:26Z</time></trkpt><trkpt lat="22.49543374" lon="114.07433208"><ele>1.180511474609375</ele><time>2018-12-24T03:15:28Z</time></trkpt><trkpt lat="22.49545069" lon="114.07436055"><ele>0.245269775390625</ele><time>2018-12-24T03:15:30Z</time></trkpt><trkpt lat="22.49546387" lon="114.07438606"><ele>-1.542724609375</ele><time>2018-12-24T03:15:32Z</time></trkpt><trkpt lat="22.49547583" lon="114.0744127"><ele>-1.56732177734375</ele><time>2018-12-24T03:15:34Z</time></trkpt><trkpt lat="22.49549024" lon="114.07443984"><ele>-1.0865478515625</ele><time>2018-12-24T03:15:36Z</time></trkpt><trkpt lat="22.49550826" lon="114.07446459"><ele>-1.708343505859375</ele><time>2018-12-24T03:15:38Z</time></trkpt><trkpt lat="22.49552354" lon="114.07448109"><ele>-1.74981689453125</ele><time>2018-12-24T03:15:40Z</time></trkpt><trkpt lat="22.49553863" lon="114.07450362"><ele>-0.366668701171875</ele><time>2018-12-24T03:15:42Z</time></trkpt><trkpt lat="22.49555887" lon="114.07453176"><ele>1.222198486328125</ele><time>2018-12-24T03:15:44Z</time></trkpt><trkpt lat="22.49557394" lon="114.07455649"><ele>2.282745361328125</ele><time>2018-12-24T03:15:46Z</time></trkpt><trkpt lat="22.49558401" lon="114.07458039"><ele>1.337615966796875</ele><time>2018-12-24T03:15:48Z</time></trkpt><trkpt lat="22.49559979" lon="114.07459525"><ele>0.19964599609375</ele><time>2018-12-24T03:15:50Z</time></trkpt><trkpt lat="22.49561501" lon="114.07461823"><ele>-0.378570556640625</ele><time>2018-12-24T03:15:52Z</time></trkpt><trkpt lat="22.49563701" lon="114.07464337"><ele>-0.755889892578125</ele><time>2018-12-24T03:15:54Z</time></trkpt><trkpt lat="22.49565469" lon="114.0746632"><ele>-0.7158203125</ele><time>2018-12-24T03:15:56Z</time></trkpt><trkpt lat="22.49566857" lon="114.07468208"><ele>-0.633819580078125</ele><time>2018-12-24T03:15:58Z</time></trkpt><trkpt lat="22.49568933" lon="114.07470199"><ele>0.58099365234375</ele><time>2018-12-24T03:16:00Z</time></trkpt><trkpt lat="22.49571253" lon="114.07472276"><ele>-0.179351806640625</ele><time>2018-12-24T03:16:02Z</time></trkpt><trkpt lat="22.49572837" lon="114.07473467"><ele>-0.222503662109375</ele><time>2018-12-24T03:16:03Z</time></trkpt><trkpt lat="22.49574742" lon="114.07474873"><ele>0.06341552734375</ele><time>2018-12-24T03:16:04Z</time></trkpt><trkpt lat="22.49576638" lon="114.07476292"><ele>-0.9012451171875</ele><time>2018-12-24T03:16:05Z</time></trkpt><trkpt lat="22.49578496" lon="114.07477576"><ele>-1.040374755859375</ele><time>2018-12-24T03:16:06Z</time></trkpt><trkpt lat="22.49580326" lon="114.07478693"><ele>-1.0853271484375</ele><time>2018-12-24T03:16:07Z</time></trkpt><trkpt lat="22.49581926" lon="114.07480033"><ele>-1.348175048828125</ele><time>2018-12-24T03:16:08Z</time></trkpt><trkpt lat="22.49583459" lon="114.07481358"><ele>-1.42572021484375</ele><time>2018-12-24T03:16:09Z</time></trkpt><trkpt lat="22.4958485" lon="114.07482727"><ele>-1.12713623046875</ele><time>2018-12-24T03:16:10Z</time></trkpt><trkpt lat="22.49586082" lon="114.07484242"><ele>-1.40899658203125</ele><time>2018-12-24T03:16:11Z</time></trkpt><trkpt lat="22.49588021" lon="114.07487558"><ele>-0.498016357421875</ele><time>2018-12-24T03:16:13Z</time></trkpt><trkpt lat="22.49589073" lon="114.07489316"><ele>-0.563262939453125</ele><time>2018-12-24T03:16:14Z</time></trkpt><trkpt lat="22.49590999" lon="114.07491824"><ele>0.7742919921875</ele><time>2018-12-24T03:16:16Z</time></trkpt><trkpt lat="22.49593492" lon="114.07493655"><ele>3.1649169921875</ele><time>2018-12-24T03:16:18Z</time></trkpt><trkpt lat="22.49596154" lon="114.07494996"><ele>4.692230224609375</ele><time>2018-12-24T03:16:20Z</time></trkpt><trkpt lat="22.49598652" lon="114.07495985"><ele>5.53338623046875</ele><time>2018-12-24T03:16:22Z</time></trkpt><trkpt lat="22.49600672" lon="114.07498129"><ele>2.100128173828125</ele><time>2018-12-24T03:16:24Z</time></trkpt><trkpt lat="22.49602553" lon="114.07499746"><ele>1.856842041015625</ele><time>2018-12-24T03:16:26Z</time></trkpt><trkpt lat="22.49605134" lon="114.07502202"><ele>1.7596435546875</ele><time>2018-12-24T03:16:28Z</time></trkpt><trkpt lat="22.49606387" lon="114.07503697"><ele>2.23468017578125</ele><time>2018-12-24T03:16:29Z</time></trkpt><trkpt lat="22.49608094" lon="114.0750603"><ele>2.347442626953125</ele><time>2018-12-24T03:16:31Z</time></trkpt><trkpt lat="22.49609537" lon="114.07507785"><ele>2.84686279296875</ele><time>2018-12-24T03:16:33Z</time></trkpt><trkpt lat="22.49611054" lon="114.07510053"><ele>3.5135498046875</ele><time>2018-12-24T03:16:35Z</time></trkpt><trkpt lat="22.49612556" lon="114.07511241"><ele>5.03314208984375</ele><time>2018-12-24T03:16:37Z</time></trkpt><trkpt lat="22.496154" lon="114.07512346"><ele>2.736083984375</ele><time>2018-12-24T03:16:40Z</time></trkpt><trkpt lat="22.49617184" lon="114.07513614"><ele>3.339447021484375</ele><time>2018-12-24T03:16:42Z</time></trkpt><trkpt lat="22.4961907" lon="114.07514854"><ele>4.93060302734375</ele><time>2018-12-24T03:16:44Z</time></trkpt><trkpt lat="22.49621579" lon="114.07515608"><ele>4.558685302734375</ele><time>2018-12-24T03:16:46Z</time></trkpt><trkpt lat="22.49624119" lon="114.07516064"><ele>5.19561767578125</ele><time>2018-12-24T03:16:48Z</time></trkpt><trkpt lat="22.49626434" lon="114.07516838"><ele>5.484100341796875</ele><time>2018-12-24T03:16:50Z</time></trkpt><trkpt lat="22.49628798" lon="114.07517539"><ele>5.688262939453125</ele><time>2018-12-24T03:16:52Z</time></trkpt><trkpt lat="22.49631149" lon="114.07518225"><ele>5.3941650390625</ele><time>2018-12-24T03:16:54Z</time></trkpt><trkpt lat="22.49633625" lon="114.07519615"><ele>5.400634765625</ele><time>2018-12-24T03:16:56Z</time></trkpt><trkpt lat="22.49635676" lon="114.07521013"><ele>5.56085205078125</ele><time>2018-12-24T03:16:58Z</time></trkpt><trkpt lat="22.49637713" lon="114.07522642"><ele>4.80950927734375</ele><time>2018-12-24T03:17:00Z</time></trkpt><trkpt lat="22.49639942" lon="114.07524582"><ele>4.9281005859375</ele><time>2018-12-24T03:17:02Z</time></trkpt><trkpt lat="22.49642124" lon="114.075266"><ele>5.939208984375</ele><time>2018-12-24T03:17:04Z</time></trkpt><trkpt lat="22.49644621" lon="114.0752801"><ele>6.255157470703125</ele><time>2018-12-24T03:17:06Z</time></trkpt><trkpt lat="22.4964748" lon="114.0752935"><ele>5.806884765625</ele><time>2018-12-24T03:17:08Z</time></trkpt><trkpt lat="22.49650145" lon="114.0753076"><ele>6.670440673828125</ele><time>2018-12-24T03:17:10Z</time></trkpt><trkpt lat="22.49653244" lon="114.07531986"><ele>8.1376953125</ele><time>2018-12-24T03:17:12Z</time></trkpt><trkpt lat="22.49655882" lon="114.07533231"><ele>8.1522216796875</ele><time>2018-12-24T03:17:14Z</time></trkpt><trkpt lat="22.4965762" lon="114.07534351"><ele>7.215362548828125</ele><time>2018-12-24T03:17:16Z</time></trkpt><trkpt lat="22.49659648" lon="114.07535594"><ele>7.07623291015625</ele><time>2018-12-24T03:17:18Z</time></trkpt><trkpt lat="22.49661613" lon="114.07537261"><ele>4.9013671875</ele><time>2018-12-24T03:17:20Z</time></trkpt><trkpt lat="22.49663728" lon="114.07539125"><ele>4.143646240234375</ele><time>2018-12-24T03:17:22Z</time></trkpt><trkpt lat="22.49665816" lon="114.07540347"><ele>4.886810302734375</ele><time>2018-12-24T03:17:24Z</time></trkpt><trkpt lat="22.49668225" lon="114.07541368"><ele>4.516876220703125</ele><time>2018-12-24T03:17:26Z</time></trkpt><trkpt lat="22.4967063" lon="114.0754242"><ele>5.5516357421875</ele><time>2018-12-24T03:17:28Z</time></trkpt><trkpt lat="22.4967271" lon="114.07543529"><ele>6.69781494140625</ele><time>2018-12-24T03:17:30Z</time></trkpt><trkpt lat="22.49674955" lon="114.07543708"><ele>7.7989501953125</ele><time>2018-12-24T03:17:33Z</time></trkpt><trkpt lat="22.49677359" lon="114.07544598"><ele>6.480224609375</ele><time>2018-12-24T03:17:35Z</time></trkpt><trkpt lat="22.49679126" lon="114.07546912"><ele>3.5582275390625</ele><time>2018-12-24T03:17:38Z</time></trkpt><trkpt lat="22.49680588" lon="114.07548935"><ele>4.375213623046875</ele><time>2018-12-24T03:17:40Z</time></trkpt><trkpt lat="22.49682583" lon="114.07551005"><ele>4.552398681640625</ele><time>2018-12-24T03:17:42Z</time></trkpt><trkpt lat="22.4968467" lon="114.07553615"><ele>3.848388671875</ele><time>2018-12-24T03:17:44Z</time></trkpt><trkpt lat="22.49687184" lon="114.07556372"><ele>3.6004638671875</ele><time>2018-12-24T03:17:46Z</time></trkpt><trkpt lat="22.49689578" lon="114.07558133"><ele>5.11663818359375</ele><time>2018-12-24T03:17:48Z</time></trkpt><trkpt lat="22.4969254" lon="114.07560267"><ele>3.581878662109375</ele><time>2018-12-24T03:17:50Z</time></trkpt><trkpt lat="22.49693956" lon="114.07561496"><ele>3.42669677734375</ele><time>2018-12-24T03:17:51Z</time></trkpt><trkpt lat="22.49696429" lon="114.07563527"><ele>4.2271728515625</ele><time>2018-12-24T03:17:53Z</time></trkpt><trkpt lat="22.4969912" lon="114.07565329"><ele>4.20556640625</ele><time>2018-12-24T03:17:55Z</time></trkpt><trkpt lat="22.49701256" lon="114.07567382"><ele>4.32110595703125</ele><time>2018-12-24T03:17:57Z</time></trkpt><trkpt lat="22.49703601" lon="114.07569896"><ele>3.828399658203125</ele><time>2018-12-24T03:17:59Z</time></trkpt><trkpt lat="22.49706172" lon="114.07572316"><ele>3.9866943359375</ele><time>2018-12-24T03:18:01Z</time></trkpt><trkpt lat="22.49708348" lon="114.07574289"><ele>3.282012939453125</ele><time>2018-12-24T03:18:03Z</time></trkpt><trkpt lat="22.49710254" lon="114.07576518"><ele>4.192657470703125</ele><time>2018-12-24T03:18:05Z</time></trkpt><trkpt lat="22.49711967" lon="114.07579113"><ele>4.531158447265625</ele><time>2018-12-24T03:18:07Z</time></trkpt><trkpt lat="22.49714299" lon="114.0758151"><ele>4.790130615234375</ele><time>2018-12-24T03:18:09Z</time></trkpt><trkpt lat="22.49716652" lon="114.07583255"><ele>4.08154296875</ele><time>2018-12-24T03:18:11Z</time></trkpt><trkpt lat="22.49716252" lon="114.07585817"><ele>1.56695556640625</ele><time>2018-12-24T03:18:14Z</time></trkpt><trkpt lat="22.49714291" lon="114.07586817"><ele>3.270111083984375</ele><time>2018-12-24T03:18:17Z</time></trkpt><trkpt lat="22.49712073" lon="114.07586862"><ele>5.123748779296875</ele><time>2018-12-24T03:18:19Z</time></trkpt><trkpt lat="22.49709369" lon="114.07588399"><ele>5.741912841796875</ele><time>2018-12-24T03:18:21Z</time></trkpt><trkpt lat="22.49707513" lon="114.07590503"><ele>4.513946533203125</ele><time>2018-12-24T03:18:23Z</time></trkpt><trkpt lat="22.49706109" lon="114.07592385"><ele>5.03271484375</ele><time>2018-12-24T03:18:25Z</time></trkpt><trkpt lat="22.49704761" lon="114.07594317"><ele>5.124969482421875</ele><time>2018-12-24T03:18:29Z</time></trkpt><trkpt lat="22.49704314" lon="114.07592125"><ele>3.598968505859375</ele><time>2018-12-24T03:18:35Z</time></trkpt><trkpt lat="22.49704189" lon="114.07590061"><ele>2.761444091796875</ele><time>2018-12-24T03:18:37Z</time></trkpt><trkpt lat="22.49706006" lon="114.07587121"><ele>2.956634521484375</ele><time>2018-12-24T03:18:39Z</time></trkpt><trkpt lat="22.49707332" lon="114.07585595"><ele>2.88714599609375</ele><time>2018-12-24T03:18:40Z</time></trkpt><trkpt lat="22.49708992" lon="114.07583992"><ele>2.9195556640625</ele><time>2018-12-24T03:18:42Z</time></trkpt><trkpt lat="22.4971055" lon="114.07582713"><ele>2.33203125</ele><time>2018-12-24T03:18:44Z</time></trkpt><trkpt lat="22.49711501" lon="114.07580673"><ele>5.289642333984375</ele><time>2018-12-24T03:18:48Z</time></trkpt><trkpt lat="22.49709241" lon="114.07579007"><ele>2.44818115234375</ele><time>2018-12-24T03:18:52Z</time></trkpt><trkpt lat="22.49707759" lon="114.0757766"><ele>2.351593017578125</ele><time>2018-12-24T03:18:54Z</time></trkpt><trkpt lat="22.4970976" lon="114.07580158"><ele>5.295440673828125</ele><time>2018-12-24T03:18:57Z</time></trkpt><trkpt lat="22.49711229" lon="114.07581926"><ele>5.47943115234375</ele><time>2018-12-24T03:18:58Z</time></trkpt><trkpt lat="22.49712651" lon="114.07583928"><ele>4.2332763671875</ele><time>2018-12-24T03:18:59Z</time></trkpt><trkpt lat="22.49714057" lon="114.0758609"><ele>4.419677734375</ele><time>2018-12-24T03:19:00Z</time></trkpt><trkpt lat="22.49715304" lon="114.07587588"><ele>5.2877197265625</ele><time>2018-12-24T03:19:01Z</time></trkpt><trkpt lat="22.49716693" lon="114.07589181"><ele>4.3577880859375</ele><time>2018-12-24T03:19:03Z</time></trkpt><trkpt lat="22.49717913" lon="114.07591642"><ele>6.146148681640625</ele><time>2018-12-24T03:19:06Z</time></trkpt><trkpt lat="22.49719233" lon="114.07593533"><ele>6.566680908203125</ele><time>2018-12-24T03:19:07Z</time></trkpt><trkpt lat="22.49720808" lon="114.07595401"><ele>6.63116455078125</ele><time>2018-12-24T03:19:08Z</time></trkpt><trkpt lat="22.49722153" lon="114.07596854"><ele>6.45977783203125</ele><time>2018-12-24T03:19:09Z</time></trkpt><trkpt lat="22.4972442" lon="114.07599418"><ele>4.5703125</ele><time>2018-12-24T03:19:11Z</time></trkpt><trkpt lat="22.4972726" lon="114.07601182"><ele>4.979949951171875</ele><time>2018-12-24T03:19:13Z</time></trkpt><trkpt lat="22.49728848" lon="114.076023"><ele>6.088653564453125</ele><time>2018-12-24T03:19:14Z</time></trkpt><trkpt lat="22.49730366" lon="114.07603638"><ele>6.488983154296875</ele><time>2018-12-24T03:19:15Z</time></trkpt><trkpt lat="22.49731789" lon="114.07605273"><ele>6.900238037109375</ele><time>2018-12-24T03:19:16Z</time></trkpt><trkpt lat="22.49733003" lon="114.07607097"><ele>5.82965087890625</ele><time>2018-12-24T03:19:17Z</time></trkpt><trkpt lat="22.49734078" lon="114.07608734"><ele>5.938232421875</ele><time>2018-12-24T03:19:18Z</time></trkpt><trkpt lat="22.49735654" lon="114.07611646"><ele>4.541595458984375</ele><time>2018-12-24T03:19:20Z</time></trkpt><trkpt lat="22.49736799" lon="114.0761466"><ele>4.96099853515625</ele><time>2018-12-24T03:19:22Z</time></trkpt><trkpt lat="22.4973747" lon="114.07616476"><ele>6.356658935546875</ele><time>2018-12-24T03:19:23Z</time></trkpt><trkpt lat="22.49737943" lon="114.07619293"><ele>6.072479248046875</ele><time>2018-12-24T03:19:25Z</time></trkpt><trkpt lat="22.49737195" lon="114.07621675"><ele>-1.25433349609375</ele><time>2018-12-24T03:19:29Z</time></trkpt><trkpt lat="22.49736514" lon="114.07624488"><ele>-2.28131103515625</ele><time>2018-12-24T03:19:32Z</time></trkpt><trkpt lat="22.49736189" lon="114.07628151"><ele>-2.59552001953125</ele><time>2018-12-24T03:19:34Z</time></trkpt><trkpt lat="22.49736823" lon="114.07631438"><ele>-1.484466552734375</ele><time>2018-12-24T03:19:36Z</time></trkpt><trkpt lat="22.49738562" lon="114.07634782"><ele>-0.93328857421875</ele><time>2018-12-24T03:19:38Z</time></trkpt><trkpt lat="22.49739864" lon="114.07637681"><ele>-2.749359130859375</ele><time>2018-12-24T03:19:40Z</time></trkpt><trkpt lat="22.49741265" lon="114.07640604"><ele>-2.936279296875</ele><time>2018-12-24T03:19:42Z</time></trkpt><trkpt lat="22.49741834" lon="114.07642591"><ele>-3.120941162109375</ele><time>2018-12-24T03:19:44Z</time></trkpt><trkpt lat="22.49742662" lon="114.07644528"><ele>-2.440399169921875</ele><time>2018-12-24T03:19:47Z</time></trkpt><trkpt lat="22.49744732" lon="114.07645761"><ele>1.311187744140625</ele><time>2018-12-24T03:19:49Z</time></trkpt><trkpt lat="22.4974723" lon="114.07645011"><ele>2.20098876953125</ele><time>2018-12-24T03:19:52Z</time></trkpt><trkpt lat="22.49748242" lon="114.0764283"><ele>4.04315185546875</ele><time>2018-12-24T03:19:54Z</time></trkpt><trkpt lat="22.4974665" lon="114.07640906"><ele>4.3590087890625</ele><time>2018-12-24T03:19:56Z</time></trkpt><trkpt lat="22.49748779" lon="114.07641646"><ele>0.584442138671875</ele><time>2018-12-24T03:20:31Z</time></trkpt><trkpt lat="22.49750261" lon="114.07643398"><ele>1.144622802734375</ele><time>2018-12-24T03:20:33Z</time></trkpt><trkpt lat="22.49751596" lon="114.07646048"><ele>1.646270751953125</ele><time>2018-12-24T03:20:35Z</time></trkpt><trkpt lat="22.49752126" lon="114.07647947"><ele>-0.33807373046875</ele><time>2018-12-24T03:20:37Z</time></trkpt><trkpt lat="22.49752699" lon="114.07650607"><ele>0.37261962890625</ele><time>2018-12-24T03:20:40Z</time></trkpt><trkpt lat="22.49754" lon="114.07652643"><ele>0.728973388671875</ele><time>2018-12-24T03:20:42Z</time></trkpt><trkpt lat="22.49755244" lon="114.0765488"><ele>-0.1668701171875</ele><time>2018-12-24T03:20:46Z</time></trkpt><trkpt lat="22.49756082" lon="114.07657348"><ele>-0.58880615234375</ele><time>2018-12-24T03:20:48Z</time></trkpt><trkpt lat="22.49757376" lon="114.07660294"><ele>0.437408447265625</ele><time>2018-12-24T03:20:50Z</time></trkpt><trkpt lat="22.49759029" lon="114.07663059"><ele>0.130157470703125</ele><time>2018-12-24T03:20:52Z</time></trkpt><trkpt lat="22.49759575" lon="114.07665875"><ele>-0.98828125</ele><time>2018-12-24T03:20:54Z</time></trkpt><trkpt lat="22.49759965" lon="114.0766865"><ele>-0.417388916015625</ele><time>2018-12-24T03:20:56Z</time></trkpt><trkpt lat="22.49761112" lon="114.07671603"><ele>0.522064208984375</ele><time>2018-12-24T03:20:58Z</time></trkpt><trkpt lat="22.49763151" lon="114.07674474"><ele>2.832672119140625</ele><time>2018-12-24T03:21:00Z</time></trkpt><trkpt lat="22.4976445" lon="114.07676375"><ele>3.82318115234375</ele><time>2018-12-24T03:21:01Z</time></trkpt><trkpt lat="22.49765588" lon="114.07678117"><ele>4.805145263671875</ele><time>2018-12-24T03:21:02Z</time></trkpt><trkpt lat="22.49766695" lon="114.07681223"><ele>4.061279296875</ele><time>2018-12-24T03:21:04Z</time></trkpt><trkpt lat="22.49767637" lon="114.07683939"><ele>4.801422119140625</ele><time>2018-12-24T03:21:06Z</time></trkpt><trkpt lat="22.49768202" lon="114.07686896"><ele>5.02313232421875</ele><time>2018-12-24T03:21:08Z</time></trkpt><trkpt lat="22.49768329" lon="114.07689391"><ele>4.74884033203125</ele><time>2018-12-24T03:21:10Z</time></trkpt><trkpt lat="22.49770132" lon="114.07691837"><ele>4.21282958984375</ele><time>2018-12-24T03:21:12Z</time></trkpt><trkpt lat="22.4977214" lon="114.07693627"><ele>4.210235595703125</ele><time>2018-12-24T03:21:14Z</time></trkpt><trkpt lat="22.49773571" lon="114.07695233"><ele>3.760894775390625</ele><time>2018-12-24T03:21:16Z</time></trkpt><trkpt lat="22.4977535" lon="114.07697907"><ele>4.090423583984375</ele><time>2018-12-24T03:21:19Z</time></trkpt><trkpt lat="22.49777548" lon="114.0770076"><ele>1.723876953125</ele><time>2018-12-24T03:21:21Z</time></trkpt><trkpt lat="22.49779973" lon="114.0770356"><ele>2.878326416015625</ele><time>2018-12-24T03:21:23Z</time></trkpt><trkpt lat="22.49781058" lon="114.07705178"><ele>2.513702392578125</ele><time>2018-12-24T03:21:24Z</time></trkpt><trkpt lat="22.49782433" lon="114.07708285"><ele>3.689300537109375</ele><time>2018-12-24T03:21:26Z</time></trkpt><trkpt lat="22.49783131" lon="114.07711436"><ele>3.23736572265625</ele><time>2018-12-24T03:21:28Z</time></trkpt><trkpt lat="22.49783797" lon="114.07714425"><ele>2.12725830078125</ele><time>2018-12-24T03:21:30Z</time></trkpt><trkpt lat="22.49783968" lon="114.0771709"><ele>2.51300048828125</ele><time>2018-12-24T03:21:33Z</time></trkpt><trkpt lat="22.49785201" lon="114.0771996"><ele>2.01861572265625</ele><time>2018-12-24T03:21:35Z</time></trkpt><trkpt lat="22.49787059" lon="114.07722823"><ele>1.38189697265625</ele><time>2018-12-24T03:21:37Z</time></trkpt><trkpt lat="22.49788017" lon="114.07724653"><ele>1.361175537109375</ele><time>2018-12-24T03:21:38Z</time></trkpt><trkpt lat="22.49789026" lon="114.07726359"><ele>2.678985595703125</ele><time>2018-12-24T03:21:39Z</time></trkpt><trkpt lat="22.49789962" lon="114.07728028"><ele>2.59954833984375</ele><time>2018-12-24T03:21:40Z</time></trkpt><trkpt lat="22.49792085" lon="114.07730532"><ele>4.506256103515625</ele><time>2018-12-24T03:21:42Z</time></trkpt><trkpt lat="22.49794045" lon="114.07732698"><ele>4.73858642578125</ele><time>2018-12-24T03:21:44Z</time></trkpt><trkpt lat="22.49795807" lon="114.07734452"><ele>5.2799072265625</ele><time>2018-12-24T03:21:46Z</time></trkpt><trkpt lat="22.49797356" lon="114.07736499"><ele>7.24383544921875</ele><time>2018-12-24T03:21:48Z</time></trkpt><trkpt lat="22.49796893" lon="114.07738514"><ele>4.334381103515625</ele><time>2018-12-24T03:21:52Z</time></trkpt><trkpt lat="22.49795954" lon="114.07740319"><ele>2.865692138671875</ele><time>2018-12-24T03:21:56Z</time></trkpt><trkpt lat="22.49795582" lon="114.07742271"><ele>3.462005615234375</ele><time>2018-12-24T03:22:01Z</time></trkpt><trkpt lat="22.49796693" lon="114.07745164"><ele>5.866729736328125</ele><time>2018-12-24T03:22:03Z</time></trkpt><trkpt lat="22.49798322" lon="114.07746832"><ele>4.7392578125</ele><time>2018-12-24T03:22:06Z</time></trkpt><trkpt lat="22.49799561" lon="114.07748573"><ele>4.45306396484375</ele><time>2018-12-24T03:22:08Z</time></trkpt><trkpt lat="22.4980125" lon="114.07749919"><ele>5.19879150390625</ele><time>2018-12-24T03:22:10Z</time></trkpt><trkpt lat="22.49803143" lon="114.07749661"><ele>5.0078125</ele><time>2018-12-24T03:22:12Z</time></trkpt><trkpt lat="22.49804821" lon="114.07748456"><ele>4.506927490234375</ele><time>2018-12-24T03:22:14Z</time></trkpt><trkpt lat="22.49807622" lon="114.07746507"><ele>5.269439697265625</ele><time>2018-12-24T03:22:16Z</time></trkpt><trkpt lat="22.49810678" lon="114.07746168"><ele>3.4208984375</ele><time>2018-12-24T03:22:18Z</time></trkpt><trkpt lat="22.49813257" lon="114.07746277"><ele>0.516021728515625</ele><time>2018-12-24T03:22:20Z</time></trkpt><trkpt lat="22.49815949" lon="114.0774598"><ele>0.770263671875</ele><time>2018-12-24T03:22:22Z</time></trkpt><trkpt lat="22.49818372" lon="114.07746195"><ele>0.55517578125</ele><time>2018-12-24T03:22:24Z</time></trkpt><trkpt lat="22.49820095" lon="114.07748998"><ele>2.060821533203125</ele><time>2018-12-24T03:22:27Z</time></trkpt><trkpt lat="22.49820946" lon="114.07751634"><ele>1.532806396484375</ele><time>2018-12-24T03:22:29Z</time></trkpt><trkpt lat="22.49821551" lon="114.07754762"><ele>2.850830078125</ele><time>2018-12-24T03:22:31Z</time></trkpt><trkpt lat="22.49822731" lon="114.07757954"><ele>3.03125</ele><time>2018-12-24T03:22:33Z</time></trkpt><trkpt lat="22.49824195" lon="114.07759751"><ele>2.26361083984375</ele><time>2018-12-24T03:22:35Z</time></trkpt><trkpt lat="22.49825835" lon="114.07761506"><ele>2.15673828125</ele><time>2018-12-24T03:22:37Z</time></trkpt><trkpt lat="22.49825513" lon="114.07763693"><ele>0.306976318359375</ele><time>2018-12-24T03:22:39Z</time></trkpt><trkpt lat="22.49826656" lon="114.07766391"><ele>-0.416412353515625</ele><time>2018-12-24T03:22:41Z</time></trkpt><trkpt lat="22.49829168" lon="114.07768708"><ele>0.6285400390625</ele><time>2018-12-24T03:22:43Z</time></trkpt><trkpt lat="22.49830607" lon="114.0777025"><ele>-0.2158203125</ele><time>2018-12-24T03:22:44Z</time></trkpt><trkpt lat="22.49832047" lon="114.07771442"><ele>0.113525390625</ele><time>2018-12-24T03:22:45Z</time></trkpt><trkpt lat="22.49834196" lon="114.07773141"><ele>0.49652099609375</ele><time>2018-12-24T03:22:47Z</time></trkpt><trkpt lat="22.49836141" lon="114.07774769"><ele>0.883758544921875</ele><time>2018-12-24T03:22:49Z</time></trkpt><trkpt lat="22.49837959" lon="114.0777653"><ele>1.658294677734375</ele><time>2018-12-24T03:22:51Z</time></trkpt><trkpt lat="22.49839502" lon="114.0777895"><ele>1.706268310546875</ele><time>2018-12-24T03:22:53Z</time></trkpt><trkpt lat="22.49841055" lon="114.07781549"><ele>0.926483154296875</ele><time>2018-12-24T03:22:55Z</time></trkpt><trkpt lat="22.49841655" lon="114.07784171"><ele>1.177978515625</ele><time>2018-12-24T03:22:57Z</time></trkpt><trkpt lat="22.49842035" lon="114.07787088"><ele>1.258453369140625</ele><time>2018-12-24T03:22:59Z</time></trkpt><trkpt lat="22.4984221" lon="114.07789397"><ele>1.036102294921875</ele><time>2018-12-24T03:23:01Z</time></trkpt><trkpt lat="22.49842723" lon="114.07791535"><ele>3.1007080078125</ele><time>2018-12-24T03:23:04Z</time></trkpt><trkpt lat="22.49843067" lon="114.07793844"><ele>4.6197509765625</ele><time>2018-12-24T03:23:08Z</time></trkpt><trkpt lat="22.49844095" lon="114.07795887"><ele>3.709716796875</ele><time>2018-12-24T03:23:11Z</time></trkpt><trkpt lat="22.49845371" lon="114.07797571"><ele>2.731048583984375</ele><time>2018-12-24T03:23:14Z</time></trkpt><trkpt lat="22.498477" lon="114.078004"><ele>3.019439697265625</ele><time>2018-12-24T03:23:16Z</time></trkpt><trkpt lat="22.49849758" lon="114.07802427"><ele>2.87835693359375</ele><time>2018-12-24T03:23:18Z</time></trkpt><trkpt lat="22.49852089" lon="114.07804858"><ele>2.470489501953125</ele><time>2018-12-24T03:23:20Z</time></trkpt><trkpt lat="22.49853431" lon="114.07807805"><ele>3.562103271484375</ele><time>2018-12-24T03:23:22Z</time></trkpt><trkpt lat="22.49853994" lon="114.07810191"><ele>3.7950439453125</ele><time>2018-12-24T03:23:24Z</time></trkpt><trkpt lat="22.49854766" lon="114.07813234"><ele>2.203338623046875</ele><time>2018-12-24T03:23:27Z</time></trkpt><trkpt lat="22.49855924" lon="114.07816288"><ele>2.347686767578125</ele><time>2018-12-24T03:23:30Z</time></trkpt><trkpt lat="22.49856894" lon="114.07817945"><ele>2.227996826171875</ele><time>2018-12-24T03:23:32Z</time></trkpt><trkpt lat="22.4985872" lon="114.07818947"><ele>2.07147216796875</ele><time>2018-12-24T03:23:35Z</time></trkpt><trkpt lat="22.49861557" lon="114.07817455"><ele>3.883453369140625</ele><time>2018-12-24T03:23:59Z</time></trkpt><trkpt lat="22.49863898" lon="114.07816035"><ele>2.6318359375</ele><time>2018-12-24T03:24:01Z</time></trkpt><trkpt lat="22.49866475" lon="114.07817472"><ele>2.318878173828125</ele><time>2018-12-24T03:24:03Z</time></trkpt><trkpt lat="22.49868901" lon="114.07819415"><ele>6.256103515625</ele><time>2018-12-24T03:24:05Z</time></trkpt><trkpt lat="22.49870316" lon="114.07820822"><ele>6.44317626953125</ele><time>2018-12-24T03:24:06Z</time></trkpt><trkpt lat="22.4987131" lon="114.07822514"><ele>6.880889892578125</ele><time>2018-12-24T03:24:08Z</time></trkpt><trkpt lat="22.49869343" lon="114.07822306"><ele>10.96124267578125</ele><time>2018-12-24T03:24:11Z</time></trkpt><trkpt lat="22.49868576" lon="114.07824719"><ele>9.25238037109375</ele><time>2018-12-24T03:24:15Z</time></trkpt><trkpt lat="22.49870047" lon="114.07826184"><ele>8.28997802734375</ele><time>2018-12-24T03:24:17Z</time></trkpt><trkpt lat="22.49872316" lon="114.07826803"><ele>7.2415771484375</ele><time>2018-12-24T03:24:19Z</time></trkpt><trkpt lat="22.49874361" lon="114.07828559"><ele>5.91326904296875</ele><time>2018-12-24T03:24:21Z</time></trkpt><trkpt lat="22.49875986" lon="114.0783091"><ele>3.557525634765625</ele><time>2018-12-24T03:24:23Z</time></trkpt><trkpt lat="22.49876908" lon="114.07834166"><ele>4.99822998046875</ele><time>2018-12-24T03:24:25Z</time></trkpt><trkpt lat="22.49878042" lon="114.07836899"><ele>4.9088134765625</ele><time>2018-12-24T03:24:27Z</time></trkpt><trkpt lat="22.49880213" lon="114.07839402"><ele>4.77532958984375</ele><time>2018-12-24T03:24:29Z</time></trkpt><trkpt lat="22.49881412" lon="114.0784105"><ele>5.0928955078125</ele><time>2018-12-24T03:24:30Z</time></trkpt><trkpt lat="22.49882453" lon="114.07842736"><ele>4.090606689453125</ele><time>2018-12-24T03:24:31Z</time></trkpt><trkpt lat="22.49883552" lon="114.07844321"><ele>4.59417724609375</ele><time>2018-12-24T03:24:32Z</time></trkpt><trkpt lat="22.49885125" lon="114.07845811"><ele>3.693328857421875</ele><time>2018-12-24T03:24:33Z</time></trkpt><trkpt lat="22.49886937" lon="114.07846934"><ele>3.587066650390625</ele><time>2018-12-24T03:24:34Z</time></trkpt><trkpt lat="22.4988984" lon="114.07847589"><ele>1.724395751953125</ele><time>2018-12-24T03:24:36Z</time></trkpt><trkpt lat="22.49892442" lon="114.07846161"><ele>2.125091552734375</ele><time>2018-12-24T03:24:38Z</time></trkpt><trkpt lat="22.49894909" lon="114.07844292"><ele>3.4925537109375</ele><time>2018-12-24T03:24:40Z</time></trkpt><trkpt lat="22.49897788" lon="114.07842669"><ele>3.045166015625</ele><time>2018-12-24T03:24:42Z</time></trkpt><trkpt lat="22.49900148" lon="114.07841037"><ele>2.44012451171875</ele><time>2018-12-24T03:24:44Z</time></trkpt><trkpt lat="22.49902446" lon="114.07840148"><ele>1.691314697265625</ele><time>2018-12-24T03:24:46Z</time></trkpt><trkpt lat="22.49899497" lon="114.07844347"><ele>2.87774658203125</ele><time>2018-12-24T03:25:17Z</time></trkpt><trkpt lat="22.49897041" lon="114.07842916"><ele>6.772918701171875</ele><time>2018-12-24T03:25:18Z</time></trkpt><trkpt lat="22.49894556" lon="114.07843009"><ele>5.1102294921875</ele><time>2018-12-24T03:25:20Z</time></trkpt><trkpt lat="22.49892746" lon="114.07843806"><ele>4.42510986328125</ele><time>2018-12-24T03:25:22Z</time></trkpt><trkpt lat="22.49891091" lon="114.07845378"><ele>2.621795654296875</ele><time>2018-12-24T03:25:25Z</time></trkpt><trkpt lat="22.49890091" lon="114.07843452"><ele>3.21392822265625</ele><time>2018-12-24T03:25:28Z</time></trkpt><trkpt lat="22.49889174" lon="114.07845854"><ele>4.446075439453125</ele><time>2018-12-24T03:26:10Z</time></trkpt><trkpt lat="22.49889213" lon="114.0784854"><ele>2.279388427734375</ele><time>2018-12-24T03:26:17Z</time></trkpt><trkpt lat="22.4989029" lon="114.07850856"><ele>2.2386474609375</ele><time>2018-12-24T03:26:19Z</time></trkpt><trkpt lat="22.498924" lon="114.07852446"><ele>2.4154052734375</ele><time>2018-12-24T03:26:21Z</time></trkpt><trkpt lat="22.49894586" lon="114.07854486"><ele>6.295318603515625</ele><time>2018-12-24T03:26:23Z</time></trkpt><trkpt lat="22.49895993" lon="114.07857027"><ele>5.8135986328125</ele><time>2018-12-24T03:26:25Z</time></trkpt><trkpt lat="22.49897597" lon="114.07858942"><ele>4.891632080078125</ele><time>2018-12-24T03:26:27Z</time></trkpt><trkpt lat="22.49900105" lon="114.07860521"><ele>3.86187744140625</ele><time>2018-12-24T03:26:29Z</time></trkpt><trkpt lat="22.49902873" lon="114.07862057"><ele>4.7215576171875</ele><time>2018-12-24T03:26:31Z</time></trkpt><trkpt lat="22.49905236" lon="114.07863735"><ele>5.85107421875</ele><time>2018-12-24T03:26:33Z</time></trkpt><trkpt lat="22.49906675" lon="114.07865536"><ele>6.04718017578125</ele><time>2018-12-24T03:26:35Z</time></trkpt><trkpt lat="22.49908429" lon="114.07866924"><ele>6.3260498046875</ele><time>2018-12-24T03:26:37Z</time></trkpt><trkpt lat="22.49910291" lon="114.07868823"><ele>5.972412109375</ele><time>2018-12-24T03:26:39Z</time></trkpt><trkpt lat="22.49911796" lon="114.07870563"><ele>5.71844482421875</ele><time>2018-12-24T03:26:41Z</time></trkpt><trkpt lat="22.49912844" lon="114.07872245"><ele>5.78466796875</ele><time>2018-12-24T03:26:43Z</time></trkpt><trkpt lat="22.49914471" lon="114.07874676"><ele>8.134490966796875</ele><time>2018-12-24T03:26:45Z</time></trkpt><trkpt lat="22.49916254" lon="114.078768"><ele>7.07965087890625</ele><time>2018-12-24T03:26:47Z</time></trkpt><trkpt lat="22.49918747" lon="114.07878665"><ele>8.66204833984375</ele><time>2018-12-24T03:26:49Z</time></trkpt><trkpt lat="22.49921141" lon="114.0788025"><ele>9.690216064453125</ele><time>2018-12-24T03:26:51Z</time></trkpt><trkpt lat="22.49922917" lon="114.07882358"><ele>9.69610595703125</ele><time>2018-12-24T03:26:53Z</time></trkpt><trkpt lat="22.4992546" lon="114.07885097"><ele>10.2923583984375</ele><time>2018-12-24T03:26:55Z</time></trkpt><trkpt lat="22.49927072" lon="114.07886804"><ele>11.063232421875</ele><time>2018-12-24T03:26:57Z</time></trkpt><trkpt lat="22.49929551" lon="114.07888625"><ele>11.311065673828125</ele><time>2018-12-24T03:26:59Z</time></trkpt><trkpt lat="22.49932297" lon="114.07890429"><ele>11.481048583984375</ele><time>2018-12-24T03:27:01Z</time></trkpt><trkpt lat="22.49935067" lon="114.07892135"><ele>12.76580810546875</ele><time>2018-12-24T03:27:03Z</time></trkpt><trkpt lat="22.4993775" lon="114.07893936"><ele>13.4674072265625</ele><time>2018-12-24T03:27:05Z</time></trkpt><trkpt lat="22.49940086" lon="114.078955"><ele>15.1112060546875</ele><time>2018-12-24T03:27:07Z</time></trkpt><trkpt lat="22.49942554" lon="114.07897285"><ele>14.187255859375</ele><time>2018-12-24T03:27:09Z</time></trkpt><trkpt lat="22.49944657" lon="114.07898158"><ele>13.85382080078125</ele><time>2018-12-24T03:27:11Z</time></trkpt><trkpt lat="22.49946661" lon="114.07898523"><ele>14.00384521484375</ele><time>2018-12-24T03:27:12Z</time></trkpt><trkpt lat="22.49948931" lon="114.07899064"><ele>13.92437744140625</ele><time>2018-12-24T03:27:13Z</time></trkpt><trkpt lat="22.49950745" lon="114.0789976"><ele>13.1995849609375</ele><time>2018-12-24T03:27:15Z</time></trkpt><trkpt lat="22.49952974" lon="114.07901735"><ele>12.5618896484375</ele><time>2018-12-24T03:27:18Z</time></trkpt><trkpt lat="22.49955584" lon="114.07902268"><ele>11.20709228515625</ele><time>2018-12-24T03:27:20Z</time></trkpt><trkpt lat="22.49957456" lon="114.07901971"><ele>11.314910888671875</ele><time>2018-12-24T03:27:21Z</time></trkpt><trkpt lat="22.4995937" lon="114.07901509"><ele>9.964447021484375</ele><time>2018-12-24T03:27:22Z</time></trkpt><trkpt lat="22.49961296" lon="114.07901313"><ele>9.832763671875</ele><time>2018-12-24T03:27:23Z</time></trkpt><trkpt lat="22.49963937" lon="114.07902143"><ele>10.54571533203125</ele><time>2018-12-24T03:27:25Z</time></trkpt><trkpt lat="22.49966534" lon="114.07902747"><ele>10.65802001953125</ele><time>2018-12-24T03:27:28Z</time></trkpt><trkpt lat="22.49969555" lon="114.07903506"><ele>11.297821044921875</ele><time>2018-12-24T03:27:30Z</time></trkpt><trkpt lat="22.499718" lon="114.07904286"><ele>13.36767578125</ele><time>2018-12-24T03:27:33Z</time></trkpt><trkpt lat="22.49973814" lon="114.07904672"><ele>12.37615966796875</ele><time>2018-12-24T03:27:35Z</time></trkpt><trkpt lat="22.49975299" lon="114.07905987"><ele>11.407135009765625</ele><time>2018-12-24T03:27:37Z</time></trkpt><trkpt lat="22.49977275" lon="114.07906998"><ele>9.091217041015625</ele><time>2018-12-24T03:27:39Z</time></trkpt><trkpt lat="22.49980115" lon="114.07907214"><ele>8.091552734375</ele><time>2018-12-24T03:27:41Z</time></trkpt><trkpt lat="22.49983013" lon="114.07907097"><ele>7.6080322265625</ele><time>2018-12-24T03:27:43Z</time></trkpt><trkpt lat="22.49986855" lon="114.07907337"><ele>7.508392333984375</ele><time>2018-12-24T03:27:45Z</time></trkpt><trkpt lat="22.49989066" lon="114.07907556"><ele>6.213958740234375</ele><time>2018-12-24T03:27:46Z</time></trkpt><trkpt lat="22.49992049" lon="114.07907222"><ele>4.978607177734375</ele><time>2018-12-24T03:27:48Z</time></trkpt><trkpt lat="22.49994285" lon="114.07907088"><ele>5.380706787109375</ele><time>2018-12-24T03:27:50Z</time></trkpt><trkpt lat="22.49996829" lon="114.07907712"><ele>2.06280517578125</ele><time>2018-12-24T03:27:54Z</time></trkpt><trkpt lat="22.50000192" lon="114.07907639"><ele>4.17095947265625</ele><time>2018-12-24T03:27:57Z</time></trkpt><trkpt lat="22.50003214" lon="114.07907996"><ele>2.988861083984375</ele><time>2018-12-24T03:27:59Z</time></trkpt><trkpt lat="22.50006051" lon="114.07908469"><ele>3.201171875</ele><time>2018-12-24T03:28:01Z</time></trkpt><trkpt lat="22.50009632" lon="114.07909678"><ele>2.52191162109375</ele><time>2018-12-24T03:28:03Z</time></trkpt><trkpt lat="22.50011818" lon="114.07910387"><ele>2.9991455078125</ele><time>2018-12-24T03:28:04Z</time></trkpt><trkpt lat="22.50013876" lon="114.07910936"><ele>4.128448486328125</ele><time>2018-12-24T03:28:05Z</time></trkpt><trkpt lat="22.50016781" lon="114.07911542"><ele>4.094940185546875</ele><time>2018-12-24T03:28:07Z</time></trkpt><trkpt lat="22.50019183" lon="114.07911896"><ele>3.953582763671875</ele><time>2018-12-24T03:28:09Z</time></trkpt><trkpt lat="22.50021335" lon="114.07912539"><ele>3.408660888671875</ele><time>2018-12-24T03:28:11Z</time></trkpt><trkpt lat="22.50024142" lon="114.07913978"><ele>3.2935791015625</ele><time>2018-12-24T03:28:13Z</time></trkpt><trkpt lat="22.50026004" lon="114.0791448"><ele>3.0499267578125</ele><time>2018-12-24T03:28:14Z</time></trkpt><trkpt lat="22.50029637" lon="114.07914798"><ele>4.346221923828125</ele><time>2018-12-24T03:28:16Z</time></trkpt><trkpt lat="22.50031544" lon="114.07915078"><ele>5.870361328125</ele><time>2018-12-24T03:28:17Z</time></trkpt><trkpt lat="22.50035132" lon="114.0791605"><ele>5.595428466796875</ele><time>2018-12-24T03:28:19Z</time></trkpt><trkpt lat="22.50036901" lon="114.07916797"><ele>5.536102294921875</ele><time>2018-12-24T03:28:20Z</time></trkpt><trkpt lat="22.50038905" lon="114.07917714"><ele>6.424774169921875</ele><time>2018-12-24T03:28:21Z</time></trkpt><trkpt lat="22.50041016" lon="114.0791825"><ele>6.87933349609375</ele><time>2018-12-24T03:28:22Z</time></trkpt><trkpt lat="22.50043254" lon="114.07918497"><ele>6.99273681640625</ele><time>2018-12-24T03:28:23Z</time></trkpt><trkpt lat="22.50045398" lon="114.07918321"><ele>7.018707275390625</ele><time>2018-12-24T03:28:24Z</time></trkpt><trkpt lat="22.50048865" lon="114.07918622"><ele>7.959808349609375</ele><time>2018-12-24T03:28:25Z</time></trkpt><trkpt lat="22.50052227" lon="114.07919563"><ele>6.8519287109375</ele><time>2018-12-24T03:28:26Z</time></trkpt><trkpt lat="22.50054903" lon="114.07920629"><ele>7.050384521484375</ele><time>2018-12-24T03:28:27Z</time></trkpt><trkpt lat="22.5005669" lon="114.07921667"><ele>6.953033447265625</ele><time>2018-12-24T03:28:28Z</time></trkpt><trkpt lat="22.50058478" lon="114.07922597"><ele>7.563934326171875</ele><time>2018-12-24T03:28:29Z</time></trkpt><trkpt lat="22.5006067" lon="114.0792346"><ele>7.455108642578125</ele><time>2018-12-24T03:28:30Z</time></trkpt><trkpt lat="22.50062592" lon="114.07924358"><ele>6.3681640625</ele><time>2018-12-24T03:28:32Z</time></trkpt><trkpt lat="22.50064772" lon="114.07925688"><ele>5.162994384765625</ele><time>2018-12-24T03:28:34Z</time></trkpt><trkpt lat="22.50065749" lon="114.07927326"><ele>5.09814453125</ele><time>2018-12-24T03:28:36Z</time></trkpt><trkpt lat="22.5006744" lon="114.07929611"><ele>5.657958984375</ele><time>2018-12-24T03:28:39Z</time></trkpt><trkpt lat="22.50069951" lon="114.07931356"><ele>4.93243408203125</ele><time>2018-12-24T03:28:41Z</time></trkpt><trkpt lat="22.50071546" lon="114.07932446"><ele>2.194671630859375</ele><time>2018-12-24T03:28:43Z</time></trkpt><trkpt lat="22.50073866" lon="114.07933635"><ele>-0.469970703125</ele><time>2018-12-24T03:28:46Z</time></trkpt><trkpt lat="22.50075785" lon="114.07934679"><ele>0.091339111328125</ele><time>2018-12-24T03:28:47Z</time></trkpt><trkpt lat="22.50077595" lon="114.07935768"><ele>-0.07244873046875</ele><time>2018-12-24T03:28:48Z</time></trkpt><trkpt lat="22.50079272" lon="114.07936752"><ele>-0.6142578125</ele><time>2018-12-24T03:28:49Z</time></trkpt><trkpt lat="22.50081944" lon="114.07937959"><ele>0.4451904296875</ele><time>2018-12-24T03:28:51Z</time></trkpt><trkpt lat="22.50084522" lon="114.07938313"><ele>0.56689453125</ele><time>2018-12-24T03:28:53Z</time></trkpt><trkpt lat="22.50086453" lon="114.07938314"><ele>0.6273193359375</ele><time>2018-12-24T03:28:55Z</time></trkpt><trkpt lat="22.50088475" lon="114.07937434"><ele>0.156707763671875</ele><time>2018-12-24T03:28:57Z</time></trkpt><trkpt lat="22.5009029" lon="114.07936452"><ele>-0.3240966796875</ele><time>2018-12-24T03:28:59Z</time></trkpt><trkpt lat="22.50092365" lon="114.07935267"><ele>-0.36944580078125</ele><time>2018-12-24T03:29:01Z</time></trkpt><trkpt lat="22.500938" lon="114.07934033"><ele>-1.54736328125</ele><time>2018-12-24T03:29:03Z</time></trkpt><trkpt lat="22.5009545" lon="114.07931958"><ele>-1.669586181640625</ele><time>2018-12-24T03:29:05Z</time></trkpt><trkpt lat="22.50097063" lon="114.07930713"><ele>-1.264068603515625</ele><time>2018-12-24T03:29:06Z</time></trkpt><trkpt lat="22.50099114" lon="114.07929415"><ele>-1.175628662109375</ele><time>2018-12-24T03:29:07Z</time></trkpt><trkpt lat="22.50101269" lon="114.07928072"><ele>0.061187744140625</ele><time>2018-12-24T03:29:08Z</time></trkpt><trkpt lat="22.50103225" lon="114.07927016"><ele>-0.212615966796875</ele><time>2018-12-24T03:29:09Z</time></trkpt><trkpt lat="22.50105114" lon="114.07925913"><ele>-0.47283935546875</ele><time>2018-12-24T03:29:10Z</time></trkpt><trkpt lat="22.50106817" lon="114.07925128"><ele>-0.46453857421875</ele><time>2018-12-24T03:29:11Z</time></trkpt><trkpt lat="22.5010892" lon="114.07925282"><ele>-0.162200927734375</ele><time>2018-12-24T03:29:13Z</time></trkpt><trkpt lat="22.50110984" lon="114.07926126"><ele>0.17059326171875</ele><time>2018-12-24T03:29:16Z</time></trkpt><trkpt lat="22.50111587" lon="114.07927964"><ele>3.024993896484375</ele><time>2018-12-24T03:29:26Z</time></trkpt><trkpt lat="22.50110979" lon="114.07929874"><ele>3.936553955078125</ele><time>2018-12-24T03:29:27Z</time></trkpt><trkpt lat="22.50109846" lon="114.07931636"><ele>5.408050537109375</ele><time>2018-12-24T03:29:29Z</time></trkpt><trkpt lat="22.50109376" lon="114.07933673"><ele>6.720611572265625</ele><time>2018-12-24T03:29:41Z</time></trkpt><trkpt lat="22.50107872" lon="114.07935024"><ele>8.56732177734375</ele><time>2018-12-24T03:29:48Z</time></trkpt><trkpt lat="22.50107552" lon="114.07936981"><ele>7.7752685546875</ele><time>2018-12-24T03:29:54Z</time></trkpt><trkpt lat="22.50107681" lon="114.07939935"><ele>7.1573486328125</ele><time>2018-12-24T03:30:03Z</time></trkpt><trkpt lat="22.50108275" lon="114.07941807"><ele>5.815338134765625</ele><time>2018-12-24T03:30:04Z</time></trkpt><trkpt lat="22.50109139" lon="114.07943722"><ele>4.660369873046875</ele><time>2018-12-24T03:30:05Z</time></trkpt><trkpt lat="22.50110181" lon="114.07945408"><ele>5.194427490234375</ele><time>2018-12-24T03:30:06Z</time></trkpt><trkpt lat="22.5011153" lon="114.07947072"><ele>5.3094482421875</ele><time>2018-12-24T03:30:07Z</time></trkpt><trkpt lat="22.50113453" lon="114.07949049"><ele>3.60858154296875</ele><time>2018-12-24T03:30:09Z</time></trkpt><trkpt lat="22.5011599" lon="114.07951351"><ele>4.141845703125</ele><time>2018-12-24T03:30:11Z</time></trkpt><trkpt lat="22.5011797" lon="114.07953158"><ele>4.16607666015625</ele><time>2018-12-24T03:30:13Z</time></trkpt><trkpt lat="22.50120497" lon="114.07954617"><ele>3.351226806640625</ele><time>2018-12-24T03:30:15Z</time></trkpt><trkpt lat="22.50122985" lon="114.07955737"><ele>5.317352294921875</ele><time>2018-12-24T03:30:17Z</time></trkpt><trkpt lat="22.5012474" lon="114.0795695"><ele>6.98297119140625</ele><time>2018-12-24T03:30:19Z</time></trkpt><trkpt lat="22.50126425" lon="114.07957676"><ele>6.8004150390625</ele><time>2018-12-24T03:30:21Z</time></trkpt><trkpt lat="22.50129962" lon="114.07959553"><ele>8.717926025390625</ele><time>2018-12-24T03:30:24Z</time></trkpt><trkpt lat="22.5013199" lon="114.07960611"><ele>9.3720703125</ele><time>2018-12-24T03:30:25Z</time></trkpt><trkpt lat="22.50134313" lon="114.07962031"><ele>9.789337158203125</ele><time>2018-12-24T03:30:27Z</time></trkpt><trkpt lat="22.5013618" lon="114.07963044"><ele>7.610992431640625</ele><time>2018-12-24T03:30:29Z</time></trkpt><trkpt lat="22.50138399" lon="114.07964438"><ele>5.73675537109375</ele><time>2018-12-24T03:30:32Z</time></trkpt><trkpt lat="22.50140728" lon="114.07966089"><ele>4.96441650390625</ele><time>2018-12-24T03:30:35Z</time></trkpt><trkpt lat="22.50142485" lon="114.07967792"><ele>3.67095947265625</ele><time>2018-12-24T03:30:38Z</time></trkpt><trkpt lat="22.50143883" lon="114.07969413"><ele>4.363006591796875</ele><time>2018-12-24T03:30:40Z</time></trkpt><trkpt lat="22.50146263" lon="114.0796985"><ele>3.771820068359375</ele><time>2018-12-24T03:30:42Z</time></trkpt><trkpt lat="22.50149228" lon="114.07970498"><ele>3.744354248046875</ele><time>2018-12-24T03:30:44Z</time></trkpt><trkpt lat="22.50151735" lon="114.07971515"><ele>3.210205078125</ele><time>2018-12-24T03:30:46Z</time></trkpt><trkpt lat="22.5015385" lon="114.07972615"><ele>2.551177978515625</ele><time>2018-12-24T03:30:48Z</time></trkpt><trkpt lat="22.50155972" lon="114.07973646"><ele>2.931121826171875</ele><time>2018-12-24T03:30:50Z</time></trkpt><trkpt lat="22.50157968" lon="114.07974534"><ele>2.25018310546875</ele><time>2018-12-24T03:30:52Z</time></trkpt><trkpt lat="22.50159644" lon="114.07975432"><ele>1.745819091796875</ele><time>2018-12-24T03:30:54Z</time></trkpt><trkpt lat="22.50161281" lon="114.07976969"><ele>1.832855224609375</ele><time>2018-12-24T03:30:56Z</time></trkpt><trkpt lat="22.50163168" lon="114.07978513"><ele>1.774627685546875</ele><time>2018-12-24T03:30:58Z</time></trkpt><trkpt lat="22.50165771" lon="114.07980343"><ele>4.212371826171875</ele><time>2018-12-24T03:31:00Z</time></trkpt><trkpt lat="22.50167955" lon="114.07981719"><ele>4.17840576171875</ele><time>2018-12-24T03:31:02Z</time></trkpt><trkpt lat="22.50170452" lon="114.07983585"><ele>5.389312744140625</ele><time>2018-12-24T03:31:05Z</time></trkpt><trkpt lat="22.50172134" lon="114.07985411"><ele>5.955810546875</ele><time>2018-12-24T03:31:07Z</time></trkpt><trkpt lat="22.50174025" lon="114.07987675"><ele>6.0035400390625</ele><time>2018-12-24T03:31:09Z</time></trkpt><trkpt lat="22.50175478" lon="114.07989063"><ele>6.303497314453125</ele><time>2018-12-24T03:31:10Z</time></trkpt><trkpt lat="22.50177387" lon="114.07991132"><ele>5.641448974609375</ele><time>2018-12-24T03:31:12Z</time></trkpt><trkpt lat="22.50179903" lon="114.0799396"><ele>5.573760986328125</ele><time>2018-12-24T03:31:14Z</time></trkpt><trkpt lat="22.50181668" lon="114.07995506"><ele>5.6328125</ele><time>2018-12-24T03:31:15Z</time></trkpt><trkpt lat="22.50183338" lon="114.07997192"><ele>5.514678955078125</ele><time>2018-12-24T03:31:16Z</time></trkpt><trkpt lat="22.50185468" lon="114.07998883"><ele>5.3048095703125</ele><time>2018-12-24T03:31:17Z</time></trkpt><trkpt lat="22.50187726" lon="114.08000374"><ele>5.012725830078125</ele><time>2018-12-24T03:31:18Z</time></trkpt><trkpt lat="22.50189929" lon="114.0800154"><ele>4.965057373046875</ele><time>2018-12-24T03:31:19Z</time></trkpt><trkpt lat="22.501919" lon="114.0800255"><ele>5.63385009765625</ele><time>2018-12-24T03:31:20Z</time></trkpt><trkpt lat="22.50193832" lon="114.08003226"><ele>6.06219482421875</ele><time>2018-12-24T03:31:21Z</time></trkpt><trkpt lat="22.50195846" lon="114.08003823"><ele>5.591888427734375</ele><time>2018-12-24T03:31:22Z</time></trkpt><trkpt lat="22.50198835" lon="114.08004616"><ele>4.512298583984375</ele><time>2018-12-24T03:31:24Z</time></trkpt><trkpt lat="22.50202187" lon="114.08005166"><ele>2.4522705078125</ele><time>2018-12-24T03:31:26Z</time></trkpt><trkpt lat="22.50204089" lon="114.08005121"><ele>3.897674560546875</ele><time>2018-12-24T03:31:27Z</time></trkpt><trkpt lat="22.50205931" lon="114.0800455"><ele>4.806854248046875</ele><time>2018-12-24T03:31:28Z</time></trkpt><trkpt lat="22.50208421" lon="114.08002657"><ele>4.70452880859375</ele><time>2018-12-24T03:31:30Z</time></trkpt><trkpt lat="22.50210593" lon="114.0800188"><ele>5.109771728515625</ele><time>2018-12-24T03:31:33Z</time></trkpt><trkpt lat="22.50211799" lon="114.08004488"><ele>2.50537109375</ele><time>2018-12-24T03:31:35Z</time></trkpt><trkpt lat="22.50212863" lon="114.08006328"><ele>1.406158447265625</ele><time>2018-12-24T03:31:38Z</time></trkpt><trkpt lat="22.50214071" lon="114.08007829"><ele>1.932159423828125</ele><time>2018-12-24T03:31:41Z</time></trkpt><trkpt lat="22.50216725" lon="114.08010708"><ele>6.18157958984375</ele><time>2018-12-24T03:31:43Z</time></trkpt><trkpt lat="22.50218657" lon="114.08011624"><ele>8.7391357421875</ele><time>2018-12-24T03:31:44Z</time></trkpt><trkpt lat="22.50221975" lon="114.08012015"><ele>6.685211181640625</ele><time>2018-12-24T03:31:45Z</time></trkpt><trkpt lat="22.50224618" lon="114.08012064"><ele>7.054656982421875</ele><time>2018-12-24T03:31:47Z</time></trkpt><trkpt lat="22.5022668" lon="114.08013171"><ele>7.103729248046875</ele><time>2018-12-24T03:31:50Z</time></trkpt><trkpt lat="22.5022632" lon="114.08015701"><ele>4.92950439453125</ele><time>2018-12-24T03:32:03Z</time></trkpt><trkpt lat="22.50226718" lon="114.08018346"><ele>2.273773193359375</ele><time>2018-12-24T03:32:06Z</time></trkpt><trkpt lat="22.5022695" lon="114.08021275"><ele>4.39215087890625</ele><time>2018-12-24T03:32:09Z</time></trkpt><trkpt lat="22.50225935" lon="114.0802302"><ele>3.866607666015625</ele><time>2018-12-24T03:32:10Z</time></trkpt><trkpt lat="22.50224287" lon="114.08025108"><ele>3.126190185546875</ele><time>2018-12-24T03:32:12Z</time></trkpt><trkpt lat="22.50223155" lon="114.08027509"><ele>2.6859130859375</ele><time>2018-12-24T03:32:15Z</time></trkpt><trkpt lat="22.50223185" lon="114.08030447"><ele>5.802215576171875</ele><time>2018-12-24T03:32:17Z</time></trkpt><trkpt lat="22.50224588" lon="114.08033094"><ele>5.150177001953125</ele><time>2018-12-24T03:32:19Z</time></trkpt><trkpt lat="22.5022633" lon="114.08035666"><ele>3.473602294921875</ele><time>2018-12-24T03:32:21Z</time></trkpt><trkpt lat="22.50228172" lon="114.08038333"><ele>3.54290771484375</ele><time>2018-12-24T03:32:23Z</time></trkpt><trkpt lat="22.5023011" lon="114.08040919"><ele>2.223846435546875</ele><time>2018-12-24T03:32:25Z</time></trkpt><trkpt lat="22.50231954" lon="114.08043345"><ele>0.52264404296875</ele><time>2018-12-24T03:32:27Z</time></trkpt><trkpt lat="22.5023374" lon="114.08045744"><ele>1.712127685546875</ele><time>2018-12-24T03:32:29Z</time></trkpt><trkpt lat="22.50235745" lon="114.08047799"><ele>1.841796875</ele><time>2018-12-24T03:32:31Z</time></trkpt><trkpt lat="22.50237308" lon="114.080492"><ele>5.2203369140625</ele><time>2018-12-24T03:32:33Z</time></trkpt><trkpt lat="22.50240045" lon="114.08050379"><ele>4.840606689453125</ele><time>2018-12-24T03:32:36Z</time></trkpt><trkpt lat="22.50242209" lon="114.08050838"><ele>5.729644775390625</ele><time>2018-12-24T03:32:38Z</time></trkpt><trkpt lat="22.50244452" lon="114.08051804"><ele>5.520111083984375</ele><time>2018-12-24T03:32:39Z</time></trkpt><trkpt lat="22.50247219" lon="114.08053222"><ele>6.53387451171875</ele><time>2018-12-24T03:32:40Z</time></trkpt><trkpt lat="22.50249336" lon="114.08054865"><ele>8.22357177734375</ele><time>2018-12-24T03:32:41Z</time></trkpt><trkpt lat="22.50250813" lon="114.0805642"><ele>8.566986083984375</ele><time>2018-12-24T03:32:42Z</time></trkpt><trkpt lat="22.50252223" lon="114.08058987"><ele>7.637664794921875</ele><time>2018-12-24T03:32:44Z</time></trkpt><trkpt lat="22.5025199" lon="114.0806134"><ele>6.105926513671875</ele><time>2018-12-24T03:32:46Z</time></trkpt><trkpt lat="22.50251344" lon="114.08063223"><ele>5.027587890625</ele><time>2018-12-24T03:32:48Z</time></trkpt><trkpt lat="22.50250806" lon="114.08065312"><ele>5.041168212890625</ele><time>2018-12-24T03:32:51Z</time></trkpt><trkpt lat="22.50252739" lon="114.08067876"><ele>5.113525390625</ele><time>2018-12-24T03:32:59Z</time></trkpt><trkpt lat="22.50254973" lon="114.08068403"><ele>5.062896728515625</ele><time>2018-12-24T03:33:00Z</time></trkpt><trkpt lat="22.50257062" lon="114.08068942"><ele>5.07421875</ele><time>2018-12-24T03:33:01Z</time></trkpt><trkpt lat="22.50259168" lon="114.08068981"><ele>5.017730712890625</ele><time>2018-12-24T03:33:02Z</time></trkpt><trkpt lat="22.50261382" lon="114.0806804"><ele>4.951812744140625</ele><time>2018-12-24T03:33:03Z</time></trkpt><trkpt lat="22.50262927" lon="114.08069359"><ele>4.092620849609375</ele><time>2018-12-24T03:33:05Z</time></trkpt><trkpt lat="22.50263069" lon="114.08072611"><ele>4.211090087890625</ele><time>2018-12-24T03:33:07Z</time></trkpt><trkpt lat="22.50262538" lon="114.08075843"><ele>4.29345703125</ele><time>2018-12-24T03:33:08Z</time></trkpt><trkpt lat="22.50263187" lon="114.08078843"><ele>6.1019287109375</ele><time>2018-12-24T03:33:09Z</time></trkpt><trkpt lat="22.50264601" lon="114.08081899"><ele>6.38531494140625</ele><time>2018-12-24T03:33:10Z</time></trkpt><trkpt lat="22.50266346" lon="114.08083971"><ele>7.4840087890625</ele><time>2018-12-24T03:33:11Z</time></trkpt><trkpt lat="22.5026873" lon="114.08085998"><ele>9.330963134765625</ele><time>2018-12-24T03:33:12Z</time></trkpt><trkpt lat="22.50270508" lon="114.08087154"><ele>7.01239013671875</ele><time>2018-12-24T03:33:13Z</time></trkpt><trkpt lat="22.50272564" lon="114.08089004"><ele>8.793792724609375</ele><time>2018-12-24T03:33:15Z</time></trkpt><trkpt lat="22.5027424" lon="114.08091603"><ele>10.1124267578125</ele><time>2018-12-24T03:33:17Z</time></trkpt><trkpt lat="22.50276207" lon="114.08094169"><ele>9.577789306640625</ele><time>2018-12-24T03:33:19Z</time></trkpt><trkpt lat="22.50278566" lon="114.08096329"><ele>10.232666015625</ele><time>2018-12-24T03:33:21Z</time></trkpt><trkpt lat="22.50280242" lon="114.0809879"><ele>10.222991943359375</ele><time>2018-12-24T03:33:23Z</time></trkpt><trkpt lat="22.50281551" lon="114.08101014"><ele>9.7239990234375</ele><time>2018-12-24T03:33:26Z</time></trkpt><trkpt lat="22.50282968" lon="114.08102507"><ele>9.468017578125</ele><time>2018-12-24T03:33:27Z</time></trkpt><trkpt lat="22.502853" lon="114.08104653"><ele>9.657806396484375</ele><time>2018-12-24T03:33:29Z</time></trkpt><trkpt lat="22.50286898" lon="114.08106739"><ele>8.28057861328125</ele><time>2018-12-24T03:33:31Z</time></trkpt><trkpt lat="22.50288479" lon="114.08108717"><ele>8.4671630859375</ele><time>2018-12-24T03:33:33Z</time></trkpt><trkpt lat="22.50289792" lon="114.08110538"><ele>7.84564208984375</ele><time>2018-12-24T03:33:36Z</time></trkpt><trkpt lat="22.50289493" lon="114.08113324"><ele>11.290283203125</ele><time>2018-12-24T03:33:39Z</time></trkpt><trkpt lat="22.50290434" lon="114.08116671"><ele>9.296722412109375</ele><time>2018-12-24T03:33:41Z</time></trkpt><trkpt lat="22.50292116" lon="114.08119396"><ele>8.634246826171875</ele><time>2018-12-24T03:33:43Z</time></trkpt><trkpt lat="22.50292843" lon="114.08121549"><ele>10.552581787109375</ele><time>2018-12-24T03:33:45Z</time></trkpt><trkpt lat="22.50293818" lon="114.08124506"><ele>8.748443603515625</ele><time>2018-12-24T03:33:47Z</time></trkpt><trkpt lat="22.50294937" lon="114.08126105"><ele>8.983551025390625</ele><time>2018-12-24T03:33:48Z</time></trkpt><trkpt lat="22.50296397" lon="114.08127685"><ele>7.5635986328125</ele><time>2018-12-24T03:33:49Z</time></trkpt><trkpt lat="22.50298666" lon="114.08130146"><ele>7.5029296875</ele><time>2018-12-24T03:33:51Z</time></trkpt><trkpt lat="22.50300683" lon="114.08132444"><ele>6.21807861328125</ele><time>2018-12-24T03:33:53Z</time></trkpt><trkpt lat="22.50302596" lon="114.08134427"><ele>5.318511962890625</ele><time>2018-12-24T03:33:55Z</time></trkpt><trkpt lat="22.50304387" lon="114.0813723"><ele>4.40093994140625</ele><time>2018-12-24T03:33:57Z</time></trkpt><trkpt lat="22.5030576" lon="114.08139273"><ele>4.70159912109375</ele><time>2018-12-24T03:33:59Z</time></trkpt><trkpt lat="22.50307189" lon="114.08141648"><ele>5.276611328125</ele><time>2018-12-24T03:34:01Z</time></trkpt><trkpt lat="22.50308677" lon="114.08144588"><ele>4.420257568359375</ele><time>2018-12-24T03:34:03Z</time></trkpt><trkpt lat="22.50309879" lon="114.08146535"><ele>3.306365966796875</ele><time>2018-12-24T03:34:05Z</time></trkpt><trkpt lat="22.50312257" lon="114.08149538"><ele>3.028778076171875</ele><time>2018-12-24T03:34:07Z</time></trkpt><trkpt lat="22.50314664" lon="114.08151583"><ele>4.535919189453125</ele><time>2018-12-24T03:34:09Z</time></trkpt><trkpt lat="22.50316379" lon="114.08154964"><ele>4.49371337890625</ele><time>2018-12-24T03:34:11Z</time></trkpt><trkpt lat="22.50317579" lon="114.0815685"><ele>2.722564697265625</ele><time>2018-12-24T03:34:12Z</time></trkpt><trkpt lat="22.50320163" lon="114.08158911"><ele>1.9158935546875</ele><time>2018-12-24T03:34:14Z</time></trkpt><trkpt lat="22.50322688" lon="114.08160278"><ele>1.538970947265625</ele><time>2018-12-24T03:34:16Z</time></trkpt><trkpt lat="22.50324465" lon="114.08161414"><ele>1.485870361328125</ele><time>2018-12-24T03:34:18Z</time></trkpt><trkpt lat="22.50326016" lon="114.08163322"><ele>3.229949951171875</ele><time>2018-12-24T03:34:20Z</time></trkpt><trkpt lat="22.50327663" lon="114.08164977"><ele>6.536376953125</ele><time>2018-12-24T03:34:22Z</time></trkpt><trkpt lat="22.50329028" lon="114.08167628"><ele>7.06304931640625</ele><time>2018-12-24T03:34:24Z</time></trkpt><trkpt lat="22.50330869" lon="114.08170099"><ele>7.228790283203125</ele><time>2018-12-24T03:34:26Z</time></trkpt><trkpt lat="22.50332881" lon="114.08172306"><ele>7.33648681640625</ele><time>2018-12-24T03:34:28Z</time></trkpt><trkpt lat="22.50333598" lon="114.08174272"><ele>8.132965087890625</ele><time>2018-12-24T03:34:30Z</time></trkpt><trkpt lat="22.5033455" lon="114.081769"><ele>8.10137939453125</ele><time>2018-12-24T03:34:32Z</time></trkpt><trkpt lat="22.50336115" lon="114.08179311"><ele>8.980438232421875</ele><time>2018-12-24T03:34:34Z</time></trkpt><trkpt lat="22.50338888" lon="114.08182177"><ele>9.673248291015625</ele><time>2018-12-24T03:34:36Z</time></trkpt><trkpt lat="22.50340182" lon="114.08184215"><ele>11.392425537109375</ele><time>2018-12-24T03:34:37Z</time></trkpt><trkpt lat="22.50341352" lon="114.08187514"><ele>11.481842041015625</ele><time>2018-12-24T03:34:39Z</time></trkpt><trkpt lat="22.50341696" lon="114.08190777"><ele>9.677490234375</ele><time>2018-12-24T03:34:41Z</time></trkpt><trkpt lat="22.50342955" lon="114.08193107"><ele>8.524993896484375</ele><time>2018-12-24T03:34:43Z</time></trkpt><trkpt lat="22.50344352" lon="114.0819461"><ele>7.498779296875</ele><time>2018-12-24T03:34:44Z</time></trkpt><trkpt lat="22.50345665" lon="114.08196147"><ele>7.605316162109375</ele><time>2018-12-24T03:34:45Z</time></trkpt><trkpt lat="22.5034767" lon="114.08199145"><ele>7.657562255859375</ele><time>2018-12-24T03:34:47Z</time></trkpt><trkpt lat="22.50348596" lon="114.08201386"><ele>8.40283203125</ele><time>2018-12-24T03:34:48Z</time></trkpt><trkpt lat="22.50349416" lon="114.08203166"><ele>7.054534912109375</ele><time>2018-12-24T03:34:49Z</time></trkpt><trkpt lat="22.50349746" lon="114.08206181"><ele>4.84136962890625</ele><time>2018-12-24T03:34:51Z</time></trkpt><trkpt lat="22.50349696" lon="114.08208379"><ele>3.428070068359375</ele><time>2018-12-24T03:34:53Z</time></trkpt><trkpt lat="22.50349915" lon="114.082115"><ele>3.313690185546875</ele><time>2018-12-24T03:34:55Z</time></trkpt><trkpt lat="22.50349934" lon="114.08214488"><ele>3.72705078125</ele><time>2018-12-24T03:34:57Z</time></trkpt><trkpt lat="22.5035003" lon="114.08217186"><ele>5.950347900390625</ele><time>2018-12-24T03:34:59Z</time></trkpt><trkpt lat="22.50350858" lon="114.08219529"><ele>6.2952880859375</ele><time>2018-12-24T03:35:01Z</time></trkpt><trkpt lat="22.5035179" lon="114.08222297"><ele>6.41412353515625</ele><time>2018-12-24T03:35:03Z</time></trkpt><trkpt lat="22.50352452" lon="114.08225292"><ele>5.629669189453125</ele><time>2018-12-24T03:35:05Z</time></trkpt><trkpt lat="22.5035387" lon="114.08227729"><ele>7.003753662109375</ele><time>2018-12-24T03:35:07Z</time></trkpt><trkpt lat="22.50356333" lon="114.0823042"><ele>7.51507568359375</ele><time>2018-12-24T03:35:09Z</time></trkpt><trkpt lat="22.50358513" lon="114.08232444"><ele>6.28125</ele><time>2018-12-24T03:35:11Z</time></trkpt><trkpt lat="22.50360592" lon="114.08234546"><ele>5.080841064453125</ele><time>2018-12-24T03:35:13Z</time></trkpt><trkpt lat="22.50362923" lon="114.08237398"><ele>4.39312744140625</ele><time>2018-12-24T03:35:15Z</time></trkpt><trkpt lat="22.50365267" lon="114.08239542"><ele>3.8890380859375</ele><time>2018-12-24T03:35:17Z</time></trkpt><trkpt lat="22.5036715" lon="114.08241925"><ele>5.205657958984375</ele><time>2018-12-24T03:35:19Z</time></trkpt><trkpt lat="22.50367978" lon="114.08244066"><ele>4.123138427734375</ele><time>2018-12-24T03:35:21Z</time></trkpt><trkpt lat="22.50368279" lon="114.0824794"><ele>4.845703125</ele><time>2018-12-24T03:35:23Z</time></trkpt><trkpt lat="22.50368319" lon="114.08250096"><ele>3.341796875</ele><time>2018-12-24T03:35:24Z</time></trkpt><trkpt lat="22.50369089" lon="114.08253667"><ele>6.1126708984375</ele><time>2018-12-24T03:35:26Z</time></trkpt><trkpt lat="22.50369927" lon="114.08255531"><ele>5.826873779296875</ele><time>2018-12-24T03:35:27Z</time></trkpt><trkpt lat="22.50370959" lon="114.08257471"><ele>5.471099853515625</ele><time>2018-12-24T03:35:28Z</time></trkpt><trkpt lat="22.50372037" lon="114.08259491"><ele>5.4984130859375</ele><time>2018-12-24T03:35:29Z</time></trkpt><trkpt lat="22.50373011" lon="114.08261176"><ele>5.67840576171875</ele><time>2018-12-24T03:35:30Z</time></trkpt><trkpt lat="22.50374589" lon="114.08263351"><ele>3.7269287109375</ele><time>2018-12-24T03:35:32Z</time></trkpt><trkpt lat="22.50375822" lon="114.08266166"><ele>5.203094482421875</ele><time>2018-12-24T03:35:34Z</time></trkpt><trkpt lat="22.50376801" lon="114.08267899"><ele>6.053680419921875</ele><time>2018-12-24T03:35:36Z</time></trkpt><trkpt lat="22.50378598" lon="114.08269802"><ele>4.919036865234375</ele><time>2018-12-24T03:35:38Z</time></trkpt><trkpt lat="22.5038104" lon="114.08271761"><ele>4.0391845703125</ele><time>2018-12-24T03:35:40Z</time></trkpt><trkpt lat="22.50382955" lon="114.0827292"><ele>4.11871337890625</ele><time>2018-12-24T03:35:41Z</time></trkpt><trkpt lat="22.50384522" lon="114.08273906"><ele>4.33221435546875</ele><time>2018-12-24T03:35:42Z</time></trkpt><trkpt lat="22.50387024" lon="114.08274968"><ele>5.308074951171875</ele><time>2018-12-24T03:35:44Z</time></trkpt><trkpt lat="22.50389167" lon="114.08274182"><ele>5.041961669921875</ele><time>2018-12-24T03:35:46Z</time></trkpt><trkpt lat="22.5039153" lon="114.08272731"><ele>3.7059326171875</ele><time>2018-12-24T03:35:48Z</time></trkpt><trkpt lat="22.50392897" lon="114.08270657"><ele>5.82940673828125</ele><time>2018-12-24T03:35:50Z</time></trkpt><trkpt lat="22.50393968" lon="114.08268748"><ele>5.544647216796875</ele><time>2018-12-24T03:35:52Z</time></trkpt><trkpt lat="22.50395632" lon="114.08266723"><ele>5.901275634765625</ele><time>2018-12-24T03:35:54Z</time></trkpt><trkpt lat="22.50397331" lon="114.08265126"><ele>3.95404052734375</ele><time>2018-12-24T03:35:56Z</time></trkpt><trkpt lat="22.5039888" lon="114.0826273"><ele>9.30780029296875</ele><time>2018-12-24T03:36:03Z</time></trkpt><trkpt lat="22.50400518" lon="114.08259882"><ele>8.668060302734375</ele><time>2018-12-24T03:36:05Z</time></trkpt><trkpt lat="22.50402035" lon="114.0825841"><ele>9.21112060546875</ele><time>2018-12-24T03:36:06Z</time></trkpt><trkpt lat="22.50404858" lon="114.08256582"><ele>8.892181396484375</ele><time>2018-12-24T03:36:08Z</time></trkpt><trkpt lat="22.50406565" lon="114.08255697"><ele>8.5810546875</ele><time>2018-12-24T03:36:09Z</time></trkpt><trkpt lat="22.5040915" lon="114.0825327"><ele>6.71331787109375</ele><time>2018-12-24T03:36:11Z</time></trkpt><trkpt lat="22.50410242" lon="114.08251711"><ele>6.66650390625</ele><time>2018-12-24T03:36:12Z</time></trkpt><trkpt lat="22.50412754" lon="114.08248896"><ele>7.069427490234375</ele><time>2018-12-24T03:36:14Z</time></trkpt><trkpt lat="22.5041418" lon="114.08247574"><ele>6.672088623046875</ele><time>2018-12-24T03:36:15Z</time></trkpt><trkpt lat="22.50416568" lon="114.08245504"><ele>3.8892822265625</ele><time>2018-12-24T03:36:17Z</time></trkpt><trkpt lat="22.50418578" lon="114.08242792"><ele>2.74432373046875</ele><time>2018-12-24T03:36:19Z</time></trkpt><trkpt lat="22.5042019" lon="114.08239756"><ele>3.68170166015625</ele><time>2018-12-24T03:36:21Z</time></trkpt><trkpt lat="22.50420972" lon="114.08237186"><ele>5.840606689453125</ele><time>2018-12-24T03:36:24Z</time></trkpt><trkpt lat="22.50421337" lon="114.08235199"><ele>7.237060546875</ele><time>2018-12-24T03:36:26Z</time></trkpt><trkpt lat="22.50421976" lon="114.08232841"><ele>6.347442626953125</ele><time>2018-12-24T03:36:29Z</time></trkpt><trkpt lat="22.50423393" lon="114.08230501"><ele>8.235076904296875</ele><time>2018-12-24T03:36:31Z</time></trkpt><trkpt lat="22.50424463" lon="114.08226856"><ele>4.39874267578125</ele><time>2018-12-24T03:36:33Z</time></trkpt><trkpt lat="22.50425765" lon="114.08223832"><ele>4.95660400390625</ele><time>2018-12-24T03:36:35Z</time></trkpt><trkpt lat="22.50427003" lon="114.08220984"><ele>6.093658447265625</ele><time>2018-12-24T03:36:37Z</time></trkpt><trkpt lat="22.50427767" lon="114.08218343"><ele>7.297637939453125</ele><time>2018-12-24T03:36:39Z</time></trkpt><trkpt lat="22.50428561" lon="114.08215042"><ele>3.8446044921875</ele><time>2018-12-24T03:36:41Z</time></trkpt><trkpt lat="22.50428868" lon="114.08212436"><ele>4.835113525390625</ele><time>2018-12-24T03:36:43Z</time></trkpt><trkpt lat="22.50429317" lon="114.08210514"><ele>4.25103759765625</ele><time>2018-12-24T03:36:46Z</time></trkpt><trkpt lat="22.50430577" lon="114.08207535"><ele>3.092987060546875</ele><time>2018-12-24T03:36:49Z</time></trkpt><trkpt lat="22.50430551" lon="114.08204646"><ele>4.588775634765625</ele><time>2018-12-24T03:36:51Z</time></trkpt><trkpt lat="22.50430577" lon="114.08201672"><ele>3.16693115234375</ele><time>2018-12-24T03:36:53Z</time></trkpt><trkpt lat="22.50430947" lon="114.08198717"><ele>4.048065185546875</ele><time>2018-12-24T03:36:55Z</time></trkpt><trkpt lat="22.50431794" lon="114.08194868"><ele>3.628631591796875</ele><time>2018-12-24T03:36:57Z</time></trkpt><trkpt lat="22.5043224" lon="114.08192873"><ele>3.495819091796875</ele><time>2018-12-24T03:36:58Z</time></trkpt><trkpt lat="22.50433096" lon="114.08189145"><ele>2.638153076171875</ele><time>2018-12-24T03:37:00Z</time></trkpt><trkpt lat="22.504343" lon="114.08185358"><ele>2.7467041015625</ele><time>2018-12-24T03:37:02Z</time></trkpt><trkpt lat="22.50435011" lon="114.08183274"><ele>4.04644775390625</ele><time>2018-12-24T03:37:03Z</time></trkpt><trkpt lat="22.50435617" lon="114.08181023"><ele>4.70574951171875</ele><time>2018-12-24T03:37:04Z</time></trkpt><trkpt lat="22.50436152" lon="114.08178845"><ele>4.08026123046875</ele><time>2018-12-24T03:37:05Z</time></trkpt><trkpt lat="22.50436279" lon="114.08175451"><ele>6.35540771484375</ele><time>2018-12-24T03:37:07Z</time></trkpt><trkpt lat="22.50436512" lon="114.08173303"><ele>6.529052734375</ele><time>2018-12-24T03:37:10Z</time></trkpt><trkpt lat="22.5043452" lon="114.08173223"><ele>5.153533935546875</ele><time>2018-12-24T03:37:14Z</time></trkpt><trkpt lat="22.50434278" lon="114.08169814"><ele>5.143524169921875</ele><time>2018-12-24T03:37:33Z</time></trkpt><trkpt lat="22.50434979" lon="114.08166933"><ele>5.04058837890625</ele><time>2018-12-24T03:37:35Z</time></trkpt><trkpt lat="22.50435563" lon="114.08164417"><ele>6.34381103515625</ele><time>2018-12-24T03:37:37Z</time></trkpt><trkpt lat="22.50436396" lon="114.08161581"><ele>5.560150146484375</ele><time>2018-12-24T03:37:39Z</time></trkpt><trkpt lat="22.50437434" lon="114.08159055"><ele>5.73406982421875</ele><time>2018-12-24T03:37:41Z</time></trkpt><trkpt lat="22.50437966" lon="114.08155566"><ele>4.195404052734375</ele><time>2018-12-24T03:37:43Z</time></trkpt><trkpt lat="22.50438513" lon="114.08151931"><ele>3.358062744140625</ele><time>2018-12-24T03:37:45Z</time></trkpt><trkpt lat="22.50438742" lon="114.08148474"><ele>5.09130859375</ele><time>2018-12-24T03:37:47Z</time></trkpt><trkpt lat="22.50437814" lon="114.08145542"><ele>6.116485595703125</ele><time>2018-12-24T03:37:50Z</time></trkpt><trkpt lat="22.50438121" lon="114.08143126"><ele>4.918121337890625</ele><time>2018-12-24T03:37:52Z</time></trkpt><trkpt lat="22.50438942" lon="114.08140305"><ele>5.492889404296875</ele><time>2018-12-24T03:37:54Z</time></trkpt><trkpt lat="22.50440279" lon="114.08137202"><ele>5.328643798828125</ele><time>2018-12-24T03:37:56Z</time></trkpt><trkpt lat="22.50441868" lon="114.08134476"><ele>7.835693359375</ele><time>2018-12-24T03:37:58Z</time></trkpt><trkpt lat="22.50443188" lon="114.08131037"><ele>11.57318115234375</ele><time>2018-12-24T03:38:00Z</time></trkpt><trkpt lat="22.50444141" lon="114.08128408"><ele>9.878936767578125</ele><time>2018-12-24T03:38:02Z</time></trkpt><trkpt lat="22.50444548" lon="114.08126026"><ele>11.96319580078125</ele><time>2018-12-24T03:38:04Z</time></trkpt><trkpt lat="22.50445498" lon="114.08123048"><ele>12.39971923828125</ele><time>2018-12-24T03:38:06Z</time></trkpt><trkpt lat="22.50446531" lon="114.08120544"><ele>12.3118896484375</ele><time>2018-12-24T03:38:08Z</time></trkpt><trkpt lat="22.50447442" lon="114.08118007"><ele>10.99468994140625</ele><time>2018-12-24T03:38:10Z</time></trkpt><trkpt lat="22.50448646" lon="114.08115856"><ele>8.2279052734375</ele><time>2018-12-24T03:38:12Z</time></trkpt><trkpt lat="22.50449455" lon="114.08113962"><ele>5.05963134765625</ele><time>2018-12-24T03:38:16Z</time></trkpt><trkpt lat="22.50450175" lon="114.08112063"><ele>4.1573486328125</ele><time>2018-12-24T03:38:18Z</time></trkpt><trkpt lat="22.50451117" lon="114.08109807"><ele>3.548858642578125</ele><time>2018-12-24T03:38:20Z</time></trkpt><trkpt lat="22.50451737" lon="114.08107828"><ele>3.382171630859375</ele><time>2018-12-24T03:38:23Z</time></trkpt><trkpt lat="22.50452242" lon="114.0810525"><ele>4.2850341796875</ele><time>2018-12-24T03:38:25Z</time></trkpt><trkpt lat="22.50453221" lon="114.08102264"><ele>2.79937744140625</ele><time>2018-12-24T03:38:27Z</time></trkpt><trkpt lat="22.50454389" lon="114.08099746"><ele>2.156005859375</ele><time>2018-12-24T03:38:29Z</time></trkpt><trkpt lat="22.50456528" lon="114.0809659"><ele>3.055389404296875</ele><time>2018-12-24T03:38:31Z</time></trkpt><trkpt lat="22.50457761" lon="114.08094839"><ele>4.55096435546875</ele><time>2018-12-24T03:38:32Z</time></trkpt><trkpt lat="22.50459624" lon="114.08092415"><ele>3.75830078125</ele><time>2018-12-24T03:38:34Z</time></trkpt><trkpt lat="22.50461774" lon="114.08090366"><ele>3.71563720703125</ele><time>2018-12-24T03:38:36Z</time></trkpt><trkpt lat="22.50463759" lon="114.08088463"><ele>3.73797607421875</ele><time>2018-12-24T03:38:38Z</time></trkpt><trkpt lat="22.50466014" lon="114.08086383"><ele>4.188720703125</ele><time>2018-12-24T03:38:40Z</time></trkpt><trkpt lat="22.50467485" lon="114.08084536"><ele>3.57867431640625</ele><time>2018-12-24T03:38:43Z</time></trkpt><trkpt lat="22.50468939" lon="114.08082133"><ele>4.02423095703125</ele><time>2018-12-24T03:38:47Z</time></trkpt><trkpt lat="22.50470588" lon="114.08080159"><ele>3.144775390625</ele><time>2018-12-24T03:38:49Z</time></trkpt><trkpt lat="22.50473623" lon="114.08078399"><ele>4.33843994140625</ele><time>2018-12-24T03:38:51Z</time></trkpt><trkpt lat="22.50475509" lon="114.08077638"><ele>5.190673828125</ele><time>2018-12-24T03:38:52Z</time></trkpt><trkpt lat="22.50478421" lon="114.08076976"><ele>5.376678466796875</ele><time>2018-12-24T03:38:54Z</time></trkpt><trkpt lat="22.50479904" lon="114.080755"><ele>4.522735595703125</ele><time>2018-12-24T03:38:56Z</time></trkpt><trkpt lat="22.50481388" lon="114.0807291"><ele>4.667449951171875</ele><time>2018-12-24T03:38:58Z</time></trkpt><trkpt lat="22.50483699" lon="114.08070901"><ele>5.07781982421875</ele><time>2018-12-24T03:39:00Z</time></trkpt><trkpt lat="22.50485332" lon="114.08069487"><ele>4.634674072265625</ele><time>2018-12-24T03:39:01Z</time></trkpt><trkpt lat="22.5048664" lon="114.08067928"><ele>3.166290283203125</ele><time>2018-12-24T03:39:02Z</time></trkpt><trkpt lat="22.50487865" lon="114.08065786"><ele>4.112335205078125</ele><time>2018-12-24T03:39:04Z</time></trkpt><trkpt lat="22.50489603" lon="114.08063076"><ele>3.399627685546875</ele><time>2018-12-24T03:39:07Z</time></trkpt><trkpt lat="22.50491603" lon="114.08061721"><ele>3.1812744140625</ele><time>2018-12-24T03:39:09Z</time></trkpt><trkpt lat="22.50493381" lon="114.08060137"><ele>1.981353759765625</ele><time>2018-12-24T03:39:11Z</time></trkpt><trkpt lat="22.50496752" lon="114.08057987"><ele>1.857574462890625</ele><time>2018-12-24T03:39:13Z</time></trkpt><trkpt lat="22.50498664" lon="114.08057069"><ele>1.93927001953125</ele><time>2018-12-24T03:39:14Z</time></trkpt><trkpt lat="22.50500629" lon="114.08056706"><ele>1.95916748046875</ele><time>2018-12-24T03:39:15Z</time></trkpt><trkpt lat="22.50503199" lon="114.08055853"><ele>0.982147216796875</ele><time>2018-12-24T03:39:16Z</time></trkpt><trkpt lat="22.50505189" lon="114.08054977"><ele>2.21978759765625</ele><time>2018-12-24T03:39:17Z</time></trkpt><trkpt lat="22.505077" lon="114.08053868"><ele>0.583343505859375</ele><time>2018-12-24T03:39:19Z</time></trkpt><trkpt lat="22.5051082" lon="114.08052797"><ele>-1.473297119140625</ele><time>2018-12-24T03:39:21Z</time></trkpt><trkpt lat="22.50514054" lon="114.08051667"><ele>-2.01373291015625</ele><time>2018-12-24T03:39:23Z</time></trkpt><trkpt lat="22.50516932" lon="114.08050885"><ele>0.2479248046875</ele><time>2018-12-24T03:39:25Z</time></trkpt><trkpt lat="22.50518721" lon="114.08050312"><ele>-0.45001220703125</ele><time>2018-12-24T03:39:26Z</time></trkpt><trkpt lat="22.50520562" lon="114.08049785"><ele>-0.6993408203125</ele><time>2018-12-24T03:39:27Z</time></trkpt><trkpt lat="22.50523137" lon="114.0804837"><ele>-0.128936767578125</ele><time>2018-12-24T03:39:29Z</time></trkpt><trkpt lat="22.50525669" lon="114.08046809"><ele>-2.923919677734375</ele><time>2018-12-24T03:39:31Z</time></trkpt><trkpt lat="22.5052721" lon="114.0804551"><ele>-2.935577392578125</ele><time>2018-12-24T03:39:32Z</time></trkpt><trkpt lat="22.50528846" lon="114.0804417"><ele>-2.268463134765625</ele><time>2018-12-24T03:39:33Z</time></trkpt><trkpt lat="22.50530534" lon="114.08042973"><ele>-3.073699951171875</ele><time>2018-12-24T03:39:34Z</time></trkpt><trkpt lat="22.50532559" lon="114.08042016"><ele>-2.04254150390625</ele><time>2018-12-24T03:39:35Z</time></trkpt><trkpt lat="22.50534383" lon="114.08041069"><ele>-3.724517822265625</ele><time>2018-12-24T03:39:36Z</time></trkpt><trkpt lat="22.5053663" lon="114.08039313"><ele>-5.698760986328125</ele><time>2018-12-24T03:39:38Z</time></trkpt><trkpt lat="22.50538579" lon="114.08037756"><ele>-5.930328369140625</ele><time>2018-12-24T03:39:40Z</time></trkpt><trkpt lat="22.50540895" lon="114.08036568"><ele>-6.16705322265625</ele><time>2018-12-24T03:39:42Z</time></trkpt><trkpt lat="22.50544193" lon="114.08034912"><ele>-4.877899169921875</ele><time>2018-12-24T03:39:44Z</time></trkpt><trkpt lat="22.50545922" lon="114.080338"><ele>-4.6046142578125</ele><time>2018-12-24T03:39:45Z</time></trkpt><trkpt lat="22.50547848" lon="114.08032706"><ele>-4.04986572265625</ele><time>2018-12-24T03:39:46Z</time></trkpt><trkpt lat="22.50549677" lon="114.08031838"><ele>-5.23736572265625</ele><time>2018-12-24T03:39:47Z</time></trkpt><trkpt lat="22.5055158" lon="114.08031122"><ele>-4.65240478515625</ele><time>2018-12-24T03:39:48Z</time></trkpt><trkpt lat="22.50553396" lon="114.08030306"><ele>-5.096710205078125</ele><time>2018-12-24T03:39:49Z</time></trkpt><trkpt lat="22.50555283" lon="114.08029274"><ele>-4.974700927734375</ele><time>2018-12-24T03:39:50Z</time></trkpt><trkpt lat="22.5055724" lon="114.08028342"><ele>-4.747955322265625</ele><time>2018-12-24T03:39:51Z</time></trkpt><trkpt lat="22.50560071" lon="114.0802683"><ele>-4.31439208984375</ele><time>2018-12-24T03:39:53Z</time></trkpt><trkpt lat="22.50561678" lon="114.08025734"><ele>-2.958984375</ele><time>2018-12-24T03:39:54Z</time></trkpt><trkpt lat="22.50563144" lon="114.08024504"><ele>-4.42181396484375</ele><time>2018-12-24T03:39:56Z</time></trkpt><trkpt lat="22.50565305" lon="114.08023742"><ele>-4.699371337890625</ele><time>2018-12-24T03:39:59Z</time></trkpt><trkpt lat="22.50566793" lon="114.08022639"><ele>-5.22247314453125</ele><time>2018-12-24T03:40:00Z</time></trkpt><trkpt lat="22.50568447" lon="114.08021817"><ele>-4.905181884765625</ele><time>2018-12-24T03:40:01Z</time></trkpt><trkpt lat="22.50570288" lon="114.08021132"><ele>-4.623321533203125</ele><time>2018-12-24T03:40:02Z</time></trkpt><trkpt lat="22.50573663" lon="114.08019701"><ele>-4.529388427734375</ele><time>2018-12-24T03:40:04Z</time></trkpt><trkpt lat="22.5057564" lon="114.0801894"><ele>-4.0699462890625</ele><time>2018-12-24T03:40:05Z</time></trkpt><trkpt lat="22.50577988" lon="114.08017916"><ele>-3.151123046875</ele><time>2018-12-24T03:40:06Z</time></trkpt><trkpt lat="22.50579946" lon="114.08016844"><ele>-2.049163818359375</ele><time>2018-12-24T03:40:07Z</time></trkpt><trkpt lat="22.50581637" lon="114.08015843"><ele>-2.340911865234375</ele><time>2018-12-24T03:40:08Z</time></trkpt><trkpt lat="22.50584665" lon="114.08014263"><ele>-1.59246826171875</ele><time>2018-12-24T03:40:10Z</time></trkpt><trkpt lat="22.50587935" lon="114.08012423"><ele>-0.0484619140625</ele><time>2018-12-24T03:40:12Z</time></trkpt><trkpt lat="22.5058943" lon="114.08011226"><ele>-0.00701904296875</ele><time>2018-12-24T03:40:13Z</time></trkpt><trkpt lat="22.50591209" lon="114.08010173"><ele>1.559600830078125</ele><time>2018-12-24T03:40:14Z</time></trkpt><trkpt lat="22.50592989" lon="114.08009162"><ele>1.397674560546875</ele><time>2018-12-24T03:40:15Z</time></trkpt><trkpt lat="22.50595517" lon="114.08008241"><ele>1.056549072265625</ele><time>2018-12-24T03:40:17Z</time></trkpt><trkpt lat="22.50597545" lon="114.08007681"><ele>1.10137939453125</ele><time>2018-12-24T03:40:19Z</time></trkpt><trkpt lat="22.50600032" lon="114.08006594"><ele>0.9000244140625</ele><time>2018-12-24T03:40:21Z</time></trkpt><trkpt lat="22.50603152" lon="114.08006527"><ele>-0.642425537109375</ele><time>2018-12-24T03:40:23Z</time></trkpt><trkpt lat="22.50605589" lon="114.0800678"><ele>-0.7041015625</ele><time>2018-12-24T03:40:25Z</time></trkpt><trkpt lat="22.50608533" lon="114.08006694"><ele>0.260223388671875</ele><time>2018-12-24T03:40:27Z</time></trkpt><trkpt lat="22.50610405" lon="114.08005806"><ele>0.498138427734375</ele><time>2018-12-24T03:40:29Z</time></trkpt><trkpt lat="22.50611652" lon="114.08004012"><ele>1.466796875</ele><time>2018-12-24T03:40:31Z</time></trkpt><trkpt lat="22.50612978" lon="114.08002679"><ele>4.42413330078125</ele><time>2018-12-24T03:40:33Z</time></trkpt><trkpt lat="22.50614479" lon="114.0800095"><ele>4.808868408203125</ele><time>2018-12-24T03:40:36Z</time></trkpt><trkpt lat="22.50616505" lon="114.0799981"><ele>4.10552978515625</ele><time>2018-12-24T03:40:38Z</time></trkpt><trkpt lat="22.5061855" lon="114.07998513"><ele>4.727386474609375</ele><time>2018-12-24T03:40:40Z</time></trkpt><trkpt lat="22.50620457" lon="114.07997314"><ele>3.20831298828125</ele><time>2018-12-24T03:40:42Z</time></trkpt><trkpt lat="22.50622117" lon="114.07996247"><ele>1.19189453125</ele><time>2018-12-24T03:40:44Z</time></trkpt><trkpt lat="22.50624249" lon="114.07995373"><ele>-0.41461181640625</ele><time>2018-12-24T03:40:46Z</time></trkpt><trkpt lat="22.50627652" lon="114.07994712"><ele>2.304534912109375</ele><time>2018-12-24T03:40:48Z</time></trkpt><trkpt lat="22.50630955" lon="114.07993899"><ele>1.437408447265625</ele><time>2018-12-24T03:40:50Z</time></trkpt><trkpt lat="22.5063277" lon="114.07993343"><ele>1.503448486328125</ele><time>2018-12-24T03:40:51Z</time></trkpt><trkpt lat="22.50635839" lon="114.07992913"><ele>1.21527099609375</ele><time>2018-12-24T03:40:53Z</time></trkpt><trkpt lat="22.50638676" lon="114.07992613"><ele>1.125091552734375</ele><time>2018-12-24T03:40:55Z</time></trkpt><trkpt lat="22.50640541" lon="114.07992058"><ele>0.433990478515625</ele><time>2018-12-24T03:40:56Z</time></trkpt><trkpt lat="22.50642816" lon="114.07991324"><ele>0.7576904296875</ele><time>2018-12-24T03:40:57Z</time></trkpt><trkpt lat="22.50644803" lon="114.07990496"><ele>0.809600830078125</ele><time>2018-12-24T03:40:58Z</time></trkpt><trkpt lat="22.50646554" lon="114.0798982"><ele>1.32513427734375</ele><time>2018-12-24T03:40:59Z</time></trkpt><trkpt lat="22.50648326" lon="114.07989244"><ele>1.23199462890625</ele><time>2018-12-24T03:41:00Z</time></trkpt><trkpt lat="22.506511" lon="114.07989103"><ele>0.902923583984375</ele><time>2018-12-24T03:41:02Z</time></trkpt><trkpt lat="22.50652919" lon="114.07989072"><ele>-0.196624755859375</ele><time>2018-12-24T03:41:03Z</time></trkpt><trkpt lat="22.50656101" lon="114.07989214"><ele>0.863800048828125</ele><time>2018-12-24T03:41:05Z</time></trkpt><trkpt lat="22.50658687" lon="114.07989188"><ele>0.3834228515625</ele><time>2018-12-24T03:41:07Z</time></trkpt><trkpt lat="22.50661733" lon="114.07989108"><ele>0.929412841796875</ele><time>2018-12-24T03:41:09Z</time></trkpt><trkpt lat="22.50664758" lon="114.07988752"><ele>-0.013275146484375</ele><time>2018-12-24T03:41:11Z</time></trkpt><trkpt lat="22.50667964" lon="114.07988326"><ele>-0.63031005859375</ele><time>2018-12-24T03:41:13Z</time></trkpt><trkpt lat="22.50670772" lon="114.0798752"><ele>-0.122772216796875</ele><time>2018-12-24T03:41:15Z</time></trkpt><trkpt lat="22.50673328" lon="114.07985674"><ele>0.092437744140625</ele><time>2018-12-24T03:41:17Z</time></trkpt><trkpt lat="22.50674895" lon="114.07984635"><ele>-0.34552001953125</ele><time>2018-12-24T03:41:18Z</time></trkpt><trkpt lat="22.50676579" lon="114.07983097"><ele>-0.260589599609375</ele><time>2018-12-24T03:41:20Z</time></trkpt><trkpt lat="22.50677901" lon="114.07981327"><ele>0.205291748046875</ele><time>2018-12-24T03:41:23Z</time></trkpt><trkpt lat="22.5067991" lon="114.07980364"><ele>-2.373748779296875</ele><time>2018-12-24T03:41:26Z</time></trkpt><trkpt lat="22.50681844" lon="114.07980989"><ele>-0.657989501953125</ele><time>2018-12-24T03:41:30Z</time></trkpt><trkpt lat="22.5068369" lon="114.07980595"><ele>0.87286376953125</ele><time>2018-12-24T03:41:35Z</time></trkpt><trkpt lat="22.50686305" lon="114.07979246"><ele>1.422454833984375</ele><time>2018-12-24T03:41:37Z</time></trkpt><trkpt lat="22.50689117" lon="114.07978396"><ele>0.4749755859375</ele><time>2018-12-24T03:41:39Z</time></trkpt><trkpt lat="22.50691648" lon="114.07977874"><ele>-2.210052490234375</ele><time>2018-12-24T03:41:42Z</time></trkpt><trkpt lat="22.50694488" lon="114.07977114"><ele>-3.58697509765625</ele><time>2018-12-24T03:41:44Z</time></trkpt><trkpt lat="22.50697671" lon="114.07976581"><ele>-2.56451416015625</ele><time>2018-12-24T03:41:46Z</time></trkpt><trkpt lat="22.5070124" lon="114.07976345"><ele>0.029266357421875</ele><time>2018-12-24T03:41:48Z</time></trkpt><trkpt lat="22.50703077" lon="114.07975993"><ele>-0.030426025390625</ele><time>2018-12-24T03:41:49Z</time></trkpt><trkpt lat="22.50704978" lon="114.07975323"><ele>0.503326416015625</ele><time>2018-12-24T03:41:50Z</time></trkpt><trkpt lat="22.50706686" lon="114.07974649"><ele>1.41943359375</ele><time>2018-12-24T03:41:51Z</time></trkpt><trkpt lat="22.50708683" lon="114.07973831"><ele>1.476593017578125</ele><time>2018-12-24T03:41:52Z</time></trkpt><trkpt lat="22.50710931" lon="114.07972821"><ele>1.65325927734375</ele><time>2018-12-24T03:41:53Z</time></trkpt><trkpt lat="22.50712803" lon="114.07971972"><ele>1.749359130859375</ele><time>2018-12-24T03:41:54Z</time></trkpt><trkpt lat="22.5071593" lon="114.0797063"><ele>1.7401123046875</ele><time>2018-12-24T03:41:56Z</time></trkpt><trkpt lat="22.50719127" lon="114.07969147"><ele>1.34747314453125</ele><time>2018-12-24T03:41:58Z</time></trkpt><trkpt lat="22.50722055" lon="114.07967924"><ele>2.040252685546875</ele><time>2018-12-24T03:42:00Z</time></trkpt><trkpt lat="22.50725001" lon="114.07966765"><ele>2.61016845703125</ele><time>2018-12-24T03:42:02Z</time></trkpt><trkpt lat="22.50726897" lon="114.07965551"><ele>3.9412841796875</ele><time>2018-12-24T03:42:04Z</time></trkpt><trkpt lat="22.50727701" lon="114.07963492"><ele>5.391510009765625</ele><time>2018-12-24T03:42:07Z</time></trkpt><trkpt lat="22.50729706" lon="114.07962922"><ele>5.95294189453125</ele><time>2018-12-24T03:42:09Z</time></trkpt><trkpt lat="22.50732139" lon="114.07962495"><ele>7.157684326171875</ele><time>2018-12-24T03:42:11Z</time></trkpt><trkpt lat="22.50734194" lon="114.07961819"><ele>8.47430419921875</ele><time>2018-12-24T03:42:13Z</time></trkpt><trkpt lat="22.50736893" lon="114.07960309"><ele>7.949005126953125</ele><time>2018-12-24T03:42:16Z</time></trkpt><trkpt lat="22.50739283" lon="114.07958171"><ele>6.950347900390625</ele><time>2018-12-24T03:42:18Z</time></trkpt><trkpt lat="22.50742293" lon="114.07956305"><ele>5.73736572265625</ele><time>2018-12-24T03:42:20Z</time></trkpt><trkpt lat="22.50745298" lon="114.07955179"><ele>4.418975830078125</ele><time>2018-12-24T03:42:22Z</time></trkpt><trkpt lat="22.50747488" lon="114.07954732"><ele>1.161956787109375</ele><time>2018-12-24T03:42:23Z</time></trkpt><trkpt lat="22.50749686" lon="114.07954446"><ele>2.314361572265625</ele><time>2018-12-24T03:42:24Z</time></trkpt><trkpt lat="22.50751511" lon="114.07954909"><ele>3.190521240234375</ele><time>2018-12-24T03:42:25Z</time></trkpt><trkpt lat="22.50753618" lon="114.07955898"><ele>3.130950927734375</ele><time>2018-12-24T03:42:26Z</time></trkpt><trkpt lat="22.50755607" lon="114.07957214"><ele>4.093292236328125</ele><time>2018-12-24T03:42:27Z</time></trkpt><trkpt lat="22.50757342" lon="114.07958154"><ele>0.982177734375</ele><time>2018-12-24T03:42:28Z</time></trkpt><trkpt lat="22.50759526" lon="114.07958499"><ele>1.60205078125</ele><time>2018-12-24T03:42:29Z</time></trkpt><trkpt lat="22.50761548" lon="114.07958285"><ele>1.9835205078125</ele><time>2018-12-24T03:42:30Z</time></trkpt><trkpt lat="22.50764398" lon="114.07957533"><ele>4.183441162109375</ele><time>2018-12-24T03:42:32Z</time></trkpt><trkpt lat="22.50766246" lon="114.07957274"><ele>2.871368408203125</ele><time>2018-12-24T03:42:35Z</time></trkpt><trkpt lat="22.50768128" lon="114.07956586"><ele>2.7451171875</ele><time>2018-12-24T03:42:40Z</time></trkpt><trkpt lat="22.5077033" lon="114.07955876"><ele>1.472015380859375</ele><time>2018-12-24T03:42:41Z</time></trkpt><trkpt lat="22.50773047" lon="114.07954779"><ele>0.18341064453125</ele><time>2018-12-24T03:42:42Z</time></trkpt><trkpt lat="22.50776028" lon="114.07953377"><ele>1.14666748046875</ele><time>2018-12-24T03:42:43Z</time></trkpt><trkpt lat="22.50778707" lon="114.0795245"><ele>1.387786865234375</ele><time>2018-12-24T03:42:44Z</time></trkpt><trkpt lat="22.5078116" lon="114.07951668"><ele>1.54669189453125</ele><time>2018-12-24T03:42:45Z</time></trkpt><trkpt lat="22.50783312" lon="114.07950901"><ele>1.05731201171875</ele><time>2018-12-24T03:42:46Z</time></trkpt><trkpt lat="22.50785793" lon="114.0794931"><ele>2.65087890625</ele><time>2018-12-24T03:42:48Z</time></trkpt><trkpt lat="22.50787879" lon="114.07949013"><ele>1.9942626953125</ele><time>2018-12-24T03:42:52Z</time></trkpt><trkpt lat="22.50789638" lon="114.07948408"><ele>2.099212646484375</ele><time>2018-12-24T03:42:53Z</time></trkpt><trkpt lat="22.50791845" lon="114.07947202"><ele>0.9794921875</ele><time>2018-12-24T03:42:54Z</time></trkpt><trkpt lat="22.50794243" lon="114.07945688"><ele>0.3631591796875</ele><time>2018-12-24T03:42:55Z</time></trkpt><trkpt lat="22.50796985" lon="114.07944133"><ele>0.392822265625</ele><time>2018-12-24T03:42:56Z</time></trkpt><trkpt lat="22.507993" lon="114.0794297"><ele>-1.985107421875</ele><time>2018-12-24T03:42:57Z</time></trkpt><trkpt lat="22.50801043" lon="114.07942269"><ele>-3.7484130859375</ele><time>2018-12-24T03:42:58Z</time></trkpt><trkpt lat="22.50802774" lon="114.0794164"><ele>-3.905975341796875</ele><time>2018-12-24T03:42:59Z</time></trkpt><trkpt lat="22.50805459" lon="114.07941141"><ele>-3.173553466796875</ele><time>2018-12-24T03:43:01Z</time></trkpt><trkpt lat="22.50807353" lon="114.07942336"><ele>-1.98077392578125</ele><time>2018-12-24T03:43:05Z</time></trkpt><trkpt lat="22.5081046" lon="114.07941476"><ele>-0.7830810546875</ele><time>2018-12-24T03:43:08Z</time></trkpt><trkpt lat="22.50812965" lon="114.07940486"><ele>6.374359130859375</ele><time>2018-12-24T03:43:10Z</time></trkpt><trkpt lat="22.50814555" lon="114.07939558"><ele>5.938812255859375</ele><time>2018-12-24T03:43:11Z</time></trkpt><trkpt lat="22.50816213" lon="114.07938668"><ele>6.765869140625</ele><time>2018-12-24T03:43:12Z</time></trkpt><trkpt lat="22.50819641" lon="114.07937207"><ele>7.4471435546875</ele><time>2018-12-24T03:43:14Z</time></trkpt><trkpt lat="22.50821735" lon="114.07936479"><ele>6.38385009765625</ele><time>2018-12-24T03:43:15Z</time></trkpt><trkpt lat="22.50823656" lon="114.0793573"><ele>6.1820068359375</ele><time>2018-12-24T03:43:16Z</time></trkpt><trkpt lat="22.50826736" lon="114.07934542"><ele>5.119598388671875</ele><time>2018-12-24T03:43:18Z</time></trkpt><trkpt lat="22.50829975" lon="114.07933942"><ele>4.74957275390625</ele><time>2018-12-24T03:43:20Z</time></trkpt><trkpt lat="22.50833119" lon="114.07932897"><ele>3.26690673828125</ele><time>2018-12-24T03:43:22Z</time></trkpt><trkpt lat="22.50835649" lon="114.07931786"><ele>1.58514404296875</ele><time>2018-12-24T03:43:24Z</time></trkpt><trkpt lat="22.50838477" lon="114.07931155"><ele>0.381500244140625</ele><time>2018-12-24T03:43:26Z</time></trkpt><trkpt lat="22.50840475" lon="114.07931008"><ele>-0.043060302734375</ele><time>2018-12-24T03:43:28Z</time></trkpt><trkpt lat="22.50843605" lon="114.07930761"><ele>0.16436767578125</ele><time>2018-12-24T03:43:30Z</time></trkpt><trkpt lat="22.50846174" lon="114.07930304"><ele>-1.515594482421875</ele><time>2018-12-24T03:43:32Z</time></trkpt><trkpt lat="22.50849423" lon="114.07929498"><ele>-0.005889892578125</ele><time>2018-12-24T03:43:34Z</time></trkpt><trkpt lat="22.5085266" lon="114.07928722"><ele>-0.33660888671875</ele><time>2018-12-24T03:43:36Z</time></trkpt><trkpt lat="22.50854951" lon="114.07927837"><ele>-0.31866455078125</ele><time>2018-12-24T03:43:38Z</time></trkpt><trkpt lat="22.50857582" lon="114.07926924"><ele>-0.13287353515625</ele><time>2018-12-24T03:43:40Z</time></trkpt><trkpt lat="22.50860271" lon="114.07925561"><ele>-2.10162353515625</ele><time>2018-12-24T03:43:42Z</time></trkpt><trkpt lat="22.50863054" lon="114.07924548"><ele>-2.487884521484375</ele><time>2018-12-24T03:43:44Z</time></trkpt><trkpt lat="22.50866038" lon="114.07923406"><ele>-1.581085205078125</ele><time>2018-12-24T03:43:46Z</time></trkpt><trkpt lat="22.50868672" lon="114.0792216"><ele>-1.535736083984375</ele><time>2018-12-24T03:43:48Z</time></trkpt><trkpt lat="22.50872211" lon="114.07920856"><ele>-1.34088134765625</ele><time>2018-12-24T03:43:50Z</time></trkpt><trkpt lat="22.50874278" lon="114.07920269"><ele>-1.797119140625</ele><time>2018-12-24T03:43:51Z</time></trkpt><trkpt lat="22.50876398" lon="114.07919685"><ele>-2.328643798828125</ele><time>2018-12-24T03:43:52Z</time></trkpt><trkpt lat="22.50879163" lon="114.07918871"><ele>-2.287078857421875</ele><time>2018-12-24T03:43:54Z</time></trkpt><trkpt lat="22.50881445" lon="114.07918514"><ele>-3.771240234375</ele><time>2018-12-24T03:43:56Z</time></trkpt><trkpt lat="22.50884463" lon="114.07918905"><ele>-4.5369873046875</ele><time>2018-12-24T03:43:58Z</time></trkpt><trkpt lat="22.50887605" lon="114.07918775"><ele>-5.4150390625</ele><time>2018-12-24T03:44:00Z</time></trkpt><trkpt lat="22.50889656" lon="114.0791816"><ele>-5.675323486328125</ele><time>2018-12-24T03:44:02Z</time></trkpt><trkpt lat="22.508915" lon="114.07917599"><ele>-3.5400390625</ele><time>2018-12-24T03:44:03Z</time></trkpt><trkpt lat="22.50893189" lon="114.07916773"><ele>-3.1041259765625</ele><time>2018-12-24T03:44:04Z</time></trkpt><trkpt lat="22.50895352" lon="114.07915822"><ele>-5.031829833984375</ele><time>2018-12-24T03:44:06Z</time></trkpt><trkpt lat="22.50897899" lon="114.07915848"><ele>-5.72637939453125</ele><time>2018-12-24T03:44:08Z</time></trkpt><trkpt lat="22.50899996" lon="114.07915802"><ele>-6.505218505859375</ele><time>2018-12-24T03:44:10Z</time></trkpt><trkpt lat="22.50902281" lon="114.07914785"><ele>-5.351165771484375</ele><time>2018-12-24T03:44:12Z</time></trkpt><trkpt lat="22.5090495" lon="114.07913289"><ele>-4.65216064453125</ele><time>2018-12-24T03:44:14Z</time></trkpt><trkpt lat="22.50907607" lon="114.07912211"><ele>-4.90216064453125</ele><time>2018-12-24T03:44:16Z</time></trkpt><trkpt lat="22.50909468" lon="114.07911251"><ele>-4.63970947265625</ele><time>2018-12-24T03:44:18Z</time></trkpt><trkpt lat="22.50911328" lon="114.07910486"><ele>-3.457000732421875</ele><time>2018-12-24T03:44:20Z</time></trkpt><trkpt lat="22.50914241" lon="114.07908531"><ele>-2.447113037109375</ele><time>2018-12-24T03:44:22Z</time></trkpt><trkpt lat="22.5091584" lon="114.07907476"><ele>-1.682342529296875</ele><time>2018-12-24T03:44:23Z</time></trkpt><trkpt lat="22.50917517" lon="114.07906699"><ele>-1.63665771484375</ele><time>2018-12-24T03:44:24Z</time></trkpt><trkpt lat="22.50919412" lon="114.07906233"><ele>-1.13580322265625</ele><time>2018-12-24T03:44:25Z</time></trkpt><trkpt lat="22.50921533" lon="114.07905926"><ele>-3.264556884765625</ele><time>2018-12-24T03:44:27Z</time></trkpt><trkpt lat="22.50924028" lon="114.07905411"><ele>-3.5107421875</ele><time>2018-12-24T03:44:29Z</time></trkpt><trkpt lat="22.50926523" lon="114.0790316"><ele>-2.420135498046875</ele><time>2018-12-24T03:44:31Z</time></trkpt><trkpt lat="22.50928498" lon="114.07901571"><ele>-0.820098876953125</ele><time>2018-12-24T03:44:33Z</time></trkpt><trkpt lat="22.5093098" lon="114.07901587"><ele>0.814483642578125</ele><time>2018-12-24T03:44:35Z</time></trkpt><trkpt lat="22.50932858" lon="114.07901916"><ele>2.16363525390625</ele><time>2018-12-24T03:44:37Z</time></trkpt><trkpt lat="22.50935453" lon="114.07900651"><ele>2.3775634765625</ele><time>2018-12-24T03:44:39Z</time></trkpt><trkpt lat="22.50938145" lon="114.07898214"><ele>3.6962890625</ele><time>2018-12-24T03:44:41Z</time></trkpt><trkpt lat="22.50939485" lon="114.07896916"><ele>3.794036865234375</ele><time>2018-12-24T03:44:42Z</time></trkpt><trkpt lat="22.5094187" lon="114.0789467"><ele>2.878631591796875</ele><time>2018-12-24T03:44:44Z</time></trkpt><trkpt lat="22.50944049" lon="114.07893488"><ele>4.18927001953125</ele><time>2018-12-24T03:44:46Z</time></trkpt><trkpt lat="22.50946416" lon="114.07892863"><ele>7.733428955078125</ele><time>2018-12-24T03:44:48Z</time></trkpt><trkpt lat="22.50948383" lon="114.0789162"><ele>6.568511962890625</ele><time>2018-12-24T03:44:51Z</time></trkpt><trkpt lat="22.50950717" lon="114.07890185"><ele>5.543212890625</ele><time>2018-12-24T03:44:53Z</time></trkpt><trkpt lat="22.50952834" lon="114.07888342"><ele>6.883056640625</ele><time>2018-12-24T03:44:55Z</time></trkpt><trkpt lat="22.50955378" lon="114.07886589"><ele>10.2706298828125</ele><time>2018-12-24T03:44:57Z</time></trkpt><trkpt lat="22.50958116" lon="114.0788552"><ele>9.88531494140625</ele><time>2018-12-24T03:44:59Z</time></trkpt><trkpt lat="22.50960688" lon="114.07884058"><ele>8.588165283203125</ele><time>2018-12-24T03:45:01Z</time></trkpt><trkpt lat="22.50962687" lon="114.07882972"><ele>10.25506591796875</ele><time>2018-12-24T03:45:04Z</time></trkpt><trkpt lat="22.50964647" lon="114.07883331"><ele>12.3299560546875</ele><time>2018-12-24T03:45:09Z</time></trkpt><trkpt lat="22.50966414" lon="114.07883934"><ele>12.6505126953125</ele><time>2018-12-24T03:45:12Z</time></trkpt><trkpt lat="22.50967611" lon="114.07886037"><ele>13.2071533203125</ele><time>2018-12-24T03:45:14Z</time></trkpt><trkpt lat="22.50969321" lon="114.07887718"><ele>13.13427734375</ele><time>2018-12-24T03:45:16Z</time></trkpt><trkpt lat="22.50971271" lon="114.0788925"><ele>13.52099609375</ele><time>2018-12-24T03:45:19Z</time></trkpt><trkpt lat="22.50971457" lon="114.07891982"><ele>16.5023193359375</ele><time>2018-12-24T03:45:22Z</time></trkpt><trkpt lat="22.50970409" lon="114.07889918"><ele>18.30322265625</ele><time>2018-12-24T03:45:26Z</time></trkpt><trkpt lat="22.50969834" lon="114.07887778"><ele>18.0321044921875</ele><time>2018-12-24T03:45:27Z</time></trkpt><trkpt lat="22.50968686" lon="114.0788501"><ele>16.904541015625</ele><time>2018-12-24T03:45:29Z</time></trkpt><trkpt lat="22.50970136" lon="114.0788636"><ele>13.82122802734375</ele><time>2018-12-24T03:45:37Z</time></trkpt><trkpt lat="22.50971401" lon="114.07888924"><ele>13.31036376953125</ele><time>2018-12-24T03:45:39Z</time></trkpt><trkpt lat="22.50971916" lon="114.07891282"><ele>13.44268798828125</ele><time>2018-12-24T03:45:41Z</time></trkpt><trkpt lat="22.5097198" lon="114.07893341"><ele>13.5911865234375</ele><time>2018-12-24T03:45:43Z</time></trkpt><trkpt lat="22.50972162" lon="114.0789571"><ele>13.99017333984375</ele><time>2018-12-24T03:45:45Z</time></trkpt><trkpt lat="22.50972451" lon="114.0789878"><ele>13.6270751953125</ele><time>2018-12-24T03:45:47Z</time></trkpt><trkpt lat="22.509724" lon="114.07902524"><ele>14.21484375</ele><time>2018-12-24T03:45:49Z</time></trkpt><trkpt lat="22.50972595" lon="114.07904496"><ele>14.4180908203125</ele><time>2018-12-24T03:45:51Z</time></trkpt><trkpt lat="22.50973179" lon="114.0790712"><ele>18.62506103515625</ele><time>2018-12-24T03:45:56Z</time></trkpt><trkpt lat="22.50975097" lon="114.07908762"><ele>18.94049072265625</ele><time>2018-12-24T03:45:58Z</time></trkpt><trkpt lat="22.50977576" lon="114.07911012"><ele>18.81817626953125</ele><time>2018-12-24T03:46:00Z</time></trkpt><trkpt lat="22.50979513" lon="114.07913544"><ele>17.42889404296875</ele><time>2018-12-24T03:46:02Z</time></trkpt><trkpt lat="22.50980229" lon="114.07915914"><ele>16.36260986328125</ele><time>2018-12-24T03:46:04Z</time></trkpt><trkpt lat="22.50980775" lon="114.07918819"><ele>15.5416259765625</ele><time>2018-12-24T03:46:06Z</time></trkpt><trkpt lat="22.50982339" lon="114.07921586"><ele>14.169921875</ele><time>2018-12-24T03:46:08Z</time></trkpt><trkpt lat="22.50984147" lon="114.07924383"><ele>14.3968505859375</ele><time>2018-12-24T03:46:10Z</time></trkpt><trkpt lat="22.50985743" lon="114.0792711"><ele>16.13299560546875</ele><time>2018-12-24T03:46:12Z</time></trkpt><trkpt lat="22.50986948" lon="114.07930296"><ele>16.81787109375</ele><time>2018-12-24T03:46:14Z</time></trkpt><trkpt lat="22.50988037" lon="114.07932597"><ele>16.79473876953125</ele><time>2018-12-24T03:46:16Z</time></trkpt><trkpt lat="22.50988905" lon="114.0793431"><ele>17.877685546875</ele><time>2018-12-24T03:46:18Z</time></trkpt><trkpt lat="22.50990996" lon="114.07936339"><ele>21.177978515625</ele><time>2018-12-24T03:46:23Z</time></trkpt><trkpt lat="22.5099312" lon="114.0793752"><ele>20.9100341796875</ele><time>2018-12-24T03:46:25Z</time></trkpt><trkpt lat="22.50995555" lon="114.07938409"><ele>20.2281494140625</ele><time>2018-12-24T03:46:27Z</time></trkpt><trkpt lat="22.50998482" lon="114.07939372"><ele>20.54827880859375</ele><time>2018-12-24T03:46:29Z</time></trkpt><trkpt lat="22.51000598" lon="114.0793986"><ele>21.2276611328125</ele><time>2018-12-24T03:46:31Z</time></trkpt><trkpt lat="22.51003053" lon="114.07940496"><ele>19.380615234375</ele><time>2018-12-24T03:46:33Z</time></trkpt><trkpt lat="22.51005117" lon="114.07940561"><ele>20.75921630859375</ele><time>2018-12-24T03:46:35Z</time></trkpt><trkpt lat="22.51007419" lon="114.07941166"><ele>22.7723388671875</ele><time>2018-12-24T03:46:37Z</time></trkpt><trkpt lat="22.51009105" lon="114.07942238"><ele>23.60125732421875</ele><time>2018-12-24T03:46:39Z</time></trkpt><trkpt lat="22.51011702" lon="114.07943546"><ele>24.288818359375</ele><time>2018-12-24T03:46:41Z</time></trkpt><trkpt lat="22.51013647" lon="114.0794349"><ele>26.1416015625</ele><time>2018-12-24T03:46:45Z</time></trkpt><trkpt lat="22.51016148" lon="114.07942653"><ele>26.92108154296875</ele><time>2018-12-24T03:46:47Z</time></trkpt><trkpt lat="22.5101878" lon="114.07943456"><ele>29.35235595703125</ele><time>2018-12-24T03:46:49Z</time></trkpt><trkpt lat="22.51021609" lon="114.07945814"><ele>31.6727294921875</ele><time>2018-12-24T03:46:51Z</time></trkpt><trkpt lat="22.51024652" lon="114.07947601"><ele>31.274658203125</ele><time>2018-12-24T03:46:53Z</time></trkpt><trkpt lat="22.51027041" lon="114.07949394"><ele>33.0091552734375</ele><time>2018-12-24T03:46:55Z</time></trkpt><trkpt lat="22.51028716" lon="114.07951798"><ele>33.7022705078125</ele><time>2018-12-24T03:46:58Z</time></trkpt><trkpt lat="22.51031183" lon="114.07953022"><ele>34.2877197265625</ele><time>2018-12-24T03:47:00Z</time></trkpt><trkpt lat="22.51033507" lon="114.07954609"><ele>35.0645751953125</ele><time>2018-12-24T03:47:02Z</time></trkpt><trkpt lat="22.51035294" lon="114.07956329"><ele>35.79327392578125</ele><time>2018-12-24T03:47:04Z</time></trkpt><trkpt lat="22.51037266" lon="114.07958024"><ele>37.14263916015625</ele><time>2018-12-24T03:47:06Z</time></trkpt><trkpt lat="22.51039227" lon="114.07959079"><ele>38.27105712890625</ele><time>2018-12-24T03:47:08Z</time></trkpt><trkpt lat="22.51041312" lon="114.07959389"><ele>39.4486083984375</ele><time>2018-12-24T03:47:10Z</time></trkpt><trkpt lat="22.51041676" lon="114.07961301"><ele>43.41656494140625</ele><time>2018-12-24T03:47:13Z</time></trkpt><trkpt lat="22.51043056" lon="114.0796334"><ele>44.14617919921875</ele><time>2018-12-24T03:47:16Z</time></trkpt><trkpt lat="22.51046011" lon="114.07965207"><ele>43.9935302734375</ele><time>2018-12-24T03:47:18Z</time></trkpt><trkpt lat="22.51048022" lon="114.07965606"><ele>42.29217529296875</ele><time>2018-12-24T03:47:20Z</time></trkpt><trkpt lat="22.51050372" lon="114.0796572"><ele>41.447998046875</ele><time>2018-12-24T03:47:23Z</time></trkpt><trkpt lat="22.51052623" lon="114.07966825"><ele>43.403564453125</ele><time>2018-12-24T03:47:25Z</time></trkpt><trkpt lat="22.51054656" lon="114.07968255"><ele>42.41424560546875</ele><time>2018-12-24T03:47:27Z</time></trkpt><trkpt lat="22.5105634" lon="114.07969664"><ele>42.352294921875</ele><time>2018-12-24T03:47:29Z</time></trkpt><trkpt lat="22.51058215" lon="114.07971527"><ele>40.2747802734375</ele><time>2018-12-24T03:47:32Z</time></trkpt><trkpt lat="22.51060073" lon="114.0797289"><ele>40.26397705078125</ele><time>2018-12-24T03:47:34Z</time></trkpt><trkpt lat="22.51062594" lon="114.07973826"><ele>38.28045654296875</ele><time>2018-12-24T03:47:36Z</time></trkpt><trkpt lat="22.5106652" lon="114.07973954"><ele>39.00360107421875</ele><time>2018-12-24T03:47:38Z</time></trkpt><trkpt lat="22.51068994" lon="114.07973825"><ele>40.93133544921875</ele><time>2018-12-24T03:47:40Z</time></trkpt><trkpt lat="22.51071508" lon="114.07974226"><ele>40.36834716796875</ele><time>2018-12-24T03:47:42Z</time></trkpt><trkpt lat="22.51073365" lon="114.07973893"><ele>39.76318359375</ele><time>2018-12-24T03:47:44Z</time></trkpt><trkpt lat="22.51075785" lon="114.07972353"><ele>39.25732421875</ele><time>2018-12-24T03:47:47Z</time></trkpt><trkpt lat="22.51077078" lon="114.07970147"><ele>39.62371826171875</ele><time>2018-12-24T03:47:49Z</time></trkpt><trkpt lat="22.51076182" lon="114.07967581"><ele>39.6866455078125</ele><time>2018-12-24T03:47:52Z</time></trkpt><trkpt lat="22.51075141" lon="114.07965925"><ele>37.48760986328125</ele><time>2018-12-24T03:47:55Z</time></trkpt><trkpt lat="22.51073283" lon="114.07965257"><ele>36.51275634765625</ele><time>2018-12-24T03:47:58Z</time></trkpt><trkpt lat="22.51071023" lon="114.07964562"><ele>34.78912353515625</ele><time>2018-12-24T03:48:01Z</time></trkpt><trkpt lat="22.51068654" lon="114.07962472"><ele>34.60455322265625</ele><time>2018-12-24T03:48:03Z</time></trkpt><trkpt lat="22.51065719" lon="114.07960175"><ele>34.88043212890625</ele><time>2018-12-24T03:48:05Z</time></trkpt><trkpt lat="22.51064196" lon="114.07958844"><ele>34.27423095703125</ele><time>2018-12-24T03:48:06Z</time></trkpt><trkpt lat="22.51062616" lon="114.07957173"><ele>34.0762939453125</ele><time>2018-12-24T03:48:07Z</time></trkpt><trkpt lat="22.51061439" lon="114.07955397"><ele>34.3057861328125</ele><time>2018-12-24T03:48:08Z</time></trkpt><trkpt lat="22.51060635" lon="114.07953525"><ele>34.51788330078125</ele><time>2018-12-24T03:48:09Z</time></trkpt><trkpt lat="22.51059833" lon="114.07951647"><ele>33.3291015625</ele><time>2018-12-24T03:48:10Z</time></trkpt><trkpt lat="22.51058858" lon="114.07949752"><ele>34.00457763671875</ele><time>2018-12-24T03:48:11Z</time></trkpt><trkpt lat="22.51057683" lon="114.07947015"><ele>34.4710693359375</ele><time>2018-12-24T03:48:13Z</time></trkpt><trkpt lat="22.51057281" lon="114.07944306"><ele>36.00634765625</ele><time>2018-12-24T03:48:15Z</time></trkpt><trkpt lat="22.5105759" lon="114.07942059"><ele>34.6724853515625</ele><time>2018-12-24T03:48:19Z</time></trkpt><trkpt lat="22.51056026" lon="114.07940848"><ele>37.60394287109375</ele><time>2018-12-24T03:48:40Z</time></trkpt><trkpt lat="22.51055422" lon="114.07938877"><ele>36.86492919921875</ele><time>2018-12-24T03:48:42Z</time></trkpt><trkpt lat="22.51054449" lon="114.07935868"><ele>35.99365234375</ele><time>2018-12-24T03:48:44Z</time></trkpt><trkpt lat="22.51054167" lon="114.07933856"><ele>35.26092529296875</ele><time>2018-12-24T03:48:45Z</time></trkpt><trkpt lat="22.51053753" lon="114.07931697"><ele>35.75177001953125</ele><time>2018-12-24T03:48:46Z</time></trkpt><trkpt lat="22.51053516" lon="114.07929509"><ele>36.3436279296875</ele><time>2018-12-24T03:48:49Z</time></trkpt><trkpt lat="22.51052547" lon="114.07926745"><ele>37.84136962890625</ele><time>2018-12-24T03:48:56Z</time></trkpt><trkpt lat="22.51052002" lon="114.07924442"><ele>37.8079833984375</ele><time>2018-12-24T03:48:58Z</time></trkpt><trkpt lat="22.51053667" lon="114.07921382"><ele>37.3482666015625</ele><time>2018-12-24T03:49:04Z</time></trkpt><trkpt lat="22.51053737" lon="114.07918662"><ele>36.844482421875</ele><time>2018-12-24T03:49:06Z</time></trkpt><trkpt lat="22.51054465" lon="114.07915115"><ele>37.2652587890625</ele><time>2018-12-24T03:49:08Z</time></trkpt><trkpt lat="22.51054476" lon="114.07918043"><ele>36.472900390625</ele><time>2018-12-24T03:49:12Z</time></trkpt><trkpt lat="22.5105409" lon="114.07920212"><ele>35.8509521484375</ele><time>2018-12-24T03:49:15Z</time></trkpt><trkpt lat="22.51052297" lon="114.07920036"><ele>35.81298828125</ele><time>2018-12-24T03:49:23Z</time></trkpt><trkpt lat="22.5105405" lon="114.0792048"><ele>29.55865478515625</ele><time>2018-12-24T03:49:39Z</time></trkpt><trkpt lat="22.51052165" lon="114.07921944"><ele>25.2550048828125</ele><time>2018-12-24T03:53:33Z</time></trkpt><trkpt lat="22.51050335" lon="114.07921772"><ele>26.33050537109375</ele><time>2018-12-24T03:53:43Z</time></trkpt><trkpt lat="22.51052434" lon="114.07921334"><ele>30.533935546875</ele><time>2018-12-24T03:54:33Z</time></trkpt><trkpt lat="22.51050422" lon="114.07922071"><ele>34.13128662109375</ele><time>2018-12-24T03:55:24Z</time></trkpt><trkpt lat="22.51052371" lon="114.07923209"><ele>36.1004638671875</ele><time>2018-12-24T03:55:43Z</time></trkpt><trkpt lat="22.51053919" lon="114.07924769"><ele>34.1314697265625</ele><time>2018-12-24T03:55:46Z</time></trkpt><trkpt lat="22.51055815" lon="114.0792688"><ele>33.100341796875</ele><time>2018-12-24T03:55:49Z</time></trkpt><trkpt lat="22.51056718" lon="114.07929315"><ele>33.09173583984375</ele><time>2018-12-24T03:55:51Z</time></trkpt><trkpt lat="22.51056823" lon="114.07932211"><ele>33.2432861328125</ele><time>2018-12-24T03:55:54Z</time></trkpt><trkpt lat="22.5105744" lon="114.07934942"><ele>32.63775634765625</ele><time>2018-12-24T03:55:57Z</time></trkpt><trkpt lat="22.51058395" lon="114.07936962"><ele>33.803955078125</ele><time>2018-12-24T03:55:59Z</time></trkpt><trkpt lat="22.51060463" lon="114.07938642"><ele>34.19854736328125</ele><time>2018-12-24T03:56:01Z</time></trkpt><trkpt lat="22.51061399" lon="114.07940777"><ele>32.12890625</ele><time>2018-12-24T03:56:04Z</time></trkpt><trkpt lat="22.51062827" lon="114.07943441"><ele>32.428955078125</ele><time>2018-12-24T03:56:06Z</time></trkpt><trkpt lat="22.51064551" lon="114.07945963"><ele>32.27923583984375</ele><time>2018-12-24T03:56:08Z</time></trkpt><trkpt lat="22.51066489" lon="114.07948425"><ele>33.01812744140625</ele><time>2018-12-24T03:56:10Z</time></trkpt><trkpt lat="22.51068341" lon="114.07951607"><ele>33.1448974609375</ele><time>2018-12-24T03:56:12Z</time></trkpt><trkpt lat="22.5106924" lon="114.07953481"><ele>32.7425537109375</ele><time>2018-12-24T03:56:13Z</time></trkpt><trkpt lat="22.51070048" lon="114.07955423"><ele>33.37139892578125</ele><time>2018-12-24T03:56:14Z</time></trkpt><trkpt lat="22.51071242" lon="114.07957492"><ele>31.94244384765625</ele><time>2018-12-24T03:56:16Z</time></trkpt><trkpt lat="22.51073017" lon="114.07958711"><ele>31.95281982421875</ele><time>2018-12-24T03:56:18Z</time></trkpt><trkpt lat="22.51074757" lon="114.07959873"><ele>30.7313232421875</ele><time>2018-12-24T03:56:20Z</time></trkpt><trkpt lat="22.51076151" lon="114.07961853"><ele>31.4842529296875</ele><time>2018-12-24T03:56:22Z</time></trkpt><trkpt lat="22.51077168" lon="114.07963802"><ele>30.46807861328125</ele><time>2018-12-24T03:56:24Z</time></trkpt><trkpt lat="22.51079064" lon="114.0796544"><ele>31.09710693359375</ele><time>2018-12-24T03:56:26Z</time></trkpt><trkpt lat="22.51080317" lon="114.07968411"><ele>32.18634033203125</ele><time>2018-12-24T03:56:29Z</time></trkpt><trkpt lat="22.51081883" lon="114.07970072"><ele>33.91436767578125</ele><time>2018-12-24T03:56:31Z</time></trkpt><trkpt lat="22.51082912" lon="114.07971925"><ele>35.42059326171875</ele><time>2018-12-24T03:56:33Z</time></trkpt><trkpt lat="22.5108379" lon="114.07973654"><ele>37.37493896484375</ele><time>2018-12-24T03:56:35Z</time></trkpt><trkpt lat="22.51084099" lon="114.07976098"><ele>38.56451416015625</ele><time>2018-12-24T03:56:38Z</time></trkpt><trkpt lat="22.51084235" lon="114.07979089"><ele>38.52447509765625</ele><time>2018-12-24T03:56:41Z</time></trkpt><trkpt lat="22.51084952" lon="114.0798138"><ele>39.05682373046875</ele><time>2018-12-24T03:56:43Z</time></trkpt><trkpt lat="22.51085375" lon="114.079838"><ele>39.39971923828125</ele><time>2018-12-24T03:56:45Z</time></trkpt><trkpt lat="22.51085665" lon="114.07985937"><ele>39.79095458984375</ele><time>2018-12-24T03:56:47Z</time></trkpt><trkpt lat="22.51086417" lon="114.0798871"><ele>40.60345458984375</ele><time>2018-12-24T03:56:50Z</time></trkpt><trkpt lat="22.51087029" lon="114.07990968"><ele>40.353515625</ele><time>2018-12-24T03:56:52Z</time></trkpt><trkpt lat="22.5108773" lon="114.07993281"><ele>40.15667724609375</ele><time>2018-12-24T03:56:54Z</time></trkpt><trkpt lat="22.51088326" lon="114.07995499"><ele>40.07159423828125</ele><time>2018-12-24T03:56:56Z</time></trkpt><trkpt lat="22.51088401" lon="114.07998407"><ele>39.73681640625</ele><time>2018-12-24T03:56:59Z</time></trkpt><trkpt lat="22.5108761" lon="114.08000715"><ele>40.15179443359375</ele><time>2018-12-24T03:57:02Z</time></trkpt><trkpt lat="22.51087476" lon="114.08003858"><ele>39.95806884765625</ele><time>2018-12-24T03:57:05Z</time></trkpt><trkpt lat="22.5108708" lon="114.08006156"><ele>40.49127197265625</ele><time>2018-12-24T03:57:07Z</time></trkpt><trkpt lat="22.51086742" lon="114.08008358"><ele>41.46392822265625</ele><time>2018-12-24T03:57:09Z</time></trkpt><trkpt lat="22.51086433" lon="114.08010658"><ele>42.02789306640625</ele><time>2018-12-24T03:57:12Z</time></trkpt><trkpt lat="22.51086577" lon="114.08013595"><ele>42.41314697265625</ele><time>2018-12-24T03:57:15Z</time></trkpt><trkpt lat="22.51087342" lon="114.08015856"><ele>43.58160400390625</ele><time>2018-12-24T03:57:17Z</time></trkpt><trkpt lat="22.51087741" lon="114.08018114"><ele>43.717529296875</ele><time>2018-12-24T03:57:19Z</time></trkpt><trkpt lat="22.51087453" lon="114.08020509"><ele>44.01397705078125</ele><time>2018-12-24T03:57:21Z</time></trkpt><trkpt lat="22.5108628" lon="114.08022738"><ele>45.3720703125</ele><time>2018-12-24T03:57:23Z</time></trkpt><trkpt lat="22.51085261" lon="114.08024436"><ele>45.63433837890625</ele><time>2018-12-24T03:57:25Z</time></trkpt><trkpt lat="22.51083842" lon="114.08026732"><ele>44.773681640625</ele><time>2018-12-24T03:57:29Z</time></trkpt><trkpt lat="22.51082668" lon="114.08029111"><ele>43.87060546875</ele><time>2018-12-24T03:57:32Z</time></trkpt><trkpt lat="22.51082892" lon="114.08031632"><ele>42.46270751953125</ele><time>2018-12-24T03:57:37Z</time></trkpt><trkpt lat="22.51082185" lon="114.08034156"><ele>42.989990234375</ele><time>2018-12-24T03:57:40Z</time></trkpt><trkpt lat="22.51083048" lon="114.08031116"><ele>41.98150634765625</ele><time>2018-12-24T03:57:49Z</time></trkpt><trkpt lat="22.51084578" lon="114.08028762"><ele>42.0535888671875</ele><time>2018-12-24T03:57:51Z</time></trkpt><trkpt lat="22.51086169" lon="114.08026504"><ele>42.14764404296875</ele><time>2018-12-24T03:57:53Z</time></trkpt><trkpt lat="22.51087979" lon="114.08023799"><ele>41.51708984375</ele><time>2018-12-24T03:57:55Z</time></trkpt><trkpt lat="22.51089554" lon="114.08022718"><ele>41.37060546875</ele><time>2018-12-24T03:57:57Z</time></trkpt><trkpt lat="22.51090995" lon="114.08024037"><ele>41.37237548828125</ele><time>2018-12-24T03:58:00Z</time></trkpt><trkpt lat="22.51091558" lon="114.08026441"><ele>41.28912353515625</ele><time>2018-12-24T03:58:03Z</time></trkpt><trkpt lat="22.51090623" lon="114.08028223"><ele>38.7938232421875</ele><time>2018-12-24T03:58:07Z</time></trkpt><trkpt lat="22.5108914" lon="114.08030327"><ele>38.826171875</ele><time>2018-12-24T03:58:15Z</time></trkpt><trkpt lat="22.51088228" lon="114.08033012"><ele>40.09906005859375</ele><time>2018-12-24T03:58:17Z</time></trkpt><trkpt lat="22.51087733" lon="114.08035076"><ele>39.6845703125</ele><time>2018-12-24T03:58:20Z</time></trkpt><trkpt lat="22.51086921" lon="114.08037436"><ele>39.948974609375</ele><time>2018-12-24T03:58:22Z</time></trkpt><trkpt lat="22.51085397" lon="114.08040139"><ele>39.6591796875</ele><time>2018-12-24T03:58:24Z</time></trkpt><trkpt lat="22.510837" lon="114.08042111"><ele>39.9693603515625</ele><time>2018-12-24T03:58:26Z</time></trkpt><trkpt lat="22.51082166" lon="114.0804464"><ele>42.1453857421875</ele><time>2018-12-24T03:58:28Z</time></trkpt><trkpt lat="22.5108096" lon="114.08047685"><ele>41.9227294921875</ele><time>2018-12-24T03:58:30Z</time></trkpt><trkpt lat="22.51079268" lon="114.08050535"><ele>40.8409423828125</ele><time>2018-12-24T03:58:32Z</time></trkpt><trkpt lat="22.51078157" lon="114.080531"><ele>40.2611083984375</ele><time>2018-12-24T03:58:34Z</time></trkpt><trkpt lat="22.51076847" lon="114.0805669"><ele>39.218994140625</ele><time>2018-12-24T03:58:36Z</time></trkpt><trkpt lat="22.51075023" lon="114.08059771"><ele>37.6181640625</ele><time>2018-12-24T03:58:38Z</time></trkpt><trkpt lat="22.51072776" lon="114.08062456"><ele>37.51800537109375</ele><time>2018-12-24T03:58:40Z</time></trkpt><trkpt lat="22.51070676" lon="114.08065008"><ele>36.03155517578125</ele><time>2018-12-24T03:58:42Z</time></trkpt><trkpt lat="22.51068708" lon="114.08067226"><ele>36.42510986328125</ele><time>2018-12-24T03:58:44Z</time></trkpt><trkpt lat="22.51067003" lon="114.08068271"><ele>35.74993896484375</ele><time>2018-12-24T03:58:46Z</time></trkpt><trkpt lat="22.5106496" lon="114.08068197"><ele>34.681396484375</ele><time>2018-12-24T03:58:48Z</time></trkpt><trkpt lat="22.51063142" lon="114.08068595"><ele>34.6851806640625</ele><time>2018-12-24T03:58:50Z</time></trkpt><trkpt lat="22.51060865" lon="114.08069673"><ele>35.07659912109375</ele><time>2018-12-24T03:58:52Z</time></trkpt><trkpt lat="22.5105987" lon="114.08071333"><ele>36.03558349609375</ele><time>2018-12-24T03:58:54Z</time></trkpt><trkpt lat="22.51057738" lon="114.08072896"><ele>37.29949951171875</ele><time>2018-12-24T03:58:57Z</time></trkpt><trkpt lat="22.51057131" lon="114.08074778"><ele>36.56671142578125</ele><time>2018-12-24T03:58:59Z</time></trkpt><trkpt lat="22.51057" lon="114.0807709"><ele>37.71484375</ele><time>2018-12-24T03:59:02Z</time></trkpt><trkpt lat="22.51056719" lon="114.08080882"><ele>38.0152587890625</ele><time>2018-12-24T03:59:04Z</time></trkpt><trkpt lat="22.51056792" lon="114.08084436"><ele>38.9630126953125</ele><time>2018-12-24T03:59:06Z</time></trkpt><trkpt lat="22.51056976" lon="114.08088009"><ele>39.57562255859375</ele><time>2018-12-24T03:59:08Z</time></trkpt><trkpt lat="22.51057514" lon="114.08090939"><ele>39.9000244140625</ele><time>2018-12-24T03:59:10Z</time></trkpt><trkpt lat="22.51059526" lon="114.08092835"><ele>40.18701171875</ele><time>2018-12-24T03:59:12Z</time></trkpt><trkpt lat="22.51061696" lon="114.08094228"><ele>40.8677978515625</ele><time>2018-12-24T03:59:14Z</time></trkpt><trkpt lat="22.51062895" lon="114.08095827"><ele>39.9908447265625</ele><time>2018-12-24T03:59:16Z</time></trkpt><trkpt lat="22.51063707" lon="114.08097566"><ele>40.81024169921875</ele><time>2018-12-24T03:59:18Z</time></trkpt><trkpt lat="22.5106436" lon="114.08099493"><ele>40.193115234375</ele><time>2018-12-24T03:59:20Z</time></trkpt><trkpt lat="22.5106465" lon="114.08102123"><ele>39.1566162109375</ele><time>2018-12-24T03:59:23Z</time></trkpt><trkpt lat="22.51062671" lon="114.08103826"><ele>38.06341552734375</ele><time>2018-12-24T03:59:26Z</time></trkpt><trkpt lat="22.51060509" lon="114.08104617"><ele>37.370361328125</ele><time>2018-12-24T03:59:28Z</time></trkpt><trkpt lat="22.51058525" lon="114.08106305"><ele>37.8642578125</ele><time>2018-12-24T03:59:30Z</time></trkpt><trkpt lat="22.51056813" lon="114.08108786"><ele>39.26715087890625</ele><time>2018-12-24T03:59:32Z</time></trkpt><trkpt lat="22.51055784" lon="114.08110834"><ele>40.11376953125</ele><time>2018-12-24T03:59:34Z</time></trkpt><trkpt lat="22.51054668" lon="114.08113527"><ele>39.3182373046875</ele><time>2018-12-24T03:59:37Z</time></trkpt><trkpt lat="22.51054003" lon="114.08116018"><ele>40.09576416015625</ele><time>2018-12-24T03:59:39Z</time></trkpt><trkpt lat="22.51053881" lon="114.08118168"><ele>40.43914794921875</ele><time>2018-12-24T03:59:41Z</time></trkpt><trkpt lat="22.51054081" lon="114.08120725"><ele>39.34515380859375</ele><time>2018-12-24T03:59:43Z</time></trkpt><trkpt lat="22.5105433" lon="114.08123059"><ele>38.27764892578125</ele><time>2018-12-24T03:59:45Z</time></trkpt><trkpt lat="22.51054945" lon="114.08125167"><ele>37.9461669921875</ele><time>2018-12-24T03:59:47Z</time></trkpt><trkpt lat="22.51055439" lon="114.08127363"><ele>37.6607666015625</ele><time>2018-12-24T03:59:50Z</time></trkpt><trkpt lat="22.51055305" lon="114.08129849"><ele>38.55096435546875</ele><time>2018-12-24T03:59:53Z</time></trkpt><trkpt lat="22.51053723" lon="114.0813102"><ele>39.1314697265625</ele><time>2018-12-24T03:59:56Z</time></trkpt><trkpt lat="22.51053005" lon="114.08132888"><ele>37.44573974609375</ele><time>2018-12-24T03:59:58Z</time></trkpt><trkpt lat="22.51051854" lon="114.08135421"><ele>37.47735595703125</ele><time>2018-12-24T04:00:01Z</time></trkpt><trkpt lat="22.51049807" lon="114.08136275"><ele>34.222900390625</ele><time>2018-12-24T04:00:03Z</time></trkpt><trkpt lat="22.51047671" lon="114.08136784"><ele>35.5655517578125</ele><time>2018-12-24T04:00:07Z</time></trkpt><trkpt lat="22.51045842" lon="114.08136685"><ele>35.7022705078125</ele><time>2018-12-24T04:00:09Z</time></trkpt><trkpt lat="22.51043304" lon="114.08137271"><ele>37.01611328125</ele><time>2018-12-24T04:00:12Z</time></trkpt><trkpt lat="22.51041123" lon="114.08137104"><ele>36.87091064453125</ele><time>2018-12-24T04:00:15Z</time></trkpt><trkpt lat="22.51039322" lon="114.08136906"><ele>35.3714599609375</ele><time>2018-12-24T04:00:19Z</time></trkpt><trkpt lat="22.51037316" lon="114.08136664"><ele>36.51983642578125</ele><time>2018-12-24T04:00:22Z</time></trkpt><trkpt lat="22.51035212" lon="114.0813814"><ele>36.285400390625</ele><time>2018-12-24T04:00:25Z</time></trkpt><trkpt lat="22.51033325" lon="114.08138754"><ele>37.5576171875</ele><time>2018-12-24T04:00:27Z</time></trkpt><trkpt lat="22.51031492" lon="114.08138469"><ele>38.2205810546875</ele><time>2018-12-24T04:00:29Z</time></trkpt><trkpt lat="22.51029353" lon="114.08137931"><ele>37.092041015625</ele><time>2018-12-24T04:00:32Z</time></trkpt><trkpt lat="22.51026888" lon="114.08138472"><ele>37.17315673828125</ele><time>2018-12-24T04:00:35Z</time></trkpt><trkpt lat="22.51025173" lon="114.08139513"><ele>36.1219482421875</ele><time>2018-12-24T04:00:37Z</time></trkpt><trkpt lat="22.51023379" lon="114.08140207"><ele>37.75396728515625</ele><time>2018-12-24T04:00:39Z</time></trkpt><trkpt lat="22.51020716" lon="114.0814042"><ele>38.9881591796875</ele><time>2018-12-24T04:00:42Z</time></trkpt><trkpt lat="22.51018902" lon="114.0814007"><ele>39.79876708984375</ele><time>2018-12-24T04:00:44Z</time></trkpt><trkpt lat="22.51016974" lon="114.08138807"><ele>40.2413330078125</ele><time>2018-12-24T04:00:47Z</time></trkpt><trkpt lat="22.51015316" lon="114.08139568"><ele>39.16607666015625</ele><time>2018-12-24T04:00:50Z</time></trkpt><trkpt lat="22.51013992" lon="114.08141252"><ele>41.3626708984375</ele><time>2018-12-24T04:00:52Z</time></trkpt><trkpt lat="22.51012511" lon="114.0814237"><ele>41.5203857421875</ele><time>2018-12-24T04:00:54Z</time></trkpt><trkpt lat="22.51010582" lon="114.08143637"><ele>43.944580078125</ele><time>2018-12-24T04:00:57Z</time></trkpt><trkpt lat="22.51009012" lon="114.08144665"><ele>42.5843505859375</ele><time>2018-12-24T04:00:59Z</time></trkpt><trkpt lat="22.51006225" lon="114.08145318"><ele>42.0264892578125</ele><time>2018-12-24T04:01:02Z</time></trkpt><trkpt lat="22.51003694" lon="114.08144597"><ele>43.5411376953125</ele><time>2018-12-24T04:01:05Z</time></trkpt><trkpt lat="22.5100126" lon="114.08144239"><ele>45.1234130859375</ele><time>2018-12-24T04:01:08Z</time></trkpt><trkpt lat="22.50999025" lon="114.08144104"><ele>45.39129638671875</ele><time>2018-12-24T04:01:11Z</time></trkpt><trkpt lat="22.50996421" lon="114.08144736"><ele>47.3798828125</ele><time>2018-12-24T04:01:15Z</time></trkpt><trkpt lat="22.50994788" lon="114.08145571"><ele>47.2105712890625</ele><time>2018-12-24T04:01:17Z</time></trkpt><trkpt lat="22.50994269" lon="114.0814748"><ele>46.29931640625</ele><time>2018-12-24T04:01:18Z</time></trkpt><trkpt lat="22.5099371" lon="114.08149595"><ele>46.85540771484375</ele><time>2018-12-24T04:01:19Z</time></trkpt><trkpt lat="22.50992649" lon="114.08151194"><ele>46.42596435546875</ele><time>2018-12-24T04:01:21Z</time></trkpt><trkpt lat="22.50990932" lon="114.08150472"><ele>44.76165771484375</ele><time>2018-12-24T04:01:28Z</time></trkpt><trkpt lat="22.50988987" lon="114.08149956"><ele>46.0885009765625</ele><time>2018-12-24T04:01:37Z</time></trkpt><trkpt lat="22.50988758" lon="114.08152087"><ele>45.560791015625</ele><time>2018-12-24T04:01:55Z</time></trkpt><trkpt lat="22.50989763" lon="114.08154396"><ele>46.0408935546875</ele><time>2018-12-24T04:01:58Z</time></trkpt><trkpt lat="22.50990818" lon="114.08156945"><ele>45.9837646484375</ele><time>2018-12-24T04:02:01Z</time></trkpt><trkpt lat="22.50991535" lon="114.08158886"><ele>46.07257080078125</ele><time>2018-12-24T04:02:03Z</time></trkpt><trkpt lat="22.50991769" lon="114.08161477"><ele>46.21795654296875</ele><time>2018-12-24T04:02:06Z</time></trkpt><trkpt lat="22.50992565" lon="114.08163894"><ele>46.5308837890625</ele><time>2018-12-24T04:02:09Z</time></trkpt><trkpt lat="22.50993905" lon="114.08165942"><ele>46.3526611328125</ele><time>2018-12-24T04:02:12Z</time></trkpt><trkpt lat="22.50994927" lon="114.08167607"><ele>46.86383056640625</ele><time>2018-12-24T04:02:15Z</time></trkpt><trkpt lat="22.50996198" lon="114.08169814"><ele>47.8236083984375</ele><time>2018-12-24T04:02:19Z</time></trkpt><trkpt lat="22.50997913" lon="114.08171612"><ele>48.94195556640625</ele><time>2018-12-24T04:02:23Z</time></trkpt><trkpt lat="22.50998857" lon="114.08173423"><ele>49.57177734375</ele><time>2018-12-24T04:02:27Z</time></trkpt><trkpt lat="22.51000629" lon="114.08174736"><ele>50.571044921875</ele><time>2018-12-24T04:02:31Z</time></trkpt><trkpt lat="22.51001869" lon="114.08176817"><ele>51.67889404296875</ele><time>2018-12-24T04:02:35Z</time></trkpt><trkpt lat="22.51001464" lon="114.08178799"><ele>53.09423828125</ele><time>2018-12-24T04:02:38Z</time></trkpt><trkpt lat="22.51002394" lon="114.08180917"><ele>54.50311279296875</ele><time>2018-12-24T04:02:42Z</time></trkpt><trkpt lat="22.51003571" lon="114.08182525"><ele>55.16888427734375</ele><time>2018-12-24T04:02:45Z</time></trkpt><trkpt lat="22.51005409" lon="114.08183544"><ele>55.845458984375</ele><time>2018-12-24T04:02:49Z</time></trkpt><trkpt lat="22.51006749" lon="114.08184927"><ele>56.4539794921875</ele><time>2018-12-24T04:02:53Z</time></trkpt><trkpt lat="22.51007701" lon="114.08186957"><ele>58.05401611328125</ele><time>2018-12-24T04:02:58Z</time></trkpt><trkpt lat="22.51009059" lon="114.08188509"><ele>59.84857177734375</ele><time>2018-12-24T04:03:02Z</time></trkpt><trkpt lat="22.51009356" lon="114.08190794"><ele>61.28546142578125</ele><time>2018-12-24T04:03:06Z</time></trkpt><trkpt lat="22.51009285" lon="114.08192767"><ele>62.244140625</ele><time>2018-12-24T04:03:09Z</time></trkpt><trkpt lat="22.51010202" lon="114.08195193"><ele>63.04388427734375</ele><time>2018-12-24T04:03:13Z</time></trkpt><trkpt lat="22.510121" lon="114.08196339"><ele>63.083251953125</ele><time>2018-12-24T04:03:17Z</time></trkpt><trkpt lat="22.51014142" lon="114.08196615"><ele>63.47119140625</ele><time>2018-12-24T04:03:20Z</time></trkpt><trkpt lat="22.5101622" lon="114.08197204"><ele>63.7479248046875</ele><time>2018-12-24T04:03:23Z</time></trkpt><trkpt lat="22.51017894" lon="114.08198703"><ele>65.37493896484375</ele><time>2018-12-24T04:03:28Z</time></trkpt><trkpt lat="22.51019894" lon="114.08200168"><ele>66.383056640625</ele><time>2018-12-24T04:03:32Z</time></trkpt><trkpt lat="22.51020794" lon="114.08201946"><ele>67.14166259765625</ele><time>2018-12-24T04:03:35Z</time></trkpt><trkpt lat="22.51020645" lon="114.08204392"><ele>68.23040771484375</ele><time>2018-12-24T04:03:39Z</time></trkpt><trkpt lat="22.5102022" lon="114.08206321"><ele>69.00994873046875</ele><time>2018-12-24T04:03:43Z</time></trkpt><trkpt lat="22.51021315" lon="114.08208077"><ele>69.50506591796875</ele><time>2018-12-24T04:03:47Z</time></trkpt><trkpt lat="22.51022867" lon="114.0820912"><ele>70.34527587890625</ele><time>2018-12-24T04:03:52Z</time></trkpt><trkpt lat="22.51024174" lon="114.08210749"><ele>70.83154296875</ele><time>2018-12-24T04:04:03Z</time></trkpt><trkpt lat="22.5102434" lon="114.0821296"><ele>72.29132080078125</ele><time>2018-12-24T04:04:07Z</time></trkpt><trkpt lat="22.51024985" lon="114.08215471"><ele>73.0107421875</ele><time>2018-12-24T04:04:11Z</time></trkpt><trkpt lat="22.51025453" lon="114.08217787"><ele>74.0361328125</ele><time>2018-12-24T04:04:15Z</time></trkpt><trkpt lat="22.51024792" lon="114.08219986"><ele>74.53985595703125</ele><time>2018-12-24T04:04:18Z</time></trkpt><trkpt lat="22.5102526" lon="114.08222383"><ele>75.11578369140625</ele><time>2018-12-24T04:04:21Z</time></trkpt><trkpt lat="22.51026111" lon="114.08224123"><ele>75.7078857421875</ele><time>2018-12-24T04:04:24Z</time></trkpt><trkpt lat="22.51026051" lon="114.0822654"><ele>76.76202392578125</ele><time>2018-12-24T04:04:28Z</time></trkpt><trkpt lat="22.51026102" lon="114.08228508"><ele>76.9735107421875</ele><time>2018-12-24T04:04:31Z</time></trkpt><trkpt lat="22.51026312" lon="114.08230979"><ele>77.6617431640625</ele><time>2018-12-24T04:04:34Z</time></trkpt><trkpt lat="22.51026617" lon="114.08233513"><ele>78.44549560546875</ele><time>2018-12-24T04:04:37Z</time></trkpt><trkpt lat="22.51026814" lon="114.0823592"><ele>79.26556396484375</ele><time>2018-12-24T04:04:40Z</time></trkpt><trkpt lat="22.51027584" lon="114.08238296"><ele>79.8140869140625</ele><time>2018-12-24T04:04:43Z</time></trkpt><trkpt lat="22.51029069" lon="114.08240369"><ele>80.147705078125</ele><time>2018-12-24T04:04:46Z</time></trkpt><trkpt lat="22.51030669" lon="114.08242107"><ele>80.7235107421875</ele><time>2018-12-24T04:04:49Z</time></trkpt><trkpt lat="22.51032198" lon="114.08243715"><ele>80.72845458984375</ele><time>2018-12-24T04:04:52Z</time></trkpt><trkpt lat="22.51030907" lon="114.08245206"><ele>80.975830078125</ele><time>2018-12-24T04:05:27Z</time></trkpt><trkpt lat="22.51032662" lon="114.08245865"><ele>80.70947265625</ele><time>2018-12-24T04:06:09Z</time></trkpt><trkpt lat="22.51033074" lon="114.08247762"><ele>80.65155029296875</ele><time>2018-12-24T04:06:26Z</time></trkpt><trkpt lat="22.51034132" lon="114.08249486"><ele>82.297607421875</ele><time>2018-12-24T04:06:59Z</time></trkpt><trkpt lat="22.5103235" lon="114.08248942"><ele>82.4141845703125</ele><time>2018-12-24T04:07:25Z</time></trkpt><trkpt lat="22.51031373" lon="114.08246887"><ele>84.512939453125</ele><time>2018-12-24T04:07:50Z</time></trkpt><trkpt lat="22.51031346" lon="114.08250119"><ele>83.65765380859375</ele><time>2018-12-24T04:07:59Z</time></trkpt><trkpt lat="22.51031773" lon="114.08252548"><ele>82.2860107421875</ele><time>2018-12-24T04:08:01Z</time></trkpt><trkpt lat="22.51032563" lon="114.08255274"><ele>80.35595703125</ele><time>2018-12-24T04:08:03Z</time></trkpt><trkpt lat="22.51032995" lon="114.08258045"><ele>79.8138427734375</ele><time>2018-12-24T04:08:05Z</time></trkpt><trkpt lat="22.5103298" lon="114.08260952"><ele>79.206787109375</ele><time>2018-12-24T04:08:07Z</time></trkpt><trkpt lat="22.51032818" lon="114.08264046"><ele>78.51068115234375</ele><time>2018-12-24T04:08:09Z</time></trkpt><trkpt lat="22.51032425" lon="114.08266724"><ele>78.20037841796875</ele><time>2018-12-24T04:08:11Z</time></trkpt><trkpt lat="22.51031737" lon="114.08268977"><ele>79.2220458984375</ele><time>2018-12-24T04:08:13Z</time></trkpt><trkpt lat="22.51031553" lon="114.08271282"><ele>79.3074951171875</ele><time>2018-12-24T04:08:15Z</time></trkpt><trkpt lat="22.51031365" lon="114.08273606"><ele>79.983154296875</ele><time>2018-12-24T04:08:18Z</time></trkpt><trkpt lat="22.51030714" lon="114.08276334"><ele>79.55450439453125</ele><time>2018-12-24T04:08:20Z</time></trkpt><trkpt lat="22.5103012" lon="114.08278969"><ele>78.8701171875</ele><time>2018-12-24T04:08:22Z</time></trkpt><trkpt lat="22.51029487" lon="114.08281319"><ele>78.87811279296875</ele><time>2018-12-24T04:08:24Z</time></trkpt><trkpt lat="22.51029236" lon="114.08283384"><ele>79.2979736328125</ele><time>2018-12-24T04:08:26Z</time></trkpt><trkpt lat="22.51029807" lon="114.08285727"><ele>78.26080322265625</ele><time>2018-12-24T04:08:28Z</time></trkpt><trkpt lat="22.51030483" lon="114.08289078"><ele>79.9383544921875</ele><time>2018-12-24T04:08:31Z</time></trkpt><trkpt lat="22.51030053" lon="114.08292676"><ele>80.088134765625</ele><time>2018-12-24T04:08:33Z</time></trkpt><trkpt lat="22.51029116" lon="114.08295796"><ele>81.2528076171875</ele><time>2018-12-24T04:08:35Z</time></trkpt><trkpt lat="22.51028315" lon="114.08298297"><ele>81.429443359375</ele><time>2018-12-24T04:08:37Z</time></trkpt><trkpt lat="22.51028076" lon="114.08301078"><ele>79.845458984375</ele><time>2018-12-24T04:08:39Z</time></trkpt><trkpt lat="22.5102766" lon="114.08303962"><ele>80.3878173828125</ele><time>2018-12-24T04:08:41Z</time></trkpt><trkpt lat="22.51026992" lon="114.08307141"><ele>80.41259765625</ele><time>2018-12-24T04:08:43Z</time></trkpt><trkpt lat="22.5102683" lon="114.08310229"><ele>79.56866455078125</ele><time>2018-12-24T04:08:45Z</time></trkpt><trkpt lat="22.51026926" lon="114.08312883"><ele>78.6600341796875</ele><time>2018-12-24T04:08:47Z</time></trkpt><trkpt lat="22.51027107" lon="114.08315254"><ele>78.71514892578125</ele><time>2018-12-24T04:08:49Z</time></trkpt><trkpt lat="22.51027659" lon="114.08317909"><ele>79.559326171875</ele><time>2018-12-24T04:08:51Z</time></trkpt><trkpt lat="22.51028193" lon="114.08320598"><ele>79.0048828125</ele><time>2018-12-24T04:08:53Z</time></trkpt><trkpt lat="22.51028388" lon="114.08323143"><ele>79.949462890625</ele><time>2018-12-24T04:08:55Z</time></trkpt><trkpt lat="22.51028093" lon="114.08325862"><ele>80.1041259765625</ele><time>2018-12-24T04:08:57Z</time></trkpt><trkpt lat="22.51027927" lon="114.08327959"><ele>79.93804931640625</ele><time>2018-12-24T04:08:59Z</time></trkpt><trkpt lat="22.51028485" lon="114.08330457"><ele>79.43792724609375</ele><time>2018-12-24T04:09:01Z</time></trkpt><trkpt lat="22.51029483" lon="114.08332619"><ele>77.8985595703125</ele><time>2018-12-24T04:09:03Z</time></trkpt><trkpt lat="22.51030248" lon="114.08334727"><ele>77.312744140625</ele><time>2018-12-24T04:09:05Z</time></trkpt><trkpt lat="22.51030616" lon="114.08337525"><ele>76.9193115234375</ele><time>2018-12-24T04:09:07Z</time></trkpt><trkpt lat="22.51030005" lon="114.08340105"><ele>77.56085205078125</ele><time>2018-12-24T04:09:09Z</time></trkpt><trkpt lat="22.51029669" lon="114.08342793"><ele>76.68902587890625</ele><time>2018-12-24T04:09:11Z</time></trkpt><trkpt lat="22.51029336" lon="114.08345715"><ele>75.925537109375</ele><time>2018-12-24T04:09:13Z</time></trkpt><trkpt lat="22.51029113" lon="114.08347712"><ele>76.44146728515625</ele><time>2018-12-24T04:09:16Z</time></trkpt><trkpt lat="22.5102944" lon="114.08350432"><ele>77.18609619140625</ele><time>2018-12-24T04:09:18Z</time></trkpt><trkpt lat="22.51029258" lon="114.08352543"><ele>77.14794921875</ele><time>2018-12-24T04:09:20Z</time></trkpt><trkpt lat="22.51028448" lon="114.08355413"><ele>78.1007080078125</ele><time>2018-12-24T04:09:23Z</time></trkpt><trkpt lat="22.51028019" lon="114.0835788"><ele>78.07965087890625</ele><time>2018-12-24T04:09:25Z</time></trkpt><trkpt lat="22.51027664" lon="114.08360434"><ele>79.7908935546875</ele><time>2018-12-24T04:09:27Z</time></trkpt><trkpt lat="22.51028016" lon="114.08363232"><ele>80.64361572265625</ele><time>2018-12-24T04:09:30Z</time></trkpt><trkpt lat="22.51028118" lon="114.08365694"><ele>80.08270263671875</ele><time>2018-12-24T04:09:32Z</time></trkpt><trkpt lat="22.51028255" lon="114.08368579"><ele>80.27056884765625</ele><time>2018-12-24T04:09:34Z</time></trkpt><trkpt lat="22.51028872" lon="114.08370608"><ele>79.98638916015625</ele><time>2018-12-24T04:09:36Z</time></trkpt><trkpt lat="22.51029395" lon="114.08373429"><ele>80.06146240234375</ele><time>2018-12-24T04:09:38Z</time></trkpt><trkpt lat="22.51029946" lon="114.08376437"><ele>79.47662353515625</ele><time>2018-12-24T04:09:40Z</time></trkpt><trkpt lat="22.51031024" lon="114.08378887"><ele>78.477294921875</ele><time>2018-12-24T04:09:42Z</time></trkpt><trkpt lat="22.51031994" lon="114.08380752"><ele>77.94085693359375</ele><time>2018-12-24T04:09:44Z</time></trkpt><trkpt lat="22.51031814" lon="114.08383193"><ele>76.6510009765625</ele><time>2018-12-24T04:09:46Z</time></trkpt><trkpt lat="22.51031088" lon="114.08385807"><ele>76.63861083984375</ele><time>2018-12-24T04:09:48Z</time></trkpt><trkpt lat="22.51030758" lon="114.0838815"><ele>77.03143310546875</ele><time>2018-12-24T04:09:50Z</time></trkpt><trkpt lat="22.51030808" lon="114.08390411"><ele>77.6055908203125</ele><time>2018-12-24T04:09:52Z</time></trkpt><trkpt lat="22.51031218" lon="114.08393397"><ele>77.8536376953125</ele><time>2018-12-24T04:09:56Z</time></trkpt><trkpt lat="22.51031526" lon="114.08395917"><ele>77.70123291015625</ele><time>2018-12-24T04:09:58Z</time></trkpt><trkpt lat="22.51031542" lon="114.08398565"><ele>77.4989013671875</ele><time>2018-12-24T04:10:00Z</time></trkpt><trkpt lat="22.51031644" lon="114.08400762"><ele>75.9278564453125</ele><time>2018-12-24T04:10:02Z</time></trkpt><trkpt lat="22.51031394" lon="114.08403092"><ele>73.90545654296875</ele><time>2018-12-24T04:10:04Z</time></trkpt><trkpt lat="22.51031818" lon="114.0840571"><ele>73.80078125</ele><time>2018-12-24T04:10:06Z</time></trkpt><trkpt lat="22.51032518" lon="114.08408294"><ele>73.56414794921875</ele><time>2018-12-24T04:10:08Z</time></trkpt><trkpt lat="22.51032832" lon="114.08410537"><ele>73.63470458984375</ele><time>2018-12-24T04:10:10Z</time></trkpt><trkpt lat="22.51033454" lon="114.0841243"><ele>73.4180908203125</ele><time>2018-12-24T04:10:12Z</time></trkpt><trkpt lat="22.51034255" lon="114.08414485"><ele>73.97125244140625</ele><time>2018-12-24T04:10:14Z</time></trkpt><trkpt lat="22.51034806" lon="114.08416967"><ele>73.78692626953125</ele><time>2018-12-24T04:10:16Z</time></trkpt><trkpt lat="22.51035044" lon="114.08419596"><ele>74.045166015625</ele><time>2018-12-24T04:10:18Z</time></trkpt><trkpt lat="22.51034929" lon="114.0842301"><ele>74.8353271484375</ele><time>2018-12-24T04:10:21Z</time></trkpt><trkpt lat="22.51034788" lon="114.08425942"><ele>73.8792724609375</ele><time>2018-12-24T04:10:23Z</time></trkpt><trkpt lat="22.51034889" lon="114.08428557"><ele>73.71728515625</ele><time>2018-12-24T04:10:25Z</time></trkpt><trkpt lat="22.51035031" lon="114.08431101"><ele>74.1551513671875</ele><time>2018-12-24T04:10:27Z</time></trkpt><trkpt lat="22.51035395" lon="114.08433273"><ele>74.54974365234375</ele><time>2018-12-24T04:10:29Z</time></trkpt><trkpt lat="22.51036152" lon="114.08435499"><ele>74.912353515625</ele><time>2018-12-24T04:10:31Z</time></trkpt><trkpt lat="22.51037824" lon="114.08437372"><ele>75.63226318359375</ele><time>2018-12-24T04:10:34Z</time></trkpt><trkpt lat="22.51039039" lon="114.08439464"><ele>75.824462890625</ele><time>2018-12-24T04:10:36Z</time></trkpt><trkpt lat="22.51040068" lon="114.08441609"><ele>75.9227294921875</ele><time>2018-12-24T04:10:38Z</time></trkpt><trkpt lat="22.51041094" lon="114.08443706"><ele>75.45709228515625</ele><time>2018-12-24T04:10:40Z</time></trkpt><trkpt lat="22.51041641" lon="114.08446088"><ele>75.64483642578125</ele><time>2018-12-24T04:10:42Z</time></trkpt><trkpt lat="22.5104234" lon="114.0844794"><ele>75.654052734375</ele><time>2018-12-24T04:10:44Z</time></trkpt><trkpt lat="22.51043782" lon="114.08449151"><ele>76.20135498046875</ele><time>2018-12-24T04:10:46Z</time></trkpt><trkpt lat="22.51045658" lon="114.08450715"><ele>76.9501953125</ele><time>2018-12-24T04:10:48Z</time></trkpt><trkpt lat="22.51045806" lon="114.08453607"><ele>78.876708984375</ele><time>2018-12-24T04:10:53Z</time></trkpt><trkpt lat="22.51045518" lon="114.08456253"><ele>78.95660400390625</ele><time>2018-12-24T04:10:56Z</time></trkpt><trkpt lat="22.51045453" lon="114.0845836"><ele>78.5198974609375</ele><time>2018-12-24T04:10:58Z</time></trkpt><trkpt lat="22.51045743" lon="114.08460433"><ele>78.72784423828125</ele><time>2018-12-24T04:11:00Z</time></trkpt><trkpt lat="22.51045676" lon="114.08463231"><ele>79.39898681640625</ele><time>2018-12-24T04:11:03Z</time></trkpt><trkpt lat="22.51046812" lon="114.08465875"><ele>79.24371337890625</ele><time>2018-12-24T04:11:06Z</time></trkpt><trkpt lat="22.51048344" lon="114.08467295"><ele>79.4830322265625</ele><time>2018-12-24T04:11:08Z</time></trkpt><trkpt lat="22.51050268" lon="114.08468344"><ele>80.3890380859375</ele><time>2018-12-24T04:11:10Z</time></trkpt><trkpt lat="22.51051855" lon="114.08469558"><ele>81.556884765625</ele><time>2018-12-24T04:11:13Z</time></trkpt><trkpt lat="22.51052613" lon="114.08471352"><ele>83.91302490234375</ele><time>2018-12-24T04:11:18Z</time></trkpt><trkpt lat="22.51053786" lon="114.0847331"><ele>84.49383544921875</ele><time>2018-12-24T04:11:42Z</time></trkpt><trkpt lat="22.5105511" lon="114.08474708"><ele>85.43023681640625</ele><time>2018-12-24T04:11:45Z</time></trkpt><trkpt lat="22.51055934" lon="114.08476624"><ele>86.868408203125</ele><time>2018-12-24T04:11:49Z</time></trkpt><trkpt lat="22.5105774" lon="114.08477879"><ele>86.79168701171875</ele><time>2018-12-24T04:12:02Z</time></trkpt><trkpt lat="22.51059932" lon="114.0847915"><ele>89.07696533203125</ele><time>2018-12-24T04:12:06Z</time></trkpt><trkpt lat="22.51062032" lon="114.08480643"><ele>89.427001953125</ele><time>2018-12-24T04:12:08Z</time></trkpt><trkpt lat="22.51064157" lon="114.08481657"><ele>90.1903076171875</ele><time>2018-12-24T04:12:11Z</time></trkpt><trkpt lat="22.51065063" lon="114.0848354"><ele>90.94879150390625</ele><time>2018-12-24T04:12:15Z</time></trkpt><trkpt lat="22.51065644" lon="114.0848544"><ele>93.7020263671875</ele><time>2018-12-24T04:12:23Z</time></trkpt><trkpt lat="22.51066599" lon="114.08487192"><ele>92.88055419921875</ele><time>2018-12-24T04:12:26Z</time></trkpt><trkpt lat="22.51067999" lon="114.08489385"><ele>92.46240234375</ele><time>2018-12-24T04:12:33Z</time></trkpt><trkpt lat="22.51068728" lon="114.08491794"><ele>94.8505859375</ele><time>2018-12-24T04:12:40Z</time></trkpt><trkpt lat="22.5106912" lon="114.08494245"><ele>96.9036865234375</ele><time>2018-12-24T04:12:51Z</time></trkpt><trkpt lat="22.51070205" lon="114.0849591"><ele>97.72528076171875</ele><time>2018-12-24T04:12:54Z</time></trkpt><trkpt lat="22.51071976" lon="114.08497257"><ele>97.0677490234375</ele><time>2018-12-24T04:12:58Z</time></trkpt><trkpt lat="22.51073402" lon="114.08498624"><ele>100.02239990234375</ele><time>2018-12-24T04:13:02Z</time></trkpt><trkpt lat="22.5107525" lon="114.08498411"><ele>100.8150634765625</ele><time>2018-12-24T04:13:06Z</time></trkpt><trkpt lat="22.51075389" lon="114.08500399"><ele>103.24896240234375</ele><time>2018-12-24T04:13:14Z</time></trkpt><trkpt lat="22.51076306" lon="114.08502098"><ele>105.997802734375</ele><time>2018-12-24T04:13:20Z</time></trkpt><trkpt lat="22.51078146" lon="114.08503355"><ele>106.58441162109375</ele><time>2018-12-24T04:13:25Z</time></trkpt><trkpt lat="22.51079856" lon="114.08504347"><ele>106.66455078125</ele><time>2018-12-24T04:13:28Z</time></trkpt><trkpt lat="22.51081112" lon="114.0850612"><ele>107.685791015625</ele><time>2018-12-24T04:13:36Z</time></trkpt><trkpt lat="22.51082207" lon="114.08508192"><ele>108.86334228515625</ele><time>2018-12-24T04:13:47Z</time></trkpt><trkpt lat="22.51083266" lon="114.08510125"><ele>108.9019775390625</ele><time>2018-12-24T04:13:50Z</time></trkpt><trkpt lat="22.51084489" lon="114.08512204"><ele>110.92376708984375</ele><time>2018-12-24T04:13:53Z</time></trkpt><trkpt lat="22.51085846" lon="114.08513898"><ele>110.76397705078125</ele><time>2018-12-24T04:13:56Z</time></trkpt><trkpt lat="22.5108779" lon="114.08515521"><ele>111.84283447265625</ele><time>2018-12-24T04:13:59Z</time></trkpt><trkpt lat="22.51089482" lon="114.08516719"><ele>113.0494384765625</ele><time>2018-12-24T04:14:02Z</time></trkpt><trkpt lat="22.51091461" lon="114.08517427"><ele>115.4193115234375</ele><time>2018-12-24T04:14:10Z</time></trkpt><trkpt lat="22.51092875" lon="114.08519749"><ele>116.579833984375</ele><time>2018-12-24T04:14:13Z</time></trkpt><trkpt lat="22.51093918" lon="114.08521389"><ele>117.03607177734375</ele><time>2018-12-24T04:14:15Z</time></trkpt><trkpt lat="22.51094711" lon="114.08523609"><ele>118.1011962890625</ele><time>2018-12-24T04:14:17Z</time></trkpt><trkpt lat="22.51095074" lon="114.08525564"><ele>118.8787841796875</ele><time>2018-12-24T04:14:19Z</time></trkpt><trkpt lat="22.5109541" lon="114.08527537"><ele>118.962158203125</ele><time>2018-12-24T04:14:22Z</time></trkpt><trkpt lat="22.51097235" lon="114.08529678"><ele>119.1710205078125</ele><time>2018-12-24T04:14:25Z</time></trkpt><trkpt lat="22.51098711" lon="114.08531201"><ele>119.458984375</ele><time>2018-12-24T04:14:27Z</time></trkpt><trkpt lat="22.51100188" lon="114.08532765"><ele>120.27777099609375</ele><time>2018-12-24T04:14:29Z</time></trkpt><trkpt lat="22.5110142" lon="114.08534219"><ele>120.5728759765625</ele><time>2018-12-24T04:14:31Z</time></trkpt><trkpt lat="22.51102063" lon="114.08536444"><ele>122.57049560546875</ele><time>2018-12-24T04:14:34Z</time></trkpt><trkpt lat="22.51102017" lon="114.08538473"><ele>124.09014892578125</ele><time>2018-12-24T04:14:37Z</time></trkpt><trkpt lat="22.5110261" lon="114.08540684"><ele>124.32318115234375</ele><time>2018-12-24T04:14:41Z</time></trkpt><trkpt lat="22.51103644" lon="114.08542723"><ele>124.689697265625</ele><time>2018-12-24T04:14:44Z</time></trkpt><trkpt lat="22.51104427" lon="114.0854518"><ele>124.927001953125</ele><time>2018-12-24T04:14:47Z</time></trkpt><trkpt lat="22.51104924" lon="114.08547749"><ele>124.837890625</ele><time>2018-12-24T04:14:51Z</time></trkpt><trkpt lat="22.51105377" lon="114.08550562"><ele>124.853271484375</ele><time>2018-12-24T04:14:54Z</time></trkpt><trkpt lat="22.51105349" lon="114.0855302"><ele>125.873779296875</ele><time>2018-12-24T04:14:58Z</time></trkpt><trkpt lat="22.51105876" lon="114.0855561"><ele>126.53271484375</ele><time>2018-12-24T04:15:05Z</time></trkpt><trkpt lat="22.51107017" lon="114.08557809"><ele>126.13909912109375</ele><time>2018-12-24T04:15:07Z</time></trkpt><trkpt lat="22.51107608" lon="114.085598"><ele>126.59588623046875</ele><time>2018-12-24T04:15:09Z</time></trkpt><trkpt lat="22.51107485" lon="114.08562087"><ele>127.6419677734375</ele><time>2018-12-24T04:15:11Z</time></trkpt><trkpt lat="22.51106944" lon="114.0856437"><ele>128.93206787109375</ele><time>2018-12-24T04:15:13Z</time></trkpt><trkpt lat="22.51106646" lon="114.08567215"><ele>130.007080078125</ele><time>2018-12-24T04:15:15Z</time></trkpt><trkpt lat="22.51106571" lon="114.0856962"><ele>129.8436279296875</ele><time>2018-12-24T04:15:17Z</time></trkpt><trkpt lat="22.51106436" lon="114.08572348"><ele>128.584228515625</ele><time>2018-12-24T04:15:19Z</time></trkpt><trkpt lat="22.5110676" lon="114.08575155"><ele>128.2021484375</ele><time>2018-12-24T04:15:21Z</time></trkpt><trkpt lat="22.51107032" lon="114.08577757"><ele>128.639404296875</ele><time>2018-12-24T04:15:23Z</time></trkpt><trkpt lat="22.51106205" lon="114.08579798"><ele>128.93658447265625</ele><time>2018-12-24T04:15:26Z</time></trkpt><trkpt lat="22.51105441" lon="114.08581885"><ele>131.48284912109375</ele><time>2018-12-24T04:15:28Z</time></trkpt><trkpt lat="22.51104475" lon="114.0858368"><ele>131.5296630859375</ele><time>2018-12-24T04:15:30Z</time></trkpt><trkpt lat="22.51103247" lon="114.08586177"><ele>131.5955810546875</ele><time>2018-12-24T04:15:33Z</time></trkpt><trkpt lat="22.51101867" lon="114.08588325"><ele>131.6439208984375</ele><time>2018-12-24T04:15:36Z</time></trkpt><trkpt lat="22.5110164" lon="114.08591137"><ele>129.9935302734375</ele><time>2018-12-24T04:15:39Z</time></trkpt><trkpt lat="22.51101693" lon="114.08593886"><ele>131.3697509765625</ele><time>2018-12-24T04:15:41Z</time></trkpt><trkpt lat="22.51101892" lon="114.08596127"><ele>130.2520751953125</ele><time>2018-12-24T04:15:43Z</time></trkpt><trkpt lat="22.51101749" lon="114.08598153"><ele>131.07525634765625</ele><time>2018-12-24T04:15:45Z</time></trkpt><trkpt lat="22.51100423" lon="114.08599938"><ele>130.1824951171875</ele><time>2018-12-24T04:15:49Z</time></trkpt><trkpt lat="22.51101295" lon="114.08601827"><ele>131.312255859375</ele><time>2018-12-24T04:16:10Z</time></trkpt><trkpt lat="22.51099582" lon="114.0860352"><ele>134.59991455078125</ele><time>2018-12-24T04:16:25Z</time></trkpt><trkpt lat="22.51098744" lon="114.08601362"><ele>134.4068603515625</ele><time>2018-12-24T04:17:42Z</time></trkpt><trkpt lat="22.51096883" lon="114.08601208"><ele>131.943115234375</ele><time>2018-12-24T04:17:47Z</time></trkpt><trkpt lat="22.51096897" lon="114.08603297"><ele>132.88922119140625</ele><time>2018-12-24T04:17:56Z</time></trkpt><trkpt lat="22.51095655" lon="114.08605918"><ele>133.52056884765625</ele><time>2018-12-24T04:17:58Z</time></trkpt><trkpt lat="22.51094188" lon="114.08607723"><ele>133.427978515625</ele><time>2018-12-24T04:17:59Z</time></trkpt><trkpt lat="22.51093383" lon="114.08609518"><ele>132.3294677734375</ele><time>2018-12-24T04:18:00Z</time></trkpt><trkpt lat="22.510928" lon="114.08612713"><ele>131.8837890625</ele><time>2018-12-24T04:18:02Z</time></trkpt><trkpt lat="22.51092808" lon="114.08615529"><ele>131.57720947265625</ele><time>2018-12-24T04:18:04Z</time></trkpt><trkpt lat="22.51092908" lon="114.08617537"><ele>130.41290283203125</ele><time>2018-12-24T04:18:06Z</time></trkpt><trkpt lat="22.51091284" lon="114.08619618"><ele>126.11663818359375</ele><time>2018-12-24T04:18:26Z</time></trkpt><trkpt lat="22.51089929" lon="114.08621375"><ele>127.72418212890625</ele><time>2018-12-24T04:18:29Z</time></trkpt><trkpt lat="22.5108886" lon="114.08623499"><ele>130.3203125</ele><time>2018-12-24T04:18:32Z</time></trkpt><trkpt lat="22.51087717" lon="114.08625085"><ele>130.54296875</ele><time>2018-12-24T04:18:37Z</time></trkpt><trkpt lat="22.51086746" lon="114.08627373"><ele>129.0836181640625</ele><time>2018-12-24T04:18:39Z</time></trkpt><trkpt lat="22.51086247" lon="114.08629283"><ele>128.237060546875</ele><time>2018-12-24T04:18:41Z</time></trkpt><trkpt lat="22.51085676" lon="114.08631849"><ele>127.5521240234375</ele><time>2018-12-24T04:18:43Z</time></trkpt><trkpt lat="22.51084911" lon="114.08634578"><ele>126.58746337890625</ele><time>2018-12-24T04:18:45Z</time></trkpt><trkpt lat="22.51084062" lon="114.08636737"><ele>126.904052734375</ele><time>2018-12-24T04:18:47Z</time></trkpt><trkpt lat="22.51082782" lon="114.08638936"><ele>127.5142822265625</ele><time>2018-12-24T04:18:49Z</time></trkpt><trkpt lat="22.51081454" lon="114.08641003"><ele>128.3389892578125</ele><time>2018-12-24T04:18:51Z</time></trkpt><trkpt lat="22.51080307" lon="114.08643832"><ele>126.87548828125</ele><time>2018-12-24T04:18:55Z</time></trkpt><trkpt lat="22.51079523" lon="114.08645817"><ele>126.2181396484375</ele><time>2018-12-24T04:18:57Z</time></trkpt><trkpt lat="22.51078581" lon="114.08648122"><ele>125.4556884765625</ele><time>2018-12-24T04:19:00Z</time></trkpt><trkpt lat="22.51077139" lon="114.08650343"><ele>124.29364013671875</ele><time>2018-12-24T04:19:03Z</time></trkpt><trkpt lat="22.51076194" lon="114.08652005"><ele>124.270751953125</ele><time>2018-12-24T04:19:05Z</time></trkpt><trkpt lat="22.51075355" lon="114.08654144"><ele>124.2279052734375</ele><time>2018-12-24T04:19:07Z</time></trkpt><trkpt lat="22.51074335" lon="114.08656284"><ele>124.9974365234375</ele><time>2018-12-24T04:19:10Z</time></trkpt><trkpt lat="22.51074539" lon="114.0865889"><ele>124.43450927734375</ele><time>2018-12-24T04:19:13Z</time></trkpt><trkpt lat="22.51074144" lon="114.0866082"><ele>124.23468017578125</ele><time>2018-12-24T04:19:15Z</time></trkpt><trkpt lat="22.51073095" lon="114.08663113"><ele>123.2982177734375</ele><time>2018-12-24T04:19:18Z</time></trkpt><trkpt lat="22.51072211" lon="114.08664929"><ele>122.33258056640625</ele><time>2018-12-24T04:19:21Z</time></trkpt><trkpt lat="22.51072069" lon="114.08667098"><ele>122.6456298828125</ele><time>2018-12-24T04:19:24Z</time></trkpt><trkpt lat="22.51071616" lon="114.08669136"><ele>121.75750732421875</ele><time>2018-12-24T04:19:26Z</time></trkpt><trkpt lat="22.51071264" lon="114.08671438"><ele>121.92376708984375</ele><time>2018-12-24T04:19:28Z</time></trkpt><trkpt lat="22.51071091" lon="114.08673716"><ele>120.7169189453125</ele><time>2018-12-24T04:19:30Z</time></trkpt><trkpt lat="22.51070755" lon="114.08675736"><ele>119.77099609375</ele><time>2018-12-24T04:19:32Z</time></trkpt><trkpt lat="22.51069634" lon="114.08677528"><ele>118.14276123046875</ele><time>2018-12-24T04:19:35Z</time></trkpt><trkpt lat="22.51068072" lon="114.08679173"><ele>118.321044921875</ele><time>2018-12-24T04:19:39Z</time></trkpt><trkpt lat="22.51067581" lon="114.08681164"><ele>115.53497314453125</ele><time>2018-12-24T04:19:44Z</time></trkpt><trkpt lat="22.51067543" lon="114.08683327"><ele>113.2755126953125</ele><time>2018-12-24T04:19:49Z</time></trkpt><trkpt lat="22.51069628" lon="114.08684265"><ele>112.776123046875</ele><time>2018-12-24T04:19:54Z</time></trkpt><trkpt lat="22.51071246" lon="114.0868528"><ele>113.19683837890625</ele><time>2018-12-24T04:19:58Z</time></trkpt><trkpt lat="22.51073536" lon="114.08685558"><ele>111.479736328125</ele><time>2018-12-24T04:20:04Z</time></trkpt><trkpt lat="22.51074728" lon="114.08687019"><ele>111.1287841796875</ele><time>2018-12-24T04:20:08Z</time></trkpt><trkpt lat="22.51076887" lon="114.08687323"><ele>108.631591796875</ele><time>2018-12-24T04:20:12Z</time></trkpt><trkpt lat="22.51078634" lon="114.08688848"><ele>105.86456298828125</ele><time>2018-12-24T04:20:16Z</time></trkpt><trkpt lat="22.51079108" lon="114.08690912"><ele>106.3917236328125</ele><time>2018-12-24T04:20:19Z</time></trkpt><trkpt lat="22.51079365" lon="114.08693626"><ele>106.3563232421875</ele><time>2018-12-24T04:20:22Z</time></trkpt><trkpt lat="22.51078356" lon="114.08695519"><ele>105.39697265625</ele><time>2018-12-24T04:20:24Z</time></trkpt><trkpt lat="22.51077102" lon="114.08697832"><ele>105.43914794921875</ele><time>2018-12-24T04:20:27Z</time></trkpt><trkpt lat="22.51077312" lon="114.08699773"><ele>104.65631103515625</ele><time>2018-12-24T04:20:30Z</time></trkpt><trkpt lat="22.51076258" lon="114.08701682"><ele>102.84600830078125</ele><time>2018-12-24T04:20:34Z</time></trkpt><trkpt lat="22.51074744" lon="114.08702812"><ele>102.85443115234375</ele><time>2018-12-24T04:20:37Z</time></trkpt><trkpt lat="22.51073304" lon="114.08704178"><ele>101.248779296875</ele><time>2018-12-24T04:20:40Z</time></trkpt><trkpt lat="22.51071383" lon="114.08705379"><ele>100.8387451171875</ele><time>2018-12-24T04:20:43Z</time></trkpt><trkpt lat="22.51069734" lon="114.08706605"><ele>100.25091552734375</ele><time>2018-12-24T04:20:46Z</time></trkpt><trkpt lat="22.51068409" lon="114.08707936"><ele>100.29034423828125</ele><time>2018-12-24T04:20:48Z</time></trkpt><trkpt lat="22.51067003" lon="114.08710064"><ele>99.080078125</ele><time>2018-12-24T04:20:51Z</time></trkpt><trkpt lat="22.51065991" lon="114.08712679"><ele>98.2332763671875</ele><time>2018-12-24T04:20:55Z</time></trkpt><trkpt lat="22.51065066" lon="114.08715553"><ele>97.97589111328125</ele><time>2018-12-24T04:20:58Z</time></trkpt><trkpt lat="22.51064354" lon="114.08717424"><ele>96.68560791015625</ele><time>2018-12-24T04:21:00Z</time></trkpt><trkpt lat="22.51063736" lon="114.08719573"><ele>96.2208251953125</ele><time>2018-12-24T04:21:02Z</time></trkpt><trkpt lat="22.51063183" lon="114.08721587"><ele>95.4971923828125</ele><time>2018-12-24T04:21:04Z</time></trkpt><trkpt lat="22.5106329" lon="114.08723803"><ele>94.861083984375</ele><time>2018-12-24T04:21:06Z</time></trkpt><trkpt lat="22.51064076" lon="114.08726495"><ele>94.26708984375</ele><time>2018-12-24T04:21:09Z</time></trkpt><trkpt lat="22.51064535" lon="114.08728468"><ele>94.0380859375</ele><time>2018-12-24T04:21:11Z</time></trkpt><trkpt lat="22.51064867" lon="114.08730655"><ele>93.4659423828125</ele><time>2018-12-24T04:21:13Z</time></trkpt><trkpt lat="22.51065172" lon="114.08733275"><ele>92.55181884765625</ele><time>2018-12-24T04:21:15Z</time></trkpt><trkpt lat="22.51065817" lon="114.08735872"><ele>92.0447998046875</ele><time>2018-12-24T04:21:17Z</time></trkpt><trkpt lat="22.51065903" lon="114.08737958"><ele>92.18377685546875</ele><time>2018-12-24T04:21:19Z</time></trkpt><trkpt lat="22.51066021" lon="114.08740942"><ele>93.17193603515625</ele><time>2018-12-24T04:21:21Z</time></trkpt><trkpt lat="22.5106666" lon="114.08743166"><ele>93.54010009765625</ele><time>2018-12-24T04:21:23Z</time></trkpt><trkpt lat="22.51067826" lon="114.08745134"><ele>94.4517822265625</ele><time>2018-12-24T04:21:25Z</time></trkpt><trkpt lat="22.51069071" lon="114.08746947"><ele>94.43707275390625</ele><time>2018-12-24T04:21:27Z</time></trkpt><trkpt lat="22.5107019" lon="114.08748769"><ele>93.61285400390625</ele><time>2018-12-24T04:21:29Z</time></trkpt><trkpt lat="22.51071522" lon="114.08750845"><ele>93.29632568359375</ele><time>2018-12-24T04:21:31Z</time></trkpt><trkpt lat="22.51072884" lon="114.08753055"><ele>92.10882568359375</ele><time>2018-12-24T04:21:33Z</time></trkpt><trkpt lat="22.51073583" lon="114.08755276"><ele>92.1202392578125</ele><time>2018-12-24T04:21:35Z</time></trkpt><trkpt lat="22.51074693" lon="114.08757629"><ele>91.57110595703125</ele><time>2018-12-24T04:21:37Z</time></trkpt><trkpt lat="22.51076098" lon="114.0875957"><ele>90.628173828125</ele><time>2018-12-24T04:21:39Z</time></trkpt><trkpt lat="22.51077214" lon="114.08761437"><ele>89.9156494140625</ele><time>2018-12-24T04:21:41Z</time></trkpt><trkpt lat="22.51078865" lon="114.08763605"><ele>88.5546875</ele><time>2018-12-24T04:21:44Z</time></trkpt><trkpt lat="22.5108118" lon="114.08764883"><ele>88.2685546875</ele><time>2018-12-24T04:21:47Z</time></trkpt><trkpt lat="22.51082195" lon="114.08766718"><ele>87.6241455078125</ele><time>2018-12-24T04:21:55Z</time></trkpt><trkpt lat="22.5108396" lon="114.08767537"><ele>87.1416015625</ele><time>2018-12-24T04:21:59Z</time></trkpt><trkpt lat="22.51085799" lon="114.08768155"><ele>88.04119873046875</ele><time>2018-12-24T04:22:01Z</time></trkpt><trkpt lat="22.5108766" lon="114.08769159"><ele>87.715576171875</ele><time>2018-12-24T04:22:03Z</time></trkpt><trkpt lat="22.51089792" lon="114.08770873"><ele>85.79437255859375</ele><time>2018-12-24T04:22:06Z</time></trkpt><trkpt lat="22.51091478" lon="114.08772954"><ele>85.594482421875</ele><time>2018-12-24T04:22:09Z</time></trkpt><trkpt lat="22.51093633" lon="114.08774058"><ele>84.58648681640625</ele><time>2018-12-24T04:22:12Z</time></trkpt><trkpt lat="22.51095493" lon="114.08774804"><ele>83.3209228515625</ele><time>2018-12-24T04:22:14Z</time></trkpt><trkpt lat="22.51097279" lon="114.08775384"><ele>82.33489990234375</ele><time>2018-12-24T04:22:16Z</time></trkpt><trkpt lat="22.51099418" lon="114.08775125"><ele>81.7965087890625</ele><time>2018-12-24T04:22:18Z</time></trkpt><trkpt lat="22.51101299" lon="114.08774282"><ele>81.17462158203125</ele><time>2018-12-24T04:22:21Z</time></trkpt><trkpt lat="22.51103689" lon="114.08774553"><ele>80.74884033203125</ele><time>2018-12-24T04:22:24Z</time></trkpt><trkpt lat="22.51106096" lon="114.08775131"><ele>80.244140625</ele><time>2018-12-24T04:22:27Z</time></trkpt><trkpt lat="22.51108324" lon="114.08775316"><ele>79.31646728515625</ele><time>2018-12-24T04:22:29Z</time></trkpt><trkpt lat="22.51110829" lon="114.08775705"><ele>77.9375</ele><time>2018-12-24T04:22:31Z</time></trkpt><trkpt lat="22.51113285" lon="114.08775715"><ele>77.37274169921875</ele><time>2018-12-24T04:22:33Z</time></trkpt><trkpt lat="22.51115598" lon="114.08775861"><ele>77.4510498046875</ele><time>2018-12-24T04:22:35Z</time></trkpt><trkpt lat="22.51117691" lon="114.08776065"><ele>76.84405517578125</ele><time>2018-12-24T04:22:37Z</time></trkpt><trkpt lat="22.51119943" lon="114.08775259"><ele>76.7410888671875</ele><time>2018-12-24T04:22:41Z</time></trkpt><trkpt lat="22.51121781" lon="114.08774252"><ele>76.38922119140625</ele><time>2018-12-24T04:22:44Z</time></trkpt><trkpt lat="22.51123971" lon="114.08773698"><ele>77.03662109375</ele><time>2018-12-24T04:22:48Z</time></trkpt><trkpt lat="22.5112585" lon="114.08773399"><ele>77.66241455078125</ele><time>2018-12-24T04:22:51Z</time></trkpt><trkpt lat="22.51128046" lon="114.08773545"><ele>77.46197509765625</ele><time>2018-12-24T04:22:56Z</time></trkpt><trkpt lat="22.51130023" lon="114.0877354"><ele>77.341796875</ele><time>2018-12-24T04:22:59Z</time></trkpt><trkpt lat="22.51132495" lon="114.08773744"><ele>77.9649658203125</ele><time>2018-12-24T04:23:04Z</time></trkpt><trkpt lat="22.51134364" lon="114.08774415"><ele>79.2515869140625</ele><time>2018-12-24T04:23:07Z</time></trkpt><trkpt lat="22.51136188" lon="114.08775539"><ele>81.00225830078125</ele><time>2018-12-24T04:23:10Z</time></trkpt><trkpt lat="22.51138124" lon="114.08776512"><ele>81.83197021484375</ele><time>2018-12-24T04:23:13Z</time></trkpt><trkpt lat="22.51140427" lon="114.08777212"><ele>81.98486328125</ele><time>2018-12-24T04:23:16Z</time></trkpt><trkpt lat="22.51142767" lon="114.08778325"><ele>81.97589111328125</ele><time>2018-12-24T04:23:19Z</time></trkpt><trkpt lat="22.51144741" lon="114.08778911"><ele>82.60009765625</ele><time>2018-12-24T04:23:23Z</time></trkpt><trkpt lat="22.51146722" lon="114.08778879"><ele>82.5916748046875</ele><time>2018-12-24T04:23:25Z</time></trkpt><trkpt lat="22.51148791" lon="114.08778765"><ele>82.8377685546875</ele><time>2018-12-24T04:23:27Z</time></trkpt><trkpt lat="22.51150959" lon="114.08778571"><ele>83.72711181640625</ele><time>2018-12-24T04:23:29Z</time></trkpt><trkpt lat="22.51152818" lon="114.08778246"><ele>83.70843505859375</ele><time>2018-12-24T04:23:31Z</time></trkpt><trkpt lat="22.51155099" lon="114.08777521"><ele>83.29901123046875</ele><time>2018-12-24T04:23:33Z</time></trkpt><trkpt lat="22.51157455" lon="114.08776668"><ele>83.48773193359375</ele><time>2018-12-24T04:23:36Z</time></trkpt><trkpt lat="22.51159993" lon="114.08775684"><ele>83.50714111328125</ele><time>2018-12-24T04:23:39Z</time></trkpt><trkpt lat="22.5116213" lon="114.08775476"><ele>84.28057861328125</ele><time>2018-12-24T04:23:42Z</time></trkpt><trkpt lat="22.51163925" lon="114.08776085"><ele>85.15643310546875</ele><time>2018-12-24T04:23:44Z</time></trkpt><trkpt lat="22.51165655" lon="114.08776637"><ele>85.8056640625</ele><time>2018-12-24T04:23:47Z</time></trkpt><trkpt lat="22.51168226" lon="114.08777522"><ele>86.13079833984375</ele><time>2018-12-24T04:23:50Z</time></trkpt><trkpt lat="22.51170254" lon="114.0877758"><ele>86.1051025390625</ele><time>2018-12-24T04:23:52Z</time></trkpt><trkpt lat="22.51173005" lon="114.08777704"><ele>87.01776123046875</ele><time>2018-12-24T04:23:55Z</time></trkpt><trkpt lat="22.51175623" lon="114.08778584"><ele>87.069580078125</ele><time>2018-12-24T04:23:58Z</time></trkpt><trkpt lat="22.5117746" lon="114.0877933"><ele>87.5484619140625</ele><time>2018-12-24T04:24:00Z</time></trkpt><trkpt lat="22.51179297" lon="114.08779988"><ele>87.8326416015625</ele><time>2018-12-24T04:24:02Z</time></trkpt><trkpt lat="22.5118118" lon="114.08780536"><ele>88.05859375</ele><time>2018-12-24T04:24:04Z</time></trkpt><trkpt lat="22.51183521" lon="114.08781308"><ele>88.3785400390625</ele><time>2018-12-24T04:24:06Z</time></trkpt><trkpt lat="22.51185527" lon="114.08782712"><ele>90.27423095703125</ele><time>2018-12-24T04:24:09Z</time></trkpt><trkpt lat="22.51187386" lon="114.08784713"><ele>90.201416015625</ele><time>2018-12-24T04:24:12Z</time></trkpt><trkpt lat="22.51188924" lon="114.08786325"><ele>90.22900390625</ele><time>2018-12-24T04:24:14Z</time></trkpt><trkpt lat="22.51190396" lon="114.08787996"><ele>90.694091796875</ele><time>2018-12-24T04:24:16Z</time></trkpt><trkpt lat="22.5119171" lon="114.08789622"><ele>90.30810546875</ele><time>2018-12-24T04:24:18Z</time></trkpt><trkpt lat="22.51193052" lon="114.08791558"><ele>90.25811767578125</ele><time>2018-12-24T04:24:20Z</time></trkpt><trkpt lat="22.51194356" lon="114.08793722"><ele>90.5948486328125</ele><time>2018-12-24T04:24:22Z</time></trkpt><trkpt lat="22.51195468" lon="114.08795525"><ele>91.5787353515625</ele><time>2018-12-24T04:24:24Z</time></trkpt><trkpt lat="22.51196221" lon="114.08797493"><ele>93.76507568359375</ele><time>2018-12-24T04:24:26Z</time></trkpt><trkpt lat="22.51196897" lon="114.08799577"><ele>93.92132568359375</ele><time>2018-12-24T04:24:28Z</time></trkpt><trkpt lat="22.51198486" lon="114.08801678"><ele>94.3399658203125</ele><time>2018-12-24T04:24:31Z</time></trkpt><trkpt lat="22.51199758" lon="114.08803805"><ele>95.42669677734375</ele><time>2018-12-24T04:24:34Z</time></trkpt><trkpt lat="22.5120139" lon="114.08805434"><ele>96.59271240234375</ele><time>2018-12-24T04:24:37Z</time></trkpt><trkpt lat="22.51202942" lon="114.08807317"><ele>97.8033447265625</ele><time>2018-12-24T04:24:40Z</time></trkpt><trkpt lat="22.51205008" lon="114.08808999"><ele>98.34503173828125</ele><time>2018-12-24T04:24:43Z</time></trkpt><trkpt lat="22.51206629" lon="114.08809944"><ele>98.67999267578125</ele><time>2018-12-24T04:24:45Z</time></trkpt><trkpt lat="22.5120913" lon="114.08810585"><ele>97.817626953125</ele><time>2018-12-24T04:24:48Z</time></trkpt><trkpt lat="22.51211199" lon="114.08810347"><ele>97.1656494140625</ele><time>2018-12-24T04:24:50Z</time></trkpt><trkpt lat="22.51213028" lon="114.08810026"><ele>97.015380859375</ele><time>2018-12-24T04:24:52Z</time></trkpt><trkpt lat="22.51215145" lon="114.08809858"><ele>96.971435546875</ele><time>2018-12-24T04:24:54Z</time></trkpt><trkpt lat="22.51217249" lon="114.08809589"><ele>97.15185546875</ele><time>2018-12-24T04:24:57Z</time></trkpt><trkpt lat="22.5121916" lon="114.0880962"><ele>96.6444091796875</ele><time>2018-12-24T04:25:00Z</time></trkpt><trkpt lat="22.51221163" lon="114.08810142"><ele>96.47900390625</ele><time>2018-12-24T04:25:11Z</time></trkpt><trkpt lat="22.51223741" lon="114.08809699"><ele>96.4276123046875</ele><time>2018-12-24T04:25:16Z</time></trkpt><trkpt lat="22.51225811" lon="114.08809078"><ele>95.97625732421875</ele><time>2018-12-24T04:25:18Z</time></trkpt><trkpt lat="22.51227937" lon="114.08808773"><ele>95.4908447265625</ele><time>2018-12-24T04:25:20Z</time></trkpt><trkpt lat="22.51230334" lon="114.08808489"><ele>94.3089599609375</ele><time>2018-12-24T04:25:22Z</time></trkpt><trkpt lat="22.51232718" lon="114.0880817"><ele>92.354736328125</ele><time>2018-12-24T04:25:24Z</time></trkpt><trkpt lat="22.51235543" lon="114.0880819"><ele>91.64990234375</ele><time>2018-12-24T04:25:26Z</time></trkpt><trkpt lat="22.51238032" lon="114.08807933"><ele>90.61572265625</ele><time>2018-12-24T04:25:28Z</time></trkpt><trkpt lat="22.51240265" lon="114.08808282"><ele>90.2177734375</ele><time>2018-12-24T04:25:30Z</time></trkpt><trkpt lat="22.51242997" lon="114.08808981"><ele>89.78814697265625</ele><time>2018-12-24T04:25:32Z</time></trkpt><trkpt lat="22.5124597" lon="114.08809855"><ele>88.98077392578125</ele><time>2018-12-24T04:25:34Z</time></trkpt><trkpt lat="22.51248877" lon="114.08809839"><ele>88.9957275390625</ele><time>2018-12-24T04:25:36Z</time></trkpt><trkpt lat="22.51250723" lon="114.08809281"><ele>88.89715576171875</ele><time>2018-12-24T04:25:38Z</time></trkpt><trkpt lat="22.51253092" lon="114.08809342"><ele>88.57281494140625</ele><time>2018-12-24T04:25:40Z</time></trkpt><trkpt lat="22.51256037" lon="114.08809828"><ele>88.49139404296875</ele><time>2018-12-24T04:25:42Z</time></trkpt><trkpt lat="22.51259048" lon="114.08810489"><ele>88.36968994140625</ele><time>2018-12-24T04:25:44Z</time></trkpt><trkpt lat="22.51261761" lon="114.08811158"><ele>87.60284423828125</ele><time>2018-12-24T04:25:46Z</time></trkpt><trkpt lat="22.5126437" lon="114.0881171"><ele>87.8719482421875</ele><time>2018-12-24T04:25:48Z</time></trkpt><trkpt lat="22.51267002" lon="114.08812092"><ele>88.21881103515625</ele><time>2018-12-24T04:25:50Z</time></trkpt><trkpt lat="22.51269804" lon="114.08812004"><ele>88.601806640625</ele><time>2018-12-24T04:25:52Z</time></trkpt><trkpt lat="22.51272228" lon="114.08811733"><ele>89.3280029296875</ele><time>2018-12-24T04:25:54Z</time></trkpt><trkpt lat="22.51274761" lon="114.08811608"><ele>89.07220458984375</ele><time>2018-12-24T04:25:56Z</time></trkpt><trkpt lat="22.51277337" lon="114.08811475"><ele>89.45135498046875</ele><time>2018-12-24T04:25:58Z</time></trkpt><trkpt lat="22.51279722" lon="114.08811629"><ele>89.57781982421875</ele><time>2018-12-24T04:26:00Z</time></trkpt><trkpt lat="22.51282403" lon="114.08811917"><ele>89.07269287109375</ele><time>2018-12-24T04:26:02Z</time></trkpt><trkpt lat="22.51284899" lon="114.08811914"><ele>89.37158203125</ele><time>2018-12-24T04:26:04Z</time></trkpt><trkpt lat="22.51287043" lon="114.08811618"><ele>89.38336181640625</ele><time>2018-12-24T04:26:06Z</time></trkpt><trkpt lat="22.51289826" lon="114.08811305"><ele>88.8721923828125</ele><time>2018-12-24T04:26:08Z</time></trkpt><trkpt lat="22.51291925" lon="114.08811295"><ele>89.4295654296875</ele><time>2018-12-24T04:26:10Z</time></trkpt><trkpt lat="22.51294554" lon="114.08811373"><ele>90.20257568359375</ele><time>2018-12-24T04:26:14Z</time></trkpt><trkpt lat="22.51296608" lon="114.08810887"><ele>91.052001953125</ele><time>2018-12-24T04:26:16Z</time></trkpt><trkpt lat="22.51298709" lon="114.08811761"><ele>91.98419189453125</ele><time>2018-12-24T04:26:20Z</time></trkpt><trkpt lat="22.51299939" lon="114.08813492"><ele>92.660400390625</ele><time>2018-12-24T04:26:24Z</time></trkpt><trkpt lat="22.51301653" lon="114.08814306"><ele>94.3170166015625</ele><time>2018-12-24T04:26:27Z</time></trkpt><trkpt lat="22.51303848" lon="114.08815063"><ele>94.37689208984375</ele><time>2018-12-24T04:26:30Z</time></trkpt><trkpt lat="22.51305674" lon="114.0881612"><ele>94.2646484375</ele><time>2018-12-24T04:26:32Z</time></trkpt><trkpt lat="22.51307819" lon="114.08817447"><ele>94.9893798828125</ele><time>2018-12-24T04:26:34Z</time></trkpt><trkpt lat="22.51309456" lon="114.08818952"><ele>95.757568359375</ele><time>2018-12-24T04:26:36Z</time></trkpt><trkpt lat="22.51311297" lon="114.0882054"><ele>94.72320556640625</ele><time>2018-12-24T04:26:39Z</time></trkpt><trkpt lat="22.51313768" lon="114.08821538"><ele>93.099365234375</ele><time>2018-12-24T04:26:42Z</time></trkpt><trkpt lat="22.51315537" lon="114.08823178"><ele>94.23773193359375</ele><time>2018-12-24T04:26:44Z</time></trkpt><trkpt lat="22.51317113" lon="114.08825506"><ele>95.19512939453125</ele><time>2018-12-24T04:26:46Z</time></trkpt><trkpt lat="22.51317884" lon="114.08828124"><ele>95.88037109375</ele><time>2018-12-24T04:27:11Z</time></trkpt><trkpt lat="22.51317526" lon="114.08830163"><ele>94.69183349609375</ele><time>2018-12-24T04:27:14Z</time></trkpt><trkpt lat="22.51317409" lon="114.08832262"><ele>93.6419677734375</ele><time>2018-12-24T04:27:26Z</time></trkpt><trkpt lat="22.51317838" lon="114.08834203"><ele>93.18646240234375</ele><time>2018-12-24T04:28:02Z</time></trkpt><trkpt lat="22.51318718" lon="114.08836125"><ele>92.27655029296875</ele><time>2018-12-24T04:28:05Z</time></trkpt><trkpt lat="22.51319739" lon="114.08838414"><ele>92.1363525390625</ele><time>2018-12-24T04:28:08Z</time></trkpt><trkpt lat="22.51321062" lon="114.08840047"><ele>91.3245849609375</ele><time>2018-12-24T04:28:10Z</time></trkpt><trkpt lat="22.51322612" lon="114.08841776"><ele>92.40899658203125</ele><time>2018-12-24T04:28:12Z</time></trkpt><trkpt lat="22.51323965" lon="114.08843204"><ele>91.78857421875</ele><time>2018-12-24T04:28:14Z</time></trkpt><trkpt lat="22.51325334" lon="114.08844727"><ele>92.04449462890625</ele><time>2018-12-24T04:28:16Z</time></trkpt><trkpt lat="22.51326934" lon="114.08846252"><ele>92.05828857421875</ele><time>2018-12-24T04:28:18Z</time></trkpt><trkpt lat="22.51328353" lon="114.08847596"><ele>91.139892578125</ele><time>2018-12-24T04:28:20Z</time></trkpt><trkpt lat="22.51329831" lon="114.08849353"><ele>90.273193359375</ele><time>2018-12-24T04:28:22Z</time></trkpt><trkpt lat="22.51330927" lon="114.08851292"><ele>89.81561279296875</ele><time>2018-12-24T04:28:24Z</time></trkpt><trkpt lat="22.51332267" lon="114.08852997"><ele>89.2579345703125</ele><time>2018-12-24T04:28:26Z</time></trkpt><trkpt lat="22.513341" lon="114.08854613"><ele>89.979736328125</ele><time>2018-12-24T04:28:28Z</time></trkpt><trkpt lat="22.5133573" lon="114.08855977"><ele>90.861572265625</ele><time>2018-12-24T04:28:30Z</time></trkpt><trkpt lat="22.51337874" lon="114.08857376"><ele>87.90478515625</ele><time>2018-12-24T04:28:32Z</time></trkpt><trkpt lat="22.51339737" lon="114.08858893"><ele>86.61236572265625</ele><time>2018-12-24T04:28:34Z</time></trkpt><trkpt lat="22.51341218" lon="114.08860567"><ele>86.4144287109375</ele><time>2018-12-24T04:28:37Z</time></trkpt><trkpt lat="22.51342617" lon="114.08862273"><ele>86.56048583984375</ele><time>2018-12-24T04:28:39Z</time></trkpt><trkpt lat="22.51343803" lon="114.08864103"><ele>85.7578125</ele><time>2018-12-24T04:28:41Z</time></trkpt><trkpt lat="22.51344994" lon="114.08865821"><ele>85.92645263671875</ele><time>2018-12-24T04:28:43Z</time></trkpt><trkpt lat="22.51346831" lon="114.08867521"><ele>86.3193359375</ele><time>2018-12-24T04:28:45Z</time></trkpt><trkpt lat="22.51347829" lon="114.08869517"><ele>85.76507568359375</ele><time>2018-12-24T04:28:47Z</time></trkpt><trkpt lat="22.51348492" lon="114.08871974"><ele>85.92132568359375</ele><time>2018-12-24T04:28:49Z</time></trkpt><trkpt lat="22.51349299" lon="114.08874038"><ele>85.83544921875</ele><time>2018-12-24T04:28:51Z</time></trkpt><trkpt lat="22.51349937" lon="114.08876184"><ele>84.9541015625</ele><time>2018-12-24T04:28:53Z</time></trkpt><trkpt lat="22.51350855" lon="114.08877866"><ele>85.50048828125</ele><time>2018-12-24T04:28:55Z</time></trkpt><trkpt lat="22.51351554" lon="114.08879784"><ele>88.31365966796875</ele><time>2018-12-24T04:29:14Z</time></trkpt><trkpt lat="22.51352349" lon="114.08881542"><ele>86.53912353515625</ele><time>2018-12-24T04:29:17Z</time></trkpt><trkpt lat="22.51353434" lon="114.08883335"><ele>85.83990478515625</ele><time>2018-12-24T04:29:19Z</time></trkpt><trkpt lat="22.51354781" lon="114.08885805"><ele>86.50543212890625</ele><time>2018-12-24T04:29:21Z</time></trkpt><trkpt lat="22.51355725" lon="114.08887748"><ele>85.92279052734375</ele><time>2018-12-24T04:29:23Z</time></trkpt><trkpt lat="22.51357416" lon="114.08889024"><ele>84.5260009765625</ele><time>2018-12-24T04:29:41Z</time></trkpt><trkpt lat="22.51358421" lon="114.0889137"><ele>84.813720703125</ele><time>2018-12-24T04:29:43Z</time></trkpt><trkpt lat="22.51359479" lon="114.08893473"><ele>83.9403076171875</ele><time>2018-12-24T04:29:45Z</time></trkpt><trkpt lat="22.51361028" lon="114.08895602"><ele>83.472900390625</ele><time>2018-12-24T04:29:47Z</time></trkpt><trkpt lat="22.51362449" lon="114.08897588"><ele>83.00872802734375</ele><time>2018-12-24T04:29:49Z</time></trkpt><trkpt lat="22.51363818" lon="114.08899447"><ele>83.21533203125</ele><time>2018-12-24T04:29:51Z</time></trkpt><trkpt lat="22.51365139" lon="114.08901282"><ele>83.294189453125</ele><time>2018-12-24T04:29:53Z</time></trkpt><trkpt lat="22.51366318" lon="114.08903465"><ele>83.31231689453125</ele><time>2018-12-24T04:29:55Z</time></trkpt><trkpt lat="22.51367552" lon="114.08906003"><ele>82.86529541015625</ele><time>2018-12-24T04:29:57Z</time></trkpt><trkpt lat="22.51368894" lon="114.08908123"><ele>82.8226318359375</ele><time>2018-12-24T04:29:59Z</time></trkpt><trkpt lat="22.51370452" lon="114.08909997"><ele>82.39013671875</ele><time>2018-12-24T04:30:01Z</time></trkpt><trkpt lat="22.51371958" lon="114.08911893"><ele>82.9686279296875</ele><time>2018-12-24T04:30:03Z</time></trkpt><trkpt lat="22.51373301" lon="114.08913955"><ele>83.03192138671875</ele><time>2018-12-24T04:30:05Z</time></trkpt><trkpt lat="22.51374428" lon="114.08915997"><ele>83.1788330078125</ele><time>2018-12-24T04:30:07Z</time></trkpt><trkpt lat="22.51375711" lon="114.08918087"><ele>83.18084716796875</ele><time>2018-12-24T04:30:09Z</time></trkpt><trkpt lat="22.51377175" lon="114.08920116"><ele>83.29638671875</ele><time>2018-12-24T04:30:11Z</time></trkpt><trkpt lat="22.51378863" lon="114.08922035"><ele>83.7152099609375</ele><time>2018-12-24T04:30:13Z</time></trkpt><trkpt lat="22.51380332" lon="114.08923856"><ele>84.0389404296875</ele><time>2018-12-24T04:30:15Z</time></trkpt><trkpt lat="22.51381734" lon="114.08925598"><ele>85.0792236328125</ele><time>2018-12-24T04:30:17Z</time></trkpt><trkpt lat="22.51382914" lon="114.08927544"><ele>86.2796630859375</ele><time>2018-12-24T04:30:19Z</time></trkpt><trkpt lat="22.51383603" lon="114.08929916"><ele>87.18218994140625</ele><time>2018-12-24T04:30:21Z</time></trkpt><trkpt lat="22.51384311" lon="114.08932232"><ele>87.826416015625</ele><time>2018-12-24T04:30:23Z</time></trkpt><trkpt lat="22.51385067" lon="114.08934262"><ele>87.8477783203125</ele><time>2018-12-24T04:30:25Z</time></trkpt><trkpt lat="22.51386142" lon="114.08936582"><ele>87.77215576171875</ele><time>2018-12-24T04:30:27Z</time></trkpt><trkpt lat="22.51387109" lon="114.08939017"><ele>87.8607177734375</ele><time>2018-12-24T04:30:29Z</time></trkpt><trkpt lat="22.51387934" lon="114.08941233"><ele>87.3533935546875</ele><time>2018-12-24T04:30:31Z</time></trkpt><trkpt lat="22.51388762" lon="114.08943292"><ele>87.7681884765625</ele><time>2018-12-24T04:30:33Z</time></trkpt><trkpt lat="22.51389895" lon="114.08945749"><ele>88.26373291015625</ele><time>2018-12-24T04:30:35Z</time></trkpt><trkpt lat="22.51390612" lon="114.08947849"><ele>88.72247314453125</ele><time>2018-12-24T04:30:37Z</time></trkpt><trkpt lat="22.51391454" lon="114.0895005"><ele>88.85107421875</ele><time>2018-12-24T04:30:39Z</time></trkpt><trkpt lat="22.51392333" lon="114.08952455"><ele>89.8392333984375</ele><time>2018-12-24T04:30:41Z</time></trkpt><trkpt lat="22.51393023" lon="114.08954881"><ele>89.68511962890625</ele><time>2018-12-24T04:30:43Z</time></trkpt><trkpt lat="22.51393937" lon="114.08957121"><ele>90.6759033203125</ele><time>2018-12-24T04:30:45Z</time></trkpt><trkpt lat="22.51394943" lon="114.08959094"><ele>91.745849609375</ele><time>2018-12-24T04:30:47Z</time></trkpt><trkpt lat="22.51395826" lon="114.08960987"><ele>91.90460205078125</ele><time>2018-12-24T04:30:49Z</time></trkpt><trkpt lat="22.51396863" lon="114.08963117"><ele>92.0882568359375</ele><time>2018-12-24T04:30:51Z</time></trkpt><trkpt lat="22.51398023" lon="114.08964978"><ele>92.06903076171875</ele><time>2018-12-24T04:30:53Z</time></trkpt><trkpt lat="22.51399359" lon="114.08966831"><ele>91.900390625</ele><time>2018-12-24T04:30:55Z</time></trkpt><trkpt lat="22.51400947" lon="114.08968457"><ele>90.57403564453125</ele><time>2018-12-24T04:30:57Z</time></trkpt><trkpt lat="22.5140257" lon="114.08970418"><ele>91.3350830078125</ele><time>2018-12-24T04:30:59Z</time></trkpt><trkpt lat="22.51403914" lon="114.08972577"><ele>89.91009521484375</ele><time>2018-12-24T04:31:01Z</time></trkpt><trkpt lat="22.51405217" lon="114.08974794"><ele>89.60418701171875</ele><time>2018-12-24T04:31:03Z</time></trkpt><trkpt lat="22.51406969" lon="114.08976788"><ele>90.00897216796875</ele><time>2018-12-24T04:31:05Z</time></trkpt><trkpt lat="22.5140865" lon="114.08978874"><ele>89.86724853515625</ele><time>2018-12-24T04:31:07Z</time></trkpt><trkpt lat="22.51410022" lon="114.08980912"><ele>89.268798828125</ele><time>2018-12-24T04:31:09Z</time></trkpt><trkpt lat="22.51411666" lon="114.08982958"><ele>88.3328857421875</ele><time>2018-12-24T04:31:11Z</time></trkpt><trkpt lat="22.51413422" lon="114.08984724"><ele>88.917236328125</ele><time>2018-12-24T04:31:13Z</time></trkpt><trkpt lat="22.51415174" lon="114.08986283"><ele>89.1512451171875</ele><time>2018-12-24T04:31:15Z</time></trkpt><trkpt lat="22.51417169" lon="114.08987957"><ele>88.97149658203125</ele><time>2018-12-24T04:31:17Z</time></trkpt><trkpt lat="22.51419273" lon="114.08989507"><ele>88.970703125</ele><time>2018-12-24T04:31:19Z</time></trkpt><trkpt lat="22.51421204" lon="114.08991023"><ele>89.406005859375</ele><time>2018-12-24T04:31:21Z</time></trkpt><trkpt lat="22.51422865" lon="114.0899274"><ele>89.52569580078125</ele><time>2018-12-24T04:31:23Z</time></trkpt><trkpt lat="22.51424189" lon="114.08994368"><ele>90.0538330078125</ele><time>2018-12-24T04:31:25Z</time></trkpt><trkpt lat="22.51425766" lon="114.08995478"><ele>90.34222412109375</ele><time>2018-12-24T04:31:27Z</time></trkpt><trkpt lat="22.51427593" lon="114.08996117"><ele>90.26953125</ele><time>2018-12-24T04:31:29Z</time></trkpt><trkpt lat="22.51429835" lon="114.08997211"><ele>91.6573486328125</ele><time>2018-12-24T04:31:32Z</time></trkpt><trkpt lat="22.51431702" lon="114.08998489"><ele>92.578369140625</ele><time>2018-12-24T04:31:35Z</time></trkpt><trkpt lat="22.51432651" lon="114.09000863"><ele>95.0084228515625</ele><time>2018-12-24T04:31:39Z</time></trkpt><trkpt lat="22.51433869" lon="114.09002481"><ele>96.9473876953125</ele><time>2018-12-24T04:31:43Z</time></trkpt><trkpt lat="22.51435713" lon="114.09003841"><ele>96.71990966796875</ele><time>2018-12-24T04:31:48Z</time></trkpt><trkpt lat="22.51437541" lon="114.09005254"><ele>98.51556396484375</ele><time>2018-12-24T04:31:52Z</time></trkpt><trkpt lat="22.51439235" lon="114.09006059"><ele>98.99395751953125</ele><time>2018-12-24T04:31:55Z</time></trkpt><trkpt lat="22.5144088" lon="114.09006844"><ele>99.78985595703125</ele><time>2018-12-24T04:31:58Z</time></trkpt><trkpt lat="22.51442454" lon="114.09007959"><ele>100.40032958984375</ele><time>2018-12-24T04:32:01Z</time></trkpt><trkpt lat="22.51444285" lon="114.09008454"><ele>101.3387451171875</ele><time>2018-12-24T04:32:05Z</time></trkpt><trkpt lat="22.51446076" lon="114.09008766"><ele>102.09771728515625</ele><time>2018-12-24T04:32:08Z</time></trkpt><trkpt lat="22.51447564" lon="114.09010246"><ele>101.89373779296875</ele><time>2018-12-24T04:32:12Z</time></trkpt><trkpt lat="22.51449434" lon="114.09010852"><ele>102.04241943359375</ele><time>2018-12-24T04:32:16Z</time></trkpt><trkpt lat="22.51451749" lon="114.09011142"><ele>102.76641845703125</ele><time>2018-12-24T04:32:20Z</time></trkpt><trkpt lat="22.51453628" lon="114.09012373"><ele>103.4510498046875</ele><time>2018-12-24T04:32:23Z</time></trkpt><trkpt lat="22.51455294" lon="114.09014315"><ele>103.550537109375</ele><time>2018-12-24T04:32:26Z</time></trkpt><trkpt lat="22.51456875" lon="114.09015489"><ele>104.58447265625</ele><time>2018-12-24T04:32:29Z</time></trkpt><trkpt lat="22.51458253" lon="114.09016881"><ele>105.88330078125</ele><time>2018-12-24T04:32:32Z</time></trkpt><trkpt lat="22.5145997" lon="114.09018759"><ele>106.69525146484375</ele><time>2018-12-24T04:32:36Z</time></trkpt><trkpt lat="22.51461393" lon="114.09020256"><ele>107.97637939453125</ele><time>2018-12-24T04:32:39Z</time></trkpt><trkpt lat="22.51462724" lon="114.09021789"><ele>108.16015625</ele><time>2018-12-24T04:32:42Z</time></trkpt><trkpt lat="22.51463956" lon="114.09023313"><ele>107.6934814453125</ele><time>2018-12-24T04:32:45Z</time></trkpt><trkpt lat="22.51465544" lon="114.09024441"><ele>108.1790771484375</ele><time>2018-12-24T04:32:48Z</time></trkpt><trkpt lat="22.51466778" lon="114.09026118"><ele>109.375732421875</ele><time>2018-12-24T04:32:51Z</time></trkpt><trkpt lat="22.51468508" lon="114.09028022"><ele>110.8236083984375</ele><time>2018-12-24T04:32:55Z</time></trkpt><trkpt lat="22.51470362" lon="114.09029346"><ele>111.45074462890625</ele><time>2018-12-24T04:32:58Z</time></trkpt><trkpt lat="22.51471767" lon="114.09030612"><ele>111.34490966796875</ele><time>2018-12-24T04:33:00Z</time></trkpt><trkpt lat="22.51472978" lon="114.09032406"><ele>111.88812255859375</ele><time>2018-12-24T04:33:03Z</time></trkpt><trkpt lat="22.51474511" lon="114.09033881"><ele>112.59246826171875</ele><time>2018-12-24T04:33:06Z</time></trkpt><trkpt lat="22.51475804" lon="114.09035889"><ele>114.0357666015625</ele><time>2018-12-24T04:33:10Z</time></trkpt><trkpt lat="22.51477349" lon="114.09037421"><ele>114.33465576171875</ele><time>2018-12-24T04:33:14Z</time></trkpt><trkpt lat="22.51479011" lon="114.09038461"><ele>115.1348876953125</ele><time>2018-12-24T04:33:17Z</time></trkpt><trkpt lat="22.51480672" lon="114.09039821"><ele>116.3387451171875</ele><time>2018-12-24T04:33:20Z</time></trkpt><trkpt lat="22.51482119" lon="114.09041301"><ele>116.810302734375</ele><time>2018-12-24T04:33:23Z</time></trkpt><trkpt lat="22.51483854" lon="114.09042417"><ele>116.8251953125</ele><time>2018-12-24T04:33:26Z</time></trkpt><trkpt lat="22.51486238" lon="114.09043211"><ele>117.872314453125</ele><time>2018-12-24T04:33:29Z</time></trkpt><trkpt lat="22.51488398" lon="114.09044311"><ele>118.76861572265625</ele><time>2018-12-24T04:33:32Z</time></trkpt><trkpt lat="22.51489927" lon="114.09045606"><ele>118.7669677734375</ele><time>2018-12-24T04:33:34Z</time></trkpt><trkpt lat="22.5149187" lon="114.09046375"><ele>119.134521484375</ele><time>2018-12-24T04:33:50Z</time></trkpt><trkpt lat="22.51494094" lon="114.09048106"><ele>119.18402099609375</ele><time>2018-12-24T04:33:53Z</time></trkpt><trkpt lat="22.51496391" lon="114.09049557"><ele>119.9100341796875</ele><time>2018-12-24T04:33:55Z</time></trkpt><trkpt lat="22.51498731" lon="114.09050871"><ele>118.43450927734375</ele><time>2018-12-24T04:33:57Z</time></trkpt><trkpt lat="22.51501288" lon="114.09051903"><ele>117.40277099609375</ele><time>2018-12-24T04:33:59Z</time></trkpt><trkpt lat="22.51503547" lon="114.09052766"><ele>117.386474609375</ele><time>2018-12-24T04:34:01Z</time></trkpt><trkpt lat="22.51505388" lon="114.09054039"><ele>116.45166015625</ele><time>2018-12-24T04:34:03Z</time></trkpt><trkpt lat="22.51506969" lon="114.09055364"><ele>116.16094970703125</ele><time>2018-12-24T04:34:05Z</time></trkpt><trkpt lat="22.5150883" lon="114.0905635"><ele>115.482666015625</ele><time>2018-12-24T04:34:07Z</time></trkpt><trkpt lat="22.51510599" lon="114.09057154"><ele>114.90667724609375</ele><time>2018-12-24T04:34:10Z</time></trkpt><trkpt lat="22.51508792" lon="114.09057818"><ele>113.992919921875</ele><time>2018-12-24T04:34:24Z</time></trkpt><trkpt lat="22.51511148" lon="114.09056956"><ele>112.01080322265625</ele><time>2018-12-24T04:34:40Z</time></trkpt><trkpt lat="22.51512895" lon="114.09057597"><ele>111.325439453125</ele><time>2018-12-24T04:34:42Z</time></trkpt><trkpt lat="22.51515563" lon="114.09058458"><ele>110.59857177734375</ele><time>2018-12-24T04:34:44Z</time></trkpt><trkpt lat="22.51518081" lon="114.09059362"><ele>110.09759521484375</ele><time>2018-12-24T04:34:46Z</time></trkpt><trkpt lat="22.51520242" lon="114.09060011"><ele>109.66094970703125</ele><time>2018-12-24T04:34:48Z</time></trkpt><trkpt lat="22.51522134" lon="114.09060767"><ele>109.17987060546875</ele><time>2018-12-24T04:34:50Z</time></trkpt><trkpt lat="22.51524211" lon="114.09061965"><ele>108.951904296875</ele><time>2018-12-24T04:34:52Z</time></trkpt><trkpt lat="22.51526567" lon="114.09062467"><ele>109.86865234375</ele><time>2018-12-24T04:34:54Z</time></trkpt><trkpt lat="22.51528703" lon="114.09062232"><ele>110.24267578125</ele><time>2018-12-24T04:34:56Z</time></trkpt><trkpt lat="22.51530718" lon="114.09062157"><ele>110.801025390625</ele><time>2018-12-24T04:34:58Z</time></trkpt><trkpt lat="22.51532884" lon="114.0906297"><ele>111.736572265625</ele><time>2018-12-24T04:35:01Z</time></trkpt><trkpt lat="22.51534873" lon="114.09063957"><ele>112.07427978515625</ele><time>2018-12-24T04:35:04Z</time></trkpt><trkpt lat="22.51537503" lon="114.09064576"><ele>112.45477294921875</ele><time>2018-12-24T04:35:08Z</time></trkpt><trkpt lat="22.5154027" lon="114.09064992"><ele>113.085693359375</ele><time>2018-12-24T04:35:11Z</time></trkpt><trkpt lat="22.51542002" lon="114.09065626"><ele>113.49188232421875</ele><time>2018-12-24T04:35:13Z</time></trkpt><trkpt lat="22.51544084" lon="114.09066769"><ele>113.6314697265625</ele><time>2018-12-24T04:35:15Z</time></trkpt><trkpt lat="22.51545995" lon="114.09068164"><ele>114.25531005859375</ele><time>2018-12-24T04:35:18Z</time></trkpt><trkpt lat="22.51547774" lon="114.09069233"><ele>114.3946533203125</ele><time>2018-12-24T04:35:20Z</time></trkpt><trkpt lat="22.51549509" lon="114.09070427"><ele>114.844482421875</ele><time>2018-12-24T04:35:22Z</time></trkpt><trkpt lat="22.51551385" lon="114.09071526"><ele>115.2060546875</ele><time>2018-12-24T04:35:24Z</time></trkpt><trkpt lat="22.51553522" lon="114.09072876"><ele>115.49200439453125</ele><time>2018-12-24T04:35:27Z</time></trkpt><trkpt lat="22.51555279" lon="114.09074026"><ele>115.5875244140625</ele><time>2018-12-24T04:35:29Z</time></trkpt><trkpt lat="22.51557554" lon="114.0907548"><ele>115.7025146484375</ele><time>2018-12-24T04:35:32Z</time></trkpt><trkpt lat="22.51559505" lon="114.09077058"><ele>115.866455078125</ele><time>2018-12-24T04:35:34Z</time></trkpt><trkpt lat="22.51561336" lon="114.09078942"><ele>115.74334716796875</ele><time>2018-12-24T04:35:36Z</time></trkpt><trkpt lat="22.51562895" lon="114.09080726"><ele>116.393798828125</ele><time>2018-12-24T04:35:38Z</time></trkpt><trkpt lat="22.51564251" lon="114.09082408"><ele>116.55322265625</ele><time>2018-12-24T04:35:40Z</time></trkpt><trkpt lat="22.51565632" lon="114.09083899"><ele>116.69183349609375</ele><time>2018-12-24T04:35:42Z</time></trkpt><trkpt lat="22.51567405" lon="114.09085646"><ele>117.09747314453125</ele><time>2018-12-24T04:35:44Z</time></trkpt><trkpt lat="22.51568921" lon="114.09087287"><ele>117.72344970703125</ele><time>2018-12-24T04:35:46Z</time></trkpt><trkpt lat="22.51570276" lon="114.09089356"><ele>117.43359375</ele><time>2018-12-24T04:35:49Z</time></trkpt><trkpt lat="22.51571287" lon="114.09091334"><ele>117.741455078125</ele><time>2018-12-24T04:35:51Z</time></trkpt><trkpt lat="22.51572507" lon="114.09093206"><ele>118.4619140625</ele><time>2018-12-24T04:35:53Z</time></trkpt><trkpt lat="22.51573816" lon="114.09094614"><ele>118.4814453125</ele><time>2018-12-24T04:35:55Z</time></trkpt><trkpt lat="22.51575463" lon="114.09095887"><ele>118.73992919921875</ele><time>2018-12-24T04:35:57Z</time></trkpt><trkpt lat="22.51576831" lon="114.09098344"><ele>119.2066650390625</ele><time>2018-12-24T04:36:00Z</time></trkpt><trkpt lat="22.51578806" lon="114.09100671"><ele>119.87945556640625</ele><time>2018-12-24T04:36:03Z</time></trkpt><trkpt lat="22.51580454" lon="114.09102054"><ele>120.97052001953125</ele><time>2018-12-24T04:36:05Z</time></trkpt><trkpt lat="22.51581882" lon="114.09103682"><ele>120.96044921875</ele><time>2018-12-24T04:36:08Z</time></trkpt><trkpt lat="22.51583204" lon="114.09105531"><ele>122.0555419921875</ele><time>2018-12-24T04:36:11Z</time></trkpt><trkpt lat="22.51584513" lon="114.09106915"><ele>122.766357421875</ele><time>2018-12-24T04:36:14Z</time></trkpt><trkpt lat="22.51586228" lon="114.09108247"><ele>123.4189453125</ele><time>2018-12-24T04:36:16Z</time></trkpt><trkpt lat="22.5158805" lon="114.09109118"><ele>124.11297607421875</ele><time>2018-12-24T04:36:19Z</time></trkpt><trkpt lat="22.51589812" lon="114.09109572"><ele>124.34088134765625</ele><time>2018-12-24T04:36:22Z</time></trkpt><trkpt lat="22.51591703" lon="114.09110398"><ele>124.94903564453125</ele><time>2018-12-24T04:36:24Z</time></trkpt><trkpt lat="22.51593341" lon="114.09111268"><ele>125.64202880859375</ele><time>2018-12-24T04:36:26Z</time></trkpt><trkpt lat="22.51595253" lon="114.09111621"><ele>126.98687744140625</ele><time>2018-12-24T04:36:28Z</time></trkpt><trkpt lat="22.51597333" lon="114.09111569"><ele>126.89617919921875</ele><time>2018-12-24T04:36:30Z</time></trkpt><trkpt lat="22.51599119" lon="114.09112901"><ele>127.7947998046875</ele><time>2018-12-24T04:36:36Z</time></trkpt><trkpt lat="22.51601081" lon="114.09113921"><ele>128.76544189453125</ele><time>2018-12-24T04:36:38Z</time></trkpt><trkpt lat="22.51602852" lon="114.09115098"><ele>129.474365234375</ele><time>2018-12-24T04:36:43Z</time></trkpt><trkpt lat="22.51604943" lon="114.09115341"><ele>130.7962646484375</ele><time>2018-12-24T04:36:48Z</time></trkpt><trkpt lat="22.51607227" lon="114.09115074"><ele>130.1837158203125</ele><time>2018-12-24T04:36:54Z</time></trkpt><trkpt lat="22.51609594" lon="114.09114228"><ele>129.89019775390625</ele><time>2018-12-24T04:36:57Z</time></trkpt><trkpt lat="22.51611592" lon="114.09113404"><ele>130.16680908203125</ele><time>2018-12-24T04:36:59Z</time></trkpt><trkpt lat="22.51613417" lon="114.09112959"><ele>130.86090087890625</ele><time>2018-12-24T04:37:01Z</time></trkpt><trkpt lat="22.51616018" lon="114.09112619"><ele>131.236328125</ele><time>2018-12-24T04:37:04Z</time></trkpt><trkpt lat="22.51617773" lon="114.0911216"><ele>131.3370361328125</ele><time>2018-12-24T04:37:06Z</time></trkpt><trkpt lat="22.51620154" lon="114.09111831"><ele>132.4820556640625</ele><time>2018-12-24T04:37:09Z</time></trkpt><trkpt lat="22.51622268" lon="114.09111308"><ele>132.94940185546875</ele><time>2018-12-24T04:37:12Z</time></trkpt><trkpt lat="22.51624236" lon="114.09111004"><ele>133.54071044921875</ele><time>2018-12-24T04:37:16Z</time></trkpt><trkpt lat="22.5162648" lon="114.09110599"><ele>133.9708251953125</ele><time>2018-12-24T04:37:21Z</time></trkpt><trkpt lat="22.51628691" lon="114.0911059"><ele>134.19744873046875</ele><time>2018-12-24T04:37:23Z</time></trkpt><trkpt lat="22.51630603" lon="114.09111348"><ele>134.94207763671875</ele><time>2018-12-24T04:37:26Z</time></trkpt><trkpt lat="22.51632623" lon="114.09111667"><ele>135.71649169921875</ele><time>2018-12-24T04:37:34Z</time></trkpt><trkpt lat="22.51634614" lon="114.0911242"><ele>136.20068359375</ele><time>2018-12-24T04:37:37Z</time></trkpt><trkpt lat="22.51636472" lon="114.09113382"><ele>137.58746337890625</ele><time>2018-12-24T04:37:39Z</time></trkpt><trkpt lat="22.51639014" lon="114.0911423"><ele>137.76800537109375</ele><time>2018-12-24T04:37:42Z</time></trkpt><trkpt lat="22.51640978" lon="114.09114554"><ele>137.71307373046875</ele><time>2018-12-24T04:37:45Z</time></trkpt><trkpt lat="22.51643137" lon="114.09115099"><ele>137.33038330078125</ele><time>2018-12-24T04:37:49Z</time></trkpt><trkpt lat="22.51644934" lon="114.09116344"><ele>137.67498779296875</ele><time>2018-12-24T04:37:52Z</time></trkpt><trkpt lat="22.51646621" lon="114.09117297"><ele>138.4759521484375</ele><time>2018-12-24T04:37:56Z</time></trkpt><trkpt lat="22.51648054" lon="114.09118606"><ele>137.5118408203125</ele><time>2018-12-24T04:38:01Z</time></trkpt><trkpt lat="22.51646259" lon="114.09117753"><ele>139.89739990234375</ele><time>2018-12-24T04:38:17Z</time></trkpt><trkpt lat="22.51646753" lon="114.09115734"><ele>136.69403076171875</ele><time>2018-12-24T04:38:25Z</time></trkpt><trkpt lat="22.51644917" lon="114.09115316"><ele>138.1622314453125</ele><time>2018-12-24T04:38:34Z</time></trkpt><trkpt lat="22.51646747" lon="114.09115691"><ele>135.66094970703125</ele><time>2018-12-24T04:38:49Z</time></trkpt><trkpt lat="22.51648687" lon="114.09116284"><ele>137.0020751953125</ele><time>2018-12-24T04:39:06Z</time></trkpt><trkpt lat="22.51650697" lon="114.0911673"><ele>138.73876953125</ele><time>2018-12-24T04:39:10Z</time></trkpt><trkpt lat="22.51648612" lon="114.09116424"><ele>138.741455078125</ele><time>2018-12-24T04:39:29Z</time></trkpt><trkpt lat="22.51646826" lon="114.09116772"><ele>138.802490234375</ele><time>2018-12-24T04:39:40Z</time></trkpt><trkpt lat="22.51648936" lon="114.09116129"><ele>139.0185546875</ele><time>2018-12-24T04:40:21Z</time></trkpt><trkpt lat="22.5165014" lon="114.09117822"><ele>139.54638671875</ele><time>2018-12-24T04:40:43Z</time></trkpt><trkpt lat="22.51651801" lon="114.09116817"><ele>135.7593994140625</ele><time>2018-12-24T04:41:03Z</time></trkpt><trkpt lat="22.51649866" lon="114.09117016"><ele>137.7841796875</ele><time>2018-12-24T04:41:16Z</time></trkpt><trkpt lat="22.51648387" lon="114.09115837"><ele>138.96142578125</ele><time>2018-12-24T04:42:12Z</time></trkpt><trkpt lat="22.51650395" lon="114.0911668"><ele>143.9725341796875</ele><time>2018-12-24T04:45:22Z</time></trkpt><trkpt lat="22.51649512" lon="114.09118762"><ele>144.09173583984375</ele><time>2018-12-24T04:45:30Z</time></trkpt><trkpt lat="22.5165021" lon="114.09120603"><ele>139.54656982421875</ele><time>2018-12-24T04:46:21Z</time></trkpt><trkpt lat="22.51651792" lon="114.0912274"><ele>138.273193359375</ele><time>2018-12-24T04:46:25Z</time></trkpt><trkpt lat="22.51653688" lon="114.0912417"><ele>137.97509765625</ele><time>2018-12-24T04:46:27Z</time></trkpt><trkpt lat="22.51655758" lon="114.09126443"><ele>137.263427734375</ele><time>2018-12-24T04:46:29Z</time></trkpt><trkpt lat="22.516565" lon="114.09128938"><ele>136.3133544921875</ele><time>2018-12-24T04:46:31Z</time></trkpt><trkpt lat="22.51656877" lon="114.09131255"><ele>135.89813232421875</ele><time>2018-12-24T04:46:33Z</time></trkpt><trkpt lat="22.51657978" lon="114.09133208"><ele>135.59259033203125</ele><time>2018-12-24T04:46:36Z</time></trkpt><trkpt lat="22.51658226" lon="114.0913566"><ele>135.3155517578125</ele><time>2018-12-24T04:46:39Z</time></trkpt><trkpt lat="22.51657441" lon="114.09137815"><ele>132.8795166015625</ele><time>2018-12-24T04:46:42Z</time></trkpt><trkpt lat="22.51657169" lon="114.09140333"><ele>129.82000732421875</ele><time>2018-12-24T04:46:47Z</time></trkpt><trkpt lat="22.51656872" lon="114.09142466"><ele>128.8077392578125</ele><time>2018-12-24T04:46:49Z</time></trkpt><trkpt lat="22.51656609" lon="114.09144713"><ele>128.51861572265625</ele><time>2018-12-24T04:46:52Z</time></trkpt><trkpt lat="22.51656779" lon="114.09147318"><ele>127.09722900390625</ele><time>2018-12-24T04:46:55Z</time></trkpt><trkpt lat="22.51656976" lon="114.09149557"><ele>126.68841552734375</ele><time>2018-12-24T04:46:57Z</time></trkpt><trkpt lat="22.51657175" lon="114.09152326"><ele>126.52398681640625</ele><time>2018-12-24T04:46:59Z</time></trkpt><trkpt lat="22.51657006" lon="114.0915449"><ele>124.0028076171875</ele><time>2018-12-24T04:47:01Z</time></trkpt><trkpt lat="22.51656464" lon="114.09156639"><ele>122.8992919921875</ele><time>2018-12-24T04:47:05Z</time></trkpt><trkpt lat="22.51656203" lon="114.09159507"><ele>123.25531005859375</ele><time>2018-12-24T04:47:08Z</time></trkpt><trkpt lat="22.51656335" lon="114.09162417"><ele>122.44720458984375</ele><time>2018-12-24T04:47:11Z</time></trkpt><trkpt lat="22.51655769" lon="114.09165531"><ele>122.35272216796875</ele><time>2018-12-24T04:47:14Z</time></trkpt><trkpt lat="22.51655508" lon="114.09168107"><ele>120.7894287109375</ele><time>2018-12-24T04:47:16Z</time></trkpt><trkpt lat="22.51655124" lon="114.0917043"><ele>121.4017333984375</ele><time>2018-12-24T04:47:18Z</time></trkpt><trkpt lat="22.51654757" lon="114.09173042"><ele>120.2447509765625</ele><time>2018-12-24T04:47:20Z</time></trkpt><trkpt lat="22.51654496" lon="114.09175264"><ele>119.12249755859375</ele><time>2018-12-24T04:47:22Z</time></trkpt><trkpt lat="22.51654464" lon="114.09177449"><ele>119.00634765625</ele><time>2018-12-24T04:47:24Z</time></trkpt><trkpt lat="22.51654393" lon="114.09179981"><ele>118.72601318359375</ele><time>2018-12-24T04:47:26Z</time></trkpt><trkpt lat="22.51654344" lon="114.09182512"><ele>118.9183349609375</ele><time>2018-12-24T04:47:28Z</time></trkpt><trkpt lat="22.51654286" lon="114.09185235"><ele>118.4688720703125</ele><time>2018-12-24T04:47:30Z</time></trkpt><trkpt lat="22.51654085" lon="114.09187397"><ele>117.347412109375</ele><time>2018-12-24T04:47:32Z</time></trkpt><trkpt lat="22.51653796" lon="114.09189666"><ele>118.5855712890625</ele><time>2018-12-24T04:47:34Z</time></trkpt><trkpt lat="22.51653644" lon="114.09191668"><ele>118.57147216796875</ele><time>2018-12-24T04:47:36Z</time></trkpt><trkpt lat="22.5165361" lon="114.09194777"><ele>117.29364013671875</ele><time>2018-12-24T04:47:39Z</time></trkpt><trkpt lat="22.51653154" lon="114.09196947"><ele>117.0528564453125</ele><time>2018-12-24T04:47:41Z</time></trkpt><trkpt lat="22.51652598" lon="114.09199827"><ele>113.81689453125</ele><time>2018-12-24T04:47:44Z</time></trkpt><trkpt lat="22.51652424" lon="114.09202637"><ele>112.6331787109375</ele><time>2018-12-24T04:47:47Z</time></trkpt><trkpt lat="22.51652642" lon="114.09204704"><ele>113.60455322265625</ele><time>2018-12-24T04:47:49Z</time></trkpt><trkpt lat="22.51652419" lon="114.09206734"><ele>112.798583984375</ele><time>2018-12-24T04:47:51Z</time></trkpt><trkpt lat="22.51652311" lon="114.09208867"><ele>113.49945068359375</ele><time>2018-12-24T04:47:54Z</time></trkpt><trkpt lat="22.51652635" lon="114.09211006"><ele>113.1019287109375</ele><time>2018-12-24T04:47:57Z</time></trkpt><trkpt lat="22.51653148" lon="114.09213067"><ele>111.84844970703125</ele><time>2018-12-24T04:47:59Z</time></trkpt><trkpt lat="22.51653789" lon="114.09215463"><ele>112.208251953125</ele><time>2018-12-24T04:48:01Z</time></trkpt><trkpt lat="22.51654326" lon="114.09217894"><ele>112.79656982421875</ele><time>2018-12-24T04:48:03Z</time></trkpt><trkpt lat="22.51654745" lon="114.09220148"><ele>112.93353271484375</ele><time>2018-12-24T04:48:05Z</time></trkpt><trkpt lat="22.51655249" lon="114.09222218"><ele>112.7313232421875</ele><time>2018-12-24T04:48:07Z</time></trkpt><trkpt lat="22.51655922" lon="114.09224308"><ele>111.94927978515625</ele><time>2018-12-24T04:48:09Z</time></trkpt><trkpt lat="22.51657076" lon="114.0922646"><ele>110.27001953125</ele><time>2018-12-24T04:48:11Z</time></trkpt><trkpt lat="22.51658345" lon="114.09228137"><ele>109.81365966796875</ele><time>2018-12-24T04:48:13Z</time></trkpt><trkpt lat="22.51659826" lon="114.0923001"><ele>109.9637451171875</ele><time>2018-12-24T04:48:15Z</time></trkpt><trkpt lat="22.5166156" lon="114.09232082"><ele>109.80816650390625</ele><time>2018-12-24T04:48:17Z</time></trkpt><trkpt lat="22.51663274" lon="114.09234262"><ele>108.527587890625</ele><time>2018-12-24T04:48:19Z</time></trkpt><trkpt lat="22.5166437" lon="114.0923697"><ele>109.159423828125</ele><time>2018-12-24T04:48:21Z</time></trkpt><trkpt lat="22.51665384" lon="114.09239009"><ele>107.29901123046875</ele><time>2018-12-24T04:48:23Z</time></trkpt><trkpt lat="22.51667023" lon="114.09240982"><ele>107.19586181640625</ele><time>2018-12-24T04:48:25Z</time></trkpt><trkpt lat="22.5166814" lon="114.09242572"><ele>105.606689453125</ele><time>2018-12-24T04:48:27Z</time></trkpt><trkpt lat="22.51668402" lon="114.09244513"><ele>105.7005615234375</ele><time>2018-12-24T04:48:29Z</time></trkpt><trkpt lat="22.51668529" lon="114.09247059"><ele>105.33746337890625</ele><time>2018-12-24T04:48:31Z</time></trkpt><trkpt lat="22.51668572" lon="114.0924956"><ele>106.10174560546875</ele><time>2018-12-24T04:48:33Z</time></trkpt><trkpt lat="22.51668668" lon="114.0925237"><ele>105.40234375</ele><time>2018-12-24T04:48:35Z</time></trkpt><trkpt lat="22.51668842" lon="114.09254835"><ele>105.0050048828125</ele><time>2018-12-24T04:48:37Z</time></trkpt><trkpt lat="22.51669055" lon="114.09257744"><ele>105.70745849609375</ele><time>2018-12-24T04:48:40Z</time></trkpt><trkpt lat="22.516699" lon="114.09260637"><ele>106.9132080078125</ele><time>2018-12-24T04:48:43Z</time></trkpt><trkpt lat="22.51670917" lon="114.09262495"><ele>106.28839111328125</ele><time>2018-12-24T04:48:45Z</time></trkpt><trkpt lat="22.51671745" lon="114.09264898"><ele>103.75067138671875</ele><time>2018-12-24T04:48:48Z</time></trkpt><trkpt lat="22.51672782" lon="114.09266798"><ele>99.98846435546875</ele><time>2018-12-24T04:48:51Z</time></trkpt><trkpt lat="22.51673833" lon="114.09268559"><ele>100.193359375</ele><time>2018-12-24T04:48:54Z</time></trkpt><trkpt lat="22.5167484" lon="114.09271186"><ele>99.6829833984375</ele><time>2018-12-24T04:48:57Z</time></trkpt><trkpt lat="22.51675975" lon="114.09273383"><ele>98.681640625</ele><time>2018-12-24T04:49:00Z</time></trkpt><trkpt lat="22.51678034" lon="114.09274694"><ele>97.42449951171875</ele><time>2018-12-24T04:49:04Z</time></trkpt><trkpt lat="22.51679682" lon="114.09276095"><ele>97.16033935546875</ele><time>2018-12-24T04:49:06Z</time></trkpt><trkpt lat="22.51681292" lon="114.09277117"><ele>97.506591796875</ele><time>2018-12-24T04:49:08Z</time></trkpt><trkpt lat="22.51682964" lon="114.09279456"><ele>99.4373779296875</ele><time>2018-12-24T04:49:11Z</time></trkpt><trkpt lat="22.5168446" lon="114.0928176"><ele>97.599365234375</ele><time>2018-12-24T04:49:14Z</time></trkpt><trkpt lat="22.51686052" lon="114.0928336"><ele>96.5975341796875</ele><time>2018-12-24T04:49:16Z</time></trkpt><trkpt lat="22.51687386" lon="114.09284852"><ele>96.1014404296875</ele><time>2018-12-24T04:49:18Z</time></trkpt><trkpt lat="22.51688387" lon="114.09286614"><ele>95.20330810546875</ele><time>2018-12-24T04:49:20Z</time></trkpt><trkpt lat="22.5168937" lon="114.09288353"><ele>95.54925537109375</ele><time>2018-12-24T04:49:22Z</time></trkpt><trkpt lat="22.51690855" lon="114.09290072"><ele>94.92816162109375</ele><time>2018-12-24T04:49:24Z</time></trkpt><trkpt lat="22.51692139" lon="114.09291552"><ele>93.342041015625</ele><time>2018-12-24T04:49:26Z</time></trkpt><trkpt lat="22.51693514" lon="114.0929364"><ele>92.75543212890625</ele><time>2018-12-24T04:49:33Z</time></trkpt><trkpt lat="22.51694543" lon="114.09295776"><ele>94.5615234375</ele><time>2018-12-24T04:49:35Z</time></trkpt><trkpt lat="22.5169523" lon="114.0929783"><ele>96.36932373046875</ele><time>2018-12-24T04:49:37Z</time></trkpt><trkpt lat="22.51696089" lon="114.09300202"><ele>97.5775146484375</ele><time>2018-12-24T04:49:39Z</time></trkpt><trkpt lat="22.51696899" lon="114.09302475"><ele>89.82318115234375</ele><time>2018-12-24T04:49:43Z</time></trkpt><trkpt lat="22.51698127" lon="114.0930468"><ele>89.64129638671875</ele><time>2018-12-24T04:49:46Z</time></trkpt><trkpt lat="22.51699409" lon="114.09307153"><ele>89.8529052734375</ele><time>2018-12-24T04:49:49Z</time></trkpt><trkpt lat="22.51699544" lon="114.09309806"><ele>88.8770751953125</ele><time>2018-12-24T04:49:52Z</time></trkpt><trkpt lat="22.5170001" lon="114.09312116"><ele>87.77557373046875</ele><time>2018-12-24T04:49:55Z</time></trkpt><trkpt lat="22.51700764" lon="114.09314062"><ele>87.8406982421875</ele><time>2018-12-24T04:49:57Z</time></trkpt><trkpt lat="22.51700855" lon="114.09316649"><ele>88.04144287109375</ele><time>2018-12-24T04:50:00Z</time></trkpt><trkpt lat="22.51700062" lon="114.09318951"><ele>87.8916015625</ele><time>2018-12-24T04:50:04Z</time></trkpt><trkpt lat="22.51700172" lon="114.09321523"><ele>86.6072998046875</ele><time>2018-12-24T04:50:08Z</time></trkpt><trkpt lat="22.51700303" lon="114.09323873"><ele>85.1907958984375</ele><time>2018-12-24T04:50:12Z</time></trkpt><trkpt lat="22.51700109" lon="114.09326466"><ele>85.75701904296875</ele><time>2018-12-24T04:50:17Z</time></trkpt><trkpt lat="22.51699985" lon="114.09328694"><ele>86.05975341796875</ele><time>2018-12-24T04:50:19Z</time></trkpt><trkpt lat="22.51699826" lon="114.0933072"><ele>84.55877685546875</ele><time>2018-12-24T04:50:21Z</time></trkpt><trkpt lat="22.51699827" lon="114.09332802"><ele>82.95947265625</ele><time>2018-12-24T04:50:24Z</time></trkpt><trkpt lat="22.51699834" lon="114.09335494"><ele>82.33782958984375</ele><time>2018-12-24T04:50:27Z</time></trkpt><trkpt lat="22.51699375" lon="114.09338837"><ele>82.24200439453125</ele><time>2018-12-24T04:50:29Z</time></trkpt><trkpt lat="22.51698883" lon="114.09341428"><ele>82.64422607421875</ele><time>2018-12-24T04:50:31Z</time></trkpt><trkpt lat="22.51698505" lon="114.09343632"><ele>79.98614501953125</ele><time>2018-12-24T04:50:33Z</time></trkpt><trkpt lat="22.51698227" lon="114.09346349"><ele>81.15576171875</ele><time>2018-12-24T04:50:35Z</time></trkpt><trkpt lat="22.51698079" lon="114.09348634"><ele>80.9127197265625</ele><time>2018-12-24T04:50:37Z</time></trkpt><trkpt lat="22.51697956" lon="114.09351228"><ele>80.183837890625</ele><time>2018-12-24T04:50:40Z</time></trkpt><trkpt lat="22.51698299" lon="114.09353324"><ele>79.5345458984375</ele><time>2018-12-24T04:50:42Z</time></trkpt><trkpt lat="22.51698632" lon="114.09356128"><ele>82.2791748046875</ele><time>2018-12-24T04:50:44Z</time></trkpt><trkpt lat="22.51698767" lon="114.09358802"><ele>80.376708984375</ele><time>2018-12-24T04:50:47Z</time></trkpt><trkpt lat="22.51698654" lon="114.09361411"><ele>80.8436279296875</ele><time>2018-12-24T04:50:50Z</time></trkpt><trkpt lat="22.51698692" lon="114.09363381"><ele>81.14569091796875</ele><time>2018-12-24T04:50:57Z</time></trkpt><trkpt lat="22.51698693" lon="114.09365362"><ele>81.6322021484375</ele><time>2018-12-24T04:51:02Z</time></trkpt><trkpt lat="22.51698249" lon="114.09367582"><ele>81.90478515625</ele><time>2018-12-24T04:51:04Z</time></trkpt><trkpt lat="22.51698416" lon="114.09369562"><ele>82.47216796875</ele><time>2018-12-24T04:51:07Z</time></trkpt><trkpt lat="22.51699195" lon="114.09371781"><ele>82.096435546875</ele><time>2018-12-24T04:51:12Z</time></trkpt><trkpt lat="22.51700534" lon="114.09374764"><ele>82.75836181640625</ele><time>2018-12-24T04:51:15Z</time></trkpt><trkpt lat="22.51701691" lon="114.09377513"><ele>84.0960693359375</ele><time>2018-12-24T04:51:17Z</time></trkpt><trkpt lat="22.51702178" lon="114.09380273"><ele>83.925048828125</ele><time>2018-12-24T04:51:19Z</time></trkpt><trkpt lat="22.51702304" lon="114.09383478"><ele>83.0943603515625</ele><time>2018-12-24T04:51:21Z</time></trkpt><trkpt lat="22.5170211" lon="114.09386762"><ele>82.34405517578125</ele><time>2018-12-24T04:51:23Z</time></trkpt><trkpt lat="22.51702579" lon="114.09389662"><ele>83.99853515625</ele><time>2018-12-24T04:51:25Z</time></trkpt><trkpt lat="22.51703516" lon="114.09391795"><ele>83.668701171875</ele><time>2018-12-24T04:51:27Z</time></trkpt><trkpt lat="22.51704715" lon="114.09394157"><ele>84.6337890625</ele><time>2018-12-24T04:51:29Z</time></trkpt><trkpt lat="22.51705889" lon="114.09396789"><ele>86.72784423828125</ele><time>2018-12-24T04:51:31Z</time></trkpt><trkpt lat="22.51706674" lon="114.09398697"><ele>86.18402099609375</ele><time>2018-12-24T04:51:33Z</time></trkpt><trkpt lat="22.51707715" lon="114.09400632"><ele>86.56146240234375</ele><time>2018-12-24T04:51:35Z</time></trkpt><trkpt lat="22.51709565" lon="114.09402694"><ele>86.96282958984375</ele><time>2018-12-24T04:51:37Z</time></trkpt><trkpt lat="22.51711931" lon="114.0940459"><ele>87.69024658203125</ele><time>2018-12-24T04:51:39Z</time></trkpt><trkpt lat="22.51714139" lon="114.09406084"><ele>87.59271240234375</ele><time>2018-12-24T04:51:41Z</time></trkpt><trkpt lat="22.5171659" lon="114.09407363"><ele>86.61553955078125</ele><time>2018-12-24T04:51:43Z</time></trkpt><trkpt lat="22.5171875" lon="114.09408368"><ele>83.9091796875</ele><time>2018-12-24T04:51:45Z</time></trkpt><trkpt lat="22.51720763" lon="114.09409093"><ele>82.93133544921875</ele><time>2018-12-24T04:51:47Z</time></trkpt><trkpt lat="22.51723366" lon="114.09409523"><ele>82.0594482421875</ele><time>2018-12-24T04:51:49Z</time></trkpt><trkpt lat="22.51725748" lon="114.09409785"><ele>82.235595703125</ele><time>2018-12-24T04:51:52Z</time></trkpt><trkpt lat="22.51727583" lon="114.0941076"><ele>81.61065673828125</ele><time>2018-12-24T04:51:54Z</time></trkpt><trkpt lat="22.51729055" lon="114.09411895"><ele>82.0164794921875</ele><time>2018-12-24T04:51:56Z</time></trkpt><trkpt lat="22.51731119" lon="114.09413168"><ele>81.41290283203125</ele><time>2018-12-24T04:52:01Z</time></trkpt><trkpt lat="22.51733629" lon="114.09414208"><ele>81.408447265625</ele><time>2018-12-24T04:52:03Z</time></trkpt><trkpt lat="22.5173619" lon="114.09415091"><ele>81.2476806640625</ele><time>2018-12-24T04:52:05Z</time></trkpt><trkpt lat="22.51737595" lon="114.09416667"><ele>81.64190673828125</ele><time>2018-12-24T04:52:07Z</time></trkpt><trkpt lat="22.5173921" lon="114.09418511"><ele>81.052978515625</ele><time>2018-12-24T04:52:09Z</time></trkpt><trkpt lat="22.51741186" lon="114.09419967"><ele>79.94622802734375</ele><time>2018-12-24T04:52:11Z</time></trkpt><trkpt lat="22.51743147" lon="114.09420831"><ele>79.01873779296875</ele><time>2018-12-24T04:52:13Z</time></trkpt><trkpt lat="22.51744927" lon="114.09421689"><ele>79.54718017578125</ele><time>2018-12-24T04:52:15Z</time></trkpt><trkpt lat="22.51746709" lon="114.09423258"><ele>78.613037109375</ele><time>2018-12-24T04:52:18Z</time></trkpt><trkpt lat="22.51747866" lon="114.09425395"><ele>78.5223388671875</ele><time>2018-12-24T04:52:21Z</time></trkpt><trkpt lat="22.5174907" lon="114.09427579"><ele>77.9141845703125</ele><time>2018-12-24T04:52:24Z</time></trkpt><trkpt lat="22.51750365" lon="114.09429905"><ele>79.884765625</ele><time>2018-12-24T04:52:27Z</time></trkpt><trkpt lat="22.51751427" lon="114.09431662"><ele>79.39306640625</ele><time>2018-12-24T04:52:29Z</time></trkpt><trkpt lat="22.51752804" lon="114.09433416"><ele>77.92950439453125</ele><time>2018-12-24T04:52:31Z</time></trkpt><trkpt lat="22.51754524" lon="114.09434735"><ele>77.52496337890625</ele><time>2018-12-24T04:52:33Z</time></trkpt><trkpt lat="22.51756148" lon="114.0943623"><ele>77.71533203125</ele><time>2018-12-24T04:52:35Z</time></trkpt><trkpt lat="22.51758008" lon="114.09437674"><ele>78.0899658203125</ele><time>2018-12-24T04:52:37Z</time></trkpt><trkpt lat="22.51759757" lon="114.09438745"><ele>77.689453125</ele><time>2018-12-24T04:52:39Z</time></trkpt><trkpt lat="22.51761182" lon="114.09441434"><ele>76.71136474609375</ele><time>2018-12-24T04:52:42Z</time></trkpt><trkpt lat="22.51762428" lon="114.09443173"><ele>73.459228515625</ele><time>2018-12-24T04:52:46Z</time></trkpt><trkpt lat="22.5176107" lon="114.09444938"><ele>71.1776123046875</ele><time>2018-12-24T04:52:51Z</time></trkpt><trkpt lat="22.51759541" lon="114.09446418"><ele>71.96240234375</ele><time>2018-12-24T04:52:54Z</time></trkpt><trkpt lat="22.5175887" lon="114.09448535"><ele>71.47100830078125</ele><time>2018-12-24T04:52:58Z</time></trkpt><trkpt lat="22.51758295" lon="114.09450599"><ele>69.3885498046875</ele><time>2018-12-24T04:53:04Z</time></trkpt><trkpt lat="22.51758291" lon="114.09452598"><ele>67.8544921875</ele><time>2018-12-24T04:53:08Z</time></trkpt><trkpt lat="22.51759277" lon="114.09454335"><ele>66.45379638671875</ele><time>2018-12-24T04:53:12Z</time></trkpt><trkpt lat="22.51760299" lon="114.09456578"><ele>65.29046630859375</ele><time>2018-12-24T04:53:16Z</time></trkpt><trkpt lat="22.51760286" lon="114.0945854"><ele>65.7998046875</ele><time>2018-12-24T04:53:19Z</time></trkpt><trkpt lat="22.51760495" lon="114.0946097"><ele>64.9986572265625</ele><time>2018-12-24T04:53:22Z</time></trkpt><trkpt lat="22.51761429" lon="114.09463191"><ele>64.0316162109375</ele><time>2018-12-24T04:53:25Z</time></trkpt><trkpt lat="22.51762425" lon="114.09464918"><ele>62.758056640625</ele><time>2018-12-24T04:53:28Z</time></trkpt><trkpt lat="22.51762926" lon="114.0946693"><ele>63.833740234375</ele><time>2018-12-24T04:53:31Z</time></trkpt><trkpt lat="22.51762911" lon="114.09469148"><ele>63.39910888671875</ele><time>2018-12-24T04:53:34Z</time></trkpt><trkpt lat="22.517624" lon="114.09471076"><ele>63.9627685546875</ele><time>2018-12-24T04:53:37Z</time></trkpt><trkpt lat="22.51762933" lon="114.09473203"><ele>65.21270751953125</ele><time>2018-12-24T04:53:40Z</time></trkpt><trkpt lat="22.51763747" lon="114.09475777"><ele>64.151611328125</ele><time>2018-12-24T04:53:43Z</time></trkpt><trkpt lat="22.51765048" lon="114.0947731"><ele>63.0816650390625</ele><time>2018-12-24T04:53:46Z</time></trkpt><trkpt lat="22.51765948" lon="114.09479247"><ele>61.5328369140625</ele><time>2018-12-24T04:53:55Z</time></trkpt><trkpt lat="22.51765633" lon="114.0948171"><ele>60.7047119140625</ele><time>2018-12-24T04:53:58Z</time></trkpt><trkpt lat="22.51765578" lon="114.0948388"><ele>60.943359375</ele><time>2018-12-24T04:54:02Z</time></trkpt><trkpt lat="22.51765324" lon="114.09486054"><ele>59.12310791015625</ele><time>2018-12-24T04:54:06Z</time></trkpt><trkpt lat="22.51765329" lon="114.09488242"><ele>57.144287109375</ele><time>2018-12-24T04:54:09Z</time></trkpt><trkpt lat="22.5176453" lon="114.09491139"><ele>53.69207763671875</ele><time>2018-12-24T04:54:17Z</time></trkpt><trkpt lat="22.51763154" lon="114.09493628"><ele>51.71514892578125</ele><time>2018-12-24T04:54:19Z</time></trkpt><trkpt lat="22.51761869" lon="114.09495369"><ele>50.6907958984375</ele><time>2018-12-24T04:54:21Z</time></trkpt><trkpt lat="22.51760856" lon="114.0949706"><ele>48.57208251953125</ele><time>2018-12-24T04:54:26Z</time></trkpt><trkpt lat="22.51759191" lon="114.09498281"><ele>48.1500244140625</ele><time>2018-12-24T04:54:29Z</time></trkpt><trkpt lat="22.51759103" lon="114.09500298"><ele>47.265380859375</ele><time>2018-12-24T04:54:33Z</time></trkpt><trkpt lat="22.51758769" lon="114.09502671"><ele>46.00994873046875</ele><time>2018-12-24T04:54:37Z</time></trkpt><trkpt lat="22.51758174" lon="114.09504743"><ele>44.650634765625</ele><time>2018-12-24T04:54:40Z</time></trkpt><trkpt lat="22.51758613" lon="114.0950736"><ele>45.85107421875</ele><time>2018-12-24T04:54:43Z</time></trkpt><trkpt lat="22.51759173" lon="114.09509285"><ele>46.27252197265625</ele><time>2018-12-24T04:54:45Z</time></trkpt><trkpt lat="22.51759477" lon="114.09511685"><ele>45.12530517578125</ele><time>2018-12-24T04:54:47Z</time></trkpt><trkpt lat="22.51759232" lon="114.09514398"><ele>45.76812744140625</ele><time>2018-12-24T04:54:49Z</time></trkpt><trkpt lat="22.51758916" lon="114.09517452"><ele>47.25244140625</ele><time>2018-12-24T04:54:51Z</time></trkpt><trkpt lat="22.51758634" lon="114.09520585"><ele>47.6688232421875</ele><time>2018-12-24T04:54:53Z</time></trkpt><trkpt lat="22.51758045" lon="114.09522682"><ele>47.379638671875</ele><time>2018-12-24T04:54:55Z</time></trkpt><trkpt lat="22.51756748" lon="114.09524849"><ele>46.9989013671875</ele><time>2018-12-24T04:54:57Z</time></trkpt><trkpt lat="22.51755447" lon="114.09527287"><ele>48.46954345703125</ele><time>2018-12-24T04:54:59Z</time></trkpt><trkpt lat="22.51754094" lon="114.09529456"><ele>47.24896240234375</ele><time>2018-12-24T04:55:01Z</time></trkpt><trkpt lat="22.5175263" lon="114.09531735"><ele>47.55828857421875</ele><time>2018-12-24T04:55:03Z</time></trkpt><trkpt lat="22.51751266" lon="114.09533872"><ele>47.0849609375</ele><time>2018-12-24T04:55:05Z</time></trkpt><trkpt lat="22.51749546" lon="114.09536109"><ele>46.975341796875</ele><time>2018-12-24T04:55:07Z</time></trkpt><trkpt lat="22.51747779" lon="114.09538579"><ele>46.2950439453125</ele><time>2018-12-24T04:55:09Z</time></trkpt><trkpt lat="22.5174649" lon="114.09540751"><ele>45.93719482421875</ele><time>2018-12-24T04:55:11Z</time></trkpt><trkpt lat="22.51745631" lon="114.09542781"><ele>44.6170654296875</ele><time>2018-12-24T04:55:13Z</time></trkpt><trkpt lat="22.51745624" lon="114.09544898"><ele>47.13629150390625</ele><time>2018-12-24T04:55:15Z</time></trkpt><trkpt lat="22.51746352" lon="114.0954743"><ele>47.02545166015625</ele><time>2018-12-24T04:55:17Z</time></trkpt><trkpt lat="22.51747492" lon="114.09549869"><ele>45.7955322265625</ele><time>2018-12-24T04:55:19Z</time></trkpt><trkpt lat="22.5174831" lon="114.09552272"><ele>45.3009033203125</ele><time>2018-12-24T04:55:21Z</time></trkpt><trkpt lat="22.51749127" lon="114.09554721"><ele>44.54254150390625</ele><time>2018-12-24T04:55:23Z</time></trkpt><trkpt lat="22.51750363" lon="114.09556489"><ele>43.90869140625</ele><time>2018-12-24T04:55:25Z</time></trkpt><trkpt lat="22.51752734" lon="114.09557634"><ele>42.96331787109375</ele><time>2018-12-24T04:55:28Z</time></trkpt><trkpt lat="22.51754374" lon="114.09559274"><ele>43.65325927734375</ele><time>2018-12-24T04:55:31Z</time></trkpt><trkpt lat="22.51755957" lon="114.09560561"><ele>42.88824462890625</ele><time>2018-12-24T04:55:34Z</time></trkpt><trkpt lat="22.51756802" lon="114.0956292"><ele>42.8643798828125</ele><time>2018-12-24T04:55:36Z</time></trkpt><trkpt lat="22.5175717" lon="114.0956541"><ele>42.0374755859375</ele><time>2018-12-24T04:55:39Z</time></trkpt><trkpt lat="22.51756347" lon="114.09567554"><ele>41.2669677734375</ele><time>2018-12-24T04:55:42Z</time></trkpt><trkpt lat="22.51755247" lon="114.09569253"><ele>41.95501708984375</ele><time>2018-12-24T04:55:46Z</time></trkpt><trkpt lat="22.51757044" lon="114.09569832"><ele>38.57867431640625</ele><time>2018-12-24T04:55:53Z</time></trkpt><trkpt lat="22.51757161" lon="114.09572724"><ele>38.694580078125</ele><time>2018-12-24T04:56:01Z</time></trkpt><trkpt lat="22.51756658" lon="114.09575465"><ele>38.080322265625</ele><time>2018-12-24T04:56:03Z</time></trkpt><trkpt lat="22.51755835" lon="114.09577991"><ele>38.67523193359375</ele><time>2018-12-24T04:56:05Z</time></trkpt><trkpt lat="22.5175557" lon="114.09580157"><ele>37.0767822265625</ele><time>2018-12-24T04:56:08Z</time></trkpt><trkpt lat="22.5175742" lon="114.09581836"><ele>36.22686767578125</ele><time>2018-12-24T04:56:11Z</time></trkpt><trkpt lat="22.51758629" lon="114.09583898"><ele>36.18865966796875</ele><time>2018-12-24T04:56:14Z</time></trkpt><trkpt lat="22.51759081" lon="114.09586033"><ele>35.287109375</ele><time>2018-12-24T04:56:16Z</time></trkpt><trkpt lat="22.51760447" lon="114.0958894"><ele>33.5933837890625</ele><time>2018-12-24T04:56:18Z</time></trkpt><trkpt lat="22.51761906" lon="114.0959164"><ele>34.25689697265625</ele><time>2018-12-24T04:56:20Z</time></trkpt><trkpt lat="22.51763106" lon="114.09593166"><ele>32.28741455078125</ele><time>2018-12-24T04:56:22Z</time></trkpt><trkpt lat="22.51764433" lon="114.09594696"><ele>30.5281982421875</ele><time>2018-12-24T04:56:25Z</time></trkpt><trkpt lat="22.51764631" lon="114.09597245"><ele>31.975341796875</ele><time>2018-12-24T04:56:28Z</time></trkpt><trkpt lat="22.51765785" lon="114.09599329"><ele>30.75286865234375</ele><time>2018-12-24T04:56:30Z</time></trkpt><trkpt lat="22.51767236" lon="114.09601219"><ele>30.08465576171875</ele><time>2018-12-24T04:56:32Z</time></trkpt><trkpt lat="22.51768663" lon="114.09602873"><ele>28.73870849609375</ele><time>2018-12-24T04:56:34Z</time></trkpt><trkpt lat="22.5176965" lon="114.09604592"><ele>28.77569580078125</ele><time>2018-12-24T04:56:36Z</time></trkpt><trkpt lat="22.51769849" lon="114.09607016"><ele>28.99169921875</ele><time>2018-12-24T04:56:39Z</time></trkpt><trkpt lat="22.51770666" lon="114.0960977"><ele>30.411865234375</ele><time>2018-12-24T04:56:43Z</time></trkpt><trkpt lat="22.51770518" lon="114.09611956"><ele>29.81414794921875</ele><time>2018-12-24T04:56:45Z</time></trkpt><trkpt lat="22.51769678" lon="114.09613851"><ele>28.82684326171875</ele><time>2018-12-24T04:56:49Z</time></trkpt><trkpt lat="22.51768735" lon="114.09615592"><ele>23.40142822265625</ele><time>2018-12-24T04:57:39Z</time></trkpt><trkpt lat="22.51767864" lon="114.09617452"><ele>22.9178466796875</ele><time>2018-12-24T04:57:45Z</time></trkpt><trkpt lat="22.51767447" lon="114.0962006"><ele>21.50152587890625</ele><time>2018-12-24T04:57:50Z</time></trkpt><trkpt lat="22.51767058" lon="114.09622226"><ele>21.4893798828125</ele><time>2018-12-24T04:57:52Z</time></trkpt><trkpt lat="22.51767082" lon="114.09624942"><ele>20.1820068359375</ele><time>2018-12-24T04:57:55Z</time></trkpt><trkpt lat="22.51767814" lon="114.09627131"><ele>19.61376953125</ele><time>2018-12-24T04:57:58Z</time></trkpt><trkpt lat="22.51768661" lon="114.09629503"><ele>19.41217041015625</ele><time>2018-12-24T04:58:01Z</time></trkpt><trkpt lat="22.51769859" lon="114.0963174"><ele>19.1756591796875</ele><time>2018-12-24T04:58:04Z</time></trkpt><trkpt lat="22.51770823" lon="114.09634176"><ele>18.57135009765625</ele><time>2018-12-24T04:58:07Z</time></trkpt><trkpt lat="22.51771274" lon="114.09636183"><ele>18.41107177734375</ele><time>2018-12-24T04:58:09Z</time></trkpt><trkpt lat="22.51771816" lon="114.09638294"><ele>17.97015380859375</ele><time>2018-12-24T04:58:11Z</time></trkpt><trkpt lat="22.51772218" lon="114.09641134"><ele>17.4774169921875</ele><time>2018-12-24T04:58:13Z</time></trkpt><trkpt lat="22.51772613" lon="114.09643863"><ele>16.920654296875</ele><time>2018-12-24T04:58:15Z</time></trkpt><trkpt lat="22.51773152" lon="114.09646699"><ele>16.90631103515625</ele><time>2018-12-24T04:58:17Z</time></trkpt><trkpt lat="22.51773588" lon="114.09648681"><ele>16.74969482421875</ele><time>2018-12-24T04:58:19Z</time></trkpt><trkpt lat="22.51774542" lon="114.09651205"><ele>16.60333251953125</ele><time>2018-12-24T04:58:22Z</time></trkpt><trkpt lat="22.51775074" lon="114.09653122"><ele>16.1561279296875</ele><time>2018-12-24T04:58:24Z</time></trkpt><trkpt lat="22.51774642" lon="114.09655115"><ele>15.8648681640625</ele><time>2018-12-24T04:58:34Z</time></trkpt><trkpt lat="22.51774595" lon="114.0965795"><ele>15.7325439453125</ele><time>2018-12-24T04:58:36Z</time></trkpt><trkpt lat="22.51774204" lon="114.09660537"><ele>15.1473388671875</ele><time>2018-12-24T04:58:38Z</time></trkpt><trkpt lat="22.51773791" lon="114.09662778"><ele>14.8021240234375</ele><time>2018-12-24T04:58:40Z</time></trkpt><trkpt lat="22.51773663" lon="114.0966477"><ele>15.35943603515625</ele><time>2018-12-24T04:58:42Z</time></trkpt><trkpt lat="22.51774252" lon="114.09666828"><ele>14.24560546875</ele><time>2018-12-24T04:58:45Z</time></trkpt><trkpt lat="22.51775325" lon="114.09668748"><ele>14.20208740234375</ele><time>2018-12-24T04:58:47Z</time></trkpt><trkpt lat="22.5177599" lon="114.09671348"><ele>13.82391357421875</ele><time>2018-12-24T04:58:50Z</time></trkpt><trkpt lat="22.51776339" lon="114.09673312"><ele>14.00579833984375</ele><time>2018-12-24T04:58:52Z</time></trkpt><trkpt lat="22.51776559" lon="114.09675281"><ele>12.07684326171875</ele><time>2018-12-24T04:58:59Z</time></trkpt><trkpt lat="22.51776141" lon="114.09677807"><ele>10.79754638671875</ele><time>2018-12-24T04:59:02Z</time></trkpt><trkpt lat="22.51776538" lon="114.09680605"><ele>10.049591064453125</ele><time>2018-12-24T04:59:04Z</time></trkpt><trkpt lat="22.51776865" lon="114.09683667"><ele>10.530731201171875</ele><time>2018-12-24T04:59:06Z</time></trkpt><trkpt lat="22.51777401" lon="114.09686348"><ele>10.4957275390625</ele><time>2018-12-24T04:59:08Z</time></trkpt><trkpt lat="22.51778382" lon="114.0968872"><ele>9.616851806640625</ele><time>2018-12-24T04:59:10Z</time></trkpt><trkpt lat="22.51779643" lon="114.09691148"><ele>10.059356689453125</ele><time>2018-12-24T04:59:12Z</time></trkpt><trkpt lat="22.51782165" lon="114.09692652"><ele>10.357879638671875</ele><time>2018-12-24T04:59:16Z</time></trkpt><trkpt lat="22.51783679" lon="114.09694433"><ele>8.977630615234375</ele><time>2018-12-24T04:59:18Z</time></trkpt><trkpt lat="22.51784424" lon="114.0969693"><ele>9.627227783203125</ele><time>2018-12-24T04:59:20Z</time></trkpt><trkpt lat="22.51783748" lon="114.0970001"><ele>9.20623779296875</ele><time>2018-12-24T04:59:22Z</time></trkpt><trkpt lat="22.51782179" lon="114.09702764"><ele>9.407745361328125</ele><time>2018-12-24T04:59:24Z</time></trkpt><trkpt lat="22.51780315" lon="114.09704322"><ele>9.149322509765625</ele><time>2018-12-24T04:59:26Z</time></trkpt><trkpt lat="22.51778539" lon="114.09704939"><ele>10.135894775390625</ele><time>2018-12-24T04:59:29Z</time></trkpt><trkpt lat="22.51776568" lon="114.09707055"><ele>11.2208251953125</ele><time>2018-12-24T04:59:31Z</time></trkpt><trkpt lat="22.51774603" lon="114.09709426"><ele>12.727294921875</ele><time>2018-12-24T04:59:33Z</time></trkpt><trkpt lat="22.51773138" lon="114.09711652"><ele>13.11529541015625</ele><time>2018-12-24T04:59:35Z</time></trkpt><trkpt lat="22.51771789" lon="114.09713472"><ele>12.830078125</ele><time>2018-12-24T04:59:37Z</time></trkpt><trkpt lat="22.51771188" lon="114.09715592"><ele>10.26708984375</ele><time>2018-12-24T04:59:39Z</time></trkpt><trkpt lat="22.5177128" lon="114.09717817"><ele>9.16387939453125</ele><time>2018-12-24T04:59:41Z</time></trkpt><trkpt lat="22.5177125" lon="114.09720246"><ele>4.740142822265625</ele><time>2018-12-24T04:59:44Z</time></trkpt><trkpt lat="22.51771551" lon="114.09722176"><ele>7.35296630859375</ele><time>2018-12-24T04:59:58Z</time></trkpt><trkpt lat="22.51770303" lon="114.09724679"><ele>5.43353271484375</ele><time>2018-12-24T05:00:12Z</time></trkpt><trkpt lat="22.51769709" lon="114.09727214"><ele>5.8233642578125</ele><time>2018-12-24T05:00:14Z</time></trkpt><trkpt lat="22.51769663" lon="114.09729706"><ele>5.862274169921875</ele><time>2018-12-24T05:00:16Z</time></trkpt><trkpt lat="22.51770396" lon="114.09732124"><ele>5.388153076171875</ele><time>2018-12-24T05:00:19Z</time></trkpt><trkpt lat="22.5177137" lon="114.09733849"><ele>5.78460693359375</ele><time>2018-12-24T05:00:21Z</time></trkpt><trkpt lat="22.51772893" lon="114.09735443"><ele>6.166290283203125</ele><time>2018-12-24T05:00:24Z</time></trkpt><trkpt lat="22.51774163" lon="114.09736903"><ele>5.431793212890625</ele><time>2018-12-24T05:00:29Z</time></trkpt><trkpt lat="22.51772644" lon="114.09734922"><ele>8.357696533203125</ele><time>2018-12-24T05:00:36Z</time></trkpt><trkpt lat="22.51771244" lon="114.0973353"><ele>8.95166015625</ele><time>2018-12-24T05:00:38Z</time></trkpt><trkpt lat="22.51769946" lon="114.09731284"><ele>9.06866455078125</ele><time>2018-12-24T05:00:40Z</time></trkpt><trkpt lat="22.51769019" lon="114.09728847"><ele>6.321319580078125</ele><time>2018-12-24T05:00:42Z</time></trkpt><trkpt lat="22.51769051" lon="114.09726032"><ele>8.12933349609375</ele><time>2018-12-24T05:00:44Z</time></trkpt><trkpt lat="22.51769843" lon="114.0972354"><ele>8.6702880859375</ele><time>2018-12-24T05:00:46Z</time></trkpt><trkpt lat="22.51771345" lon="114.09721395"><ele>7.436370849609375</ele><time>2018-12-24T05:00:49Z</time></trkpt><trkpt lat="22.51773798" lon="114.09720786"><ele>5.493011474609375</ele><time>2018-12-24T05:00:58Z</time></trkpt><trkpt lat="22.51771949" lon="114.09719018"><ele>5.656402587890625</ele><time>2018-12-24T05:01:03Z</time></trkpt><trkpt lat="22.51770551" lon="114.09716969"><ele>5.50750732421875</ele><time>2018-12-24T05:01:06Z</time></trkpt><trkpt lat="22.51770848" lon="114.09714694"><ele>6.10888671875</ele><time>2018-12-24T05:01:09Z</time></trkpt><trkpt lat="22.51771266" lon="114.09712375"><ele>7.013671875</ele><time>2018-12-24T05:01:12Z</time></trkpt><trkpt lat="22.51772509" lon="114.0971096"><ele>8.27740478515625</ele><time>2018-12-24T05:01:14Z</time></trkpt><trkpt lat="22.51774184" lon="114.09709729"><ele>8.498870849609375</ele><time>2018-12-24T05:01:16Z</time></trkpt><trkpt lat="22.51775965" lon="114.09708156"><ele>8.255828857421875</ele><time>2018-12-24T05:01:18Z</time></trkpt><trkpt lat="22.51777767" lon="114.09706659"><ele>7.14453125</ele><time>2018-12-24T05:01:20Z</time></trkpt><trkpt lat="22.51779231" lon="114.09705203"><ele>7.395294189453125</ele><time>2018-12-24T05:01:22Z</time></trkpt><trkpt lat="22.51780026" lon="114.09702783"><ele>5.792388916015625</ele><time>2018-12-24T05:01:24Z</time></trkpt><trkpt lat="22.51779792" lon="114.09700644"><ele>6.818328857421875</ele><time>2018-12-24T05:01:26Z</time></trkpt><trkpt lat="22.51778529" lon="114.09698681"><ele>6.716094970703125</ele><time>2018-12-24T05:01:28Z</time></trkpt><trkpt lat="22.51777359" lon="114.09696514"><ele>7.26806640625</ele><time>2018-12-24T05:01:30Z</time></trkpt><trkpt lat="22.51776505" lon="114.09693981"><ele>7.438232421875</ele><time>2018-12-24T05:01:32Z</time></trkpt><trkpt lat="22.51775944" lon="114.09691343"><ele>7.8853759765625</ele><time>2018-12-24T05:01:34Z</time></trkpt><trkpt lat="22.51775624" lon="114.09689191"><ele>8.203125</ele><time>2018-12-24T05:01:36Z</time></trkpt><trkpt lat="22.51776329" lon="114.09686365"><ele>10.367218017578125</ele><time>2018-12-24T05:01:39Z</time></trkpt><trkpt lat="22.5177681" lon="114.09683671"><ele>9.522918701171875</ele><time>2018-12-24T05:01:42Z</time></trkpt><trkpt lat="22.51777105" lon="114.09681551"><ele>9.234649658203125</ele><time>2018-12-24T05:01:44Z</time></trkpt><trkpt lat="22.51777004" lon="114.09679301"><ele>11.1151123046875</ele><time>2018-12-24T05:01:46Z</time></trkpt><trkpt lat="22.51775901" lon="114.09676662"><ele>11.643890380859375</ele><time>2018-12-24T05:01:48Z</time></trkpt><trkpt lat="22.51774929" lon="114.09674941"><ele>12.38214111328125</ele><time>2018-12-24T05:01:50Z</time></trkpt><trkpt lat="22.5177442" lon="114.09672909"><ele>13.24468994140625</ele><time>2018-12-24T05:01:53Z</time></trkpt><trkpt lat="22.51774265" lon="114.09670713"><ele>12.808837890625</ele><time>2018-12-24T05:01:55Z</time></trkpt><trkpt lat="22.51773804" lon="114.09667906"><ele>14.244140625</ele><time>2018-12-24T05:01:58Z</time></trkpt><trkpt lat="22.51773101" lon="114.0966569"><ele>14.34197998046875</ele><time>2018-12-24T05:02:00Z</time></trkpt><trkpt lat="22.51772189" lon="114.09663871"><ele>14.78375244140625</ele><time>2018-12-24T05:02:05Z</time></trkpt><trkpt lat="22.51773156" lon="114.09661506"><ele>13.9359130859375</ele><time>2018-12-24T05:02:19Z</time></trkpt><trkpt lat="22.51772911" lon="114.09658964"><ele>14.203857421875</ele><time>2018-12-24T05:02:23Z</time></trkpt><trkpt lat="22.51773249" lon="114.09656936"><ele>14.7706298828125</ele><time>2018-12-24T05:02:26Z</time></trkpt><trkpt lat="22.51773314" lon="114.09659954"><ele>14.4901123046875</ele><time>2018-12-24T05:02:29Z</time></trkpt><trkpt lat="22.51773031" lon="114.0966225"><ele>13.6907958984375</ele><time>2018-12-24T05:02:31Z</time></trkpt><trkpt lat="22.51773769" lon="114.09664396"><ele>14.4366455078125</ele><time>2018-12-24T05:02:45Z</time></trkpt><trkpt lat="22.5177484" lon="114.09667391"><ele>13.40093994140625</ele><time>2018-12-24T05:02:48Z</time></trkpt><trkpt lat="22.51775355" lon="114.09669378"><ele>13.192138671875</ele><time>2018-12-24T05:02:50Z</time></trkpt><trkpt lat="22.51774662" lon="114.0967168"><ele>14.48419189453125</ele><time>2018-12-24T05:03:19Z</time></trkpt><trkpt lat="22.51773281" lon="114.09672947"><ele>14.86395263671875</ele><time>2018-12-24T05:03:23Z</time></trkpt><trkpt lat="22.51771244" lon="114.09673669"><ele>15.89508056640625</ele><time>2018-12-24T05:03:28Z</time></trkpt><trkpt lat="22.51769763" lon="114.09675444"><ele>15.71343994140625</ele><time>2018-12-24T05:03:31Z</time></trkpt><trkpt lat="22.51767963" lon="114.09676782"><ele>14.4302978515625</ele><time>2018-12-24T05:03:33Z</time></trkpt><trkpt lat="22.51765482" lon="114.09677353"><ele>14.24267578125</ele><time>2018-12-24T05:03:35Z</time></trkpt><trkpt lat="22.51763606" lon="114.09677723"><ele>13.61614990234375</ele><time>2018-12-24T05:03:38Z</time></trkpt><trkpt lat="22.51761365" lon="114.09678413"><ele>11.326629638671875</ele><time>2018-12-24T05:03:40Z</time></trkpt><trkpt lat="22.51759462" lon="114.09678922"><ele>12.78955078125</ele><time>2018-12-24T05:03:49Z</time></trkpt><trkpt lat="22.51758208" lon="114.09677312"><ele>12.71710205078125</ele><time>2018-12-24T05:04:01Z</time></trkpt><trkpt lat="22.51756687" lon="114.09675809"><ele>11.86077880859375</ele><time>2018-12-24T05:04:04Z</time></trkpt><trkpt lat="22.51755302" lon="114.09674256"><ele>10.940582275390625</ele><time>2018-12-24T05:04:09Z</time></trkpt><trkpt lat="22.51756951" lon="114.09675543"><ele>11.5174560546875</ele><time>2018-12-24T05:04:19Z</time></trkpt><trkpt lat="22.51757352" lon="114.09678158"><ele>9.33856201171875</ele><time>2018-12-24T05:04:26Z</time></trkpt><trkpt lat="22.51758336" lon="114.09680838"><ele>8.89605712890625</ele><time>2018-12-24T05:04:29Z</time></trkpt><trkpt lat="22.51759719" lon="114.09683198"><ele>8.681549072265625</ele><time>2018-12-24T05:04:32Z</time></trkpt><trkpt lat="22.51760085" lon="114.09685967"><ele>7.004180908203125</ele><time>2018-12-24T05:04:35Z</time></trkpt><trkpt lat="22.51760843" lon="114.09688009"><ele>6.787689208984375</ele><time>2018-12-24T05:04:38Z</time></trkpt><trkpt lat="22.5176037" lon="114.09690044"><ele>9.045562744140625</ele><time>2018-12-24T05:05:06Z</time></trkpt><trkpt lat="22.51758924" lon="114.09691341"><ele>9.2618408203125</ele><time>2018-12-24T05:05:13Z</time></trkpt><trkpt lat="22.51757096" lon="114.09691125"><ele>9.32989501953125</ele><time>2018-12-24T05:05:25Z</time></trkpt><trkpt lat="22.51755064" lon="114.09690578"><ele>9.510223388671875</ele><time>2018-12-24T05:05:28Z</time></trkpt><trkpt lat="22.5175306" lon="114.09690576"><ele>8.866455078125</ele><time>2018-12-24T05:05:31Z</time></trkpt><trkpt lat="22.5175301" lon="114.09692583"><ele>12.21429443359375</ele><time>2018-12-24T05:05:38Z</time></trkpt><trkpt lat="22.51754236" lon="114.09694386"><ele>13.236328125</ele><time>2018-12-24T05:06:02Z</time></trkpt><trkpt lat="22.51755908" lon="114.09693364"><ele>12.976806640625</ele><time>2018-12-24T05:06:13Z</time></trkpt><trkpt lat="22.51756363" lon="114.09695675"><ele>12.92559814453125</ele><time>2018-12-24T05:06:19Z</time></trkpt><trkpt lat="22.51755594" lon="114.09697468"><ele>12.0316162109375</ele><time>2018-12-24T05:06:21Z</time></trkpt><trkpt lat="22.51755858" lon="114.09699986"><ele>12.13824462890625</ele><time>2018-12-24T05:06:25Z</time></trkpt><trkpt lat="22.5175707" lon="114.09702178"><ele>10.8133544921875</ele><time>2018-12-24T05:06:27Z</time></trkpt><trkpt lat="22.51758521" lon="114.09703811"><ele>11.75347900390625</ele><time>2018-12-24T05:06:34Z</time></trkpt><trkpt lat="22.51759215" lon="114.09706092"><ele>13.7362060546875</ele><time>2018-12-24T05:06:36Z</time></trkpt><trkpt lat="22.51760566" lon="114.09709891"><ele>14.1290283203125</ele><time>2018-12-24T05:06:38Z</time></trkpt><trkpt lat="22.51762062" lon="114.09711408"><ele>12.88592529296875</ele><time>2018-12-24T05:06:39Z</time></trkpt><trkpt lat="22.51763949" lon="114.09712494"><ele>13.30670166015625</ele><time>2018-12-24T05:06:40Z</time></trkpt><trkpt lat="22.5176605" lon="114.09713879"><ele>13.63427734375</ele><time>2018-12-24T05:06:42Z</time></trkpt><trkpt lat="22.51767706" lon="114.09714683"><ele>11.17254638671875</ele><time>2018-12-24T05:06:44Z</time></trkpt><trkpt lat="22.51768593" lon="114.09716876"><ele>9.322998046875</ele><time>2018-12-24T05:06:46Z</time></trkpt><trkpt lat="22.51768873" lon="114.09719577"><ele>9.926361083984375</ele><time>2018-12-24T05:06:48Z</time></trkpt><trkpt lat="22.51769363" lon="114.0972284"><ele>10.366668701171875</ele><time>2018-12-24T05:06:50Z</time></trkpt><trkpt lat="22.51769087" lon="114.09725046"><ele>8.099395751953125</ele><time>2018-12-24T05:06:52Z</time></trkpt><trkpt lat="22.51768235" lon="114.09727214"><ele>6.615234375</ele><time>2018-12-24T05:06:54Z</time></trkpt><trkpt lat="22.51769396" lon="114.09729037"><ele>8.307769775390625</ele><time>2018-12-24T05:07:03Z</time></trkpt><trkpt lat="22.51770737" lon="114.09732274"><ele>8.296630859375</ele><time>2018-12-24T05:07:05Z</time></trkpt><trkpt lat="22.51772456" lon="114.09734802"><ele>7.01031494140625</ele><time>2018-12-24T05:07:07Z</time></trkpt><trkpt lat="22.51774352" lon="114.0973695"><ele>7.2767333984375</ele><time>2018-12-24T05:07:09Z</time></trkpt><trkpt lat="22.51775836" lon="114.09739791"><ele>8.807098388671875</ele><time>2018-12-24T05:07:11Z</time></trkpt><trkpt lat="22.5177662" lon="114.09741635"><ele>9.328765869140625</ele><time>2018-12-24T05:07:12Z</time></trkpt><trkpt lat="22.51777276" lon="114.09743471"><ele>9.0322265625</ele><time>2018-12-24T05:07:13Z</time></trkpt><trkpt lat="22.51778462" lon="114.09746604"><ele>7.75286865234375</ele><time>2018-12-24T05:07:15Z</time></trkpt><trkpt lat="22.51779509" lon="114.09748674"><ele>7.7313232421875</ele><time>2018-12-24T05:07:17Z</time></trkpt><trkpt lat="22.51779714" lon="114.09750924"><ele>8.00006103515625</ele><time>2018-12-24T05:07:19Z</time></trkpt><trkpt lat="22.51778843" lon="114.09753791"><ele>9.757171630859375</ele><time>2018-12-24T05:07:21Z</time></trkpt><trkpt lat="22.51777449" lon="114.09756205"><ele>10.51275634765625</ele><time>2018-12-24T05:07:23Z</time></trkpt><trkpt lat="22.51776554" lon="114.09758204"><ele>10.381744384765625</ele><time>2018-12-24T05:07:25Z</time></trkpt><trkpt lat="22.51774815" lon="114.09759335"><ele>9.023406982421875</ele><time>2018-12-24T05:07:33Z</time></trkpt><trkpt lat="22.51773464" lon="114.09760762"><ele>8.885833740234375</ele><time>2018-12-24T05:07:48Z</time></trkpt><trkpt lat="22.51770434" lon="114.0976024"><ele>10.001312255859375</ele><time>2018-12-24T05:07:50Z</time></trkpt><trkpt lat="22.51767857" lon="114.09759002"><ele>10.81671142578125</ele><time>2018-12-24T05:07:52Z</time></trkpt><trkpt lat="22.51765893" lon="114.09758155"><ele>9.164947509765625</ele><time>2018-12-24T05:07:55Z</time></trkpt><trkpt lat="22.51763791" lon="114.09757698"><ele>8.25775146484375</ele><time>2018-12-24T05:07:59Z</time></trkpt><trkpt lat="22.51761471" lon="114.09758488"><ele>8.48663330078125</ele><time>2018-12-24T05:08:01Z</time></trkpt><trkpt lat="22.51759309" lon="114.09759577"><ele>9.39105224609375</ele><time>2018-12-24T05:08:02Z</time></trkpt><trkpt lat="22.51757507" lon="114.09760301"><ele>10.491790771484375</ele><time>2018-12-24T05:08:03Z</time></trkpt><trkpt lat="22.51755735" lon="114.09760715"><ele>9.717315673828125</ele><time>2018-12-24T05:08:04Z</time></trkpt><trkpt lat="22.51753436" lon="114.09761105"><ele>8.59710693359375</ele><time>2018-12-24T05:08:05Z</time></trkpt><trkpt lat="22.5175115" lon="114.09761503"><ele>6.7916259765625</ele><time>2018-12-24T05:08:06Z</time></trkpt><trkpt lat="22.51748974" lon="114.09762263"><ele>6.13671875</ele><time>2018-12-24T05:08:07Z</time></trkpt><trkpt lat="22.51746684" lon="114.09763101"><ele>6.907867431640625</ele><time>2018-12-24T05:08:08Z</time></trkpt><trkpt lat="22.51744512" lon="114.09763921"><ele>8.430755615234375</ele><time>2018-12-24T05:08:09Z</time></trkpt><trkpt lat="22.51742433" lon="114.09764566"><ele>8.28228759765625</ele><time>2018-12-24T05:08:10Z</time></trkpt><trkpt lat="22.51740409" lon="114.09765092"><ele>7.771575927734375</ele><time>2018-12-24T05:08:11Z</time></trkpt><trkpt lat="22.5173732" lon="114.09765728"><ele>8.72015380859375</ele><time>2018-12-24T05:08:13Z</time></trkpt><trkpt lat="22.5173439" lon="114.09766439"><ele>8.285400390625</ele><time>2018-12-24T05:08:15Z</time></trkpt><trkpt lat="22.51731139" lon="114.09767611"><ele>6.5771484375</ele><time>2018-12-24T05:08:17Z</time></trkpt><trkpt lat="22.51728016" lon="114.09768677"><ele>5.570404052734375</ele><time>2018-12-24T05:08:19Z</time></trkpt><trkpt lat="22.51725235" lon="114.09770348"><ele>4.745819091796875</ele><time>2018-12-24T05:08:21Z</time></trkpt><trkpt lat="22.51723887" lon="114.09771636"><ele>5.863372802734375</ele><time>2018-12-24T05:08:22Z</time></trkpt><trkpt lat="22.51722352" lon="114.09774606"><ele>9.2598876953125</ele><time>2018-12-24T05:08:24Z</time></trkpt><trkpt lat="22.51722156" lon="114.09778589"><ele>9.417572021484375</ele><time>2018-12-24T05:08:26Z</time></trkpt><trkpt lat="22.51722357" lon="114.09781771"><ele>8.069671630859375</ele><time>2018-12-24T05:08:28Z</time></trkpt><trkpt lat="22.5172282" lon="114.09785839"><ele>7.50885009765625</ele><time>2018-12-24T05:08:30Z</time></trkpt><trkpt lat="22.51723364" lon="114.09788032"><ele>7.493560791015625</ele><time>2018-12-24T05:08:31Z</time></trkpt><trkpt lat="22.51723846" lon="114.09790159"><ele>6.420562744140625</ele><time>2018-12-24T05:08:32Z</time></trkpt><trkpt lat="22.51724419" lon="114.09793758"><ele>7.343292236328125</ele><time>2018-12-24T05:08:34Z</time></trkpt><trkpt lat="22.51724257" lon="114.09795863"><ele>7.19525146484375</ele><time>2018-12-24T05:08:35Z</time></trkpt><trkpt lat="22.51722152" lon="114.0979853"><ele>7.3912353515625</ele><time>2018-12-24T05:08:38Z</time></trkpt><trkpt lat="22.51719189" lon="114.09800678"><ele>9.69940185546875</ele><time>2018-12-24T05:08:40Z</time></trkpt><trkpt lat="22.51716111" lon="114.09801491"><ele>9.05224609375</ele><time>2018-12-24T05:08:42Z</time></trkpt><trkpt lat="22.51713283" lon="114.09801527"><ele>7.029449462890625</ele><time>2018-12-24T05:08:44Z</time></trkpt><trkpt lat="22.51710792" lon="114.0980294"><ele>9.625732421875</ele><time>2018-12-24T05:08:46Z</time></trkpt><trkpt lat="22.51708753" lon="114.09805096"><ele>10.523345947265625</ele><time>2018-12-24T05:08:48Z</time></trkpt><trkpt lat="22.51706913" lon="114.09807455"><ele>9.497222900390625</ele><time>2018-12-24T05:08:50Z</time></trkpt><trkpt lat="22.51705089" lon="114.09809997"><ele>11.080078125</ele><time>2018-12-24T05:08:52Z</time></trkpt><trkpt lat="22.51704094" lon="114.09812616"><ele>9.994842529296875</ele><time>2018-12-24T05:08:55Z</time></trkpt><trkpt lat="22.51703934" lon="114.09814962"><ele>9.604705810546875</ele><time>2018-12-24T05:08:57Z</time></trkpt><trkpt lat="22.51703339" lon="114.09817287"><ele>7.503692626953125</ele><time>2018-12-24T05:08:59Z</time></trkpt><trkpt lat="22.5170202" lon="114.09819494"><ele>5.554168701171875</ele><time>2018-12-24T05:09:01Z</time></trkpt><trkpt lat="22.51701746" lon="114.09821715"><ele>5.216766357421875</ele><time>2018-12-24T05:09:03Z</time></trkpt><trkpt lat="22.51701304" lon="114.09824756"><ele>3.22869873046875</ele><time>2018-12-24T05:09:05Z</time></trkpt><trkpt lat="22.51701109" lon="114.09827534"><ele>4.629058837890625</ele><time>2018-12-24T05:09:07Z</time></trkpt><trkpt lat="22.5170071" lon="114.09830343"><ele>6.20263671875</ele><time>2018-12-24T05:09:09Z</time></trkpt><trkpt lat="22.51699618" lon="114.09833084"><ele>7.140106201171875</ele><time>2018-12-24T05:09:11Z</time></trkpt><trkpt lat="22.51698424" lon="114.09835651"><ele>7.9459228515625</ele><time>2018-12-24T05:09:13Z</time></trkpt><trkpt lat="22.51697343" lon="114.0983831"><ele>7.538665771484375</ele><time>2018-12-24T05:09:15Z</time></trkpt><trkpt lat="22.51695475" lon="114.0984155"><ele>6.68939208984375</ele><time>2018-12-24T05:09:17Z</time></trkpt><trkpt lat="22.51693656" lon="114.09844729"><ele>7.80877685546875</ele><time>2018-12-24T05:09:19Z</time></trkpt><trkpt lat="22.51692941" lon="114.09846758"><ele>9.092987060546875</ele><time>2018-12-24T05:09:20Z</time></trkpt><trkpt lat="22.51692349" lon="114.09848805"><ele>9.499969482421875</ele><time>2018-12-24T05:09:21Z</time></trkpt><trkpt lat="22.5169183" lon="114.09850777"><ele>9.80975341796875</ele><time>2018-12-24T05:09:22Z</time></trkpt><trkpt lat="22.51691121" lon="114.09853434"><ele>7.714385986328125</ele><time>2018-12-24T05:09:24Z</time></trkpt><trkpt lat="22.51690476" lon="114.09855883"><ele>6.88836669921875</ele><time>2018-12-24T05:09:26Z</time></trkpt><trkpt lat="22.51689848" lon="114.09858391"><ele>7.88543701171875</ele><time>2018-12-24T05:09:28Z</time></trkpt><trkpt lat="22.51688375" lon="114.09860049"><ele>10.330963134765625</ele><time>2018-12-24T05:09:32Z</time></trkpt><trkpt lat="22.51688797" lon="114.09862864"><ele>11.0303955078125</ele><time>2018-12-24T05:09:34Z</time></trkpt><trkpt lat="22.51689379" lon="114.09865544"><ele>11.015106201171875</ele><time>2018-12-24T05:09:36Z</time></trkpt><trkpt lat="22.51689106" lon="114.09868022"><ele>11.2430419921875</ele><time>2018-12-24T05:09:38Z</time></trkpt><trkpt lat="22.51688772" lon="114.09870898"><ele>10.849700927734375</ele><time>2018-12-24T05:09:41Z</time></trkpt><trkpt lat="22.51688053" lon="114.09873814"><ele>9.15625</ele><time>2018-12-24T05:09:43Z</time></trkpt><trkpt lat="22.51687384" lon="114.0987587"><ele>10.02288818359375</ele><time>2018-12-24T05:09:44Z</time></trkpt><trkpt lat="22.51686812" lon="114.09877845"><ele>9.180572509765625</ele><time>2018-12-24T05:09:45Z</time></trkpt><trkpt lat="22.51685809" lon="114.09880583"><ele>3.86383056640625</ele><time>2018-12-24T05:09:47Z</time></trkpt><trkpt lat="22.51684352" lon="114.09883488"><ele>5.70843505859375</ele><time>2018-12-24T05:09:49Z</time></trkpt><trkpt lat="22.51683282" lon="114.09886473"><ele>5.7889404296875</ele><time>2018-12-24T05:09:51Z</time></trkpt><trkpt lat="22.51682842" lon="114.09889211"><ele>6.501556396484375</ele><time>2018-12-24T05:09:53Z</time></trkpt><trkpt lat="22.51682412" lon="114.09891503"><ele>8.724822998046875</ele><time>2018-12-24T05:09:55Z</time></trkpt><trkpt lat="22.51681133" lon="114.09894107"><ele>8.616851806640625</ele><time>2018-12-24T05:09:57Z</time></trkpt><trkpt lat="22.51679931" lon="114.09895949"><ele>8.987823486328125</ele><time>2018-12-24T05:09:59Z</time></trkpt><trkpt lat="22.51678765" lon="114.09898262"><ele>8.678070068359375</ele><time>2018-12-24T05:10:01Z</time></trkpt><trkpt lat="22.51678394" lon="114.09900638"><ele>8.932861328125</ele><time>2018-12-24T05:10:03Z</time></trkpt><trkpt lat="22.51678421" lon="114.09902877"><ele>9.509002685546875</ele><time>2018-12-24T05:10:05Z</time></trkpt><trkpt lat="22.51678854" lon="114.0990501"><ele>9.29193115234375</ele><time>2018-12-24T05:10:07Z</time></trkpt><trkpt lat="22.51679632" lon="114.09908016"><ele>9.430511474609375</ele><time>2018-12-24T05:10:09Z</time></trkpt><trkpt lat="22.51680166" lon="114.09910524"><ele>9.880950927734375</ele><time>2018-12-24T05:10:11Z</time></trkpt><trkpt lat="22.51680623" lon="114.09913041"><ele>10.59814453125</ele><time>2018-12-24T05:10:13Z</time></trkpt><trkpt lat="22.51681233" lon="114.09914898"><ele>10.367218017578125</ele><time>2018-12-24T05:10:15Z</time></trkpt><trkpt lat="22.51681847" lon="114.09917279"><ele>9.580291748046875</ele><time>2018-12-24T05:10:17Z</time></trkpt><trkpt lat="22.51681767" lon="114.0992018"><ele>9.99761962890625</ele><time>2018-12-24T05:10:19Z</time></trkpt><trkpt lat="22.51681894" lon="114.09923111"><ele>9.23858642578125</ele><time>2018-12-24T05:10:21Z</time></trkpt><trkpt lat="22.51682957" lon="114.09925953"><ele>9.637664794921875</ele><time>2018-12-24T05:10:23Z</time></trkpt><trkpt lat="22.51684485" lon="114.09928337"><ele>10.296875</ele><time>2018-12-24T05:10:25Z</time></trkpt><trkpt lat="22.51686074" lon="114.09930573"><ele>11.192535400390625</ele><time>2018-12-24T05:10:27Z</time></trkpt><trkpt lat="22.51687547" lon="114.09932966"><ele>11.499481201171875</ele><time>2018-12-24T05:10:29Z</time></trkpt><trkpt lat="22.51688847" lon="114.09935593"><ele>11.988983154296875</ele><time>2018-12-24T05:10:31Z</time></trkpt><trkpt lat="22.51690029" lon="114.09937231"><ele>13.062744140625</ele><time>2018-12-24T05:10:34Z</time></trkpt><trkpt lat="22.51691852" lon="114.09937842"><ele>14.500244140625</ele><time>2018-12-24T05:10:36Z</time></trkpt><trkpt lat="22.51692869" lon="114.09939804"><ele>14.654296875</ele><time>2018-12-24T05:10:39Z</time></trkpt><trkpt lat="22.51691336" lon="114.09942192"><ele>14.07244873046875</ele><time>2018-12-24T05:10:42Z</time></trkpt><trkpt lat="22.51689907" lon="114.09943818"><ele>14.09344482421875</ele><time>2018-12-24T05:10:44Z</time></trkpt><trkpt lat="22.51688834" lon="114.09945866"><ele>14.154296875</ele><time>2018-12-24T05:10:46Z</time></trkpt><trkpt lat="22.51687265" lon="114.09947467"><ele>13.91998291015625</ele><time>2018-12-24T05:10:48Z</time></trkpt><trkpt lat="22.51684614" lon="114.09948574"><ele>14.9610595703125</ele><time>2018-12-24T05:10:52Z</time></trkpt><trkpt lat="22.51682663" lon="114.0994997"><ele>14.72955322265625</ele><time>2018-12-24T05:10:54Z</time></trkpt><trkpt lat="22.51680947" lon="114.09951085"><ele>14.67999267578125</ele><time>2018-12-24T05:10:56Z</time></trkpt><trkpt lat="22.51679327" lon="114.09951933"><ele>15.09967041015625</ele><time>2018-12-24T05:10:58Z</time></trkpt><trkpt lat="22.51677616" lon="114.09952782"><ele>14.66357421875</ele><time>2018-12-24T05:11:00Z</time></trkpt><trkpt lat="22.51675753" lon="114.09953944"><ele>14.68878173828125</ele><time>2018-12-24T05:11:02Z</time></trkpt><trkpt lat="22.51673942" lon="114.09954678"><ele>13.8909912109375</ele><time>2018-12-24T05:11:04Z</time></trkpt><trkpt lat="22.51671931" lon="114.09955322"><ele>14.189697265625</ele><time>2018-12-24T05:11:06Z</time></trkpt><trkpt lat="22.51670175" lon="114.09955829"><ele>14.6812744140625</ele><time>2018-12-24T05:11:08Z</time></trkpt><trkpt lat="22.51668269" lon="114.09956317"><ele>14.88385009765625</ele><time>2018-12-24T05:11:10Z</time></trkpt><trkpt lat="22.51666134" lon="114.09957152"><ele>14.3212890625</ele><time>2018-12-24T05:11:12Z</time></trkpt><trkpt lat="22.51663884" lon="114.09958169"><ele>13.2261962890625</ele><time>2018-12-24T05:11:14Z</time></trkpt><trkpt lat="22.51661659" lon="114.09959242"><ele>13.6121826171875</ele><time>2018-12-24T05:11:16Z</time></trkpt><trkpt lat="22.51659734" lon="114.09960402"><ele>15.2769775390625</ele><time>2018-12-24T05:11:18Z</time></trkpt><trkpt lat="22.51657821" lon="114.09961711"><ele>15.6959228515625</ele><time>2018-12-24T05:11:20Z</time></trkpt><trkpt lat="22.5165579" lon="114.09962987"><ele>14.65338134765625</ele><time>2018-12-24T05:11:22Z</time></trkpt><trkpt lat="22.51653682" lon="114.09964112"><ele>14.408935546875</ele><time>2018-12-24T05:11:24Z</time></trkpt><trkpt lat="22.51651592" lon="114.09965471"><ele>14.10003662109375</ele><time>2018-12-24T05:11:26Z</time></trkpt><trkpt lat="22.51649276" lon="114.09966943"><ele>14.09527587890625</ele><time>2018-12-24T05:11:28Z</time></trkpt><trkpt lat="22.51647074" lon="114.09967816"><ele>13.26483154296875</ele><time>2018-12-24T05:11:30Z</time></trkpt><trkpt lat="22.51644845" lon="114.09968835"><ele>14.06634521484375</ele><time>2018-12-24T05:11:32Z</time></trkpt><trkpt lat="22.51642912" lon="114.09969748"><ele>13.40240478515625</ele><time>2018-12-24T05:11:34Z</time></trkpt><trkpt lat="22.51645113" lon="114.09969791"><ele>11.263153076171875</ele><time>2018-12-24T05:11:38Z</time></trkpt><trkpt lat="22.51647024" lon="114.09968498"><ele>10.8997802734375</ele><time>2018-12-24T05:11:40Z</time></trkpt><trkpt lat="22.5164398" lon="114.09968569"><ele>10.36529541015625</ele><time>2018-12-24T05:11:47Z</time></trkpt><trkpt lat="22.5164072" lon="114.09969294"><ele>11.94903564453125</ele><time>2018-12-24T05:11:49Z</time></trkpt><trkpt lat="22.51638004" lon="114.09970314"><ele>13.59161376953125</ele><time>2018-12-24T05:11:51Z</time></trkpt><trkpt lat="22.51635289" lon="114.0997095"><ele>12.7755126953125</ele><time>2018-12-24T05:11:53Z</time></trkpt><trkpt lat="22.51632846" lon="114.09971341"><ele>12.19757080078125</ele><time>2018-12-24T05:11:55Z</time></trkpt><trkpt lat="22.51630721" lon="114.09972137"><ele>12.74798583984375</ele><time>2018-12-24T05:11:57Z</time></trkpt><trkpt lat="22.51628256" lon="114.09974194"><ele>13.1707763671875</ele><time>2018-12-24T05:11:59Z</time></trkpt><trkpt lat="22.516262" lon="114.09975909"><ele>12.906005859375</ele><time>2018-12-24T05:12:01Z</time></trkpt><trkpt lat="22.51623593" lon="114.09976153"><ele>11.136138916015625</ele><time>2018-12-24T05:12:04Z</time></trkpt><trkpt lat="22.51621557" lon="114.09976211"><ele>10.0855712890625</ele><time>2018-12-24T05:12:06Z</time></trkpt><trkpt lat="22.51619416" lon="114.09976687"><ele>9.03924560546875</ele><time>2018-12-24T05:12:08Z</time></trkpt><trkpt lat="22.51616961" lon="114.09977878"><ele>11.303558349609375</ele><time>2018-12-24T05:12:11Z</time></trkpt><trkpt lat="22.51614912" lon="114.09978389"><ele>12.48883056640625</ele><time>2018-12-24T05:12:13Z</time></trkpt><trkpt lat="22.51612684" lon="114.09978224"><ele>12.8836669921875</ele><time>2018-12-24T05:12:15Z</time></trkpt><trkpt lat="22.51609968" lon="114.09978353"><ele>14.417724609375</ele><time>2018-12-24T05:12:18Z</time></trkpt><trkpt lat="22.51607911" lon="114.09978258"><ele>13.38958740234375</ele><time>2018-12-24T05:12:20Z</time></trkpt><trkpt lat="22.5160569" lon="114.09977256"><ele>13.375244140625</ele><time>2018-12-24T05:12:22Z</time></trkpt><trkpt lat="22.51603" lon="114.09976122"><ele>13.69573974609375</ele><time>2018-12-24T05:12:24Z</time></trkpt><trkpt lat="22.51600465" lon="114.09976028"><ele>14.66217041015625</ele><time>2018-12-24T05:12:26Z</time></trkpt><trkpt lat="22.51598041" lon="114.09977166"><ele>14.46929931640625</ele><time>2018-12-24T05:12:28Z</time></trkpt><trkpt lat="22.51595716" lon="114.09978462"><ele>14.395263671875</ele><time>2018-12-24T05:12:30Z</time></trkpt><trkpt lat="22.51593587" lon="114.09978848"><ele>14.98687744140625</ele><time>2018-12-24T05:12:32Z</time></trkpt><trkpt lat="22.51591854" lon="114.09979421"><ele>15.2677001953125</ele><time>2018-12-24T05:12:34Z</time></trkpt><trkpt lat="22.51590585" lon="114.09981068"><ele>15.25665283203125</ele><time>2018-12-24T05:12:36Z</time></trkpt><trkpt lat="22.51590289" lon="114.09983346"><ele>15.113525390625</ele><time>2018-12-24T05:12:40Z</time></trkpt><trkpt lat="22.51590816" lon="114.0998569"><ele>14.5596923828125</ele><time>2018-12-24T05:12:42Z</time></trkpt><trkpt lat="22.5159195" lon="114.09987867"><ele>14.7523193359375</ele><time>2018-12-24T05:12:44Z</time></trkpt><trkpt lat="22.51593437" lon="114.09989773"><ele>14.7548828125</ele><time>2018-12-24T05:12:46Z</time></trkpt><trkpt lat="22.51594668" lon="114.09991771"><ele>15.12738037109375</ele><time>2018-12-24T05:12:48Z</time></trkpt><trkpt lat="22.5159507" lon="114.09993796"><ele>14.62384033203125</ele><time>2018-12-24T05:12:50Z</time></trkpt><trkpt lat="22.51594713" lon="114.09995793"><ele>14.85675048828125</ele><time>2018-12-24T05:12:53Z</time></trkpt><trkpt lat="22.51594924" lon="114.09998222"><ele>14.1527099609375</ele><time>2018-12-24T05:12:57Z</time></trkpt><trkpt lat="22.5159569" lon="114.10000708"><ele>14.1351318359375</ele><time>2018-12-24T05:12:59Z</time></trkpt><trkpt lat="22.51596897" lon="114.10002412"><ele>13.757568359375</ele><time>2018-12-24T05:13:02Z</time></trkpt><trkpt lat="22.51598217" lon="114.10004459"><ele>13.69659423828125</ele><time>2018-12-24T05:13:07Z</time></trkpt><trkpt lat="22.51599637" lon="114.10006686"><ele>13.06463623046875</ele><time>2018-12-24T05:13:10Z</time></trkpt><trkpt lat="22.51600673" lon="114.10008991"><ele>13.19873046875</ele><time>2018-12-24T05:13:13Z</time></trkpt><trkpt lat="22.51601373" lon="114.10011301"><ele>13.784912109375</ele><time>2018-12-24T05:13:16Z</time></trkpt><trkpt lat="22.51601841" lon="114.10013225"><ele>13.864501953125</ele><time>2018-12-24T05:13:20Z</time></trkpt><trkpt lat="22.51602625" lon="114.10014991"><ele>13.2686767578125</ele><time>2018-12-24T05:13:22Z</time></trkpt><trkpt lat="22.51603744" lon="114.10017815"><ele>13.44134521484375</ele><time>2018-12-24T05:13:25Z</time></trkpt><trkpt lat="22.51604672" lon="114.100197"><ele>12.73150634765625</ele><time>2018-12-24T05:13:27Z</time></trkpt><trkpt lat="22.51603246" lon="114.1001713"><ele>15.7435302734375</ele><time>2018-12-24T05:13:37Z</time></trkpt><trkpt lat="22.51601853" lon="114.10015306"><ele>16.0477294921875</ele><time>2018-12-24T05:13:39Z</time></trkpt><trkpt lat="22.51600753" lon="114.10013267"><ele>17.169189453125</ele><time>2018-12-24T05:13:41Z</time></trkpt><trkpt lat="22.5159953" lon="114.10011179"><ele>17.0152587890625</ele><time>2018-12-24T05:13:43Z</time></trkpt><trkpt lat="22.51598528" lon="114.1000938"><ele>17.60546875</ele><time>2018-12-24T05:13:45Z</time></trkpt><trkpt lat="22.51597749" lon="114.10006942"><ele>16.10894775390625</ele><time>2018-12-24T05:13:55Z</time></trkpt><trkpt lat="22.51596559" lon="114.10004061"><ele>15.729736328125</ele><time>2018-12-24T05:13:58Z</time></trkpt><trkpt lat="22.51595251" lon="114.10001696"><ele>15.879638671875</ele><time>2018-12-24T05:14:00Z</time></trkpt><trkpt lat="22.51594148" lon="114.09999355"><ele>15.3934326171875</ele><time>2018-12-24T05:14:02Z</time></trkpt><trkpt lat="22.5159312" lon="114.09997135"><ele>15.45458984375</ele><time>2018-12-24T05:14:04Z</time></trkpt><trkpt lat="22.51592038" lon="114.09994926"><ele>16.67010498046875</ele><time>2018-12-24T05:14:07Z</time></trkpt><trkpt lat="22.51590726" lon="114.09992866"><ele>15.85882568359375</ele><time>2018-12-24T05:14:11Z</time></trkpt><trkpt lat="22.51590066" lon="114.09990454"><ele>15.44873046875</ele><time>2018-12-24T05:14:32Z</time></trkpt><trkpt lat="22.5158898" lon="114.09988282"><ele>15.76708984375</ele><time>2018-12-24T05:14:35Z</time></trkpt><trkpt lat="22.51587366" lon="114.09986673"><ele>13.73016357421875</ele><time>2018-12-24T05:15:04Z</time></trkpt><trkpt lat="22.51586661" lon="114.09984696"><ele>13.9022216796875</ele><time>2018-12-24T05:15:07Z</time></trkpt><trkpt lat="22.51588516" lon="114.09984634"><ele>14.203857421875</ele><time>2018-12-24T05:16:18Z</time></trkpt><trkpt lat="22.51589947" lon="114.09985889"><ele>14.1912841796875</ele><time>2018-12-24T05:16:22Z</time></trkpt><trkpt lat="22.51591257" lon="114.09987832"><ele>14.115966796875</ele><time>2018-12-24T05:16:25Z</time></trkpt><trkpt lat="22.51590631" lon="114.09989801"><ele>13.38525390625</ele><time>2018-12-24T05:16:36Z</time></trkpt><trkpt lat="22.51592083" lon="114.09992932"><ele>14.0584716796875</ele><time>2018-12-24T05:16:38Z</time></trkpt><trkpt lat="22.51593029" lon="114.09994642"><ele>15.28228759765625</ele><time>2018-12-24T05:16:40Z</time></trkpt><trkpt lat="22.51593819" lon="114.09996819"><ele>15.522705078125</ele><time>2018-12-24T05:16:41Z</time></trkpt><trkpt lat="22.51594533" lon="114.09999255"><ele>14.6182861328125</ele><time>2018-12-24T05:16:43Z</time></trkpt><trkpt lat="22.51595708" lon="114.10001215"><ele>14.457275390625</ele><time>2018-12-24T05:16:52Z</time></trkpt><trkpt lat="22.51597" lon="114.10003229"><ele>15.5130615234375</ele><time>2018-12-24T05:16:55Z</time></trkpt><trkpt lat="22.51597924" lon="114.10005159"><ele>17.1439208984375</ele><time>2018-12-24T05:17:05Z</time></trkpt><trkpt lat="22.5159896" lon="114.10007017"><ele>18.94708251953125</ele><time>2018-12-24T05:17:10Z</time></trkpt><trkpt lat="22.51600605" lon="114.10011677"><ele>21.114990234375</ele><time>2018-12-24T05:17:12Z</time></trkpt><trkpt lat="22.51601499" lon="114.10014544"><ele>21.38934326171875</ele><time>2018-12-24T05:17:13Z</time></trkpt><trkpt lat="22.51602424" lon="114.10016703"><ele>21.870849609375</ele><time>2018-12-24T05:17:14Z</time></trkpt><trkpt lat="22.51603877" lon="114.10018101"><ele>22.08404541015625</ele><time>2018-12-24T05:17:16Z</time></trkpt><trkpt lat="22.51605531" lon="114.10020062"><ele>23.2061767578125</ele><time>2018-12-24T05:17:18Z</time></trkpt><trkpt lat="22.51607469" lon="114.10021165"><ele>23.0172119140625</ele><time>2018-12-24T05:17:20Z</time></trkpt><trkpt lat="22.51608495" lon="114.100229"><ele>23.205810546875</ele><time>2018-12-24T05:17:22Z</time></trkpt><trkpt lat="22.51609393" lon="114.10025659"><ele>20.4864501953125</ele><time>2018-12-24T05:17:24Z</time></trkpt><trkpt lat="22.51609688" lon="114.10027833"><ele>19.07330322265625</ele><time>2018-12-24T05:17:26Z</time></trkpt><trkpt lat="22.51610512" lon="114.10030379"><ele>19.8760986328125</ele><time>2018-12-24T05:17:28Z</time></trkpt><trkpt lat="22.51611881" lon="114.10032059"><ele>17.694091796875</ele><time>2018-12-24T05:17:30Z</time></trkpt><trkpt lat="22.5161366" lon="114.10035295"><ele>18.27099609375</ele><time>2018-12-24T05:17:32Z</time></trkpt><trkpt lat="22.51614528" lon="114.1003762"><ele>18.20025634765625</ele><time>2018-12-24T05:17:34Z</time></trkpt><trkpt lat="22.51614873" lon="114.10040538"><ele>18.10595703125</ele><time>2018-12-24T05:17:36Z</time></trkpt><trkpt lat="22.51616007" lon="114.10042556"><ele>18.08233642578125</ele><time>2018-12-24T05:17:39Z</time></trkpt><trkpt lat="22.51617067" lon="114.10044784"><ele>17.6407470703125</ele><time>2018-12-24T05:17:41Z</time></trkpt><trkpt lat="22.51617719" lon="114.10048153"><ele>15.7283935546875</ele><time>2018-12-24T05:17:43Z</time></trkpt><trkpt lat="22.51618171" lon="114.1005153"><ele>17.53643798828125</ele><time>2018-12-24T05:17:45Z</time></trkpt><trkpt lat="22.51619393" lon="114.10055083"><ele>18.50823974609375</ele><time>2018-12-24T05:17:47Z</time></trkpt><trkpt lat="22.51619981" lon="114.10057081"><ele>19.62957763671875</ele><time>2018-12-24T05:17:48Z</time></trkpt><trkpt lat="22.51619863" lon="114.10060648"><ele>21.38531494140625</ele><time>2018-12-24T05:17:50Z</time></trkpt><trkpt lat="22.5161902" lon="114.10064134"><ele>20.98809814453125</ele><time>2018-12-24T05:17:52Z</time></trkpt><trkpt lat="22.51618032" lon="114.10066842"><ele>21.347412109375</ele><time>2018-12-24T05:17:54Z</time></trkpt><trkpt lat="22.51617779" lon="114.10069675"><ele>21.57598876953125</ele><time>2018-12-24T05:17:56Z</time></trkpt><trkpt lat="22.51617659" lon="114.100729"><ele>22.65277099609375</ele><time>2018-12-24T05:17:58Z</time></trkpt><trkpt lat="22.516174" lon="114.10075025"><ele>22.84417724609375</ele><time>2018-12-24T05:17:59Z</time></trkpt><trkpt lat="22.51616664" lon="114.10078416"><ele>23.273193359375</ele><time>2018-12-24T05:18:01Z</time></trkpt><trkpt lat="22.51616248" lon="114.10081396"><ele>23.13079833984375</ele><time>2018-12-24T05:18:03Z</time></trkpt><trkpt lat="22.51616946" lon="114.10084651"><ele>25.2891845703125</ele><time>2018-12-24T05:18:07Z</time></trkpt><trkpt lat="22.51618413" lon="114.10086822"><ele>25.6634521484375</ele><time>2018-12-24T05:18:09Z</time></trkpt><trkpt lat="22.51619925" lon="114.10089081"><ele>25.2816162109375</ele><time>2018-12-24T05:18:11Z</time></trkpt><trkpt lat="22.51621044" lon="114.10093034"><ele>26.6495361328125</ele><time>2018-12-24T05:18:13Z</time></trkpt><trkpt lat="22.516219" lon="114.10096683"><ele>26.7462158203125</ele><time>2018-12-24T05:18:15Z</time></trkpt><trkpt lat="22.51622238" lon="114.10098752"><ele>27.40728759765625</ele><time>2018-12-24T05:18:16Z</time></trkpt><trkpt lat="22.51622681" lon="114.10102382"><ele>27.22332763671875</ele><time>2018-12-24T05:18:18Z</time></trkpt><trkpt lat="22.51623287" lon="114.10105059"><ele>24.230224609375</ele><time>2018-12-24T05:18:20Z</time></trkpt><trkpt lat="22.51624618" lon="114.10107058"><ele>23.27783203125</ele><time>2018-12-24T05:18:22Z</time></trkpt><trkpt lat="22.51626427" lon="114.10107996"><ele>21.940185546875</ele><time>2018-12-24T05:18:24Z</time></trkpt><trkpt lat="22.51628758" lon="114.10108641"><ele>22.3187255859375</ele><time>2018-12-24T05:18:26Z</time></trkpt><trkpt lat="22.51630896" lon="114.10108638"><ele>21.77093505859375</ele><time>2018-12-24T05:18:28Z</time></trkpt><trkpt lat="22.51632551" lon="114.10107428"><ele>21.98199462890625</ele><time>2018-12-24T05:18:31Z</time></trkpt><trkpt lat="22.51635311" lon="114.10108139"><ele>22.0401611328125</ele><time>2018-12-24T05:18:34Z</time></trkpt><trkpt lat="22.51636976" lon="114.10109121"><ele>21.9803466796875</ele><time>2018-12-24T05:18:36Z</time></trkpt><trkpt lat="22.51638547" lon="114.10110289"><ele>22.24444580078125</ele><time>2018-12-24T05:18:42Z</time></trkpt><trkpt lat="22.5164035" lon="114.10111442"><ele>22.5474853515625</ele><time>2018-12-24T05:18:46Z</time></trkpt><trkpt lat="22.51642092" lon="114.10112083"><ele>22.6553955078125</ele><time>2018-12-24T05:18:48Z</time></trkpt><trkpt lat="22.51640685" lon="114.10113875"><ele>22.62542724609375</ele><time>2018-12-24T05:18:56Z</time></trkpt><trkpt lat="22.51637909" lon="114.10114896"><ele>22.89703369140625</ele><time>2018-12-24T05:18:58Z</time></trkpt><trkpt lat="22.51634692" lon="114.10115356"><ele>22.658935546875</ele><time>2018-12-24T05:19:00Z</time></trkpt><trkpt lat="22.5163217" lon="114.10115943"><ele>22.879150390625</ele><time>2018-12-24T05:19:02Z</time></trkpt><trkpt lat="22.51633549" lon="114.10114371"><ele>21.4273681640625</ele><time>2018-12-24T05:19:20Z</time></trkpt><trkpt lat="22.5163203" lon="114.1011642"><ele>21.05694580078125</ele><time>2018-12-24T05:19:27Z</time></trkpt><trkpt lat="22.51629771" lon="114.1011776"><ele>20.4683837890625</ele><time>2018-12-24T05:19:30Z</time></trkpt><trkpt lat="22.51628692" lon="114.10119855"><ele>22.613037109375</ele><time>2018-12-24T05:19:32Z</time></trkpt><trkpt lat="22.51627286" lon="114.10123177"><ele>23.017578125</ele><time>2018-12-24T05:19:34Z</time></trkpt><trkpt lat="22.5162634" lon="114.10125255"><ele>23.47760009765625</ele><time>2018-12-24T05:19:35Z</time></trkpt><trkpt lat="22.51624921" lon="114.10128051"><ele>22.76318359375</ele><time>2018-12-24T05:19:36Z</time></trkpt><trkpt lat="22.51623326" lon="114.10131073"><ele>22.7396240234375</ele><time>2018-12-24T05:19:37Z</time></trkpt><trkpt lat="22.51621714" lon="114.10133897"><ele>22.22320556640625</ele><time>2018-12-24T05:19:38Z</time></trkpt><trkpt lat="22.51620161" lon="114.1013683"><ele>22.62139892578125</ele><time>2018-12-24T05:19:39Z</time></trkpt><trkpt lat="22.51618654" lon="114.10140009"><ele>23.58319091796875</ele><time>2018-12-24T05:19:40Z</time></trkpt><trkpt lat="22.5161719" lon="114.10143019"><ele>23.0518798828125</ele><time>2018-12-24T05:19:41Z</time></trkpt><trkpt lat="22.51615841" lon="114.10145275"><ele>23.1123046875</ele><time>2018-12-24T05:19:42Z</time></trkpt><trkpt lat="22.51614117" lon="114.10147399"><ele>24.03253173828125</ele><time>2018-12-24T05:19:44Z</time></trkpt><trkpt lat="22.51611762" lon="114.10149796"><ele>26.92071533203125</ele><time>2018-12-24T05:19:46Z</time></trkpt><trkpt lat="22.5160986" lon="114.10152576"><ele>27.50958251953125</ele><time>2018-12-24T05:19:48Z</time></trkpt><trkpt lat="22.51608186" lon="114.10155346"><ele>28.14892578125</ele><time>2018-12-24T05:19:50Z</time></trkpt><trkpt lat="22.51606906" lon="114.10158071"><ele>28.4757080078125</ele><time>2018-12-24T05:19:52Z</time></trkpt><trkpt lat="22.51605678" lon="114.10160119"><ele>27.67529296875</ele><time>2018-12-24T05:19:54Z</time></trkpt><trkpt lat="22.51604625" lon="114.10162741"><ele>26.9937744140625</ele><time>2018-12-24T05:19:56Z</time></trkpt><trkpt lat="22.51604378" lon="114.10165529"><ele>25.41796875</ele><time>2018-12-24T05:19:58Z</time></trkpt><trkpt lat="22.51604253" lon="114.10168366"><ele>23.74847412109375</ele><time>2018-12-24T05:20:00Z</time></trkpt><trkpt lat="22.51604471" lon="114.101712"><ele>22.80401611328125</ele><time>2018-12-24T05:20:02Z</time></trkpt><trkpt lat="22.51604868" lon="114.10174648"><ele>22.9923095703125</ele><time>2018-12-24T05:20:04Z</time></trkpt><trkpt lat="22.51604814" lon="114.10177674"><ele>22.72039794921875</ele><time>2018-12-24T05:20:06Z</time></trkpt><trkpt lat="22.51604712" lon="114.10180417"><ele>22.02423095703125</ele><time>2018-12-24T05:20:08Z</time></trkpt><trkpt lat="22.51604159" lon="114.10182894"><ele>21.414794921875</ele><time>2018-12-24T05:20:10Z</time></trkpt><trkpt lat="22.51603919" lon="114.10185535"><ele>20.7276611328125</ele><time>2018-12-24T05:20:12Z</time></trkpt><trkpt lat="22.51604154" lon="114.10187757"><ele>20.87591552734375</ele><time>2018-12-24T05:20:14Z</time></trkpt><trkpt lat="22.51604181" lon="114.10189717"><ele>20.5968017578125</ele><time>2018-12-24T05:20:16Z</time></trkpt><trkpt lat="22.51603762" lon="114.10192304"><ele>20.88433837890625</ele><time>2018-12-24T05:20:18Z</time></trkpt><trkpt lat="22.51603338" lon="114.10195218"><ele>21.06512451171875</ele><time>2018-12-24T05:20:20Z</time></trkpt><trkpt lat="22.5160299" lon="114.10197596"><ele>20.11492919921875</ele><time>2018-12-24T05:20:22Z</time></trkpt><trkpt lat="22.51602466" lon="114.10199731"><ele>19.7752685546875</ele><time>2018-12-24T05:20:24Z</time></trkpt><trkpt lat="22.51601897" lon="114.10201778"><ele>19.41357421875</ele><time>2018-12-24T05:20:30Z</time></trkpt><trkpt lat="22.51600893" lon="114.10203956"><ele>18.42010498046875</ele><time>2018-12-24T05:20:34Z</time></trkpt><trkpt lat="22.5160077" lon="114.1020753"><ele>17.657958984375</ele><time>2018-12-24T05:20:37Z</time></trkpt><trkpt lat="22.51601184" lon="114.10210751"><ele>17.2412109375</ele><time>2018-12-24T05:20:39Z</time></trkpt><trkpt lat="22.51601509" lon="114.10213632"><ele>17.53045654296875</ele><time>2018-12-24T05:20:41Z</time></trkpt><trkpt lat="22.51601222" lon="114.10216486"><ele>17.0460205078125</ele><time>2018-12-24T05:20:43Z</time></trkpt><trkpt lat="22.5160037" lon="114.10219334"><ele>17.3902587890625</ele><time>2018-12-24T05:20:45Z</time></trkpt><trkpt lat="22.51600134" lon="114.10222395"><ele>18.27880859375</ele><time>2018-12-24T05:20:47Z</time></trkpt><trkpt lat="22.51599825" lon="114.10224883"><ele>19.150634765625</ele><time>2018-12-24T05:20:49Z</time></trkpt><trkpt lat="22.51598619" lon="114.10227846"><ele>19.7010498046875</ele><time>2018-12-24T05:20:51Z</time></trkpt><trkpt lat="22.5159734" lon="114.10230704"><ele>20.01373291015625</ele><time>2018-12-24T05:20:53Z</time></trkpt><trkpt lat="22.51595763" lon="114.10233193"><ele>21.16021728515625</ele><time>2018-12-24T05:20:55Z</time></trkpt><trkpt lat="22.51594134" lon="114.1023562"><ele>22.14837646484375</ele><time>2018-12-24T05:20:57Z</time></trkpt><trkpt lat="22.51592361" lon="114.1023806"><ele>22.4818115234375</ele><time>2018-12-24T05:20:59Z</time></trkpt><trkpt lat="22.5159074" lon="114.10240077"><ele>23.2725830078125</ele><time>2018-12-24T05:21:01Z</time></trkpt><trkpt lat="22.51588689" lon="114.10241889"><ele>23.0904541015625</ele><time>2018-12-24T05:21:03Z</time></trkpt><trkpt lat="22.51586879" lon="114.10244633"><ele>22.95489501953125</ele><time>2018-12-24T05:21:05Z</time></trkpt><trkpt lat="22.51585386" lon="114.10247568"><ele>22.48687744140625</ele><time>2018-12-24T05:21:07Z</time></trkpt><trkpt lat="22.51583839" lon="114.10250125"><ele>21.84222412109375</ele><time>2018-12-24T05:21:09Z</time></trkpt><trkpt lat="22.51582593" lon="114.10252626"><ele>21.49676513671875</ele><time>2018-12-24T05:21:11Z</time></trkpt><trkpt lat="22.51581145" lon="114.10254973"><ele>23.14410400390625</ele><time>2018-12-24T05:21:13Z</time></trkpt><trkpt lat="22.51579707" lon="114.10257413"><ele>23.3001708984375</ele><time>2018-12-24T05:21:15Z</time></trkpt><trkpt lat="22.51578066" lon="114.10259254"><ele>22.3480224609375</ele><time>2018-12-24T05:21:18Z</time></trkpt><trkpt lat="22.51576154" lon="114.10259867"><ele>22.474365234375</ele><time>2018-12-24T05:21:20Z</time></trkpt><trkpt lat="22.51573991" lon="114.1026112"><ele>22.11029052734375</ele><time>2018-12-24T05:21:22Z</time></trkpt><trkpt lat="22.51572373" lon="114.10262166"><ele>22.78814697265625</ele><time>2018-12-24T05:21:24Z</time></trkpt><trkpt lat="22.51571418" lon="114.10263852"><ele>23.23602294921875</ele><time>2018-12-24T05:21:27Z</time></trkpt><trkpt lat="22.51573392" lon="114.1026293"><ele>24.11407470703125</ele><time>2018-12-24T05:21:31Z</time></trkpt><trkpt lat="22.51575391" lon="114.10261707"><ele>24.2254638671875</ele><time>2018-12-24T05:21:34Z</time></trkpt><trkpt lat="22.51577694" lon="114.1026099"><ele>23.00140380859375</ele><time>2018-12-24T05:21:37Z</time></trkpt><trkpt lat="22.51579426" lon="114.10261726"><ele>23.529296875</ele><time>2018-12-24T05:21:39Z</time></trkpt><trkpt lat="22.51580947" lon="114.10263816"><ele>24.0732421875</ele><time>2018-12-24T05:21:41Z</time></trkpt><trkpt lat="22.51582206" lon="114.10266347"><ele>23.5947265625</ele><time>2018-12-24T05:21:43Z</time></trkpt><trkpt lat="22.5158298" lon="114.10268453"><ele>23.99237060546875</ele><time>2018-12-24T05:21:45Z</time></trkpt><trkpt lat="22.51583677" lon="114.10270744"><ele>24.2918701171875</ele><time>2018-12-24T05:21:47Z</time></trkpt><trkpt lat="22.5158452" lon="114.10273123"><ele>24.62457275390625</ele><time>2018-12-24T05:21:49Z</time></trkpt><trkpt lat="22.5158533" lon="114.10275461"><ele>25.3646240234375</ele><time>2018-12-24T05:21:51Z</time></trkpt><trkpt lat="22.51586019" lon="114.10278294"><ele>24.81011962890625</ele><time>2018-12-24T05:21:53Z</time></trkpt><trkpt lat="22.5158648" lon="114.10280881"><ele>24.634521484375</ele><time>2018-12-24T05:21:55Z</time></trkpt><trkpt lat="22.51586669" lon="114.10283043"><ele>24.43914794921875</ele><time>2018-12-24T05:21:57Z</time></trkpt><trkpt lat="22.51586831" lon="114.10285122"><ele>24.58978271484375</ele><time>2018-12-24T05:21:59Z</time></trkpt><trkpt lat="22.51586973" lon="114.10287293"><ele>25.24267578125</ele><time>2018-12-24T05:22:01Z</time></trkpt><trkpt lat="22.51586875" lon="114.10289825"><ele>26.81402587890625</ele><time>2018-12-24T05:22:03Z</time></trkpt><trkpt lat="22.51586213" lon="114.10292447"><ele>26.5987548828125</ele><time>2018-12-24T05:22:05Z</time></trkpt><trkpt lat="22.51585176" lon="114.10294613"><ele>24.9844970703125</ele><time>2018-12-24T05:22:07Z</time></trkpt><trkpt lat="22.51583847" lon="114.10296732"><ele>23.78057861328125</ele><time>2018-12-24T05:22:09Z</time></trkpt><trkpt lat="22.51582956" lon="114.10298498"><ele>22.08770751953125</ele><time>2018-12-24T05:22:11Z</time></trkpt><trkpt lat="22.51582097" lon="114.10300317"><ele>22.03118896484375</ele><time>2018-12-24T05:22:13Z</time></trkpt><trkpt lat="22.51580762" lon="114.10302712"><ele>19.82421875</ele><time>2018-12-24T05:22:16Z</time></trkpt><trkpt lat="22.51580206" lon="114.10304853"><ele>19.74822998046875</ele><time>2018-12-24T05:22:18Z</time></trkpt><trkpt lat="22.51579007" lon="114.10306807"><ele>20.16845703125</ele><time>2018-12-24T05:22:20Z</time></trkpt><trkpt lat="22.5157763" lon="114.10309022"><ele>21.00494384765625</ele><time>2018-12-24T05:22:22Z</time></trkpt><trkpt lat="22.51576683" lon="114.10310871"><ele>22.25189208984375</ele><time>2018-12-24T05:22:24Z</time></trkpt><trkpt lat="22.51575319" lon="114.1031328"><ele>21.4901123046875</ele><time>2018-12-24T05:22:26Z</time></trkpt><trkpt lat="22.51573999" lon="114.10316109"><ele>22.47869873046875</ele><time>2018-12-24T05:22:28Z</time></trkpt><trkpt lat="22.5157239" lon="114.10318801"><ele>23.7269287109375</ele><time>2018-12-24T05:22:30Z</time></trkpt><trkpt lat="22.51570508" lon="114.10321186"><ele>22.8524169921875</ele><time>2018-12-24T05:22:32Z</time></trkpt><trkpt lat="22.5156888" lon="114.10323599"><ele>22.45513916015625</ele><time>2018-12-24T05:22:34Z</time></trkpt><trkpt lat="22.5156736" lon="114.10326087"><ele>23.484375</ele><time>2018-12-24T05:22:36Z</time></trkpt><trkpt lat="22.51566306" lon="114.10328644"><ele>23.3739013671875</ele><time>2018-12-24T05:22:38Z</time></trkpt><trkpt lat="22.51565355" lon="114.1033083"><ele>24.42767333984375</ele><time>2018-12-24T05:22:40Z</time></trkpt><trkpt lat="22.51564661" lon="114.1033298"><ele>23.02996826171875</ele><time>2018-12-24T05:22:42Z</time></trkpt><trkpt lat="22.51564248" lon="114.10335395"><ele>22.8118896484375</ele><time>2018-12-24T05:22:44Z</time></trkpt><trkpt lat="22.5156362" lon="114.10337855"><ele>22.6517333984375</ele><time>2018-12-24T05:22:46Z</time></trkpt><trkpt lat="22.51562704" lon="114.10339637"><ele>22.99359130859375</ele><time>2018-12-24T05:22:48Z</time></trkpt><trkpt lat="22.51561609" lon="114.10341884"><ele>21.47930908203125</ele><time>2018-12-24T05:22:50Z</time></trkpt><trkpt lat="22.51560779" lon="114.10343901"><ele>21.35546875</ele><time>2018-12-24T05:22:52Z</time></trkpt><trkpt lat="22.51559999" lon="114.10346031"><ele>20.91943359375</ele><time>2018-12-24T05:22:54Z</time></trkpt><trkpt lat="22.51558849" lon="114.10347643"><ele>20.62646484375</ele><time>2018-12-24T05:22:56Z</time></trkpt><trkpt lat="22.5155658" lon="114.10348828"><ele>17.11749267578125</ele><time>2018-12-24T05:22:59Z</time></trkpt><trkpt lat="22.51554734" lon="114.10350016"><ele>18.04827880859375</ele><time>2018-12-24T05:23:01Z</time></trkpt><trkpt lat="22.51552612" lon="114.10351728"><ele>18.91107177734375</ele><time>2018-12-24T05:23:03Z</time></trkpt><trkpt lat="22.51550988" lon="114.10353201"><ele>19.708740234375</ele><time>2018-12-24T05:23:05Z</time></trkpt><trkpt lat="22.51549476" lon="114.10354371"><ele>20.580078125</ele><time>2018-12-24T05:23:07Z</time></trkpt><trkpt lat="22.51547242" lon="114.10355478"><ele>20.09490966796875</ele><time>2018-12-24T05:23:09Z</time></trkpt><trkpt lat="22.51544987" lon="114.10356548"><ele>19.69793701171875</ele><time>2018-12-24T05:23:11Z</time></trkpt><trkpt lat="22.51543102" lon="114.10357734"><ele>20.95074462890625</ele><time>2018-12-24T05:23:13Z</time></trkpt><trkpt lat="22.51540684" lon="114.10358896"><ele>20.9471435546875</ele><time>2018-12-24T05:23:15Z</time></trkpt><trkpt lat="22.51538074" lon="114.10359423"><ele>21.367919921875</ele><time>2018-12-24T05:23:17Z</time></trkpt><trkpt lat="22.51535209" lon="114.10359816"><ele>22.57861328125</ele><time>2018-12-24T05:23:19Z</time></trkpt><trkpt lat="22.51532227" lon="114.10360889"><ele>23.0467529296875</ele><time>2018-12-24T05:23:21Z</time></trkpt><trkpt lat="22.51529267" lon="114.10362059"><ele>23.30615234375</ele><time>2018-12-24T05:23:23Z</time></trkpt><trkpt lat="22.51526552" lon="114.10362826"><ele>22.9144287109375</ele><time>2018-12-24T05:23:25Z</time></trkpt><trkpt lat="22.51524224" lon="114.10363374"><ele>22.73834228515625</ele><time>2018-12-24T05:23:27Z</time></trkpt><trkpt lat="22.51521713" lon="114.10363586"><ele>23.27880859375</ele><time>2018-12-24T05:23:30Z</time></trkpt><trkpt lat="22.5151984" lon="114.10363896"><ele>23.97027587890625</ele><time>2018-12-24T05:23:32Z</time></trkpt><trkpt lat="22.51517162" lon="114.10364821"><ele>25.16693115234375</ele><time>2018-12-24T05:23:35Z</time></trkpt><trkpt lat="22.51514984" lon="114.10365966"><ele>24.55908203125</ele><time>2018-12-24T05:23:37Z</time></trkpt><trkpt lat="22.51512276" lon="114.10367405"><ele>25.9110107421875</ele><time>2018-12-24T05:23:39Z</time></trkpt><trkpt lat="22.51509753" lon="114.10368549"><ele>27.9462890625</ele><time>2018-12-24T05:23:41Z</time></trkpt><trkpt lat="22.5150684" lon="114.10369856"><ele>29.51776123046875</ele><time>2018-12-24T05:23:43Z</time></trkpt><trkpt lat="22.51503914" lon="114.10370941"><ele>30.76971435546875</ele><time>2018-12-24T05:23:45Z</time></trkpt><trkpt lat="22.51501904" lon="114.1037181"><ele>30.154296875</ele><time>2018-12-24T05:23:47Z</time></trkpt><trkpt lat="22.51499912" lon="114.10373021"><ele>28.72589111328125</ele><time>2018-12-24T05:23:49Z</time></trkpt><trkpt lat="22.51497819" lon="114.10374042"><ele>29.84222412109375</ele><time>2018-12-24T05:23:51Z</time></trkpt><trkpt lat="22.51495838" lon="114.10375157"><ele>30.14776611328125</ele><time>2018-12-24T05:23:53Z</time></trkpt><trkpt lat="22.51493814" lon="114.10376661"><ele>30.11737060546875</ele><time>2018-12-24T05:23:55Z</time></trkpt><trkpt lat="22.51491132" lon="114.10378456"><ele>29.92254638671875</ele><time>2018-12-24T05:23:57Z</time></trkpt><trkpt lat="22.51488798" lon="114.1038021"><ele>29.92718505859375</ele><time>2018-12-24T05:23:59Z</time></trkpt><trkpt lat="22.51486369" lon="114.10382166"><ele>30.63848876953125</ele><time>2018-12-24T05:24:01Z</time></trkpt><trkpt lat="22.51484126" lon="114.1038399"><ele>30.449462890625</ele><time>2018-12-24T05:24:03Z</time></trkpt><trkpt lat="22.51482129" lon="114.10385531"><ele>31.48187255859375</ele><time>2018-12-24T05:24:05Z</time></trkpt><trkpt lat="22.51479804" lon="114.10387273"><ele>31.45172119140625</ele><time>2018-12-24T05:24:07Z</time></trkpt><trkpt lat="22.51477985" lon="114.10388724"><ele>31.228271484375</ele><time>2018-12-24T05:24:09Z</time></trkpt><trkpt lat="22.51475979" lon="114.10389986"><ele>30.995849609375</ele><time>2018-12-24T05:24:11Z</time></trkpt><trkpt lat="22.51474038" lon="114.10391445"><ele>30.89306640625</ele><time>2018-12-24T05:24:13Z</time></trkpt><trkpt lat="22.51472082" lon="114.10393119"><ele>30.4490966796875</ele><time>2018-12-24T05:24:15Z</time></trkpt><trkpt lat="22.51470571" lon="114.10394865"><ele>29.71173095703125</ele><time>2018-12-24T05:24:17Z</time></trkpt><trkpt lat="22.51468808" lon="114.10396764"><ele>28.37835693359375</ele><time>2018-12-24T05:24:19Z</time></trkpt><trkpt lat="22.51466605" lon="114.10398788"><ele>28.39581298828125</ele><time>2018-12-24T05:24:21Z</time></trkpt><trkpt lat="22.51464363" lon="114.10400222"><ele>28.5601806640625</ele><time>2018-12-24T05:24:23Z</time></trkpt><trkpt lat="22.51462063" lon="114.10400745"><ele>28.99072265625</ele><time>2018-12-24T05:24:25Z</time></trkpt><trkpt lat="22.51460075" lon="114.10400623"><ele>28.91192626953125</ele><time>2018-12-24T05:24:27Z</time></trkpt><trkpt lat="22.51457702" lon="114.10400771"><ele>29.29559326171875</ele><time>2018-12-24T05:24:29Z</time></trkpt><trkpt lat="22.51455722" lon="114.10401242"><ele>29.2386474609375</ele><time>2018-12-24T05:24:31Z</time></trkpt><trkpt lat="22.51453425" lon="114.10401707"><ele>27.18695068359375</ele><time>2018-12-24T05:24:33Z</time></trkpt><trkpt lat="22.51451221" lon="114.10402378"><ele>27.087890625</ele><time>2018-12-24T05:24:35Z</time></trkpt><trkpt lat="22.51448609" lon="114.1040339"><ele>27.710693359375</ele><time>2018-12-24T05:24:37Z</time></trkpt><trkpt lat="22.51445954" lon="114.10404203"><ele>27.23126220703125</ele><time>2018-12-24T05:24:39Z</time></trkpt><trkpt lat="22.51443379" lon="114.10405267"><ele>26.23284912109375</ele><time>2018-12-24T05:24:41Z</time></trkpt><trkpt lat="22.51440982" lon="114.10406653"><ele>26.6727294921875</ele><time>2018-12-24T05:24:43Z</time></trkpt><trkpt lat="22.51438602" lon="114.10407851"><ele>25.55889892578125</ele><time>2018-12-24T05:24:45Z</time></trkpt><trkpt lat="22.5143668" lon="114.10409228"><ele>24.1922607421875</ele><time>2018-12-24T05:24:47Z</time></trkpt><trkpt lat="22.51434556" lon="114.10411625"><ele>25.26190185546875</ele><time>2018-12-24T05:24:49Z</time></trkpt><trkpt lat="22.51432639" lon="114.10413975"><ele>24.67633056640625</ele><time>2018-12-24T05:24:51Z</time></trkpt><trkpt lat="22.51430661" lon="114.10416095"><ele>24.366455078125</ele><time>2018-12-24T05:24:53Z</time></trkpt><trkpt lat="22.51428573" lon="114.10417993"><ele>24.48114013671875</ele><time>2018-12-24T05:24:55Z</time></trkpt><trkpt lat="22.51426497" lon="114.10419999"><ele>24.7607421875</ele><time>2018-12-24T05:24:57Z</time></trkpt><trkpt lat="22.51424478" lon="114.10421943"><ele>25.232421875</ele><time>2018-12-24T05:24:59Z</time></trkpt><trkpt lat="22.51422599" lon="114.10424123"><ele>24.83721923828125</ele><time>2018-12-24T05:25:01Z</time></trkpt><trkpt lat="22.51420947" lon="114.10426655"><ele>24.4454345703125</ele><time>2018-12-24T05:25:03Z</time></trkpt><trkpt lat="22.51419487" lon="114.10429078"><ele>24.2957763671875</ele><time>2018-12-24T05:25:05Z</time></trkpt><trkpt lat="22.51417601" lon="114.10431078"><ele>24.22894287109375</ele><time>2018-12-24T05:25:07Z</time></trkpt><trkpt lat="22.51415812" lon="114.10433117"><ele>22.98681640625</ele><time>2018-12-24T05:25:09Z</time></trkpt><trkpt lat="22.5141412" lon="114.10435397"><ele>23.57440185546875</ele><time>2018-12-24T05:25:11Z</time></trkpt><trkpt lat="22.51412283" lon="114.10438099"><ele>22.857421875</ele><time>2018-12-24T05:25:13Z</time></trkpt><trkpt lat="22.51410745" lon="114.10440437"><ele>22.9263916015625</ele><time>2018-12-24T05:25:15Z</time></trkpt><trkpt lat="22.51408994" lon="114.10442531"><ele>23.0963134765625</ele><time>2018-12-24T05:25:17Z</time></trkpt><trkpt lat="22.51407441" lon="114.10444955"><ele>22.7496337890625</ele><time>2018-12-24T05:25:19Z</time></trkpt><trkpt lat="22.5140637" lon="114.10447409"><ele>22.723876953125</ele><time>2018-12-24T05:25:21Z</time></trkpt><trkpt lat="22.51405026" lon="114.1044914"><ele>22.24737548828125</ele><time>2018-12-24T05:25:23Z</time></trkpt><trkpt lat="22.51403217" lon="114.10450869"><ele>22.1656494140625</ele><time>2018-12-24T05:25:25Z</time></trkpt><trkpt lat="22.51401327" lon="114.1045322"><ele>22.235595703125</ele><time>2018-12-24T05:25:27Z</time></trkpt><trkpt lat="22.5139939" lon="114.10455745"><ele>21.85296630859375</ele><time>2018-12-24T05:25:29Z</time></trkpt><trkpt lat="22.51397542" lon="114.10458382"><ele>21.50128173828125</ele><time>2018-12-24T05:25:31Z</time></trkpt><trkpt lat="22.51396146" lon="114.10460889"><ele>21.67572021484375</ele><time>2018-12-24T05:25:33Z</time></trkpt><trkpt lat="22.51394809" lon="114.10463329"><ele>21.6436767578125</ele><time>2018-12-24T05:25:35Z</time></trkpt><trkpt lat="22.51392938" lon="114.10465597"><ele>21.1593017578125</ele><time>2018-12-24T05:25:37Z</time></trkpt><trkpt lat="22.51391288" lon="114.10467422"><ele>21.15960693359375</ele><time>2018-12-24T05:25:39Z</time></trkpt><trkpt lat="22.51389634" lon="114.10469757"><ele>22.525146484375</ele><time>2018-12-24T05:25:41Z</time></trkpt><trkpt lat="22.51388228" lon="114.10471075"><ele>23.09490966796875</ele><time>2018-12-24T05:25:43Z</time></trkpt><trkpt lat="22.5138684" lon="114.10472382"><ele>23.07550048828125</ele><time>2018-12-24T05:25:45Z</time></trkpt><trkpt lat="22.51384911" lon="114.10474833"><ele>23.95770263671875</ele><time>2018-12-24T05:25:47Z</time></trkpt><trkpt lat="22.51383143" lon="114.10477196"><ele>23.37060546875</ele><time>2018-12-24T05:25:49Z</time></trkpt><trkpt lat="22.51381964" lon="114.10479192"><ele>23.5889892578125</ele><time>2018-12-24T05:25:51Z</time></trkpt><trkpt lat="22.5137997" lon="114.10481536"><ele>24.51837158203125</ele><time>2018-12-24T05:25:53Z</time></trkpt><trkpt lat="22.51377432" lon="114.10484183"><ele>24.41143798828125</ele><time>2018-12-24T05:25:55Z</time></trkpt><trkpt lat="22.51376192" lon="114.10485777"><ele>24.99346923828125</ele><time>2018-12-24T05:25:56Z</time></trkpt><trkpt lat="22.51374719" lon="114.10487013"><ele>25.53424072265625</ele><time>2018-12-24T05:25:58Z</time></trkpt><trkpt lat="22.51372948" lon="114.10489565"><ele>24.9996337890625</ele><time>2018-12-24T05:26:00Z</time></trkpt><trkpt lat="22.51371245" lon="114.10491831"><ele>25.01678466796875</ele><time>2018-12-24T05:26:02Z</time></trkpt><trkpt lat="22.5136965" lon="114.10493703"><ele>23.65643310546875</ele><time>2018-12-24T05:26:04Z</time></trkpt><trkpt lat="22.51367873" lon="114.1049462"><ele>25.6573486328125</ele><time>2018-12-24T05:26:11Z</time></trkpt><trkpt lat="22.51366985" lon="114.10496415"><ele>25.5433349609375</ele><time>2018-12-24T05:26:13Z</time></trkpt><trkpt lat="22.51365876" lon="114.10498373"><ele>26.0775146484375</ele><time>2018-12-24T05:26:14Z</time></trkpt><trkpt lat="22.51364884" lon="114.10500134"><ele>24.67681884765625</ele><time>2018-12-24T05:26:15Z</time></trkpt><trkpt lat="22.51363303" lon="114.10503478"><ele>24.06488037109375</ele><time>2018-12-24T05:26:17Z</time></trkpt><trkpt lat="22.5136191" lon="114.10506774"><ele>25.27490234375</ele><time>2018-12-24T05:26:19Z</time></trkpt><trkpt lat="22.51360574" lon="114.10510112"><ele>25.34552001953125</ele><time>2018-12-24T05:26:21Z</time></trkpt><trkpt lat="22.51359714" lon="114.10511956"><ele>24.68621826171875</ele><time>2018-12-24T05:26:22Z</time></trkpt><trkpt lat="22.51357436" lon="114.10514629"><ele>26.12945556640625</ele><time>2018-12-24T05:26:24Z</time></trkpt><trkpt lat="22.51356099" lon="114.10516357"><ele>26.4241943359375</ele><time>2018-12-24T05:26:28Z</time></trkpt><trkpt lat="22.51354966" lon="114.10517929"><ele>26.5982666015625</ele><time>2018-12-24T05:26:32Z</time></trkpt><trkpt lat="22.51353521" lon="114.10520678"><ele>25.9969482421875</ele><time>2018-12-24T05:26:34Z</time></trkpt><trkpt lat="22.51352246" lon="114.10523142"><ele>24.990478515625</ele><time>2018-12-24T05:26:36Z</time></trkpt><trkpt lat="22.51351032" lon="114.10526072"><ele>24.30987548828125</ele><time>2018-12-24T05:26:38Z</time></trkpt><trkpt lat="22.51349581" lon="114.10529472"><ele>23.8026123046875</ele><time>2018-12-24T05:26:40Z</time></trkpt><trkpt lat="22.51348018" lon="114.10532537"><ele>22.36572265625</ele><time>2018-12-24T05:26:42Z</time></trkpt><trkpt lat="22.51346989" lon="114.10534528"><ele>21.83551025390625</ele><time>2018-12-24T05:26:43Z</time></trkpt><trkpt lat="22.51345782" lon="114.10536698"><ele>23.26007080078125</ele><time>2018-12-24T05:26:44Z</time></trkpt><trkpt lat="22.51344378" lon="114.10538743"><ele>24.656005859375</ele><time>2018-12-24T05:26:45Z</time></trkpt><trkpt lat="22.51342888" lon="114.1054073"><ele>25.33349609375</ele><time>2018-12-24T05:26:46Z</time></trkpt><trkpt lat="22.51341748" lon="114.10542431"><ele>26.05035400390625</ele><time>2018-12-24T05:26:47Z</time></trkpt><trkpt lat="22.51339956" lon="114.10544764"><ele>28.3173828125</ele><time>2018-12-24T05:26:49Z</time></trkpt><trkpt lat="22.51338344" lon="114.10546035"><ele>31.14239501953125</ele><time>2018-12-24T05:26:51Z</time></trkpt><trkpt lat="22.51336772" lon="114.10547594"><ele>30.72894287109375</ele><time>2018-12-24T05:26:54Z</time></trkpt><trkpt lat="22.51334567" lon="114.10548051"><ele>30.17327880859375</ele><time>2018-12-24T05:26:57Z</time></trkpt><trkpt lat="22.51332367" lon="114.10548047"><ele>28.6685791015625</ele><time>2018-12-24T05:26:58Z</time></trkpt><trkpt lat="22.51329897" lon="114.10548018"><ele>29.0443115234375</ele><time>2018-12-24T05:26:59Z</time></trkpt><trkpt lat="22.51326847" lon="114.10548339"><ele>27.69232177734375</ele><time>2018-12-24T05:27:00Z</time></trkpt><trkpt lat="22.51324631" lon="114.10548957"><ele>27.58184814453125</ele><time>2018-12-24T05:27:01Z</time></trkpt><trkpt lat="22.51321514" lon="114.10549413"><ele>27.283203125</ele><time>2018-12-24T05:27:03Z</time></trkpt><trkpt lat="22.51318123" lon="114.10548824"><ele>24.32586669921875</ele><time>2018-12-24T05:27:05Z</time></trkpt><trkpt lat="22.51315945" lon="114.1054916"><ele>24.7398681640625</ele><time>2018-12-24T05:27:07Z</time></trkpt><trkpt lat="22.5131354" lon="114.10548855"><ele>21.8634033203125</ele><time>2018-12-24T05:27:11Z</time></trkpt><trkpt lat="22.51313025" lon="114.10550791"><ele>22.000732421875</ele><time>2018-12-24T05:27:14Z</time></trkpt><trkpt lat="22.51310522" lon="114.10551169"><ele>22.4117431640625</ele><time>2018-12-24T05:27:17Z</time></trkpt><trkpt lat="22.51308643" lon="114.10550467"><ele>22.8924560546875</ele><time>2018-12-24T05:27:18Z</time></trkpt><trkpt lat="22.51306903" lon="114.10549526"><ele>21.25250244140625</ele><time>2018-12-24T05:27:19Z</time></trkpt><trkpt lat="22.51304693" lon="114.10547679"><ele>18.1142578125</ele><time>2018-12-24T05:27:21Z</time></trkpt><trkpt lat="22.51306861" lon="114.10547765"><ele>17.4261474609375</ele><time>2018-12-24T05:27:24Z</time></trkpt><trkpt lat="22.51305513" lon="114.10549155"><ele>18.00579833984375</ele><time>2018-12-24T05:27:54Z</time></trkpt><trkpt lat="22.51303633" lon="114.10549409"><ele>18.8875732421875</ele><time>2018-12-24T05:27:57Z</time></trkpt><trkpt lat="22.51301278" lon="114.10549633"><ele>18.96728515625</ele><time>2018-12-24T05:28:00Z</time></trkpt><trkpt lat="22.51299514" lon="114.10551543"><ele>18.2890625</ele><time>2018-12-24T05:28:04Z</time></trkpt><trkpt lat="22.5130012" lon="114.10554294"><ele>18.0888671875</ele><time>2018-12-24T05:28:06Z</time></trkpt><trkpt lat="22.51301883" lon="114.10556431"><ele>17.944580078125</ele><time>2018-12-24T05:28:08Z</time></trkpt><trkpt lat="22.51303441" lon="114.10557596"><ele>19.01708984375</ele><time>2018-12-24T05:28:11Z</time></trkpt><trkpt lat="22.51305268" lon="114.10558219"><ele>19.368896484375</ele><time>2018-12-24T05:28:13Z</time></trkpt><trkpt lat="22.5130705" lon="114.10558887"><ele>18.64410400390625</ele><time>2018-12-24T05:28:15Z</time></trkpt><trkpt lat="22.51308643" lon="114.10559944"><ele>19.1160888671875</ele><time>2018-12-24T05:28:17Z</time></trkpt><trkpt lat="22.51310166" lon="114.10561157"><ele>19.12774658203125</ele><time>2018-12-24T05:28:19Z</time></trkpt><trkpt lat="22.5131194" lon="114.10562731"><ele>19.10028076171875</ele><time>2018-12-24T05:28:21Z</time></trkpt><trkpt lat="22.51313661" lon="114.10564153"><ele>19.59613037109375</ele><time>2018-12-24T05:28:23Z</time></trkpt><trkpt lat="22.51315439" lon="114.10565461"><ele>20.77392578125</ele><time>2018-12-24T05:28:25Z</time></trkpt><trkpt lat="22.51316813" lon="114.10566902"><ele>21.4876708984375</ele><time>2018-12-24T05:28:27Z</time></trkpt><trkpt lat="22.5131787" lon="114.10568878"><ele>22.31427001953125</ele><time>2018-12-24T05:28:29Z</time></trkpt><trkpt lat="22.51319327" lon="114.10570833"><ele>22.82708740234375</ele><time>2018-12-24T05:28:31Z</time></trkpt><trkpt lat="22.51320832" lon="114.10572806"><ele>24.1351318359375</ele><time>2018-12-24T05:28:33Z</time></trkpt><trkpt lat="22.51321969" lon="114.10574947"><ele>24.5819091796875</ele><time>2018-12-24T05:28:35Z</time></trkpt><trkpt lat="22.51323261" lon="114.10577738"><ele>23.4381103515625</ele><time>2018-12-24T05:28:37Z</time></trkpt><trkpt lat="22.51324318" lon="114.10580556"><ele>24.21551513671875</ele><time>2018-12-24T05:28:39Z</time></trkpt><trkpt lat="22.51324759" lon="114.10582932"><ele>25.3582763671875</ele><time>2018-12-24T05:28:41Z</time></trkpt><trkpt lat="22.5132507" lon="114.10585218"><ele>25.32696533203125</ele><time>2018-12-24T05:28:43Z</time></trkpt><trkpt lat="22.51324988" lon="114.10587597"><ele>25.4451904296875</ele><time>2018-12-24T05:28:45Z</time></trkpt><trkpt lat="22.51324851" lon="114.10590074"><ele>25.37371826171875</ele><time>2018-12-24T05:28:47Z</time></trkpt><trkpt lat="22.51324422" lon="114.10592488"><ele>25.61395263671875</ele><time>2018-12-24T05:28:49Z</time></trkpt><trkpt lat="22.51324152" lon="114.10594835"><ele>26.33428955078125</ele><time>2018-12-24T05:28:51Z</time></trkpt><trkpt lat="22.51323632" lon="114.10597182"><ele>26.76678466796875</ele><time>2018-12-24T05:28:53Z</time></trkpt><trkpt lat="22.51323016" lon="114.10599618"><ele>26.9031982421875</ele><time>2018-12-24T05:28:55Z</time></trkpt><trkpt lat="22.51322189" lon="114.10601871"><ele>27.2374267578125</ele><time>2018-12-24T05:28:57Z</time></trkpt><trkpt lat="22.51321228" lon="114.10604059"><ele>27.4202880859375</ele><time>2018-12-24T05:28:59Z</time></trkpt><trkpt lat="22.51320319" lon="114.10606052"><ele>27.169921875</ele><time>2018-12-24T05:29:01Z</time></trkpt><trkpt lat="22.51319468" lon="114.10608004"><ele>27.7401123046875</ele><time>2018-12-24T05:29:03Z</time></trkpt><trkpt lat="22.5131868" lon="114.10610011"><ele>28.18218994140625</ele><time>2018-12-24T05:29:05Z</time></trkpt><trkpt lat="22.51318877" lon="114.1061219"><ele>29.27001953125</ele><time>2018-12-24T05:29:11Z</time></trkpt><trkpt lat="22.51317825" lon="114.10614891"><ele>30.417724609375</ele><time>2018-12-24T05:29:14Z</time></trkpt><trkpt lat="22.51316812" lon="114.10617317"><ele>30.39453125</ele><time>2018-12-24T05:29:16Z</time></trkpt><trkpt lat="22.51315698" lon="114.10619316"><ele>30.98809814453125</ele><time>2018-12-24T05:29:18Z</time></trkpt><trkpt lat="22.51314582" lon="114.10621579"><ele>32.6888427734375</ele><time>2018-12-24T05:29:20Z</time></trkpt><trkpt lat="22.51313638" lon="114.10623637"><ele>32.4014892578125</ele><time>2018-12-24T05:29:22Z</time></trkpt><trkpt lat="22.51312599" lon="114.10625966"><ele>31.8734130859375</ele><time>2018-12-24T05:29:25Z</time></trkpt><trkpt lat="22.51311774" lon="114.10628135"><ele>32.98883056640625</ele><time>2018-12-24T05:29:27Z</time></trkpt><trkpt lat="22.51311053" lon="114.10630054"><ele>33.318115234375</ele><time>2018-12-24T05:29:29Z</time></trkpt><trkpt lat="22.51310354" lon="114.10632759"><ele>32.3572998046875</ele><time>2018-12-24T05:29:32Z</time></trkpt><trkpt lat="22.51309" lon="114.10635373"><ele>31.679931640625</ele><time>2018-12-24T05:29:35Z</time></trkpt><trkpt lat="22.513084" lon="114.10637749"><ele>32.79351806640625</ele><time>2018-12-24T05:29:37Z</time></trkpt><trkpt lat="22.5130787" lon="114.10640125"><ele>32.71728515625</ele><time>2018-12-24T05:29:39Z</time></trkpt><trkpt lat="22.51307356" lon="114.10642554"><ele>33.26043701171875</ele><time>2018-12-24T05:29:41Z</time></trkpt><trkpt lat="22.51306836" lon="114.10644909"><ele>33.66217041015625</ele><time>2018-12-24T05:29:43Z</time></trkpt><trkpt lat="22.51305931" lon="114.10647193"><ele>33.48016357421875</ele><time>2018-12-24T05:29:45Z</time></trkpt><trkpt lat="22.51305099" lon="114.10649571"><ele>33.6859130859375</ele><time>2018-12-24T05:29:47Z</time></trkpt><trkpt lat="22.51304508" lon="114.10651915"><ele>33.6507568359375</ele><time>2018-12-24T05:29:49Z</time></trkpt><trkpt lat="22.51303964" lon="114.1065404"><ele>34.4451904296875</ele><time>2018-12-24T05:29:51Z</time></trkpt><trkpt lat="22.51303814" lon="114.10656683"><ele>32.95098876953125</ele><time>2018-12-24T05:30:00Z</time></trkpt><trkpt lat="22.51304305" lon="114.1065901"><ele>33.0074462890625</ele><time>2018-12-24T05:30:02Z</time></trkpt><trkpt lat="22.51305517" lon="114.10661519"><ele>32.8944091796875</ele><time>2018-12-24T05:30:04Z</time></trkpt><trkpt lat="22.51307068" lon="114.10663884"><ele>32.71270751953125</ele><time>2018-12-24T05:30:06Z</time></trkpt><trkpt lat="22.51308227" lon="114.10666267"><ele>33.35357666015625</ele><time>2018-12-24T05:30:08Z</time></trkpt><trkpt lat="22.51309656" lon="114.10668609"><ele>32.720703125</ele><time>2018-12-24T05:30:10Z</time></trkpt><trkpt lat="22.51310939" lon="114.10670673"><ele>32.53814697265625</ele><time>2018-12-24T05:30:12Z</time></trkpt><trkpt lat="22.513119" lon="114.10672668"><ele>32.585205078125</ele><time>2018-12-24T05:30:14Z</time></trkpt><trkpt lat="22.51312909" lon="114.10675204"><ele>31.70953369140625</ele><time>2018-12-24T05:30:17Z</time></trkpt><trkpt lat="22.51314132" lon="114.1067664"><ele>32.3170166015625</ele><time>2018-12-24T05:30:19Z</time></trkpt><trkpt lat="22.51316038" lon="114.1067864"><ele>32.34527587890625</ele><time>2018-12-24T05:30:21Z</time></trkpt><trkpt lat="22.51317828" lon="114.10681155"><ele>31.77349853515625</ele><time>2018-12-24T05:30:23Z</time></trkpt><trkpt lat="22.51319203" lon="114.10682726"><ele>31.01263427734375</ele><time>2018-12-24T05:30:24Z</time></trkpt><trkpt lat="22.51320439" lon="114.10684243"><ele>30.73907470703125</ele><time>2018-12-24T05:30:25Z</time></trkpt><trkpt lat="22.51322014" lon="114.10687411"><ele>30.32501220703125</ele><time>2018-12-24T05:30:27Z</time></trkpt><trkpt lat="22.51322702" lon="114.10689227"><ele>30.48419189453125</ele><time>2018-12-24T05:30:28Z</time></trkpt><trkpt lat="22.51323419" lon="114.10691144"><ele>30.42840576171875</ele><time>2018-12-24T05:30:29Z</time></trkpt><trkpt lat="22.51324146" lon="114.10694541"><ele>29.625244140625</ele><time>2018-12-24T05:30:35Z</time></trkpt><trkpt lat="22.51325791" lon="114.10697296"><ele>29.716552734375</ele><time>2018-12-24T05:30:37Z</time></trkpt><trkpt lat="22.51327309" lon="114.10700711"><ele>30.176513671875</ele><time>2018-12-24T05:30:39Z</time></trkpt><trkpt lat="22.51328437" lon="114.10702687"><ele>30.72869873046875</ele><time>2018-12-24T05:30:40Z</time></trkpt><trkpt lat="22.51329419" lon="114.10704544"><ele>30.07489013671875</ele><time>2018-12-24T05:30:41Z</time></trkpt><trkpt lat="22.5133087" lon="114.10707911"><ele>29.74169921875</ele><time>2018-12-24T05:30:43Z</time></trkpt><trkpt lat="22.51331055" lon="114.10709892"><ele>26.4351806640625</ele><time>2018-12-24T05:30:45Z</time></trkpt><trkpt lat="22.51331616" lon="114.10712242"><ele>28.49407958984375</ele><time>2018-12-24T05:30:47Z</time></trkpt><trkpt lat="22.51332862" lon="114.10715177"><ele>29.67584228515625</ele><time>2018-12-24T05:30:49Z</time></trkpt><trkpt lat="22.51333813" lon="114.10717241"><ele>30.1087646484375</ele><time>2018-12-24T05:30:50Z</time></trkpt><trkpt lat="22.51334959" lon="114.10720334"><ele>30.81805419921875</ele><time>2018-12-24T05:30:52Z</time></trkpt><trkpt lat="22.51335823" lon="114.10722264"><ele>32.16015625</ele><time>2018-12-24T05:30:53Z</time></trkpt><trkpt lat="22.5133694" lon="114.1072455"><ele>29.35882568359375</ele><time>2018-12-24T05:30:55Z</time></trkpt><trkpt lat="22.51338339" lon="114.10726494"><ele>30.2498779296875</ele><time>2018-12-24T05:30:57Z</time></trkpt><trkpt lat="22.51339065" lon="114.10728454"><ele>31.66278076171875</ele><time>2018-12-24T05:31:01Z</time></trkpt><trkpt lat="22.51339457" lon="114.10730535"><ele>29.93170166015625</ele><time>2018-12-24T05:31:04Z</time></trkpt><trkpt lat="22.51340137" lon="114.10732531"><ele>30.748046875</ele><time>2018-12-24T05:31:06Z</time></trkpt><trkpt lat="22.51340683" lon="114.10735931"><ele>30.63427734375</ele><time>2018-12-24T05:31:09Z</time></trkpt><trkpt lat="22.51341556" lon="114.10738854"><ele>29.7579345703125</ele><time>2018-12-24T05:31:12Z</time></trkpt><trkpt lat="22.5134278" lon="114.10741966"><ele>29.2686767578125</ele><time>2018-12-24T05:31:14Z</time></trkpt><trkpt lat="22.51343999" lon="114.1074473"><ele>29.00958251953125</ele><time>2018-12-24T05:31:16Z</time></trkpt><trkpt lat="22.51345429" lon="114.10747497"><ele>28.39453125</ele><time>2018-12-24T05:31:18Z</time></trkpt><trkpt lat="22.51346718" lon="114.10749776"><ele>28.56524658203125</ele><time>2018-12-24T05:31:20Z</time></trkpt><trkpt lat="22.51347806" lon="114.10752015"><ele>28.15093994140625</ele><time>2018-12-24T05:31:22Z</time></trkpt><trkpt lat="22.513482" lon="114.10754235"><ele>27.31756591796875</ele><time>2018-12-24T05:31:24Z</time></trkpt><trkpt lat="22.51349092" lon="114.10756298"><ele>27.2593994140625</ele><time>2018-12-24T05:31:26Z</time></trkpt><trkpt lat="22.51350554" lon="114.1075907"><ele>27.4896240234375</ele><time>2018-12-24T05:31:32Z</time></trkpt><trkpt lat="22.51351609" lon="114.10762421"><ele>29.2127685546875</ele><time>2018-12-24T05:31:34Z</time></trkpt><trkpt lat="22.5135332" lon="114.10765856"><ele>30.64959716796875</ele><time>2018-12-24T05:31:36Z</time></trkpt><trkpt lat="22.51355035" lon="114.10768366"><ele>29.3724365234375</ele><time>2018-12-24T05:31:38Z</time></trkpt><trkpt lat="22.51356154" lon="114.10770959"><ele>29.44842529296875</ele><time>2018-12-24T05:31:40Z</time></trkpt><trkpt lat="22.51357904" lon="114.10774292"><ele>29.830322265625</ele><time>2018-12-24T05:31:42Z</time></trkpt><trkpt lat="22.51359058" lon="114.10775871"><ele>30.124755859375</ele><time>2018-12-24T05:31:43Z</time></trkpt><trkpt lat="22.51360336" lon="114.10777557"><ele>28.7784423828125</ele><time>2018-12-24T05:31:44Z</time></trkpt><trkpt lat="22.51361444" lon="114.1077918"><ele>28.8426513671875</ele><time>2018-12-24T05:31:45Z</time></trkpt><trkpt lat="22.51362682" lon="114.10781423"><ele>29.89813232421875</ele><time>2018-12-24T05:31:46Z</time></trkpt><trkpt lat="22.51364427" lon="114.10784185"><ele>30.5281982421875</ele><time>2018-12-24T05:31:47Z</time></trkpt><trkpt lat="22.51365798" lon="114.1078649"><ele>30.31939697265625</ele><time>2018-12-24T05:31:49Z</time></trkpt><trkpt lat="22.51366672" lon="114.10788384"><ele>30.93194580078125</ele><time>2018-12-24T05:31:52Z</time></trkpt><trkpt lat="22.51367214" lon="114.10790949"><ele>31.32708740234375</ele><time>2018-12-24T05:31:56Z</time></trkpt><trkpt lat="22.51368614" lon="114.10793362"><ele>28.54193115234375</ele><time>2018-12-24T05:32:00Z</time></trkpt><trkpt lat="22.51370557" lon="114.1079523"><ele>28.35028076171875</ele><time>2018-12-24T05:32:03Z</time></trkpt><trkpt lat="22.51371599" lon="114.10796859"><ele>28.044189453125</ele><time>2018-12-24T05:32:06Z</time></trkpt><trkpt lat="22.5137263" lon="114.10798527"><ele>28.10919189453125</ele><time>2018-12-24T05:32:08Z</time></trkpt><trkpt lat="22.51373969" lon="114.10801173"><ele>26.7532958984375</ele><time>2018-12-24T05:32:10Z</time></trkpt><trkpt lat="22.51375098" lon="114.10804161"><ele>24.07708740234375</ele><time>2018-12-24T05:32:12Z</time></trkpt><trkpt lat="22.51375643" lon="114.10806461"><ele>23.3861083984375</ele><time>2018-12-24T05:32:14Z</time></trkpt><trkpt lat="22.51376358" lon="114.10809464"><ele>20.7557373046875</ele><time>2018-12-24T05:32:16Z</time></trkpt><trkpt lat="22.51377574" lon="114.10811874"><ele>19.56805419921875</ele><time>2018-12-24T05:32:18Z</time></trkpt><trkpt lat="22.51378821" lon="114.10814196"><ele>18.5654296875</ele><time>2018-12-24T05:32:20Z</time></trkpt><trkpt lat="22.51380412" lon="114.10817216"><ele>17.92742919921875</ele><time>2018-12-24T05:32:23Z</time></trkpt><trkpt lat="22.51382818" lon="114.10820815"><ele>18.03143310546875</ele><time>2018-12-24T05:32:25Z</time></trkpt><trkpt lat="22.51384827" lon="114.10823883"><ele>17.96234130859375</ele><time>2018-12-24T05:32:27Z</time></trkpt><trkpt lat="22.51386032" lon="114.10825754"><ele>17.44580078125</ele><time>2018-12-24T05:32:29Z</time></trkpt><trkpt lat="22.51387515" lon="114.1082792"><ele>17.7763671875</ele><time>2018-12-24T05:32:31Z</time></trkpt><trkpt lat="22.51388828" lon="114.10830226"><ele>16.9892578125</ele><time>2018-12-24T05:32:33Z</time></trkpt><trkpt lat="22.5138993" lon="114.10832306"><ele>17.4886474609375</ele><time>2018-12-24T05:32:35Z</time></trkpt><trkpt lat="22.51391851" lon="114.10835097"><ele>16.35943603515625</ele><time>2018-12-24T05:32:38Z</time></trkpt><trkpt lat="22.51394107" lon="114.10837796"><ele>16.67657470703125</ele><time>2018-12-24T05:32:40Z</time></trkpt><trkpt lat="22.51395797" lon="114.10840659"><ele>15.7843017578125</ele><time>2018-12-24T05:32:42Z</time></trkpt><trkpt lat="22.51396451" lon="114.10842972"><ele>14.9578857421875</ele><time>2018-12-24T05:32:44Z</time></trkpt><trkpt lat="22.51397766" lon="114.10846101"><ele>17.276611328125</ele><time>2018-12-24T05:32:47Z</time></trkpt><trkpt lat="22.5139924" lon="114.10847564"><ele>16.9100341796875</ele><time>2018-12-24T05:32:48Z</time></trkpt><trkpt lat="22.51400788" lon="114.10848976"><ele>15.77313232421875</ele><time>2018-12-24T05:32:49Z</time></trkpt><trkpt lat="22.51402355" lon="114.10850339"><ele>15.8106689453125</ele><time>2018-12-24T05:32:50Z</time></trkpt><trkpt lat="22.51403803" lon="114.10851815"><ele>15.85650634765625</ele><time>2018-12-24T05:32:51Z</time></trkpt><trkpt lat="22.5140584" lon="114.10853708"><ele>16.25238037109375</ele><time>2018-12-24T05:32:53Z</time></trkpt><trkpt lat="22.51403906" lon="114.10851804"><ele>15.11102294921875</ele><time>2018-12-24T05:32:59Z</time></trkpt><trkpt lat="22.51402222" lon="114.10850205"><ele>14.90338134765625</ele><time>2018-12-24T05:33:01Z</time></trkpt><trkpt lat="22.51400221" lon="114.10848443"><ele>15.48687744140625</ele><time>2018-12-24T05:33:03Z</time></trkpt><trkpt lat="22.51398468" lon="114.10846847"><ele>14.31005859375</ele><time>2018-12-24T05:33:05Z</time></trkpt><trkpt lat="22.51396725" lon="114.10845941"><ele>14.77203369140625</ele><time>2018-12-24T05:33:07Z</time></trkpt><trkpt lat="22.51394892" lon="114.10845741"><ele>15.13323974609375</ele><time>2018-12-24T05:33:09Z</time></trkpt><trkpt lat="22.51392771" lon="114.10845126"><ele>15.664306640625</ele><time>2018-12-24T05:33:11Z</time></trkpt><trkpt lat="22.51390669" lon="114.10844203"><ele>15.9259033203125</ele><time>2018-12-24T05:33:13Z</time></trkpt><trkpt lat="22.51388247" lon="114.10843891"><ele>16.3511962890625</ele><time>2018-12-24T05:33:15Z</time></trkpt><trkpt lat="22.51385663" lon="114.10844344"><ele>16.0618896484375</ele><time>2018-12-24T05:33:17Z</time></trkpt><trkpt lat="22.51383283" lon="114.10844814"><ele>14.78558349609375</ele><time>2018-12-24T05:33:19Z</time></trkpt><trkpt lat="22.51380866" lon="114.10845057"><ele>14.11041259765625</ele><time>2018-12-24T05:33:21Z</time></trkpt><trkpt lat="22.51378188" lon="114.10845587"><ele>13.47210693359375</ele><time>2018-12-24T05:33:23Z</time></trkpt><trkpt lat="22.51375597" lon="114.10846959"><ele>13.2464599609375</ele><time>2018-12-24T05:33:25Z</time></trkpt><trkpt lat="22.51373239" lon="114.10848659"><ele>13.67010498046875</ele><time>2018-12-24T05:33:27Z</time></trkpt><trkpt lat="22.5137111" lon="114.10849882"><ele>13.3883056640625</ele><time>2018-12-24T05:33:29Z</time></trkpt><trkpt lat="22.5136868" lon="114.10850002"><ele>12.08306884765625</ele><time>2018-12-24T05:33:37Z</time></trkpt><trkpt lat="22.51365697" lon="114.10849418"><ele>11.36602783203125</ele><time>2018-12-24T05:33:39Z</time></trkpt><trkpt lat="22.513632" lon="114.10849145"><ele>11.305633544921875</ele><time>2018-12-24T05:33:41Z</time></trkpt><trkpt lat="22.51360675" lon="114.10848783"><ele>12.17626953125</ele><time>2018-12-24T05:33:43Z</time></trkpt><trkpt lat="22.51357646" lon="114.10848368"><ele>12.397705078125</ele><time>2018-12-24T05:33:45Z</time></trkpt><trkpt lat="22.51354632" lon="114.10848317"><ele>12.14337158203125</ele><time>2018-12-24T05:33:47Z</time></trkpt><trkpt lat="22.51351724" lon="114.10848496"><ele>12.38128662109375</ele><time>2018-12-24T05:33:49Z</time></trkpt><trkpt lat="22.51348861" lon="114.10848405"><ele>11.456878662109375</ele><time>2018-12-24T05:33:51Z</time></trkpt><trkpt lat="22.51346219" lon="114.10847994"><ele>10.83984375</ele><time>2018-12-24T05:33:53Z</time></trkpt><trkpt lat="22.51343551" lon="114.10847647"><ele>12.6988525390625</ele><time>2018-12-24T05:33:55Z</time></trkpt><trkpt lat="22.51340726" lon="114.10846732"><ele>13.42376708984375</ele><time>2018-12-24T05:33:58Z</time></trkpt><trkpt lat="22.51338182" lon="114.10845345"><ele>13.8555908203125</ele><time>2018-12-24T05:34:00Z</time></trkpt><trkpt lat="22.51335999" lon="114.10843896"><ele>12.8974609375</ele><time>2018-12-24T05:34:02Z</time></trkpt><trkpt lat="22.5133446" lon="114.10842779"><ele>13.35772705078125</ele><time>2018-12-24T05:34:04Z</time></trkpt><trkpt lat="22.5133228" lon="114.10842518"><ele>11.306304931640625</ele><time>2018-12-24T05:34:07Z</time></trkpt><trkpt lat="22.51332136" lon="114.10845054"><ele>11.295745849609375</ele><time>2018-12-24T05:34:09Z</time></trkpt><trkpt lat="22.5133312" lon="114.10847259"><ele>11.45269775390625</ele><time>2018-12-24T05:34:11Z</time></trkpt><trkpt lat="22.51330895" lon="114.10847429"><ele>10.594573974609375</ele><time>2018-12-24T05:34:16Z</time></trkpt><trkpt lat="22.51328347" lon="114.10846705"><ele>10.5980224609375</ele><time>2018-12-24T05:34:18Z</time></trkpt><trkpt lat="22.51326157" lon="114.10846047"><ele>10.152587890625</ele><time>2018-12-24T05:34:20Z</time></trkpt><trkpt lat="22.5132451" lon="114.10845221"><ele>9.3546142578125</ele><time>2018-12-24T05:34:22Z</time></trkpt><trkpt lat="22.51322475" lon="114.10844019"><ele>11.447540283203125</ele><time>2018-12-24T05:34:44Z</time></trkpt><trkpt lat="22.51320414" lon="114.10843682"><ele>12.52191162109375</ele><time>2018-12-24T05:34:46Z</time></trkpt><trkpt lat="22.51317587" lon="114.10843585"><ele>11.816925048828125</ele><time>2018-12-24T05:34:49Z</time></trkpt><trkpt lat="22.51315221" lon="114.10843512"><ele>12.35491943359375</ele><time>2018-12-24T05:34:51Z</time></trkpt><trkpt lat="22.51312842" lon="114.10842891"><ele>11.915679931640625</ele><time>2018-12-24T05:35:02Z</time></trkpt><trkpt lat="22.51310075" lon="114.10840845"><ele>9.97967529296875</ele><time>2018-12-24T05:35:04Z</time></trkpt><trkpt lat="22.51307162" lon="114.10839268"><ele>11.409088134765625</ele><time>2018-12-24T05:35:06Z</time></trkpt><trkpt lat="22.51305151" lon="114.10838943"><ele>10.28765869140625</ele><time>2018-12-24T05:35:07Z</time></trkpt><trkpt lat="22.51303108" lon="114.10838842"><ele>11.384979248046875</ele><time>2018-12-24T05:35:08Z</time></trkpt><trkpt lat="22.51300928" lon="114.10838683"><ele>11.63671875</ele><time>2018-12-24T05:35:09Z</time></trkpt><trkpt lat="22.51298511" lon="114.10838548"><ele>12.6082763671875</ele><time>2018-12-24T05:35:10Z</time></trkpt><trkpt lat="22.51295852" lon="114.10838708"><ele>11.193756103515625</ele><time>2018-12-24T05:35:11Z</time></trkpt><trkpt lat="22.51293426" lon="114.10838919"><ele>11.5821533203125</ele><time>2018-12-24T05:35:12Z</time></trkpt><trkpt lat="22.5129144" lon="114.10839431"><ele>10.28570556640625</ele><time>2018-12-24T05:35:13Z</time></trkpt><trkpt lat="22.51288447" lon="114.10839569"><ele>11.196136474609375</ele><time>2018-12-24T05:35:15Z</time></trkpt><trkpt lat="22.51286199" lon="114.10839041"><ele>13.67510986328125</ele><time>2018-12-24T05:35:17Z</time></trkpt><trkpt lat="22.51283501" lon="114.1083808"><ele>17.595458984375</ele><time>2018-12-24T05:35:31Z</time></trkpt><trkpt lat="22.51281674" lon="114.10837169"><ele>15.94281005859375</ele><time>2018-12-24T05:35:32Z</time></trkpt><trkpt lat="22.51279905" lon="114.10836099"><ele>15.49725341796875</ele><time>2018-12-24T05:35:33Z</time></trkpt><trkpt lat="22.51277767" lon="114.10834778"><ele>13.67950439453125</ele><time>2018-12-24T05:35:34Z</time></trkpt><trkpt lat="22.51275603" lon="114.10833508"><ele>12.25592041015625</ele><time>2018-12-24T05:35:35Z</time></trkpt><trkpt lat="22.51272955" lon="114.10832442"><ele>10.233184814453125</ele><time>2018-12-24T05:35:36Z</time></trkpt><trkpt lat="22.51269869" lon="114.10831924"><ele>9.032470703125</ele><time>2018-12-24T05:35:37Z</time></trkpt><trkpt lat="22.51266547" lon="114.10831963"><ele>9.7913818359375</ele><time>2018-12-24T05:35:38Z</time></trkpt><trkpt lat="22.51263377" lon="114.10832407"><ele>9.1934814453125</ele><time>2018-12-24T05:35:39Z</time></trkpt><trkpt lat="22.51260409" lon="114.10833054"><ele>9.07745361328125</ele><time>2018-12-24T05:35:40Z</time></trkpt><trkpt lat="22.51258083" lon="114.10833679"><ele>9.859588623046875</ele><time>2018-12-24T05:35:41Z</time></trkpt><trkpt lat="22.51255105" lon="114.10834585"><ele>10.6873779296875</ele><time>2018-12-24T05:35:43Z</time></trkpt><trkpt lat="22.51252197" lon="114.10835672"><ele>10.658447265625</ele><time>2018-12-24T05:35:45Z</time></trkpt><trkpt lat="22.51249574" lon="114.10836446"><ele>11.02886962890625</ele><time>2018-12-24T05:35:47Z</time></trkpt><trkpt lat="22.51247088" lon="114.10837457"><ele>11.1072998046875</ele><time>2018-12-24T05:35:49Z</time></trkpt><trkpt lat="22.51244339" lon="114.10838257"><ele>11.966705322265625</ele><time>2018-12-24T05:35:51Z</time></trkpt><trkpt lat="22.51241931" lon="114.10838768"><ele>12.228271484375</ele><time>2018-12-24T05:35:53Z</time></trkpt><trkpt lat="22.51239825" lon="114.10840028"><ele>12.53521728515625</ele><time>2018-12-24T05:35:56Z</time></trkpt><trkpt lat="22.51237261" lon="114.10840167"><ele>10.3232421875</ele><time>2018-12-24T05:35:58Z</time></trkpt><trkpt lat="22.51235055" lon="114.10841048"><ele>8.422088623046875</ele><time>2018-12-24T05:36:00Z</time></trkpt><trkpt lat="22.51232129" lon="114.10842009"><ele>6.621551513671875</ele><time>2018-12-24T05:36:02Z</time></trkpt><trkpt lat="22.5122982" lon="114.10842601"><ele>5.661224365234375</ele><time>2018-12-24T05:36:04Z</time></trkpt><trkpt lat="22.51227304" lon="114.10843721"><ele>4.44171142578125</ele><time>2018-12-24T05:36:06Z</time></trkpt><trkpt lat="22.51224868" lon="114.10845941"><ele>3.80828857421875</ele><time>2018-12-24T05:36:08Z</time></trkpt><trkpt lat="22.512225" lon="114.10848623"><ele>4.682861328125</ele><time>2018-12-24T05:36:10Z</time></trkpt><trkpt lat="22.51220477" lon="114.1085112"><ele>5.873016357421875</ele><time>2018-12-24T05:36:12Z</time></trkpt><trkpt lat="22.51218634" lon="114.10853916"><ele>8.076751708984375</ele><time>2018-12-24T05:36:14Z</time></trkpt><trkpt lat="22.51216633" lon="114.10856585"><ele>8.0452880859375</ele><time>2018-12-24T05:36:16Z</time></trkpt><trkpt lat="22.51214574" lon="114.10859051"><ele>8.065887451171875</ele><time>2018-12-24T05:36:18Z</time></trkpt><trkpt lat="22.51212671" lon="114.10861256"><ele>8.542236328125</ele><time>2018-12-24T05:36:20Z</time></trkpt><trkpt lat="22.51210558" lon="114.10862462"><ele>5.50299072265625</ele><time>2018-12-24T05:36:22Z</time></trkpt><trkpt lat="22.51207784" lon="114.10862585"><ele>2.892730712890625</ele><time>2018-12-24T05:36:24Z</time></trkpt><trkpt lat="22.51205262" lon="114.10862791"><ele>0.261322021484375</ele><time>2018-12-24T05:36:26Z</time></trkpt><trkpt lat="22.51202896" lon="114.10863628"><ele>-0.04693603515625</ele><time>2018-12-24T05:36:28Z</time></trkpt><trkpt lat="22.51200744" lon="114.10864621"><ele>-1.788360595703125</ele><time>2018-12-24T05:36:30Z</time></trkpt><trkpt lat="22.51199172" lon="114.10865973"><ele>-2.34466552734375</ele><time>2018-12-24T05:36:32Z</time></trkpt><trkpt lat="22.51198145" lon="114.10868148"><ele>-2.05975341796875</ele><time>2018-12-24T05:36:34Z</time></trkpt><trkpt lat="22.51197407" lon="114.10870225"><ele>-1.854400634765625</ele><time>2018-12-24T05:36:36Z</time></trkpt><trkpt lat="22.51196082" lon="114.10872411"><ele>-1.96923828125</ele><time>2018-12-24T05:36:38Z</time></trkpt><trkpt lat="22.51195211" lon="114.10874774"><ele>-1.429931640625</ele><time>2018-12-24T05:36:40Z</time></trkpt><trkpt lat="22.51194254" lon="114.10877227"><ele>0.064727783203125</ele><time>2018-12-24T05:36:42Z</time></trkpt><trkpt lat="22.51192961" lon="114.10879771"><ele>-0.930877685546875</ele><time>2018-12-24T05:36:44Z</time></trkpt><trkpt lat="22.51191652" lon="114.1088213"><ele>-1.68035888671875</ele><time>2018-12-24T05:36:46Z</time></trkpt><trkpt lat="22.51190303" lon="114.10884559"><ele>-0.099945068359375</ele><time>2018-12-24T05:36:48Z</time></trkpt><trkpt lat="22.5118882" lon="114.10887221"><ele>0.348785400390625</ele><time>2018-12-24T05:36:50Z</time></trkpt><trkpt lat="22.51186984" lon="114.108893"><ele>-0.043365478515625</ele><time>2018-12-24T05:36:52Z</time></trkpt><trkpt lat="22.51184995" lon="114.10891135"><ele>-0.287994384765625</ele><time>2018-12-24T05:36:54Z</time></trkpt><trkpt lat="22.51182783" lon="114.10892321"><ele>0.711090087890625</ele><time>2018-12-24T05:36:56Z</time></trkpt><trkpt lat="22.51179966" lon="114.10893643"><ele>2.155303955078125</ele><time>2018-12-24T05:36:58Z</time></trkpt><trkpt lat="22.51177202" lon="114.10894972"><ele>3.52276611328125</ele><time>2018-12-24T05:37:00Z</time></trkpt><trkpt lat="22.5117514" lon="114.10896301"><ele>4.792816162109375</ele><time>2018-12-24T05:37:02Z</time></trkpt><trkpt lat="22.51173204" lon="114.10897606"><ele>4.68328857421875</ele><time>2018-12-24T05:37:04Z</time></trkpt><trkpt lat="22.5117085" lon="114.10897882"><ele>5.482574462890625</ele><time>2018-12-24T05:37:07Z</time></trkpt><trkpt lat="22.51167992" lon="114.10897435"><ele>6.027252197265625</ele><time>2018-12-24T05:37:09Z</time></trkpt><trkpt lat="22.511652" lon="114.10896444"><ele>4.7266845703125</ele><time>2018-12-24T05:37:11Z</time></trkpt><trkpt lat="22.51163097" lon="114.10895775"><ele>6.17608642578125</ele><time>2018-12-24T05:37:13Z</time></trkpt><trkpt lat="22.51160257" lon="114.10895007"><ele>6.93365478515625</ele><time>2018-12-24T05:37:15Z</time></trkpt><trkpt lat="22.51158042" lon="114.10894307"><ele>7.066650390625</ele><time>2018-12-24T05:37:17Z</time></trkpt><trkpt lat="22.51155324" lon="114.10894599"><ele>7.328125</ele><time>2018-12-24T05:37:20Z</time></trkpt><trkpt lat="22.51153645" lon="114.10895742"><ele>7.639068603515625</ele><time>2018-12-24T05:37:22Z</time></trkpt><trkpt lat="22.51151608" lon="114.10897045"><ele>7.944915771484375</ele><time>2018-12-24T05:37:28Z</time></trkpt><trkpt lat="22.51148981" lon="114.10897261"><ele>8.26519775390625</ele><time>2018-12-24T05:37:30Z</time></trkpt><trkpt lat="22.51146321" lon="114.10897207"><ele>8.201080322265625</ele><time>2018-12-24T05:37:32Z</time></trkpt><trkpt lat="22.51143412" lon="114.10896645"><ele>6.703399658203125</ele><time>2018-12-24T05:37:34Z</time></trkpt><trkpt lat="22.51139876" lon="114.10896957"><ele>8.49346923828125</ele><time>2018-12-24T05:37:36Z</time></trkpt><trkpt lat="22.51136948" lon="114.10897305"><ele>9.00482177734375</ele><time>2018-12-24T05:37:38Z</time></trkpt><trkpt lat="22.51134955" lon="114.10896737"><ele>9.652923583984375</ele><time>2018-12-24T05:37:40Z</time></trkpt><trkpt lat="22.51132315" lon="114.10896318"><ele>9.43365478515625</ele><time>2018-12-24T05:37:43Z</time></trkpt><trkpt lat="22.51129447" lon="114.10897146"><ele>8.220458984375</ele><time>2018-12-24T05:37:45Z</time></trkpt><trkpt lat="22.51126879" lon="114.10898578"><ele>9.4324951171875</ele><time>2018-12-24T05:37:47Z</time></trkpt><trkpt lat="22.51124151" lon="114.10899195"><ele>8.2841796875</ele><time>2018-12-24T05:37:49Z</time></trkpt><trkpt lat="22.51121405" lon="114.10899083"><ele>7.240966796875</ele><time>2018-12-24T05:37:51Z</time></trkpt><trkpt lat="22.51118614" lon="114.10899313"><ele>7.471099853515625</ele><time>2018-12-24T05:37:53Z</time></trkpt><trkpt lat="22.5111643" lon="114.10900874"><ele>5.336517333984375</ele><time>2018-12-24T05:37:55Z</time></trkpt><trkpt lat="22.51114424" lon="114.10902026"><ele>6.102569580078125</ele><time>2018-12-24T05:37:57Z</time></trkpt><trkpt lat="22.51111657" lon="114.10902918"><ele>7.11627197265625</ele><time>2018-12-24T05:37:59Z</time></trkpt><trkpt lat="22.51108325" lon="114.10903278"><ele>8.47637939453125</ele><time>2018-12-24T05:38:01Z</time></trkpt><trkpt lat="22.51105619" lon="114.10904432"><ele>7.968963623046875</ele><time>2018-12-24T05:38:03Z</time></trkpt><trkpt lat="22.51103604" lon="114.10906308"><ele>7.623626708984375</ele><time>2018-12-24T05:38:05Z</time></trkpt><trkpt lat="22.51101677" lon="114.10907925"><ele>6.940093994140625</ele><time>2018-12-24T05:38:07Z</time></trkpt><trkpt lat="22.51099788" lon="114.10909375"><ele>6.9783935546875</ele><time>2018-12-24T05:38:09Z</time></trkpt><trkpt lat="22.51097906" lon="114.10911066"><ele>6.6451416015625</ele><time>2018-12-24T05:38:11Z</time></trkpt><trkpt lat="22.51097489" lon="114.10913452"><ele>7.039154052734375</ele><time>2018-12-24T05:38:19Z</time></trkpt><trkpt lat="22.51094877" lon="114.10915727"><ele>7.2723388671875</ele><time>2018-12-24T05:38:21Z</time></trkpt><trkpt lat="22.5109241" lon="114.1091818"><ele>8.252349853515625</ele><time>2018-12-24T05:38:23Z</time></trkpt><trkpt lat="22.51090292" lon="114.10920467"><ele>7.681884765625</ele><time>2018-12-24T05:38:25Z</time></trkpt><trkpt lat="22.51090825" lon="114.10923494"><ele>8.17254638671875</ele><time>2018-12-24T05:38:29Z</time></trkpt><trkpt lat="22.51092314" lon="114.10925494"><ele>8.65716552734375</ele><time>2018-12-24T05:38:31Z</time></trkpt><trkpt lat="22.510937" lon="114.10926887"><ele>8.894317626953125</ele><time>2018-12-24T05:38:33Z</time></trkpt><trkpt lat="22.51095434" lon="114.1092818"><ele>9.3238525390625</ele><time>2018-12-24T05:38:35Z</time></trkpt><trkpt lat="22.51097508" lon="114.10930272"><ele>9.18463134765625</ele><time>2018-12-24T05:38:37Z</time></trkpt><trkpt lat="22.51098939" lon="114.10932164"><ele>8.99517822265625</ele><time>2018-12-24T05:38:39Z</time></trkpt><trkpt lat="22.51099969" lon="114.10935033"><ele>8.150421142578125</ele><time>2018-12-24T05:38:41Z</time></trkpt><trkpt lat="22.51100476" lon="114.10938288"><ele>8.037811279296875</ele><time>2018-12-24T05:38:43Z</time></trkpt><trkpt lat="22.51100532" lon="114.10941655"><ele>8.031707763671875</ele><time>2018-12-24T05:38:45Z</time></trkpt><trkpt lat="22.51100324" lon="114.10944695"><ele>7.4114990234375</ele><time>2018-12-24T05:38:47Z</time></trkpt><trkpt lat="22.51100235" lon="114.10947971"><ele>7.072296142578125</ele><time>2018-12-24T05:38:49Z</time></trkpt><trkpt lat="22.5110057" lon="114.10951407"><ele>7.726318359375</ele><time>2018-12-24T05:38:51Z</time></trkpt><trkpt lat="22.51100759" lon="114.10954173"><ele>7.5506591796875</ele><time>2018-12-24T05:38:53Z</time></trkpt><trkpt lat="22.511012" lon="114.10957005"><ele>7.4915771484375</ele><time>2018-12-24T05:38:56Z</time></trkpt><trkpt lat="22.51101531" lon="114.10959906"><ele>7.294464111328125</ele><time>2018-12-24T05:38:58Z</time></trkpt><trkpt lat="22.51101511" lon="114.10962749"><ele>6.997833251953125</ele><time>2018-12-24T05:39:00Z</time></trkpt><trkpt lat="22.51100967" lon="114.10965289"><ele>7.045135498046875</ele><time>2018-12-24T05:39:02Z</time></trkpt><trkpt lat="22.51100346" lon="114.10967746"><ele>6.442779541015625</ele><time>2018-12-24T05:39:04Z</time></trkpt><trkpt lat="22.51099732" lon="114.1097001"><ele>6.087860107421875</ele><time>2018-12-24T05:39:08Z</time></trkpt><trkpt lat="22.51098578" lon="114.10971528"><ele>5.369110107421875</ele><time>2018-12-24T05:39:10Z</time></trkpt><trkpt lat="22.51096615" lon="114.10973611"><ele>5.991729736328125</ele><time>2018-12-24T05:39:12Z</time></trkpt><trkpt lat="22.51095241" lon="114.10976398"><ele>5.71600341796875</ele><time>2018-12-24T05:39:14Z</time></trkpt><trkpt lat="22.510949" lon="114.10979419"><ele>5.599609375</ele><time>2018-12-24T05:39:16Z</time></trkpt><trkpt lat="22.51094977" lon="114.10982292"><ele>5.923309326171875</ele><time>2018-12-24T05:39:18Z</time></trkpt><trkpt lat="22.51095249" lon="114.10984929"><ele>4.858245849609375</ele><time>2018-12-24T05:39:20Z</time></trkpt><trkpt lat="22.51095876" lon="114.10987792"><ele>4.3255615234375</ele><time>2018-12-24T05:39:22Z</time></trkpt><trkpt lat="22.51096348" lon="114.10990733"><ele>3.874481201171875</ele><time>2018-12-24T05:39:24Z</time></trkpt><trkpt lat="22.51096422" lon="114.10993815"><ele>3.457000732421875</ele><time>2018-12-24T05:39:26Z</time></trkpt><trkpt lat="22.51096262" lon="114.10996611"><ele>3.030548095703125</ele><time>2018-12-24T05:39:28Z</time></trkpt><trkpt lat="22.51095673" lon="114.10999037"><ele>2.112884521484375</ele><time>2018-12-24T05:39:30Z</time></trkpt><trkpt lat="22.5109534" lon="114.110017"><ele>2.36212158203125</ele><time>2018-12-24T05:39:32Z</time></trkpt><trkpt lat="22.51095516" lon="114.11004357"><ele>3.00115966796875</ele><time>2018-12-24T05:39:34Z</time></trkpt><trkpt lat="22.51095917" lon="114.11007162"><ele>3.681396484375</ele><time>2018-12-24T05:39:36Z</time></trkpt><trkpt lat="22.51095753" lon="114.11009641"><ele>4.549896240234375</ele><time>2018-12-24T05:39:38Z</time></trkpt><trkpt lat="22.5109529" lon="114.1101261"><ele>4.816131591796875</ele><time>2018-12-24T05:39:40Z</time></trkpt><trkpt lat="22.51094424" lon="114.11014454"><ele>6.0126953125</ele><time>2018-12-24T05:39:47Z</time></trkpt><trkpt lat="22.51092089" lon="114.11013205"><ele>5.684722900390625</ele><time>2018-12-24T05:39:50Z</time></trkpt><trkpt lat="22.51090053" lon="114.11012669"><ele>5.075042724609375</ele><time>2018-12-24T05:39:53Z</time></trkpt><trkpt lat="22.51091186" lon="114.11010729"><ele>3.437896728515625</ele><time>2018-12-24T05:39:56Z</time></trkpt><trkpt lat="22.51093151" lon="114.11008597"><ele>3.809173583984375</ele><time>2018-12-24T05:39:59Z</time></trkpt><trkpt lat="22.51094769" lon="114.11007306"><ele>3.282928466796875</ele><time>2018-12-24T05:40:01Z</time></trkpt><trkpt lat="22.51095192" lon="114.11004477"><ele>3.5469970703125</ele><time>2018-12-24T05:40:04Z</time></trkpt><trkpt lat="22.51094873" lon="114.11002237"><ele>3.709197998046875</ele><time>2018-12-24T05:40:06Z</time></trkpt><trkpt lat="22.51093998" lon="114.11004398"><ele>3.176849365234375</ele><time>2018-12-24T05:40:10Z</time></trkpt><trkpt lat="22.51092653" lon="114.11007238"><ele>3.6593017578125</ele><time>2018-12-24T05:40:13Z</time></trkpt><trkpt lat="22.51092094" lon="114.11010076"><ele>4.070953369140625</ele><time>2018-12-24T05:40:15Z</time></trkpt><trkpt lat="22.51091407" lon="114.11012301"><ele>3.99652099609375</ele><time>2018-12-24T05:40:17Z</time></trkpt><trkpt lat="22.51090811" lon="114.11014453"><ele>3.704437255859375</ele><time>2018-12-24T05:40:19Z</time></trkpt><trkpt lat="22.51090221" lon="114.11016613"><ele>3.755340576171875</ele><time>2018-12-24T05:40:21Z</time></trkpt><trkpt lat="22.5108989" lon="114.11018857"><ele>3.5985107421875</ele><time>2018-12-24T05:40:23Z</time></trkpt><trkpt lat="22.51089936" lon="114.11021125"><ele>3.97235107421875</ele><time>2018-12-24T05:40:25Z</time></trkpt><trkpt lat="22.51088437" lon="114.11022805"><ele>6.84619140625</ele><time>2018-12-24T05:40:33Z</time></trkpt><trkpt lat="22.51088794" lon="114.11025277"><ele>8.193756103515625</ele><time>2018-12-24T05:40:46Z</time></trkpt><trkpt lat="22.51087163" lon="114.11026659"><ele>5.62823486328125</ele><time>2018-12-24T05:40:51Z</time></trkpt><trkpt lat="22.51085824" lon="114.11028552"><ele>4.480743408203125</ele><time>2018-12-24T05:40:54Z</time></trkpt><trkpt lat="22.51083473" lon="114.11028443"><ele>4.686676025390625</ele><time>2018-12-24T05:40:57Z</time></trkpt><trkpt lat="22.51083625" lon="114.11025434"><ele>3.13214111328125</ele><time>2018-12-24T05:41:02Z</time></trkpt><trkpt lat="22.51084259" lon="114.11022905"><ele>2.98773193359375</ele><time>2018-12-24T05:41:04Z</time></trkpt><trkpt lat="22.51085076" lon="114.11020474"><ele>1.568817138671875</ele><time>2018-12-24T05:41:06Z</time></trkpt><trkpt lat="22.5108564" lon="114.11018253"><ele>1.861846923828125</ele><time>2018-12-24T05:41:08Z</time></trkpt><trkpt lat="22.51083664" lon="114.11016747"><ele>1.704193115234375</ele><time>2018-12-24T05:41:11Z</time></trkpt><trkpt lat="22.5108179" lon="114.11015891"><ele>-0.2442626953125</ele><time>2018-12-24T05:41:14Z</time></trkpt><trkpt lat="22.51080267" lon="114.11014401"><ele>-0.3748779296875</ele><time>2018-12-24T05:41:18Z</time></trkpt><trkpt lat="22.51078589" lon="114.110131"><ele>-0.721710205078125</ele><time>2018-12-24T05:41:21Z</time></trkpt><trkpt lat="22.51080627" lon="114.11011769"><ele>3.16851806640625</ele><time>2018-12-24T05:42:11Z</time></trkpt><trkpt lat="22.51083296" lon="114.11013228"><ele>3.04791259765625</ele><time>2018-12-24T05:42:13Z</time></trkpt><trkpt lat="22.51085321" lon="114.1101482"><ele>2.86517333984375</ele><time>2018-12-24T05:42:15Z</time></trkpt><trkpt lat="22.51085952" lon="114.11017248"><ele>1.321044921875</ele><time>2018-12-24T05:42:18Z</time></trkpt><trkpt lat="22.51083855" lon="114.11018351"><ele>1.20526123046875</ele><time>2018-12-24T05:42:21Z</time></trkpt><trkpt lat="22.51082055" lon="114.11018078"><ele>1.972991943359375</ele><time>2018-12-24T05:42:22Z</time></trkpt><trkpt lat="22.51080151" lon="114.11017697"><ele>3.25067138671875</ele><time>2018-12-24T05:42:23Z</time></trkpt><trkpt lat="22.51078209" lon="114.11017306"><ele>4.6392822265625</ele><time>2018-12-24T05:42:24Z</time></trkpt><trkpt lat="22.51075794" lon="114.11016888"><ele>3.834808349609375</ele><time>2018-12-24T05:42:26Z</time></trkpt><trkpt lat="22.51074185" lon="114.11015589"><ele>3.098358154296875</ele><time>2018-12-24T05:42:30Z</time></trkpt><trkpt lat="22.51072681" lon="114.11013746"><ele>2.34466552734375</ele><time>2018-12-24T05:42:34Z</time></trkpt><trkpt lat="22.51070557" lon="114.11013606"><ele>2.3970947265625</ele><time>2018-12-24T05:42:37Z</time></trkpt><trkpt lat="22.510681" lon="114.11014146"><ele>4.532379150390625</ele><time>2018-12-24T05:42:41Z</time></trkpt><trkpt lat="22.51066114" lon="114.11016127"><ele>4.446807861328125</ele><time>2018-12-24T05:42:43Z</time></trkpt><trkpt lat="22.51064983" lon="114.11018105"><ele>6.616912841796875</ele><time>2018-12-24T05:42:47Z</time></trkpt><trkpt lat="22.51064117" lon="114.11020089"><ele>8.72760009765625</ele><time>2018-12-24T05:42:59Z</time></trkpt><trkpt lat="22.51062779" lon="114.1102161"><ele>8.06396484375</ele><time>2018-12-24T05:43:05Z</time></trkpt><trkpt lat="22.51062935" lon="114.11024713"><ele>15.5205078125</ele><time>2018-12-24T05:43:54Z</time></trkpt><trkpt lat="22.51061337" lon="114.11026367"><ele>17.3736572265625</ele><time>2018-12-24T05:43:56Z</time></trkpt><trkpt lat="22.51063034" lon="114.11028514"><ele>21.8468017578125</ele><time>2018-12-24T05:44:01Z</time></trkpt><trkpt lat="22.51064705" lon="114.11029297"><ele>22.42974853515625</ele><time>2018-12-24T05:44:02Z</time></trkpt><trkpt lat="22.51066357" lon="114.1103023"><ele>23.82171630859375</ele><time>2018-12-24T05:44:04Z</time></trkpt><trkpt lat="22.5106776" lon="114.11031463"><ele>22.61981201171875</ele><time>2018-12-24T05:44:16Z</time></trkpt><trkpt lat="22.51069553" lon="114.11029919"><ele>19.0018310546875</ele><time>2018-12-24T05:45:18Z</time></trkpt><trkpt lat="22.51069829" lon="114.11027588"><ele>9.33416748046875</ele><time>2018-12-24T05:48:23Z</time></trkpt><trkpt lat="22.51068964" lon="114.11025819"><ele>9.12664794921875</ele><time>2018-12-24T05:48:25Z</time></trkpt><trkpt lat="22.51068358" lon="114.11023595"><ele>11.9188232421875</ele><time>2018-12-24T05:48:28Z</time></trkpt><trkpt lat="22.51068346" lon="114.11025638"><ele>14.9940185546875</ele><time>2018-12-24T05:49:12Z</time></trkpt><trkpt lat="22.5106597" lon="114.11026913"><ele>14.61407470703125</ele><time>2018-12-24T05:49:17Z</time></trkpt><trkpt lat="22.51064481" lon="114.11025807"><ele>12.07318115234375</ele><time>2018-12-24T05:55:00Z</time></trkpt><trkpt lat="22.51063497" lon="114.11024018"><ele>10.696990966796875</ele><time>2018-12-24T05:55:47Z</time></trkpt><trkpt lat="22.51064736" lon="114.11026328"><ele>11.134429931640625</ele><time>2018-12-24T05:55:56Z</time></trkpt><trkpt lat="22.51066856" lon="114.11026702"><ele>11.782073974609375</ele><time>2018-12-24T05:55:58Z</time></trkpt><trkpt lat="22.51068697" lon="114.11026224"><ele>11.862091064453125</ele><time>2018-12-24T05:56:03Z</time></trkpt><trkpt lat="22.5106694" lon="114.11025819"><ele>11.18939208984375</ele><time>2018-12-24T05:58:45Z</time></trkpt><trkpt lat="22.51068122" lon="114.11024276"><ele>8.397064208984375</ele><time>2018-12-24T06:05:24Z</time></trkpt><trkpt lat="22.51066211" lon="114.11023131"><ele>9.010223388671875</ele><time>2018-12-24T06:05:26Z</time></trkpt><trkpt lat="22.51066114" lon="114.11020976"><ele>6.1920166015625</ele><time>2018-12-24T06:10:22Z</time></trkpt><trkpt lat="22.51069323" lon="114.11021407"><ele>5.9730224609375</ele><time>2018-12-24T06:10:24Z</time></trkpt><trkpt lat="22.51069897" lon="114.11019297"><ele>5.0487060546875</ele><time>2018-12-24T06:10:31Z</time></trkpt><trkpt lat="22.51071615" lon="114.11019929"><ele>5.081268310546875</ele><time>2018-12-24T06:10:33Z</time></trkpt><trkpt lat="22.51073411" lon="114.11020669"><ele>4.343048095703125</ele><time>2018-12-24T06:10:35Z</time></trkpt><trkpt lat="22.5107598" lon="114.11021839"><ele>6.3653564453125</ele><time>2018-12-24T06:10:48Z</time></trkpt><trkpt lat="22.51078877" lon="114.11022581"><ele>4.8760986328125</ele><time>2018-12-24T06:10:50Z</time></trkpt><trkpt lat="22.51081795" lon="114.11023488"><ele>0.914794921875</ele><time>2018-12-24T06:10:53Z</time></trkpt><trkpt lat="22.51084585" lon="114.11024614"><ele>3.7586669921875</ele><time>2018-12-24T06:10:55Z</time></trkpt><trkpt lat="22.51087395" lon="114.11025425"><ele>4.812713623046875</ele><time>2018-12-24T06:10:57Z</time></trkpt><trkpt lat="22.51090277" lon="114.11026322"><ele>4.83599853515625</ele><time>2018-12-24T06:10:59Z</time></trkpt><trkpt lat="22.51093109" lon="114.11027106"><ele>4.84796142578125</ele><time>2018-12-24T06:11:01Z</time></trkpt><trkpt lat="22.5109597" lon="114.11027248"><ele>5.68438720703125</ele><time>2018-12-24T06:11:03Z</time></trkpt><trkpt lat="22.51098015" lon="114.1102788"><ele>4.846435546875</ele><time>2018-12-24T06:11:05Z</time></trkpt><trkpt lat="22.51100377" lon="114.11028129"><ele>4.9107666015625</ele><time>2018-12-24T06:11:08Z</time></trkpt><trkpt lat="22.51102641" lon="114.11029133"><ele>4.06463623046875</ele><time>2018-12-24T06:11:10Z</time></trkpt><trkpt lat="22.51105545" lon="114.11030428"><ele>3.8095703125</ele><time>2018-12-24T06:11:12Z</time></trkpt><trkpt lat="22.51108432" lon="114.11031209"><ele>3.23370361328125</ele><time>2018-12-24T06:11:14Z</time></trkpt><trkpt lat="22.51111197" lon="114.11032066"><ele>3.19647216796875</ele><time>2018-12-24T06:11:16Z</time></trkpt><trkpt lat="22.5111328" lon="114.11032585"><ele>2.703948974609375</ele><time>2018-12-24T06:11:18Z</time></trkpt><trkpt lat="22.51115122" lon="114.11032856"><ele>1.727447509765625</ele><time>2018-12-24T06:11:20Z</time></trkpt><trkpt lat="22.51117539" lon="114.11033824"><ele>3.095245361328125</ele><time>2018-12-24T06:11:24Z</time></trkpt><trkpt lat="22.51119478" lon="114.11034657"><ele>2.7884521484375</ele><time>2018-12-24T06:11:26Z</time></trkpt><trkpt lat="22.51121398" lon="114.11035476"><ele>2.346221923828125</ele><time>2018-12-24T06:11:28Z</time></trkpt><trkpt lat="22.51123809" lon="114.11036431"><ele>2.06787109375</ele><time>2018-12-24T06:11:30Z</time></trkpt><trkpt lat="22.51126342" lon="114.11037549"><ele>2.806060791015625</ele><time>2018-12-24T06:11:32Z</time></trkpt><trkpt lat="22.51127992" lon="114.11038489"><ele>2.60833740234375</ele><time>2018-12-24T06:11:33Z</time></trkpt><trkpt lat="22.51129607" lon="114.11039561"><ele>2.58984375</ele><time>2018-12-24T06:11:34Z</time></trkpt><trkpt lat="22.51131261" lon="114.11040375"><ele>2.478515625</ele><time>2018-12-24T06:11:35Z</time></trkpt><trkpt lat="22.51134131" lon="114.11041314"><ele>0.880126953125</ele><time>2018-12-24T06:11:37Z</time></trkpt><trkpt lat="22.51136128" lon="114.11041619"><ele>0.788848876953125</ele><time>2018-12-24T06:11:39Z</time></trkpt><trkpt lat="22.51138355" lon="114.11040588"><ele>-3.640228271484375</ele><time>2018-12-24T06:11:42Z</time></trkpt><trkpt lat="22.51140114" lon="114.11039174"><ele>-4.288604736328125</ele><time>2018-12-24T06:11:44Z</time></trkpt><trkpt lat="22.51141878" lon="114.11038577"><ele>-0.621856689453125</ele><time>2018-12-24T06:11:51Z</time></trkpt><trkpt lat="22.51141427" lon="114.11040522"><ele>0.70623779296875</ele><time>2018-12-24T06:11:54Z</time></trkpt><trkpt lat="22.51141145" lon="114.11043249"><ele>1.998931884765625</ele><time>2018-12-24T06:11:57Z</time></trkpt><trkpt lat="22.51138976" lon="114.11044725"><ele>1.86334228515625</ele><time>2018-12-24T06:12:00Z</time></trkpt><trkpt lat="22.51136125" lon="114.11044764"><ele>2.465362548828125</ele><time>2018-12-24T06:12:03Z</time></trkpt><trkpt lat="22.51134258" lon="114.11044683"><ele>2.826171875</ele><time>2018-12-24T06:12:05Z</time></trkpt><trkpt lat="22.51132475" lon="114.11044191"><ele>2.248870849609375</ele><time>2018-12-24T06:12:07Z</time></trkpt><trkpt lat="22.51130625" lon="114.1104403"><ele>1.06707763671875</ele><time>2018-12-24T06:12:09Z</time></trkpt><trkpt lat="22.51128437" lon="114.11043454"><ele>1.283111572265625</ele><time>2018-12-24T06:12:11Z</time></trkpt><trkpt lat="22.51126747" lon="114.1104244"><ele>1.667938232421875</ele><time>2018-12-24T06:12:13Z</time></trkpt><trkpt lat="22.51124597" lon="114.11041831"><ele>2.3134765625</ele><time>2018-12-24T06:12:15Z</time></trkpt><trkpt lat="22.511223" lon="114.11041075"><ele>2.361602783203125</ele><time>2018-12-24T06:12:17Z</time></trkpt><trkpt lat="22.5112028" lon="114.11040107"><ele>2.803558349609375</ele><time>2018-12-24T06:12:19Z</time></trkpt><trkpt lat="22.51118114" lon="114.11038916"><ele>2.883026123046875</ele><time>2018-12-24T06:12:21Z</time></trkpt><trkpt lat="22.51115731" lon="114.11037858"><ele>3.73773193359375</ele><time>2018-12-24T06:12:23Z</time></trkpt><trkpt lat="22.51113812" lon="114.11036428"><ele>4.357391357421875</ele><time>2018-12-24T06:12:25Z</time></trkpt><trkpt lat="22.51111858" lon="114.11034741"><ele>4.648651123046875</ele><time>2018-12-24T06:12:27Z</time></trkpt><trkpt lat="22.51109386" lon="114.11033068"><ele>4.177490234375</ele><time>2018-12-24T06:12:29Z</time></trkpt><trkpt lat="22.51106947" lon="114.11031537"><ele>4.6466064453125</ele><time>2018-12-24T06:12:31Z</time></trkpt><trkpt lat="22.51104447" lon="114.11030391"><ele>5.149627685546875</ele><time>2018-12-24T06:12:33Z</time></trkpt><trkpt lat="22.51101351" lon="114.11030475"><ele>5.44708251953125</ele><time>2018-12-24T06:12:35Z</time></trkpt><trkpt lat="22.51098941" lon="114.11030956"><ele>4.411865234375</ele><time>2018-12-24T06:12:37Z</time></trkpt><trkpt lat="22.51096753" lon="114.11031464"><ele>4.70587158203125</ele><time>2018-12-24T06:12:39Z</time></trkpt><trkpt lat="22.51094744" lon="114.11032128"><ele>3.979949951171875</ele><time>2018-12-24T06:12:41Z</time></trkpt><trkpt lat="22.51092814" lon="114.11032363"><ele>3.0274658203125</ele><time>2018-12-24T06:12:43Z</time></trkpt><trkpt lat="22.51091009" lon="114.11033433"><ele>5.20404052734375</ele><time>2018-12-24T06:12:48Z</time></trkpt><trkpt lat="22.51090756" lon="114.1103583"><ele>5.10845947265625</ele><time>2018-12-24T06:12:51Z</time></trkpt><trkpt lat="22.51089238" lon="114.11037316"><ele>3.724822998046875</ele><time>2018-12-24T06:12:58Z</time></trkpt><trkpt lat="22.51087712" lon="114.11039192"><ele>3.044281005859375</ele><time>2018-12-24T06:13:00Z</time></trkpt><trkpt lat="22.51086422" lon="114.11041392"><ele>4.374603271484375</ele><time>2018-12-24T06:13:02Z</time></trkpt><trkpt lat="22.51085387" lon="114.11044327"><ele>5.26318359375</ele><time>2018-12-24T06:13:04Z</time></trkpt><trkpt lat="22.51084275" lon="114.11046816"><ele>6.694580078125</ele><time>2018-12-24T06:13:06Z</time></trkpt><trkpt lat="22.51083518" lon="114.11048618"><ele>7.587554931640625</ele><time>2018-12-24T06:13:08Z</time></trkpt><trkpt lat="22.51083175" lon="114.11050847"><ele>9.373260498046875</ele><time>2018-12-24T06:13:10Z</time></trkpt><trkpt lat="22.51083343" lon="114.11052797"><ele>8.820556640625</ele><time>2018-12-24T06:13:12Z</time></trkpt><trkpt lat="22.51084827" lon="114.11055029"><ele>6.5341796875</ele><time>2018-12-24T06:13:14Z</time></trkpt><trkpt lat="22.51086617" lon="114.11057409"><ele>5.430267333984375</ele><time>2018-12-24T06:13:16Z</time></trkpt><trkpt lat="22.51087514" lon="114.11059525"><ele>4.567596435546875</ele><time>2018-12-24T06:13:18Z</time></trkpt><trkpt lat="22.51085245" lon="114.11059541"><ele>7.225738525390625</ele><time>2018-12-24T06:13:59Z</time></trkpt><trkpt lat="22.51082435" lon="114.11059426"><ele>9.148468017578125</ele><time>2018-12-24T06:14:01Z</time></trkpt><trkpt lat="22.51080183" lon="114.11060214"><ele>10.753448486328125</ele><time>2018-12-24T06:14:03Z</time></trkpt><trkpt lat="22.51078041" lon="114.11061849"><ele>11.6636962890625</ele><time>2018-12-24T06:14:06Z</time></trkpt><trkpt lat="22.51076519" lon="114.11064214"><ele>10.26190185546875</ele><time>2018-12-24T06:14:08Z</time></trkpt><trkpt lat="22.51075906" lon="114.11066898"><ele>12.53338623046875</ele><time>2018-12-24T06:14:10Z</time></trkpt><trkpt lat="22.51074853" lon="114.11070087"><ele>12.73223876953125</ele><time>2018-12-24T06:14:12Z</time></trkpt><trkpt lat="22.51074312" lon="114.11072126"><ele>12.7030029296875</ele><time>2018-12-24T06:14:13Z</time></trkpt><trkpt lat="22.51074404" lon="114.11075663"><ele>11.3050537109375</ele><time>2018-12-24T06:14:15Z</time></trkpt><trkpt lat="22.51076064" lon="114.11078211"><ele>10.75665283203125</ele><time>2018-12-24T06:14:17Z</time></trkpt><trkpt lat="22.51078186" lon="114.11080492"><ele>10.74542236328125</ele><time>2018-12-24T06:14:19Z</time></trkpt><trkpt lat="22.51079792" lon="114.11082921"><ele>12.11102294921875</ele><time>2018-12-24T06:14:21Z</time></trkpt><trkpt lat="22.51081" lon="114.11085037"><ele>11.976287841796875</ele><time>2018-12-24T06:14:23Z</time></trkpt><trkpt lat="22.51082546" lon="114.11086666"><ele>10.010955810546875</ele><time>2018-12-24T06:14:25Z</time></trkpt><trkpt lat="22.51084502" lon="114.11088931"><ele>10.02752685546875</ele><time>2018-12-24T06:14:28Z</time></trkpt><trkpt lat="22.51085098" lon="114.1109168"><ele>9.9288330078125</ele><time>2018-12-24T06:14:30Z</time></trkpt><trkpt lat="22.51084823" lon="114.11094062"><ele>10.6148681640625</ele><time>2018-12-24T06:14:32Z</time></trkpt><trkpt lat="22.51084156" lon="114.11096153"><ele>11.025848388671875</ele><time>2018-12-24T06:14:34Z</time></trkpt><trkpt lat="22.51083047" lon="114.11098068"><ele>11.3897705078125</ele><time>2018-12-24T06:14:36Z</time></trkpt><trkpt lat="22.51081209" lon="114.11099532"><ele>11.040618896484375</ele><time>2018-12-24T06:14:38Z</time></trkpt><trkpt lat="22.5107999" lon="114.11100981"><ele>9.66754150390625</ele><time>2018-12-24T06:14:40Z</time></trkpt><trkpt lat="22.51078682" lon="114.11103123"><ele>10.981658935546875</ele><time>2018-12-24T06:14:42Z</time></trkpt><trkpt lat="22.51077034" lon="114.11105321"><ele>10.209686279296875</ele><time>2018-12-24T06:14:44Z</time></trkpt><trkpt lat="22.51075683" lon="114.11107618"><ele>11.35882568359375</ele><time>2018-12-24T06:14:46Z</time></trkpt><trkpt lat="22.51074209" lon="114.1110918"><ele>10.305572509765625</ele><time>2018-12-24T06:14:48Z</time></trkpt><trkpt lat="22.51072707" lon="114.11110768"><ele>9.672454833984375</ele><time>2018-12-24T06:14:50Z</time></trkpt><trkpt lat="22.51070894" lon="114.11112347"><ele>10.1385498046875</ele><time>2018-12-24T06:14:52Z</time></trkpt><trkpt lat="22.51069036" lon="114.11114249"><ele>10.3504638671875</ele><time>2018-12-24T06:14:54Z</time></trkpt><trkpt lat="22.51066888" lon="114.11115884"><ele>7.175140380859375</ele><time>2018-12-24T06:14:57Z</time></trkpt><trkpt lat="22.51064927" lon="114.11118401"><ele>6.000030517578125</ele><time>2018-12-24T06:14:59Z</time></trkpt><trkpt lat="22.51062927" lon="114.11121138"><ele>7.617401123046875</ele><time>2018-12-24T06:15:01Z</time></trkpt><trkpt lat="22.51060916" lon="114.1112359"><ele>7.092193603515625</ele><time>2018-12-24T06:15:04Z</time></trkpt><trkpt lat="22.51059359" lon="114.11125551"><ele>7.420196533203125</ele><time>2018-12-24T06:15:06Z</time></trkpt><trkpt lat="22.51058776" lon="114.11127438"><ele>7.082672119140625</ele><time>2018-12-24T06:15:08Z</time></trkpt><trkpt lat="22.51057453" lon="114.11129518"><ele>7.900054931640625</ele><time>2018-12-24T06:15:11Z</time></trkpt><trkpt lat="22.51055818" lon="114.11131003"><ele>7.16217041015625</ele><time>2018-12-24T06:15:13Z</time></trkpt><trkpt lat="22.51053762" lon="114.11133227"><ele>9.63275146484375</ele><time>2018-12-24T06:15:17Z</time></trkpt><trkpt lat="22.51052601" lon="114.11135151"><ele>8.46697998046875</ele><time>2018-12-24T06:15:19Z</time></trkpt><trkpt lat="22.51051817" lon="114.11137324"><ele>9.420074462890625</ele><time>2018-12-24T06:15:21Z</time></trkpt><trkpt lat="22.51050739" lon="114.11139393"><ele>8.66619873046875</ele><time>2018-12-24T06:15:23Z</time></trkpt><trkpt lat="22.51049718" lon="114.11141298"><ele>9.239898681640625</ele><time>2018-12-24T06:15:25Z</time></trkpt><trkpt lat="22.51049484" lon="114.11143926"><ele>10.345794677734375</ele><time>2018-12-24T06:15:27Z</time></trkpt><trkpt lat="22.51050079" lon="114.11146443"><ele>9.91094970703125</ele><time>2018-12-24T06:15:29Z</time></trkpt><trkpt lat="22.51051386" lon="114.11148457"><ele>9.471160888671875</ele><time>2018-12-24T06:15:31Z</time></trkpt><trkpt lat="22.51052866" lon="114.11150162"><ele>7.88140869140625</ele><time>2018-12-24T06:15:33Z</time></trkpt><trkpt lat="22.51054098" lon="114.11151718"><ele>6.771575927734375</ele><time>2018-12-24T06:15:35Z</time></trkpt><trkpt lat="22.51054255" lon="114.11154184"><ele>6.735748291015625</ele><time>2018-12-24T06:15:40Z</time></trkpt><trkpt lat="22.51055142" lon="114.11156155"><ele>5.6649169921875</ele><time>2018-12-24T06:15:42Z</time></trkpt><trkpt lat="22.51055696" lon="114.11158267"><ele>4.384002685546875</ele><time>2018-12-24T06:15:44Z</time></trkpt><trkpt lat="22.51055632" lon="114.11160649"><ele>2.7491455078125</ele><time>2018-12-24T06:15:46Z</time></trkpt><trkpt lat="22.51054186" lon="114.11162984"><ele>1.55987548828125</ele><time>2018-12-24T06:15:48Z</time></trkpt><trkpt lat="22.51052625" lon="114.11165139"><ele>1.921417236328125</ele><time>2018-12-24T06:15:50Z</time></trkpt><trkpt lat="22.51050267" lon="114.11166546"><ele>0.86480712890625</ele><time>2018-12-24T06:15:52Z</time></trkpt><trkpt lat="22.51048322" lon="114.11167643"><ele>0.49139404296875</ele><time>2018-12-24T06:15:54Z</time></trkpt><trkpt lat="22.51046735" lon="114.11169036"><ele>-0.210235595703125</ele><time>2018-12-24T06:15:56Z</time></trkpt><trkpt lat="22.51045356" lon="114.11170472"><ele>0.34222412109375</ele><time>2018-12-24T06:15:59Z</time></trkpt><trkpt lat="22.5104447" lon="114.11172261"><ele>0.23150634765625</ele><time>2018-12-24T06:16:01Z</time></trkpt><trkpt lat="22.51043314" lon="114.1117433"><ele>-0.342987060546875</ele><time>2018-12-24T06:16:03Z</time></trkpt><trkpt lat="22.51041346" lon="114.11176562"><ele>-0.8294677734375</ele><time>2018-12-24T06:16:05Z</time></trkpt><trkpt lat="22.51039698" lon="114.11179059"><ele>-1.353118896484375</ele><time>2018-12-24T06:16:07Z</time></trkpt><trkpt lat="22.51038968" lon="114.11180945"><ele>0.177978515625</ele><time>2018-12-24T06:16:09Z</time></trkpt><trkpt lat="22.51039256" lon="114.11183077"><ele>0.711090087890625</ele><time>2018-12-24T06:16:16Z</time></trkpt><trkpt lat="22.51037417" lon="114.11185433"><ele>1.0341796875</ele><time>2018-12-24T06:16:33Z</time></trkpt><trkpt lat="22.51036116" lon="114.11188303"><ele>1.396759033203125</ele><time>2018-12-24T06:16:35Z</time></trkpt><trkpt lat="22.51035205" lon="114.111913"><ele>0.984710693359375</ele><time>2018-12-24T06:16:37Z</time></trkpt><trkpt lat="22.51034867" lon="114.11193951"><ele>0.40802001953125</ele><time>2018-12-24T06:16:39Z</time></trkpt><trkpt lat="22.51033733" lon="114.11197401"><ele>1.214599609375</ele><time>2018-12-24T06:16:41Z</time></trkpt><trkpt lat="22.51032743" lon="114.11200254"><ele>1.27459716796875</ele><time>2018-12-24T06:16:43Z</time></trkpt><trkpt lat="22.51032108" lon="114.1120233"><ele>2.009918212890625</ele><time>2018-12-24T06:16:45Z</time></trkpt><trkpt lat="22.51032762" lon="114.11204455"><ele>3.102569580078125</ele><time>2018-12-24T06:16:52Z</time></trkpt><trkpt lat="22.51031493" lon="114.1120634"><ele>5.031768798828125</ele><time>2018-12-24T06:17:06Z</time></trkpt><trkpt lat="22.51030806" lon="114.11208678"><ele>5.319854736328125</ele><time>2018-12-24T06:17:10Z</time></trkpt><trkpt lat="22.51030196" lon="114.1121108"><ele>5.215118408203125</ele><time>2018-12-24T06:17:12Z</time></trkpt><trkpt lat="22.51029701" lon="114.11213053"><ele>5.2794189453125</ele><time>2018-12-24T06:17:14Z</time></trkpt><trkpt lat="22.5102896" lon="114.11214883"><ele>6.545318603515625</ele><time>2018-12-24T06:17:16Z</time></trkpt><trkpt lat="22.51028083" lon="114.11217017"><ele>6.535369873046875</ele><time>2018-12-24T06:17:18Z</time></trkpt><trkpt lat="22.51026828" lon="114.1122033"><ele>6.488250732421875</ele><time>2018-12-24T06:17:21Z</time></trkpt><trkpt lat="22.51025358" lon="114.1122263"><ele>7.6204833984375</ele><time>2018-12-24T06:17:23Z</time></trkpt><trkpt lat="22.51023866" lon="114.11224258"><ele>6.56005859375</ele><time>2018-12-24T06:17:25Z</time></trkpt><trkpt lat="22.51023719" lon="114.11226225"><ele>6.085113525390625</ele><time>2018-12-24T06:17:31Z</time></trkpt><trkpt lat="22.5102461" lon="114.11227947"><ele>4.9818115234375</ele><time>2018-12-24T06:17:40Z</time></trkpt><trkpt lat="22.51026528" lon="114.11228714"><ele>5.845611572265625</ele><time>2018-12-24T06:17:49Z</time></trkpt><trkpt lat="22.51028656" lon="114.1122889"><ele>5.181884765625</ele><time>2018-12-24T06:17:52Z</time></trkpt><trkpt lat="22.51031135" lon="114.11229154"><ele>5.227691650390625</ele><time>2018-12-24T06:17:55Z</time></trkpt><trkpt lat="22.51033157" lon="114.11228377"><ele>3.525390625</ele><time>2018-12-24T06:17:58Z</time></trkpt><trkpt lat="22.51032952" lon="114.1122632"><ele>4.226470947265625</ele><time>2018-12-24T06:18:05Z</time></trkpt><trkpt lat="22.51034132" lon="114.11228231"><ele>3.50909423828125</ele><time>2018-12-24T06:18:12Z</time></trkpt><trkpt lat="22.51034126" lon="114.11230695"><ele>3.52606201171875</ele><time>2018-12-24T06:18:14Z</time></trkpt><trkpt lat="22.5103462" lon="114.11232959"><ele>2.61663818359375</ele><time>2018-12-24T06:18:16Z</time></trkpt><trkpt lat="22.51034535" lon="114.11235132"><ele>1.03814697265625</ele><time>2018-12-24T06:18:19Z</time></trkpt><trkpt lat="22.51033811" lon="114.11232968"><ele>0.746185302734375</ele><time>2018-12-24T06:18:49Z</time></trkpt><trkpt lat="22.51031593" lon="114.1123188"><ele>0.245330810546875</ele><time>2018-12-24T06:18:58Z</time></trkpt><trkpt lat="22.51029188" lon="114.11231567"><ele>1.1009521484375</ele><time>2018-12-24T06:19:01Z</time></trkpt><trkpt lat="22.51026294" lon="114.11231786"><ele>0.996185302734375</ele><time>2018-12-24T06:19:04Z</time></trkpt><trkpt lat="22.51023124" lon="114.11231427"><ele>3.14794921875</ele><time>2018-12-24T06:19:06Z</time></trkpt><trkpt lat="22.51020435" lon="114.11231239"><ele>5.0389404296875</ele><time>2018-12-24T06:19:08Z</time></trkpt><trkpt lat="22.51018373" lon="114.11231935"><ele>5.123443603515625</ele><time>2018-12-24T06:19:13Z</time></trkpt><trkpt lat="22.51016251" lon="114.11232267"><ele>6.870941162109375</ele><time>2018-12-24T06:19:18Z</time></trkpt><trkpt lat="22.5101811" lon="114.11231809"><ele>7.371063232421875</ele><time>2018-12-24T06:19:24Z</time></trkpt><trkpt lat="22.51020015" lon="114.11231276"><ele>5.618988037109375</ele><time>2018-12-24T06:19:26Z</time></trkpt><trkpt lat="22.51020115" lon="114.11233422"><ele>5.9776611328125</ele><time>2018-12-24T06:19:32Z</time></trkpt><trkpt lat="22.51017847" lon="114.11233517"><ele>2.798004150390625</ele><time>2018-12-24T06:19:35Z</time></trkpt><trkpt lat="22.51015409" lon="114.11234029"><ele>3.339111328125</ele><time>2018-12-24T06:19:37Z</time></trkpt><trkpt lat="22.51013552" lon="114.1123486"><ele>5.529510498046875</ele><time>2018-12-24T06:19:40Z</time></trkpt><trkpt lat="22.51011213" lon="114.11235248"><ele>5.30108642578125</ele><time>2018-12-24T06:19:47Z</time></trkpt><trkpt lat="22.51009067" lon="114.11235026"><ele>2.455657958984375</ele><time>2018-12-24T06:20:04Z</time></trkpt><trkpt lat="22.51010138" lon="114.11236654"><ele>4.785919189453125</ele><time>2018-12-24T06:20:21Z</time></trkpt><trkpt lat="22.51008373" lon="114.1123752"><ele>3.702301025390625</ele><time>2018-12-24T06:20:34Z</time></trkpt><trkpt lat="22.5100781" lon="114.11239977"><ele>3.81256103515625</ele><time>2018-12-24T06:20:36Z</time></trkpt><trkpt lat="22.51006882" lon="114.1124246"><ele>4.27783203125</ele><time>2018-12-24T06:20:38Z</time></trkpt><trkpt lat="22.51007454" lon="114.11239648"><ele>1.456329345703125</ele><time>2018-12-24T06:20:59Z</time></trkpt><trkpt lat="22.51008476" lon="114.11237082"><ele>0.723297119140625</ele><time>2018-12-24T06:21:01Z</time></trkpt><trkpt lat="22.51006454" lon="114.1123717"><ele>0.369720458984375</ele><time>2018-12-24T06:21:08Z</time></trkpt><trkpt lat="22.51004609" lon="114.11239042"><ele>-0.409942626953125</ele><time>2018-12-24T06:21:10Z</time></trkpt><trkpt lat="22.51003111" lon="114.11241886"><ele>0.51904296875</ele><time>2018-12-24T06:21:12Z</time></trkpt><trkpt lat="22.51002056" lon="114.11244904"><ele>1.308349609375</ele><time>2018-12-24T06:21:14Z</time></trkpt><trkpt lat="22.51001165" lon="114.11247865"><ele>2.52008056640625</ele><time>2018-12-24T06:21:16Z</time></trkpt><trkpt lat="22.50999909" lon="114.11249301"><ele>2.871002197265625</ele><time>2018-12-24T06:21:19Z</time></trkpt><trkpt lat="22.50999169" lon="114.11252193"><ele>4.277069091796875</ele><time>2018-12-24T06:21:21Z</time></trkpt><trkpt lat="22.50997992" lon="114.11255991"><ele>4.918670654296875</ele><time>2018-12-24T06:21:23Z</time></trkpt><trkpt lat="22.50997305" lon="114.11259155"><ele>4.516387939453125</ele><time>2018-12-24T06:21:25Z</time></trkpt><trkpt lat="22.50997351" lon="114.11261478"><ele>4.732330322265625</ele><time>2018-12-24T06:21:28Z</time></trkpt><trkpt lat="22.50997245" lon="114.1126384"><ele>4.89447021484375</ele><time>2018-12-24T06:21:31Z</time></trkpt><trkpt lat="22.50996883" lon="114.11265944"><ele>3.241729736328125</ele><time>2018-12-24T06:21:33Z</time></trkpt><trkpt lat="22.50996566" lon="114.11268053"><ele>2.657501220703125</ele><time>2018-12-24T06:21:35Z</time></trkpt><trkpt lat="22.50996385" lon="114.11270891"><ele>2.038055419921875</ele><time>2018-12-24T06:21:37Z</time></trkpt><trkpt lat="22.50996719" lon="114.11273826"><ele>1.136474609375</ele><time>2018-12-24T06:21:39Z</time></trkpt><trkpt lat="22.50997433" lon="114.11276725"><ele>4.977630615234375</ele><time>2018-12-24T06:21:41Z</time></trkpt><trkpt lat="22.50997785" lon="114.1127996"><ele>4.369415283203125</ele><time>2018-12-24T06:21:43Z</time></trkpt><trkpt lat="22.50997627" lon="114.11282774"><ele>3.4368896484375</ele><time>2018-12-24T06:21:45Z</time></trkpt><trkpt lat="22.5099719" lon="114.11285704"><ele>1.547149658203125</ele><time>2018-12-24T06:21:47Z</time></trkpt><trkpt lat="22.50995704" lon="114.11288305"><ele>1.30535888671875</ele><time>2018-12-24T06:21:49Z</time></trkpt><trkpt lat="22.50993998" lon="114.11291157"><ele>0.32720947265625</ele><time>2018-12-24T06:21:51Z</time></trkpt><trkpt lat="22.50993118" lon="114.11293437"><ele>3.74810791015625</ele><time>2018-12-24T06:21:53Z</time></trkpt><trkpt lat="22.50992589" lon="114.11295442"><ele>2.587615966796875</ele><time>2018-12-24T06:21:55Z</time></trkpt><trkpt lat="22.50991586" lon="114.11298611"><ele>2.83612060546875</ele><time>2018-12-24T06:21:58Z</time></trkpt><trkpt lat="22.50990736" lon="114.11300568"><ele>6.003662109375</ele><time>2018-12-24T06:22:00Z</time></trkpt><trkpt lat="22.50990159" lon="114.11303471"><ele>6.5606689453125</ele><time>2018-12-24T06:22:03Z</time></trkpt><trkpt lat="22.50989247" lon="114.11305382"><ele>6.911865234375</ele><time>2018-12-24T06:22:05Z</time></trkpt><trkpt lat="22.5098809" lon="114.11307112"><ele>9.308441162109375</ele><time>2018-12-24T06:22:07Z</time></trkpt><trkpt lat="22.50986718" lon="114.11308985"><ele>9.539306640625</ele><time>2018-12-24T06:22:10Z</time></trkpt><trkpt lat="22.50986749" lon="114.11311336"><ele>10.990997314453125</ele><time>2018-12-24T06:22:13Z</time></trkpt><trkpt lat="22.50986015" lon="114.11314454"><ele>11.635040283203125</ele><time>2018-12-24T06:22:16Z</time></trkpt><trkpt lat="22.50984577" lon="114.11317207"><ele>6.876129150390625</ele><time>2018-12-24T06:22:18Z</time></trkpt><trkpt lat="22.50982666" lon="114.11319633"><ele>6.72283935546875</ele><time>2018-12-24T06:22:20Z</time></trkpt><trkpt lat="22.50981174" lon="114.11321532"><ele>7.449310302734375</ele><time>2018-12-24T06:22:22Z</time></trkpt><trkpt lat="22.5098051" lon="114.11323474"><ele>8.658843994140625</ele><time>2018-12-24T06:22:28Z</time></trkpt><trkpt lat="22.50978639" lon="114.11325231"><ele>6.104217529296875</ele><time>2018-12-24T06:22:31Z</time></trkpt><trkpt lat="22.50978214" lon="114.1132836"><ele>6.6510009765625</ele><time>2018-12-24T06:22:34Z</time></trkpt><trkpt lat="22.50977933" lon="114.11330672"><ele>5.637359619140625</ele><time>2018-12-24T06:22:36Z</time></trkpt><trkpt lat="22.50977379" lon="114.11332754"><ele>3.318756103515625</ele><time>2018-12-24T06:22:38Z</time></trkpt><trkpt lat="22.50978616" lon="114.11335354"><ele>4.19268798828125</ele><time>2018-12-24T06:22:40Z</time></trkpt><trkpt lat="22.50980621" lon="114.1133698"><ele>4.40692138671875</ele><time>2018-12-24T06:22:42Z</time></trkpt><trkpt lat="22.50982398" lon="114.11338667"><ele>4.22589111328125</ele><time>2018-12-24T06:22:44Z</time></trkpt><trkpt lat="22.50984111" lon="114.11339931"><ele>3.928009033203125</ele><time>2018-12-24T06:22:46Z</time></trkpt><trkpt lat="22.50985508" lon="114.11341296"><ele>4.677215576171875</ele><time>2018-12-24T06:22:48Z</time></trkpt><trkpt lat="22.50987109" lon="114.11343415"><ele>4.57086181640625</ele><time>2018-12-24T06:22:51Z</time></trkpt><trkpt lat="22.50988203" lon="114.11345073"><ele>5.94256591796875</ele><time>2018-12-24T06:22:54Z</time></trkpt><trkpt lat="22.50988089" lon="114.11342603"><ele>4.912200927734375</ele><time>2018-12-24T06:23:00Z</time></trkpt><trkpt lat="22.50989931" lon="114.11342929"><ele>5.523529052734375</ele><time>2018-12-24T06:23:05Z</time></trkpt><trkpt lat="22.50990624" lon="114.11345519"><ele>7.263824462890625</ele><time>2018-12-24T06:23:08Z</time></trkpt><trkpt lat="22.50991523" lon="114.11347976"><ele>6.5037841796875</ele><time>2018-12-24T06:23:11Z</time></trkpt><trkpt lat="22.5098938" lon="114.11348953"><ele>2.51318359375</ele><time>2018-12-24T06:23:17Z</time></trkpt><trkpt lat="22.50987548" lon="114.11351432"><ele>2.9654541015625</ele><time>2018-12-24T06:23:19Z</time></trkpt><trkpt lat="22.50986291" lon="114.11353372"><ele>0.556304931640625</ele><time>2018-12-24T06:23:21Z</time></trkpt><trkpt lat="22.50984879" lon="114.11355525"><ele>-0.18536376953125</ele><time>2018-12-24T06:23:23Z</time></trkpt><trkpt lat="22.50983273" lon="114.11358106"><ele>0.116302490234375</ele><time>2018-12-24T06:23:25Z</time></trkpt><trkpt lat="22.50982105" lon="114.11360151"><ele>0.5494384765625</ele><time>2018-12-24T06:23:27Z</time></trkpt><trkpt lat="22.50980404" lon="114.11363308"><ele>0.928192138671875</ele><time>2018-12-24T06:23:29Z</time></trkpt><trkpt lat="22.50977264" lon="114.11367527"><ele>3.847869873046875</ele><time>2018-12-24T06:23:32Z</time></trkpt><trkpt lat="22.50974805" lon="114.11369249"><ele>2.909332275390625</ele><time>2018-12-24T06:23:34Z</time></trkpt><trkpt lat="22.50972433" lon="114.11370357"><ele>2.113800048828125</ele><time>2018-12-24T06:23:36Z</time></trkpt><trkpt lat="22.50970382" lon="114.11371458"><ele>3.0328369140625</ele><time>2018-12-24T06:23:38Z</time></trkpt><trkpt lat="22.50968036" lon="114.11372586"><ele>4.139862060546875</ele><time>2018-12-24T06:23:40Z</time></trkpt><trkpt lat="22.50965557" lon="114.11373523"><ele>4.509613037109375</ele><time>2018-12-24T06:23:42Z</time></trkpt><trkpt lat="22.50962664" lon="114.11374343"><ele>5.052001953125</ele><time>2018-12-24T06:23:44Z</time></trkpt><trkpt lat="22.50960205" lon="114.11375253"><ele>4.876495361328125</ele><time>2018-12-24T06:23:46Z</time></trkpt><trkpt lat="22.50957895" lon="114.11376123"><ele>4.5675048828125</ele><time>2018-12-24T06:23:48Z</time></trkpt><trkpt lat="22.50955793" lon="114.11377078"><ele>6.057373046875</ele><time>2018-12-24T06:23:50Z</time></trkpt><trkpt lat="22.50953962" lon="114.11377661"><ele>6.45623779296875</ele><time>2018-12-24T06:23:58Z</time></trkpt><trkpt lat="22.50952266" lon="114.11379349"><ele>6.503143310546875</ele><time>2018-12-24T06:24:05Z</time></trkpt><trkpt lat="22.5095054" lon="114.11380159"><ele>7.333831787109375</ele><time>2018-12-24T06:24:10Z</time></trkpt><trkpt lat="22.50948351" lon="114.11379995"><ele>9.0657958984375</ele><time>2018-12-24T06:24:22Z</time></trkpt><trkpt lat="22.50945971" lon="114.1138102"><ele>7.882904052734375</ele><time>2018-12-24T06:24:25Z</time></trkpt><trkpt lat="22.5094437" lon="114.1138271"><ele>6.001983642578125</ele><time>2018-12-24T06:24:28Z</time></trkpt><trkpt lat="22.50942531" lon="114.11383427"><ele>5.0408935546875</ele><time>2018-12-24T06:24:34Z</time></trkpt><trkpt lat="22.50939742" lon="114.11384489"><ele>4.90167236328125</ele><time>2018-12-24T06:24:41Z</time></trkpt><trkpt lat="22.50937976" lon="114.11384934"><ele>4.916900634765625</ele><time>2018-12-24T06:24:43Z</time></trkpt><trkpt lat="22.50937245" lon="114.11386933"><ele>2.720428466796875</ele><time>2018-12-24T06:24:49Z</time></trkpt><trkpt lat="22.50935348" lon="114.11387264"><ele>1.96661376953125</ele><time>2018-12-24T06:24:54Z</time></trkpt><trkpt lat="22.50933013" lon="114.11387228"><ele>1.985870361328125</ele><time>2018-12-24T06:24:56Z</time></trkpt><trkpt lat="22.50930738" lon="114.11387061"><ele>1.665985107421875</ele><time>2018-12-24T06:24:58Z</time></trkpt><trkpt lat="22.50928965" lon="114.11387807"><ele>0.980438232421875</ele><time>2018-12-24T06:25:00Z</time></trkpt><trkpt lat="22.50926862" lon="114.11389215"><ele>1.7674560546875</ele><time>2018-12-24T06:25:14Z</time></trkpt><trkpt lat="22.50924535" lon="114.11390306"><ele>2.155792236328125</ele><time>2018-12-24T06:25:16Z</time></trkpt><trkpt lat="22.50922439" lon="114.11392059"><ele>2.8958740234375</ele><time>2018-12-24T06:25:19Z</time></trkpt><trkpt lat="22.5091983" lon="114.11391992"><ele>3.189178466796875</ele><time>2018-12-24T06:25:26Z</time></trkpt><trkpt lat="22.50917662" lon="114.11392492"><ele>3.729949951171875</ele><time>2018-12-24T06:25:28Z</time></trkpt><trkpt lat="22.50915719" lon="114.11393004"><ele>5.056732177734375</ele><time>2018-12-24T06:25:30Z</time></trkpt><trkpt lat="22.50913489" lon="114.11393933"><ele>4.931640625</ele><time>2018-12-24T06:25:33Z</time></trkpt><trkpt lat="22.50911995" lon="114.11395318"><ele>3.87908935546875</ele><time>2018-12-24T06:25:37Z</time></trkpt><trkpt lat="22.50910292" lon="114.11396037"><ele>4.998931884765625</ele><time>2018-12-24T06:25:41Z</time></trkpt><trkpt lat="22.50908214" lon="114.11396109"><ele>3.74407958984375</ele><time>2018-12-24T06:25:47Z</time></trkpt><trkpt lat="22.50905896" lon="114.11397621"><ele>1.910125732421875</ele><time>2018-12-24T06:25:49Z</time></trkpt><trkpt lat="22.50903757" lon="114.11398719"><ele>3.073638916015625</ele><time>2018-12-24T06:25:51Z</time></trkpt><trkpt lat="22.50901836" lon="114.11399403"><ele>2.811187744140625</ele><time>2018-12-24T06:25:53Z</time></trkpt><trkpt lat="22.5089939" lon="114.11400239"><ele>2.982574462890625</ele><time>2018-12-24T06:25:56Z</time></trkpt><trkpt lat="22.50898025" lon="114.11401889"><ele>3.478759765625</ele><time>2018-12-24T06:26:16Z</time></trkpt><trkpt lat="22.50895854" lon="114.11402568"><ele>3.20843505859375</ele><time>2018-12-24T06:26:18Z</time></trkpt><trkpt lat="22.50894135" lon="114.11404267"><ele>3.561859130859375</ele><time>2018-12-24T06:26:21Z</time></trkpt><trkpt lat="22.5089392" lon="114.11406768"><ele>3.478302001953125</ele><time>2018-12-24T06:26:24Z</time></trkpt><trkpt lat="22.5089213" lon="114.11408625"><ele>2.073455810546875</ele><time>2018-12-24T06:26:30Z</time></trkpt><trkpt lat="22.50890342" lon="114.11410026"><ele>1.18206787109375</ele><time>2018-12-24T06:26:33Z</time></trkpt><trkpt lat="22.50888898" lon="114.11411543"><ele>1.0338134765625</ele><time>2018-12-24T06:26:36Z</time></trkpt><trkpt lat="22.50887356" lon="114.11414024"><ele>0.149810791015625</ele><time>2018-12-24T06:26:39Z</time></trkpt><trkpt lat="22.50886236" lon="114.11416369"><ele>1.2294921875</ele><time>2018-12-24T06:26:41Z</time></trkpt><trkpt lat="22.50885228" lon="114.11418457"><ele>1.447967529296875</ele><time>2018-12-24T06:26:44Z</time></trkpt><trkpt lat="22.50884338" lon="114.11420803"><ele>0.91766357421875</ele><time>2018-12-24T06:26:47Z</time></trkpt><trkpt lat="22.50885966" lon="114.11419757"><ele>0.9337158203125</ele><time>2018-12-24T06:26:56Z</time></trkpt><trkpt lat="22.50888036" lon="114.11417536"><ele>-1.441497802734375</ele><time>2018-12-24T06:27:04Z</time></trkpt><trkpt lat="22.50889848" lon="114.11415165"><ele>-1.091827392578125</ele><time>2018-12-24T06:27:06Z</time></trkpt><trkpt lat="22.50891348" lon="114.11412723"><ele>-1.33648681640625</ele><time>2018-12-24T06:27:08Z</time></trkpt><trkpt lat="22.50892453" lon="114.11410252"><ele>-0.412933349609375</ele><time>2018-12-24T06:27:10Z</time></trkpt><trkpt lat="22.50893455" lon="114.11408242"><ele>-0.059814453125</ele><time>2018-12-24T06:27:12Z</time></trkpt><trkpt lat="22.50894577" lon="114.11406417"><ele>-0.01922607421875</ele><time>2018-12-24T06:27:14Z</time></trkpt><trkpt lat="22.50894943" lon="114.11403912"><ele>0.4783935546875</ele><time>2018-12-24T06:27:17Z</time></trkpt><trkpt lat="22.50892937" lon="114.11405893"><ele>-0.7491455078125</ele><time>2018-12-24T06:27:22Z</time></trkpt><trkpt lat="22.50891677" lon="114.11408859"><ele>-1.3138427734375</ele><time>2018-12-24T06:27:24Z</time></trkpt><trkpt lat="22.50891317" lon="114.11411037"><ele>-2.313140869140625</ele><time>2018-12-24T06:27:26Z</time></trkpt><trkpt lat="22.50889785" lon="114.11413409"><ele>-0.392181396484375</ele><time>2018-12-24T06:27:29Z</time></trkpt><trkpt lat="22.50888015" lon="114.11415309"><ele>-0.843505859375</ele><time>2018-12-24T06:27:31Z</time></trkpt><trkpt lat="22.50886783" lon="114.11416737"><ele>-1.083465576171875</ele><time>2018-12-24T06:27:33Z</time></trkpt><trkpt lat="22.50885266" lon="114.11418007"><ele>-3.239349365234375</ele><time>2018-12-24T06:27:37Z</time></trkpt><trkpt lat="22.50883014" lon="114.11418454"><ele>-4.168792724609375</ele><time>2018-12-24T06:27:40Z</time></trkpt><trkpt lat="22.50881261" lon="114.11419385"><ele>-3.32086181640625</ele><time>2018-12-24T06:27:43Z</time></trkpt><trkpt lat="22.50879393" lon="114.11419381"><ele>-2.92987060546875</ele><time>2018-12-24T06:27:47Z</time></trkpt><trkpt lat="22.50877373" lon="114.11418455"><ele>-4.193603515625</ele><time>2018-12-24T06:27:49Z</time></trkpt><trkpt lat="22.50875575" lon="114.11418047"><ele>-3.902099609375</ele><time>2018-12-24T06:27:51Z</time></trkpt><trkpt lat="22.50873563" lon="114.11417657"><ele>-3.850921630859375</ele><time>2018-12-24T06:27:53Z</time></trkpt><trkpt lat="22.50871214" lon="114.11418311"><ele>-2.435882568359375</ele><time>2018-12-24T06:27:56Z</time></trkpt><trkpt lat="22.50867924" lon="114.11418869"><ele>-3.123931884765625</ele><time>2018-12-24T06:27:58Z</time></trkpt><trkpt lat="22.50865225" lon="114.1141898"><ele>-1.477325439453125</ele><time>2018-12-24T06:28:00Z</time></trkpt><trkpt lat="22.50862176" lon="114.1141844"><ele>-1.60418701171875</ele><time>2018-12-24T06:28:02Z</time></trkpt><trkpt lat="22.50859561" lon="114.11418584"><ele>-1.430389404296875</ele><time>2018-12-24T06:28:04Z</time></trkpt><trkpt lat="22.50857448" lon="114.11419235"><ele>-1.798828125</ele><time>2018-12-24T06:28:06Z</time></trkpt><trkpt lat="22.50855226" lon="114.11420495"><ele>-2.7879638671875</ele><time>2018-12-24T06:28:08Z</time></trkpt><trkpt lat="22.50852691" lon="114.11420394"><ele>0.996795654296875</ele><time>2018-12-24T06:28:11Z</time></trkpt><trkpt lat="22.50850879" lon="114.11420305"><ele>0.363922119140625</ele><time>2018-12-24T06:28:14Z</time></trkpt><trkpt lat="22.50852945" lon="114.11420576"><ele>-0.260894775390625</ele><time>2018-12-24T06:28:18Z</time></trkpt><trkpt lat="22.50851054" lon="114.11421058"><ele>-3.10479736328125</ele><time>2018-12-24T06:28:21Z</time></trkpt><trkpt lat="22.50849565" lon="114.1142257"><ele>-3.40289306640625</ele><time>2018-12-24T06:28:24Z</time></trkpt><trkpt lat="22.50851647" lon="114.11421876"><ele>-0.167572021484375</ele><time>2018-12-24T06:28:32Z</time></trkpt><trkpt lat="22.50853322" lon="114.11421065"><ele>1.652099609375</ele><time>2018-12-24T06:28:34Z</time></trkpt><trkpt lat="22.50851468" lon="114.11421943"><ele>2.159423828125</ele><time>2018-12-24T06:28:43Z</time></trkpt><trkpt lat="22.50848563" lon="114.11422842"><ele>-1.210174560546875</ele><time>2018-12-24T06:28:46Z</time></trkpt><trkpt lat="22.50846702" lon="114.11423054"><ele>1.093994140625</ele><time>2018-12-24T06:28:49Z</time></trkpt><trkpt lat="22.50845265" lon="114.11424977"><ele>0.464630126953125</ele><time>2018-12-24T06:28:53Z</time></trkpt><trkpt lat="22.50843959" lon="114.1142685"><ele>0.641448974609375</ele><time>2018-12-24T06:28:56Z</time></trkpt><trkpt lat="22.50841821" lon="114.11427994"><ele>2.388671875</ele><time>2018-12-24T06:29:02Z</time></trkpt><trkpt lat="22.50840012" lon="114.11429052"><ele>2.9915771484375</ele><time>2018-12-24T06:29:04Z</time></trkpt><trkpt lat="22.5083831" lon="114.11430744"><ele>2.411590576171875</ele><time>2018-12-24T06:29:06Z</time></trkpt><trkpt lat="22.50836488" lon="114.11432839"><ele>1.99688720703125</ele><time>2018-12-24T06:29:08Z</time></trkpt><trkpt lat="22.50835308" lon="114.1143462"><ele>2.78424072265625</ele><time>2018-12-24T06:29:10Z</time></trkpt><trkpt lat="22.50834026" lon="114.11436111"><ele>1.5701904296875</ele><time>2018-12-24T06:29:13Z</time></trkpt><trkpt lat="22.50831756" lon="114.11437427"><ele>2.76806640625</ele><time>2018-12-24T06:29:16Z</time></trkpt><trkpt lat="22.5082976" lon="114.11438538"><ele>3.59722900390625</ele><time>2018-12-24T06:29:19Z</time></trkpt><trkpt lat="22.50828269" lon="114.11439674"><ele>4.55322265625</ele><time>2018-12-24T06:29:21Z</time></trkpt><trkpt lat="22.50826621" lon="114.11441255"><ele>2.8662109375</ele><time>2018-12-24T06:29:23Z</time></trkpt><trkpt lat="22.50824493" lon="114.11442969"><ele>1.943023681640625</ele><time>2018-12-24T06:29:26Z</time></trkpt><trkpt lat="22.50822118" lon="114.11444182"><ele>1.6474609375</ele><time>2018-12-24T06:29:29Z</time></trkpt><trkpt lat="22.50820108" lon="114.11445303"><ele>2.231903076171875</ele><time>2018-12-24T06:29:31Z</time></trkpt><trkpt lat="22.50817873" lon="114.11446145"><ele>2.732818603515625</ele><time>2018-12-24T06:29:34Z</time></trkpt><trkpt lat="22.50816283" lon="114.11447057"><ele>2.207275390625</ele><time>2018-12-24T06:29:36Z</time></trkpt><trkpt lat="22.50815012" lon="114.11448785"><ele>0.163726806640625</ele><time>2018-12-24T06:29:38Z</time></trkpt><trkpt lat="22.50813696" lon="114.11450456"><ele>3.15655517578125</ele><time>2018-12-24T06:29:41Z</time></trkpt><trkpt lat="22.50811602" lon="114.11452471"><ele>3.28997802734375</ele><time>2018-12-24T06:29:45Z</time></trkpt><trkpt lat="22.50810418" lon="114.11454054"><ele>4.086669921875</ele><time>2018-12-24T06:29:47Z</time></trkpt><trkpt lat="22.50809415" lon="114.11456005"><ele>2.037567138671875</ele><time>2018-12-24T06:29:49Z</time></trkpt><trkpt lat="22.5080821" lon="114.11458094"><ele>1.693267822265625</ele><time>2018-12-24T06:29:51Z</time></trkpt><trkpt lat="22.50806849" lon="114.11459581"><ele>0.294097900390625</ele><time>2018-12-24T06:29:53Z</time></trkpt><trkpt lat="22.50804924" lon="114.1146094"><ele>0.304840087890625</ele><time>2018-12-24T06:29:55Z</time></trkpt><trkpt lat="22.50802348" lon="114.11462363"><ele>-0.0943603515625</ele><time>2018-12-24T06:29:58Z</time></trkpt><trkpt lat="22.50800696" lon="114.11464701"><ele>-3.420501708984375</ele><time>2018-12-24T06:30:02Z</time></trkpt><trkpt lat="22.50799152" lon="114.11466765"><ele>-3.247528076171875</ele><time>2018-12-24T06:30:04Z</time></trkpt><trkpt lat="22.50798491" lon="114.11468728"><ele>-3.727691650390625</ele><time>2018-12-24T06:30:06Z</time></trkpt><trkpt lat="22.50796658" lon="114.11471351"><ele>-5.530426025390625</ele><time>2018-12-24T06:30:08Z</time></trkpt><trkpt lat="22.50794772" lon="114.11474251"><ele>-5.9573974609375</ele><time>2018-12-24T06:30:10Z</time></trkpt><trkpt lat="22.50793813" lon="114.11476977"><ele>-5.202667236328125</ele><time>2018-12-24T06:30:12Z</time></trkpt><trkpt lat="22.5079325" lon="114.11480469"><ele>-4.956695556640625</ele><time>2018-12-24T06:30:14Z</time></trkpt><trkpt lat="22.50793214" lon="114.11483198"><ele>-4.567596435546875</ele><time>2018-12-24T06:30:16Z</time></trkpt><trkpt lat="22.50793102" lon="114.11485337"><ele>-6.02728271484375</ele><time>2018-12-24T06:30:18Z</time></trkpt><trkpt lat="22.50792768" lon="114.11487535"><ele>-5.459869384765625</ele><time>2018-12-24T06:30:20Z</time></trkpt><trkpt lat="22.50792663" lon="114.11489517"><ele>-4.743927001953125</ele><time>2018-12-24T06:30:22Z</time></trkpt><trkpt lat="22.50793456" lon="114.1149165"><ele>-4.598236083984375</ele><time>2018-12-24T06:30:25Z</time></trkpt><trkpt lat="22.5079432" lon="114.11493896"><ele>-7.211669921875</ele><time>2018-12-24T06:30:27Z</time></trkpt><trkpt lat="22.50795654" lon="114.11496261"><ele>-5.0439453125</ele><time>2018-12-24T06:30:29Z</time></trkpt><trkpt lat="22.50797347" lon="114.1149864"><ele>-3.333831787109375</ele><time>2018-12-24T06:30:31Z</time></trkpt><trkpt lat="22.50799152" lon="114.11501299"><ele>-3.296356201171875</ele><time>2018-12-24T06:30:33Z</time></trkpt><trkpt lat="22.50799917" lon="114.1150323"><ele>-4.289154052734375</ele><time>2018-12-24T06:30:35Z</time></trkpt><trkpt lat="22.5080111" lon="114.11505034"><ele>-3.073272705078125</ele><time>2018-12-24T06:30:38Z</time></trkpt><trkpt lat="22.50801702" lon="114.11507601"><ele>-2.78155517578125</ele><time>2018-12-24T06:30:40Z</time></trkpt><trkpt lat="22.5080178" lon="114.11510463"><ele>-2.29388427734375</ele><time>2018-12-24T06:30:42Z</time></trkpt><trkpt lat="22.50801502" lon="114.11512437"><ele>-2.33319091796875</ele><time>2018-12-24T06:30:44Z</time></trkpt><trkpt lat="22.50801168" lon="114.11514776"><ele>-1.627716064453125</ele><time>2018-12-24T06:30:46Z</time></trkpt><trkpt lat="22.50800469" lon="114.11512003"><ele>0.78485107421875</ele><time>2018-12-24T06:30:55Z</time></trkpt><trkpt lat="22.50799935" lon="114.11510031"><ele>1.09368896484375</ele><time>2018-12-24T06:30:58Z</time></trkpt><trkpt lat="22.5079896" lon="114.11507917"><ele>0.462860107421875</ele><time>2018-12-24T06:31:00Z</time></trkpt><trkpt lat="22.50797352" lon="114.11506207"><ele>0.4791259765625</ele><time>2018-12-24T06:31:03Z</time></trkpt><trkpt lat="22.50799156" lon="114.11507471"><ele>0.256805419921875</ele><time>2018-12-24T06:31:21Z</time></trkpt><trkpt lat="22.50801064" lon="114.11506565"><ele>-0.3330078125</ele><time>2018-12-24T06:31:23Z</time></trkpt><trkpt lat="22.50802355" lon="114.11509088"><ele>-0.330535888671875</ele><time>2018-12-24T06:31:26Z</time></trkpt><trkpt lat="22.50802819" lon="114.11511375"><ele>-0.56134033203125</ele><time>2018-12-24T06:31:28Z</time></trkpt><trkpt lat="22.50803091" lon="114.1151375"><ele>-0.1798095703125</ele><time>2018-12-24T06:31:30Z</time></trkpt><trkpt lat="22.50803014" lon="114.11515994"><ele>-0.445068359375</ele><time>2018-12-24T06:31:32Z</time></trkpt><trkpt lat="22.50802342" lon="114.11518169"><ele>1.319000244140625</ele><time>2018-12-24T06:31:34Z</time></trkpt><trkpt lat="22.50800371" lon="114.1151908"><ele>0.928253173828125</ele><time>2018-12-24T06:31:37Z</time></trkpt><trkpt lat="22.50797901" lon="114.11519234"><ele>2.633941650390625</ele><time>2018-12-24T06:31:41Z</time></trkpt><trkpt lat="22.50795716" lon="114.11519809"><ele>2.215423583984375</ele><time>2018-12-24T06:31:43Z</time></trkpt><trkpt lat="22.50793604" lon="114.11521335"><ele>4.00299072265625</ele><time>2018-12-24T06:31:45Z</time></trkpt><trkpt lat="22.50792318" lon="114.11522737"><ele>2.5223388671875</ele><time>2018-12-24T06:31:47Z</time></trkpt><trkpt lat="22.50789974" lon="114.11523018"><ele>3.09197998046875</ele><time>2018-12-24T06:31:50Z</time></trkpt><trkpt lat="22.50788091" lon="114.11522868"><ele>4.27557373046875</ele><time>2018-12-24T06:31:52Z</time></trkpt><trkpt lat="22.50786008" lon="114.11523572"><ele>3.125885009765625</ele><time>2018-12-24T06:31:54Z</time></trkpt><trkpt lat="22.50783806" lon="114.11524361"><ele>2.347381591796875</ele><time>2018-12-24T06:31:56Z</time></trkpt><trkpt lat="22.50782264" lon="114.11525585"><ele>2.45892333984375</ele><time>2018-12-24T06:31:59Z</time></trkpt><trkpt lat="22.50779985" lon="114.11526892"><ele>1.029327392578125</ele><time>2018-12-24T06:32:02Z</time></trkpt><trkpt lat="22.50777974" lon="114.11527752"><ele>-0.2213134765625</ele><time>2018-12-24T06:32:04Z</time></trkpt><trkpt lat="22.50776162" lon="114.11528403"><ele>0.771240234375</ele><time>2018-12-24T06:32:06Z</time></trkpt><trkpt lat="22.50773359" lon="114.11529393"><ele>-0.45477294921875</ele><time>2018-12-24T06:32:09Z</time></trkpt><trkpt lat="22.50771453" lon="114.11530751"><ele>-0.438385009765625</ele><time>2018-12-24T06:32:11Z</time></trkpt><trkpt lat="22.50770322" lon="114.11532832"><ele>0.67523193359375</ele><time>2018-12-24T06:32:13Z</time></trkpt><trkpt lat="22.50770217" lon="114.11535535"><ele>2.925079345703125</ele><time>2018-12-24T06:32:15Z</time></trkpt><trkpt lat="22.50770828" lon="114.11538359"><ele>3.262725830078125</ele><time>2018-12-24T06:32:17Z</time></trkpt><trkpt lat="22.50771202" lon="114.11541359"><ele>1.207275390625</ele><time>2018-12-24T06:32:19Z</time></trkpt><trkpt lat="22.5077022" lon="114.11544096"><ele>0.371368408203125</ele><time>2018-12-24T06:32:21Z</time></trkpt><trkpt lat="22.50768985" lon="114.11546786"><ele>2.976470947265625</ele><time>2018-12-24T06:32:23Z</time></trkpt><trkpt lat="22.50768034" lon="114.11548898"><ele>3.2689208984375</ele><time>2018-12-24T06:32:25Z</time></trkpt><trkpt lat="22.50766823" lon="114.11551457"><ele>1.69140625</ele><time>2018-12-24T06:32:28Z</time></trkpt><trkpt lat="22.50766132" lon="114.11553575"><ele>2.378814697265625</ele><time>2018-12-24T06:32:30Z</time></trkpt><trkpt lat="22.50765248" lon="114.1155577"><ele>4.820404052734375</ele><time>2018-12-24T06:32:33Z</time></trkpt><trkpt lat="22.50764792" lon="114.11558587"><ele>5.4808349609375</ele><time>2018-12-24T06:32:36Z</time></trkpt><trkpt lat="22.50764519" lon="114.11561331"><ele>4.280731201171875</ele><time>2018-12-24T06:32:39Z</time></trkpt><trkpt lat="22.50763641" lon="114.11563057"><ele>3.114501953125</ele><time>2018-12-24T06:32:41Z</time></trkpt><trkpt lat="22.50762331" lon="114.1156564"><ele>2.689300537109375</ele><time>2018-12-24T06:32:44Z</time></trkpt><trkpt lat="22.50761784" lon="114.11567897"><ele>4.149658203125</ele><time>2018-12-24T06:32:46Z</time></trkpt><trkpt lat="22.50761676" lon="114.11570014"><ele>3.167755126953125</ele><time>2018-12-24T06:32:48Z</time></trkpt><trkpt lat="22.50761053" lon="114.11571873"><ele>1.458343505859375</ele><time>2018-12-24T06:32:50Z</time></trkpt><trkpt lat="22.50760119" lon="114.11573549"><ele>1.45941162109375</ele><time>2018-12-24T06:32:52Z</time></trkpt><trkpt lat="22.50759633" lon="114.11576042"><ele>0.24139404296875</ele><time>2018-12-24T06:32:54Z</time></trkpt><trkpt lat="22.5075816" lon="114.11578936"><ele>-0.73291015625</ele><time>2018-12-24T06:32:57Z</time></trkpt><trkpt lat="22.50756919" lon="114.1158079"><ele>-1.10888671875</ele><time>2018-12-24T06:32:59Z</time></trkpt><trkpt lat="22.50755639" lon="114.11582491"><ele>-1.7327880859375</ele><time>2018-12-24T06:33:01Z</time></trkpt><trkpt lat="22.50754382" lon="114.11584825"><ele>-3.368988037109375</ele><time>2018-12-24T06:33:04Z</time></trkpt><trkpt lat="22.50752623" lon="114.1158661"><ele>-4.041107177734375</ele><time>2018-12-24T06:33:06Z</time></trkpt><trkpt lat="22.50750588" lon="114.11587989"><ele>-3.166015625</ele><time>2018-12-24T06:33:09Z</time></trkpt><trkpt lat="22.50749355" lon="114.11589426"><ele>-3.2862548828125</ele><time>2018-12-24T06:33:11Z</time></trkpt><trkpt lat="22.50746545" lon="114.11591726"><ele>-4.477996826171875</ele><time>2018-12-24T06:33:13Z</time></trkpt><trkpt lat="22.50745085" lon="114.11593089"><ele>-4.5689697265625</ele><time>2018-12-24T06:33:14Z</time></trkpt><trkpt lat="22.50743893" lon="114.11594549"><ele>-5.141387939453125</ele><time>2018-12-24T06:33:15Z</time></trkpt><trkpt lat="22.50741989" lon="114.115971"><ele>-5.40460205078125</ele><time>2018-12-24T06:33:17Z</time></trkpt><trkpt lat="22.50740771" lon="114.11599061"><ele>-3.741851806640625</ele><time>2018-12-24T06:33:19Z</time></trkpt><trkpt lat="22.50739621" lon="114.11601456"><ele>-3.7552490234375</ele><time>2018-12-24T06:33:21Z</time></trkpt><trkpt lat="22.5073954" lon="114.11604188"><ele>-1.442901611328125</ele><time>2018-12-24T06:33:23Z</time></trkpt><trkpt lat="22.50740102" lon="114.11606834"><ele>0.71142578125</ele><time>2018-12-24T06:33:25Z</time></trkpt><trkpt lat="22.50740699" lon="114.11609574"><ele>2.480560302734375</ele><time>2018-12-24T06:33:27Z</time></trkpt><trkpt lat="22.50741072" lon="114.11612257"><ele>2.329345703125</ele><time>2018-12-24T06:33:29Z</time></trkpt><trkpt lat="22.5074098" lon="114.11615102"><ele>2.970489501953125</ele><time>2018-12-24T06:33:31Z</time></trkpt><trkpt lat="22.50740692" lon="114.11617786"><ele>3.847991943359375</ele><time>2018-12-24T06:33:33Z</time></trkpt><trkpt lat="22.50740163" lon="114.11620041"><ele>4.882476806640625</ele><time>2018-12-24T06:33:35Z</time></trkpt><trkpt lat="22.50739938" lon="114.11622181"><ele>6.376373291015625</ele><time>2018-12-24T06:33:38Z</time></trkpt><trkpt lat="22.50740125" lon="114.11624412"><ele>6.1339111328125</ele><time>2018-12-24T06:33:40Z</time></trkpt><trkpt lat="22.507402" lon="114.11626967"><ele>5.0291748046875</ele><time>2018-12-24T06:33:42Z</time></trkpt><trkpt lat="22.50740519" lon="114.11629047"><ele>5.358978271484375</ele><time>2018-12-24T06:33:44Z</time></trkpt><trkpt lat="22.50740961" lon="114.11631199"><ele>5.50164794921875</ele><time>2018-12-24T06:33:46Z</time></trkpt><trkpt lat="22.5074139" lon="114.11633731"><ele>5.0850830078125</ele><time>2018-12-24T06:33:48Z</time></trkpt><trkpt lat="22.50742077" lon="114.11636141"><ele>4.537384033203125</ele><time>2018-12-24T06:33:50Z</time></trkpt><trkpt lat="22.50741724" lon="114.11634089"><ele>2.74395751953125</ele><time>2018-12-24T06:33:55Z</time></trkpt><trkpt lat="22.50739966" lon="114.11634893"><ele>3.319549560546875</ele><time>2018-12-24T06:34:14Z</time></trkpt><trkpt lat="22.5074118" lon="114.11636644"><ele>2.0982666015625</ele><time>2018-12-24T06:34:17Z</time></trkpt><trkpt lat="22.50741699" lon="114.11638659"><ele>1.072723388671875</ele><time>2018-12-24T06:34:20Z</time></trkpt><trkpt lat="22.50741191" lon="114.11640999"><ele>1.203643798828125</ele><time>2018-12-24T06:34:22Z</time></trkpt><trkpt lat="22.50741127" lon="114.1164358"><ele>2.699920654296875</ele><time>2018-12-24T06:34:24Z</time></trkpt><trkpt lat="22.50741115" lon="114.11646226"><ele>1.1622314453125</ele><time>2018-12-24T06:34:26Z</time></trkpt><trkpt lat="22.50741137" lon="114.11648547"><ele>0.562835693359375</ele><time>2018-12-24T06:34:28Z</time></trkpt><trkpt lat="22.50741784" lon="114.11651064"><ele>-0.0823974609375</ele><time>2018-12-24T06:34:30Z</time></trkpt><trkpt lat="22.50741308" lon="114.11653403"><ele>-0.50030517578125</ele><time>2018-12-24T06:34:32Z</time></trkpt><trkpt lat="22.5074119" lon="114.11655862"><ele>0.042816162109375</ele><time>2018-12-24T06:34:34Z</time></trkpt><trkpt lat="22.50741218" lon="114.11658302"><ele>-1.38507080078125</ele><time>2018-12-24T06:34:36Z</time></trkpt><trkpt lat="22.50740772" lon="114.11660372"><ele>-3.64154052734375</ele><time>2018-12-24T06:34:38Z</time></trkpt><trkpt lat="22.50741193" lon="114.11663394"><ele>-2.215606689453125</ele><time>2018-12-24T06:34:40Z</time></trkpt><trkpt lat="22.50741984" lon="114.11666096"><ele>-1.47247314453125</ele><time>2018-12-24T06:34:42Z</time></trkpt><trkpt lat="22.50742302" lon="114.11669688"><ele>0.068267822265625</ele><time>2018-12-24T06:34:44Z</time></trkpt><trkpt lat="22.50742257" lon="114.11672373"><ele>-1.70501708984375</ele><time>2018-12-24T06:34:46Z</time></trkpt><trkpt lat="22.50742007" lon="114.11674828"><ele>-0.435577392578125</ele><time>2018-12-24T06:34:49Z</time></trkpt><trkpt lat="22.50740864" lon="114.11677067"><ele>1.32879638671875</ele><time>2018-12-24T06:34:51Z</time></trkpt><trkpt lat="22.50739586" lon="114.11678727"><ele>0.77459716796875</ele><time>2018-12-24T06:34:53Z</time></trkpt><trkpt lat="22.5073795" lon="114.11680977"><ele>-0.589019775390625</ele><time>2018-12-24T06:34:55Z</time></trkpt><trkpt lat="22.50737089" lon="114.11683474"><ele>-0.31109619140625</ele><time>2018-12-24T06:34:57Z</time></trkpt><trkpt lat="22.50736273" lon="114.11686663"><ele>-1.90838623046875</ele><time>2018-12-24T06:34:59Z</time></trkpt><trkpt lat="22.50736055" lon="114.11689494"><ele>0.09783935546875</ele><time>2018-12-24T06:35:01Z</time></trkpt><trkpt lat="22.50736184" lon="114.11692054"><ele>0.204833984375</ele><time>2018-12-24T06:35:03Z</time></trkpt><trkpt lat="22.50737107" lon="114.1169419"><ele>1.5802001953125</ele><time>2018-12-24T06:35:05Z</time></trkpt><trkpt lat="22.5073723" lon="114.11697297"><ele>1.7635498046875</ele><time>2018-12-24T06:35:07Z</time></trkpt><trkpt lat="22.50734449" lon="114.11699556"><ele>0.400177001953125</ele><time>2018-12-24T06:35:09Z</time></trkpt><trkpt lat="22.50732574" lon="114.11701159"><ele>-0.158935546875</ele><time>2018-12-24T06:35:11Z</time></trkpt><trkpt lat="22.50731109" lon="114.11703449"><ele>1.140472412109375</ele><time>2018-12-24T06:35:13Z</time></trkpt><trkpt lat="22.50729377" lon="114.11705021"><ele>-0.424163818359375</ele><time>2018-12-24T06:35:15Z</time></trkpt><trkpt lat="22.507285" lon="114.11707429"><ele>-2.28131103515625</ele><time>2018-12-24T06:35:17Z</time></trkpt><trkpt lat="22.50728328" lon="114.11709902"><ele>-1.999908447265625</ele><time>2018-12-24T06:35:19Z</time></trkpt><trkpt lat="22.50728234" lon="114.11712272"><ele>-1.4849853515625</ele><time>2018-12-24T06:35:21Z</time></trkpt><trkpt lat="22.50727867" lon="114.11714972"><ele>-0.338226318359375</ele><time>2018-12-24T06:35:23Z</time></trkpt><trkpt lat="22.50727561" lon="114.11717397"><ele>-2.11962890625</ele><time>2018-12-24T06:35:25Z</time></trkpt><trkpt lat="22.50726663" lon="114.11720195"><ele>-0.40545654296875</ele><time>2018-12-24T06:35:27Z</time></trkpt><trkpt lat="22.50726028" lon="114.11722527"><ele>-0.975982666015625</ele><time>2018-12-24T06:35:29Z</time></trkpt><trkpt lat="22.50724519" lon="114.11724733"><ele>-1.6939697265625</ele><time>2018-12-24T06:35:32Z</time></trkpt><trkpt lat="22.50723384" lon="114.11727152"><ele>1.35845947265625</ele><time>2018-12-24T06:35:34Z</time></trkpt><trkpt lat="22.50723092" lon="114.11730357"><ele>0.644775390625</ele><time>2018-12-24T06:35:36Z</time></trkpt><trkpt lat="22.50723425" lon="114.11733546"><ele>3.367462158203125</ele><time>2018-12-24T06:35:38Z</time></trkpt><trkpt lat="22.50723564" lon="114.11735723"><ele>3.419189453125</ele><time>2018-12-24T06:35:40Z</time></trkpt><trkpt lat="22.50723357" lon="114.11738434"><ele>3.324554443359375</ele><time>2018-12-24T06:35:42Z</time></trkpt><trkpt lat="22.50722986" lon="114.11740462"><ele>3.253753662109375</ele><time>2018-12-24T06:35:44Z</time></trkpt><trkpt lat="22.50723334" lon="114.11743114"><ele>1.4075927734375</ele><time>2018-12-24T06:35:47Z</time></trkpt><trkpt lat="22.50724347" lon="114.11745251"><ele>-0.0626220703125</ele><time>2018-12-24T06:36:07Z</time></trkpt><trkpt lat="22.50723898" lon="114.11747595"><ele>-0.45086669921875</ele><time>2018-12-24T06:36:09Z</time></trkpt><trkpt lat="22.50723105" lon="114.11750154"><ele>0.8668212890625</ele><time>2018-12-24T06:36:11Z</time></trkpt><trkpt lat="22.50722587" lon="114.11752801"><ele>1.37042236328125</ele><time>2018-12-24T06:36:13Z</time></trkpt><trkpt lat="22.50721941" lon="114.11755443"><ele>3.124237060546875</ele><time>2018-12-24T06:36:15Z</time></trkpt><trkpt lat="22.50720668" lon="114.11757554"><ele>3.7156982421875</ele><time>2018-12-24T06:36:17Z</time></trkpt><trkpt lat="22.50719703" lon="114.11759219"><ele>5.3775634765625</ele><time>2018-12-24T06:36:19Z</time></trkpt><trkpt lat="22.50719065" lon="114.11761418"><ele>6.383148193359375</ele><time>2018-12-24T06:36:21Z</time></trkpt><trkpt lat="22.50718939" lon="114.11763887"><ele>5.1241455078125</ele><time>2018-12-24T06:36:23Z</time></trkpt><trkpt lat="22.50718387" lon="114.11766443"><ele>3.883697509765625</ele><time>2018-12-24T06:36:26Z</time></trkpt><trkpt lat="22.50716361" lon="114.11768899"><ele>3.426055908203125</ele><time>2018-12-24T06:36:28Z</time></trkpt><trkpt lat="22.50714642" lon="114.11771569"><ele>2.270751953125</ele><time>2018-12-24T06:36:30Z</time></trkpt><trkpt lat="22.50713438" lon="114.11774042"><ele>3.36895751953125</ele><time>2018-12-24T06:36:32Z</time></trkpt><trkpt lat="22.50711853" lon="114.11776672"><ele>2.954345703125</ele><time>2018-12-24T06:36:34Z</time></trkpt><trkpt lat="22.5071117" lon="114.11778496"><ele>1.3055419921875</ele><time>2018-12-24T06:36:36Z</time></trkpt><trkpt lat="22.50709706" lon="114.11780773"><ele>2.324188232421875</ele><time>2018-12-24T06:36:39Z</time></trkpt><trkpt lat="22.50708228" lon="114.11783438"><ele>1.477508544921875</ele><time>2018-12-24T06:36:41Z</time></trkpt><trkpt lat="22.50707588" lon="114.11786661"><ele>0.516876220703125</ele><time>2018-12-24T06:36:43Z</time></trkpt><trkpt lat="22.50706976" lon="114.1178862"><ele>0.284423828125</ele><time>2018-12-24T06:36:45Z</time></trkpt><trkpt lat="22.50705346" lon="114.11790201"><ele>-1.06475830078125</ele><time>2018-12-24T06:36:51Z</time></trkpt><trkpt lat="22.50703258" lon="114.11792287"><ele>-1.394500732421875</ele><time>2018-12-24T06:36:53Z</time></trkpt><trkpt lat="22.50701218" lon="114.11794902"><ele>-1.60650634765625</ele><time>2018-12-24T06:36:55Z</time></trkpt><trkpt lat="22.50699485" lon="114.11796683"><ele>1.191497802734375</ele><time>2018-12-24T06:36:57Z</time></trkpt><trkpt lat="22.50696928" lon="114.11797523"><ele>0.012725830078125</ele><time>2018-12-24T06:36:59Z</time></trkpt><trkpt lat="22.50694862" lon="114.11797856"><ele>-1.28717041015625</ele><time>2018-12-24T06:37:01Z</time></trkpt><trkpt lat="22.50692292" lon="114.11798707"><ele>-0.92034912109375</ele><time>2018-12-24T06:37:03Z</time></trkpt><trkpt lat="22.50689543" lon="114.11799842"><ele>-1.134979248046875</ele><time>2018-12-24T06:37:05Z</time></trkpt><trkpt lat="22.50686435" lon="114.1179982"><ele>-4.0447998046875</ele><time>2018-12-24T06:37:07Z</time></trkpt><trkpt lat="22.50683916" lon="114.11799645"><ele>-4.985870361328125</ele><time>2018-12-24T06:37:09Z</time></trkpt><trkpt lat="22.50681554" lon="114.11799313"><ele>-4.939971923828125</ele><time>2018-12-24T06:37:11Z</time></trkpt><trkpt lat="22.50679023" lon="114.1179851"><ele>-4.32098388671875</ele><time>2018-12-24T06:37:14Z</time></trkpt><trkpt lat="22.50676925" lon="114.11798459"><ele>-5.36932373046875</ele><time>2018-12-24T06:37:16Z</time></trkpt><trkpt lat="22.50674807" lon="114.11799532"><ele>-4.2545166015625</ele><time>2018-12-24T06:37:18Z</time></trkpt><trkpt lat="22.50672248" lon="114.11800867"><ele>-3.7376708984375</ele><time>2018-12-24T06:37:20Z</time></trkpt><trkpt lat="22.50670101" lon="114.11802012"><ele>-3.0174560546875</ele><time>2018-12-24T06:37:22Z</time></trkpt><trkpt lat="22.50667255" lon="114.11802189"><ele>-5.37176513671875</ele><time>2018-12-24T06:37:24Z</time></trkpt><trkpt lat="22.50664779" lon="114.11801958"><ele>-3.96734619140625</ele><time>2018-12-24T06:37:26Z</time></trkpt><trkpt lat="22.50662261" lon="114.11801813"><ele>-2.99224853515625</ele><time>2018-12-24T06:37:29Z</time></trkpt><trkpt lat="22.50659923" lon="114.1180113"><ele>-3.4024658203125</ele><time>2018-12-24T06:37:31Z</time></trkpt><trkpt lat="22.50657626" lon="114.11801634"><ele>-3.389373779296875</ele><time>2018-12-24T06:37:33Z</time></trkpt><trkpt lat="22.50656034" lon="114.11802871"><ele>-1.23089599609375</ele><time>2018-12-24T06:37:36Z</time></trkpt><trkpt lat="22.5065492" lon="114.11804719"><ele>-1.733978271484375</ele><time>2018-12-24T06:37:39Z</time></trkpt><trkpt lat="22.50653533" lon="114.11807434"><ele>-1.536224365234375</ele><time>2018-12-24T06:37:41Z</time></trkpt><trkpt lat="22.50651991" lon="114.1181053"><ele>-0.0013427734375</ele><time>2018-12-24T06:37:43Z</time></trkpt><trkpt lat="22.50650443" lon="114.11813236"><ele>1.862213134765625</ele><time>2018-12-24T06:37:45Z</time></trkpt><trkpt lat="22.50648534" lon="114.11814835"><ele>-0.133819580078125</ele><time>2018-12-24T06:37:47Z</time></trkpt><trkpt lat="22.50646689" lon="114.11816043"><ele>1.21136474609375</ele><time>2018-12-24T06:37:49Z</time></trkpt><trkpt lat="22.50644363" lon="114.11817206"><ele>1.09600830078125</ele><time>2018-12-24T06:37:51Z</time></trkpt><trkpt lat="22.50642075" lon="114.11818354"><ele>4.7525634765625</ele><time>2018-12-24T06:37:53Z</time></trkpt><trkpt lat="22.50640216" lon="114.11819693"><ele>5.007110595703125</ele><time>2018-12-24T06:37:55Z</time></trkpt><trkpt lat="22.50639129" lon="114.1182179"><ele>4.309814453125</ele><time>2018-12-24T06:37:57Z</time></trkpt><trkpt lat="22.50638115" lon="114.11823893"><ele>5.698883056640625</ele><time>2018-12-24T06:37:59Z</time></trkpt><trkpt lat="22.50636059" lon="114.11825369"><ele>4.973114013671875</ele><time>2018-12-24T06:38:02Z</time></trkpt><trkpt lat="22.50634381" lon="114.11827012"><ele>5.590728759765625</ele><time>2018-12-24T06:38:04Z</time></trkpt><trkpt lat="22.50632448" lon="114.11828159"><ele>6.833770751953125</ele><time>2018-12-24T06:38:06Z</time></trkpt><trkpt lat="22.50630257" lon="114.11829277"><ele>6.03387451171875</ele><time>2018-12-24T06:38:08Z</time></trkpt><trkpt lat="22.50628299" lon="114.11830462"><ele>4.353759765625</ele><time>2018-12-24T06:38:10Z</time></trkpt><trkpt lat="22.50626183" lon="114.11831525"><ele>4.0205078125</ele><time>2018-12-24T06:38:12Z</time></trkpt><trkpt lat="22.50623793" lon="114.11832458"><ele>2.969390869140625</ele><time>2018-12-24T06:38:14Z</time></trkpt><trkpt lat="22.50621953" lon="114.11833325"><ele>3.5194091796875</ele><time>2018-12-24T06:38:16Z</time></trkpt><trkpt lat="22.50620004" lon="114.11835128"><ele>3.49298095703125</ele><time>2018-12-24T06:38:18Z</time></trkpt><trkpt lat="22.5061866" lon="114.11836651"><ele>3.804962158203125</ele><time>2018-12-24T06:38:20Z</time></trkpt><trkpt lat="22.50616698" lon="114.11838272"><ele>2.52593994140625</ele><time>2018-12-24T06:38:22Z</time></trkpt><trkpt lat="22.50614639" lon="114.11839994"><ele>1.97320556640625</ele><time>2018-12-24T06:38:24Z</time></trkpt><trkpt lat="22.50614241" lon="114.11842029"><ele>3.091644287109375</ele><time>2018-12-24T06:38:29Z</time></trkpt><trkpt lat="22.50612513" lon="114.1184285"><ele>3.08685302734375</ele><time>2018-12-24T06:38:31Z</time></trkpt><trkpt lat="22.50610453" lon="114.11843626"><ele>3.240570068359375</ele><time>2018-12-24T06:38:34Z</time></trkpt><trkpt lat="22.50608679" lon="114.11845035"><ele>3.5592041015625</ele><time>2018-12-24T06:38:37Z</time></trkpt><trkpt lat="22.50607078" lon="114.11846915"><ele>3.715545654296875</ele><time>2018-12-24T06:38:39Z</time></trkpt><trkpt lat="22.5060549" lon="114.11848863"><ele>5.920013427734375</ele><time>2018-12-24T06:38:42Z</time></trkpt><trkpt lat="22.50602925" lon="114.11849338"><ele>7.143707275390625</ele><time>2018-12-24T06:38:45Z</time></trkpt><trkpt lat="22.50601078" lon="114.11850071"><ele>7.06536865234375</ele><time>2018-12-24T06:38:47Z</time></trkpt><trkpt lat="22.50598837" lon="114.11851708"><ele>7.78643798828125</ele><time>2018-12-24T06:38:49Z</time></trkpt><trkpt lat="22.50597109" lon="114.11853323"><ele>8.8533935546875</ele><time>2018-12-24T06:38:51Z</time></trkpt><trkpt lat="22.50594979" lon="114.11855087"><ele>8.5489501953125</ele><time>2018-12-24T06:38:53Z</time></trkpt><trkpt lat="22.50593141" lon="114.1185614"><ele>8.561370849609375</ele><time>2018-12-24T06:38:55Z</time></trkpt><trkpt lat="22.50591234" lon="114.11856455"><ele>9.950531005859375</ele><time>2018-12-24T06:38:57Z</time></trkpt><trkpt lat="22.50587837" lon="114.11856097"><ele>6.1534423828125</ele><time>2018-12-24T06:38:59Z</time></trkpt><trkpt lat="22.50584561" lon="114.11855859"><ele>6.97650146484375</ele><time>2018-12-24T06:39:01Z</time></trkpt><trkpt lat="22.50581787" lon="114.11855805"><ele>6.887420654296875</ele><time>2018-12-24T06:39:03Z</time></trkpt><trkpt lat="22.50579974" lon="114.11856685"><ele>5.91961669921875</ele><time>2018-12-24T06:39:05Z</time></trkpt><trkpt lat="22.50578748" lon="114.11858541"><ele>5.47686767578125</ele><time>2018-12-24T06:39:08Z</time></trkpt><trkpt lat="22.50577385" lon="114.11860609"><ele>6.33404541015625</ele><time>2018-12-24T06:39:11Z</time></trkpt><trkpt lat="22.50574978" lon="114.1186237"><ele>6.36669921875</ele><time>2018-12-24T06:39:14Z</time></trkpt><trkpt lat="22.50573234" lon="114.11863442"><ele>6.757476806640625</ele><time>2018-12-24T06:39:16Z</time></trkpt><trkpt lat="22.50571321" lon="114.11865104"><ele>5.968170166015625</ele><time>2018-12-24T06:39:18Z</time></trkpt><trkpt lat="22.50569883" lon="114.11866878"><ele>6.1971435546875</ele><time>2018-12-24T06:39:20Z</time></trkpt><trkpt lat="22.50569236" lon="114.11869868"><ele>5.2763671875</ele><time>2018-12-24T06:39:22Z</time></trkpt><trkpt lat="22.50568813" lon="114.11871794"><ele>4.085540771484375</ele><time>2018-12-24T06:39:23Z</time></trkpt><trkpt lat="22.5056729" lon="114.11874686"><ele>4.477691650390625</ele><time>2018-12-24T06:39:25Z</time></trkpt><trkpt lat="22.50565565" lon="114.11876211"><ele>6.29571533203125</ele><time>2018-12-24T06:39:27Z</time></trkpt><trkpt lat="22.50563565" lon="114.11878309"><ele>6.485992431640625</ele><time>2018-12-24T06:39:29Z</time></trkpt><trkpt lat="22.50562195" lon="114.11880043"><ele>6.1768798828125</ele><time>2018-12-24T06:39:31Z</time></trkpt><trkpt lat="22.50561131" lon="114.11881787"><ele>7.2763671875</ele><time>2018-12-24T06:39:36Z</time></trkpt><trkpt lat="22.50558572" lon="114.11882725"><ele>2.835845947265625</ele><time>2018-12-24T06:39:38Z</time></trkpt><trkpt lat="22.50556089" lon="114.11884584"><ele>2.715240478515625</ele><time>2018-12-24T06:39:40Z</time></trkpt><trkpt lat="22.50553531" lon="114.11886157"><ele>3.878662109375</ele><time>2018-12-24T06:39:42Z</time></trkpt><trkpt lat="22.50550732" lon="114.11887521"><ele>2.851409912109375</ele><time>2018-12-24T06:39:44Z</time></trkpt><trkpt lat="22.50548599" lon="114.11889264"><ele>1.29443359375</ele><time>2018-12-24T06:39:46Z</time></trkpt><trkpt lat="22.50546189" lon="114.11891425"><ele>1.152679443359375</ele><time>2018-12-24T06:39:48Z</time></trkpt><trkpt lat="22.50543787" lon="114.11893492"><ele>-0.745391845703125</ele><time>2018-12-24T06:39:50Z</time></trkpt><trkpt lat="22.50541816" lon="114.11895334"><ele>0.122589111328125</ele><time>2018-12-24T06:39:52Z</time></trkpt><trkpt lat="22.50539961" lon="114.11897304"><ele>-0.597412109375</ele><time>2018-12-24T06:39:54Z</time></trkpt><trkpt lat="22.50538549" lon="114.11900226"><ele>0.95611572265625</ele><time>2018-12-24T06:39:56Z</time></trkpt><trkpt lat="22.50536806" lon="114.11902878"><ele>1.277984619140625</ele><time>2018-12-24T06:39:58Z</time></trkpt><trkpt lat="22.50535244" lon="114.11905135"><ele>3.238922119140625</ele><time>2018-12-24T06:40:00Z</time></trkpt><trkpt lat="22.50534092" lon="114.11907061"><ele>4.349456787109375</ele><time>2018-12-24T06:40:02Z</time></trkpt><trkpt lat="22.50532672" lon="114.11909356"><ele>4.565155029296875</ele><time>2018-12-24T06:40:04Z</time></trkpt><trkpt lat="22.50530793" lon="114.11912198"><ele>4.885406494140625</ele><time>2018-12-24T06:40:06Z</time></trkpt><trkpt lat="22.50529758" lon="114.11915025"><ele>3.03521728515625</ele><time>2018-12-24T06:40:08Z</time></trkpt><trkpt lat="22.5052906" lon="114.11917778"><ele>3.77264404296875</ele><time>2018-12-24T06:40:10Z</time></trkpt><trkpt lat="22.5052772" lon="114.11919886"><ele>3.4444580078125</ele><time>2018-12-24T06:40:12Z</time></trkpt><trkpt lat="22.50526322" lon="114.11921841"><ele>2.33526611328125</ele><time>2018-12-24T06:40:17Z</time></trkpt><trkpt lat="22.50526479" lon="114.11923909"><ele>1.755889892578125</ele><time>2018-12-24T06:40:19Z</time></trkpt><trkpt lat="22.50525003" lon="114.11926232"><ele>-1.022735595703125</ele><time>2018-12-24T06:40:24Z</time></trkpt><trkpt lat="22.50523043" lon="114.11927488"><ele>-3.598480224609375</ele><time>2018-12-24T06:40:26Z</time></trkpt><trkpt lat="22.50521684" lon="114.11929665"><ele>-0.1124267578125</ele><time>2018-12-24T06:40:28Z</time></trkpt><trkpt lat="22.50519382" lon="114.11932747"><ele>0.34552001953125</ele><time>2018-12-24T06:40:30Z</time></trkpt><trkpt lat="22.50517736" lon="114.11934712"><ele>0.0242919921875</ele><time>2018-12-24T06:40:31Z</time></trkpt><trkpt lat="22.50516163" lon="114.11936785"><ele>0.119720458984375</ele><time>2018-12-24T06:40:32Z</time></trkpt><trkpt lat="22.50514748" lon="114.11938082"><ele>-1.6766357421875</ele><time>2018-12-24T06:40:33Z</time></trkpt><trkpt lat="22.50512541" lon="114.11939874"><ele>-2.506011962890625</ele><time>2018-12-24T06:40:35Z</time></trkpt><trkpt lat="22.50511977" lon="114.11942016"><ele>-3.189056396484375</ele><time>2018-12-24T06:40:40Z</time></trkpt><trkpt lat="22.5051004" lon="114.11943915"><ele>-3.84613037109375</ele><time>2018-12-24T06:40:46Z</time></trkpt><trkpt lat="22.50508279" lon="114.1194518"><ele>-2.1295166015625</ele><time>2018-12-24T06:40:48Z</time></trkpt><trkpt lat="22.50506707" lon="114.11946983"><ele>2.0404052734375</ele><time>2018-12-24T06:40:50Z</time></trkpt><trkpt lat="22.50504644" lon="114.1194912"><ele>3.356903076171875</ele><time>2018-12-24T06:40:52Z</time></trkpt><trkpt lat="22.50502693" lon="114.11951127"><ele>3.049835205078125</ele><time>2018-12-24T06:40:54Z</time></trkpt><trkpt lat="22.50501332" lon="114.11952608"><ele>4.9549560546875</ele><time>2018-12-24T06:40:57Z</time></trkpt><trkpt lat="22.504994" lon="114.11954381"><ele>1.79962158203125</ele><time>2018-12-24T06:40:59Z</time></trkpt><trkpt lat="22.50497798" lon="114.11955626"><ele>-0.547119140625</ele><time>2018-12-24T06:41:00Z</time></trkpt><trkpt lat="22.5049515" lon="114.11957449"><ele>0.409942626953125</ele><time>2018-12-24T06:41:02Z</time></trkpt><trkpt lat="22.50493302" lon="114.11959561"><ele>1.875518798828125</ele><time>2018-12-24T06:41:04Z</time></trkpt><trkpt lat="22.50493209" lon="114.11961666"><ele>-2.856353759765625</ele><time>2018-12-24T06:41:06Z</time></trkpt><trkpt lat="22.50494284" lon="114.11964828"><ele>-2.8536376953125</ele><time>2018-12-24T06:41:09Z</time></trkpt><trkpt lat="22.50495811" lon="114.1196745"><ele>-2.878814697265625</ele><time>2018-12-24T06:41:11Z</time></trkpt><trkpt lat="22.5049734" lon="114.11970029"><ele>-3.290557861328125</ele><time>2018-12-24T06:41:13Z</time></trkpt><trkpt lat="22.50498905" lon="114.11972652"><ele>-2.421295166015625</ele><time>2018-12-24T06:41:15Z</time></trkpt><trkpt lat="22.50500394" lon="114.11975112"><ele>1.13922119140625</ele><time>2018-12-24T06:41:17Z</time></trkpt><trkpt lat="22.50502196" lon="114.11977571"><ele>1.544586181640625</ele><time>2018-12-24T06:41:19Z</time></trkpt><trkpt lat="22.50503179" lon="114.11979304"><ele>0.72833251953125</ele><time>2018-12-24T06:41:21Z</time></trkpt><trkpt lat="22.50504203" lon="114.11980962"><ele>0.11053466796875</ele><time>2018-12-24T06:41:23Z</time></trkpt><trkpt lat="22.50505415" lon="114.11982628"><ele>0.650390625</ele><time>2018-12-24T06:41:26Z</time></trkpt><trkpt lat="22.50505164" lon="114.11984638"><ele>-0.308624267578125</ele><time>2018-12-24T06:41:32Z</time></trkpt><trkpt lat="22.50508574" lon="114.11986578"><ele>0.777618408203125</ele><time>2018-12-24T06:41:48Z</time></trkpt><trkpt lat="22.50510615" lon="114.11987604"><ele>2.539794921875</ele><time>2018-12-24T06:41:49Z</time></trkpt><trkpt lat="22.50512563" lon="114.11988781"><ele>1.43841552734375</ele><time>2018-12-24T06:41:50Z</time></trkpt><trkpt lat="22.50515255" lon="114.11990924"><ele>-0.709014892578125</ele><time>2018-12-24T06:41:52Z</time></trkpt><trkpt lat="22.50517611" lon="114.11993677"><ele>-0.814605712890625</ele><time>2018-12-24T06:41:54Z</time></trkpt><trkpt lat="22.50520389" lon="114.11995686"><ele>1.68841552734375</ele><time>2018-12-24T06:41:56Z</time></trkpt><trkpt lat="22.50521947" lon="114.11996729"><ele>2.65716552734375</ele><time>2018-12-24T06:41:57Z</time></trkpt><trkpt lat="22.50524431" lon="114.11998254"><ele>4.40789794921875</ele><time>2018-12-24T06:41:59Z</time></trkpt><trkpt lat="22.5052692" lon="114.11999633"><ele>3.199462890625</ele><time>2018-12-24T06:42:01Z</time></trkpt><trkpt lat="22.50528624" lon="114.1200083"><ele>2.891876220703125</ele><time>2018-12-24T06:42:03Z</time></trkpt><trkpt lat="22.50529203" lon="114.12002736"><ele>4.266265869140625</ele><time>2018-12-24T06:42:05Z</time></trkpt><trkpt lat="22.50529867" lon="114.12005043"><ele>5.24493408203125</ele><time>2018-12-24T06:42:07Z</time></trkpt><trkpt lat="22.50529974" lon="114.12007398"><ele>5.142059326171875</ele><time>2018-12-24T06:42:09Z</time></trkpt><trkpt lat="22.50528493" lon="114.12009441"><ele>4.752716064453125</ele><time>2018-12-24T06:42:11Z</time></trkpt><trkpt lat="22.50526875" lon="114.12011317"><ele>4.52880859375</ele><time>2018-12-24T06:42:13Z</time></trkpt><trkpt lat="22.50525636" lon="114.12013076"><ele>4.537628173828125</ele><time>2018-12-24T06:42:15Z</time></trkpt><trkpt lat="22.50524597" lon="114.12015077"><ele>4.334259033203125</ele><time>2018-12-24T06:42:17Z</time></trkpt><trkpt lat="22.5052356" lon="114.1201682"><ele>4.0162353515625</ele><time>2018-12-24T06:42:19Z</time></trkpt><trkpt lat="22.50521956" lon="114.12018695"><ele>4.790679931640625</ele><time>2018-12-24T06:42:21Z</time></trkpt><trkpt lat="22.50520471" lon="114.12020593"><ele>3.60052490234375</ele><time>2018-12-24T06:42:23Z</time></trkpt><trkpt lat="22.50518905" lon="114.12022564"><ele>2.821502685546875</ele><time>2018-12-24T06:42:25Z</time></trkpt><trkpt lat="22.50516304" lon="114.12024314"><ele>2.967254638671875</ele><time>2018-12-24T06:42:27Z</time></trkpt><trkpt lat="22.5051442" lon="114.12025151"><ele>3.395538330078125</ele><time>2018-12-24T06:42:29Z</time></trkpt><trkpt lat="22.50512989" lon="114.12026618"><ele>3.359619140625</ele><time>2018-12-24T06:42:31Z</time></trkpt><trkpt lat="22.50511683" lon="114.12028874"><ele>3.53045654296875</ele><time>2018-12-24T06:42:33Z</time></trkpt><trkpt lat="22.50510321" lon="114.12030651"><ele>4.161834716796875</ele><time>2018-12-24T06:42:36Z</time></trkpt><trkpt lat="22.50508674" lon="114.12031854"><ele>3.342132568359375</ele><time>2018-12-24T06:42:38Z</time></trkpt><trkpt lat="22.50507599" lon="114.12033452"><ele>3.500640869140625</ele><time>2018-12-24T06:42:42Z</time></trkpt><trkpt lat="22.50506125" lon="114.12035328"><ele>0.25701904296875</ele><time>2018-12-24T06:42:45Z</time></trkpt><trkpt lat="22.5050507" lon="114.12037308"><ele>0.18707275390625</ele><time>2018-12-24T06:42:47Z</time></trkpt><trkpt lat="22.50503822" lon="114.12039536"><ele>1.165863037109375</ele><time>2018-12-24T06:42:49Z</time></trkpt><trkpt lat="22.50502486" lon="114.12041312"><ele>2.49591064453125</ele><time>2018-12-24T06:42:51Z</time></trkpt><trkpt lat="22.50500837" lon="114.1204327"><ele>2.014190673828125</ele><time>2018-12-24T06:42:53Z</time></trkpt><trkpt lat="22.50498934" lon="114.12045991"><ele>0.7694091796875</ele><time>2018-12-24T06:42:55Z</time></trkpt><trkpt lat="22.50497315" lon="114.12047935"><ele>0.7818603515625</ele><time>2018-12-24T06:42:57Z</time></trkpt><trkpt lat="22.50496114" lon="114.12049886"><ele>2.32958984375</ele><time>2018-12-24T06:42:59Z</time></trkpt><trkpt lat="22.50494628" lon="114.1205153"><ele>2.44244384765625</ele><time>2018-12-24T06:43:01Z</time></trkpt><trkpt lat="22.50493495" lon="114.12053168"><ele>3.397552490234375</ele><time>2018-12-24T06:43:03Z</time></trkpt><trkpt lat="22.50492235" lon="114.12054747"><ele>1.928253173828125</ele><time>2018-12-24T06:43:05Z</time></trkpt><trkpt lat="22.50490312" lon="114.12056376"><ele>2.023773193359375</ele><time>2018-12-24T06:43:07Z</time></trkpt><trkpt lat="22.50488449" lon="114.12057656"><ele>1.795440673828125</ele><time>2018-12-24T06:43:09Z</time></trkpt><trkpt lat="22.50486982" lon="114.12058905"><ele>1.383209228515625</ele><time>2018-12-24T06:43:11Z</time></trkpt><trkpt lat="22.50485197" lon="114.12060679"><ele>3.651397705078125</ele><time>2018-12-24T06:43:13Z</time></trkpt><trkpt lat="22.50483273" lon="114.12063269"><ele>6.06011962890625</ele><time>2018-12-24T06:43:16Z</time></trkpt><trkpt lat="22.50482075" lon="114.12065918"><ele>5.825927734375</ele><time>2018-12-24T06:43:18Z</time></trkpt><trkpt lat="22.5048101" lon="114.12068032"><ele>7.403656005859375</ele><time>2018-12-24T06:43:20Z</time></trkpt><trkpt lat="22.50479747" lon="114.1206953"><ele>7.616912841796875</ele><time>2018-12-24T06:43:22Z</time></trkpt><trkpt lat="22.5047765" lon="114.12070811"><ele>8.967071533203125</ele><time>2018-12-24T06:43:24Z</time></trkpt><trkpt lat="22.50475894" lon="114.12072406"><ele>9.530609130859375</ele><time>2018-12-24T06:43:26Z</time></trkpt><trkpt lat="22.50474303" lon="114.12074395"><ele>8.599609375</ele><time>2018-12-24T06:43:28Z</time></trkpt><trkpt lat="22.50473144" lon="114.12075925"><ele>8.391937255859375</ele><time>2018-12-24T06:43:30Z</time></trkpt><trkpt lat="22.50471257" lon="114.12077399"><ele>8.062591552734375</ele><time>2018-12-24T06:43:33Z</time></trkpt><trkpt lat="22.50469994" lon="114.12079205"><ele>8.88311767578125</ele><time>2018-12-24T06:43:35Z</time></trkpt><trkpt lat="22.50468502" lon="114.12081349"><ele>8.83203125</ele><time>2018-12-24T06:43:37Z</time></trkpt><trkpt lat="22.50467466" lon="114.12083082"><ele>9.30792236328125</ele><time>2018-12-24T06:43:39Z</time></trkpt><trkpt lat="22.50465196" lon="114.12085641"><ele>10.107818603515625</ele><time>2018-12-24T06:43:41Z</time></trkpt><trkpt lat="22.50463516" lon="114.12088298"><ele>9.5823974609375</ele><time>2018-12-24T06:43:43Z</time></trkpt><trkpt lat="22.50461757" lon="114.12090285"><ele>9.393310546875</ele><time>2018-12-24T06:43:45Z</time></trkpt><trkpt lat="22.50460013" lon="114.1209168"><ele>9.62274169921875</ele><time>2018-12-24T06:43:47Z</time></trkpt><trkpt lat="22.50458304" lon="114.12093638"><ele>9.799530029296875</ele><time>2018-12-24T06:43:49Z</time></trkpt><trkpt lat="22.50456704" lon="114.12095357"><ele>10.922698974609375</ele><time>2018-12-24T06:43:51Z</time></trkpt><trkpt lat="22.5045519" lon="114.12097805"><ele>11.11993408203125</ele><time>2018-12-24T06:43:53Z</time></trkpt><trkpt lat="22.50453382" lon="114.12100234"><ele>10.72174072265625</ele><time>2018-12-24T06:43:55Z</time></trkpt><trkpt lat="22.50451312" lon="114.12101688"><ele>11.0877685546875</ele><time>2018-12-24T06:43:57Z</time></trkpt><trkpt lat="22.50449444" lon="114.12103461"><ele>11.6197509765625</ele><time>2018-12-24T06:43:59Z</time></trkpt><trkpt lat="22.50447182" lon="114.12105546"><ele>11.47174072265625</ele><time>2018-12-24T06:44:01Z</time></trkpt><trkpt lat="22.50445885" lon="114.12106915"><ele>11.712554931640625</ele><time>2018-12-24T06:44:03Z</time></trkpt><trkpt lat="22.50444914" lon="114.12108989"><ele>12.87109375</ele><time>2018-12-24T06:44:05Z</time></trkpt><trkpt lat="22.50444026" lon="114.12110876"><ele>14.7620849609375</ele><time>2018-12-24T06:44:07Z</time></trkpt><trkpt lat="22.50442901" lon="114.12112917"><ele>13.1571044921875</ele><time>2018-12-24T06:44:09Z</time></trkpt><trkpt lat="22.50441476" lon="114.12114667"><ele>13.57989501953125</ele><time>2018-12-24T06:44:11Z</time></trkpt><trkpt lat="22.50439747" lon="114.12116758"><ele>13.7060546875</ele><time>2018-12-24T06:44:13Z</time></trkpt><trkpt lat="22.50437886" lon="114.12118789"><ele>13.7247314453125</ele><time>2018-12-24T06:44:15Z</time></trkpt><trkpt lat="22.50436382" lon="114.12121085"><ele>12.41192626953125</ele><time>2018-12-24T06:44:17Z</time></trkpt><trkpt lat="22.50435439" lon="114.12123192"><ele>11.11199951171875</ele><time>2018-12-24T06:44:19Z</time></trkpt><trkpt lat="22.50433881" lon="114.1212517"><ele>10.495880126953125</ele><time>2018-12-24T06:44:21Z</time></trkpt><trkpt lat="22.50431751" lon="114.12127191"><ele>10.264251708984375</ele><time>2018-12-24T06:44:23Z</time></trkpt><trkpt lat="22.50429992" lon="114.12128749"><ele>9.381378173828125</ele><time>2018-12-24T06:44:25Z</time></trkpt><trkpt lat="22.50428905" lon="114.12130771"><ele>10.20562744140625</ele><time>2018-12-24T06:44:27Z</time></trkpt><trkpt lat="22.5042829" lon="114.12132817"><ele>9.40509033203125</ele><time>2018-12-24T06:44:29Z</time></trkpt><trkpt lat="22.50427662" lon="114.12135282"><ele>7.885009765625</ele><time>2018-12-24T06:44:31Z</time></trkpt><trkpt lat="22.50426711" lon="114.12137223"><ele>7.960540771484375</ele><time>2018-12-24T06:44:33Z</time></trkpt><trkpt lat="22.50425308" lon="114.12139114"><ele>6.564727783203125</ele><time>2018-12-24T06:44:35Z</time></trkpt><trkpt lat="22.50423711" lon="114.12141488"><ele>6.2926025390625</ele><time>2018-12-24T06:44:37Z</time></trkpt><trkpt lat="22.50422506" lon="114.121434"><ele>5.300750732421875</ele><time>2018-12-24T06:44:39Z</time></trkpt><trkpt lat="22.50421084" lon="114.12145032"><ele>4.692962646484375</ele><time>2018-12-24T06:44:41Z</time></trkpt><trkpt lat="22.50419399" lon="114.12147123"><ele>3.842041015625</ele><time>2018-12-24T06:44:44Z</time></trkpt><trkpt lat="22.50418158" lon="114.1214859"><ele>3.659027099609375</ele><time>2018-12-24T06:44:46Z</time></trkpt><trkpt lat="22.50416897" lon="114.12150242"><ele>4.484222412109375</ele><time>2018-12-24T06:44:48Z</time></trkpt><trkpt lat="22.50415225" lon="114.12152415"><ele>4.785400390625</ele><time>2018-12-24T06:44:50Z</time></trkpt><trkpt lat="22.50414595" lon="114.12154909"><ele>5.48870849609375</ele><time>2018-12-24T06:44:52Z</time></trkpt><trkpt lat="22.50413611" lon="114.12157224"><ele>6.21746826171875</ele><time>2018-12-24T06:44:55Z</time></trkpt><trkpt lat="22.50411939" lon="114.12158214"><ele>6.6168212890625</ele><time>2018-12-24T06:44:59Z</time></trkpt><trkpt lat="22.50410134" lon="114.12158906"><ele>6.688873291015625</ele><time>2018-12-24T06:45:05Z</time></trkpt><trkpt lat="22.50408769" lon="114.12160837"><ele>6.571868896484375</ele><time>2018-12-24T06:45:11Z</time></trkpt><trkpt lat="22.5040611" lon="114.12163167"><ele>5.212310791015625</ele><time>2018-12-24T06:45:13Z</time></trkpt><trkpt lat="22.50403512" lon="114.12165286"><ele>4.38494873046875</ele><time>2018-12-24T06:45:15Z</time></trkpt><trkpt lat="22.50401062" lon="114.12167558"><ele>5.172637939453125</ele><time>2018-12-24T06:45:17Z</time></trkpt><trkpt lat="22.5039882" lon="114.1216981"><ele>5.766815185546875</ele><time>2018-12-24T06:45:19Z</time></trkpt><trkpt lat="22.50397052" lon="114.12171977"><ele>5.477569580078125</ele><time>2018-12-24T06:45:21Z</time></trkpt><trkpt lat="22.50395198" lon="114.12172619"><ele>5.43206787109375</ele><time>2018-12-24T06:45:28Z</time></trkpt><trkpt lat="22.50394019" lon="114.12174375"><ele>5.779632568359375</ele><time>2018-12-24T06:45:41Z</time></trkpt><trkpt lat="22.50393123" lon="114.1217655"><ele>6.379974365234375</ele><time>2018-12-24T06:45:43Z</time></trkpt><trkpt lat="22.50391824" lon="114.12178977"><ele>5.50042724609375</ele><time>2018-12-24T06:45:45Z</time></trkpt><trkpt lat="22.50390141" lon="114.121817"><ele>4.95941162109375</ele><time>2018-12-24T06:45:47Z</time></trkpt><trkpt lat="22.50388485" lon="114.12184012"><ele>4.005706787109375</ele><time>2018-12-24T06:45:49Z</time></trkpt><trkpt lat="22.50386719" lon="114.12186147"><ele>4.08123779296875</ele><time>2018-12-24T06:45:51Z</time></trkpt><trkpt lat="22.50385154" lon="114.12187985"><ele>5.750732421875</ele><time>2018-12-24T06:45:53Z</time></trkpt><trkpt lat="22.50384448" lon="114.12189905"><ele>4.647705078125</ele><time>2018-12-24T06:45:55Z</time></trkpt><trkpt lat="22.50382647" lon="114.12190919"><ele>2.724029541015625</ele><time>2018-12-24T06:46:06Z</time></trkpt><trkpt lat="22.50380944" lon="114.12192363"><ele>1.464874267578125</ele><time>2018-12-24T06:46:08Z</time></trkpt><trkpt lat="22.50379359" lon="114.12193784"><ele>1.24468994140625</ele><time>2018-12-24T06:46:10Z</time></trkpt><trkpt lat="22.50378141" lon="114.12195364"><ele>0.155670166015625</ele><time>2018-12-24T06:46:12Z</time></trkpt><trkpt lat="22.50377044" lon="114.12197299"><ele>-0.421722412109375</ele><time>2018-12-24T06:46:14Z</time></trkpt><trkpt lat="22.5037578" lon="114.12199078"><ele>-1.09027099609375</ele><time>2018-12-24T06:46:16Z</time></trkpt><trkpt lat="22.50374176" lon="114.1220089"><ele>-0.87384033203125</ele><time>2018-12-24T06:46:18Z</time></trkpt><trkpt lat="22.50372534" lon="114.12202943"><ele>0.710540771484375</ele><time>2018-12-24T06:46:21Z</time></trkpt><trkpt lat="22.50371298" lon="114.12204507"><ele>1.0340576171875</ele><time>2018-12-24T06:46:23Z</time></trkpt><trkpt lat="22.5036993" lon="114.12206253"><ele>1.9957275390625</ele><time>2018-12-24T06:46:25Z</time></trkpt><trkpt lat="22.50368868" lon="114.12208159"><ele>1.8572998046875</ele><time>2018-12-24T06:46:27Z</time></trkpt><trkpt lat="22.50367664" lon="114.12209926"><ele>2.922760009765625</ele><time>2018-12-24T06:46:29Z</time></trkpt><trkpt lat="22.50366104" lon="114.12211783"><ele>3.780548095703125</ele><time>2018-12-24T06:46:31Z</time></trkpt><trkpt lat="22.5036486" lon="114.12213821"><ele>4.278350830078125</ele><time>2018-12-24T06:46:34Z</time></trkpt><trkpt lat="22.50363384" lon="114.1221592"><ele>6.021087646484375</ele><time>2018-12-24T06:46:37Z</time></trkpt><trkpt lat="22.50361655" lon="114.12217204"><ele>6.578125</ele><time>2018-12-24T06:46:39Z</time></trkpt><trkpt lat="22.5035997" lon="114.12218601"><ele>6.691986083984375</ele><time>2018-12-24T06:46:41Z</time></trkpt><trkpt lat="22.50358404" lon="114.12220658"><ele>6.622467041015625</ele><time>2018-12-24T06:46:44Z</time></trkpt><trkpt lat="22.50356579" lon="114.12222093"><ele>6.820709228515625</ele><time>2018-12-24T06:46:46Z</time></trkpt><trkpt lat="22.50354766" lon="114.1222384"><ele>8.177734375</ele><time>2018-12-24T06:46:48Z</time></trkpt><trkpt lat="22.50353745" lon="114.12225509"><ele>8.905364990234375</ele><time>2018-12-24T06:46:49Z</time></trkpt><trkpt lat="22.50351636" lon="114.12228698"><ele>8.718505859375</ele><time>2018-12-24T06:46:51Z</time></trkpt><trkpt lat="22.50350308" lon="114.12230348"><ele>9.600921630859375</ele><time>2018-12-24T06:46:52Z</time></trkpt><trkpt lat="22.50348149" lon="114.12232806"><ele>9.677581787109375</ele><time>2018-12-24T06:46:54Z</time></trkpt><trkpt lat="22.50346449" lon="114.12235184"><ele>11.294219970703125</ele><time>2018-12-24T06:46:56Z</time></trkpt><trkpt lat="22.5034478" lon="114.12238144"><ele>10.174407958984375</ele><time>2018-12-24T06:46:58Z</time></trkpt><trkpt lat="22.50343433" lon="114.12241214"><ele>8.779327392578125</ele><time>2018-12-24T06:47:00Z</time></trkpt><trkpt lat="22.50341922" lon="114.12243781"><ele>9.182647705078125</ele><time>2018-12-24T06:47:02Z</time></trkpt><trkpt lat="22.50340409" lon="114.12245667"><ele>8.66497802734375</ele><time>2018-12-24T06:47:04Z</time></trkpt><trkpt lat="22.50338963" lon="114.1224783"><ele>8.82696533203125</ele><time>2018-12-24T06:47:06Z</time></trkpt><trkpt lat="22.5033761" lon="114.12250429"><ele>8.009185791015625</ele><time>2018-12-24T06:47:08Z</time></trkpt><trkpt lat="22.50335905" lon="114.12252632"><ele>7.650970458984375</ele><time>2018-12-24T06:47:10Z</time></trkpt><trkpt lat="22.50333969" lon="114.12255433"><ele>9.5306396484375</ele><time>2018-12-24T06:47:12Z</time></trkpt><trkpt lat="22.5033261" lon="114.12257727"><ele>8.793548583984375</ele><time>2018-12-24T06:47:14Z</time></trkpt><trkpt lat="22.50331191" lon="114.12259538"><ele>9.124420166015625</ele><time>2018-12-24T06:47:16Z</time></trkpt><trkpt lat="22.50329752" lon="114.12261909"><ele>8.436614990234375</ele><time>2018-12-24T06:47:18Z</time></trkpt><trkpt lat="22.50328562" lon="114.12264479"><ele>8.324981689453125</ele><time>2018-12-24T06:47:20Z</time></trkpt><trkpt lat="22.50327565" lon="114.1226733"><ele>8.577392578125</ele><time>2018-12-24T06:47:22Z</time></trkpt><trkpt lat="22.50326397" lon="114.12269687"><ele>8.58282470703125</ele><time>2018-12-24T06:47:24Z</time></trkpt><trkpt lat="22.50324909" lon="114.12272524"><ele>9.264404296875</ele><time>2018-12-24T06:47:26Z</time></trkpt><trkpt lat="22.50323648" lon="114.12274549"><ele>8.86053466796875</ele><time>2018-12-24T06:47:28Z</time></trkpt><trkpt lat="22.50322172" lon="114.12276052"><ele>8.118988037109375</ele><time>2018-12-24T06:47:30Z</time></trkpt><trkpt lat="22.50320528" lon="114.12277942"><ele>7.51007080078125</ele><time>2018-12-24T06:47:32Z</time></trkpt><trkpt lat="22.50319181" lon="114.12280437"><ele>7.608154296875</ele><time>2018-12-24T06:47:34Z</time></trkpt><trkpt lat="22.50318024" lon="114.12282922"><ele>7.88299560546875</ele><time>2018-12-24T06:47:36Z</time></trkpt><trkpt lat="22.50316893" lon="114.12286232"><ele>7.259765625</ele><time>2018-12-24T06:47:38Z</time></trkpt><trkpt lat="22.50315166" lon="114.12289295"><ele>7.268707275390625</ele><time>2018-12-24T06:47:40Z</time></trkpt><trkpt lat="22.50313477" lon="114.12291817"><ele>7.36663818359375</ele><time>2018-12-24T06:47:42Z</time></trkpt><trkpt lat="22.50312405" lon="114.12294293"><ele>7.816375732421875</ele><time>2018-12-24T06:47:44Z</time></trkpt><trkpt lat="22.50311498" lon="114.12296891"><ele>8.6209716796875</ele><time>2018-12-24T06:47:46Z</time></trkpt><trkpt lat="22.50310454" lon="114.12299173"><ele>9.34234619140625</ele><time>2018-12-24T06:47:48Z</time></trkpt><trkpt lat="22.50309341" lon="114.12301948"><ele>10.11773681640625</ele><time>2018-12-24T06:47:50Z</time></trkpt><trkpt lat="22.50308647" lon="114.12304497"><ele>10.364105224609375</ele><time>2018-12-24T06:47:52Z</time></trkpt><trkpt lat="22.50307853" lon="114.12306735"><ele>10.446746826171875</ele><time>2018-12-24T06:47:54Z</time></trkpt><trkpt lat="22.50306088" lon="114.12309304"><ele>10.87091064453125</ele><time>2018-12-24T06:47:56Z</time></trkpt><trkpt lat="22.50303496" lon="114.12310711"><ele>10.1358642578125</ele><time>2018-12-24T06:47:58Z</time></trkpt><trkpt lat="22.50300592" lon="114.12310672"><ele>8.86517333984375</ele><time>2018-12-24T06:48:00Z</time></trkpt><trkpt lat="22.50298856" lon="114.12310033"><ele>7.175140380859375</ele><time>2018-12-24T06:48:03Z</time></trkpt><trkpt lat="22.50298042" lon="114.1231219"><ele>7.51507568359375</ele><time>2018-12-24T06:48:07Z</time></trkpt><trkpt lat="22.50299466" lon="114.12314613"><ele>8.734405517578125</ele><time>2018-12-24T06:48:09Z</time></trkpt><trkpt lat="22.5030129" lon="114.12316684"><ele>7.847015380859375</ele><time>2018-12-24T06:48:11Z</time></trkpt><trkpt lat="22.50302248" lon="114.12318754"><ele>7.553497314453125</ele><time>2018-12-24T06:48:13Z</time></trkpt><trkpt lat="22.5030182" lon="114.12321099"><ele>7.688079833984375</ele><time>2018-12-24T06:48:15Z</time></trkpt><trkpt lat="22.50300991" lon="114.12322832"><ele>8.100738525390625</ele><time>2018-12-24T06:48:17Z</time></trkpt><trkpt lat="22.50300698" lon="114.12325049"><ele>7.2196044921875</ele><time>2018-12-24T06:48:26Z</time></trkpt><trkpt lat="22.50302684" lon="114.12326202"><ele>6.671722412109375</ele><time>2018-12-24T06:48:30Z</time></trkpt><trkpt lat="22.50304486" lon="114.12327357"><ele>6.652801513671875</ele><time>2018-12-24T06:48:32Z</time></trkpt><trkpt lat="22.50305794" lon="114.12328863"><ele>7.121673583984375</ele><time>2018-12-24T06:48:34Z</time></trkpt><trkpt lat="22.50307505" lon="114.12329581"><ele>6.231964111328125</ele><time>2018-12-24T06:48:49Z</time></trkpt><trkpt lat="22.50309306" lon="114.12329341"><ele>5.611175537109375</ele><time>2018-12-24T06:48:52Z</time></trkpt><trkpt lat="22.50311839" lon="114.12328028"><ele>5.24017333984375</ele><time>2018-12-24T06:48:55Z</time></trkpt><trkpt lat="22.50314421" lon="114.12328166"><ele>4.634368896484375</ele><time>2018-12-24T06:48:57Z</time></trkpt><trkpt lat="22.5031748" lon="114.12328404"><ele>4.061126708984375</ele><time>2018-12-24T06:48:59Z</time></trkpt><trkpt lat="22.50320362" lon="114.1232847"><ele>3.86517333984375</ele><time>2018-12-24T06:49:01Z</time></trkpt><trkpt lat="22.50322901" lon="114.12328237"><ele>3.4495849609375</ele><time>2018-12-24T06:49:03Z</time></trkpt><trkpt lat="22.50325059" lon="114.12327049"><ele>4.242523193359375</ele><time>2018-12-24T06:49:05Z</time></trkpt><trkpt lat="22.50327143" lon="114.12324002"><ele>5.5113525390625</ele><time>2018-12-24T06:49:07Z</time></trkpt><trkpt lat="22.50328051" lon="114.12320786"><ele>5.787933349609375</ele><time>2018-12-24T06:49:09Z</time></trkpt><trkpt lat="22.50328932" lon="114.123178"><ele>6.267303466796875</ele><time>2018-12-24T06:49:11Z</time></trkpt><trkpt lat="22.50330932" lon="114.12316652"><ele>5.6551513671875</ele><time>2018-12-24T06:49:14Z</time></trkpt><trkpt lat="22.5033333" lon="114.12317157"><ele>4.3912353515625</ele><time>2018-12-24T06:49:17Z</time></trkpt><trkpt lat="22.50335104" lon="114.12317532"><ele>3.758575439453125</ele><time>2018-12-24T06:49:19Z</time></trkpt><trkpt lat="22.50337498" lon="114.12317831"><ele>2.564117431640625</ele><time>2018-12-24T06:49:22Z</time></trkpt><trkpt lat="22.50339827" lon="114.12318393"><ele>3.89715576171875</ele><time>2018-12-24T06:49:24Z</time></trkpt><trkpt lat="22.50341978" lon="114.12320242"><ele>3.070587158203125</ele><time>2018-12-24T06:49:26Z</time></trkpt><trkpt lat="22.50342295" lon="114.123229"><ele>2.9986572265625</ele><time>2018-12-24T06:49:28Z</time></trkpt><trkpt lat="22.50342136" lon="114.12326082"><ele>3.447479248046875</ele><time>2018-12-24T06:49:30Z</time></trkpt><trkpt lat="22.5034207" lon="114.12329024"><ele>3.742156982421875</ele><time>2018-12-24T06:49:32Z</time></trkpt><trkpt lat="22.5034258" lon="114.12331073"><ele>3.50048828125</ele><time>2018-12-24T06:49:34Z</time></trkpt><trkpt lat="22.50343296" lon="114.12333436"><ele>3.675872802734375</ele><time>2018-12-24T06:49:36Z</time></trkpt><trkpt lat="22.50343608" lon="114.12337001"><ele>3.731719970703125</ele><time>2018-12-24T06:49:38Z</time></trkpt><trkpt lat="22.50343791" lon="114.12340784"><ele>3.78643798828125</ele><time>2018-12-24T06:49:40Z</time></trkpt><trkpt lat="22.50343974" lon="114.12344198"><ele>3.787933349609375</ele><time>2018-12-24T06:49:42Z</time></trkpt><trkpt lat="22.50344242" lon="114.12347058"><ele>7.234100341796875</ele><time>2018-12-24T06:49:44Z</time></trkpt><trkpt lat="22.50343659" lon="114.12349417"><ele>3.8599853515625</ele><time>2018-12-24T06:49:47Z</time></trkpt><trkpt lat="22.50342899" lon="114.12352008"><ele>3.75543212890625</ele><time>2018-12-24T06:49:49Z</time></trkpt><trkpt lat="22.5034187" lon="114.12354025"><ele>3.822174072265625</ele><time>2018-12-24T06:49:52Z</time></trkpt><trkpt lat="22.5035213" lon="114.12321085"><ele>3.900115966796875</ele><time>2018-12-24T06:49:54Z</time></trkpt><trkpt lat="22.5034084" lon="114.12356972"><ele>3.83087158203125</ele><time>2018-12-24T06:49:55Z</time></trkpt><trkpt lat="22.50343685" lon="114.12359758"><ele>2.842254638671875</ele><time>2018-12-24T06:49:58Z</time></trkpt><trkpt lat="22.50346348" lon="114.12360658"><ele>2.909820556640625</ele><time>2018-12-24T06:49:59Z</time></trkpt><trkpt lat="22.50342897" lon="114.12362047"><ele>3.034271240234375</ele><time>2018-12-24T06:50:00Z</time></trkpt><trkpt lat="22.5033959" lon="114.12364259"><ele>2.513763427734375</ele><time>2018-12-24T06:50:01Z</time></trkpt><trkpt lat="22.50321379" lon="114.1237732"><ele>4.3192138671875</ele><time>2018-12-24T06:50:02Z</time></trkpt><trkpt lat="22.50323284" lon="114.12379684"><ele>9.768829345703125</ele><time>2018-12-24T06:50:04Z</time></trkpt><trkpt lat="22.50324713" lon="114.12381662"><ele>11.7294921875</ele><time>2018-12-24T06:50:05Z</time></trkpt><trkpt lat="22.50326134" lon="114.12383108"><ele>13.545654296875</ele><time>2018-12-24T06:50:06Z</time></trkpt><trkpt lat="22.50328397" lon="114.12383891"><ele>11.96929931640625</ele><time>2018-12-24T06:50:07Z</time></trkpt><trkpt lat="22.5033046" lon="114.12384411"><ele>8.845977783203125</ele><time>2018-12-24T06:50:08Z</time></trkpt><trkpt lat="22.50333301" lon="114.12384447"><ele>6.042144775390625</ele><time>2018-12-24T06:50:10Z</time></trkpt><trkpt lat="22.50334118" lon="114.12386632"><ele>8.383514404296875</ele><time>2018-12-24T06:50:14Z</time></trkpt><trkpt lat="22.50333222" lon="114.12388354"><ele>8.378875732421875</ele><time>2018-12-24T06:50:17Z</time></trkpt><trkpt lat="22.50333541" lon="114.12390312"><ele>10.9912109375</ele><time>2018-12-24T06:50:20Z</time></trkpt><trkpt lat="22.50333994" lon="114.12392303"><ele>10.786956787109375</ele><time>2018-12-24T06:50:23Z</time></trkpt><trkpt lat="22.5033343" lon="114.12394391"><ele>10.6414794921875</ele><time>2018-12-24T06:50:26Z</time></trkpt><trkpt lat="22.50332321" lon="114.12396696"><ele>11.1173095703125</ele><time>2018-12-24T06:50:28Z</time></trkpt><trkpt lat="22.50331417" lon="114.12399013"><ele>10.899627685546875</ele><time>2018-12-24T06:50:30Z</time></trkpt><trkpt lat="22.50329056" lon="114.12400421"><ele>11.075469970703125</ele><time>2018-12-24T06:50:32Z</time></trkpt><trkpt lat="22.50324351" lon="114.1239933"><ele>6.366790771484375</ele><time>2018-12-24T06:50:33Z</time></trkpt><trkpt lat="22.50319997" lon="114.12398101"><ele>5.32257080078125</ele><time>2018-12-24T06:50:34Z</time></trkpt><trkpt lat="22.50315569" lon="114.12396463"><ele>6.18353271484375</ele><time>2018-12-24T06:50:35Z</time></trkpt><trkpt lat="22.5031195" lon="114.12395055"><ele>4.92962646484375</ele><time>2018-12-24T06:50:36Z</time></trkpt><trkpt lat="22.50309477" lon="114.12393515"><ele>5.88470458984375</ele><time>2018-12-24T06:50:37Z</time></trkpt><trkpt lat="22.50311452" lon="114.12393334"><ele>5.873046875</ele><time>2018-12-24T06:50:41Z</time></trkpt><trkpt lat="22.50312806" lon="114.12397985"><ele>1.5028076171875</ele><time>2018-12-24T06:50:43Z</time></trkpt><trkpt lat="22.50313289" lon="114.12400182"><ele>0.946807861328125</ele><time>2018-12-24T06:50:44Z</time></trkpt><trkpt lat="22.50313368" lon="114.12402191"><ele>0.3409423828125</ele><time>2018-12-24T06:50:45Z</time></trkpt><trkpt lat="22.5031248" lon="114.12405198"><ele>0.65631103515625</ele><time>2018-12-24T06:50:47Z</time></trkpt><trkpt lat="22.5031171" lon="114.12408604"><ele>-0.400604248046875</ele><time>2018-12-24T06:50:49Z</time></trkpt><trkpt lat="22.50311414" lon="114.12410876"><ele>-0.450164794921875</ele><time>2018-12-24T06:50:50Z</time></trkpt><trkpt lat="22.5031133" lon="114.12413045"><ele>-0.940582275390625</ele><time>2018-12-24T06:50:51Z</time></trkpt><trkpt lat="22.50311371" lon="114.12416568"><ele>0.328277587890625</ele><time>2018-12-24T06:50:53Z</time></trkpt></trkseg></trk></gpx>