<?xml version='1.0' encoding='UTF-8' ?><gpx version="1.1" creator="HikingTrailHK" xsi:schemaLocation="http://www.topografix.com/GPX/1/1 http://www.topografix.com/GPX/1/1/gpx.xsd" xmlns="http://www.topografix.com/GPX/1/1" xmlns:xsi="http://www.w3.org/2001/XMLSchema-instance"><metadata><name>東狗牙@ 2025-12-29 11:07:12</name><desc></desc></metadata><wpt lat="22.221645" lon="113.91468000000002"><ele>8.8</ele><time>2025-12-29T03:09:47Z</time><name>陳氏宗祠</name></wpt><wpt lat="22.22165" lon="113.91414666666667"><ele>17.7</ele><time>2025-12-29T03:13:04Z</time><name>禾寮</name></wpt><wpt lat="22.222355" lon="113.91484333333334"><ele>18.4</ele><time>2025-12-29T03:40:30Z</time><name>49號陳宅</name></wpt><wpt lat="22.221946666666668" lon="113.915405"><ele>12.700000000000001</ele><time>2025-12-29T03:45:54Z</time><name>壁畫</name></wpt><wpt lat="22.221703333333334" lon="113.91736"><ele>10.8</ele><time>2025-12-29T03:53:12Z</time><name>金塔</name></wpt><wpt lat="22.222285000000003" lon="113.916625"><ele>25.099999999999998</ele><time>2025-12-29T03:55:47Z</time><name>墳地</name></wpt><wpt lat="22.222466666666666" lon="113.91646999999999"><ele>34.6</ele><time>2025-12-29T03:56:59Z</time><name>鐵欄</name></wpt><wpt lat="22.230326666666663" lon="113.91502333333334"><ele>237.70000000000002</ele><time>2025-12-29T04:37:50Z</time><name>拍照石台</name></wpt><wpt lat="22.231586666666665" lon="113.91571333333334"><ele>295.3</ele><time>2025-12-29T04:49:01Z</time><name>大石台</name></wpt><wpt lat="22.236713333333334" lon="113.91774666666667"><ele>448.8</ele><time>2025-12-29T05:17:31Z</time><name>繩</name></wpt><wpt lat="22.23669166666667" lon="113.91937000000001"><ele>423.4</ele><time>2025-12-29T06:15:57Z</time><name>禿位</name></wpt><wpt lat="22.232094999999997" lon="113.92226333333335"><ele>245.4</ele><time>2025-12-29T06:42:24Z</time><name>三角大石</name></wpt><wpt lat="22.231720000000003" lon="113.92278166666668"><ele>227.3</ele><time>2025-12-29T06:44:41Z</time><name>禿地大石群</name></wpt><wpt lat="22.229674999999997" lon="113.92535833333335"><ele>106.10000000000001</ele><time>2025-12-29T07:01:26Z</time><name>渠</name></wpt><wpt lat="22.23859333333333" lon="113.93818666666667"><ele>304.7</ele><time>2025-12-29T08:03:08Z</time><name>大岩石</name></wpt><wpt lat="22.23995166666667" lon="113.939425"><ele>291.7</ele><time>2025-12-29T08:06:52Z</time><name>大石堆</name></wpt><wpt lat="22.240124999999995" lon="113.93956833333336"><ele>294.79999999999995</ele><time>2025-12-29T08:07:59Z</time><name>巨石陣</name></wpt><trk><trkseg><trkpt lat="22.221119278419696" lon="113.91425494878774" /><trkpt lat="22.22117178125" lon="113.91432579638672" /><trkpt lat="22.22123178125" lon="113.91447079638672" /><trkpt lat="22.22128578125" lon="113.91456179638672" /><trkpt lat="22.22131878125" lon="113.91461479638672" /><trkpt lat="22.2213882826337" lon="113.91455347164879" /><trkpt lat="22.221407067869336" lon="113.91452483173629" /><trkpt lat="22.221461707839964" lon="113.91449718770662" /><trkpt lat="22.22149826309554" lon="113.91450125882909" /><trkpt lat="22.221537797569027" lon="113.91452576661669" /><trkpt lat="22.221594352556707" lon="113.91461890592774" /><trkpt lat="22.22161861493197" lon="113.91467489962815" /><trkpt lat="22.22165469293283" lon="113.91470403390389" /><trkpt lat="22.221756958367195" lon="113.91469132785937" /><trkpt lat="22.221859424769278" lon="113.91464863953945" /><trkpt lat="22.22188700880433" lon="113.91462262520076" /><trkpt lat="22.221908638767886" lon="113.91458951633678" /><trkpt lat="22.221919292422896" lon="113.91450136769492" /><trkpt lat="22.221913297175874" lon="113.91444201834338" /><trkpt lat="22.22188867968333" lon="113.91438318856927" /><trkpt lat="22.22186381005949" lon="113.91435254950841" /><trkpt lat="22.221620122492624" lon="113.91419106989508" /><trkpt lat="22.22160603820346" lon="113.91415431003838" /><trkpt lat="22.221625086479136" lon="113.91412462304561" /><trkpt lat="22.22165667180829" lon="113.9141353672099" /><trkpt lat="22.221694523340688" lon="113.91415930309142" /><trkpt lat="22.221919676961306" lon="113.91446308462912" /><trkpt lat="22.222055675572634" lon="113.91474126633648" /><trkpt lat="22.222074282238736" lon="113.9148068105032" /><trkpt lat="22.222092125830795" lon="113.91486264722714" /><trkpt lat="22.22210678125" lon="113.91486779638672" /><trkpt lat="22.22218978125" lon="113.91485179638671" /><trkpt lat="22.22236878125" lon="113.91480379638672" /><trkpt lat="22.222376765259106" lon="113.91483865776233" /><trkpt lat="22.222385503214866" lon="113.91479928413463" /><trkpt lat="22.22237048621244" lon="113.91474855022182" /><trkpt lat="22.222368020640715" lon="113.91474882934682" /><trkpt lat="22.2223543938194" lon="113.91480765446823" /><trkpt lat="22.22218978125" lon="113.91485179638671" /><trkpt lat="22.22210678125" lon="113.91486779638672" /><trkpt lat="22.22206978125" lon="113.91485479638672" /><trkpt lat="22.22201678125" lon="113.91484879638672" /><trkpt lat="22.22198078125" lon="113.91487779638672" /><trkpt lat="22.22194478125" lon="113.91493679638671" /><trkpt lat="22.22190378125" lon="113.91498479638672" /><trkpt lat="22.22181178125" lon="113.91504879638671" /><trkpt lat="22.22175878125" lon="113.91511079638671" /><trkpt lat="22.22173278125" lon="113.91514479638671" /><trkpt lat="22.22167678125" lon="113.91521779638671" /><trkpt lat="22.22171478125" lon="113.91528979638672" /><trkpt lat="22.22173378125" lon="113.91533979638672" /><trkpt lat="22.22183078125" lon="113.91540179638672" /><trkpt lat="22.22210778125" lon="113.91517279638671" /><trkpt lat="22.22215478125" lon="113.91509079638672" /><trkpt lat="22.22221478125" lon="113.91503879638672" /><trkpt lat="22.222282918786224" lon="113.9150802714052" /><trkpt lat="22.22223589989889" lon="113.91510817182308" /><trkpt lat="22.22213173555421" lon="113.91513100238505" /><trkpt lat="22.22210778125" lon="113.91517279638671" /><trkpt lat="22.22183078125" lon="113.91540179638672" /><trkpt lat="22.22185478125" lon="113.91543779638671" /><trkpt lat="22.22187778125" lon="113.91567979638671" /><trkpt lat="22.22187478125" lon="113.91587279638672" /><trkpt lat="22.22177478125" lon="113.91596379638672" /><trkpt lat="22.22174378125" lon="113.91605179638672" /><trkpt lat="22.221721928920218" lon="113.91612053980016" /><trkpt lat="22.22171278801035" lon="113.91627521917823"><ele>15.26229530328466</ele><time>2025-12-29T03:48:42.950Z</time></trkpt><trkpt lat="22.221706666666666" lon="113.91628833333334"><ele>15.000000000000002</ele><time>2025-12-29T03:48:44Z</time></trkpt><trkpt lat="22.22169166666667" lon="113.91631166666666"><ele>14.4</ele><time>2025-12-29T03:48:46Z</time></trkpt><trkpt lat="22.22168166666667" lon="113.91633666666667"><ele>13.8</ele><time>2025-12-29T03:48:48Z</time></trkpt><trkpt lat="22.221671666666666" lon="113.91636333333332"><ele>13.5</ele><time>2025-12-29T03:48:50Z</time></trkpt><trkpt lat="22.22166333333333" lon="113.91638833333333"><ele>12.9</ele><time>2025-12-29T03:48:52Z</time></trkpt><trkpt lat="22.221653333333332" lon="113.91641333333334"><ele>12.6</ele><time>2025-12-29T03:48:54Z</time></trkpt><trkpt lat="22.221645" lon="113.91643833333335"><ele>12.3</ele><time>2025-12-29T03:48:56Z</time></trkpt><trkpt lat="22.22163666666667" lon="113.91645833333332"><ele>12.6</ele><time>2025-12-29T03:48:58Z</time></trkpt><trkpt lat="22.221623333333334" lon="113.91648500000001"><ele>13.0</ele><time>2025-12-29T03:49:00Z</time></trkpt><trkpt lat="22.221611666666664" lon="113.91651333333333"><ele>13.1</ele><time>2025-12-29T03:49:02Z</time></trkpt><trkpt lat="22.22160166666667" lon="113.91653999999998"><ele>13.200000000000001</ele><time>2025-12-29T03:49:04Z</time></trkpt><trkpt lat="22.22159" lon="113.91656666666668"><ele>12.9</ele><time>2025-12-29T03:49:06Z</time></trkpt><trkpt lat="22.221578333333333" lon="113.91659166666668"><ele>12.8</ele><time>2025-12-29T03:49:08Z</time></trkpt><trkpt lat="22.221569999999996" lon="113.91661666666666"><ele>12.4</ele><time>2025-12-29T03:49:10Z</time></trkpt><trkpt lat="22.22156" lon="113.91663833333332"><ele>11.700000000000001</ele><time>2025-12-29T03:49:12Z</time></trkpt><trkpt lat="22.22154833333333" lon="113.91666333333333"><ele>11.4</ele><time>2025-12-29T03:49:14Z</time></trkpt><trkpt lat="22.221539999999997" lon="113.91668999999999"><ele>11.1</ele><time>2025-12-29T03:49:16Z</time></trkpt><trkpt lat="22.221535000000003" lon="113.91671666666667"><ele>10.9</ele><time>2025-12-29T03:49:18Z</time></trkpt><trkpt lat="22.221526666666666" lon="113.91674333333334"><ele>10.700000000000001</ele><time>2025-12-29T03:49:20Z</time></trkpt><trkpt lat="22.221518333333332" lon="113.91676833333334"><ele>10.200000000000001</ele><time>2025-12-29T03:49:22Z</time></trkpt><trkpt lat="22.221513333333338" lon="113.91679166666667"><ele>10.0</ele><time>2025-12-29T03:49:24Z</time></trkpt><trkpt lat="22.221506666666663" lon="113.91681833333332"><ele>9.9</ele><time>2025-12-29T03:49:26Z</time></trkpt><trkpt lat="22.221505" lon="113.91684500000001"><ele>9.4</ele><time>2025-12-29T03:49:28Z</time></trkpt><trkpt lat="22.22150166666667" lon="113.91686999999999"><ele>9.1</ele><time>2025-12-29T03:49:30Z</time></trkpt><trkpt lat="22.221491666666665" lon="113.91689666666667"><ele>8.9</ele><time>2025-12-29T03:49:32Z</time></trkpt><trkpt lat="22.22148666666667" lon="113.91692333333334"><ele>8.700000000000001</ele><time>2025-12-29T03:49:34Z</time></trkpt><trkpt lat="22.221478333333334" lon="113.91694833333334"><ele>8.4</ele><time>2025-12-29T03:49:36Z</time></trkpt><trkpt lat="22.22147" lon="113.91697500000001"><ele>8.200000000000001</ele><time>2025-12-29T03:49:38Z</time></trkpt><trkpt lat="22.221463333333336" lon="113.91700166666666"><ele>8.0</ele><time>2025-12-29T03:49:40Z</time></trkpt><trkpt lat="22.22146" lon="113.91702833333332"><ele>8.0</ele><time>2025-12-29T03:49:42Z</time></trkpt><trkpt lat="22.22146" lon="113.91705666666667"><ele>7.9</ele><time>2025-12-29T03:49:44Z</time></trkpt><trkpt lat="22.22145833333333" lon="113.91708333333332"><ele>7.800000000000001</ele><time>2025-12-29T03:49:46Z</time></trkpt><trkpt lat="22.221455" lon="113.91711166666667"><ele>7.800000000000001</ele><time>2025-12-29T03:49:48Z</time></trkpt><trkpt lat="22.221449999999997" lon="113.91714333333333"><ele>7.800000000000001</ele><time>2025-12-29T03:49:50Z</time></trkpt><trkpt lat="22.22144166666667" lon="113.91716833333334"><ele>7.800000000000001</ele><time>2025-12-29T03:49:52Z</time></trkpt><trkpt lat="22.22144166666667" lon="113.91719333333334"><ele>7.5</ele><time>2025-12-29T03:49:54Z</time></trkpt><trkpt lat="22.221438333333335" lon="113.91722166666665"><ele>7.300000000000001</ele><time>2025-12-29T03:49:56Z</time></trkpt><trkpt lat="22.221436666666666" lon="113.91724500000001"><ele>7.1</ele><time>2025-12-29T03:49:58Z</time></trkpt><trkpt lat="22.221431666666664" lon="113.91727333333334"><ele>7.0</ele><time>2025-12-29T03:50:00Z</time></trkpt><trkpt lat="22.22143" lon="113.91730333333335"><ele>6.800000000000001</ele><time>2025-12-29T03:50:02Z</time></trkpt><trkpt lat="22.221428333333332" lon="113.91733333333335"><ele>6.800000000000001</ele><time>2025-12-29T03:50:04Z</time></trkpt><trkpt lat="22.221425" lon="113.917365"><ele>6.9</ele><time>2025-12-29T03:50:06Z</time></trkpt><trkpt lat="22.221425" lon="113.917395"><ele>6.9</ele><time>2025-12-29T03:50:08Z</time></trkpt><trkpt lat="22.221425" lon="113.91742500000001"><ele>6.800000000000001</ele><time>2025-12-29T03:50:10Z</time></trkpt><trkpt lat="22.221431666666664" lon="113.91745333333334"><ele>6.700000000000001</ele><time>2025-12-29T03:50:12Z</time></trkpt><trkpt lat="22.221434999999996" lon="113.91748666666666"><ele>6.5</ele><time>2025-12-29T03:50:14Z</time></trkpt><trkpt lat="22.221433333333334" lon="113.91751333333335"><ele>6.300000000000001</ele><time>2025-12-29T03:50:16Z</time></trkpt><trkpt lat="22.221433333333334" lon="113.91754166666666"><ele>6.300000000000001</ele><time>2025-12-29T03:50:18Z</time></trkpt><trkpt lat="22.221439999999998" lon="113.91757000000001"><ele>5.9</ele><time>2025-12-29T03:50:20Z</time></trkpt><trkpt lat="22.221449999999997" lon="113.91760000000001"><ele>6.0</ele><time>2025-12-29T03:50:22Z</time></trkpt><trkpt lat="22.22146" lon="113.91762833333333"><ele>5.800000000000001</ele><time>2025-12-29T03:50:24Z</time></trkpt><trkpt lat="22.22147" lon="113.91765500000001"><ele>5.199999999999999</ele><time>2025-12-29T03:50:26Z</time></trkpt><trkpt lat="22.221479999999996" lon="113.91768166666667"><ele>4.9</ele><time>2025-12-29T03:50:28Z</time></trkpt><trkpt lat="22.221493333333335" lon="113.91771333333332"><ele>4.800000000000001</ele><time>2025-12-29T03:50:30Z</time></trkpt><trkpt lat="22.221508333333336" lon="113.91774"><ele>4.300000000000001</ele><time>2025-12-29T03:50:32Z</time></trkpt><trkpt lat="22.221524999999996" lon="113.91776166666665"><ele>3.9</ele><time>2025-12-29T03:50:34Z</time></trkpt><trkpt lat="22.221543333333337" lon="113.91776999999999"><ele>2.8000000000000003</ele><time>2025-12-29T03:50:37Z</time></trkpt><trkpt lat="22.221553333333336" lon="113.91778666666666"><ele>1.7999999999999998</ele><time>2025-12-29T03:50:39Z</time></trkpt><trkpt lat="22.221569999999996" lon="113.91779833333334"><ele>0.8999999999999999</ele><time>2025-12-29T03:50:41Z</time></trkpt><trkpt lat="22.221586666666667" lon="113.91780666666666"><ele>0.19999999999999973</ele><time>2025-12-29T03:50:45Z</time></trkpt><trkpt lat="22.2216" lon="113.91779333333334"><ele>0.6999999999999997</ele><time>2025-12-29T03:50:53Z</time></trkpt><trkpt lat="22.221603333333338" lon="113.91781666666665"><ele>3.9</ele><time>2025-12-29T03:51:30Z</time></trkpt><trkpt lat="22.221626666666666" lon="113.91780833333333"><ele>4.300000000000001</ele><time>2025-12-29T03:51:33Z</time></trkpt><trkpt lat="22.22165" lon="113.91780666666666"><ele>3.9</ele><time>2025-12-29T03:51:36Z</time></trkpt><trkpt lat="22.221664999999998" lon="113.917795"><ele>3.4999999999999996</ele><time>2025-12-29T03:51:40Z</time></trkpt><trkpt lat="22.221676666666667" lon="113.91778000000001"><ele>2.8000000000000003</ele><time>2025-12-29T03:51:44Z</time></trkpt><trkpt lat="22.22169" lon="113.91776666666668"><ele>2.4999999999999996</ele><time>2025-12-29T03:51:52Z</time></trkpt><trkpt lat="22.221721666666667" lon="113.91771333333332"><ele>3.3000000000000003</ele><time>2025-12-29T03:52:06Z</time></trkpt><trkpt lat="22.22172666666667" lon="113.91769166666667"><ele>3.4</ele><time>2025-12-29T03:52:10Z</time></trkpt><trkpt lat="22.22172666666667" lon="113.91767"><ele>3.6999999999999997</ele><time>2025-12-29T03:52:15Z</time></trkpt><trkpt lat="22.221725" lon="113.917645"><ele>3.9</ele><time>2025-12-29T03:52:19Z</time></trkpt><trkpt lat="22.221725" lon="113.91762500000002"><ele>4.300000000000001</ele><time>2025-12-29T03:52:23Z</time></trkpt><trkpt lat="22.22174" lon="113.91760500000001"><ele>4.9</ele><time>2025-12-29T03:52:27Z</time></trkpt><trkpt lat="22.22175666666667" lon="113.91758999999999"><ele>5.199999999999999</ele><time>2025-12-29T03:52:30Z</time></trkpt><trkpt lat="22.22176833333333" lon="113.917575"><ele>5.6</ele><time>2025-12-29T03:52:34Z</time></trkpt><trkpt lat="22.221775" lon="113.91755666666668"><ele>6.1</ele><time>2025-12-29T03:52:37Z</time></trkpt><trkpt lat="22.221775" lon="113.91752666666667"><ele>6.700000000000001</ele><time>2025-12-29T03:52:41Z</time></trkpt><trkpt lat="22.221775" lon="113.91750166666667"><ele>7.300000000000001</ele><time>2025-12-29T03:52:44Z</time></trkpt><trkpt lat="22.22177" lon="113.91747666666667"><ele>7.800000000000001</ele><time>2025-12-29T03:52:47Z</time></trkpt><trkpt lat="22.221763333333335" lon="113.91745833333334"><ele>8.200000000000001</ele><time>2025-12-29T03:52:50Z</time></trkpt><trkpt lat="22.221758333333334" lon="113.91743833333334"><ele>8.4</ele><time>2025-12-29T03:52:52Z</time></trkpt><trkpt lat="22.22175333333333" lon="113.91741833333332"><ele>8.700000000000001</ele><time>2025-12-29T03:52:54Z</time></trkpt><trkpt lat="22.221735" lon="113.9174"><ele>9.1</ele><time>2025-12-29T03:52:56Z</time></trkpt><trkpt lat="22.221719999999998" lon="113.91738666666667"><ele>9.6</ele><time>2025-12-29T03:52:58Z</time></trkpt><trkpt lat="22.221704999999996" lon="113.91737499999999"><ele>9.700000000000001</ele><time>2025-12-29T03:53:00Z</time></trkpt><trkpt lat="22.22169" lon="113.91736166666666"><ele>9.8</ele><time>2025-12-29T03:53:03Z</time></trkpt><trkpt lat="22.221698333333332" lon="113.91733"><ele>10.6</ele><time>2025-12-29T03:53:17Z</time></trkpt><trkpt lat="22.22168333333333" lon="113.91731499999999"><ele>10.700000000000001</ele><time>2025-12-29T03:53:21Z</time></trkpt><trkpt lat="22.221671666666666" lon="113.91729333333333"><ele>10.9</ele><time>2025-12-29T03:53:25Z</time></trkpt><trkpt lat="22.221661666666666" lon="113.91727333333334"><ele>11.1</ele><time>2025-12-29T03:53:28Z</time></trkpt><trkpt lat="22.221674999999998" lon="113.91725333333333"><ele>11.6</ele><time>2025-12-29T03:53:32Z</time></trkpt><trkpt lat="22.22169166666667" lon="113.91724500000001"><ele>11.6</ele><time>2025-12-29T03:53:36Z</time></trkpt><trkpt lat="22.221703333333334" lon="113.91722666666668"><ele>11.700000000000001</ele><time>2025-12-29T03:53:39Z</time></trkpt><trkpt lat="22.221703333333334" lon="113.91720500000001"><ele>11.700000000000001</ele><time>2025-12-29T03:53:41Z</time></trkpt><trkpt lat="22.221704999999996" lon="113.917185"><ele>11.9</ele><time>2025-12-29T03:53:43Z</time></trkpt><trkpt lat="22.221713333333334" lon="113.917165"><ele>11.9</ele><time>2025-12-29T03:53:46Z</time></trkpt><trkpt lat="22.221719999999998" lon="113.91714666666667"><ele>12.0</ele><time>2025-12-29T03:53:48Z</time></trkpt><trkpt lat="22.221731666666663" lon="113.91712166666666"><ele>12.3</ele><time>2025-12-29T03:53:51Z</time></trkpt><trkpt lat="22.221745000000002" lon="113.91709999999999"><ele>12.700000000000001</ele><time>2025-12-29T03:53:55Z</time></trkpt><trkpt lat="22.22175333333333" lon="113.91707666666667"><ele>13.200000000000001</ele><time>2025-12-29T03:53:58Z</time></trkpt><trkpt lat="22.221754999999998" lon="113.91705500000002"><ele>13.6</ele><time>2025-12-29T03:54:01Z</time></trkpt><trkpt lat="22.221743333333333" lon="113.91703000000001"><ele>14.1</ele><time>2025-12-29T03:54:05Z</time></trkpt><trkpt lat="22.22173666666667" lon="113.917005"><ele>14.200000000000001</ele><time>2025-12-29T03:54:08Z</time></trkpt><trkpt lat="22.221735" lon="113.91698166666666"><ele>14.200000000000001</ele><time>2025-12-29T03:54:11Z</time></trkpt><trkpt lat="22.221746666666665" lon="113.91696500000002"><ele>14.000000000000002</ele><time>2025-12-29T03:54:14Z</time></trkpt><trkpt lat="22.221758333333334" lon="113.91695"><ele>14.1</ele><time>2025-12-29T03:54:16Z</time></trkpt><trkpt lat="22.22177166666667" lon="113.91692666666668"><ele>14.299999999999999</ele><time>2025-12-29T03:54:19Z</time></trkpt><trkpt lat="22.22178166666667" lon="113.91690333333332"><ele>14.500000000000002</ele><time>2025-12-29T03:54:21Z</time></trkpt><trkpt lat="22.221791666666665" lon="113.91688"><ele>14.799999999999999</ele><time>2025-12-29T03:54:24Z</time></trkpt><trkpt lat="22.221809999999998" lon="113.91686333333334"><ele>15.000000000000002</ele><time>2025-12-29T03:54:27Z</time></trkpt><trkpt lat="22.22183166666667" lon="113.91685666666666"><ele>15.1</ele><time>2025-12-29T03:54:29Z</time></trkpt><trkpt lat="22.221850000000003" lon="113.91685000000001"><ele>15.4</ele><time>2025-12-29T03:54:31Z</time></trkpt><trkpt lat="22.221868333333337" lon="113.91684500000001"><ele>15.299999999999999</ele><time>2025-12-29T03:54:34Z</time></trkpt><trkpt lat="22.221886666666666" lon="113.91684"><ele>15.200000000000001</ele><time>2025-12-29T03:54:38Z</time></trkpt><trkpt lat="22.221905" lon="113.91683166666665"><ele>15.1</ele><time>2025-12-29T03:54:43Z</time></trkpt><trkpt lat="22.221923333333333" lon="113.916825"><ele>15.299999999999999</ele><time>2025-12-29T03:54:46Z</time></trkpt><trkpt lat="22.221941666666666" lon="113.916805"><ele>15.200000000000001</ele><time>2025-12-29T03:54:50Z</time></trkpt><trkpt lat="22.22196666666667" lon="113.91678666666667"><ele>16.0</ele><time>2025-12-29T03:54:53Z</time></trkpt><trkpt lat="22.221985000000004" lon="113.91677666666668"><ele>16.5</ele><time>2025-12-29T03:54:55Z</time></trkpt><trkpt lat="22.222005" lon="113.91676166666666"><ele>16.799999999999997</ele><time>2025-12-29T03:54:57Z</time></trkpt><trkpt lat="22.222016666666665" lon="113.91674666666668"><ele>16.799999999999997</ele><time>2025-12-29T03:54:59Z</time></trkpt><trkpt lat="22.222036666666668" lon="113.91673333333334"><ele>16.9</ele><time>2025-12-29T03:55:02Z</time></trkpt><trkpt lat="22.22205666666667" lon="113.91672666666666"><ele>17.0</ele><time>2025-12-29T03:55:05Z</time></trkpt><trkpt lat="22.222076666666666" lon="113.91671666666667"><ele>17.5</ele><time>2025-12-29T03:55:07Z</time></trkpt><trkpt lat="22.222108333333335" lon="113.91671166666666"><ele>18.799999999999997</ele><time>2025-12-29T03:55:10Z</time></trkpt><trkpt lat="22.22214166666667" lon="113.91671"><ele>20.0</ele><time>2025-12-29T03:55:12Z</time></trkpt><trkpt lat="22.22216" lon="113.91670833333335"><ele>20.5</ele><time>2025-12-29T03:55:14Z</time></trkpt><trkpt lat="22.222198333333335" lon="113.91668166666665"><ele>21.5</ele><time>2025-12-29T03:55:21Z</time></trkpt><trkpt lat="22.222216666666668" lon="113.91667333333335"><ele>22.0</ele><time>2025-12-29T03:55:23Z</time></trkpt><trkpt lat="22.222236666666664" lon="113.91666500000001"><ele>22.299999999999997</ele><time>2025-12-29T03:55:25Z</time></trkpt><trkpt lat="22.22226" lon="113.91665666666668"><ele>22.2</ele><time>2025-12-29T03:55:28Z</time></trkpt><trkpt lat="22.222271666666664" lon="113.91664"><ele>23.4</ele><time>2025-12-29T03:55:33Z</time></trkpt><trkpt lat="22.222285000000003" lon="113.916625"><ele>25.099999999999998</ele><time>2025-12-29T03:55:37Z</time></trkpt><trkpt lat="22.222315000000002" lon="113.91660166666666"><ele>30.699999999999996</ele><time>2025-12-29T03:56:09Z</time></trkpt><trkpt lat="22.222326666666664" lon="113.916585"><ele>31.6</ele><time>2025-12-29T03:56:28Z</time></trkpt><trkpt lat="22.22234166666666" lon="113.91657"><ele>31.699999999999996</ele><time>2025-12-29T03:56:30Z</time></trkpt><trkpt lat="22.222361666666664" lon="113.91655333333334"><ele>31.9</ele><time>2025-12-29T03:56:32Z</time></trkpt><trkpt lat="22.222379999999998" lon="113.916535"><ele>31.4</ele><time>2025-12-29T03:56:35Z</time></trkpt><trkpt lat="22.222401666666663" lon="113.91651666666667"><ele>31.699999999999996</ele><time>2025-12-29T03:56:37Z</time></trkpt><trkpt lat="22.222421666666666" lon="113.91649833333334"><ele>32.3</ele><time>2025-12-29T03:56:39Z</time></trkpt><trkpt lat="22.222446666666663" lon="113.91648666666667"><ele>32.5</ele><time>2025-12-29T03:56:41Z</time></trkpt><trkpt lat="22.222458333333332" lon="113.91646833333334"><ele>34.199999999999996</ele><time>2025-12-29T03:56:44Z</time></trkpt><trkpt lat="22.222506666666664" lon="113.91640166666666"><ele>36.6</ele><time>2025-12-29T03:57:10Z</time></trkpt><trkpt lat="22.222525000000005" lon="113.91638499999999"><ele>36.699999999999996</ele><time>2025-12-29T03:57:12Z</time></trkpt><trkpt lat="22.222545" lon="113.91636833333332"><ele>37.0</ele><time>2025-12-29T03:57:14Z</time></trkpt><trkpt lat="22.222570000000005" lon="113.91634833333335"><ele>37.5</ele><time>2025-12-29T03:57:16Z</time></trkpt><trkpt lat="22.222593333333332" lon="113.91632833333333"><ele>37.699999999999996</ele><time>2025-12-29T03:57:18Z</time></trkpt><trkpt lat="22.222611666666662" lon="113.91630666666667"><ele>38.1</ele><time>2025-12-29T03:57:20Z</time></trkpt><trkpt lat="22.222628333333333" lon="113.91629333333334"><ele>39.0</ele><time>2025-12-29T03:57:22Z</time></trkpt><trkpt lat="22.222641666666664" lon="113.91627833333332"><ele>39.4</ele><time>2025-12-29T03:57:24Z</time></trkpt><trkpt lat="22.222655" lon="113.916265"><ele>39.9</ele><time>2025-12-29T03:57:26Z</time></trkpt><trkpt lat="22.222676666666665" lon="113.91625833333335"><ele>40.0</ele><time>2025-12-29T03:57:29Z</time></trkpt><trkpt lat="22.222693333333336" lon="113.91624666666667"><ele>40.1</ele><time>2025-12-29T03:57:31Z</time></trkpt><trkpt lat="22.22271166666667" lon="113.91623999999999"><ele>40.1</ele><time>2025-12-29T03:57:33Z</time></trkpt><trkpt lat="22.222725" lon="113.91622666666666"><ele>40.199999999999996</ele><time>2025-12-29T03:57:35Z</time></trkpt><trkpt lat="22.222738333333336" lon="113.91620999999999"><ele>40.199999999999996</ele><time>2025-12-29T03:57:37Z</time></trkpt><trkpt lat="22.22275666666667" lon="113.91618666666666"><ele>40.0</ele><time>2025-12-29T03:57:40Z</time></trkpt><trkpt lat="22.22277" lon="113.916165"><ele>40.0</ele><time>2025-12-29T03:57:42Z</time></trkpt><trkpt lat="22.222783333333336" lon="113.91614666666668"><ele>39.699999999999996</ele><time>2025-12-29T03:57:44Z</time></trkpt><trkpt lat="22.222794999999998" lon="113.91612500000001"><ele>39.3</ele><time>2025-12-29T03:57:46Z</time></trkpt><trkpt lat="22.222806666666663" lon="113.91610666666665"><ele>38.9</ele><time>2025-12-29T03:57:48Z</time></trkpt><trkpt lat="22.222820000000002" lon="113.91608666666667"><ele>38.6</ele><time>2025-12-29T03:57:50Z</time></trkpt><trkpt lat="22.222836666666662" lon="113.91607166666667"><ele>38.199999999999996</ele><time>2025-12-29T03:57:52Z</time></trkpt><trkpt lat="22.222851666666664" lon="113.91605333333334"><ele>37.699999999999996</ele><time>2025-12-29T03:57:54Z</time></trkpt><trkpt lat="22.222871666666666" lon="113.91602833333333"><ele>37.5</ele><time>2025-12-29T03:57:56Z</time></trkpt><trkpt lat="22.222888333333337" lon="113.91600666666666"><ele>37.1</ele><time>2025-12-29T03:57:58Z</time></trkpt><trkpt lat="22.22290666666667" lon="113.91598666666665"><ele>36.8</ele><time>2025-12-29T03:58:00Z</time></trkpt><trkpt lat="22.22292" lon="113.91597333333333"><ele>36.4</ele><time>2025-12-29T03:58:02Z</time></trkpt><trkpt lat="22.222944999999996" lon="113.91596"><ele>35.699999999999996</ele><time>2025-12-29T03:58:05Z</time></trkpt><trkpt lat="22.222963333333336" lon="113.91595333333335"><ele>35.5</ele><time>2025-12-29T03:58:07Z</time></trkpt><trkpt lat="22.22298166666667" lon="113.91594333333333"><ele>35.0</ele><time>2025-12-29T03:58:09Z</time></trkpt><trkpt lat="22.223003333333335" lon="113.91592833333334"><ele>34.5</ele><time>2025-12-29T03:58:11Z</time></trkpt><trkpt lat="22.223025" lon="113.91591333333332"><ele>34.0</ele><time>2025-12-29T03:58:13Z</time></trkpt><trkpt lat="22.223045000000003" lon="113.91590666666667"><ele>33.1</ele><time>2025-12-29T03:58:15Z</time></trkpt><trkpt lat="22.22306" lon="113.915895"><ele>32.199999999999996</ele><time>2025-12-29T03:58:17Z</time></trkpt><trkpt lat="22.223079999999996" lon="113.91587999999999"><ele>31.4</ele><time>2025-12-29T03:58:19Z</time></trkpt><trkpt lat="22.223098333333336" lon="113.91586166666666"><ele>30.5</ele><time>2025-12-29T03:58:21Z</time></trkpt><trkpt lat="22.223115" lon="113.91584499999999"><ele>29.7</ele><time>2025-12-29T03:58:23Z</time></trkpt><trkpt lat="22.22313166666667" lon="113.91583"><ele>29.0</ele><time>2025-12-29T03:58:25Z</time></trkpt><trkpt lat="22.22315" lon="113.91581833333333"><ele>28.4</ele><time>2025-12-29T03:58:27Z</time></trkpt><trkpt lat="22.22316166666667" lon="113.91580166666667"><ele>27.7</ele><time>2025-12-29T03:58:30Z</time></trkpt><trkpt lat="22.223171666666666" lon="113.91577666666666"><ele>26.9</ele><time>2025-12-29T03:58:33Z</time></trkpt><trkpt lat="22.22319166666667" lon="113.91575333333334"><ele>26.7</ele><time>2025-12-29T03:58:35Z</time></trkpt><trkpt lat="22.22321" lon="113.91572833333333"><ele>26.0</ele><time>2025-12-29T03:58:38Z</time></trkpt><trkpt lat="22.223226666666665" lon="113.91571666666665"><ele>25.599999999999998</ele><time>2025-12-29T03:58:40Z</time></trkpt><trkpt lat="22.223253333333332" lon="113.91570833333331"><ele>25.2</ele><time>2025-12-29T03:58:43Z</time></trkpt><trkpt lat="22.22328166666667" lon="113.91569833333332"><ele>24.9</ele><time>2025-12-29T03:58:46Z</time></trkpt><trkpt lat="22.223304999999996" lon="113.91569"><ele>24.5</ele><time>2025-12-29T03:58:48Z</time></trkpt><trkpt lat="22.22332833333333" lon="113.91568666666666"><ele>24.099999999999998</ele><time>2025-12-29T03:58:51Z</time></trkpt><trkpt lat="22.223348333333334" lon="113.91567833333332"><ele>24.099999999999998</ele><time>2025-12-29T03:58:54Z</time></trkpt><trkpt lat="22.22338" lon="113.91567833333332"><ele>24.9</ele><time>2025-12-29T03:58:57Z</time></trkpt><trkpt lat="22.22339833333333" lon="113.91567500000001"><ele>25.299999999999997</ele><time>2025-12-29T03:58:59Z</time></trkpt><trkpt lat="22.223421666666663" lon="113.915655"><ele>25.4</ele><time>2025-12-29T03:59:01Z</time></trkpt><trkpt lat="22.223441666666666" lon="113.91562666666665"><ele>26.0</ele><time>2025-12-29T03:59:03Z</time></trkpt><trkpt lat="22.223454999999998" lon="113.91561166666666"><ele>26.299999999999997</ele><time>2025-12-29T03:59:04Z</time></trkpt><trkpt lat="22.22347333333333" lon="113.91558500000001"><ele>26.9</ele><time>2025-12-29T03:59:06Z</time></trkpt><trkpt lat="22.223495000000003" lon="113.91556333333334"><ele>27.5</ele><time>2025-12-29T03:59:08Z</time></trkpt><trkpt lat="22.22351833333333" lon="113.91554166666668"><ele>27.599999999999998</ele><time>2025-12-29T03:59:10Z</time></trkpt><trkpt lat="22.223540000000003" lon="113.91552333333333"><ele>27.5</ele><time>2025-12-29T03:59:12Z</time></trkpt><trkpt lat="22.223555" lon="113.91550666666666"><ele>27.2</ele><time>2025-12-29T03:59:14Z</time></trkpt><trkpt lat="22.22358166666667" lon="113.91550166666666"><ele>26.7</ele><time>2025-12-29T03:59:17Z</time></trkpt><trkpt lat="22.2236" lon="113.91550166666666"><ele>26.4</ele><time>2025-12-29T03:59:19Z</time></trkpt><trkpt lat="22.223621666666666" lon="113.91549833333332"><ele>26.5</ele><time>2025-12-29T03:59:21Z</time></trkpt><trkpt lat="22.22364166666667" lon="113.91549833333332"><ele>26.599999999999998</ele><time>2025-12-29T03:59:23Z</time></trkpt><trkpt lat="22.223660000000002" lon="113.91550333333335"><ele>26.299999999999997</ele><time>2025-12-29T03:59:25Z</time></trkpt><trkpt lat="22.22368666666667" lon="113.915495"><ele>26.0</ele><time>2025-12-29T03:59:28Z</time></trkpt><trkpt lat="22.223709999999997" lon="113.91548833333333"><ele>25.599999999999998</ele><time>2025-12-29T03:59:30Z</time></trkpt><trkpt lat="22.223731666666662" lon="113.91548499999999"><ele>25.799999999999997</ele><time>2025-12-29T03:59:31Z</time></trkpt><trkpt lat="22.223748333333333" lon="113.91547166666666"><ele>25.7</ele><time>2025-12-29T03:59:37Z</time></trkpt><trkpt lat="22.22377333333333" lon="113.91545833333333"><ele>26.599999999999998</ele><time>2025-12-29T03:59:40Z</time></trkpt><trkpt lat="22.223798333333335" lon="113.91546000000001"><ele>27.099999999999998</ele><time>2025-12-29T03:59:42Z</time></trkpt><trkpt lat="22.223821666666662" lon="113.91546833333332"><ele>27.299999999999997</ele><time>2025-12-29T03:59:45Z</time></trkpt><trkpt lat="22.223850000000002" lon="113.91546666666666"><ele>28.599999999999998</ele><time>2025-12-29T03:59:47Z</time></trkpt><trkpt lat="22.223871666666664" lon="113.915455"><ele>28.9</ele><time>2025-12-29T03:59:50Z</time></trkpt><trkpt lat="22.223885000000003" lon="113.91543500000002"><ele>29.099999999999998</ele><time>2025-12-29T03:59:53Z</time></trkpt><trkpt lat="22.223900000000004" lon="113.91541833333333"><ele>29.2</ele><time>2025-12-29T03:59:57Z</time></trkpt><trkpt lat="22.223913333333332" lon="113.915405"><ele>29.599999999999998</ele><time>2025-12-29T04:00:00Z</time></trkpt><trkpt lat="22.22392333333333" lon="113.91538666666665"><ele>30.1</ele><time>2025-12-29T04:00:03Z</time></trkpt><trkpt lat="22.223930000000003" lon="113.91536666666667"><ele>30.699999999999996</ele><time>2025-12-29T04:00:05Z</time></trkpt><trkpt lat="22.223931666666665" lon="113.91534666666666"><ele>31.1</ele><time>2025-12-29T04:00:07Z</time></trkpt><trkpt lat="22.223940000000002" lon="113.915325"><ele>31.799999999999997</ele><time>2025-12-29T04:00:09Z</time></trkpt><trkpt lat="22.22395333333333" lon="113.91530499999999"><ele>32.9</ele><time>2025-12-29T04:00:12Z</time></trkpt><trkpt lat="22.22396" lon="113.91528333333332"><ele>34.0</ele><time>2025-12-29T04:00:15Z</time></trkpt><trkpt lat="22.223976666666665" lon="113.915265"><ele>35.3</ele><time>2025-12-29T04:00:18Z</time></trkpt><trkpt lat="22.223993333333336" lon="113.91524166666667"><ele>36.8</ele><time>2025-12-29T04:00:21Z</time></trkpt><trkpt lat="22.224005000000002" lon="113.91522666666667"><ele>37.6</ele><time>2025-12-29T04:00:23Z</time></trkpt><trkpt lat="22.22401166666667" lon="113.91520833333334"><ele>39.3</ele><time>2025-12-29T04:00:26Z</time></trkpt><trkpt lat="22.224026666666667" lon="113.91519166666667"><ele>40.4</ele><time>2025-12-29T04:00:28Z</time></trkpt><trkpt lat="22.224045" lon="113.91517999999999"><ele>41.9</ele><time>2025-12-29T04:00:31Z</time></trkpt><trkpt lat="22.224055" lon="113.91516333333333"><ele>42.9</ele><time>2025-12-29T04:00:33Z</time></trkpt><trkpt lat="22.224066666666666" lon="113.91514333333335"><ele>44.1</ele><time>2025-12-29T04:00:36Z</time></trkpt><trkpt lat="22.224078333333335" lon="113.91512666666668"><ele>45.5</ele><time>2025-12-29T04:00:40Z</time></trkpt><trkpt lat="22.224096666666664" lon="113.91510833333332"><ele>46.699999999999996</ele><time>2025-12-29T04:00:44Z</time></trkpt><trkpt lat="22.224110000000003" lon="113.91509333333333"><ele>47.199999999999996</ele><time>2025-12-29T04:00:46Z</time></trkpt><trkpt lat="22.224120000000003" lon="113.91507000000001"><ele>47.9</ele><time>2025-12-29T04:00:49Z</time></trkpt><trkpt lat="22.224136666666663" lon="113.915055"><ele>48.699999999999996</ele><time>2025-12-29T04:00:51Z</time></trkpt><trkpt lat="22.224151666666664" lon="113.91504166666667"><ele>49.4</ele><time>2025-12-29T04:00:53Z</time></trkpt><trkpt lat="22.22416333333333" lon="113.91502333333334"><ele>50.199999999999996</ele><time>2025-12-29T04:00:56Z</time></trkpt><trkpt lat="22.22418" lon="113.91500333333333"><ele>51.3</ele><time>2025-12-29T04:01:00Z</time></trkpt><trkpt lat="22.224201666666666" lon="113.91499166666667"><ele>52.3</ele><time>2025-12-29T04:01:03Z</time></trkpt><trkpt lat="22.22422166666667" lon="113.91498000000001"><ele>53.6</ele><time>2025-12-29T04:01:07Z</time></trkpt><trkpt lat="22.22424" lon="113.91497"><ele>54.3</ele><time>2025-12-29T04:01:10Z</time></trkpt><trkpt lat="22.224256666666665" lon="113.914955"><ele>55.199999999999996</ele><time>2025-12-29T04:01:14Z</time></trkpt><trkpt lat="22.22426833333333" lon="113.91493999999999"><ele>55.5</ele><time>2025-12-29T04:01:17Z</time></trkpt><trkpt lat="22.224285000000002" lon="113.91492000000001"><ele>56.0</ele><time>2025-12-29T04:01:21Z</time></trkpt><trkpt lat="22.224296666666667" lon="113.914905"><ele>56.699999999999996</ele><time>2025-12-29T04:01:24Z</time></trkpt><trkpt lat="22.224318333333333" lon="113.91489000000001"><ele>57.8</ele><time>2025-12-29T04:01:27Z</time></trkpt><trkpt lat="22.224341666666668" lon="113.91487666666666"><ele>58.8</ele><time>2025-12-29T04:01:30Z</time></trkpt><trkpt lat="22.224363333333333" lon="113.91486166666667"><ele>59.5</ele><time>2025-12-29T04:01:33Z</time></trkpt><trkpt lat="22.224376666666664" lon="113.91484833333334"><ele>60.0</ele><time>2025-12-29T04:01:35Z</time></trkpt><trkpt lat="22.224391666666666" lon="113.91483166666667"><ele>61.0</ele><time>2025-12-29T04:01:38Z</time></trkpt><trkpt lat="22.224406666666663" lon="113.91481666666665"><ele>61.6</ele><time>2025-12-29T04:01:40Z</time></trkpt><trkpt lat="22.224426666666666" lon="113.91479499999998"><ele>62.49999999999999</ele><time>2025-12-29T04:01:43Z</time></trkpt><trkpt lat="22.224441666666667" lon="113.91477333333333"><ele>63.6</ele><time>2025-12-29T04:01:46Z</time></trkpt><trkpt lat="22.224454999999995" lon="113.91475666666665"><ele>64.7</ele><time>2025-12-29T04:01:49Z</time></trkpt><trkpt lat="22.224471666666666" lon="113.91473333333333"><ele>65.5</ele><time>2025-12-29T04:01:52Z</time></trkpt><trkpt lat="22.224488333333337" lon="113.91471333333332"><ele>66.30000000000001</ele><time>2025-12-29T04:01:55Z</time></trkpt><trkpt lat="22.224498333333333" lon="113.914695"><ele>66.60000000000001</ele><time>2025-12-29T04:01:57Z</time></trkpt><trkpt lat="22.224516666666666" lon="113.91467666666668"><ele>67.0</ele><time>2025-12-29T04:02:00Z</time></trkpt><trkpt lat="22.224533333333337" lon="113.91466166666666"><ele>67.4</ele><time>2025-12-29T04:02:02Z</time></trkpt><trkpt lat="22.22455" lon="113.91465000000001"><ele>67.80000000000001</ele><time>2025-12-29T04:02:04Z</time></trkpt><trkpt lat="22.224573333333336" lon="113.91463666666665"><ele>68.30000000000001</ele><time>2025-12-29T04:02:07Z</time></trkpt><trkpt lat="22.224598333333333" lon="113.91462333333332"><ele>68.7</ele><time>2025-12-29T04:02:10Z</time></trkpt><trkpt lat="22.224621666666668" lon="113.91460666666666"><ele>69.10000000000001</ele><time>2025-12-29T04:02:13Z</time></trkpt><trkpt lat="22.22463833333334" lon="113.914595"><ele>69.4</ele><time>2025-12-29T04:02:15Z</time></trkpt><trkpt lat="22.224653333333336" lon="113.91457999999999"><ele>69.80000000000001</ele><time>2025-12-29T04:02:17Z</time></trkpt><trkpt lat="22.22467" lon="113.91456666666666"><ele>70.30000000000001</ele><time>2025-12-29T04:02:19Z</time></trkpt><trkpt lat="22.224666666666668" lon="113.91454166666666"><ele>71.9</ele><time>2025-12-29T04:04:41Z</time></trkpt><trkpt lat="22.224691666666665" lon="113.91453333333332"><ele>71.2</ele><time>2025-12-29T04:04:46Z</time></trkpt><trkpt lat="22.224715" lon="113.91454"><ele>70.2</ele><time>2025-12-29T04:04:48Z</time></trkpt><trkpt lat="22.224733333333333" lon="113.91456000000001"><ele>69.60000000000001</ele><time>2025-12-29T04:04:50Z</time></trkpt><trkpt lat="22.22475833333333" lon="113.91456500000001"><ele>67.7</ele><time>2025-12-29T04:04:56Z</time></trkpt><trkpt lat="22.224780000000003" lon="113.91455333333333"><ele>68.2</ele><time>2025-12-29T04:04:58Z</time></trkpt><trkpt lat="22.224808333333332" lon="113.91454666666665"><ele>69.10000000000001</ele><time>2025-12-29T04:05:00Z</time></trkpt><trkpt lat="22.224831666666667" lon="113.91454666666665"><ele>70.30000000000001</ele><time>2025-12-29T04:05:02Z</time></trkpt><trkpt lat="22.224858333333334" lon="113.91453833333335"><ele>71.30000000000001</ele><time>2025-12-29T04:05:05Z</time></trkpt><trkpt lat="22.224876666666667" lon="113.91453500000001"><ele>71.5</ele><time>2025-12-29T04:05:08Z</time></trkpt><trkpt lat="22.224895" lon="113.91454"><ele>71.4</ele><time>2025-12-29T04:05:11Z</time></trkpt><trkpt lat="22.224919999999997" lon="113.91453666666666"><ele>71.30000000000001</ele><time>2025-12-29T04:05:13Z</time></trkpt><trkpt lat="22.224943333333332" lon="113.91454"><ele>70.5</ele><time>2025-12-29T04:05:15Z</time></trkpt><trkpt lat="22.224963333333335" lon="113.91453500000001"><ele>70.10000000000001</ele><time>2025-12-29T04:05:17Z</time></trkpt><trkpt lat="22.22498333333333" lon="113.91453500000001"><ele>70.30000000000001</ele><time>2025-12-29T04:05:20Z</time></trkpt><trkpt lat="22.22500166666667" lon="113.91453166666666"><ele>70.30000000000001</ele><time>2025-12-29T04:05:22Z</time></trkpt><trkpt lat="22.22501666666667" lon="113.91452"><ele>70.10000000000001</ele><time>2025-12-29T04:05:25Z</time></trkpt><trkpt lat="22.22502833333333" lon="113.91450333333333"><ele>69.2</ele><time>2025-12-29T04:05:28Z</time></trkpt><trkpt lat="22.225045" lon="113.91448833333334"><ele>68.39999999999999</ele><time>2025-12-29T04:05:30Z</time></trkpt><trkpt lat="22.225068333333336" lon="113.91448166666666"><ele>67.89999999999999</ele><time>2025-12-29T04:05:32Z</time></trkpt><trkpt lat="22.225086666666666" lon="113.91448166666666"><ele>67.3</ele><time>2025-12-29T04:05:34Z</time></trkpt><trkpt lat="22.22510833333333" lon="113.91448"><ele>67.0</ele><time>2025-12-29T04:05:36Z</time></trkpt><trkpt lat="22.225128333333334" lon="113.91447333333332"><ele>66.7</ele><time>2025-12-29T04:05:38Z</time></trkpt><trkpt lat="22.225146666666667" lon="113.91447000000001"><ele>66.39999999999999</ele><time>2025-12-29T04:05:40Z</time></trkpt><trkpt lat="22.22516666666667" lon="113.91446833333333"><ele>66.1</ele><time>2025-12-29T04:05:43Z</time></trkpt><trkpt lat="22.225188333333335" lon="113.91446833333333"><ele>65.5</ele><time>2025-12-29T04:05:47Z</time></trkpt><trkpt lat="22.22521166666667" lon="113.91446833333333"><ele>65.0</ele><time>2025-12-29T04:05:50Z</time></trkpt><trkpt lat="22.225231666666666" lon="113.91447833333335"><ele>64.3</ele><time>2025-12-29T04:05:53Z</time></trkpt><trkpt lat="22.22525" lon="113.91448166666666"><ele>63.099999999999994</ele><time>2025-12-29T04:05:57Z</time></trkpt><trkpt lat="22.225270000000002" lon="113.91449333333334"><ele>61.699999999999996</ele><time>2025-12-29T04:06:02Z</time></trkpt><trkpt lat="22.22528833333333" lon="113.91449666666668"><ele>61.199999999999996</ele><time>2025-12-29T04:06:04Z</time></trkpt><trkpt lat="22.225308333333334" lon="113.914505"><ele>60.5</ele><time>2025-12-29T04:06:08Z</time></trkpt><trkpt lat="22.22533" lon="113.91451333333335"><ele>59.5</ele><time>2025-12-29T04:06:12Z</time></trkpt><trkpt lat="22.225348333333333" lon="113.91452666666667"><ele>58.8</ele><time>2025-12-29T04:06:15Z</time></trkpt><trkpt lat="22.225365000000004" lon="113.91454"><ele>58.099999999999994</ele><time>2025-12-29T04:06:18Z</time></trkpt><trkpt lat="22.225380000000005" lon="113.91455333333333"><ele>57.4</ele><time>2025-12-29T04:06:21Z</time></trkpt><trkpt lat="22.225399999999997" lon="113.91457"><ele>56.699999999999996</ele><time>2025-12-29T04:06:24Z</time></trkpt><trkpt lat="22.225416666666668" lon="113.91457999999999"><ele>55.9</ele><time>2025-12-29T04:06:27Z</time></trkpt><trkpt lat="22.225438333333333" lon="113.91457666666665"><ele>54.8</ele><time>2025-12-29T04:06:31Z</time></trkpt><trkpt lat="22.225466666666662" lon="113.91457666666665"><ele>54.199999999999996</ele><time>2025-12-29T04:06:34Z</time></trkpt><trkpt lat="22.22549333333333" lon="113.91457666666665"><ele>53.3</ele><time>2025-12-29T04:06:38Z</time></trkpt><trkpt lat="22.225518333333337" lon="113.91458499999999"><ele>52.3</ele><time>2025-12-29T04:06:42Z</time></trkpt><trkpt lat="22.22553833333333" lon="113.914595"><ele>51.699999999999996</ele><time>2025-12-29T04:06:46Z</time></trkpt><trkpt lat="22.225555" lon="113.91461166666667"><ele>51.699999999999996</ele><time>2025-12-29T04:06:48Z</time></trkpt><trkpt lat="22.225565" lon="113.91463"><ele>51.599999999999994</ele><time>2025-12-29T04:06:51Z</time></trkpt><trkpt lat="22.225586666666665" lon="113.91464833333333"><ele>51.699999999999996</ele><time>2025-12-29T04:06:54Z</time></trkpt><trkpt lat="22.225605000000005" lon="113.91465666666666"><ele>51.699999999999996</ele><time>2025-12-29T04:06:57Z</time></trkpt><trkpt lat="22.225631666666665" lon="113.914665"><ele>51.8</ele><time>2025-12-29T04:07:00Z</time></trkpt><trkpt lat="22.22565666666667" lon="113.91466999999999"><ele>51.699999999999996</ele><time>2025-12-29T04:07:03Z</time></trkpt><trkpt lat="22.225676666666665" lon="113.91467499999999"><ele>51.8</ele><time>2025-12-29T04:07:06Z</time></trkpt><trkpt lat="22.225696666666668" lon="113.91467666666668"><ele>51.9</ele><time>2025-12-29T04:07:09Z</time></trkpt><trkpt lat="22.225714999999997" lon="113.91469000000001"><ele>51.699999999999996</ele><time>2025-12-29T04:07:13Z</time></trkpt><trkpt lat="22.225728333333336" lon="113.91470499999998"><ele>51.699999999999996</ele><time>2025-12-29T04:07:15Z</time></trkpt><trkpt lat="22.22574666666667" lon="113.91471666666666"><ele>51.4</ele><time>2025-12-29T04:07:17Z</time></trkpt><trkpt lat="22.225758333333335" lon="113.91473333333333"><ele>51.4</ele><time>2025-12-29T04:07:19Z</time></trkpt><trkpt lat="22.225770000000004" lon="113.91475666666665"><ele>51.0</ele><time>2025-12-29T04:07:22Z</time></trkpt><trkpt lat="22.22579166666667" lon="113.91475333333334"><ele>50.8</ele><time>2025-12-29T04:07:28Z</time></trkpt><trkpt lat="22.225813333333335" lon="113.91474666666666"><ele>51.099999999999994</ele><time>2025-12-29T04:07:32Z</time></trkpt><trkpt lat="22.225829999999995" lon="113.91473833333333"><ele>51.199999999999996</ele><time>2025-12-29T04:07:34Z</time></trkpt><trkpt lat="22.225848333333335" lon="113.91474000000001"><ele>52.3</ele><time>2025-12-29T04:07:40Z</time></trkpt><trkpt lat="22.22585333333333" lon="113.91476166666668"><ele>52.8</ele><time>2025-12-29T04:07:44Z</time></trkpt><trkpt lat="22.225843333333334" lon="113.91478333333335"><ele>53.199999999999996</ele><time>2025-12-29T04:07:48Z</time></trkpt><trkpt lat="22.225844999999996" lon="113.91480500000002"><ele>53.6</ele><time>2025-12-29T04:07:51Z</time></trkpt><trkpt lat="22.225865" lon="113.91481999999999"><ele>53.5</ele><time>2025-12-29T04:07:56Z</time></trkpt><trkpt lat="22.22588" lon="113.91484166666666"><ele>53.8</ele><time>2025-12-29T04:07:58Z</time></trkpt><trkpt lat="22.225894999999998" lon="113.91486166666667"><ele>53.8</ele><time>2025-12-29T04:08:00Z</time></trkpt><trkpt lat="22.225908333333336" lon="113.91488166666667"><ele>53.9</ele><time>2025-12-29T04:08:03Z</time></trkpt><trkpt lat="22.225928333333332" lon="113.91489000000001"><ele>54.4</ele><time>2025-12-29T04:08:06Z</time></trkpt><trkpt lat="22.225949999999997" lon="113.9149"><ele>55.3</ele><time>2025-12-29T04:08:09Z</time></trkpt><trkpt lat="22.225973333333332" lon="113.914915"><ele>55.6</ele><time>2025-12-29T04:08:12Z</time></trkpt><trkpt lat="22.225994999999998" lon="113.91493333333334"><ele>56.1</ele><time>2025-12-29T04:08:15Z</time></trkpt><trkpt lat="22.226018333333332" lon="113.91494666666668"><ele>57.3</ele><time>2025-12-29T04:08:18Z</time></trkpt><trkpt lat="22.226036666666666" lon="113.91495000000002"><ele>58.5</ele><time>2025-12-29T04:08:21Z</time></trkpt><trkpt lat="22.22606166666667" lon="113.91494499999999"><ele>60.199999999999996</ele><time>2025-12-29T04:08:25Z</time></trkpt><trkpt lat="22.226086666666667" lon="113.91493999999999"><ele>62.6</ele><time>2025-12-29T04:08:28Z</time></trkpt><trkpt lat="22.22610666666667" lon="113.91494166666668"><ele>64.30000000000001</ele><time>2025-12-29T04:08:32Z</time></trkpt><trkpt lat="22.226126666666666" lon="113.91495333333333"><ele>67.2</ele><time>2025-12-29T04:08:39Z</time></trkpt><trkpt lat="22.22615" lon="113.91496166666666"><ele>68.5</ele><time>2025-12-29T04:08:41Z</time></trkpt><trkpt lat="22.226170000000003" lon="113.914965"><ele>70.2</ele><time>2025-12-29T04:08:43Z</time></trkpt><trkpt lat="22.226189999999995" lon="113.91497166666667"><ele>72.80000000000001</ele><time>2025-12-29T04:08:45Z</time></trkpt><trkpt lat="22.226204999999997" lon="113.91498333333332"><ele>75.2</ele><time>2025-12-29T04:08:47Z</time></trkpt><trkpt lat="22.22621333333333" lon="113.915005"><ele>77.5</ele><time>2025-12-29T04:08:49Z</time></trkpt><trkpt lat="22.226223333333337" lon="113.91502333333334"><ele>79.9</ele><time>2025-12-29T04:08:51Z</time></trkpt><trkpt lat="22.22623666666667" lon="113.91504666666667"><ele>83.30000000000001</ele><time>2025-12-29T04:08:54Z</time></trkpt><trkpt lat="22.226246666666665" lon="113.91506499999998"><ele>84.7</ele><time>2025-12-29T04:08:56Z</time></trkpt><trkpt lat="22.226261666666666" lon="113.91508333333334"><ele>86.4</ele><time>2025-12-29T04:08:58Z</time></trkpt><trkpt lat="22.22627166666667" lon="113.91511"><ele>87.80000000000001</ele><time>2025-12-29T04:09:00Z</time></trkpt><trkpt lat="22.226278333333333" lon="113.91513166666667"><ele>88.80000000000001</ele><time>2025-12-29T04:09:02Z</time></trkpt><trkpt lat="22.22628666666667" lon="113.91515666666668"><ele>89.4</ele><time>2025-12-29T04:09:04Z</time></trkpt><trkpt lat="22.226301666666668" lon="113.91517999999999"><ele>90.2</ele><time>2025-12-29T04:09:07Z</time></trkpt><trkpt lat="22.226315" lon="113.91519666666666"><ele>90.5</ele><time>2025-12-29T04:09:10Z</time></trkpt><trkpt lat="22.226333333333333" lon="113.91521666666668"><ele>90.0</ele><time>2025-12-29T04:09:15Z</time></trkpt><trkpt lat="22.226353333333336" lon="113.91524"><ele>89.30000000000001</ele><time>2025-12-29T04:09:18Z</time></trkpt><trkpt lat="22.226365" lon="113.91526333333334"><ele>88.7</ele><time>2025-12-29T04:09:20Z</time></trkpt><trkpt lat="22.226378333333333" lon="113.91527833333333"><ele>88.2</ele><time>2025-12-29T04:09:22Z</time></trkpt><trkpt lat="22.22639333333333" lon="113.91530499999999"><ele>87.10000000000001</ele><time>2025-12-29T04:09:25Z</time></trkpt><trkpt lat="22.226399999999998" lon="113.91533166666667"><ele>86.5</ele><time>2025-12-29T04:09:27Z</time></trkpt><trkpt lat="22.22641" lon="113.91535833333334"><ele>86.2</ele><time>2025-12-29T04:09:29Z</time></trkpt><trkpt lat="22.22641666666667" lon="113.91538333333334"><ele>85.60000000000001</ele><time>2025-12-29T04:09:31Z</time></trkpt><trkpt lat="22.226435" lon="113.91539833333333"><ele>85.2</ele><time>2025-12-29T04:09:34Z</time></trkpt><trkpt lat="22.226446666666668" lon="113.91542833333332"><ele>85.10000000000001</ele><time>2025-12-29T04:09:36Z</time></trkpt><trkpt lat="22.22646166666667" lon="113.915455"><ele>85.2</ele><time>2025-12-29T04:09:38Z</time></trkpt><trkpt lat="22.226476666666667" lon="113.91548333333334"><ele>85.10000000000001</ele><time>2025-12-29T04:09:40Z</time></trkpt><trkpt lat="22.22648333333333" lon="113.91550333333335"><ele>85.0</ele><time>2025-12-29T04:09:42Z</time></trkpt><trkpt lat="22.22649333333333" lon="113.91553166666667"><ele>85.7</ele><time>2025-12-29T04:09:45Z</time></trkpt><trkpt lat="22.226498333333332" lon="113.91555500000001"><ele>85.9</ele><time>2025-12-29T04:09:47Z</time></trkpt><trkpt lat="22.22651166666667" lon="113.91558333333333"><ele>85.9</ele><time>2025-12-29T04:09:49Z</time></trkpt><trkpt lat="22.226515000000003" lon="113.91561000000002"><ele>85.60000000000001</ele><time>2025-12-29T04:09:51Z</time></trkpt><trkpt lat="22.22652333333333" lon="113.91563666666667"><ele>85.7</ele><time>2025-12-29T04:09:54Z</time></trkpt><trkpt lat="22.22653833333333" lon="113.91565999999999"><ele>86.0</ele><time>2025-12-29T04:09:56Z</time></trkpt><trkpt lat="22.226549999999996" lon="113.915685"><ele>86.10000000000001</ele><time>2025-12-29T04:09:58Z</time></trkpt><trkpt lat="22.226561666666665" lon="113.91571166666667"><ele>86.30000000000001</ele><time>2025-12-29T04:10:00Z</time></trkpt><trkpt lat="22.22657166666667" lon="113.91573666666666"><ele>86.7</ele><time>2025-12-29T04:10:02Z</time></trkpt><trkpt lat="22.22658333333333" lon="113.91575999999999"><ele>87.30000000000001</ele><time>2025-12-29T04:10:04Z</time></trkpt><trkpt lat="22.226593333333334" lon="113.91578166666667"><ele>87.60000000000001</ele><time>2025-12-29T04:10:06Z</time></trkpt><trkpt lat="22.22660166666667" lon="113.91580833333335"><ele>87.9</ele><time>2025-12-29T04:10:08Z</time></trkpt><trkpt lat="22.22661666666667" lon="113.915835"><ele>88.4</ele><time>2025-12-29T04:10:10Z</time></trkpt><trkpt lat="22.22662833333333" lon="113.91585833333332"><ele>88.4</ele><time>2025-12-29T04:10:12Z</time></trkpt><trkpt lat="22.226635" lon="113.91587999999999"><ele>88.80000000000001</ele><time>2025-12-29T04:10:14Z</time></trkpt><trkpt lat="22.22664666666667" lon="113.91590333333333"><ele>89.2</ele><time>2025-12-29T04:10:16Z</time></trkpt><trkpt lat="22.226653333333335" lon="113.91592666666665"><ele>89.7</ele><time>2025-12-29T04:10:18Z</time></trkpt><trkpt lat="22.22666166666667" lon="113.91594833333332"><ele>90.0</ele><time>2025-12-29T04:10:20Z</time></trkpt><trkpt lat="22.226654999999997" lon="113.91596999999999"><ele>90.30000000000001</ele><time>2025-12-29T04:10:22Z</time></trkpt><trkpt lat="22.22666333333333" lon="113.91598833333335"><ele>90.30000000000001</ele><time>2025-12-29T04:10:25Z</time></trkpt><trkpt lat="22.226675" lon="113.91600666666666"><ele>90.7</ele><time>2025-12-29T04:10:27Z</time></trkpt><trkpt lat="22.226681666666664" lon="113.91602833333333"><ele>91.0</ele><time>2025-12-29T04:10:29Z</time></trkpt><trkpt lat="22.226688333333332" lon="113.91605166666668"><ele>90.9</ele><time>2025-12-29T04:10:32Z</time></trkpt><trkpt lat="22.226698333333335" lon="113.916075"><ele>91.0</ele><time>2025-12-29T04:10:35Z</time></trkpt><trkpt lat="22.226715" lon="113.91608666666667"><ele>92.10000000000001</ele><time>2025-12-29T04:10:39Z</time></trkpt><trkpt lat="22.22671833333333" lon="113.91610833333334"><ele>92.80000000000001</ele><time>2025-12-29T04:10:42Z</time></trkpt><trkpt lat="22.22677666666667" lon="113.91608833333333"><ele>97.5</ele><time>2025-12-29T04:11:09Z</time></trkpt><trkpt lat="22.22685333333333" lon="113.91604000000001"><ele>97.10000000000001</ele><time>2025-12-29T04:11:31Z</time></trkpt><trkpt lat="22.22687" lon="113.91602833333333"><ele>96.80000000000001</ele><time>2025-12-29T04:11:34Z</time></trkpt><trkpt lat="22.226885" lon="113.916015"><ele>96.9</ele><time>2025-12-29T04:11:38Z</time></trkpt><trkpt lat="22.226976666666662" lon="113.91602499999999"><ele>97.10000000000001</ele><time>2025-12-29T04:12:22Z</time></trkpt><trkpt lat="22.226998333333334" lon="113.91601833333334"><ele>96.60000000000001</ele><time>2025-12-29T04:12:27Z</time></trkpt><trkpt lat="22.22702333333333" lon="113.91599333333333"><ele>96.30000000000001</ele><time>2025-12-29T04:12:34Z</time></trkpt><trkpt lat="22.227038333333333" lon="113.91598166666667"><ele>96.5</ele><time>2025-12-29T04:12:36Z</time></trkpt><trkpt lat="22.227053333333334" lon="113.91596833333332"><ele>97.0</ele><time>2025-12-29T04:12:40Z</time></trkpt><trkpt lat="22.227103333333336" lon="113.91593666666668"><ele>96.7</ele><time>2025-12-29T04:12:55Z</time></trkpt><trkpt lat="22.22712" lon="113.91592833333334"><ele>96.60000000000001</ele><time>2025-12-29T04:12:58Z</time></trkpt><trkpt lat="22.227140000000002" lon="113.91591833333332"><ele>96.7</ele><time>2025-12-29T04:13:02Z</time></trkpt><trkpt lat="22.227161666666667" lon="113.91591333333332"><ele>96.60000000000001</ele><time>2025-12-29T04:13:08Z</time></trkpt><trkpt lat="22.22725666666667" lon="113.91589166666667"><ele>98.30000000000001</ele><time>2025-12-29T04:13:58Z</time></trkpt><trkpt lat="22.227276666666665" lon="113.91587833333332"><ele>97.80000000000001</ele><time>2025-12-29T04:14:02Z</time></trkpt><trkpt lat="22.227295000000005" lon="113.91587333333334"><ele>97.10000000000001</ele><time>2025-12-29T04:14:08Z</time></trkpt><trkpt lat="22.227313333333335" lon="113.91586666666666"><ele>96.60000000000001</ele><time>2025-12-29T04:14:11Z</time></trkpt><trkpt lat="22.22733" lon="113.91585666666667"><ele>96.30000000000001</ele><time>2025-12-29T04:14:14Z</time></trkpt><trkpt lat="22.22735" lon="113.91585333333333"><ele>95.30000000000001</ele><time>2025-12-29T04:14:21Z</time></trkpt><trkpt lat="22.227371666666667" lon="113.91584833333333"><ele>95.2</ele><time>2025-12-29T04:14:24Z</time></trkpt><trkpt lat="22.227396666666664" lon="113.91584499999999"><ele>95.30000000000001</ele><time>2025-12-29T04:14:27Z</time></trkpt><trkpt lat="22.227414999999997" lon="113.91584166666668"><ele>95.30000000000001</ele><time>2025-12-29T04:14:30Z</time></trkpt><trkpt lat="22.227431666666668" lon="113.91583333333334"><ele>94.9</ele><time>2025-12-29T04:14:39Z</time></trkpt><trkpt lat="22.227449999999997" lon="113.915835"><ele>94.4</ele><time>2025-12-29T04:14:50Z</time></trkpt><trkpt lat="22.227546666666665" lon="113.91584333333334"><ele>95.0</ele><time>2025-12-29T04:15:20Z</time></trkpt><trkpt lat="22.227645" lon="113.91580333333334"><ele>97.2</ele><time>2025-12-29T04:15:45Z</time></trkpt><trkpt lat="22.227658333333338" lon="113.91578999999999"><ele>97.4</ele><time>2025-12-29T04:15:48Z</time></trkpt><trkpt lat="22.227674999999998" lon="113.91577333333335"><ele>98.2</ele><time>2025-12-29T04:15:50Z</time></trkpt><trkpt lat="22.227688333333337" lon="113.91574166666666"><ele>99.9</ele><time>2025-12-29T04:15:59Z</time></trkpt><trkpt lat="22.22770666666667" lon="113.91573166666667"><ele>99.80000000000001</ele><time>2025-12-29T04:16:02Z</time></trkpt><trkpt lat="22.227728333333335" lon="113.915715"><ele>99.80000000000001</ele><time>2025-12-29T04:16:04Z</time></trkpt><trkpt lat="22.22773666666667" lon="113.91569333333334"><ele>100.30000000000001</ele><time>2025-12-29T04:16:08Z</time></trkpt><trkpt lat="22.227761666666666" lon="113.91566499999999"><ele>101.2</ele><time>2025-12-29T04:16:22Z</time></trkpt><trkpt lat="22.227795" lon="113.91565666666665"><ele>101.80000000000001</ele><time>2025-12-29T04:16:32Z</time></trkpt><trkpt lat="22.227863333333335" lon="113.91572166666668"><ele>116.60000000000001</ele><time>2025-12-29T04:17:50Z</time></trkpt><trkpt lat="22.227858333333334" lon="113.91568666666666"><ele>143.3</ele><time>2025-12-29T04:24:15Z</time></trkpt><trkpt lat="22.227878333333333" lon="113.91569"><ele>143.0</ele><time>2025-12-29T04:24:18Z</time></trkpt><trkpt lat="22.22789833333333" lon="113.91568000000001"><ele>142.6</ele><time>2025-12-29T04:24:21Z</time></trkpt><trkpt lat="22.227915" lon="113.91566666666668"><ele>142.20000000000002</ele><time>2025-12-29T04:24:24Z</time></trkpt><trkpt lat="22.22793166666667" lon="113.91565333333334"><ele>141.9</ele><time>2025-12-29T04:24:27Z</time></trkpt><trkpt lat="22.227948333333334" lon="113.91563999999998"><ele>141.6</ele><time>2025-12-29T04:24:29Z</time></trkpt><trkpt lat="22.227966666666664" lon="113.91561833333331"><ele>141.3</ele><time>2025-12-29T04:24:32Z</time></trkpt><trkpt lat="22.227981666666665" lon="113.91560499999999"><ele>141.0</ele><time>2025-12-29T04:24:34Z</time></trkpt><trkpt lat="22.228001666666668" lon="113.91559166666666"><ele>141.0</ele><time>2025-12-29T04:24:37Z</time></trkpt><trkpt lat="22.22802166666667" lon="113.91557499999999"><ele>141.1</ele><time>2025-12-29T04:24:40Z</time></trkpt><trkpt lat="22.228041666666666" lon="113.91556166666666"><ele>141.10000000000002</ele><time>2025-12-29T04:24:43Z</time></trkpt><trkpt lat="22.22806166666667" lon="113.91554666666667"><ele>141.20000000000002</ele><time>2025-12-29T04:24:46Z</time></trkpt><trkpt lat="22.228083333333334" lon="113.91553166666667"><ele>141.3</ele><time>2025-12-29T04:24:49Z</time></trkpt><trkpt lat="22.228101666666664" lon="113.91551666666668"><ele>141.3</ele><time>2025-12-29T04:24:52Z</time></trkpt><trkpt lat="22.22812333333333" lon="113.915505"><ele>141.4</ele><time>2025-12-29T04:24:55Z</time></trkpt><trkpt lat="22.228145" lon="113.91548833333333"><ele>141.5</ele><time>2025-12-29T04:24:58Z</time></trkpt><trkpt lat="22.22816833333333" lon="113.91547833333334"><ele>141.20000000000002</ele><time>2025-12-29T04:25:02Z</time></trkpt><trkpt lat="22.22819" lon="113.915475"><ele>141.10000000000002</ele><time>2025-12-29T04:25:05Z</time></trkpt><trkpt lat="22.228208333333335" lon="113.91547833333334"><ele>141.10000000000002</ele><time>2025-12-29T04:25:07Z</time></trkpt><trkpt lat="22.22823" lon="113.91548499999999"><ele>141.3</ele><time>2025-12-29T04:25:10Z</time></trkpt><trkpt lat="22.228248333333333" lon="113.915475"><ele>141.60000000000002</ele><time>2025-12-29T04:25:13Z</time></trkpt><trkpt lat="22.228296666666665" lon="113.91548499999999"><ele>142.20000000000002</ele><time>2025-12-29T04:25:22Z</time></trkpt><trkpt lat="22.228323333333332" lon="113.91548499999999"><ele>142.4</ele><time>2025-12-29T04:25:25Z</time></trkpt><trkpt lat="22.228343333333335" lon="113.91548333333334"><ele>142.4</ele><time>2025-12-29T04:25:27Z</time></trkpt><trkpt lat="22.228365" lon="113.91547333333334"><ele>142.60000000000002</ele><time>2025-12-29T04:25:30Z</time></trkpt><trkpt lat="22.228388333333335" lon="113.91546666666666"><ele>142.9</ele><time>2025-12-29T04:25:33Z</time></trkpt><trkpt lat="22.22840833333333" lon="113.91546000000001"><ele>142.8</ele><time>2025-12-29T04:25:36Z</time></trkpt><trkpt lat="22.228431666666665" lon="113.91546166666667"><ele>142.70000000000002</ele><time>2025-12-29T04:25:39Z</time></trkpt><trkpt lat="22.228446666666667" lon="113.91544666666665"><ele>142.5</ele><time>2025-12-29T04:25:42Z</time></trkpt><trkpt lat="22.228464999999996" lon="113.91544666666665"><ele>142.4</ele><time>2025-12-29T04:25:45Z</time></trkpt><trkpt lat="22.22848666666666" lon="113.915445"><ele>142.4</ele><time>2025-12-29T04:25:47Z</time></trkpt><trkpt lat="22.228508333333334" lon="113.91544166666667"><ele>142.5</ele><time>2025-12-29T04:25:50Z</time></trkpt><trkpt lat="22.22853" lon="113.91544333333334"><ele>142.5</ele><time>2025-12-29T04:25:53Z</time></trkpt><trkpt lat="22.228550000000002" lon="113.91543833333331"><ele>142.4</ele><time>2025-12-29T04:25:56Z</time></trkpt><trkpt lat="22.228568333333335" lon="113.91542333333334"><ele>142.3</ele><time>2025-12-29T04:25:59Z</time></trkpt><trkpt lat="22.22858666666667" lon="113.91541000000001"><ele>142.20000000000002</ele><time>2025-12-29T04:26:02Z</time></trkpt><trkpt lat="22.228603333333332" lon="113.91539833333333"><ele>142.10000000000002</ele><time>2025-12-29T04:26:05Z</time></trkpt><trkpt lat="22.228625000000005" lon="113.91538833333334"><ele>142.0</ele><time>2025-12-29T04:26:08Z</time></trkpt><trkpt lat="22.22864666666667" lon="113.915385"><ele>141.9</ele><time>2025-12-29T04:26:11Z</time></trkpt><trkpt lat="22.228665" lon="113.91537833333332"><ele>142.0</ele><time>2025-12-29T04:26:15Z</time></trkpt><trkpt lat="22.228761666666667" lon="113.91535666666665"><ele>144.4</ele><time>2025-12-29T04:26:32Z</time></trkpt><trkpt lat="22.228778333333334" lon="113.91534833333331"><ele>145.0</ele><time>2025-12-29T04:26:35Z</time></trkpt><trkpt lat="22.22887166666667" lon="113.91535833333334"><ele>146.60000000000002</ele><time>2025-12-29T04:26:51Z</time></trkpt><trkpt lat="22.22889" lon="113.915355"><ele>147.10000000000002</ele><time>2025-12-29T04:26:54Z</time></trkpt><trkpt lat="22.22891666666667" lon="113.91536833333333"><ele>147.4</ele><time>2025-12-29T04:26:57Z</time></trkpt><trkpt lat="22.228936666666662" lon="113.91538166666666"><ele>147.9</ele><time>2025-12-29T04:27:01Z</time></trkpt><trkpt lat="22.228976666666668" lon="113.91537500000001"><ele>148.9</ele><time>2025-12-29T04:27:09Z</time></trkpt><trkpt lat="22.228995" lon="113.91536666666667"><ele>149.5</ele><time>2025-12-29T04:27:12Z</time></trkpt><trkpt lat="22.229014999999997" lon="113.91537000000001"><ele>150.4</ele><time>2025-12-29T04:27:16Z</time></trkpt><trkpt lat="22.229111666666668" lon="113.91531833333332"><ele>155.20000000000002</ele><time>2025-12-29T04:27:43Z</time></trkpt><trkpt lat="22.22913" lon="113.91531166666667"><ele>155.8</ele><time>2025-12-29T04:27:46Z</time></trkpt><trkpt lat="22.229151666666667" lon="113.91530499999999"><ele>156.20000000000002</ele><time>2025-12-29T04:27:49Z</time></trkpt><trkpt lat="22.22917166666667" lon="113.91529833333334"><ele>156.70000000000002</ele><time>2025-12-29T04:27:52Z</time></trkpt><trkpt lat="22.229190000000003" lon="113.91529333333334"><ele>157.20000000000002</ele><time>2025-12-29T04:27:56Z</time></trkpt><trkpt lat="22.22929166666667" lon="113.915295"><ele>161.20000000000002</ele><time>2025-12-29T04:28:17Z</time></trkpt><trkpt lat="22.229374999999997" lon="113.91528166666667"><ele>165.20000000000002</ele><time>2025-12-29T04:28:37Z</time></trkpt><trkpt lat="22.229475" lon="113.91526333333334"><ele>171.9</ele><time>2025-12-29T04:29:11Z</time></trkpt><trkpt lat="22.229556666666667" lon="113.91523333333335"><ele>176.70000000000002</ele><time>2025-12-29T04:29:36Z</time></trkpt><trkpt lat="22.22961666666667" lon="113.91523833333333"><ele>179.3</ele><time>2025-12-29T04:29:52Z</time></trkpt><trkpt lat="22.229718333333334" lon="113.91526166666667"><ele>187.70000000000002</ele><time>2025-12-29T04:30:39Z</time></trkpt><trkpt lat="22.22981666666667" lon="113.91524"><ele>194.9</ele><time>2025-12-29T04:31:22Z</time></trkpt><trkpt lat="22.229885" lon="113.91518833333333"><ele>199.3</ele><time>2025-12-29T04:31:57Z</time></trkpt><trkpt lat="22.22990333333333" lon="113.91517166666667"><ele>200.60000000000002</ele><time>2025-12-29T04:32:05Z</time></trkpt><trkpt lat="22.229915" lon="113.91511666666665"><ele>205.60000000000002</ele><time>2025-12-29T04:34:21Z</time></trkpt><trkpt lat="22.229953333333334" lon="113.91510833333332"><ele>206.3</ele><time>2025-12-29T04:34:31Z</time></trkpt><trkpt lat="22.22997" lon="113.915095"><ele>207.0</ele><time>2025-12-29T04:34:35Z</time></trkpt><trkpt lat="22.229986666666665" lon="113.91507833333331"><ele>208.20000000000002</ele><time>2025-12-29T04:34:40Z</time></trkpt><trkpt lat="22.22999666666666" lon="113.91505333333335"><ele>209.5</ele><time>2025-12-29T04:34:46Z</time></trkpt><trkpt lat="22.23001" lon="113.91503833333333"><ele>210.70000000000002</ele><time>2025-12-29T04:34:52Z</time></trkpt><trkpt lat="22.23005" lon="113.91498500000002"><ele>213.60000000000002</ele><time>2025-12-29T04:35:14Z</time></trkpt><trkpt lat="22.23011166666667" lon="113.91495833333332"><ele>216.4</ele><time>2025-12-29T04:35:33Z</time></trkpt><trkpt lat="22.230135000000004" lon="113.91496000000001"><ele>217.9</ele><time>2025-12-29T04:35:39Z</time></trkpt><trkpt lat="22.23015666666667" lon="113.91498333333332"><ele>221.20000000000002</ele><time>2025-12-29T04:35:51Z</time></trkpt><trkpt lat="22.230253333333334" lon="113.91499999999999"><ele>227.9</ele><time>2025-12-29T04:36:31Z</time></trkpt><trkpt lat="22.23031" lon="113.91500666666667"><ele>231.20000000000002</ele><time>2025-12-29T04:36:51Z</time></trkpt><trkpt lat="22.230325" lon="113.91502166666666"><ele>237.4</ele><time>2025-12-29T04:37:35Z</time></trkpt><trkpt lat="22.230346666666666" lon="113.91501166666667"><ele>239.0</ele><time>2025-12-29T04:38:12Z</time></trkpt><trkpt lat="22.23036666666667" lon="113.91500833333333"><ele>238.20000000000002</ele><time>2025-12-29T04:38:16Z</time></trkpt><trkpt lat="22.230388333333334" lon="113.915005"><ele>237.20000000000002</ele><time>2025-12-29T04:38:23Z</time></trkpt><trkpt lat="22.230408333333337" lon="113.91500333333333"><ele>237.4</ele><time>2025-12-29T04:38:27Z</time></trkpt><trkpt lat="22.23042666666667" lon="113.914995"><ele>237.60000000000002</ele><time>2025-12-29T04:38:33Z</time></trkpt><trkpt lat="22.230450000000005" lon="113.91498333333332"><ele>238.20000000000002</ele><time>2025-12-29T04:38:45Z</time></trkpt><trkpt lat="22.230520000000002" lon="113.91502999999999"><ele>240.20000000000002</ele><time>2025-12-29T04:39:23Z</time></trkpt><trkpt lat="22.230529999999998" lon="113.91504666666667"><ele>240.70000000000002</ele><time>2025-12-29T04:39:27Z</time></trkpt><trkpt lat="22.23055" lon="113.91506333333334"><ele>241.20000000000002</ele><time>2025-12-29T04:39:34Z</time></trkpt><trkpt lat="22.23059166666667" lon="113.91509166666668"><ele>243.9</ele><time>2025-12-29T04:39:46Z</time></trkpt><trkpt lat="22.230610000000002" lon="113.91509833333333"><ele>245.0</ele><time>2025-12-29T04:39:51Z</time></trkpt><trkpt lat="22.230628333333335" lon="113.91510166666667"><ele>246.10000000000002</ele><time>2025-12-29T04:39:56Z</time></trkpt><trkpt lat="22.230641666666664" lon="113.915115"><ele>247.5</ele><time>2025-12-29T04:40:02Z</time></trkpt><trkpt lat="22.230661666666666" lon="113.91512166666668"><ele>248.4</ele><time>2025-12-29T04:40:06Z</time></trkpt><trkpt lat="22.23073" lon="113.91518166666668"><ele>253.20000000000002</ele><time>2025-12-29T04:40:31Z</time></trkpt><trkpt lat="22.23074" lon="113.9152"><ele>253.90000000000003</ele><time>2025-12-29T04:40:36Z</time></trkpt><trkpt lat="22.23077" lon="113.91525833333331"><ele>257.40000000000003</ele><time>2025-12-29T04:40:52Z</time></trkpt><trkpt lat="22.23077166666667" lon="113.91527833333333"><ele>257.7</ele><time>2025-12-29T04:40:56Z</time></trkpt><trkpt lat="22.230781666666665" lon="113.915295"><ele>258.1</ele><time>2025-12-29T04:41:01Z</time></trkpt><trkpt lat="22.230805" lon="113.91531000000002"><ele>259.5</ele><time>2025-12-29T04:41:08Z</time></trkpt><trkpt lat="22.230839999999997" lon="113.91533333333334"><ele>260.8</ele><time>2025-12-29T04:41:17Z</time></trkpt><trkpt lat="22.230846666666668" lon="113.915355"><ele>261.7</ele><time>2025-12-29T04:41:22Z</time></trkpt><trkpt lat="22.230856666666668" lon="113.91537166666667"><ele>262.1</ele><time>2025-12-29T04:41:26Z</time></trkpt><trkpt lat="22.23087666666667" lon="113.91538333333334"><ele>262.7</ele><time>2025-12-29T04:41:30Z</time></trkpt><trkpt lat="22.230895" lon="113.91539666666668"><ele>263.0</ele><time>2025-12-29T04:41:34Z</time></trkpt><trkpt lat="22.23091" lon="113.91540833333332"><ele>263.3</ele><time>2025-12-29T04:41:39Z</time></trkpt><trkpt lat="22.230926666666665" lon="113.91542"><ele>264.1</ele><time>2025-12-29T04:41:44Z</time></trkpt><trkpt lat="22.230931666666667" lon="113.91544"><ele>264.7</ele><time>2025-12-29T04:41:53Z</time></trkpt><trkpt lat="22.23094" lon="113.91546333333332"><ele>265.6</ele><time>2025-12-29T04:41:59Z</time></trkpt><trkpt lat="22.230955" lon="113.91547999999999"><ele>266.6</ele><time>2025-12-29T04:42:03Z</time></trkpt><trkpt lat="22.230970000000003" lon="113.91549333333333"><ele>267.2</ele><time>2025-12-29T04:42:06Z</time></trkpt><trkpt lat="22.230986666666663" lon="113.91551"><ele>267.8</ele><time>2025-12-29T04:42:09Z</time></trkpt><trkpt lat="22.231" lon="113.91552500000002"><ele>268.40000000000003</ele><time>2025-12-29T04:42:12Z</time></trkpt><trkpt lat="22.231015000000003" lon="113.91553833333334"><ele>268.8</ele><time>2025-12-29T04:42:15Z</time></trkpt><trkpt lat="22.231035" lon="113.915545"><ele>269.0</ele><time>2025-12-29T04:42:20Z</time></trkpt><trkpt lat="22.231048333333334" lon="113.915565"><ele>269.8</ele><time>2025-12-29T04:42:31Z</time></trkpt><trkpt lat="22.231061666666665" lon="113.91558000000002"><ele>270.8</ele><time>2025-12-29T04:42:35Z</time></trkpt><trkpt lat="22.231075" lon="113.91559333333335"><ele>271.90000000000003</ele><time>2025-12-29T04:42:40Z</time></trkpt><trkpt lat="22.231090000000002" lon="113.91561166666666"><ele>270.2</ele><time>2025-12-29T04:44:29Z</time></trkpt><trkpt lat="22.231108333333335" lon="113.91562333333334"><ele>270.40000000000003</ele><time>2025-12-29T04:44:32Z</time></trkpt><trkpt lat="22.23112833333333" lon="113.91563"><ele>270.7</ele><time>2025-12-29T04:44:37Z</time></trkpt><trkpt lat="22.231148333333334" lon="113.91563666666667"><ele>271.3</ele><time>2025-12-29T04:44:41Z</time></trkpt><trkpt lat="22.231166666666663" lon="113.91564666666666"><ele>272.1</ele><time>2025-12-29T04:44:46Z</time></trkpt><trkpt lat="22.23117666666667" lon="113.91566333333334"><ele>273.2</ele><time>2025-12-29T04:44:51Z</time></trkpt><trkpt lat="22.23119166666667" lon="113.91567500000001"><ele>274.0</ele><time>2025-12-29T04:44:56Z</time></trkpt><trkpt lat="22.231288333333335" lon="113.91570833333331"><ele>280.7</ele><time>2025-12-29T04:45:41Z</time></trkpt><trkpt lat="22.23138666666667" lon="113.91572333333333"><ele>278.90000000000003</ele><time>2025-12-29T04:46:44Z</time></trkpt><trkpt lat="22.231408333333334" lon="113.91571333333334"><ele>282.7</ele><time>2025-12-29T04:46:58Z</time></trkpt><trkpt lat="22.231450000000002" lon="113.91571833333334"><ele>287.2</ele><time>2025-12-29T04:47:17Z</time></trkpt><trkpt lat="22.231468333333336" lon="113.91571333333334"><ele>288.8</ele><time>2025-12-29T04:47:22Z</time></trkpt><trkpt lat="22.23148666666667" lon="113.91570833333331"><ele>290.3</ele><time>2025-12-29T04:47:28Z</time></trkpt><trkpt lat="22.23150666666667" lon="113.91569166666667"><ele>290.8</ele><time>2025-12-29T04:48:08Z</time></trkpt><trkpt lat="22.231528333333337" lon="113.91569333333334"><ele>291.7</ele><time>2025-12-29T04:48:11Z</time></trkpt><trkpt lat="22.23154833333333" lon="113.91570333333333"><ele>293.3</ele><time>2025-12-29T04:48:15Z</time></trkpt><trkpt lat="22.23157" lon="113.91570500000002"><ele>293.90000000000003</ele><time>2025-12-29T04:48:20Z</time></trkpt><trkpt lat="22.231588333333335" lon="113.915715"><ele>294.2</ele><time>2025-12-29T04:48:24Z</time></trkpt><trkpt lat="22.231565" lon="113.915715"><ele>295.40000000000003</ele><time>2025-12-29T04:49:50Z</time></trkpt><trkpt lat="22.231546666666667" lon="113.91571833333334"><ele>293.8</ele><time>2025-12-29T04:49:54Z</time></trkpt><trkpt lat="22.23151833333333" lon="113.91571166666667"><ele>293.1</ele><time>2025-12-29T04:49:56Z</time></trkpt><trkpt lat="22.231528333333337" lon="113.91569499999999"><ele>293.1</ele><time>2025-12-29T04:49:59Z</time></trkpt><trkpt lat="22.231550000000002" lon="113.91570166666666"><ele>293.90000000000003</ele><time>2025-12-29T04:50:02Z</time></trkpt><trkpt lat="22.231568333333332" lon="113.91570333333333"><ele>294.3</ele><time>2025-12-29T04:50:05Z</time></trkpt><trkpt lat="22.231586666666665" lon="113.91570666666667"><ele>295.1</ele><time>2025-12-29T04:50:08Z</time></trkpt><trkpt lat="22.231605" lon="113.91571333333334"><ele>295.40000000000003</ele><time>2025-12-29T04:50:11Z</time></trkpt><trkpt lat="22.23169833333333" lon="113.91572833333333"><ele>295.1</ele><time>2025-12-29T04:51:04Z</time></trkpt><trkpt lat="22.231721666666665" lon="113.91574"><ele>295.5</ele><time>2025-12-29T04:51:07Z</time></trkpt><trkpt lat="22.23174" lon="113.91575333333334"><ele>295.5</ele><time>2025-12-29T04:51:10Z</time></trkpt><trkpt lat="22.23175833333333" lon="113.91576833333332"><ele>294.90000000000003</ele><time>2025-12-29T04:51:15Z</time></trkpt><trkpt lat="22.231776666666665" lon="113.91578166666667"><ele>293.90000000000003</ele><time>2025-12-29T04:51:19Z</time></trkpt><trkpt lat="22.231795" lon="113.91578833333332"><ele>292.7</ele><time>2025-12-29T04:51:24Z</time></trkpt><trkpt lat="22.23181833333333" lon="113.91578999999999"><ele>292.2</ele><time>2025-12-29T04:51:28Z</time></trkpt><trkpt lat="22.231838333333332" lon="113.91579833333331"><ele>291.8</ele><time>2025-12-29T04:51:31Z</time></trkpt><trkpt lat="22.231853333333333" lon="113.91581166666668"><ele>291.6</ele><time>2025-12-29T04:51:33Z</time></trkpt><trkpt lat="22.231868333333335" lon="113.91582500000001"><ele>291.40000000000003</ele><time>2025-12-29T04:51:35Z</time></trkpt><trkpt lat="22.231885000000002" lon="113.91583833333334"><ele>291.1</ele><time>2025-12-29T04:51:38Z</time></trkpt><trkpt lat="22.231904999999998" lon="113.91584499999999"><ele>290.7</ele><time>2025-12-29T04:51:41Z</time></trkpt><trkpt lat="22.231925" lon="113.91584833333333"><ele>290.40000000000003</ele><time>2025-12-29T04:51:45Z</time></trkpt><trkpt lat="22.231943333333334" lon="113.91586000000001"><ele>289.90000000000003</ele><time>2025-12-29T04:51:48Z</time></trkpt><trkpt lat="22.231965" lon="113.91587333333334"><ele>289.8</ele><time>2025-12-29T04:51:51Z</time></trkpt><trkpt lat="22.23198" lon="113.91588666666667"><ele>289.7</ele><time>2025-12-29T04:51:54Z</time></trkpt><trkpt lat="22.232000000000003" lon="113.91589"><ele>289.5</ele><time>2025-12-29T04:51:57Z</time></trkpt><trkpt lat="22.232018333333333" lon="113.91588500000002"><ele>289.40000000000003</ele><time>2025-12-29T04:52:00Z</time></trkpt><trkpt lat="22.232033333333334" lon="113.91589833333335"><ele>289.7</ele><time>2025-12-29T04:52:03Z</time></trkpt><trkpt lat="22.232055" lon="113.91590333333333"><ele>289.7</ele><time>2025-12-29T04:52:07Z</time></trkpt><trkpt lat="22.23207" lon="113.91592166666666"><ele>289.8</ele><time>2025-12-29T04:52:11Z</time></trkpt><trkpt lat="22.23208833333333" lon="113.91592333333334"><ele>289.7</ele><time>2025-12-29T04:52:19Z</time></trkpt><trkpt lat="22.232105" lon="113.91593166666668"><ele>289.7</ele><time>2025-12-29T04:52:23Z</time></trkpt><trkpt lat="22.232126666666666" lon="113.91593833333333"><ele>289.90000000000003</ele><time>2025-12-29T04:52:28Z</time></trkpt><trkpt lat="22.232139999999998" lon="113.91595166666666"><ele>290.2</ele><time>2025-12-29T04:52:31Z</time></trkpt><trkpt lat="22.232156666666665" lon="113.91596166666668"><ele>290.2</ele><time>2025-12-29T04:52:36Z</time></trkpt><trkpt lat="22.23217833333333" lon="113.91596666666668"><ele>290.6</ele><time>2025-12-29T04:52:40Z</time></trkpt><trkpt lat="22.232198333333333" lon="113.91598166666667"><ele>290.90000000000003</ele><time>2025-12-29T04:52:43Z</time></trkpt><trkpt lat="22.232214999999997" lon="113.91599333333333"><ele>291.40000000000003</ele><time>2025-12-29T04:52:47Z</time></trkpt><trkpt lat="22.232233333333337" lon="113.91599833333333"><ele>291.7</ele><time>2025-12-29T04:52:51Z</time></trkpt><trkpt lat="22.23225166666667" lon="113.91599333333333"><ele>292.1</ele><time>2025-12-29T04:52:56Z</time></trkpt><trkpt lat="22.232353333333336" lon="113.91603333333333"><ele>297.7</ele><time>2025-12-29T04:53:27Z</time></trkpt><trkpt lat="22.232406666666666" lon="113.91605999999999"><ele>302.1</ele><time>2025-12-29T04:53:42Z</time></trkpt><trkpt lat="22.232450000000004" lon="113.91607666666665"><ele>304.2</ele><time>2025-12-29T04:53:53Z</time></trkpt><trkpt lat="22.232468333333333" lon="113.91608999999998"><ele>305.6</ele><time>2025-12-29T04:53:58Z</time></trkpt><trkpt lat="22.232488333333336" lon="113.91609333333332"><ele>306.8</ele><time>2025-12-29T04:54:02Z</time></trkpt><trkpt lat="22.232501666666668" lon="113.91610666666665"><ele>307.90000000000003</ele><time>2025-12-29T04:54:06Z</time></trkpt><trkpt lat="22.232523333333333" lon="113.91611999999999"><ele>309.0</ele><time>2025-12-29T04:54:11Z</time></trkpt><trkpt lat="22.232541666666666" lon="113.91612500000001"><ele>309.7</ele><time>2025-12-29T04:54:15Z</time></trkpt><trkpt lat="22.232559999999996" lon="113.91613666666666"><ele>310.3</ele><time>2025-12-29T04:54:19Z</time></trkpt><trkpt lat="22.23258" lon="113.916135"><ele>310.90000000000003</ele><time>2025-12-29T04:54:26Z</time></trkpt><trkpt lat="22.2326" lon="113.91614499999999"><ele>311.90000000000003</ele><time>2025-12-29T04:54:31Z</time></trkpt><trkpt lat="22.23263833333333" lon="113.91616833333335"><ele>314.0</ele><time>2025-12-29T04:54:43Z</time></trkpt><trkpt lat="22.232725" lon="113.91621833333332"><ele>320.1</ele><time>2025-12-29T04:55:16Z</time></trkpt><trkpt lat="22.232813333333336" lon="113.91626999999998"><ele>323.5</ele><time>2025-12-29T04:55:54Z</time></trkpt><trkpt lat="22.23283333333333" lon="113.91627666666666"><ele>323.90000000000003</ele><time>2025-12-29T04:55:59Z</time></trkpt><trkpt lat="22.23284833333333" lon="113.91629333333334"><ele>324.7</ele><time>2025-12-29T04:56:04Z</time></trkpt><trkpt lat="22.232868333333332" lon="113.91632"><ele>326.6</ele><time>2025-12-29T04:56:14Z</time></trkpt><trkpt lat="22.232885000000003" lon="113.91633333333333"><ele>328.0</ele><time>2025-12-29T04:56:21Z</time></trkpt><trkpt lat="22.232903333333336" lon="113.91636500000001"><ele>330.2</ele><time>2025-12-29T04:56:34Z</time></trkpt><trkpt lat="22.232919999999996" lon="113.91637833333334"><ele>331.2</ele><time>2025-12-29T04:56:39Z</time></trkpt><trkpt lat="22.232928333333334" lon="113.91639833333332"><ele>332.7</ele><time>2025-12-29T04:56:48Z</time></trkpt><trkpt lat="22.23295" lon="113.916465"><ele>338.6</ele><time>2025-12-29T04:57:29Z</time></trkpt><trkpt lat="22.23296833333333" lon="113.91647666666668"><ele>340.0</ele><time>2025-12-29T04:57:33Z</time></trkpt><trkpt lat="22.23298666666667" lon="113.91647499999999"><ele>341.90000000000003</ele><time>2025-12-29T04:58:41Z</time></trkpt><trkpt lat="22.233009999999997" lon="113.91649166666666"><ele>342.1</ele><time>2025-12-29T04:58:44Z</time></trkpt><trkpt lat="22.23303" lon="113.91650166666668"><ele>342.1</ele><time>2025-12-29T04:58:46Z</time></trkpt><trkpt lat="22.233050000000002" lon="113.91650666666668"><ele>342.3</ele><time>2025-12-29T04:58:48Z</time></trkpt><trkpt lat="22.233071666666667" lon="113.91651500000002"><ele>342.6</ele><time>2025-12-29T04:58:51Z</time></trkpt><trkpt lat="22.233091666666663" lon="113.91651833333331"><ele>343.0</ele><time>2025-12-29T04:58:55Z</time></trkpt><trkpt lat="22.233108333333334" lon="113.91653333333333"><ele>343.1</ele><time>2025-12-29T04:58:58Z</time></trkpt><trkpt lat="22.233125000000005" lon="113.91655166666666"><ele>343.3</ele><time>2025-12-29T04:59:01Z</time></trkpt><trkpt lat="22.233151666666664" lon="113.916555"><ele>343.6</ele><time>2025-12-29T04:59:05Z</time></trkpt><trkpt lat="22.233171666666667" lon="113.91655999999999"><ele>344.2</ele><time>2025-12-29T04:59:08Z</time></trkpt><trkpt lat="22.233189999999997" lon="113.91655999999999"><ele>344.7</ele><time>2025-12-29T04:59:11Z</time></trkpt><trkpt lat="22.23321333333333" lon="113.91656666666668"><ele>345.1</ele><time>2025-12-29T04:59:14Z</time></trkpt><trkpt lat="22.233234999999997" lon="113.91657"><ele>345.8</ele><time>2025-12-29T04:59:18Z</time></trkpt><trkpt lat="22.23325333333333" lon="113.91657166666667"><ele>346.3</ele><time>2025-12-29T04:59:24Z</time></trkpt><trkpt lat="22.233275000000003" lon="113.91657666666667"><ele>346.5</ele><time>2025-12-29T04:59:28Z</time></trkpt><trkpt lat="22.23329833333333" lon="113.91657666666667"><ele>347.3</ele><time>2025-12-29T04:59:33Z</time></trkpt><trkpt lat="22.233316666666664" lon="113.91658166666666"><ele>348.1</ele><time>2025-12-29T04:59:37Z</time></trkpt><trkpt lat="22.233336666666666" lon="113.91658000000001"><ele>348.90000000000003</ele><time>2025-12-29T04:59:42Z</time></trkpt><trkpt lat="22.233355" lon="113.91657500000001"><ele>350.0</ele><time>2025-12-29T04:59:46Z</time></trkpt><trkpt lat="22.23337333333333" lon="113.91657500000001"><ele>350.7</ele><time>2025-12-29T04:59:50Z</time></trkpt><trkpt lat="22.233391666666662" lon="113.91658666666666"><ele>351.90000000000003</ele><time>2025-12-29T04:59:56Z</time></trkpt><trkpt lat="22.233425000000004" lon="113.91659166666668"><ele>353.1</ele><time>2025-12-29T05:00:07Z</time></trkpt><trkpt lat="22.233441666666668" lon="113.91660166666666"><ele>354.0</ele><time>2025-12-29T05:00:13Z</time></trkpt><trkpt lat="22.233461666666667" lon="113.91660833333331"><ele>355.2</ele><time>2025-12-29T05:00:19Z</time></trkpt><trkpt lat="22.23348" lon="113.91661166666667"><ele>355.3</ele><time>2025-12-29T05:00:24Z</time></trkpt><trkpt lat="22.233500000000003" lon="113.91661666666666"><ele>355.2</ele><time>2025-12-29T05:00:29Z</time></trkpt><trkpt lat="22.233518333333336" lon="113.91662166666669"><ele>355.90000000000003</ele><time>2025-12-29T05:00:38Z</time></trkpt><trkpt lat="22.233535" lon="113.91662999999998"><ele>356.8</ele><time>2025-12-29T05:00:43Z</time></trkpt><trkpt lat="22.23355333333333" lon="113.91664"><ele>358.0</ele><time>2025-12-29T05:00:48Z</time></trkpt><trkpt lat="22.23357" lon="113.91664999999999"><ele>359.1</ele><time>2025-12-29T05:00:54Z</time></trkpt><trkpt lat="22.233588333333334" lon="113.91665499999999"><ele>359.8</ele><time>2025-12-29T05:01:00Z</time></trkpt><trkpt lat="22.23361166666667" lon="113.91664833333334"><ele>360.5</ele><time>2025-12-29T05:01:07Z</time></trkpt><trkpt lat="22.233628333333332" lon="113.91665833333333"><ele>361.1</ele><time>2025-12-29T05:01:10Z</time></trkpt><trkpt lat="22.233648333333335" lon="113.91667166666666"><ele>361.90000000000003</ele><time>2025-12-29T05:01:14Z</time></trkpt><trkpt lat="22.23365833333333" lon="113.91668999999999"><ele>362.40000000000003</ele><time>2025-12-29T05:01:18Z</time></trkpt><trkpt lat="22.23367166666667" lon="113.91670333333334"><ele>362.8</ele><time>2025-12-29T05:01:22Z</time></trkpt><trkpt lat="22.233684999999998" lon="113.91671666666667"><ele>362.90000000000003</ele><time>2025-12-29T05:01:25Z</time></trkpt><trkpt lat="22.233696666666667" lon="113.916735"><ele>363.0</ele><time>2025-12-29T05:01:29Z</time></trkpt><trkpt lat="22.233709999999995" lon="113.91675"><ele>363.40000000000003</ele><time>2025-12-29T05:01:34Z</time></trkpt><trkpt lat="22.233718333333332" lon="113.91676833333334"><ele>363.6</ele><time>2025-12-29T05:01:39Z</time></trkpt><trkpt lat="22.233729999999998" lon="113.91678333333333"><ele>363.5</ele><time>2025-12-29T05:01:54Z</time></trkpt><trkpt lat="22.23374833333333" lon="113.91679166666667"><ele>363.8</ele><time>2025-12-29T05:01:57Z</time></trkpt><trkpt lat="22.233765000000002" lon="113.91680333333333"><ele>364.5</ele><time>2025-12-29T05:02:01Z</time></trkpt><trkpt lat="22.233768333333334" lon="113.91682333333334"><ele>366.3</ele><time>2025-12-29T05:02:07Z</time></trkpt><trkpt lat="22.233799999999995" lon="113.91684666666667"><ele>371.40000000000003</ele><time>2025-12-29T05:05:38Z</time></trkpt><trkpt lat="22.233819999999998" lon="113.916855"><ele>371.5</ele><time>2025-12-29T05:05:43Z</time></trkpt><trkpt lat="22.233844999999995" lon="113.91686333333334"><ele>371.90000000000003</ele><time>2025-12-29T05:05:52Z</time></trkpt><trkpt lat="22.233863333333336" lon="113.91687166666667"><ele>372.3</ele><time>2025-12-29T05:05:55Z</time></trkpt><trkpt lat="22.23388333333333" lon="113.91687833333332"><ele>372.7</ele><time>2025-12-29T05:05:58Z</time></trkpt><trkpt lat="22.233901666666664" lon="113.91688333333335"><ele>373.2</ele><time>2025-12-29T05:06:01Z</time></trkpt><trkpt lat="22.233923333333337" lon="113.91689"><ele>373.7</ele><time>2025-12-29T05:06:05Z</time></trkpt><trkpt lat="22.233943333333333" lon="113.91689166666666"><ele>373.90000000000003</ele><time>2025-12-29T05:06:07Z</time></trkpt><trkpt lat="22.233963333333335" lon="113.91688500000001"><ele>374.3</ele><time>2025-12-29T05:06:09Z</time></trkpt><trkpt lat="22.23398666666667" lon="113.91689"><ele>374.6</ele><time>2025-12-29T05:06:12Z</time></trkpt><trkpt lat="22.234006666666666" lon="113.91689833333334"><ele>374.8</ele><time>2025-12-29T05:06:15Z</time></trkpt><trkpt lat="22.23402666666667" lon="113.91690166666667"><ele>375.3</ele><time>2025-12-29T05:06:18Z</time></trkpt><trkpt lat="22.234050000000003" lon="113.91690333333332"><ele>375.7</ele><time>2025-12-29T05:06:21Z</time></trkpt><trkpt lat="22.23407166666667" lon="113.91690666666666"><ele>375.7</ele><time>2025-12-29T05:06:25Z</time></trkpt><trkpt lat="22.234091666666668" lon="113.91690833333332"><ele>375.90000000000003</ele><time>2025-12-29T05:06:28Z</time></trkpt><trkpt lat="22.234113333333333" lon="113.91691166666666"><ele>376.2</ele><time>2025-12-29T05:06:31Z</time></trkpt><trkpt lat="22.234136666666668" lon="113.916915"><ele>376.90000000000003</ele><time>2025-12-29T05:06:35Z</time></trkpt><trkpt lat="22.234159999999996" lon="113.91691666666665"><ele>377.40000000000003</ele><time>2025-12-29T05:06:41Z</time></trkpt><trkpt lat="22.234181666666668" lon="113.916915"><ele>377.6</ele><time>2025-12-29T05:06:45Z</time></trkpt><trkpt lat="22.234201666666664" lon="113.91692333333334"><ele>377.8</ele><time>2025-12-29T05:06:48Z</time></trkpt><trkpt lat="22.234213333333333" lon="113.91693833333332"><ele>378.2</ele><time>2025-12-29T05:06:51Z</time></trkpt><trkpt lat="22.234233333333336" lon="113.91693666666667"><ele>379.1</ele><time>2025-12-29T05:06:56Z</time></trkpt><trkpt lat="22.23425166666667" lon="113.91694000000001"><ele>379.7</ele><time>2025-12-29T05:07:02Z</time></trkpt><trkpt lat="22.23427333333333" lon="113.91694166666666"><ele>380.40000000000003</ele><time>2025-12-29T05:07:09Z</time></trkpt><trkpt lat="22.23429" lon="113.91695"><ele>381.2</ele><time>2025-12-29T05:07:14Z</time></trkpt><trkpt lat="22.234308333333335" lon="113.91695499999999"><ele>382.3</ele><time>2025-12-29T05:07:19Z</time></trkpt><trkpt lat="22.234323333333336" lon="113.91697"><ele>383.0</ele><time>2025-12-29T05:07:23Z</time></trkpt><trkpt lat="22.234339999999996" lon="113.91699333333332"><ele>383.7</ele><time>2025-12-29T05:07:26Z</time></trkpt><trkpt lat="22.23436166666667" lon="113.91699833333332"><ele>384.3</ele><time>2025-12-29T05:07:31Z</time></trkpt><trkpt lat="22.234384999999996" lon="113.917005"><ele>384.8</ele><time>2025-12-29T05:07:34Z</time></trkpt><trkpt lat="22.23440333333333" lon="113.91700666666665"><ele>385.6</ele><time>2025-12-29T05:07:37Z</time></trkpt><trkpt lat="22.234423333333332" lon="113.91701166666665"><ele>386.0</ele><time>2025-12-29T05:07:40Z</time></trkpt><trkpt lat="22.234443333333335" lon="113.91701333333334"><ele>386.40000000000003</ele><time>2025-12-29T05:07:43Z</time></trkpt><trkpt lat="22.23446666666667" lon="113.91702166666667"><ele>386.90000000000003</ele><time>2025-12-29T05:07:47Z</time></trkpt><trkpt lat="22.234488333333335" lon="113.91701333333334"><ele>387.40000000000003</ele><time>2025-12-29T05:07:50Z</time></trkpt><trkpt lat="22.234501666666667" lon="113.917"><ele>387.8</ele><time>2025-12-29T05:07:53Z</time></trkpt><trkpt lat="22.234525" lon="113.917"><ele>388.5</ele><time>2025-12-29T05:07:58Z</time></trkpt><trkpt lat="22.23454333333333" lon="113.91699333333332"><ele>389.40000000000003</ele><time>2025-12-29T05:08:02Z</time></trkpt><trkpt lat="22.234560000000002" lon="113.91698333333333"><ele>390.2</ele><time>2025-12-29T05:08:06Z</time></trkpt><trkpt lat="22.234576666666666" lon="113.91696833333332"><ele>390.7</ele><time>2025-12-29T05:08:11Z</time></trkpt><trkpt lat="22.234595" lon="113.91696500000002"><ele>392.5</ele><time>2025-12-29T05:08:16Z</time></trkpt><trkpt lat="22.234605000000002" lon="113.91694833333334"><ele>393.6</ele><time>2025-12-29T05:08:23Z</time></trkpt><trkpt lat="22.234623333333335" lon="113.91693666666667"><ele>395.1</ele><time>2025-12-29T05:08:31Z</time></trkpt><trkpt lat="22.23464166666667" lon="113.91693"><ele>396.2</ele><time>2025-12-29T05:08:35Z</time></trkpt><trkpt lat="22.234661666666664" lon="113.91692666666668"><ele>397.0</ele><time>2025-12-29T05:08:39Z</time></trkpt><trkpt lat="22.234683333333336" lon="113.91693"><ele>397.6</ele><time>2025-12-29T05:08:43Z</time></trkpt><trkpt lat="22.234699999999997" lon="113.91691333333334"><ele>398.3</ele><time>2025-12-29T05:08:48Z</time></trkpt><trkpt lat="22.234726666666667" lon="113.91691166666666"><ele>399.2</ele><time>2025-12-29T05:08:52Z</time></trkpt><trkpt lat="22.234744999999997" lon="113.91691333333334"><ele>400.0</ele><time>2025-12-29T05:08:55Z</time></trkpt><trkpt lat="22.234758333333335" lon="113.91689999999998"><ele>400.5</ele><time>2025-12-29T05:09:00Z</time></trkpt><trkpt lat="22.23477666666667" lon="113.91688333333335"><ele>401.1</ele><time>2025-12-29T05:09:06Z</time></trkpt><trkpt lat="22.234800000000003" lon="113.91688666666666"><ele>401.5</ele><time>2025-12-29T05:09:09Z</time></trkpt><trkpt lat="22.23482" lon="113.91689666666667"><ele>401.8</ele><time>2025-12-29T05:09:12Z</time></trkpt><trkpt lat="22.234838333333332" lon="113.91689999999998"><ele>402.0</ele><time>2025-12-29T05:09:15Z</time></trkpt><trkpt lat="22.234861666666667" lon="113.91689833333334"><ele>402.40000000000003</ele><time>2025-12-29T05:09:19Z</time></trkpt><trkpt lat="22.23488166666667" lon="113.91689999999998"><ele>402.90000000000003</ele><time>2025-12-29T05:09:22Z</time></trkpt><trkpt lat="22.234901666666662" lon="113.91690166666667"><ele>403.40000000000003</ele><time>2025-12-29T05:09:25Z</time></trkpt><trkpt lat="22.234924999999997" lon="113.91690666666666"><ele>404.3</ele><time>2025-12-29T05:09:29Z</time></trkpt><trkpt lat="22.234946666666662" lon="113.91690666666666"><ele>404.7</ele><time>2025-12-29T05:09:33Z</time></trkpt><trkpt lat="22.234965000000003" lon="113.91691"><ele>404.90000000000003</ele><time>2025-12-29T05:09:37Z</time></trkpt><trkpt lat="22.234984999999998" lon="113.91690500000001"><ele>405.3</ele><time>2025-12-29T05:09:40Z</time></trkpt><trkpt lat="22.235005" lon="113.91690333333332"><ele>405.7</ele><time>2025-12-29T05:09:43Z</time></trkpt><trkpt lat="22.235028333333336" lon="113.91690500000001"><ele>406.40000000000003</ele><time>2025-12-29T05:09:47Z</time></trkpt><trkpt lat="22.23504666666667" lon="113.91690333333332"><ele>406.90000000000003</ele><time>2025-12-29T05:09:50Z</time></trkpt><trkpt lat="22.235070000000004" lon="113.91689666666667"><ele>407.6</ele><time>2025-12-29T05:09:53Z</time></trkpt><trkpt lat="22.23509333333333" lon="113.91688833333335"><ele>408.40000000000003</ele><time>2025-12-29T05:09:57Z</time></trkpt><trkpt lat="22.235111666666665" lon="113.91689333333333"><ele>409.0</ele><time>2025-12-29T05:09:59Z</time></trkpt><trkpt lat="22.235135" lon="113.91689999999998"><ele>409.5</ele><time>2025-12-29T05:10:02Z</time></trkpt><trkpt lat="22.235153333333333" lon="113.91689833333334"><ele>409.7</ele><time>2025-12-29T05:10:04Z</time></trkpt><trkpt lat="22.235171666666663" lon="113.916895"><ele>410.1</ele><time>2025-12-29T05:10:08Z</time></trkpt><trkpt lat="22.23519666666667" lon="113.91689833333334"><ele>410.5</ele><time>2025-12-29T05:10:12Z</time></trkpt><trkpt lat="22.235219999999995" lon="113.91690500000001"><ele>409.8</ele><time>2025-12-29T05:10:15Z</time></trkpt><trkpt lat="22.235234999999996" lon="113.91691999999999"><ele>406.7</ele><time>2025-12-29T05:10:45Z</time></trkpt><trkpt lat="22.235255" lon="113.91693166666667"><ele>407.5</ele><time>2025-12-29T05:10:48Z</time></trkpt><trkpt lat="22.235273333333332" lon="113.91692499999999"><ele>408.2</ele><time>2025-12-29T05:10:52Z</time></trkpt><trkpt lat="22.235293333333335" lon="113.91693833333332"><ele>408.2</ele><time>2025-12-29T05:10:55Z</time></trkpt><trkpt lat="22.235311666666668" lon="113.91695333333334"><ele>408.1</ele><time>2025-12-29T05:10:58Z</time></trkpt><trkpt lat="22.235329999999998" lon="113.91695499999999"><ele>408.1</ele><time>2025-12-29T05:11:01Z</time></trkpt><trkpt lat="22.23534666666667" lon="113.91696500000002"><ele>407.5</ele><time>2025-12-29T05:11:04Z</time></trkpt><trkpt lat="22.235373333333335" lon="113.91697333333335"><ele>407.6</ele><time>2025-12-29T05:11:07Z</time></trkpt><trkpt lat="22.235395" lon="113.91697833333335"><ele>407.6</ele><time>2025-12-29T05:11:09Z</time></trkpt><trkpt lat="22.235419999999998" lon="113.91698999999998"><ele>407.40000000000003</ele><time>2025-12-29T05:11:12Z</time></trkpt><trkpt lat="22.23544" lon="113.91699333333332"><ele>407.1</ele><time>2025-12-29T05:11:14Z</time></trkpt><trkpt lat="22.235456666666664" lon="113.91700166666666"><ele>406.8</ele><time>2025-12-29T05:11:19Z</time></trkpt><trkpt lat="22.23548" lon="113.91701166666665"><ele>406.1</ele><time>2025-12-29T05:11:27Z</time></trkpt><trkpt lat="22.235501666666664" lon="113.91702500000001"><ele>406.0</ele><time>2025-12-29T05:11:30Z</time></trkpt><trkpt lat="22.235525" lon="113.91703000000001"><ele>405.7</ele><time>2025-12-29T05:11:33Z</time></trkpt><trkpt lat="22.235543333333332" lon="113.91703833333334"><ele>405.5</ele><time>2025-12-29T05:11:35Z</time></trkpt><trkpt lat="22.235568333333337" lon="113.91704333333334"><ele>405.0</ele><time>2025-12-29T05:11:38Z</time></trkpt><trkpt lat="22.235590000000002" lon="113.91705500000002"><ele>404.7</ele><time>2025-12-29T05:11:40Z</time></trkpt><trkpt lat="22.235611666666667" lon="113.91706500000001"><ele>404.2</ele><time>2025-12-29T05:11:42Z</time></trkpt><trkpt lat="22.235633333333332" lon="113.91706833333335"><ele>403.8</ele><time>2025-12-29T05:11:45Z</time></trkpt><trkpt lat="22.235648333333334" lon="113.91708166666668"><ele>403.0</ele><time>2025-12-29T05:11:48Z</time></trkpt><trkpt lat="22.235669999999995" lon="113.91708500000001"><ele>402.0</ele><time>2025-12-29T05:11:52Z</time></trkpt><trkpt lat="22.235689999999998" lon="113.91708833333333"><ele>401.6</ele><time>2025-12-29T05:11:55Z</time></trkpt><trkpt lat="22.235713333333333" lon="113.91709333333334"><ele>401.40000000000003</ele><time>2025-12-29T05:11:58Z</time></trkpt><trkpt lat="22.235735" lon="113.91709833333334"><ele>401.2</ele><time>2025-12-29T05:12:01Z</time></trkpt><trkpt lat="22.235756666666664" lon="113.91710333333334"><ele>401.1</ele><time>2025-12-29T05:12:04Z</time></trkpt><trkpt lat="22.23578" lon="113.91711333333333"><ele>401.3</ele><time>2025-12-29T05:12:07Z</time></trkpt><trkpt lat="22.235804999999996" lon="113.91712333333335"><ele>401.1</ele><time>2025-12-29T05:12:10Z</time></trkpt><trkpt lat="22.23582666666667" lon="113.91712833333334"><ele>400.90000000000003</ele><time>2025-12-29T05:12:13Z</time></trkpt><trkpt lat="22.235846666666664" lon="113.91713333333334"><ele>400.90000000000003</ele><time>2025-12-29T05:12:16Z</time></trkpt><trkpt lat="22.235866666666666" lon="113.91713999999999"><ele>400.8</ele><time>2025-12-29T05:12:20Z</time></trkpt><trkpt lat="22.235885" lon="113.91714500000002"><ele>400.7</ele><time>2025-12-29T05:12:23Z</time></trkpt><trkpt lat="22.235903333333333" lon="113.91715333333335"><ele>400.7</ele><time>2025-12-29T05:12:26Z</time></trkpt><trkpt lat="22.235920000000004" lon="113.91716333333333"><ele>400.7</ele><time>2025-12-29T05:12:28Z</time></trkpt><trkpt lat="22.235938333333333" lon="113.91716833333334"><ele>400.8</ele><time>2025-12-29T05:12:30Z</time></trkpt><trkpt lat="22.23595833333333" lon="113.91716833333334"><ele>400.90000000000003</ele><time>2025-12-29T05:12:35Z</time></trkpt><trkpt lat="22.235971666666668" lon="113.91718333333334"><ele>401.2</ele><time>2025-12-29T05:12:38Z</time></trkpt><trkpt lat="22.23598666666667" lon="113.91719499999999"><ele>401.7</ele><time>2025-12-29T05:12:41Z</time></trkpt><trkpt lat="22.235999999999997" lon="113.91721166666666"><ele>402.2</ele><time>2025-12-29T05:12:44Z</time></trkpt><trkpt lat="22.23601833333333" lon="113.91722333333334"><ele>402.7</ele><time>2025-12-29T05:12:47Z</time></trkpt><trkpt lat="22.236035" lon="113.91723500000002"><ele>403.40000000000003</ele><time>2025-12-29T05:12:51Z</time></trkpt><trkpt lat="22.23605" lon="113.91725"><ele>404.3</ele><time>2025-12-29T05:12:55Z</time></trkpt><trkpt lat="22.236068333333332" lon="113.91724666666666"><ele>405.3</ele><time>2025-12-29T05:12:59Z</time></trkpt><trkpt lat="22.236089999999997" lon="113.91725166666666"><ele>406.1</ele><time>2025-12-29T05:13:05Z</time></trkpt><trkpt lat="22.236113333333332" lon="113.91725166666666"><ele>407.0</ele><time>2025-12-29T05:13:10Z</time></trkpt><trkpt lat="22.23612666666667" lon="113.91726666666666"><ele>407.8</ele><time>2025-12-29T05:13:14Z</time></trkpt><trkpt lat="22.236141666666672" lon="113.91727999999999"><ele>408.8</ele><time>2025-12-29T05:13:19Z</time></trkpt><trkpt lat="22.236158333333332" lon="113.91729500000001"><ele>410.90000000000003</ele><time>2025-12-29T05:13:26Z</time></trkpt><trkpt lat="22.236175000000003" lon="113.91730833333334"><ele>412.8</ele><time>2025-12-29T05:13:33Z</time></trkpt><trkpt lat="22.236193333333336" lon="113.91731"><ele>414.1</ele><time>2025-12-29T05:13:39Z</time></trkpt><trkpt lat="22.236206666666664" lon="113.91732333333333"><ele>415.0</ele><time>2025-12-29T05:13:43Z</time></trkpt><trkpt lat="22.236223333333335" lon="113.91733166666667"><ele>416.40000000000003</ele><time>2025-12-29T05:13:48Z</time></trkpt><trkpt lat="22.23624166666667" lon="113.91734333333333"><ele>417.6</ele><time>2025-12-29T05:13:54Z</time></trkpt><trkpt lat="22.23631833333333" lon="113.9174"><ele>421.2</ele><time>2025-12-29T05:14:24Z</time></trkpt><trkpt lat="22.236353333333334" lon="113.91740666666668"><ele>422.5</ele><time>2025-12-29T05:14:35Z</time></trkpt><trkpt lat="22.236368333333335" lon="113.91742666666666"><ele>423.3</ele><time>2025-12-29T05:14:41Z</time></trkpt><trkpt lat="22.236386666666665" lon="113.91742833333335"><ele>424.2</ele><time>2025-12-29T05:14:46Z</time></trkpt><trkpt lat="22.23640833333333" lon="113.91743333333334"><ele>425.1</ele><time>2025-12-29T05:14:52Z</time></trkpt><trkpt lat="22.23648166666667" lon="113.91749833333333"><ele>430.0</ele><time>2025-12-29T05:15:19Z</time></trkpt><trkpt lat="22.236520000000002" lon="113.91752166666666"><ele>431.40000000000003</ele><time>2025-12-29T05:15:28Z</time></trkpt><trkpt lat="22.236613333333334" lon="113.91756166666667"><ele>434.6</ele><time>2025-12-29T05:16:07Z</time></trkpt><trkpt lat="22.236656666666665" lon="113.91766333333335"><ele>440.6</ele><time>2025-12-29T05:16:40Z</time></trkpt><trkpt lat="22.236715000000004" lon="113.91775000000001"><ele>448.3</ele><time>2025-12-29T05:17:21Z</time></trkpt><trkpt lat="22.236731666666667" lon="113.91776"><ele>451.8</ele><time>2025-12-29T05:17:42Z</time></trkpt><trkpt lat="22.236825" lon="113.91779"><ele>459.8</ele><time>2025-12-29T05:18:22Z</time></trkpt><trkpt lat="22.236918333333332" lon="113.91779833333334"><ele>467.7</ele><time>2025-12-29T05:19:15Z</time></trkpt><trkpt lat="22.237008333333332" lon="113.91782333333335"><ele>477.1</ele><time>2025-12-29T05:20:08Z</time></trkpt><trkpt lat="22.237106666666666" lon="113.91779166666666"><ele>483.5</ele><time>2025-12-29T05:21:07Z</time></trkpt><trkpt lat="22.237166666666667" lon="113.91781833333334"><ele>490.40000000000003</ele><time>2025-12-29T05:22:04Z</time></trkpt><trkpt lat="22.237241666666666" lon="113.91784333333332"><ele>494.5</ele><time>2025-12-29T05:23:10Z</time></trkpt><trkpt lat="22.23733666666667" lon="113.91788333333334"><ele>498.90000000000003</ele><time>2025-12-29T05:23:50Z</time></trkpt><trkpt lat="22.237405" lon="113.91794833333333"><ele>507.2</ele><time>2025-12-29T05:24:40Z</time></trkpt><trkpt lat="22.23741166666667" lon="113.91796833333335"><ele>507.5</ele><time>2025-12-29T05:24:44Z</time></trkpt><trkpt lat="22.23745" lon="113.91797"><ele>509.6</ele><time>2025-12-29T05:24:53Z</time></trkpt><trkpt lat="22.23746833333333" lon="113.91798333333332"><ele>510.59999999999997</ele><time>2025-12-29T05:24:58Z</time></trkpt><trkpt lat="22.23752184171515" lon="113.91796062088329" /><trkpt lat="22.23777078125" lon="113.91790679638672" /><trkpt lat="22.23799078125" lon="113.91801279638672" /><trkpt lat="22.23770078125" lon="113.91821879638672" /><trkpt lat="22.23765853863568" lon="113.91827682959664" /><trkpt lat="22.23765166666667" lon="113.91828666666667"><ele>502.8</ele><time>2025-12-29T06:03:44Z</time></trkpt><trkpt lat="22.23763166666667" lon="113.9183"><ele>501.90000000000003</ele><time>2025-12-29T06:03:51Z</time></trkpt><trkpt lat="22.23762166666667" lon="113.91832666666666"><ele>500.3</ele><time>2025-12-29T06:04:08Z</time></trkpt><trkpt lat="22.23760666666667" lon="113.91833999999999"><ele>499.6</ele><time>2025-12-29T06:04:14Z</time></trkpt><trkpt lat="22.237595000000002" lon="113.918365"><ele>498.6</ele><time>2025-12-29T06:04:34Z</time></trkpt><trkpt lat="22.237565000000004" lon="113.91839"><ele>496.0</ele><time>2025-12-29T06:04:56Z</time></trkpt><trkpt lat="22.237551666666665" lon="113.91842833333334"><ele>494.6</ele><time>2025-12-29T06:05:20Z</time></trkpt><trkpt lat="22.23753" lon="113.91844166666667"><ele>493.2</ele><time>2025-12-29T06:05:34Z</time></trkpt><trkpt lat="22.237478333333335" lon="113.918535"><ele>487.2</ele><time>2025-12-29T06:06:41Z</time></trkpt><trkpt lat="22.237418333333334" lon="113.91861666666667"><ele>483.7</ele><time>2025-12-29T06:07:30Z</time></trkpt><trkpt lat="22.23741166666667" lon="113.91863666666669"><ele>482.3</ele><time>2025-12-29T06:07:37Z</time></trkpt><trkpt lat="22.237376666666666" lon="113.91866666666668"><ele>477.5</ele><time>2025-12-29T06:08:02Z</time></trkpt><trkpt lat="22.237346666666667" lon="113.91871166666667"><ele>474.1</ele><time>2025-12-29T06:08:31Z</time></trkpt><trkpt lat="22.23731" lon="113.91878"><ele>466.6</ele><time>2025-12-29T06:09:25Z</time></trkpt><trkpt lat="22.237280000000002" lon="113.91881166666666"><ele>464.0</ele><time>2025-12-29T06:09:48Z</time></trkpt><trkpt lat="22.237268333333336" lon="113.91882833333332"><ele>462.6</ele><time>2025-12-29T06:09:54Z</time></trkpt><trkpt lat="22.23725833333333" lon="113.91885333333333"><ele>459.90000000000003</ele><time>2025-12-29T06:10:15Z</time></trkpt><trkpt lat="22.23723" lon="113.91890666666669"><ele>458.09999999999997</ele><time>2025-12-29T06:10:36Z</time></trkpt><trkpt lat="22.237148333333334" lon="113.91897499999999"><ele>452.4</ele><time>2025-12-29T06:11:27Z</time></trkpt><trkpt lat="22.23712833333333" lon="113.91904000000001"><ele>447.7</ele><time>2025-12-29T06:11:51Z</time></trkpt><trkpt lat="22.237109999999998" lon="113.91904833333335"><ele>445.9</ele><time>2025-12-29T06:12:00Z</time></trkpt><trkpt lat="22.2371" lon="113.91907666666665"><ele>443.79999999999995</ele><time>2025-12-29T06:12:09Z</time></trkpt><trkpt lat="22.237085" lon="113.91909333333334"><ele>443.0</ele><time>2025-12-29T06:12:13Z</time></trkpt><trkpt lat="22.237076666666667" lon="113.91911166666665"><ele>442.29999999999995</ele><time>2025-12-29T06:12:18Z</time></trkpt><trkpt lat="22.237013333333334" lon="113.91914"><ele>439.09999999999997</ele><time>2025-12-29T06:12:41Z</time></trkpt><trkpt lat="22.23699" lon="113.91915666666667"><ele>437.4</ele><time>2025-12-29T06:12:51Z</time></trkpt><trkpt lat="22.23699333333333" lon="113.91917666666669"><ele>436.5</ele><time>2025-12-29T06:12:58Z</time></trkpt><trkpt lat="22.23694833333333" lon="113.91921666666667"><ele>433.4</ele><time>2025-12-29T06:13:19Z</time></trkpt><trkpt lat="22.236881666666665" lon="113.91923166666666"><ele>429.0</ele><time>2025-12-29T06:13:42Z</time></trkpt><trkpt lat="22.236864999999998" lon="113.91924333333333"><ele>428.0</ele><time>2025-12-29T06:13:46Z</time></trkpt><trkpt lat="22.236846666666665" lon="113.91925"><ele>426.29999999999995</ele><time>2025-12-29T06:13:51Z</time></trkpt><trkpt lat="22.236748333333335" lon="113.91928666666666"><ele>422.0</ele><time>2025-12-29T06:14:33Z</time></trkpt><trkpt lat="22.236698333333333" lon="113.91930833333332"><ele>421.59999999999997</ele><time>2025-12-29T06:14:51Z</time></trkpt><trkpt lat="22.23669" lon="113.91933166666668"><ele>422.2</ele><time>2025-12-29T06:14:55Z</time></trkpt><trkpt lat="22.23669" lon="113.91935166666666"><ele>422.59999999999997</ele><time>2025-12-29T06:14:57Z</time></trkpt><trkpt lat="22.236645" lon="113.91935666666669"><ele>421.29999999999995</ele><time>2025-12-29T06:16:15Z</time></trkpt><trkpt lat="22.236628333333336" lon="113.91934833333335"><ele>421.5</ele><time>2025-12-29T06:16:19Z</time></trkpt><trkpt lat="22.236610000000002" lon="113.91934166666667"><ele>421.29999999999995</ele><time>2025-12-29T06:16:24Z</time></trkpt><trkpt lat="22.236596666666667" lon="113.91932833333334"><ele>420.4</ele><time>2025-12-29T06:16:30Z</time></trkpt><trkpt lat="22.236553333333337" lon="113.91925166666667"><ele>415.0</ele><time>2025-12-29T06:17:08Z</time></trkpt><trkpt lat="22.236538333333336" lon="113.91923833333334"><ele>415.0</ele><time>2025-12-29T06:17:12Z</time></trkpt><trkpt lat="22.236521666666665" lon="113.91923"><ele>413.09999999999997</ele><time>2025-12-29T06:17:36Z</time></trkpt><trkpt lat="22.236458333333335" lon="113.91924833333333"><ele>406.7</ele><time>2025-12-29T06:18:18Z</time></trkpt><trkpt lat="22.23644" lon="113.91923666666668"><ele>405.9</ele><time>2025-12-29T06:18:23Z</time></trkpt><trkpt lat="22.23642" lon="113.91924499999999"><ele>405.09999999999997</ele><time>2025-12-29T06:18:30Z</time></trkpt><trkpt lat="22.236404999999998" lon="113.91926333333335"><ele>404.59999999999997</ele><time>2025-12-29T06:18:34Z</time></trkpt><trkpt lat="22.236398333333334" lon="113.91928166666666"><ele>404.0</ele><time>2025-12-29T06:18:43Z</time></trkpt><trkpt lat="22.236388333333334" lon="113.91929833333333"><ele>403.5</ele><time>2025-12-29T06:18:47Z</time></trkpt><trkpt lat="22.23637666666667" lon="113.91931666666666"><ele>403.0</ele><time>2025-12-29T06:18:51Z</time></trkpt><trkpt lat="22.236359999999998" lon="113.91932833333334"><ele>402.29999999999995</ele><time>2025-12-29T06:18:54Z</time></trkpt><trkpt lat="22.236341666666664" lon="113.91932666666668"><ele>401.5</ele><time>2025-12-29T06:18:58Z</time></trkpt><trkpt lat="22.23632166666666" lon="113.91932666666668"><ele>400.59999999999997</ele><time>2025-12-29T06:19:02Z</time></trkpt><trkpt lat="22.236305" lon="113.91933499999999"><ele>398.59999999999997</ele><time>2025-12-29T06:19:12Z</time></trkpt><trkpt lat="22.23628833333333" lon="113.91932666666668"><ele>397.4</ele><time>2025-12-29T06:19:18Z</time></trkpt><trkpt lat="22.236269999999998" lon="113.91932"><ele>395.9</ele><time>2025-12-29T06:19:26Z</time></trkpt><trkpt lat="22.236250000000002" lon="113.91932"><ele>394.4</ele><time>2025-12-29T06:19:32Z</time></trkpt><trkpt lat="22.23623166666666" lon="113.91930666666667"><ele>393.4</ele><time>2025-12-29T06:19:37Z</time></trkpt><trkpt lat="22.236215" lon="113.91929"><ele>391.79999999999995</ele><time>2025-12-29T06:19:43Z</time></trkpt><trkpt lat="22.236201666666663" lon="113.91927333333334"><ele>390.4</ele><time>2025-12-29T06:19:52Z</time></trkpt><trkpt lat="22.236181666666667" lon="113.919265"><ele>389.59999999999997</ele><time>2025-12-29T06:19:56Z</time></trkpt><trkpt lat="22.236164999999996" lon="113.91925666666666"><ele>388.09999999999997</ele><time>2025-12-29T06:20:03Z</time></trkpt><trkpt lat="22.236143333333334" lon="113.91924833333333"><ele>387.29999999999995</ele><time>2025-12-29T06:20:07Z</time></trkpt><trkpt lat="22.236125" lon="113.91925333333332"><ele>386.7</ele><time>2025-12-29T06:20:12Z</time></trkpt><trkpt lat="22.236105" lon="113.919255"><ele>385.2</ele><time>2025-12-29T06:20:18Z</time></trkpt><trkpt lat="22.236085000000003" lon="113.91925333333332"><ele>384.5</ele><time>2025-12-29T06:20:21Z</time></trkpt><trkpt lat="22.23606666666667" lon="113.91925166666667"><ele>383.79999999999995</ele><time>2025-12-29T06:20:24Z</time></trkpt><trkpt lat="22.23604833333333" lon="113.91924166666668"><ele>382.59999999999997</ele><time>2025-12-29T06:20:28Z</time></trkpt><trkpt lat="22.236040000000003" lon="113.91922000000001"><ele>381.29999999999995</ele><time>2025-12-29T06:20:33Z</time></trkpt><trkpt lat="22.236028333333334" lon="113.91920499999999"><ele>380.7</ele><time>2025-12-29T06:20:38Z</time></trkpt><trkpt lat="22.236005" lon="113.91920666666668"><ele>378.9</ele><time>2025-12-29T06:20:47Z</time></trkpt><trkpt lat="22.235983333333333" lon="113.91920166666665"><ele>378.29999999999995</ele><time>2025-12-29T06:20:50Z</time></trkpt><trkpt lat="22.235963333333334" lon="113.919195"><ele>377.5</ele><time>2025-12-29T06:20:56Z</time></trkpt><trkpt lat="22.23594333333333" lon="113.91918833333332"><ele>377.09999999999997</ele><time>2025-12-29T06:21:02Z</time></trkpt><trkpt lat="22.235926666666668" lon="113.91919666666666"><ele>376.9</ele><time>2025-12-29T06:21:05Z</time></trkpt><trkpt lat="22.235908333333334" lon="113.91919666666666"><ele>376.5</ele><time>2025-12-29T06:21:08Z</time></trkpt><trkpt lat="22.235891666666664" lon="113.91918333333334"><ele>376.2</ele><time>2025-12-29T06:21:11Z</time></trkpt><trkpt lat="22.235875000000004" lon="113.91916666666665"><ele>375.59999999999997</ele><time>2025-12-29T06:21:17Z</time></trkpt><trkpt lat="22.23585166666667" lon="113.91916833333335"><ele>375.4</ele><time>2025-12-29T06:21:22Z</time></trkpt><trkpt lat="22.235828333333334" lon="113.91917166666666"><ele>375.29999999999995</ele><time>2025-12-29T06:21:25Z</time></trkpt><trkpt lat="22.23580666666667" lon="113.91916166666667"><ele>374.9</ele><time>2025-12-29T06:21:28Z</time></trkpt><trkpt lat="22.235789999999998" lon="113.91914999999999"><ele>374.59999999999997</ele><time>2025-12-29T06:21:32Z</time></trkpt><trkpt lat="22.235768333333333" lon="113.91914666666668"><ele>373.79999999999995</ele><time>2025-12-29T06:21:37Z</time></trkpt><trkpt lat="22.23575166666667" lon="113.91913666666666"><ele>373.09999999999997</ele><time>2025-12-29T06:21:40Z</time></trkpt><trkpt lat="22.235728333333334" lon="113.91912833333332"><ele>372.5</ele><time>2025-12-29T06:21:43Z</time></trkpt><trkpt lat="22.235705" lon="113.91912333333333"><ele>372.29999999999995</ele><time>2025-12-29T06:21:46Z</time></trkpt><trkpt lat="22.235684999999997" lon="113.91912166666667"><ele>371.9</ele><time>2025-12-29T06:21:49Z</time></trkpt><trkpt lat="22.23566333333333" lon="113.91912166666667"><ele>371.2</ele><time>2025-12-29T06:21:53Z</time></trkpt><trkpt lat="22.235644999999998" lon="113.91912499999998"><ele>370.79999999999995</ele><time>2025-12-29T06:21:56Z</time></trkpt><trkpt lat="22.235623333333333" lon="113.91912499999998"><ele>370.29999999999995</ele><time>2025-12-29T06:21:59Z</time></trkpt><trkpt lat="22.23560166666667" lon="113.91911833333333"><ele>369.79999999999995</ele><time>2025-12-29T06:22:03Z</time></trkpt><trkpt lat="22.235583333333338" lon="113.91912166666667"><ele>369.4</ele><time>2025-12-29T06:22:06Z</time></trkpt><trkpt lat="22.235566666666667" lon="113.91911166666665"><ele>368.79999999999995</ele><time>2025-12-29T06:22:09Z</time></trkpt><trkpt lat="22.235546666666664" lon="113.919105"><ele>368.5</ele><time>2025-12-29T06:22:12Z</time></trkpt><trkpt lat="22.23552666666667" lon="113.91910166666666"><ele>368.7</ele><time>2025-12-29T06:22:16Z</time></trkpt><trkpt lat="22.235503333333334" lon="113.91911166666665"><ele>368.5</ele><time>2025-12-29T06:22:20Z</time></trkpt><trkpt lat="22.235485" lon="113.91911833333333"><ele>368.09999999999997</ele><time>2025-12-29T06:22:23Z</time></trkpt><trkpt lat="22.235464999999998" lon="113.91911999999999"><ele>367.9</ele><time>2025-12-29T06:22:26Z</time></trkpt><trkpt lat="22.235443333333333" lon="113.91911666666668"><ele>367.7</ele><time>2025-12-29T06:22:30Z</time></trkpt><trkpt lat="22.235423333333333" lon="113.91911499999999"><ele>367.5</ele><time>2025-12-29T06:22:33Z</time></trkpt><trkpt lat="22.235403333333338" lon="113.91910833333334"><ele>367.29999999999995</ele><time>2025-12-29T06:22:36Z</time></trkpt><trkpt lat="22.235383333333335" lon="113.919105"><ele>367.2</ele><time>2025-12-29T06:22:39Z</time></trkpt><trkpt lat="22.23536166666667" lon="113.91909666666668"><ele>367.59999999999997</ele><time>2025-12-29T06:22:42Z</time></trkpt><trkpt lat="22.235341666666667" lon="113.91909"><ele>367.79999999999995</ele><time>2025-12-29T06:22:45Z</time></trkpt><trkpt lat="22.235323333333334" lon="113.91910000000001"><ele>368.09999999999997</ele><time>2025-12-29T06:22:47Z</time></trkpt><trkpt lat="22.23530166666667" lon="113.91909833333332"><ele>368.7</ele><time>2025-12-29T06:22:52Z</time></trkpt><trkpt lat="22.235283333333335" lon="113.91909333333334"><ele>368.79999999999995</ele><time>2025-12-29T06:22:58Z</time></trkpt><trkpt lat="22.235263333333332" lon="113.91909166666667"><ele>369.29999999999995</ele><time>2025-12-29T06:23:02Z</time></trkpt><trkpt lat="22.235238333333335" lon="113.91909166666667"><ele>369.4</ele><time>2025-12-29T06:23:05Z</time></trkpt><trkpt lat="22.235219999999995" lon="113.91909666666668"><ele>369.59999999999997</ele><time>2025-12-29T06:23:08Z</time></trkpt><trkpt lat="22.235198333333333" lon="113.91909"><ele>369.79999999999995</ele><time>2025-12-29T06:23:12Z</time></trkpt><trkpt lat="22.23518166666667" lon="113.91909833333332"><ele>370.59999999999997</ele><time>2025-12-29T06:23:17Z</time></trkpt><trkpt lat="22.235159999999997" lon="113.91909666666668"><ele>372.9</ele><time>2025-12-29T06:23:37Z</time></trkpt><trkpt lat="22.23513666666667" lon="113.91909499999998"><ele>373.29999999999995</ele><time>2025-12-29T06:23:40Z</time></trkpt><trkpt lat="22.23512" lon="113.91908666666669"><ele>373.59999999999997</ele><time>2025-12-29T06:23:43Z</time></trkpt><trkpt lat="22.235108333333333" lon="113.91910166666666"><ele>374.79999999999995</ele><time>2025-12-29T06:23:49Z</time></trkpt><trkpt lat="22.235133333333337" lon="113.91911333333334"><ele>374.9</ele><time>2025-12-29T06:23:56Z</time></trkpt><trkpt lat="22.235158333333334" lon="113.91911999999999"><ele>374.7</ele><time>2025-12-29T06:23:58Z</time></trkpt><trkpt lat="22.23518166666667" lon="113.91912499999998"><ele>374.9</ele><time>2025-12-29T06:24:00Z</time></trkpt><trkpt lat="22.235200000000003" lon="113.91912499999998"><ele>374.4</ele><time>2025-12-29T06:24:03Z</time></trkpt><trkpt lat="22.23518166666667" lon="113.91911999999999"><ele>373.5</ele><time>2025-12-29T06:24:06Z</time></trkpt><trkpt lat="22.23518333333333" lon="113.91914666666668"><ele>373.09999999999997</ele><time>2025-12-29T06:24:18Z</time></trkpt><trkpt lat="22.235166666666668" lon="113.91915833333333"><ele>372.09999999999997</ele><time>2025-12-29T06:24:26Z</time></trkpt><trkpt lat="22.235155000000002" lon="113.91917333333335"><ele>371.29999999999995</ele><time>2025-12-29T06:24:31Z</time></trkpt><trkpt lat="22.235135" lon="113.91920999999999"><ele>369.59999999999997</ele><time>2025-12-29T06:24:46Z</time></trkpt><trkpt lat="22.235100000000003" lon="113.91925333333332"><ele>364.59999999999997</ele><time>2025-12-29T06:25:28Z</time></trkpt><trkpt lat="22.235081666666662" lon="113.91925666666666"><ele>363.9</ele><time>2025-12-29T06:25:33Z</time></trkpt><trkpt lat="22.235020000000002" lon="113.91925833333335"><ele>359.0</ele><time>2025-12-29T06:26:11Z</time></trkpt><trkpt lat="22.234993333333332" lon="113.91927333333334"><ele>356.9</ele><time>2025-12-29T06:26:25Z</time></trkpt><trkpt lat="22.234980000000004" lon="113.91928833333334"><ele>356.2</ele><time>2025-12-29T06:26:32Z</time></trkpt><trkpt lat="22.2349" lon="113.91934166666667"><ele>351.29999999999995</ele><time>2025-12-29T06:27:13Z</time></trkpt><trkpt lat="22.234876666666665" lon="113.91936166666667"><ele>349.9</ele><time>2025-12-29T06:27:24Z</time></trkpt><trkpt lat="22.234806666666667" lon="113.91943500000001"><ele>346.09999999999997</ele><time>2025-12-29T06:27:55Z</time></trkpt><trkpt lat="22.234789999999997" lon="113.91945166666667"><ele>345.5</ele><time>2025-12-29T06:27:59Z</time></trkpt><trkpt lat="22.234773333333337" lon="113.91946833333334"><ele>344.9</ele><time>2025-12-29T06:28:02Z</time></trkpt><trkpt lat="22.234758333333335" lon="113.91948499999998"><ele>344.2</ele><time>2025-12-29T06:28:05Z</time></trkpt><trkpt lat="22.234743333333334" lon="113.91950166666666"><ele>343.59999999999997</ele><time>2025-12-29T06:28:09Z</time></trkpt><trkpt lat="22.234740000000002" lon="113.91952166666667"><ele>343.2</ele><time>2025-12-29T06:28:12Z</time></trkpt><trkpt lat="22.234710000000003" lon="113.91956166666665"><ele>342.09999999999997</ele><time>2025-12-29T06:28:19Z</time></trkpt><trkpt lat="22.23469" lon="113.91957833333332"><ele>341.4</ele><time>2025-12-29T06:28:23Z</time></trkpt><trkpt lat="22.23467666666666" lon="113.91959166666666"><ele>341.09999999999997</ele><time>2025-12-29T06:28:25Z</time></trkpt><trkpt lat="22.23466" lon="113.91960666666667"><ele>340.2</ele><time>2025-12-29T06:28:28Z</time></trkpt><trkpt lat="22.23464166666667" lon="113.91962333333335"><ele>339.29999999999995</ele><time>2025-12-29T06:28:32Z</time></trkpt><trkpt lat="22.23463" lon="113.91964000000002"><ele>338.9</ele><time>2025-12-29T06:28:34Z</time></trkpt><trkpt lat="22.234618333333334" lon="113.91965666666668"><ele>338.79999999999995</ele><time>2025-12-29T06:28:36Z</time></trkpt><trkpt lat="22.234603333333332" lon="113.91967333333332"><ele>338.09999999999997</ele><time>2025-12-29T06:28:39Z</time></trkpt><trkpt lat="22.23458666666667" lon="113.91968333333334"><ele>337.4</ele><time>2025-12-29T06:28:42Z</time></trkpt><trkpt lat="22.23457166666667" lon="113.91970166666667"><ele>336.59999999999997</ele><time>2025-12-29T06:28:45Z</time></trkpt><trkpt lat="22.234555" lon="113.91971333333335"><ele>335.7</ele><time>2025-12-29T06:28:49Z</time></trkpt><trkpt lat="22.23454333333333" lon="113.91973166666666"><ele>334.7</ele><time>2025-12-29T06:28:52Z</time></trkpt><trkpt lat="22.234536666666667" lon="113.91975333333333"><ele>333.9</ele><time>2025-12-29T06:28:55Z</time></trkpt><trkpt lat="22.23452166666667" lon="113.91977333333334"><ele>332.5</ele><time>2025-12-29T06:28:59Z</time></trkpt><trkpt lat="22.234503333333336" lon="113.91977999999999"><ele>331.59999999999997</ele><time>2025-12-29T06:29:03Z</time></trkpt><trkpt lat="22.234489999999997" lon="113.91980333333335"><ele>330.9</ele><time>2025-12-29T06:29:06Z</time></trkpt><trkpt lat="22.23447666666667" lon="113.91982333333333"><ele>330.29999999999995</ele><time>2025-12-29T06:29:09Z</time></trkpt><trkpt lat="22.23446" lon="113.91984333333333"><ele>329.5</ele><time>2025-12-29T06:29:13Z</time></trkpt><trkpt lat="22.234446666666667" lon="113.91986166666666"><ele>329.0</ele><time>2025-12-29T06:29:15Z</time></trkpt><trkpt lat="22.234429999999996" lon="113.91988"><ele>328.29999999999995</ele><time>2025-12-29T06:29:18Z</time></trkpt><trkpt lat="22.234413333333336" lon="113.91988833333335"><ele>327.59999999999997</ele><time>2025-12-29T06:29:20Z</time></trkpt><trkpt lat="22.234396666666665" lon="113.91989833333334"><ele>327.2</ele><time>2025-12-29T06:29:22Z</time></trkpt><trkpt lat="22.23438" lon="113.91991166666666"><ele>326.59999999999997</ele><time>2025-12-29T06:29:24Z</time></trkpt><trkpt lat="22.23436333333333" lon="113.91992666666665"><ele>325.59999999999997</ele><time>2025-12-29T06:29:27Z</time></trkpt><trkpt lat="22.23434666666667" lon="113.91993666666667"><ele>325.09999999999997</ele><time>2025-12-29T06:29:29Z</time></trkpt><trkpt lat="22.23433" lon="113.91995333333334"><ele>324.5</ele><time>2025-12-29T06:29:31Z</time></trkpt><trkpt lat="22.234309999999997" lon="113.91995666666665"><ele>323.5</ele><time>2025-12-29T06:29:34Z</time></trkpt><trkpt lat="22.234293333333333" lon="113.91996499999999"><ele>323.0</ele><time>2025-12-29T06:29:37Z</time></trkpt><trkpt lat="22.23427" lon="113.91996499999999"><ele>322.2</ele><time>2025-12-29T06:29:41Z</time></trkpt><trkpt lat="22.234249999999996" lon="113.91997666666666"><ele>321.7</ele><time>2025-12-29T06:29:45Z</time></trkpt><trkpt lat="22.23422833333333" lon="113.91997666666666"><ele>321.2</ele><time>2025-12-29T06:29:48Z</time></trkpt><trkpt lat="22.23421" lon="113.91998333333335"><ele>320.7</ele><time>2025-12-29T06:29:51Z</time></trkpt><trkpt lat="22.234191666666668" lon="113.91999333333334"><ele>320.4</ele><time>2025-12-29T06:29:56Z</time></trkpt><trkpt lat="22.23416333333333" lon="113.92003000000001"><ele>327.5</ele><time>2025-12-29T06:30:49Z</time></trkpt><trkpt lat="22.234143333333336" lon="113.92002833333332"><ele>327.29999999999995</ele><time>2025-12-29T06:30:51Z</time></trkpt><trkpt lat="22.23412" lon="113.92003666666666"><ele>327.0</ele><time>2025-12-29T06:30:54Z</time></trkpt><trkpt lat="22.234099999999998" lon="113.92004333333334"><ele>326.59999999999997</ele><time>2025-12-29T06:30:57Z</time></trkpt><trkpt lat="22.234084999999997" lon="113.92006"><ele>326.2</ele><time>2025-12-29T06:31:00Z</time></trkpt><trkpt lat="22.234066666666664" lon="113.92007833333334"><ele>325.79999999999995</ele><time>2025-12-29T06:31:04Z</time></trkpt><trkpt lat="22.234050000000003" lon="113.92009333333333"><ele>325.4</ele><time>2025-12-29T06:31:07Z</time></trkpt><trkpt lat="22.234028333333338" lon="113.92010833333333"><ele>324.29999999999995</ele><time>2025-12-29T06:31:12Z</time></trkpt><trkpt lat="22.234011666666667" lon="113.92011833333332"><ele>323.9</ele><time>2025-12-29T06:31:14Z</time></trkpt><trkpt lat="22.23398666666667" lon="113.92012333333332"><ele>323.0</ele><time>2025-12-29T06:31:17Z</time></trkpt><trkpt lat="22.233963333333335" lon="113.92013666666665"><ele>322.2</ele><time>2025-12-29T06:31:21Z</time></trkpt><trkpt lat="22.233945000000002" lon="113.92015"><ele>321.5</ele><time>2025-12-29T06:31:25Z</time></trkpt><trkpt lat="22.233915000000003" lon="113.92026333333334"><ele>321.29999999999995</ele><time>2025-12-29T06:31:40Z</time></trkpt><trkpt lat="22.233909999999998" lon="113.92028333333334"><ele>321.4</ele><time>2025-12-29T06:31:42Z</time></trkpt><trkpt lat="22.233911666666668" lon="113.92036000000002"><ele>321.79999999999995</ele><time>2025-12-29T06:31:55Z</time></trkpt><trkpt lat="22.233903333333334" lon="113.92039000000001"><ele>322.2</ele><time>2025-12-29T06:31:58Z</time></trkpt><trkpt lat="22.233898333333332" lon="113.92040999999999"><ele>322.79999999999995</ele><time>2025-12-29T06:32:02Z</time></trkpt><trkpt lat="22.233909999999998" lon="113.92042666666666"><ele>323.5</ele><time>2025-12-29T06:32:05Z</time></trkpt><trkpt lat="22.233916666666666" lon="113.92044666666668"><ele>324.09999999999997</ele><time>2025-12-29T06:32:09Z</time></trkpt><trkpt lat="22.233906666666666" lon="113.92046833333333"><ele>324.59999999999997</ele><time>2025-12-29T06:32:13Z</time></trkpt><trkpt lat="22.233893333333338" lon="113.92048166666667"><ele>324.9</ele><time>2025-12-29T06:32:16Z</time></trkpt><trkpt lat="22.23388333333333" lon="113.92050166666668"><ele>325.5</ele><time>2025-12-29T06:32:21Z</time></trkpt><trkpt lat="22.233873333333335" lon="113.92052333333335"><ele>325.5</ele><time>2025-12-29T06:32:25Z</time></trkpt><trkpt lat="22.233863333333336" lon="113.92054166666667"><ele>325.2</ele><time>2025-12-29T06:32:29Z</time></trkpt><trkpt lat="22.233844999999995" lon="113.92055166666665"><ele>324.79999999999995</ele><time>2025-12-29T06:32:33Z</time></trkpt><trkpt lat="22.233773333333335" lon="113.92062666666668"><ele>320.5</ele><time>2025-12-29T06:33:09Z</time></trkpt><trkpt lat="22.233756666666668" lon="113.92064833333333"><ele>319.29999999999995</ele><time>2025-12-29T06:33:15Z</time></trkpt><trkpt lat="22.233738333333335" lon="113.92065833333332"><ele>318.5</ele><time>2025-12-29T06:33:18Z</time></trkpt><trkpt lat="22.233718333333332" lon="113.92065666666667"><ele>317.59999999999997</ele><time>2025-12-29T06:33:21Z</time></trkpt><trkpt lat="22.233705" lon="113.92067333333334"><ele>316.79999999999995</ele><time>2025-12-29T06:33:26Z</time></trkpt><trkpt lat="22.233705" lon="113.92069666666666"><ele>316.0</ele><time>2025-12-29T06:33:30Z</time></trkpt><trkpt lat="22.233686666666667" lon="113.92071"><ele>315.09999999999997</ele><time>2025-12-29T06:33:35Z</time></trkpt><trkpt lat="22.233666666666668" lon="113.92072333333333"><ele>314.59999999999997</ele><time>2025-12-29T06:33:38Z</time></trkpt><trkpt lat="22.233648333333335" lon="113.92073333333335"><ele>313.9</ele><time>2025-12-29T06:33:41Z</time></trkpt><trkpt lat="22.233634999999996" lon="113.92074833333332"><ele>313.0</ele><time>2025-12-29T06:33:45Z</time></trkpt><trkpt lat="22.233619999999995" lon="113.92076666666665"><ele>312.5</ele><time>2025-12-29T06:33:48Z</time></trkpt><trkpt lat="22.233594999999998" lon="113.92078000000001"><ele>311.4</ele><time>2025-12-29T06:33:51Z</time></trkpt><trkpt lat="22.233586666666664" lon="113.92079833333334"><ele>310.9</ele><time>2025-12-29T06:33:54Z</time></trkpt><trkpt lat="22.233578333333337" lon="113.92082"><ele>309.59999999999997</ele><time>2025-12-29T06:34:00Z</time></trkpt><trkpt lat="22.233561666666667" lon="113.92083333333333"><ele>308.9</ele><time>2025-12-29T06:34:04Z</time></trkpt><trkpt lat="22.23354" lon="113.92083499999998"><ele>307.59999999999997</ele><time>2025-12-29T06:34:08Z</time></trkpt><trkpt lat="22.233521666666668" lon="113.92083666666667"><ele>306.7</ele><time>2025-12-29T06:34:12Z</time></trkpt><trkpt lat="22.23350833333333" lon="113.92085"><ele>305.9</ele><time>2025-12-29T06:34:15Z</time></trkpt><trkpt lat="22.233498333333333" lon="113.92086833333333"><ele>304.9</ele><time>2025-12-29T06:34:18Z</time></trkpt><trkpt lat="22.233476666666668" lon="113.92088"><ele>303.4</ele><time>2025-12-29T06:34:22Z</time></trkpt><trkpt lat="22.233458333333335" lon="113.92088166666666"><ele>302.9</ele><time>2025-12-29T06:34:25Z</time></trkpt><trkpt lat="22.233443333333337" lon="113.92089833333333"><ele>302.5</ele><time>2025-12-29T06:34:28Z</time></trkpt><trkpt lat="22.233435" lon="113.92091666666666"><ele>301.4</ele><time>2025-12-29T06:34:40Z</time></trkpt><trkpt lat="22.233423333333334" lon="113.92093333333332"><ele>301.29999999999995</ele><time>2025-12-29T06:34:45Z</time></trkpt><trkpt lat="22.233414999999997" lon="113.92095499999999"><ele>300.79999999999995</ele><time>2025-12-29T06:34:49Z</time></trkpt><trkpt lat="22.233405" lon="113.92097166666666"><ele>300.4</ele><time>2025-12-29T06:34:51Z</time></trkpt><trkpt lat="22.233383333333336" lon="113.92098166666668"><ele>299.2</ele><time>2025-12-29T06:34:54Z</time></trkpt><trkpt lat="22.233363333333333" lon="113.92097833333334"><ele>298.59999999999997</ele><time>2025-12-29T06:34:56Z</time></trkpt><trkpt lat="22.23334333333333" lon="113.92098499999999"><ele>297.5</ele><time>2025-12-29T06:35:00Z</time></trkpt><trkpt lat="22.233321666666665" lon="113.920995"><ele>296.5</ele><time>2025-12-29T06:35:04Z</time></trkpt><trkpt lat="22.233303333333332" lon="113.920995"><ele>295.79999999999995</ele><time>2025-12-29T06:35:06Z</time></trkpt><trkpt lat="22.23328333333333" lon="113.92099166666667"><ele>294.09999999999997</ele><time>2025-12-29T06:35:10Z</time></trkpt><trkpt lat="22.233265" lon="113.92099833333332"><ele>292.4</ele><time>2025-12-29T06:35:15Z</time></trkpt><trkpt lat="22.233248333333336" lon="113.92100666666666"><ele>291.5</ele><time>2025-12-29T06:35:20Z</time></trkpt><trkpt lat="22.233231666666665" lon="113.92102166666668"><ele>290.4</ele><time>2025-12-29T06:35:23Z</time></trkpt><trkpt lat="22.23322" lon="113.92103833333334"><ele>289.09999999999997</ele><time>2025-12-29T06:35:27Z</time></trkpt><trkpt lat="22.233201666666666" lon="113.92104333333333"><ele>287.7</ele><time>2025-12-29T06:35:32Z</time></trkpt><trkpt lat="22.23318" lon="113.92103333333334"><ele>286.5</ele><time>2025-12-29T06:35:39Z</time></trkpt><trkpt lat="22.233159999999998" lon="113.921035"><ele>286.2</ele><time>2025-12-29T06:35:45Z</time></trkpt><trkpt lat="22.233140000000002" lon="113.92103999999999"><ele>286.0</ele><time>2025-12-29T06:35:49Z</time></trkpt><trkpt lat="22.23312333333333" lon="113.92104833333333"><ele>285.79999999999995</ele><time>2025-12-29T06:35:52Z</time></trkpt><trkpt lat="22.23310333333333" lon="113.921065"><ele>285.4</ele><time>2025-12-29T06:35:56Z</time></trkpt><trkpt lat="22.23308666666667" lon="113.92107833333333"><ele>285.0</ele><time>2025-12-29T06:35:59Z</time></trkpt><trkpt lat="22.233069999999998" lon="113.92108666666667"><ele>284.59999999999997</ele><time>2025-12-29T06:36:02Z</time></trkpt><trkpt lat="22.233048333333333" lon="113.92109"><ele>284.29999999999995</ele><time>2025-12-29T06:36:06Z</time></trkpt><trkpt lat="22.23303166666667" lon="113.92109833333333"><ele>284.2</ele><time>2025-12-29T06:36:09Z</time></trkpt><trkpt lat="22.233003333333333" lon="113.92111333333332"><ele>284.59999999999997</ele><time>2025-12-29T06:36:20Z</time></trkpt><trkpt lat="22.232985" lon="113.92111166666668"><ele>284.29999999999995</ele><time>2025-12-29T06:36:23Z</time></trkpt><trkpt lat="22.232963333333334" lon="113.92110833333332"><ele>283.79999999999995</ele><time>2025-12-29T06:36:26Z</time></trkpt><trkpt lat="22.232946666666667" lon="113.92112666666665"><ele>283.09999999999997</ele><time>2025-12-29T06:36:31Z</time></trkpt><trkpt lat="22.232928333333334" lon="113.92113666666667"><ele>282.4</ele><time>2025-12-29T06:36:35Z</time></trkpt><trkpt lat="22.23290833333333" lon="113.92114000000001"><ele>281.0</ele><time>2025-12-29T06:36:40Z</time></trkpt><trkpt lat="22.232889999999998" lon="113.92114666666666"><ele>281.0</ele><time>2025-12-29T06:36:42Z</time></trkpt><trkpt lat="22.232873333333334" lon="113.921155"><ele>280.79999999999995</ele><time>2025-12-29T06:36:44Z</time></trkpt><trkpt lat="22.23285166666667" lon="113.92117333333333"><ele>280.5</ele><time>2025-12-29T06:36:48Z</time></trkpt><trkpt lat="22.23283333333333" lon="113.921185"><ele>280.4</ele><time>2025-12-29T06:36:51Z</time></trkpt><trkpt lat="22.232813333333336" lon="113.92119"><ele>279.79999999999995</ele><time>2025-12-29T06:36:55Z</time></trkpt><trkpt lat="22.232795000000003" lon="113.92120000000001"><ele>279.0</ele><time>2025-12-29T06:36:58Z</time></trkpt><trkpt lat="22.232781666666664" lon="113.92121333333334"><ele>278.5</ele><time>2025-12-29T06:37:00Z</time></trkpt><trkpt lat="22.232765000000004" lon="113.92122333333333"><ele>278.09999999999997</ele><time>2025-12-29T06:37:03Z</time></trkpt><trkpt lat="22.23274666666667" lon="113.92123000000001"><ele>277.79999999999995</ele><time>2025-12-29T06:37:05Z</time></trkpt><trkpt lat="22.232723333333336" lon="113.921245"><ele>277.5</ele><time>2025-12-29T06:37:08Z</time></trkpt><trkpt lat="22.232703333333333" lon="113.92125499999999"><ele>277.09999999999997</ele><time>2025-12-29T06:37:11Z</time></trkpt><trkpt lat="22.232685" lon="113.92126333333333"><ele>277.0</ele><time>2025-12-29T06:37:13Z</time></trkpt><trkpt lat="22.232663333333335" lon="113.921275"><ele>276.79999999999995</ele><time>2025-12-29T06:37:16Z</time></trkpt><trkpt lat="22.23264166666667" lon="113.92128"><ele>276.5</ele><time>2025-12-29T06:37:20Z</time></trkpt><trkpt lat="22.23262333333333" lon="113.92127333333335"><ele>276.7</ele><time>2025-12-29T06:37:23Z</time></trkpt><trkpt lat="22.232606666666666" lon="113.92129000000001"><ele>276.9</ele><time>2025-12-29T06:37:27Z</time></trkpt><trkpt lat="22.23259666666667" lon="113.92131166666668"><ele>276.7</ele><time>2025-12-29T06:37:30Z</time></trkpt><trkpt lat="22.232591666666668" lon="113.921335"><ele>276.59999999999997</ele><time>2025-12-29T06:37:34Z</time></trkpt><trkpt lat="22.232585000000004" lon="113.92135833333332"><ele>276.59999999999997</ele><time>2025-12-29T06:37:38Z</time></trkpt><trkpt lat="22.232570000000003" lon="113.92137333333334"><ele>276.59999999999997</ele><time>2025-12-29T06:37:41Z</time></trkpt><trkpt lat="22.232565" lon="113.92139333333334"><ele>276.9</ele><time>2025-12-29T06:37:45Z</time></trkpt><trkpt lat="22.232563333333328" lon="113.92141500000001"><ele>276.59999999999997</ele><time>2025-12-29T06:37:49Z</time></trkpt><trkpt lat="22.232570000000003" lon="113.92144166666667"><ele>276.4</ele><time>2025-12-29T06:37:53Z</time></trkpt><trkpt lat="22.232568333333333" lon="113.92146666666667"><ele>276.2</ele><time>2025-12-29T06:37:56Z</time></trkpt><trkpt lat="22.232556666666664" lon="113.92148333333334"><ele>275.5</ele><time>2025-12-29T06:37:59Z</time></trkpt><trkpt lat="22.23253833333333" lon="113.921495"><ele>274.79999999999995</ele><time>2025-12-29T06:38:04Z</time></trkpt><trkpt lat="22.23251833333334" lon="113.92150166666667"><ele>274.29999999999995</ele><time>2025-12-29T06:38:07Z</time></trkpt><trkpt lat="22.232499999999998" lon="113.92151666666665"><ele>274.09999999999997</ele><time>2025-12-29T06:38:10Z</time></trkpt><trkpt lat="22.23249333333333" lon="113.92153666666667"><ele>273.7</ele><time>2025-12-29T06:38:13Z</time></trkpt><trkpt lat="22.23249" lon="113.92155666666667"><ele>273.4</ele><time>2025-12-29T06:38:19Z</time></trkpt><trkpt lat="22.232483333333334" lon="113.92158166666668"><ele>273.09999999999997</ele><time>2025-12-29T06:38:23Z</time></trkpt><trkpt lat="22.23247333333334" lon="113.92160166666666"><ele>272.7</ele><time>2025-12-29T06:38:27Z</time></trkpt><trkpt lat="22.232466666666664" lon="113.921625"><ele>272.59999999999997</ele><time>2025-12-29T06:38:30Z</time></trkpt><trkpt lat="22.232466666666664" lon="113.92164666666667"><ele>272.29999999999995</ele><time>2025-12-29T06:38:34Z</time></trkpt><trkpt lat="22.232466666666664" lon="113.92166999999999"><ele>272.0</ele><time>2025-12-29T06:38:38Z</time></trkpt><trkpt lat="22.23246166666667" lon="113.921695"><ele>271.7</ele><time>2025-12-29T06:38:41Z</time></trkpt><trkpt lat="22.232453333333336" lon="113.92171666666667"><ele>271.5</ele><time>2025-12-29T06:38:45Z</time></trkpt><trkpt lat="22.232445" lon="113.92173833333332"><ele>271.59999999999997</ele><time>2025-12-29T06:38:48Z</time></trkpt><trkpt lat="22.23242833333334" lon="113.921755"><ele>271.29999999999995</ele><time>2025-12-29T06:38:51Z</time></trkpt><trkpt lat="22.232421666666664" lon="113.92177666666666"><ele>270.7</ele><time>2025-12-29T06:38:55Z</time></trkpt><trkpt lat="22.232423333333333" lon="113.92180166666667"><ele>270.0</ele><time>2025-12-29T06:38:59Z</time></trkpt><trkpt lat="22.232435000000002" lon="113.92181666666666"><ele>269.7</ele><time>2025-12-29T06:39:02Z</time></trkpt><trkpt lat="22.232451666666666" lon="113.92182499999998"><ele>269.4</ele><time>2025-12-29T06:39:04Z</time></trkpt><trkpt lat="22.23246166666667" lon="113.92184666666665"><ele>268.9</ele><time>2025-12-29T06:39:09Z</time></trkpt><trkpt lat="22.232458333333337" lon="113.92186666666666"><ele>268.7</ele><time>2025-12-29T06:39:13Z</time></trkpt><trkpt lat="22.232451666666666" lon="113.92188833333333"><ele>267.7</ele><time>2025-12-29T06:39:19Z</time></trkpt><trkpt lat="22.232453333333336" lon="113.92190833333333"><ele>267.09999999999997</ele><time>2025-12-29T06:39:24Z</time></trkpt><trkpt lat="22.232436666666665" lon="113.92191833333332"><ele>266.29999999999995</ele><time>2025-12-29T06:39:28Z</time></trkpt><trkpt lat="22.23242" lon="113.92192666666666"><ele>265.4</ele><time>2025-12-29T06:39:34Z</time></trkpt><trkpt lat="22.23241666666667" lon="113.92194666666667"><ele>263.7</ele><time>2025-12-29T06:39:54Z</time></trkpt><trkpt lat="22.232413333333337" lon="113.92196833333334"><ele>262.9</ele><time>2025-12-29T06:40:01Z</time></trkpt><trkpt lat="22.232401666666668" lon="113.92200499999998"><ele>261.0</ele><time>2025-12-29T06:40:20Z</time></trkpt><trkpt lat="22.232391666666665" lon="113.922025"><ele>259.59999999999997</ele><time>2025-12-29T06:40:27Z</time></trkpt><trkpt lat="22.232364999999998" lon="113.92203833333333"><ele>257.79999999999995</ele><time>2025-12-29T06:40:39Z</time></trkpt><trkpt lat="22.232353333333336" lon="113.92205666666665"><ele>257.2</ele><time>2025-12-29T06:40:45Z</time></trkpt><trkpt lat="22.23234" lon="113.92207333333333"><ele>256.7</ele><time>2025-12-29T06:40:50Z</time></trkpt><trkpt lat="22.23232833333333" lon="113.92209499999998"><ele>256.4</ele><time>2025-12-29T06:40:53Z</time></trkpt><trkpt lat="22.232311666666668" lon="113.922115"><ele>255.6</ele><time>2025-12-29T06:40:58Z</time></trkpt><trkpt lat="22.232293333333338" lon="113.92212833333333"><ele>254.4</ele><time>2025-12-29T06:41:02Z</time></trkpt><trkpt lat="22.232271666666666" lon="113.92213166666667"><ele>253.3</ele><time>2025-12-29T06:41:06Z</time></trkpt><trkpt lat="22.232255000000002" lon="113.92214166666666"><ele>252.5</ele><time>2025-12-29T06:41:10Z</time></trkpt><trkpt lat="22.232243333333333" lon="113.92215666666668"><ele>251.8</ele><time>2025-12-29T06:41:14Z</time></trkpt><trkpt lat="22.232228333333335" lon="113.92216833333332"><ele>251.3</ele><time>2025-12-29T06:41:17Z</time></trkpt><trkpt lat="22.232211666666664" lon="113.92218166666667"><ele>250.8</ele><time>2025-12-29T06:41:20Z</time></trkpt><trkpt lat="22.232195" lon="113.92219500000002"><ele>250.1</ele><time>2025-12-29T06:41:24Z</time></trkpt><trkpt lat="22.232176666666668" lon="113.92220166666667"><ele>249.70000000000002</ele><time>2025-12-29T06:41:28Z</time></trkpt><trkpt lat="22.232154999999995" lon="113.92221833333333"><ele>248.70000000000002</ele><time>2025-12-29T06:41:32Z</time></trkpt><trkpt lat="22.232139999999998" lon="113.92223666666665"><ele>248.3</ele><time>2025-12-29T06:41:35Z</time></trkpt><trkpt lat="22.232124999999996" lon="113.922255"><ele>247.8</ele><time>2025-12-29T06:41:39Z</time></trkpt><trkpt lat="22.23210166666667" lon="113.92227166666667"><ele>246.5</ele><time>2025-12-29T06:41:56Z</time></trkpt><trkpt lat="22.232105" lon="113.92231666666666"><ele>244.8</ele><time>2025-12-29T06:42:36Z</time></trkpt><trkpt lat="22.232083333333335" lon="113.92232333333335"><ele>244.3</ele><time>2025-12-29T06:42:46Z</time></trkpt><trkpt lat="22.232055" lon="113.922355"><ele>243.0</ele><time>2025-12-29T06:42:53Z</time></trkpt><trkpt lat="22.232036666666666" lon="113.92236333333334"><ele>242.3</ele><time>2025-12-29T06:42:57Z</time></trkpt><trkpt lat="22.23201333333333" lon="113.92237166666668"><ele>241.5</ele><time>2025-12-29T06:43:02Z</time></trkpt><trkpt lat="22.232003333333335" lon="113.92238833333334"><ele>241.0</ele><time>2025-12-29T06:43:05Z</time></trkpt><trkpt lat="22.231990000000003" lon="113.92240833333332"><ele>240.1</ele><time>2025-12-29T06:43:10Z</time></trkpt><trkpt lat="22.231946666666666" lon="113.92245833333332"><ele>236.8</ele><time>2025-12-29T06:43:25Z</time></trkpt><trkpt lat="22.23193666666667" lon="113.92247833333334"><ele>236.3</ele><time>2025-12-29T06:43:27Z</time></trkpt><trkpt lat="22.23192166666667" lon="113.92249166666667"><ele>235.5</ele><time>2025-12-29T06:43:31Z</time></trkpt><trkpt lat="22.231904999999998" lon="113.92250833333334"><ele>235.20000000000002</ele><time>2025-12-29T06:43:36Z</time></trkpt><trkpt lat="22.231883333333332" lon="113.92253166666666"><ele>234.6</ele><time>2025-12-29T06:43:40Z</time></trkpt><trkpt lat="22.231870000000004" lon="113.92255166666668"><ele>233.8</ele><time>2025-12-29T06:43:43Z</time></trkpt><trkpt lat="22.231855000000003" lon="113.92256833333334"><ele>233.1</ele><time>2025-12-29T06:43:47Z</time></trkpt><trkpt lat="22.231841666666664" lon="113.92258333333332"><ele>232.5</ele><time>2025-12-29T06:43:50Z</time></trkpt><trkpt lat="22.231828333333336" lon="113.92259666666665"><ele>232.1</ele><time>2025-12-29T06:43:52Z</time></trkpt><trkpt lat="22.231814999999997" lon="113.92261666666667"><ele>231.6</ele><time>2025-12-29T06:43:56Z</time></trkpt><trkpt lat="22.231805" lon="113.92264333333333"><ele>230.8</ele><time>2025-12-29T06:44:01Z</time></trkpt><trkpt lat="22.231795" lon="113.92266666666667"><ele>230.3</ele><time>2025-12-29T06:44:03Z</time></trkpt><trkpt lat="22.231783333333336" lon="113.92268833333334"><ele>229.70000000000002</ele><time>2025-12-29T06:44:06Z</time></trkpt><trkpt lat="22.231769999999997" lon="113.92270500000001"><ele>229.20000000000002</ele><time>2025-12-29T06:44:09Z</time></trkpt><trkpt lat="22.23176" lon="113.92272833333332"><ele>228.6</ele><time>2025-12-29T06:44:12Z</time></trkpt><trkpt lat="22.231745" lon="113.922745"><ele>228.0</ele><time>2025-12-29T06:44:14Z</time></trkpt><trkpt lat="22.231730000000002" lon="113.92275999999998"><ele>227.4</ele><time>2025-12-29T06:44:18Z</time></trkpt><trkpt lat="22.231720000000003" lon="113.92277833333334"><ele>227.20000000000002</ele><time>2025-12-29T06:44:24Z</time></trkpt><trkpt lat="22.2317" lon="113.92283166666667"><ele>226.1</ele><time>2025-12-29T06:45:17Z</time></trkpt><trkpt lat="22.231688333333334" lon="113.92284666666667"><ele>224.6</ele><time>2025-12-29T06:45:23Z</time></trkpt><trkpt lat="22.23166" lon="113.92290166666668"><ele>221.1</ele><time>2025-12-29T06:46:18Z</time></trkpt><trkpt lat="22.231641666666665" lon="113.92289333333335"><ele>220.6</ele><time>2025-12-29T06:46:21Z</time></trkpt><trkpt lat="22.23162166666667" lon="113.92289333333335"><ele>220.20000000000002</ele><time>2025-12-29T06:46:23Z</time></trkpt><trkpt lat="22.231601666666666" lon="113.92290166666668"><ele>219.20000000000002</ele><time>2025-12-29T06:46:29Z</time></trkpt><trkpt lat="22.231601666666666" lon="113.92292333333334"><ele>218.4</ele><time>2025-12-29T06:46:32Z</time></trkpt><trkpt lat="22.231598333333334" lon="113.92295"><ele>217.8</ele><time>2025-12-29T06:46:35Z</time></trkpt><trkpt lat="22.231585000000003" lon="113.92296833333333"><ele>217.20000000000002</ele><time>2025-12-29T06:46:38Z</time></trkpt><trkpt lat="22.231571666666664" lon="113.92298333333335"><ele>216.1</ele><time>2025-12-29T06:46:45Z</time></trkpt><trkpt lat="22.231558333333336" lon="113.92299666666668"><ele>215.6</ele><time>2025-12-29T06:46:48Z</time></trkpt><trkpt lat="22.231544999999997" lon="113.92306166666667"><ele>213.3</ele><time>2025-12-29T06:47:01Z</time></trkpt><trkpt lat="22.231541666666665" lon="113.92308666666668"><ele>212.5</ele><time>2025-12-29T06:47:06Z</time></trkpt><trkpt lat="22.231541666666665" lon="113.92311"><ele>212.1</ele><time>2025-12-29T06:47:09Z</time></trkpt><trkpt lat="22.231536666666663" lon="113.92313"><ele>211.5</ele><time>2025-12-29T06:47:14Z</time></trkpt><trkpt lat="22.231526666666664" lon="113.92315333333333"><ele>210.70000000000002</ele><time>2025-12-29T06:47:19Z</time></trkpt><trkpt lat="22.23152" lon="113.92317333333334"><ele>209.8</ele><time>2025-12-29T06:47:24Z</time></trkpt><trkpt lat="22.231513333333336" lon="113.92319666666666"><ele>209.20000000000002</ele><time>2025-12-29T06:47:29Z</time></trkpt><trkpt lat="22.231471666666668" lon="113.92325833333334"><ele>204.0</ele><time>2025-12-29T06:47:56Z</time></trkpt><trkpt lat="22.231453333333334" lon="113.92328"><ele>202.5</ele><time>2025-12-29T06:48:05Z</time></trkpt><trkpt lat="22.23144333333333" lon="113.92329833333334"><ele>201.6</ele><time>2025-12-29T06:48:13Z</time></trkpt><trkpt lat="22.231436666666664" lon="113.92331833333334"><ele>200.8</ele><time>2025-12-29T06:48:18Z</time></trkpt><trkpt lat="22.231423333333336" lon="113.92334166666666"><ele>200.20000000000002</ele><time>2025-12-29T06:48:21Z</time></trkpt><trkpt lat="22.231421666666666" lon="113.92336666666667"><ele>199.0</ele><time>2025-12-29T06:48:27Z</time></trkpt><trkpt lat="22.231409999999997" lon="113.923385"><ele>198.6</ele><time>2025-12-29T06:48:31Z</time></trkpt><trkpt lat="22.231391666666664" lon="113.92339333333332"><ele>198.1</ele><time>2025-12-29T06:48:34Z</time></trkpt><trkpt lat="22.231373333333334" lon="113.92340166666666"><ele>197.4</ele><time>2025-12-29T06:48:38Z</time></trkpt><trkpt lat="22.231355" lon="113.92340166666666"><ele>196.4</ele><time>2025-12-29T06:48:42Z</time></trkpt><trkpt lat="22.231333333333335" lon="113.92339500000001"><ele>195.3</ele><time>2025-12-29T06:48:47Z</time></trkpt><trkpt lat="22.231321666666666" lon="113.92341333333334"><ele>193.8</ele><time>2025-12-29T06:48:54Z</time></trkpt><trkpt lat="22.231313333333333" lon="113.92343333333335"><ele>193.0</ele><time>2025-12-29T06:48:57Z</time></trkpt><trkpt lat="22.23130833333333" lon="113.92345333333333"><ele>192.4</ele><time>2025-12-29T06:48:59Z</time></trkpt><trkpt lat="22.23130666666667" lon="113.923475"><ele>191.4</ele><time>2025-12-29T06:49:03Z</time></trkpt><trkpt lat="22.23130833333333" lon="113.92349666666665"><ele>190.8</ele><time>2025-12-29T06:49:07Z</time></trkpt><trkpt lat="22.231301666666663" lon="113.92351833333332"><ele>190.4</ele><time>2025-12-29T06:49:11Z</time></trkpt><trkpt lat="22.231289999999998" lon="113.92353499999999"><ele>189.70000000000002</ele><time>2025-12-29T06:49:16Z</time></trkpt><trkpt lat="22.231283333333334" lon="113.92355833333335"><ele>189.3</ele><time>2025-12-29T06:49:20Z</time></trkpt><trkpt lat="22.23127833333333" lon="113.92358166666666"><ele>188.8</ele><time>2025-12-29T06:49:24Z</time></trkpt><trkpt lat="22.23126333333333" lon="113.92359833333333"><ele>188.4</ele><time>2025-12-29T06:49:29Z</time></trkpt><trkpt lat="22.231244999999998" lon="113.92360666666667"><ele>187.9</ele><time>2025-12-29T06:49:32Z</time></trkpt><trkpt lat="22.23122" lon="113.92361166666666"><ele>187.1</ele><time>2025-12-29T06:49:36Z</time></trkpt><trkpt lat="22.231201666666667" lon="113.92362499999999"><ele>186.3</ele><time>2025-12-29T06:49:39Z</time></trkpt><trkpt lat="22.231183333333334" lon="113.92363500000002"><ele>185.5</ele><time>2025-12-29T06:49:43Z</time></trkpt><trkpt lat="22.231168333333336" lon="113.92365333333333"><ele>185.0</ele><time>2025-12-29T06:49:46Z</time></trkpt><trkpt lat="22.231150000000003" lon="113.923655"><ele>184.8</ele><time>2025-12-29T06:49:48Z</time></trkpt><trkpt lat="22.23113" lon="113.92366166666667"><ele>184.9</ele><time>2025-12-29T06:49:51Z</time></trkpt><trkpt lat="22.231106666666665" lon="113.92367"><ele>184.5</ele><time>2025-12-29T06:49:54Z</time></trkpt><trkpt lat="22.231088333333332" lon="113.923675"><ele>184.3</ele><time>2025-12-29T06:49:57Z</time></trkpt><trkpt lat="22.23107" lon="113.92366666666666"><ele>183.8</ele><time>2025-12-29T06:50:01Z</time></trkpt><trkpt lat="22.23105333333333" lon="113.92367833333334"><ele>183.3</ele><time>2025-12-29T06:50:04Z</time></trkpt><trkpt lat="22.23103833333333" lon="113.92369500000001"><ele>182.8</ele><time>2025-12-29T06:50:08Z</time></trkpt><trkpt lat="22.231018333333335" lon="113.923705"><ele>182.3</ele><time>2025-12-29T06:50:11Z</time></trkpt><trkpt lat="22.231" lon="113.92371666666668"><ele>181.70000000000002</ele><time>2025-12-29T06:50:14Z</time></trkpt><trkpt lat="22.230978333333336" lon="113.92372833333333"><ele>180.0</ele><time>2025-12-29T06:50:20Z</time></trkpt><trkpt lat="22.230959999999996" lon="113.92373666666666"><ele>179.0</ele><time>2025-12-29T06:50:23Z</time></trkpt><trkpt lat="22.230941666666663" lon="113.92373166666667"><ele>177.9</ele><time>2025-12-29T06:50:28Z</time></trkpt><trkpt lat="22.230923333333333" lon="113.92372166666668"><ele>177.1</ele><time>2025-12-29T06:50:32Z</time></trkpt><trkpt lat="22.230905" lon="113.92371666666668"><ele>176.6</ele><time>2025-12-29T06:50:35Z</time></trkpt><trkpt lat="22.230881666666665" lon="113.92373"><ele>176.0</ele><time>2025-12-29T06:50:38Z</time></trkpt><trkpt lat="22.230863333333332" lon="113.92374"><ele>175.1</ele><time>2025-12-29T06:50:42Z</time></trkpt><trkpt lat="22.230843333333336" lon="113.92374"><ele>174.1</ele><time>2025-12-29T06:50:48Z</time></trkpt><trkpt lat="22.23082" lon="113.92374999999998"><ele>173.1</ele><time>2025-12-29T06:50:55Z</time></trkpt><trkpt lat="22.230781666666665" lon="113.92379166666666"><ele>171.3</ele><time>2025-12-29T06:51:15Z</time></trkpt><trkpt lat="22.230763333333336" lon="113.92380499999999"><ele>170.8</ele><time>2025-12-29T06:51:19Z</time></trkpt><trkpt lat="22.230745000000002" lon="113.92381166666668"><ele>170.1</ele><time>2025-12-29T06:51:23Z</time></trkpt><trkpt lat="22.23072666666667" lon="113.92381166666668"><ele>169.0</ele><time>2025-12-29T06:51:28Z</time></trkpt><trkpt lat="22.23071" lon="113.92382"><ele>168.3</ele><time>2025-12-29T06:51:32Z</time></trkpt><trkpt lat="22.23069333333334" lon="113.92383"><ele>167.6</ele><time>2025-12-29T06:51:37Z</time></trkpt><trkpt lat="22.23064" lon="113.92388833333334"><ele>164.3</ele><time>2025-12-29T06:52:04Z</time></trkpt><trkpt lat="22.230596666666663" lon="113.92392666666667"><ele>162.1</ele><time>2025-12-29T06:52:19Z</time></trkpt><trkpt lat="22.23055" lon="113.92401833333334"><ele>157.0</ele><time>2025-12-29T06:53:02Z</time></trkpt><trkpt lat="22.230521666666665" lon="113.92403333333331"><ele>155.1</ele><time>2025-12-29T06:53:10Z</time></trkpt><trkpt lat="22.230508333333333" lon="113.92405166666667"><ele>154.4</ele><time>2025-12-29T06:53:14Z</time></trkpt><trkpt lat="22.230494999999998" lon="113.92406833333334"><ele>153.8</ele><time>2025-12-29T06:53:17Z</time></trkpt><trkpt lat="22.230473333333332" lon="113.924065"><ele>152.0</ele><time>2025-12-29T06:53:24Z</time></trkpt><trkpt lat="22.230433333333334" lon="113.92409"><ele>149.70000000000002</ele><time>2025-12-29T06:53:33Z</time></trkpt><trkpt lat="22.230421666666665" lon="113.924105"><ele>148.9</ele><time>2025-12-29T06:53:36Z</time></trkpt><trkpt lat="22.230415" lon="113.92412333333331"><ele>147.8</ele><time>2025-12-29T06:53:40Z</time></trkpt><trkpt lat="22.230408333333337" lon="113.92414166666667"><ele>146.8</ele><time>2025-12-29T06:53:44Z</time></trkpt><trkpt lat="22.230401666666662" lon="113.92416499999999"><ele>146.1</ele><time>2025-12-29T06:53:47Z</time></trkpt><trkpt lat="22.230386666666664" lon="113.92418166666667"><ele>145.70000000000002</ele><time>2025-12-29T06:53:49Z</time></trkpt><trkpt lat="22.230365" lon="113.92419166666666"><ele>145.1</ele><time>2025-12-29T06:53:51Z</time></trkpt><trkpt lat="22.230349999999998" lon="113.92421166666666"><ele>143.8</ele><time>2025-12-29T06:53:54Z</time></trkpt><trkpt lat="22.230338333333332" lon="113.92422833333333"><ele>142.8</ele><time>2025-12-29T06:53:57Z</time></trkpt><trkpt lat="22.230326666666663" lon="113.92425"><ele>141.8</ele><time>2025-12-29T06:54:00Z</time></trkpt><trkpt lat="22.230316666666667" lon="113.92426666666667"><ele>141.4</ele><time>2025-12-29T06:54:03Z</time></trkpt><trkpt lat="22.230298333333334" lon="113.92427666666666"><ele>140.8</ele><time>2025-12-29T06:54:06Z</time></trkpt><trkpt lat="22.230286666666665" lon="113.92430333333331"><ele>140.4</ele><time>2025-12-29T06:54:09Z</time></trkpt><trkpt lat="22.23028" lon="113.92432833333332"><ele>140.0</ele><time>2025-12-29T06:54:12Z</time></trkpt><trkpt lat="22.230271666666667" lon="113.92435166666668"><ele>139.6</ele><time>2025-12-29T06:54:15Z</time></trkpt><trkpt lat="22.23026333333333" lon="113.924375"><ele>139.1</ele><time>2025-12-29T06:54:18Z</time></trkpt><trkpt lat="22.23025" lon="113.92439833333334"><ele>138.8</ele><time>2025-12-29T06:54:21Z</time></trkpt><trkpt lat="22.23023333333333" lon="113.92441833333332"><ele>138.3</ele><time>2025-12-29T06:54:23Z</time></trkpt><trkpt lat="22.230225000000004" lon="113.92443999999999"><ele>138.4</ele><time>2025-12-29T06:54:25Z</time></trkpt><trkpt lat="22.23022" lon="113.92446666666667"><ele>138.1</ele><time>2025-12-29T06:54:27Z</time></trkpt><trkpt lat="22.230206666666664" lon="113.92448333333331"><ele>137.4</ele><time>2025-12-29T06:54:30Z</time></trkpt><trkpt lat="22.230193333333332" lon="113.9245"><ele>136.20000000000002</ele><time>2025-12-29T06:54:35Z</time></trkpt><trkpt lat="22.23018833333333" lon="113.92452833333333"><ele>135.6</ele><time>2025-12-29T06:54:39Z</time></trkpt><trkpt lat="22.230183333333336" lon="113.92454833333335"><ele>135.20000000000002</ele><time>2025-12-29T06:54:41Z</time></trkpt><trkpt lat="22.23017666666666" lon="113.92456666666666"><ele>135.0</ele><time>2025-12-29T06:54:43Z</time></trkpt><trkpt lat="22.23017333333333" lon="113.92459166666667"><ele>134.8</ele><time>2025-12-29T06:54:45Z</time></trkpt><trkpt lat="22.23017333333333" lon="113.92461166666665"><ele>134.4</ele><time>2025-12-29T06:54:47Z</time></trkpt><trkpt lat="22.230155" lon="113.92462500000002"><ele>133.9</ele><time>2025-12-29T06:54:50Z</time></trkpt><trkpt lat="22.230133333333335" lon="113.92464166666666"><ele>133.5</ele><time>2025-12-29T06:54:53Z</time></trkpt><trkpt lat="22.230118333333333" lon="113.92465333333332"><ele>133.20000000000002</ele><time>2025-12-29T06:54:55Z</time></trkpt><trkpt lat="22.230105000000002" lon="113.92466833333334"><ele>132.8</ele><time>2025-12-29T06:55:04Z</time></trkpt><trkpt lat="22.230108333333337" lon="113.92469166666666"><ele>133.20000000000002</ele><time>2025-12-29T06:55:09Z</time></trkpt><trkpt lat="22.230103333333332" lon="113.92472000000001"><ele>133.5</ele><time>2025-12-29T06:55:14Z</time></trkpt><trkpt lat="22.230108333333337" lon="113.92474500000002"><ele>133.70000000000002</ele><time>2025-12-29T06:55:16Z</time></trkpt><trkpt lat="22.230108333333337" lon="113.92477166666667"><ele>133.8</ele><time>2025-12-29T06:55:18Z</time></trkpt><trkpt lat="22.230095" lon="113.924785"><ele>133.9</ele><time>2025-12-29T06:55:20Z</time></trkpt><trkpt lat="22.230093333333336" lon="113.92480833333333"><ele>133.9</ele><time>2025-12-29T06:55:22Z</time></trkpt><trkpt lat="22.230078333333335" lon="113.924825"><ele>134.3</ele><time>2025-12-29T06:55:25Z</time></trkpt><trkpt lat="22.230075000000003" lon="113.92485333333335"><ele>134.0</ele><time>2025-12-29T06:55:29Z</time></trkpt><trkpt lat="22.230075000000003" lon="113.92488166666665"><ele>133.6</ele><time>2025-12-29T06:55:32Z</time></trkpt><trkpt lat="22.23006833333333" lon="113.92490000000001"><ele>132.9</ele><time>2025-12-29T06:55:36Z</time></trkpt><trkpt lat="22.230055" lon="113.92491833333334"><ele>132.20000000000002</ele><time>2025-12-29T06:55:40Z</time></trkpt><trkpt lat="22.230045000000004" lon="113.92493666666665"><ele>131.5</ele><time>2025-12-29T06:55:44Z</time></trkpt><trkpt lat="22.230026666666664" lon="113.92495333333333"><ele>131.20000000000002</ele><time>2025-12-29T06:55:48Z</time></trkpt><trkpt lat="22.230011666666663" lon="113.92496833333334"><ele>131.0</ele><time>2025-12-29T06:55:50Z</time></trkpt><trkpt lat="22.23001" lon="113.92498833333333"><ele>131.20000000000002</ele><time>2025-12-29T06:55:53Z</time></trkpt><trkpt lat="22.230001666666666" lon="113.92500999999999"><ele>131.3</ele><time>2025-12-29T06:55:57Z</time></trkpt><trkpt lat="22.229995" lon="113.92503333333335"><ele>131.0</ele><time>2025-12-29T06:56:01Z</time></trkpt><trkpt lat="22.229988333333335" lon="113.92505666666666"><ele>130.70000000000002</ele><time>2025-12-29T06:56:05Z</time></trkpt><trkpt lat="22.229971666666664" lon="113.92507666666667"><ele>131.3</ele><time>2025-12-29T06:56:14Z</time></trkpt><trkpt lat="22.22995166666666" lon="113.92508500000001"><ele>131.0</ele><time>2025-12-29T06:56:18Z</time></trkpt><trkpt lat="22.22993333333333" lon="113.92509166666666"><ele>130.6</ele><time>2025-12-29T06:56:21Z</time></trkpt><trkpt lat="22.229913333333336" lon="113.92509333333334"><ele>130.1</ele><time>2025-12-29T06:56:24Z</time></trkpt><trkpt lat="22.22989166666667" lon="113.92509333333334"><ele>129.4</ele><time>2025-12-29T06:56:30Z</time></trkpt><trkpt lat="22.229871666666668" lon="113.92510166666668"><ele>128.8</ele><time>2025-12-29T06:56:35Z</time></trkpt><trkpt lat="22.229848333333333" lon="113.92515499999999"><ele>127.4</ele><time>2025-12-29T06:56:50Z</time></trkpt><trkpt lat="22.22983166666667" lon="113.92521"><ele>123.30000000000001</ele><time>2025-12-29T06:57:42Z</time></trkpt><trkpt lat="22.229815" lon="113.92520166666667"><ele>122.30000000000001</ele><time>2025-12-29T06:57:47Z</time></trkpt><trkpt lat="22.229793333333337" lon="113.92518999999999"><ele>123.4</ele><time>2025-12-29T06:58:09Z</time></trkpt><trkpt lat="22.229818333333334" lon="113.92524166666665"><ele>116.2</ele><time>2025-12-29T06:59:30Z</time></trkpt><trkpt lat="22.22980166666667" lon="113.92524999999999"><ele>115.7</ele><time>2025-12-29T06:59:35Z</time></trkpt><trkpt lat="22.229748333333337" lon="113.92532833333334"><ele>113.10000000000001</ele><time>2025-12-29T07:00:30Z</time></trkpt><trkpt lat="22.229745" lon="113.92534833333333"><ele>112.60000000000001</ele><time>2025-12-29T07:00:34Z</time></trkpt><trkpt lat="22.22974" lon="113.92536999999999"><ele>111.5</ele><time>2025-12-29T07:00:40Z</time></trkpt><trkpt lat="22.22972333333333" lon="113.92538166666667"><ele>110.2</ele><time>2025-12-29T07:00:51Z</time></trkpt><trkpt lat="22.229701666666664" lon="113.92539000000001"><ele>109.60000000000001</ele><time>2025-12-29T07:00:54Z</time></trkpt><trkpt lat="22.229689999999998" lon="113.92537166666668"><ele>107.2</ele><time>2025-12-29T07:01:09Z</time></trkpt><trkpt lat="22.229674999999997" lon="113.92535666666666"><ele>106.2</ele><time>2025-12-29T07:01:13Z</time></trkpt><trkpt lat="22.22962166666667" lon="113.92536666666668"><ele>105.0</ele><time>2025-12-29T07:01:41Z</time></trkpt><trkpt lat="22.22962" lon="113.92533999999999"><ele>104.80000000000001</ele><time>2025-12-29T07:01:46Z</time></trkpt><trkpt lat="22.22960333333333" lon="113.92535500000001"><ele>103.60000000000001</ele><time>2025-12-29T07:01:59Z</time></trkpt><trkpt lat="22.229605" lon="113.92538"><ele>103.2</ele><time>2025-12-29T07:02:02Z</time></trkpt><trkpt lat="22.22960333333333" lon="113.92540499999998"><ele>102.80000000000001</ele><time>2025-12-29T07:02:06Z</time></trkpt><trkpt lat="22.229598333333335" lon="113.92542499999999"><ele>102.4</ele><time>2025-12-29T07:02:09Z</time></trkpt><trkpt lat="22.229589999999998" lon="113.92544500000001"><ele>102.10000000000001</ele><time>2025-12-29T07:02:12Z</time></trkpt><trkpt lat="22.229575" lon="113.92545999999999"><ele>101.60000000000001</ele><time>2025-12-29T07:02:14Z</time></trkpt><trkpt lat="22.22956" lon="113.92548000000001"><ele>101.2</ele><time>2025-12-29T07:02:16Z</time></trkpt><trkpt lat="22.229548333333334" lon="113.92550333333332"><ele>100.60000000000001</ele><time>2025-12-29T07:02:20Z</time></trkpt><trkpt lat="22.22954666666667" lon="113.92552499999998"><ele>100.0</ele><time>2025-12-29T07:02:23Z</time></trkpt><trkpt lat="22.229550000000003" lon="113.92554833333334"><ele>99.30000000000001</ele><time>2025-12-29T07:02:27Z</time></trkpt><trkpt lat="22.229539999999997" lon="113.92556666666665"><ele>99.0</ele><time>2025-12-29T07:02:30Z</time></trkpt><trkpt lat="22.229521666666663" lon="113.92558"><ele>99.30000000000001</ele><time>2025-12-29T07:02:42Z</time></trkpt><trkpt lat="22.229505000000003" lon="113.92561333333333"><ele>98.5</ele><time>2025-12-29T07:03:01Z</time></trkpt><trkpt lat="22.229493333333334" lon="113.92562833333335"><ele>97.9</ele><time>2025-12-29T07:03:03Z</time></trkpt><trkpt lat="22.229478333333336" lon="113.92565"><ele>96.4</ele><time>2025-12-29T07:03:06Z</time></trkpt><trkpt lat="22.229463333333335" lon="113.92567333333334"><ele>95.5</ele><time>2025-12-29T07:03:08Z</time></trkpt><trkpt lat="22.229464999999998" lon="113.92569499999999"><ele>95.10000000000001</ele><time>2025-12-29T07:03:10Z</time></trkpt><trkpt lat="22.229475" lon="113.92571333333332"><ele>94.7</ele><time>2025-12-29T07:03:12Z</time></trkpt><trkpt lat="22.229493333333334" lon="113.92571166666667"><ele>94.0</ele><time>2025-12-29T07:03:20Z</time></trkpt><trkpt lat="22.229509999999998" lon="113.92572166666666"><ele>93.60000000000001</ele><time>2025-12-29T07:03:22Z</time></trkpt><trkpt lat="22.22953166666667" lon="113.92573166666668"><ele>93.10000000000001</ele><time>2025-12-29T07:03:24Z</time></trkpt><trkpt lat="22.229551666666666" lon="113.92573499999999"><ele>92.60000000000001</ele><time>2025-12-29T07:03:26Z</time></trkpt><trkpt lat="22.22957333333333" lon="113.92573333333333"><ele>92.30000000000001</ele><time>2025-12-29T07:03:28Z</time></trkpt><trkpt lat="22.229601666666667" lon="113.92572666666668"><ele>91.7</ele><time>2025-12-29T07:03:31Z</time></trkpt><trkpt lat="22.22962" lon="113.92572333333334"><ele>91.2</ele><time>2025-12-29T07:03:33Z</time></trkpt><trkpt lat="22.229638333333334" lon="113.92572666666668"><ele>90.9</ele><time>2025-12-29T07:03:35Z</time></trkpt><trkpt lat="22.229658333333337" lon="113.92572666666668"><ele>90.60000000000001</ele><time>2025-12-29T07:03:37Z</time></trkpt><trkpt lat="22.22968166666667" lon="113.92572333333334"><ele>90.30000000000001</ele><time>2025-12-29T07:03:39Z</time></trkpt><trkpt lat="22.229705" lon="113.92571833333335"><ele>90.2</ele><time>2025-12-29T07:03:41Z</time></trkpt><trkpt lat="22.229725" lon="113.92571666666666"><ele>90.0</ele><time>2025-12-29T07:03:43Z</time></trkpt><trkpt lat="22.22975" lon="113.92572166666666"><ele>90.10000000000001</ele><time>2025-12-29T07:03:45Z</time></trkpt><trkpt lat="22.22977166666667" lon="113.92572666666668"><ele>90.2</ele><time>2025-12-29T07:03:47Z</time></trkpt><trkpt lat="22.229795" lon="113.92572999999999"><ele>90.5</ele><time>2025-12-29T07:03:49Z</time></trkpt><trkpt lat="22.229818333333334" lon="113.92573833333333"><ele>90.80000000000001</ele><time>2025-12-29T07:03:51Z</time></trkpt><trkpt lat="22.22984" lon="113.92575000000001"><ele>90.9</ele><time>2025-12-29T07:03:53Z</time></trkpt><trkpt lat="22.229868333333336" lon="113.92575666666669"><ele>91.10000000000001</ele><time>2025-12-29T07:03:55Z</time></trkpt><trkpt lat="22.229906666666672" lon="113.92575666666669"><ele>91.30000000000001</ele><time>2025-12-29T07:03:57Z</time></trkpt><trkpt lat="22.229925" lon="113.925755"><ele>91.10000000000001</ele><time>2025-12-29T07:03:58Z</time></trkpt><trkpt lat="22.22995166666666" lon="113.92575833333333"><ele>90.7</ele><time>2025-12-29T07:04:00Z</time></trkpt><trkpt lat="22.22997833333333" lon="113.92575666666669"><ele>91.4</ele><time>2025-12-29T07:04:03Z</time></trkpt><trkpt lat="22.230003333333336" lon="113.92575666666669"><ele>91.60000000000001</ele><time>2025-12-29T07:04:05Z</time></trkpt><trkpt lat="22.230030000000003" lon="113.92576333333334"><ele>91.2</ele><time>2025-12-29T07:04:07Z</time></trkpt><trkpt lat="22.230051666666668" lon="113.92576166666667"><ele>90.80000000000001</ele><time>2025-12-29T07:04:09Z</time></trkpt><trkpt lat="22.230076666666665" lon="113.92577333333332"><ele>90.30000000000001</ele><time>2025-12-29T07:04:13Z</time></trkpt><trkpt lat="22.230101666666663" lon="113.92578"><ele>90.4</ele><time>2025-12-29T07:04:15Z</time></trkpt><trkpt lat="22.230124999999997" lon="113.92578999999999"><ele>90.4</ele><time>2025-12-29T07:04:17Z</time></trkpt><trkpt lat="22.230155" lon="113.92579499999998"><ele>90.10000000000001</ele><time>2025-12-29T07:04:19Z</time></trkpt><trkpt lat="22.230178333333335" lon="113.92580000000001"><ele>90.2</ele><time>2025-12-29T07:04:21Z</time></trkpt><trkpt lat="22.230196666666664" lon="113.92580333333332"><ele>90.4</ele><time>2025-12-29T07:04:23Z</time></trkpt><trkpt lat="22.23021833333333" lon="113.92579666666667"><ele>90.7</ele><time>2025-12-29T07:04:25Z</time></trkpt><trkpt lat="22.230243333333338" lon="113.92578666666668"><ele>91.0</ele><time>2025-12-29T07:04:27Z</time></trkpt><trkpt lat="22.23026333333333" lon="113.92577666666666"><ele>91.0</ele><time>2025-12-29T07:04:29Z</time></trkpt><trkpt lat="22.230288333333338" lon="113.92576333333334"><ele>91.0</ele><time>2025-12-29T07:04:31Z</time></trkpt><trkpt lat="22.23031" lon="113.92575666666669"><ele>91.0</ele><time>2025-12-29T07:04:34Z</time></trkpt><trkpt lat="22.230326666666663" lon="113.92574166666667"><ele>90.80000000000001</ele><time>2025-12-29T07:04:36Z</time></trkpt><trkpt lat="22.230345000000003" lon="113.925725"><ele>90.60000000000001</ele><time>2025-12-29T07:04:38Z</time></trkpt><trkpt lat="22.23037" lon="113.92571166666667"><ele>90.60000000000001</ele><time>2025-12-29T07:04:40Z</time></trkpt><trkpt lat="22.230388333333334" lon="113.92569833333333"><ele>90.7</ele><time>2025-12-29T07:04:42Z</time></trkpt><trkpt lat="22.2304" lon="113.92567"><ele>91.10000000000001</ele><time>2025-12-29T07:04:45Z</time></trkpt><trkpt lat="22.230418333333333" lon="113.925655"><ele>91.5</ele><time>2025-12-29T07:04:47Z</time></trkpt><trkpt lat="22.230436666666666" lon="113.92563999999999"><ele>91.60000000000001</ele><time>2025-12-29T07:04:49Z</time></trkpt><trkpt lat="22.230463333333333" lon="113.92562000000001"><ele>91.80000000000001</ele><time>2025-12-29T07:04:51Z</time></trkpt><trkpt lat="22.230479999999996" lon="113.92560333333334"><ele>92.2</ele><time>2025-12-29T07:04:53Z</time></trkpt><trkpt lat="22.230496666666667" lon="113.92558833333332"><ele>92.30000000000001</ele><time>2025-12-29T07:04:55Z</time></trkpt><trkpt lat="22.230511666666665" lon="113.92556"><ele>92.5</ele><time>2025-12-29T07:04:57Z</time></trkpt><trkpt lat="22.230520000000002" lon="113.92554"><ele>92.80000000000001</ele><time>2025-12-29T07:04:59Z</time></trkpt><trkpt lat="22.230526666666666" lon="113.92552166666668"><ele>93.30000000000001</ele><time>2025-12-29T07:05:01Z</time></trkpt><trkpt lat="22.230539999999998" lon="113.92549499999998"><ele>93.60000000000001</ele><time>2025-12-29T07:05:03Z</time></trkpt><trkpt lat="22.23054833333333" lon="113.92547166666667"><ele>93.80000000000001</ele><time>2025-12-29T07:05:05Z</time></trkpt><trkpt lat="22.230565000000002" lon="113.92545666666668"><ele>94.0</ele><time>2025-12-29T07:05:07Z</time></trkpt><trkpt lat="22.23057833333333" lon="113.92543833333333"><ele>94.5</ele><time>2025-12-29T07:05:09Z</time></trkpt><trkpt lat="22.23059" lon="113.92541833333334"><ele>94.5</ele><time>2025-12-29T07:05:11Z</time></trkpt><trkpt lat="22.230605" lon="113.92540333333334"><ele>94.9</ele><time>2025-12-29T07:05:13Z</time></trkpt><trkpt lat="22.230618333333336" lon="113.92538666666665"><ele>95.2</ele><time>2025-12-29T07:05:15Z</time></trkpt><trkpt lat="22.230628333333335" lon="113.92536666666668"><ele>96.10000000000001</ele><time>2025-12-29T07:05:17Z</time></trkpt><trkpt lat="22.23064" lon="113.92534833333333"><ele>96.7</ele><time>2025-12-29T07:05:19Z</time></trkpt><trkpt lat="22.230655000000002" lon="113.92532833333334"><ele>96.7</ele><time>2025-12-29T07:05:21Z</time></trkpt><trkpt lat="22.230663333333336" lon="113.92530666666669"><ele>96.7</ele><time>2025-12-29T07:05:23Z</time></trkpt><trkpt lat="22.230685" lon="113.925295"><ele>96.9</ele><time>2025-12-29T07:05:25Z</time></trkpt><trkpt lat="22.230700000000002" lon="113.92527666666668"><ele>97.4</ele><time>2025-12-29T07:05:27Z</time></trkpt><trkpt lat="22.230719999999998" lon="113.92526500000001"><ele>97.7</ele><time>2025-12-29T07:05:29Z</time></trkpt><trkpt lat="22.23074" lon="113.92525166666668"><ele>98.0</ele><time>2025-12-29T07:05:31Z</time></trkpt><trkpt lat="22.23076" lon="113.92524"><ele>98.30000000000001</ele><time>2025-12-29T07:05:33Z</time></trkpt><trkpt lat="22.230781666666665" lon="113.92522833333332"><ele>98.7</ele><time>2025-12-29T07:05:35Z</time></trkpt><trkpt lat="22.230801666666668" lon="113.925215"><ele>99.10000000000001</ele><time>2025-12-29T07:05:37Z</time></trkpt><trkpt lat="22.230818333333332" lon="113.92520666666665"><ele>99.30000000000001</ele><time>2025-12-29T07:05:39Z</time></trkpt><trkpt lat="22.230841666666667" lon="113.92520666666665"><ele>99.60000000000001</ele><time>2025-12-29T07:05:41Z</time></trkpt><trkpt lat="22.230871666666665" lon="113.92520666666665"><ele>100.2</ele><time>2025-12-29T07:05:43Z</time></trkpt><trkpt lat="22.2309" lon="113.925215"><ele>100.2</ele><time>2025-12-29T07:05:45Z</time></trkpt><trkpt lat="22.23091833333334" lon="113.92522666666667"><ele>100.60000000000001</ele><time>2025-12-29T07:05:47Z</time></trkpt><trkpt lat="22.230935" lon="113.92524999999999"><ele>100.80000000000001</ele><time>2025-12-29T07:05:49Z</time></trkpt><trkpt lat="22.230953333333332" lon="113.92526833333335"><ele>100.60000000000001</ele><time>2025-12-29T07:05:51Z</time></trkpt><trkpt lat="22.230968333333333" lon="113.92528333333333"><ele>100.60000000000001</ele><time>2025-12-29T07:05:53Z</time></trkpt><trkpt lat="22.23098333333333" lon="113.92530166666666"><ele>100.4</ele><time>2025-12-29T07:05:55Z</time></trkpt><trkpt lat="22.230998333333332" lon="113.92532166666666"><ele>100.30000000000001</ele><time>2025-12-29T07:05:57Z</time></trkpt><trkpt lat="22.231008333333328" lon="113.92534833333333"><ele>100.0</ele><time>2025-12-29T07:05:59Z</time></trkpt><trkpt lat="22.231016666666665" lon="113.92537166666668"><ele>99.7</ele><time>2025-12-29T07:06:01Z</time></trkpt><trkpt lat="22.23102666666667" lon="113.92539166666666"><ele>99.60000000000001</ele><time>2025-12-29T07:06:03Z</time></trkpt><trkpt lat="22.231036666666668" lon="113.92541000000001"><ele>99.2</ele><time>2025-12-29T07:06:05Z</time></trkpt><trkpt lat="22.231045" lon="113.92542833333333"><ele>98.80000000000001</ele><time>2025-12-29T07:06:07Z</time></trkpt><trkpt lat="22.23105333333333" lon="113.92544666666666"><ele>98.5</ele><time>2025-12-29T07:06:09Z</time></trkpt><trkpt lat="22.231064999999997" lon="113.92546666666667"><ele>98.0</ele><time>2025-12-29T07:06:11Z</time></trkpt><trkpt lat="22.231076666666663" lon="113.92548833333333"><ele>97.60000000000001</ele><time>2025-12-29T07:06:13Z</time></trkpt><trkpt lat="22.23108666666667" lon="113.92550833333334"><ele>97.2</ele><time>2025-12-29T07:06:15Z</time></trkpt><trkpt lat="22.231096666666666" lon="113.92552833333333"><ele>96.60000000000001</ele><time>2025-12-29T07:06:17Z</time></trkpt><trkpt lat="22.231111666666667" lon="113.92554999999999"><ele>96.0</ele><time>2025-12-29T07:06:20Z</time></trkpt><trkpt lat="22.231125" lon="113.925565"><ele>95.80000000000001</ele><time>2025-12-29T07:06:22Z</time></trkpt><trkpt lat="22.231145" lon="113.92557666666669"><ele>95.80000000000001</ele><time>2025-12-29T07:06:25Z</time></trkpt><trkpt lat="22.23116333333333" lon="113.92559000000001"><ele>95.4</ele><time>2025-12-29T07:06:29Z</time></trkpt><trkpt lat="22.23119" lon="113.92558666666667"><ele>95.0</ele><time>2025-12-29T07:06:31Z</time></trkpt><trkpt lat="22.231211666666663" lon="113.92558833333332"><ele>94.5</ele><time>2025-12-29T07:06:33Z</time></trkpt><trkpt lat="22.231231666666666" lon="113.92558333333334"><ele>93.9</ele><time>2025-12-29T07:06:35Z</time></trkpt><trkpt lat="22.231256666666663" lon="113.92557000000001"><ele>93.30000000000001</ele><time>2025-12-29T07:06:37Z</time></trkpt><trkpt lat="22.231276666666666" lon="113.92555833333333"><ele>93.0</ele><time>2025-12-29T07:06:39Z</time></trkpt><trkpt lat="22.23129333333333" lon="113.92553833333335"><ele>91.5</ele><time>2025-12-29T07:06:43Z</time></trkpt><trkpt lat="22.231315000000002" lon="113.92553666666666"><ele>90.7</ele><time>2025-12-29T07:06:45Z</time></trkpt><trkpt lat="22.231348333333337" lon="113.92554"><ele>90.0</ele><time>2025-12-29T07:06:47Z</time></trkpt><trkpt lat="22.231385" lon="113.92554999999999"><ele>89.60000000000001</ele><time>2025-12-29T07:06:49Z</time></trkpt><trkpt lat="22.231403333333333" lon="113.92555499999999"><ele>89.30000000000001</ele><time>2025-12-29T07:06:50Z</time></trkpt><trkpt lat="22.231426666666668" lon="113.92556"><ele>89.0</ele><time>2025-12-29T07:06:51Z</time></trkpt><trkpt lat="22.231450000000002" lon="113.92557000000001"><ele>88.60000000000001</ele><time>2025-12-29T07:06:52Z</time></trkpt><trkpt lat="22.23148" lon="113.92558333333334"><ele>88.10000000000001</ele><time>2025-12-29T07:06:54Z</time></trkpt><trkpt lat="22.231501666666666" lon="113.92559666666666"><ele>87.60000000000001</ele><time>2025-12-29T07:06:57Z</time></trkpt><trkpt lat="22.231525" lon="113.92561166666668"><ele>87.2</ele><time>2025-12-29T07:07:00Z</time></trkpt><trkpt lat="22.231546666666667" lon="113.92563"><ele>87.2</ele><time>2025-12-29T07:07:02Z</time></trkpt><trkpt lat="22.231566666666662" lon="113.92565166666667"><ele>87.10000000000001</ele><time>2025-12-29T07:07:04Z</time></trkpt><trkpt lat="22.23159333333333" lon="113.92567499999998"><ele>87.2</ele><time>2025-12-29T07:07:06Z</time></trkpt><trkpt lat="22.231616666666664" lon="113.92569"><ele>87.30000000000001</ele><time>2025-12-29T07:07:08Z</time></trkpt><trkpt lat="22.231633333333335" lon="113.92569833333333"><ele>87.4</ele><time>2025-12-29T07:07:10Z</time></trkpt><trkpt lat="22.23166" lon="113.92571166666667"><ele>87.9</ele><time>2025-12-29T07:07:13Z</time></trkpt><trkpt lat="22.231678333333335" lon="113.92572"><ele>87.80000000000001</ele><time>2025-12-29T07:07:15Z</time></trkpt><trkpt lat="22.231701666666662" lon="113.925725"><ele>87.80000000000001</ele><time>2025-12-29T07:07:17Z</time></trkpt><trkpt lat="22.231731666666665" lon="113.92572333333334"><ele>87.60000000000001</ele><time>2025-12-29T07:07:19Z</time></trkpt><trkpt lat="22.231755" lon="113.92571333333332"><ele>87.4</ele><time>2025-12-29T07:07:21Z</time></trkpt><trkpt lat="22.231778333333335" lon="113.92569999999999"><ele>87.30000000000001</ele><time>2025-12-29T07:07:24Z</time></trkpt><trkpt lat="22.231803333333332" lon="113.92569"><ele>87.10000000000001</ele><time>2025-12-29T07:07:26Z</time></trkpt><trkpt lat="22.231826666666667" lon="113.92569166666665"><ele>86.80000000000001</ele><time>2025-12-29T07:07:28Z</time></trkpt><trkpt lat="22.231855000000003" lon="113.92569166666665"><ele>86.7</ele><time>2025-12-29T07:07:30Z</time></trkpt><trkpt lat="22.231885000000002" lon="113.92567833333332"><ele>86.60000000000001</ele><time>2025-12-29T07:07:32Z</time></trkpt><trkpt lat="22.231904999999998" lon="113.925665"><ele>86.5</ele><time>2025-12-29T07:07:34Z</time></trkpt><trkpt lat="22.231925" lon="113.92564833333333"><ele>86.2</ele><time>2025-12-29T07:07:37Z</time></trkpt><trkpt lat="22.231949999999998" lon="113.92565333333332"><ele>85.7</ele><time>2025-12-29T07:07:39Z</time></trkpt><trkpt lat="22.231971666666663" lon="113.92563999999999"><ele>85.4</ele><time>2025-12-29T07:07:41Z</time></trkpt><trkpt lat="22.232001666666665" lon="113.92563666666668"><ele>85.2</ele><time>2025-12-29T07:07:43Z</time></trkpt><trkpt lat="22.23202666666667" lon="113.92564666666667"><ele>84.80000000000001</ele><time>2025-12-29T07:07:45Z</time></trkpt><trkpt lat="22.232048333333335" lon="113.92564666666667"><ele>84.80000000000001</ele><time>2025-12-29T07:07:47Z</time></trkpt><trkpt lat="22.232073333333332" lon="113.92565833333335"><ele>84.80000000000001</ele><time>2025-12-29T07:07:49Z</time></trkpt><trkpt lat="22.23210166666667" lon="113.92567833333332"><ele>85.10000000000001</ele><time>2025-12-29T07:07:51Z</time></trkpt><trkpt lat="22.232113333333338" lon="113.92569333333334"><ele>85.30000000000001</ele><time>2025-12-29T07:07:52Z</time></trkpt><trkpt lat="22.232131666666668" lon="113.92570833333333"><ele>85.60000000000001</ele><time>2025-12-29T07:07:54Z</time></trkpt><trkpt lat="22.23215" lon="113.92572833333334"><ele>86.4</ele><time>2025-12-29T07:07:56Z</time></trkpt><trkpt lat="22.232166666666664" lon="113.92575000000001"><ele>86.7</ele><time>2025-12-29T07:07:58Z</time></trkpt><trkpt lat="22.232186666666667" lon="113.92576833333332"><ele>87.5</ele><time>2025-12-29T07:08:00Z</time></trkpt><trkpt lat="22.232203333333338" lon="113.92578333333334"><ele>88.4</ele><time>2025-12-29T07:08:02Z</time></trkpt><trkpt lat="22.23222333333333" lon="113.92580166666667"><ele>89.0</ele><time>2025-12-29T07:08:04Z</time></trkpt><trkpt lat="22.232244999999995" lon="113.92582333333333"><ele>89.80000000000001</ele><time>2025-12-29T07:08:06Z</time></trkpt><trkpt lat="22.232263333333336" lon="113.92584166666666"><ele>90.7</ele><time>2025-12-29T07:08:08Z</time></trkpt><trkpt lat="22.232285" lon="113.92585499999998"><ele>91.80000000000001</ele><time>2025-12-29T07:08:10Z</time></trkpt><trkpt lat="22.232303333333334" lon="113.92586666666666"><ele>92.30000000000001</ele><time>2025-12-29T07:08:12Z</time></trkpt><trkpt lat="22.232319999999998" lon="113.92587833333333"><ele>92.7</ele><time>2025-12-29T07:08:14Z</time></trkpt><trkpt lat="22.232336666666665" lon="113.92589000000001"><ele>93.30000000000001</ele><time>2025-12-29T07:08:16Z</time></trkpt><trkpt lat="22.232363333333335" lon="113.92590166666666"><ele>93.30000000000001</ele><time>2025-12-29T07:08:18Z</time></trkpt><trkpt lat="22.23238666666667" lon="113.92590833333334"><ele>93.5</ele><time>2025-12-29T07:08:20Z</time></trkpt><trkpt lat="22.232409999999998" lon="113.92591499999999"><ele>93.30000000000001</ele><time>2025-12-29T07:08:22Z</time></trkpt><trkpt lat="22.232435000000002" lon="113.92591833333333"><ele>93.2</ele><time>2025-12-29T07:08:24Z</time></trkpt><trkpt lat="22.232454999999998" lon="113.92591833333333"><ele>93.10000000000001</ele><time>2025-12-29T07:08:26Z</time></trkpt><trkpt lat="22.232478333333333" lon="113.92592333333332"><ele>93.30000000000001</ele><time>2025-12-29T07:08:28Z</time></trkpt><trkpt lat="22.232505" lon="113.925925"><ele>93.2</ele><time>2025-12-29T07:08:30Z</time></trkpt><trkpt lat="22.232529999999997" lon="113.92592"><ele>93.10000000000001</ele><time>2025-12-29T07:08:32Z</time></trkpt><trkpt lat="22.232553333333332" lon="113.92591499999999"><ele>92.9</ele><time>2025-12-29T07:08:34Z</time></trkpt><trkpt lat="22.23258166666667" lon="113.925905"><ele>92.80000000000001</ele><time>2025-12-29T07:08:36Z</time></trkpt><trkpt lat="22.232606666666666" lon="113.92590166666666"><ele>92.7</ele><time>2025-12-29T07:08:38Z</time></trkpt><trkpt lat="22.23262833333333" lon="113.92590999999999"><ele>92.7</ele><time>2025-12-29T07:08:40Z</time></trkpt><trkpt lat="22.232655" lon="113.92592"><ele>92.5</ele><time>2025-12-29T07:08:42Z</time></trkpt><trkpt lat="22.232681666666668" lon="113.925925"><ele>92.80000000000001</ele><time>2025-12-29T07:08:44Z</time></trkpt><trkpt lat="22.232708333333335" lon="113.92593166666666"><ele>92.9</ele><time>2025-12-29T07:08:46Z</time></trkpt><trkpt lat="22.232735" lon="113.92593666666669"><ele>93.10000000000001</ele><time>2025-12-29T07:08:48Z</time></trkpt><trkpt lat="22.23275833333333" lon="113.92594166666667"><ele>93.10000000000001</ele><time>2025-12-29T07:08:50Z</time></trkpt><trkpt lat="22.232783333333334" lon="113.92594499999998"><ele>93.9</ele><time>2025-12-29T07:08:52Z</time></trkpt><trkpt lat="22.232813333333336" lon="113.92594833333332"><ele>94.4</ele><time>2025-12-29T07:08:54Z</time></trkpt><trkpt lat="22.23283666666667" lon="113.92595000000001"><ele>94.80000000000001</ele><time>2025-12-29T07:08:56Z</time></trkpt><trkpt lat="22.23286166666667" lon="113.92595333333333"><ele>95.0</ele><time>2025-12-29T07:08:58Z</time></trkpt><trkpt lat="22.232886666666666" lon="113.92596166666665"><ele>94.9</ele><time>2025-12-29T07:09:00Z</time></trkpt><trkpt lat="22.23290666666667" lon="113.92596"><ele>94.5</ele><time>2025-12-29T07:09:02Z</time></trkpt><trkpt lat="22.232933333333335" lon="113.92596166666665"><ele>94.10000000000001</ele><time>2025-12-29T07:09:05Z</time></trkpt><trkpt lat="22.232955" lon="113.92596499999999"><ele>93.9</ele><time>2025-12-29T07:09:07Z</time></trkpt><trkpt lat="22.232981666666667" lon="113.92597166666668"><ele>93.80000000000001</ele><time>2025-12-29T07:09:09Z</time></trkpt><trkpt lat="22.233003333333333" lon="113.92598333333332"><ele>94.0</ele><time>2025-12-29T07:09:11Z</time></trkpt><trkpt lat="22.23302833333333" lon="113.92600166666668"><ele>94.10000000000001</ele><time>2025-12-29T07:09:13Z</time></trkpt><trkpt lat="22.23304666666667" lon="113.92602166666666"><ele>93.9</ele><time>2025-12-29T07:09:15Z</time></trkpt><trkpt lat="22.233065000000003" lon="113.92604333333333"><ele>93.5</ele><time>2025-12-29T07:09:17Z</time></trkpt><trkpt lat="22.233076666666662" lon="113.92606333333333"><ele>93.2</ele><time>2025-12-29T07:09:19Z</time></trkpt><trkpt lat="22.233083333333337" lon="113.926085"><ele>93.10000000000001</ele><time>2025-12-29T07:09:21Z</time></trkpt><trkpt lat="22.23309" lon="113.92611000000001"><ele>93.30000000000001</ele><time>2025-12-29T07:09:23Z</time></trkpt><trkpt lat="22.233096666666665" lon="113.92614"><ele>93.5</ele><time>2025-12-29T07:09:25Z</time></trkpt><trkpt lat="22.233099999999997" lon="113.92617"><ele>93.10000000000001</ele><time>2025-12-29T07:09:27Z</time></trkpt><trkpt lat="22.23310333333333" lon="113.92619833333335"><ele>92.7</ele><time>2025-12-29T07:09:29Z</time></trkpt><trkpt lat="22.233111666666666" lon="113.92622666666666"><ele>92.4</ele><time>2025-12-29T07:09:31Z</time></trkpt><trkpt lat="22.233116666666668" lon="113.92626"><ele>92.10000000000001</ele><time>2025-12-29T07:09:33Z</time></trkpt><trkpt lat="22.233114999999998" lon="113.92629166666666"><ele>91.9</ele><time>2025-12-29T07:09:35Z</time></trkpt><trkpt lat="22.233113333333336" lon="113.92632499999999"><ele>91.80000000000001</ele><time>2025-12-29T07:09:37Z</time></trkpt><trkpt lat="22.23311833333333" lon="113.92634666666666"><ele>91.4</ele><time>2025-12-29T07:09:39Z</time></trkpt><trkpt lat="22.23313166666667" lon="113.92636666666667"><ele>91.2</ele><time>2025-12-29T07:09:41Z</time></trkpt><trkpt lat="22.233146666666666" lon="113.92638833333334"><ele>91.2</ele><time>2025-12-29T07:09:43Z</time></trkpt><trkpt lat="22.23316333333333" lon="113.92641833333333"><ele>91.9</ele><time>2025-12-29T07:09:45Z</time></trkpt><trkpt lat="22.233170000000005" lon="113.926445"><ele>92.5</ele><time>2025-12-29T07:09:47Z</time></trkpt><trkpt lat="22.23317833333333" lon="113.92646833333335"><ele>92.9</ele><time>2025-12-29T07:09:49Z</time></trkpt><trkpt lat="22.233196666666664" lon="113.92648666666668"><ele>92.9</ele><time>2025-12-29T07:09:51Z</time></trkpt><trkpt lat="22.233218333333337" lon="113.92650166666665"><ele>92.7</ele><time>2025-12-29T07:09:53Z</time></trkpt><trkpt lat="22.233231666666665" lon="113.92652000000001"><ele>92.7</ele><time>2025-12-29T07:09:55Z</time></trkpt><trkpt lat="22.233246666666666" lon="113.92653999999999"><ele>92.5</ele><time>2025-12-29T07:09:57Z</time></trkpt><trkpt lat="22.233261666666667" lon="113.92655166666667"><ele>92.10000000000001</ele><time>2025-12-29T07:09:59Z</time></trkpt><trkpt lat="22.23328333333333" lon="113.92655666666666"><ele>91.9</ele><time>2025-12-29T07:10:01Z</time></trkpt><trkpt lat="22.233301666666662" lon="113.92655333333332"><ele>92.0</ele><time>2025-12-29T07:10:03Z</time></trkpt><trkpt lat="22.233321666666665" lon="113.92655666666666"><ele>91.7</ele><time>2025-12-29T07:10:05Z</time></trkpt><trkpt lat="22.233348333333332" lon="113.92656000000001"><ele>91.4</ele><time>2025-12-29T07:10:07Z</time></trkpt><trkpt lat="22.233375000000002" lon="113.92655833333335"><ele>91.10000000000001</ele><time>2025-12-29T07:10:09Z</time></trkpt><trkpt lat="22.233396666666668" lon="113.92655833333335"><ele>90.7</ele><time>2025-12-29T07:10:11Z</time></trkpt><trkpt lat="22.233420000000002" lon="113.92655166666667"><ele>89.80000000000001</ele><time>2025-12-29T07:10:13Z</time></trkpt><trkpt lat="22.23344833333333" lon="113.92655"><ele>88.80000000000001</ele><time>2025-12-29T07:10:15Z</time></trkpt><trkpt lat="22.23347833333333" lon="113.92655666666666"><ele>88.2</ele><time>2025-12-29T07:10:17Z</time></trkpt><trkpt lat="22.233504999999997" lon="113.92656833333334"><ele>87.5</ele><time>2025-12-29T07:10:20Z</time></trkpt><trkpt lat="22.233535" lon="113.92657666666668"><ele>86.60000000000001</ele><time>2025-12-29T07:10:22Z</time></trkpt><trkpt lat="22.233563333333336" lon="113.92658666666667"><ele>86.0</ele><time>2025-12-29T07:10:24Z</time></trkpt><trkpt lat="22.233590000000003" lon="113.9266"><ele>85.7</ele><time>2025-12-29T07:10:26Z</time></trkpt><trkpt lat="22.233618333333332" lon="113.926625"><ele>85.80000000000001</ele><time>2025-12-29T07:10:28Z</time></trkpt><trkpt lat="22.233636666666666" lon="113.92663666666667"><ele>85.80000000000001</ele><time>2025-12-29T07:10:29Z</time></trkpt><trkpt lat="22.233664999999995" lon="113.92665333333335"><ele>85.9</ele><time>2025-12-29T07:10:31Z</time></trkpt><trkpt lat="22.233686666666667" lon="113.92667333333333"><ele>86.2</ele><time>2025-12-29T07:10:33Z</time></trkpt><trkpt lat="22.233696666666667" lon="113.92669"><ele>86.7</ele><time>2025-12-29T07:10:35Z</time></trkpt><trkpt lat="22.233705" lon="113.92672166666668"><ele>87.2</ele><time>2025-12-29T07:10:37Z</time></trkpt><trkpt lat="22.233706666666663" lon="113.92675333333334"><ele>88.2</ele><time>2025-12-29T07:10:39Z</time></trkpt><trkpt lat="22.23370333333333" lon="113.92678833333333"><ele>89.10000000000001</ele><time>2025-12-29T07:10:41Z</time></trkpt><trkpt lat="22.233696666666667" lon="113.92682"><ele>90.2</ele><time>2025-12-29T07:10:43Z</time></trkpt><trkpt lat="22.233686666666667" lon="113.92684833333333"><ele>91.4</ele><time>2025-12-29T07:10:45Z</time></trkpt><trkpt lat="22.233679999999996" lon="113.92688000000001"><ele>92.5</ele><time>2025-12-29T07:10:47Z</time></trkpt><trkpt lat="22.233675" lon="113.92691166666667"><ele>93.2</ele><time>2025-12-29T07:10:49Z</time></trkpt><trkpt lat="22.233673333333332" lon="113.92693666666668"><ele>93.80000000000001</ele><time>2025-12-29T07:10:51Z</time></trkpt><trkpt lat="22.233666666666668" lon="113.92696"><ele>94.30000000000001</ele><time>2025-12-29T07:10:53Z</time></trkpt><trkpt lat="22.23366" lon="113.92698666666665"><ele>94.60000000000001</ele><time>2025-12-29T07:10:55Z</time></trkpt><trkpt lat="22.23365833333333" lon="113.92701166666666"><ele>94.9</ele><time>2025-12-29T07:10:57Z</time></trkpt><trkpt lat="22.233655" lon="113.92703833333334"><ele>95.2</ele><time>2025-12-29T07:10:59Z</time></trkpt><trkpt lat="22.233651666666667" lon="113.92706500000001"><ele>95.9</ele><time>2025-12-29T07:11:01Z</time></trkpt><trkpt lat="22.233646666666665" lon="113.92709166666667"><ele>96.5</ele><time>2025-12-29T07:11:03Z</time></trkpt><trkpt lat="22.233645000000003" lon="113.92712333333333"><ele>96.7</ele><time>2025-12-29T07:11:05Z</time></trkpt><trkpt lat="22.233646666666665" lon="113.92715333333332"><ele>96.60000000000001</ele><time>2025-12-29T07:11:07Z</time></trkpt><trkpt lat="22.233649999999997" lon="113.92717666666667"><ele>96.7</ele><time>2025-12-29T07:11:09Z</time></trkpt><trkpt lat="22.23366" lon="113.92720166666668"><ele>96.7</ele><time>2025-12-29T07:11:11Z</time></trkpt><trkpt lat="22.23367" lon="113.92722666666666"><ele>96.5</ele><time>2025-12-29T07:11:13Z</time></trkpt><trkpt lat="22.233679999999996" lon="113.92725333333334"><ele>96.30000000000001</ele><time>2025-12-29T07:11:15Z</time></trkpt><trkpt lat="22.233690000000003" lon="113.92728166666666"><ele>95.80000000000001</ele><time>2025-12-29T07:11:17Z</time></trkpt><trkpt lat="22.23370333333333" lon="113.927305"><ele>95.2</ele><time>2025-12-29T07:11:19Z</time></trkpt><trkpt lat="22.233718333333332" lon="113.92732333333333"><ele>94.60000000000001</ele><time>2025-12-29T07:11:21Z</time></trkpt><trkpt lat="22.233739999999997" lon="113.92734333333334"><ele>94.10000000000001</ele><time>2025-12-29T07:11:23Z</time></trkpt><trkpt lat="22.233758333333338" lon="113.92736666666666"><ele>93.7</ele><time>2025-12-29T07:11:25Z</time></trkpt><trkpt lat="22.233781666666665" lon="113.92739000000002"><ele>93.60000000000001</ele><time>2025-12-29T07:11:27Z</time></trkpt><trkpt lat="22.233803333333338" lon="113.92741499999998"><ele>93.60000000000001</ele><time>2025-12-29T07:11:29Z</time></trkpt><trkpt lat="22.233825000000003" lon="113.92743666666665"><ele>93.4</ele><time>2025-12-29T07:11:31Z</time></trkpt><trkpt lat="22.233848333333338" lon="113.92745333333332"><ele>93.10000000000001</ele><time>2025-12-29T07:11:33Z</time></trkpt><trkpt lat="22.233871666666666" lon="113.92746666666666"><ele>92.9</ele><time>2025-12-29T07:11:35Z</time></trkpt><trkpt lat="22.233898333333332" lon="113.92747833333333"><ele>93.0</ele><time>2025-12-29T07:11:37Z</time></trkpt><trkpt lat="22.233919999999998" lon="113.927485"><ele>92.9</ele><time>2025-12-29T07:11:39Z</time></trkpt><trkpt lat="22.233938333333338" lon="113.92748666666667"><ele>93.0</ele><time>2025-12-29T07:11:41Z</time></trkpt><trkpt lat="22.233960000000003" lon="113.92749333333335"><ele>92.80000000000001</ele><time>2025-12-29T07:11:43Z</time></trkpt><trkpt lat="22.233983333333338" lon="113.9275"><ele>93.2</ele><time>2025-12-29T07:11:45Z</time></trkpt><trkpt lat="22.23400333333333" lon="113.92751000000001"><ele>94.0</ele><time>2025-12-29T07:11:47Z</time></trkpt><trkpt lat="22.23402666666667" lon="113.92752166666666"><ele>94.7</ele><time>2025-12-29T07:11:49Z</time></trkpt><trkpt lat="22.234054999999998" lon="113.92753666666667"><ele>95.60000000000001</ele><time>2025-12-29T07:11:51Z</time></trkpt><trkpt lat="22.234084999999997" lon="113.92755166666666"><ele>96.10000000000001</ele><time>2025-12-29T07:11:53Z</time></trkpt><trkpt lat="22.23411" lon="113.92756333333334"><ele>96.4</ele><time>2025-12-29T07:11:55Z</time></trkpt><trkpt lat="22.234129999999997" lon="113.92757000000002"><ele>96.5</ele><time>2025-12-29T07:11:57Z</time></trkpt><trkpt lat="22.234144999999998" lon="113.927555"><ele>96.4</ele><time>2025-12-29T07:12:02Z</time></trkpt><trkpt lat="22.234141666666666" lon="113.92758333333335"><ele>97.10000000000001</ele><time>2025-12-29T07:12:12Z</time></trkpt><trkpt lat="22.234143333333336" lon="113.92761999999999"><ele>96.80000000000001</ele><time>2025-12-29T07:12:14Z</time></trkpt><trkpt lat="22.234143333333336" lon="113.92765"><ele>96.7</ele><time>2025-12-29T07:12:16Z</time></trkpt><trkpt lat="22.234135" lon="113.92767833333333"><ele>96.5</ele><time>2025-12-29T07:12:18Z</time></trkpt><trkpt lat="22.234131666666666" lon="113.92770333333334"><ele>96.60000000000001</ele><time>2025-12-29T07:12:20Z</time></trkpt><trkpt lat="22.234128333333334" lon="113.92773000000001"><ele>96.80000000000001</ele><time>2025-12-29T07:12:22Z</time></trkpt><trkpt lat="22.234129999999997" lon="113.92775333333333"><ele>96.7</ele><time>2025-12-29T07:12:24Z</time></trkpt><trkpt lat="22.234136666666668" lon="113.92777833333334"><ele>96.30000000000001</ele><time>2025-12-29T07:12:26Z</time></trkpt><trkpt lat="22.234146666666668" lon="113.92780666666667"><ele>96.10000000000001</ele><time>2025-12-29T07:12:28Z</time></trkpt><trkpt lat="22.23415166666667" lon="113.92783166666668"><ele>95.60000000000001</ele><time>2025-12-29T07:12:31Z</time></trkpt><trkpt lat="22.23415333333333" lon="113.92785166666665"><ele>95.4</ele><time>2025-12-29T07:12:33Z</time></trkpt><trkpt lat="22.234165" lon="113.92787833333333"><ele>95.10000000000001</ele><time>2025-12-29T07:12:35Z</time></trkpt><trkpt lat="22.23417833333333" lon="113.92790333333332"><ele>95.4</ele><time>2025-12-29T07:12:37Z</time></trkpt><trkpt lat="22.23417833333333" lon="113.92792666666668"><ele>95.9</ele><time>2025-12-29T07:12:38Z</time></trkpt><trkpt lat="22.234173333333334" lon="113.92796333333332"><ele>96.80000000000001</ele><time>2025-12-29T07:12:40Z</time></trkpt><trkpt lat="22.234168333333333" lon="113.92799166666667"><ele>97.30000000000001</ele><time>2025-12-29T07:12:42Z</time></trkpt><trkpt lat="22.23416166666667" lon="113.92801833333333"><ele>97.9</ele><time>2025-12-29T07:12:44Z</time></trkpt><trkpt lat="22.23416166666667" lon="113.92803833333333"><ele>98.4</ele><time>2025-12-29T07:12:46Z</time></trkpt><trkpt lat="22.23415" lon="113.92806"><ele>100.80000000000001</ele><time>2025-12-29T07:12:58Z</time></trkpt><trkpt lat="22.234135" lon="113.92807833333333"><ele>101.0</ele><time>2025-12-29T07:13:00Z</time></trkpt><trkpt lat="22.234114999999996" lon="113.92809666666666"><ele>101.30000000000001</ele><time>2025-12-29T07:13:02Z</time></trkpt><trkpt lat="22.23410666666667" lon="113.92812"><ele>101.2</ele><time>2025-12-29T07:13:04Z</time></trkpt><trkpt lat="22.234095000000003" lon="113.92814333333332"><ele>100.80000000000001</ele><time>2025-12-29T07:13:07Z</time></trkpt><trkpt lat="22.234084999999997" lon="113.92815999999999"><ele>100.7</ele><time>2025-12-29T07:13:09Z</time></trkpt><trkpt lat="22.234075" lon="113.92819"><ele>100.60000000000001</ele><time>2025-12-29T07:13:11Z</time></trkpt><trkpt lat="22.23406166666667" lon="113.92822"><ele>100.0</ele><time>2025-12-29T07:13:13Z</time></trkpt><trkpt lat="22.234058333333337" lon="113.92824333333334"><ele>99.30000000000001</ele><time>2025-12-29T07:13:15Z</time></trkpt><trkpt lat="22.23406166666667" lon="113.92827000000001"><ele>99.80000000000001</ele><time>2025-12-29T07:13:17Z</time></trkpt><trkpt lat="22.234058333333337" lon="113.92830333333335"><ele>99.7</ele><time>2025-12-29T07:13:19Z</time></trkpt><trkpt lat="22.23406166666667" lon="113.92832500000002"><ele>99.80000000000001</ele><time>2025-12-29T07:13:21Z</time></trkpt><trkpt lat="22.23406333333333" lon="113.928345"><ele>100.0</ele><time>2025-12-29T07:13:23Z</time></trkpt><trkpt lat="22.23407166666667" lon="113.92837333333334"><ele>99.5</ele><time>2025-12-29T07:13:25Z</time></trkpt><trkpt lat="22.234080000000002" lon="113.928395"><ele>99.0</ele><time>2025-12-29T07:13:27Z</time></trkpt><trkpt lat="22.234086666666666" lon="113.92841500000002"><ele>98.4</ele><time>2025-12-29T07:13:29Z</time></trkpt><trkpt lat="22.234099999999998" lon="113.92844166666667"><ele>98.10000000000001</ele><time>2025-12-29T07:13:31Z</time></trkpt><trkpt lat="22.234113333333333" lon="113.92846833333333"><ele>97.80000000000001</ele><time>2025-12-29T07:13:33Z</time></trkpt><trkpt lat="22.234126666666665" lon="113.92849166666669"><ele>97.7</ele><time>2025-12-29T07:13:35Z</time></trkpt><trkpt lat="22.234136666666668" lon="113.92851333333334"><ele>97.2</ele><time>2025-12-29T07:13:37Z</time></trkpt><trkpt lat="22.234146666666668" lon="113.92852999999998"><ele>96.5</ele><time>2025-12-29T07:13:39Z</time></trkpt><trkpt lat="22.23416666666667" lon="113.92854833333334"><ele>95.5</ele><time>2025-12-29T07:13:41Z</time></trkpt><trkpt lat="22.234186666666666" lon="113.92856166666667"><ele>95.10000000000001</ele><time>2025-12-29T07:13:43Z</time></trkpt><trkpt lat="22.234201666666664" lon="113.92857833333333"><ele>95.0</ele><time>2025-12-29T07:13:45Z</time></trkpt><trkpt lat="22.234219999999997" lon="113.92859166666668"><ele>94.80000000000001</ele><time>2025-12-29T07:13:47Z</time></trkpt><trkpt lat="22.23424166666667" lon="113.92859666666666"><ele>94.5</ele><time>2025-12-29T07:13:49Z</time></trkpt><trkpt lat="22.234258333333333" lon="113.92860666666665"><ele>94.10000000000001</ele><time>2025-12-29T07:13:51Z</time></trkpt><trkpt lat="22.234278333333336" lon="113.92862166666667"><ele>94.0</ele><time>2025-12-29T07:13:53Z</time></trkpt><trkpt lat="22.2343" lon="113.92863333333335"><ele>94.0</ele><time>2025-12-29T07:13:55Z</time></trkpt><trkpt lat="22.234323333333336" lon="113.92864499999999"><ele>93.9</ele><time>2025-12-29T07:13:57Z</time></trkpt><trkpt lat="22.23434666666667" lon="113.92865333333333"><ele>93.5</ele><time>2025-12-29T07:13:59Z</time></trkpt><trkpt lat="22.23437" lon="113.92865833333332"><ele>93.30000000000001</ele><time>2025-12-29T07:14:01Z</time></trkpt><trkpt lat="22.23439" lon="113.92867"><ele>92.80000000000001</ele><time>2025-12-29T07:14:03Z</time></trkpt><trkpt lat="22.234411666666666" lon="113.92868666666666"><ele>92.5</ele><time>2025-12-29T07:14:05Z</time></trkpt><trkpt lat="22.234429999999996" lon="113.92870166666668"><ele>92.30000000000001</ele><time>2025-12-29T07:14:07Z</time></trkpt><trkpt lat="22.23445166666667" lon="113.92871166666667"><ele>92.0</ele><time>2025-12-29T07:14:09Z</time></trkpt><trkpt lat="22.234473333333334" lon="113.92872666666666"><ele>92.10000000000001</ele><time>2025-12-29T07:14:11Z</time></trkpt><trkpt lat="22.234491666666667" lon="113.92873999999999"><ele>91.9</ele><time>2025-12-29T07:14:13Z</time></trkpt><trkpt lat="22.234515000000002" lon="113.92874833333332"><ele>91.60000000000001</ele><time>2025-12-29T07:14:15Z</time></trkpt><trkpt lat="22.23454" lon="113.928755"><ele>91.5</ele><time>2025-12-29T07:14:17Z</time></trkpt><trkpt lat="22.234558333333332" lon="113.92876499999998"><ele>91.5</ele><time>2025-12-29T07:14:19Z</time></trkpt><trkpt lat="22.234579999999998" lon="113.92877500000002"><ele>91.5</ele><time>2025-12-29T07:14:21Z</time></trkpt><trkpt lat="22.234603333333332" lon="113.92878166666667"><ele>92.0</ele><time>2025-12-29T07:14:23Z</time></trkpt><trkpt lat="22.23463" lon="113.928785"><ele>92.60000000000001</ele><time>2025-12-29T07:14:25Z</time></trkpt><trkpt lat="22.23465666666667" lon="113.92879166666668"><ele>92.7</ele><time>2025-12-29T07:14:27Z</time></trkpt><trkpt lat="22.234681666666667" lon="113.92879333333333"><ele>92.7</ele><time>2025-12-29T07:14:29Z</time></trkpt><trkpt lat="22.234705" lon="113.92879666666667"><ele>92.7</ele><time>2025-12-29T07:14:31Z</time></trkpt><trkpt lat="22.234726666666667" lon="113.92879999999998"><ele>92.4</ele><time>2025-12-29T07:14:33Z</time></trkpt><trkpt lat="22.234748333333332" lon="113.92880333333332"><ele>92.10000000000001</ele><time>2025-12-29T07:14:35Z</time></trkpt><trkpt lat="22.234770000000005" lon="113.92880333333332"><ele>92.2</ele><time>2025-12-29T07:14:37Z</time></trkpt><trkpt lat="22.234789999999997" lon="113.92880333333332"><ele>92.30000000000001</ele><time>2025-12-29T07:14:39Z</time></trkpt><trkpt lat="22.23481333333333" lon="113.92881000000001"><ele>91.9</ele><time>2025-12-29T07:14:41Z</time></trkpt><trkpt lat="22.23483666666667" lon="113.928815"><ele>91.4</ele><time>2025-12-29T07:14:43Z</time></trkpt><trkpt lat="22.23485833333333" lon="113.92883166666667"><ele>91.10000000000001</ele><time>2025-12-29T07:14:45Z</time></trkpt><trkpt lat="22.234879999999997" lon="113.92884833333333"><ele>90.7</ele><time>2025-12-29T07:14:47Z</time></trkpt><trkpt lat="22.234901666666662" lon="113.92886166666668"><ele>90.9</ele><time>2025-12-29T07:14:49Z</time></trkpt><trkpt lat="22.234923333333334" lon="113.92887833333334"><ele>90.80000000000001</ele><time>2025-12-29T07:14:51Z</time></trkpt><trkpt lat="22.234946666666662" lon="113.92889500000001"><ele>90.4</ele><time>2025-12-29T07:14:53Z</time></trkpt><trkpt lat="22.234961666666663" lon="113.92891499999999"><ele>90.30000000000001</ele><time>2025-12-29T07:14:55Z</time></trkpt><trkpt lat="22.234980000000004" lon="113.92893166666666"><ele>89.80000000000001</ele><time>2025-12-29T07:14:57Z</time></trkpt><trkpt lat="22.235" lon="113.92894999999999"><ele>89.9</ele><time>2025-12-29T07:14:59Z</time></trkpt><trkpt lat="22.235023333333334" lon="113.92896833333334"><ele>90.10000000000001</ele><time>2025-12-29T07:15:01Z</time></trkpt><trkpt lat="22.23504833333333" lon="113.92898500000001"><ele>90.30000000000001</ele><time>2025-12-29T07:15:03Z</time></trkpt><trkpt lat="22.235066666666665" lon="113.92900666666668"><ele>90.9</ele><time>2025-12-29T07:15:05Z</time></trkpt><trkpt lat="22.235075" lon="113.92903499999998"><ele>91.7</ele><time>2025-12-29T07:15:07Z</time></trkpt><trkpt lat="22.23509" lon="113.92905166666667"><ele>92.2</ele><time>2025-12-29T07:15:09Z</time></trkpt><trkpt lat="22.235101666666665" lon="113.92906833333333"><ele>92.30000000000001</ele><time>2025-12-29T07:15:11Z</time></trkpt><trkpt lat="22.235115000000004" lon="113.92909166666668"><ele>92.4</ele><time>2025-12-29T07:15:13Z</time></trkpt><trkpt lat="22.23512333333333" lon="113.92911666666666"><ele>92.5</ele><time>2025-12-29T07:15:15Z</time></trkpt><trkpt lat="22.235128333333332" lon="113.92914"><ele>92.7</ele><time>2025-12-29T07:15:17Z</time></trkpt><trkpt lat="22.235126666666662" lon="113.92916833333332"><ele>92.9</ele><time>2025-12-29T07:15:19Z</time></trkpt><trkpt lat="22.235131666666668" lon="113.92919666666667"><ele>93.4</ele><time>2025-12-29T07:15:21Z</time></trkpt><trkpt lat="22.235130000000005" lon="113.92922166666668"><ele>93.80000000000001</ele><time>2025-12-29T07:15:23Z</time></trkpt><trkpt lat="22.235131666666668" lon="113.929245"><ele>94.60000000000001</ele><time>2025-12-29T07:15:25Z</time></trkpt><trkpt lat="22.235131666666668" lon="113.92926833333334"><ele>95.2</ele><time>2025-12-29T07:15:27Z</time></trkpt><trkpt lat="22.235135" lon="113.92929666666666"><ele>96.4</ele><time>2025-12-29T07:15:31Z</time></trkpt><trkpt lat="22.235156666666665" lon="113.92928666666667"><ele>96.2</ele><time>2025-12-29T07:15:38Z</time></trkpt><trkpt lat="22.235133333333337" lon="113.92928500000001"><ele>94.7</ele><time>2025-12-29T07:15:57Z</time></trkpt><trkpt lat="22.235113333333334" lon="113.92929666666666"><ele>94.60000000000001</ele><time>2025-12-29T07:15:59Z</time></trkpt><trkpt lat="22.235088333333337" lon="113.92932"><ele>94.4</ele><time>2025-12-29T07:16:01Z</time></trkpt><trkpt lat="22.235066666666665" lon="113.92934500000001"><ele>94.5</ele><time>2025-12-29T07:16:03Z</time></trkpt><trkpt lat="22.235051666666664" lon="113.92935666666666"><ele>94.60000000000001</ele><time>2025-12-29T07:16:04Z</time></trkpt><trkpt lat="22.235026666666666" lon="113.92937333333333"><ele>94.4</ele><time>2025-12-29T07:16:06Z</time></trkpt><trkpt lat="22.23500166666667" lon="113.92939"><ele>94.0</ele><time>2025-12-29T07:16:08Z</time></trkpt><trkpt lat="22.234973333333333" lon="113.92941"><ele>93.60000000000001</ele><time>2025-12-29T07:16:10Z</time></trkpt><trkpt lat="22.234951666666667" lon="113.92942"><ele>93.4</ele><time>2025-12-29T07:16:12Z</time></trkpt><trkpt lat="22.234936666666666" lon="113.92943666666666"><ele>93.10000000000001</ele><time>2025-12-29T07:16:14Z</time></trkpt><trkpt lat="22.234916666666663" lon="113.92944666666666"><ele>92.4</ele><time>2025-12-29T07:16:16Z</time></trkpt><trkpt lat="22.23489833333333" lon="113.92946166666667"><ele>92.7</ele><time>2025-12-29T07:16:18Z</time></trkpt><trkpt lat="22.234879999999997" lon="113.92947333333335"><ele>91.9</ele><time>2025-12-29T07:16:20Z</time></trkpt><trkpt lat="22.234861666666667" lon="113.92948666666668"><ele>91.60000000000001</ele><time>2025-12-29T07:16:22Z</time></trkpt><trkpt lat="22.234834999999997" lon="113.92950333333334"><ele>91.80000000000001</ele><time>2025-12-29T07:16:24Z</time></trkpt><trkpt lat="22.234803333333335" lon="113.92951333333333"><ele>91.2</ele><time>2025-12-29T07:16:26Z</time></trkpt><trkpt lat="22.234775" lon="113.92952166666667"><ele>90.9</ele><time>2025-12-29T07:16:28Z</time></trkpt><trkpt lat="22.23474666666667" lon="113.929535"><ele>90.60000000000001</ele><time>2025-12-29T07:16:30Z</time></trkpt><trkpt lat="22.234721666666662" lon="113.92954666666668"><ele>90.5</ele><time>2025-12-29T07:16:32Z</time></trkpt><trkpt lat="22.234699999999997" lon="113.92956333333335"><ele>90.7</ele><time>2025-12-29T07:16:34Z</time></trkpt><trkpt lat="22.23467333333333" lon="113.92956000000001"><ele>91.60000000000001</ele><time>2025-12-29T07:16:36Z</time></trkpt><trkpt lat="22.234650000000002" lon="113.92956166666666"><ele>91.80000000000001</ele><time>2025-12-29T07:16:38Z</time></trkpt><trkpt lat="22.23463" lon="113.92957"><ele>91.80000000000001</ele><time>2025-12-29T07:16:40Z</time></trkpt><trkpt lat="22.234606666666664" lon="113.92957499999999"><ele>92.4</ele><time>2025-12-29T07:16:42Z</time></trkpt><trkpt lat="22.234579999999998" lon="113.92957499999999"><ele>91.60000000000001</ele><time>2025-12-29T07:16:44Z</time></trkpt><trkpt lat="22.234558333333332" lon="113.92958500000002"><ele>91.4</ele><time>2025-12-29T07:16:46Z</time></trkpt><trkpt lat="22.234530000000003" lon="113.92959666666665"><ele>91.10000000000001</ele><time>2025-12-29T07:16:48Z</time></trkpt><trkpt lat="22.234500000000004" lon="113.92960666666667"><ele>90.4</ele><time>2025-12-29T07:16:50Z</time></trkpt><trkpt lat="22.234471666666664" lon="113.92961166666667"><ele>89.80000000000001</ele><time>2025-12-29T07:16:52Z</time></trkpt><trkpt lat="22.234446666666667" lon="113.92961666666666"><ele>89.30000000000001</ele><time>2025-12-29T07:16:54Z</time></trkpt><trkpt lat="22.234426666666664" lon="113.92962166666666"><ele>89.30000000000001</ele><time>2025-12-29T07:16:56Z</time></trkpt><trkpt lat="22.234401666666667" lon="113.92962833333334"><ele>89.4</ele><time>2025-12-29T07:16:58Z</time></trkpt><trkpt lat="22.23438" lon="113.92964166666667"><ele>89.5</ele><time>2025-12-29T07:17:00Z</time></trkpt><trkpt lat="22.23436" lon="113.92965000000001"><ele>89.4</ele><time>2025-12-29T07:17:03Z</time></trkpt><trkpt lat="22.23434166666667" lon="113.92966166666665"><ele>89.80000000000001</ele><time>2025-12-29T07:17:05Z</time></trkpt><trkpt lat="22.234321666666666" lon="113.92967333333333"><ele>90.4</ele><time>2025-12-29T07:17:07Z</time></trkpt><trkpt lat="22.23430166666667" lon="113.92968333333334"><ele>90.9</ele><time>2025-12-29T07:17:09Z</time></trkpt><trkpt lat="22.23428333333333" lon="113.92969666666667"><ele>91.4</ele><time>2025-12-29T07:17:11Z</time></trkpt><trkpt lat="22.234266666666667" lon="113.92971166666666"><ele>91.80000000000001</ele><time>2025-12-29T07:17:13Z</time></trkpt><trkpt lat="22.234249999999996" lon="113.92973166666667"><ele>92.60000000000001</ele><time>2025-12-29T07:17:16Z</time></trkpt><trkpt lat="22.234234999999998" lon="113.929745"><ele>93.30000000000001</ele><time>2025-12-29T07:17:18Z</time></trkpt><trkpt lat="22.23422333333333" lon="113.92976333333333"><ele>93.9</ele><time>2025-12-29T07:17:20Z</time></trkpt><trkpt lat="22.234213333333333" lon="113.92978333333333"><ele>94.60000000000001</ele><time>2025-12-29T07:17:22Z</time></trkpt><trkpt lat="22.2342" lon="113.929805"><ele>95.2</ele><time>2025-12-29T07:17:24Z</time></trkpt><trkpt lat="22.234186666666666" lon="113.92982666666667"><ele>95.9</ele><time>2025-12-29T07:17:26Z</time></trkpt><trkpt lat="22.234173333333334" lon="113.92984499999999"><ele>96.2</ele><time>2025-12-29T07:17:28Z</time></trkpt><trkpt lat="22.234159999999996" lon="113.92986166666667"><ele>96.4</ele><time>2025-12-29T07:17:30Z</time></trkpt><trkpt lat="22.234144999999998" lon="113.92988166666667"><ele>96.60000000000001</ele><time>2025-12-29T07:17:32Z</time></trkpt><trkpt lat="22.234131666666666" lon="113.9299"><ele>97.10000000000001</ele><time>2025-12-29T07:17:34Z</time></trkpt><trkpt lat="22.23411666666667" lon="113.92991666666667"><ele>97.30000000000001</ele><time>2025-12-29T07:17:36Z</time></trkpt><trkpt lat="22.234101666666668" lon="113.92993166666665"><ele>97.9</ele><time>2025-12-29T07:17:38Z</time></trkpt><trkpt lat="22.234083333333334" lon="113.92994333333333"><ele>98.80000000000001</ele><time>2025-12-29T07:17:40Z</time></trkpt><trkpt lat="22.23406166666667" lon="113.929955"><ele>99.2</ele><time>2025-12-29T07:17:42Z</time></trkpt><trkpt lat="22.234041666666666" lon="113.92996999999998"><ele>99.30000000000001</ele><time>2025-12-29T07:17:44Z</time></trkpt><trkpt lat="22.23402" lon="113.92998333333335"><ele>99.4</ele><time>2025-12-29T07:17:46Z</time></trkpt><trkpt lat="22.233998333333336" lon="113.92999"><ele>99.4</ele><time>2025-12-29T07:17:48Z</time></trkpt><trkpt lat="22.233976666666663" lon="113.92999833333333"><ele>99.2</ele><time>2025-12-29T07:17:50Z</time></trkpt><trkpt lat="22.233956666666668" lon="113.93000833333332"><ele>99.2</ele><time>2025-12-29T07:17:52Z</time></trkpt><trkpt lat="22.233934999999995" lon="113.93001833333334"><ele>99.10000000000001</ele><time>2025-12-29T07:17:54Z</time></trkpt><trkpt lat="22.233911666666668" lon="113.93002666666668"><ele>99.10000000000001</ele><time>2025-12-29T07:17:56Z</time></trkpt><trkpt lat="22.233889999999995" lon="113.93003333333333"><ele>99.2</ele><time>2025-12-29T07:17:58Z</time></trkpt><trkpt lat="22.233870000000003" lon="113.93004"><ele>99.10000000000001</ele><time>2025-12-29T07:18:00Z</time></trkpt><trkpt lat="22.23385166666667" lon="113.93005"><ele>98.9</ele><time>2025-12-29T07:18:02Z</time></trkpt><trkpt lat="22.233829999999998" lon="113.93005666666667"><ele>98.9</ele><time>2025-12-29T07:18:04Z</time></trkpt><trkpt lat="22.233810000000002" lon="113.93006833333332"><ele>99.30000000000001</ele><time>2025-12-29T07:18:06Z</time></trkpt><trkpt lat="22.233795" lon="113.93008499999999"><ele>99.30000000000001</ele><time>2025-12-29T07:18:08Z</time></trkpt><trkpt lat="22.233784999999997" lon="113.93010666666666"><ele>99.4</ele><time>2025-12-29T07:18:10Z</time></trkpt><trkpt lat="22.23377833333333" lon="113.93012500000002"><ele>99.60000000000001</ele><time>2025-12-29T07:18:12Z</time></trkpt><trkpt lat="22.23376166666667" lon="113.93014999999998"><ele>99.7</ele><time>2025-12-29T07:18:15Z</time></trkpt><trkpt lat="22.23374833333333" lon="113.93017"><ele>99.10000000000001</ele><time>2025-12-29T07:18:17Z</time></trkpt><trkpt lat="22.233739999999997" lon="113.93019333333335"><ele>98.80000000000001</ele><time>2025-12-29T07:18:19Z</time></trkpt><trkpt lat="22.233738333333335" lon="113.93021500000002"><ele>98.4</ele><time>2025-12-29T07:18:21Z</time></trkpt><trkpt lat="22.233729999999998" lon="113.93023666666667"><ele>98.5</ele><time>2025-12-29T07:18:23Z</time></trkpt><trkpt lat="22.23371666666667" lon="113.93025833333334"><ele>98.7</ele><time>2025-12-29T07:18:25Z</time></trkpt><trkpt lat="22.233706666666663" lon="113.930285"><ele>98.9</ele><time>2025-12-29T07:18:27Z</time></trkpt><trkpt lat="22.233696666666667" lon="113.93031"><ele>99.4</ele><time>2025-12-29T07:18:29Z</time></trkpt><trkpt lat="22.23368833333333" lon="113.93033166666667"><ele>99.80000000000001</ele><time>2025-12-29T07:18:31Z</time></trkpt><trkpt lat="22.233673333333332" lon="113.93035166666665"><ele>100.4</ele><time>2025-12-29T07:18:33Z</time></trkpt><trkpt lat="22.233648333333335" lon="113.93036833333332"><ele>101.10000000000001</ele><time>2025-12-29T07:18:35Z</time></trkpt><trkpt lat="22.233623333333338" lon="113.93038166666665"><ele>101.4</ele><time>2025-12-29T07:18:37Z</time></trkpt><trkpt lat="22.233601666666665" lon="113.93039833333333"><ele>101.2</ele><time>2025-12-29T07:18:39Z</time></trkpt><trkpt lat="22.233583333333332" lon="113.93041666666667"><ele>101.10000000000001</ele><time>2025-12-29T07:18:41Z</time></trkpt><trkpt lat="22.233561666666667" lon="113.93043000000002"><ele>100.80000000000001</ele><time>2025-12-29T07:18:43Z</time></trkpt><trkpt lat="22.233535" lon="113.93043666666667"><ele>100.80000000000001</ele><time>2025-12-29T07:18:45Z</time></trkpt><trkpt lat="22.233504999999997" lon="113.93043833333334"><ele>100.9</ele><time>2025-12-29T07:18:47Z</time></trkpt><trkpt lat="22.233476666666668" lon="113.93043833333334"><ele>100.9</ele><time>2025-12-29T07:18:49Z</time></trkpt><trkpt lat="22.23344833333333" lon="113.93044333333334"><ele>100.80000000000001</ele><time>2025-12-29T07:18:51Z</time></trkpt><trkpt lat="22.233421666666665" lon="113.93044333333334"><ele>100.9</ele><time>2025-12-29T07:18:53Z</time></trkpt><trkpt lat="22.233395000000005" lon="113.93044499999999"><ele>101.0</ele><time>2025-12-29T07:18:55Z</time></trkpt><trkpt lat="22.233371666666667" lon="113.93044333333334"><ele>101.2</ele><time>2025-12-29T07:18:57Z</time></trkpt><trkpt lat="22.233345" lon="113.93044333333334"><ele>100.9</ele><time>2025-12-29T07:18:59Z</time></trkpt><trkpt lat="22.233318333333333" lon="113.93044333333334"><ele>100.60000000000001</ele><time>2025-12-29T07:19:01Z</time></trkpt><trkpt lat="22.233291666666666" lon="113.93044666666668"><ele>100.0</ele><time>2025-12-29T07:19:03Z</time></trkpt><trkpt lat="22.23326666666667" lon="113.93045"><ele>99.5</ele><time>2025-12-29T07:19:05Z</time></trkpt><trkpt lat="22.233241666666665" lon="113.93045333333333"><ele>99.0</ele><time>2025-12-29T07:19:07Z</time></trkpt><trkpt lat="22.233216666666667" lon="113.93046333333332"><ele>98.4</ele><time>2025-12-29T07:19:09Z</time></trkpt><trkpt lat="22.233191666666666" lon="113.93047999999999"><ele>97.80000000000001</ele><time>2025-12-29T07:19:11Z</time></trkpt><trkpt lat="22.233171666666667" lon="113.93049833333335"><ele>97.4</ele><time>2025-12-29T07:19:13Z</time></trkpt><trkpt lat="22.233150000000002" lon="113.93051500000001"><ele>97.30000000000001</ele><time>2025-12-29T07:19:15Z</time></trkpt><trkpt lat="22.23313" lon="113.93053"><ele>97.5</ele><time>2025-12-29T07:19:17Z</time></trkpt><trkpt lat="22.233114999999998" lon="113.93054833333332"><ele>97.7</ele><time>2025-12-29T07:19:19Z</time></trkpt><trkpt lat="22.233096666666665" lon="113.93056833333334"><ele>98.10000000000001</ele><time>2025-12-29T07:19:21Z</time></trkpt><trkpt lat="22.233080000000005" lon="113.93058833333335"><ele>98.60000000000001</ele><time>2025-12-29T07:19:23Z</time></trkpt><trkpt lat="22.233065000000003" lon="113.93061000000002"><ele>98.80000000000001</ele><time>2025-12-29T07:19:25Z</time></trkpt><trkpt lat="22.233053333333334" lon="113.93063333333333"><ele>99.0</ele><time>2025-12-29T07:19:27Z</time></trkpt><trkpt lat="22.23304166666667" lon="113.93065833333334"><ele>99.4</ele><time>2025-12-29T07:19:29Z</time></trkpt><trkpt lat="22.23303" lon="113.93068333333333"><ele>99.80000000000001</ele><time>2025-12-29T07:19:31Z</time></trkpt><trkpt lat="22.233018333333334" lon="113.93070833333334"><ele>100.0</ele><time>2025-12-29T07:19:33Z</time></trkpt><trkpt lat="22.233006666666665" lon="113.93073333333332"><ele>100.30000000000001</ele><time>2025-12-29T07:19:35Z</time></trkpt><trkpt lat="22.232991666666667" lon="113.93075333333333"><ele>100.7</ele><time>2025-12-29T07:19:37Z</time></trkpt><trkpt lat="22.232963333333334" lon="113.93076666666666"><ele>100.5</ele><time>2025-12-29T07:19:39Z</time></trkpt><trkpt lat="22.232933333333335" lon="113.930775"><ele>100.10000000000001</ele><time>2025-12-29T07:19:41Z</time></trkpt><trkpt lat="22.23290666666667" lon="113.93078333333332"><ele>99.60000000000001</ele><time>2025-12-29T07:19:43Z</time></trkpt><trkpt lat="22.232885000000003" lon="113.93078833333333"><ele>99.30000000000001</ele><time>2025-12-29T07:19:45Z</time></trkpt><trkpt lat="22.23286166666667" lon="113.93079333333331"><ele>98.80000000000001</ele><time>2025-12-29T07:19:47Z</time></trkpt><trkpt lat="22.232835" lon="113.93079333333331"><ele>98.60000000000001</ele><time>2025-12-29T07:19:49Z</time></trkpt><trkpt lat="22.23280666666667" lon="113.93079000000002"><ele>98.2</ele><time>2025-12-29T07:19:51Z</time></trkpt><trkpt lat="22.23277" lon="113.93078666666666"><ele>97.7</ele><time>2025-12-29T07:19:53Z</time></trkpt><trkpt lat="22.232751666666665" lon="113.93078500000001"><ele>97.5</ele><time>2025-12-29T07:19:54Z</time></trkpt><trkpt lat="22.232723333333336" lon="113.93077666666667"><ele>97.4</ele><time>2025-12-29T07:19:56Z</time></trkpt><trkpt lat="22.232703333333333" lon="113.93076"><ele>97.4</ele><time>2025-12-29T07:19:58Z</time></trkpt><trkpt lat="22.23268666666667" lon="113.93073166666666"><ele>97.2</ele><time>2025-12-29T07:20:00Z</time></trkpt><trkpt lat="22.23267333333333" lon="113.93071333333334"><ele>96.80000000000001</ele><time>2025-12-29T07:20:02Z</time></trkpt><trkpt lat="22.232655" lon="113.93070000000002"><ele>96.4</ele><time>2025-12-29T07:20:05Z</time></trkpt><trkpt lat="22.232633333333336" lon="113.93069333333332"><ele>96.10000000000001</ele><time>2025-12-29T07:20:07Z</time></trkpt><trkpt lat="22.23261166666667" lon="113.93068333333333"><ele>95.5</ele><time>2025-12-29T07:20:09Z</time></trkpt><trkpt lat="22.232586666666666" lon="113.93066166666668"><ele>95.2</ele><time>2025-12-29T07:20:11Z</time></trkpt><trkpt lat="22.232565" lon="113.93064000000001"><ele>95.0</ele><time>2025-12-29T07:20:13Z</time></trkpt><trkpt lat="22.232543333333336" lon="113.93061833333334"><ele>94.60000000000001</ele><time>2025-12-29T07:20:15Z</time></trkpt><trkpt lat="22.23251833333334" lon="113.93060500000001"><ele>94.5</ele><time>2025-12-29T07:20:17Z</time></trkpt><trkpt lat="22.232495000000004" lon="113.93058500000001"><ele>94.2</ele><time>2025-12-29T07:20:19Z</time></trkpt><trkpt lat="22.232478333333333" lon="113.93057166666668"><ele>93.9</ele><time>2025-12-29T07:20:21Z</time></trkpt><trkpt lat="22.232456666666668" lon="113.93056333333334"><ele>93.4</ele><time>2025-12-29T07:20:23Z</time></trkpt><trkpt lat="22.232438333333334" lon="113.93055833333334"><ele>93.0</ele><time>2025-12-29T07:20:25Z</time></trkpt><trkpt lat="22.232415" lon="113.93055333333332"><ele>92.60000000000001</ele><time>2025-12-29T07:20:27Z</time></trkpt><trkpt lat="22.232385" lon="113.93055000000001"><ele>92.10000000000001</ele><time>2025-12-29T07:20:29Z</time></trkpt><trkpt lat="22.23235833333333" lon="113.93054333333333"><ele>91.80000000000001</ele><time>2025-12-29T07:20:31Z</time></trkpt><trkpt lat="22.232331666666663" lon="113.93053666666668"><ele>91.7</ele><time>2025-12-29T07:20:33Z</time></trkpt><trkpt lat="22.232306666666666" lon="113.93053499999999"><ele>91.60000000000001</ele><time>2025-12-29T07:20:35Z</time></trkpt><trkpt lat="22.232276666666667" lon="113.93054166666667"><ele>91.4</ele><time>2025-12-29T07:20:37Z</time></trkpt><trkpt lat="22.232244999999995" lon="113.93054833333332"><ele>91.60000000000001</ele><time>2025-12-29T07:20:39Z</time></trkpt><trkpt lat="22.232216666666666" lon="113.930555"><ele>91.9</ele><time>2025-12-29T07:20:41Z</time></trkpt><trkpt lat="22.232195" lon="113.93056666666668"><ele>92.10000000000001</ele><time>2025-12-29T07:20:43Z</time></trkpt><trkpt lat="22.232174999999998" lon="113.93058"><ele>92.0</ele><time>2025-12-29T07:20:45Z</time></trkpt><trkpt lat="22.232158333333338" lon="113.930595"><ele>92.10000000000001</ele><time>2025-12-29T07:20:47Z</time></trkpt><trkpt lat="22.232145" lon="113.93061833333334"><ele>92.2</ele><time>2025-12-29T07:20:49Z</time></trkpt><trkpt lat="22.23213333333333" lon="113.93064333333332"><ele>92.30000000000001</ele><time>2025-12-29T07:20:51Z</time></trkpt><trkpt lat="22.232120000000002" lon="113.93066333333333"><ele>92.60000000000001</ele><time>2025-12-29T07:20:53Z</time></trkpt><trkpt lat="22.23210166666667" lon="113.93068666666667"><ele>93.0</ele><time>2025-12-29T07:20:55Z</time></trkpt><trkpt lat="22.232084999999998" lon="113.93071333333334"><ele>93.2</ele><time>2025-12-29T07:20:57Z</time></trkpt><trkpt lat="22.23207" lon="113.930735"><ele>93.30000000000001</ele><time>2025-12-29T07:20:59Z</time></trkpt><trkpt lat="22.23205666666667" lon="113.93076"><ele>93.60000000000001</ele><time>2025-12-29T07:21:01Z</time></trkpt><trkpt lat="22.23204333333333" lon="113.93078666666666"><ele>93.9</ele><time>2025-12-29T07:21:03Z</time></trkpt><trkpt lat="22.232025" lon="113.93080666666668"><ele>94.0</ele><time>2025-12-29T07:21:05Z</time></trkpt><trkpt lat="22.232008333333336" lon="113.93082666666666"><ele>94.2</ele><time>2025-12-29T07:21:07Z</time></trkpt><trkpt lat="22.231994999999998" lon="113.93085166666667"><ele>94.2</ele><time>2025-12-29T07:21:09Z</time></trkpt><trkpt lat="22.231985" lon="113.93087500000001"><ele>94.2</ele><time>2025-12-29T07:21:11Z</time></trkpt><trkpt lat="22.231973333333332" lon="113.93090166666667"><ele>94.60000000000001</ele><time>2025-12-29T07:21:13Z</time></trkpt><trkpt lat="22.231961666666667" lon="113.93092499999999"><ele>94.5</ele><time>2025-12-29T07:21:15Z</time></trkpt><trkpt lat="22.231948333333335" lon="113.93094666666666"><ele>94.60000000000001</ele><time>2025-12-29T07:21:17Z</time></trkpt><trkpt lat="22.231935" lon="113.93096833333333"><ele>95.10000000000001</ele><time>2025-12-29T07:21:19Z</time></trkpt><trkpt lat="22.23192333333333" lon="113.93099"><ele>95.80000000000001</ele><time>2025-12-29T07:21:21Z</time></trkpt><trkpt lat="22.231915000000004" lon="113.93101166666665"><ele>97.0</ele><time>2025-12-29T07:21:23Z</time></trkpt><trkpt lat="22.231903333333335" lon="113.93102666666667"><ele>98.10000000000001</ele><time>2025-12-29T07:21:25Z</time></trkpt><trkpt lat="22.23189166666667" lon="113.93104833333334"><ele>98.9</ele><time>2025-12-29T07:21:27Z</time></trkpt><trkpt lat="22.231881666666663" lon="113.931065"><ele>99.9</ele><time>2025-12-29T07:21:29Z</time></trkpt><trkpt lat="22.231875" lon="113.93109166666666"><ele>100.5</ele><time>2025-12-29T07:21:31Z</time></trkpt><trkpt lat="22.231873333333336" lon="113.93112166666667"><ele>101.5</ele><time>2025-12-29T07:21:33Z</time></trkpt><trkpt lat="22.23188" lon="113.93115000000002"><ele>102.5</ele><time>2025-12-29T07:21:35Z</time></trkpt><trkpt lat="22.23187833333333" lon="113.931185"><ele>102.5</ele><time>2025-12-29T07:21:38Z</time></trkpt><trkpt lat="22.231883333333332" lon="113.93121333333332"><ele>102.60000000000001</ele><time>2025-12-29T07:21:40Z</time></trkpt><trkpt lat="22.231888333333337" lon="113.93123666666666"><ele>102.80000000000001</ele><time>2025-12-29T07:21:42Z</time></trkpt><trkpt lat="22.231898333333334" lon="113.93126333333333"><ele>102.5</ele><time>2025-12-29T07:21:44Z</time></trkpt><trkpt lat="22.231906666666667" lon="113.93128333333334"><ele>102.5</ele><time>2025-12-29T07:21:46Z</time></trkpt><trkpt lat="22.231910000000003" lon="113.93131"><ele>102.2</ele><time>2025-12-29T07:21:51Z</time></trkpt><trkpt lat="22.231933333333338" lon="113.93131833333334"><ele>101.9</ele><time>2025-12-29T07:21:54Z</time></trkpt><trkpt lat="22.231955000000003" lon="113.93130333333332"><ele>102.4</ele><time>2025-12-29T07:21:57Z</time></trkpt><trkpt lat="22.231973333333332" lon="113.93128999999999"><ele>102.5</ele><time>2025-12-29T07:21:59Z</time></trkpt><trkpt lat="22.231991666666666" lon="113.93129666666667"><ele>102.30000000000001</ele><time>2025-12-29T07:22:03Z</time></trkpt><trkpt lat="22.232015" lon="113.93128333333334"><ele>101.0</ele><time>2025-12-29T07:22:06Z</time></trkpt><trkpt lat="22.232034999999996" lon="113.93127333333332"><ele>97.80000000000001</ele><time>2025-12-29T07:22:20Z</time></trkpt><trkpt lat="22.232061666666663" lon="113.93124833333334"><ele>97.10000000000001</ele><time>2025-12-29T07:22:30Z</time></trkpt><trkpt lat="22.232068333333338" lon="113.93122666666667"><ele>97.30000000000001</ele><time>2025-12-29T07:22:34Z</time></trkpt><trkpt lat="22.232084999999998" lon="113.93121000000001"><ele>97.80000000000001</ele><time>2025-12-29T07:22:38Z</time></trkpt><trkpt lat="22.23210333333333" lon="113.93119999999999"><ele>98.10000000000001</ele><time>2025-12-29T07:22:41Z</time></trkpt><trkpt lat="22.232120000000002" lon="113.93118166666666"><ele>98.80000000000001</ele><time>2025-12-29T07:22:44Z</time></trkpt><trkpt lat="22.232129999999998" lon="113.93116333333334"><ele>99.30000000000001</ele><time>2025-12-29T07:22:47Z</time></trkpt><trkpt lat="22.23214666666667" lon="113.931155"><ele>99.4</ele><time>2025-12-29T07:22:49Z</time></trkpt><trkpt lat="22.232171666666666" lon="113.931135"><ele>99.7</ele><time>2025-12-29T07:22:51Z</time></trkpt><trkpt lat="22.232195" lon="113.93112333333332"><ele>99.9</ele><time>2025-12-29T07:22:53Z</time></trkpt><trkpt lat="22.232211666666664" lon="113.93111333333333"><ele>100.10000000000001</ele><time>2025-12-29T07:22:55Z</time></trkpt><trkpt lat="22.232231666666667" lon="113.9311"><ele>100.2</ele><time>2025-12-29T07:22:57Z</time></trkpt><trkpt lat="22.232246666666665" lon="113.93108500000001"><ele>100.30000000000001</ele><time>2025-12-29T07:22:59Z</time></trkpt><trkpt lat="22.232271666666666" lon="113.93107166666665"><ele>100.10000000000001</ele><time>2025-12-29T07:23:02Z</time></trkpt><trkpt lat="22.23228166666667" lon="113.93105333333332"><ele>100.30000000000001</ele><time>2025-12-29T07:23:04Z</time></trkpt><trkpt lat="22.232303333333334" lon="113.93103833333335"><ele>100.4</ele><time>2025-12-29T07:23:07Z</time></trkpt><trkpt lat="22.232321666666667" lon="113.93102666666667"><ele>100.7</ele><time>2025-12-29T07:23:09Z</time></trkpt><trkpt lat="22.232343333333333" lon="113.93102166666668"><ele>101.30000000000001</ele><time>2025-12-29T07:23:12Z</time></trkpt><trkpt lat="22.232366666666667" lon="113.93101666666668"><ele>101.5</ele><time>2025-12-29T07:23:15Z</time></trkpt><trkpt lat="22.232385" lon="113.93101333333334"><ele>101.60000000000001</ele><time>2025-12-29T07:23:17Z</time></trkpt><trkpt lat="22.232408333333336" lon="113.93101166666665"><ele>101.9</ele><time>2025-12-29T07:23:20Z</time></trkpt><trkpt lat="22.232426666666665" lon="113.93100666666666"><ele>102.4</ele><time>2025-12-29T07:23:23Z</time></trkpt><trkpt lat="22.232445" lon="113.93101"><ele>102.80000000000001</ele><time>2025-12-29T07:23:28Z</time></trkpt><trkpt lat="22.232466666666664" lon="113.93100833333334"><ele>102.9</ele><time>2025-12-29T07:23:32Z</time></trkpt><trkpt lat="22.232491666666668" lon="113.93101833333334"><ele>102.9</ele><time>2025-12-29T07:23:35Z</time></trkpt><trkpt lat="22.232514999999996" lon="113.93103833333335"><ele>103.10000000000001</ele><time>2025-12-29T07:23:38Z</time></trkpt><trkpt lat="22.232531666666667" lon="113.93104833333334"><ele>103.0</ele><time>2025-12-29T07:23:41Z</time></trkpt><trkpt lat="22.232545" lon="113.93106166666666"><ele>103.4</ele><time>2025-12-29T07:23:44Z</time></trkpt><trkpt lat="22.232561666666665" lon="113.93107166666665"><ele>103.80000000000001</ele><time>2025-12-29T07:23:47Z</time></trkpt><trkpt lat="22.23257833333333" lon="113.93108333333333"><ele>104.30000000000001</ele><time>2025-12-29T07:23:50Z</time></trkpt><trkpt lat="22.23259333333333" lon="113.931095"><ele>104.9</ele><time>2025-12-29T07:23:54Z</time></trkpt><trkpt lat="22.232613333333333" lon="113.93110499999999"><ele>105.2</ele><time>2025-12-29T07:23:57Z</time></trkpt><trkpt lat="22.232631666666666" lon="113.93110999999999"><ele>105.4</ele><time>2025-12-29T07:23:59Z</time></trkpt><trkpt lat="22.232653333333328" lon="113.93111833333333"><ele>105.60000000000001</ele><time>2025-12-29T07:24:02Z</time></trkpt><trkpt lat="22.232664999999997" lon="113.93113666666667"><ele>105.9</ele><time>2025-12-29T07:24:05Z</time></trkpt><trkpt lat="22.232675000000004" lon="113.93115333333331"><ele>106.2</ele><time>2025-12-29T07:24:08Z</time></trkpt><trkpt lat="22.232676666666666" lon="113.93117500000001"><ele>106.80000000000001</ele><time>2025-12-29T07:24:11Z</time></trkpt><trkpt lat="22.23268" lon="113.93120166666668"><ele>107.30000000000001</ele><time>2025-12-29T07:24:15Z</time></trkpt><trkpt lat="22.232688333333332" lon="113.93122"><ele>107.80000000000001</ele><time>2025-12-29T07:24:19Z</time></trkpt><trkpt lat="22.2327" lon="113.93123666666666"><ele>108.30000000000001</ele><time>2025-12-29T07:24:23Z</time></trkpt><trkpt lat="22.232711666666667" lon="113.93125666666668"><ele>108.9</ele><time>2025-12-29T07:24:27Z</time></trkpt><trkpt lat="22.232720000000004" lon="113.93128166666665"><ele>109.60000000000001</ele><time>2025-12-29T07:24:31Z</time></trkpt><trkpt lat="22.23271833333333" lon="113.93130166666667"><ele>109.9</ele><time>2025-12-29T07:24:33Z</time></trkpt><trkpt lat="22.23271333333333" lon="113.93132499999999"><ele>110.60000000000001</ele><time>2025-12-29T07:24:36Z</time></trkpt><trkpt lat="22.23271333333333" lon="113.93134833333333"><ele>111.10000000000001</ele><time>2025-12-29T07:24:40Z</time></trkpt><trkpt lat="22.232723333333336" lon="113.93136666666666"><ele>111.9</ele><time>2025-12-29T07:24:44Z</time></trkpt><trkpt lat="22.23273" lon="113.93139166666667"><ele>112.2</ele><time>2025-12-29T07:24:48Z</time></trkpt><trkpt lat="22.232738333333334" lon="113.93140999999999"><ele>112.4</ele><time>2025-12-29T07:24:50Z</time></trkpt><trkpt lat="22.232743333333328" lon="113.931435"><ele>112.60000000000001</ele><time>2025-12-29T07:24:53Z</time></trkpt><trkpt lat="22.23274666666667" lon="113.93145666666666"><ele>112.80000000000001</ele><time>2025-12-29T07:24:55Z</time></trkpt><trkpt lat="22.23275833333333" lon="113.93148000000001"><ele>113.2</ele><time>2025-12-29T07:24:58Z</time></trkpt><trkpt lat="22.232768333333336" lon="113.93150333333332"><ele>113.60000000000001</ele><time>2025-12-29T07:25:01Z</time></trkpt><trkpt lat="22.232766666666667" lon="113.93152833333333"><ele>114.2</ele><time>2025-12-29T07:25:04Z</time></trkpt><trkpt lat="22.23277333333333" lon="113.93155"><ele>115.0</ele><time>2025-12-29T07:25:07Z</time></trkpt><trkpt lat="22.23278" lon="113.93157500000001"><ele>115.5</ele><time>2025-12-29T07:25:10Z</time></trkpt><trkpt lat="22.232793333333333" lon="113.93160000000002"><ele>115.7</ele><time>2025-12-29T07:25:13Z</time></trkpt><trkpt lat="22.23280666666667" lon="113.93162166666667"><ele>115.9</ele><time>2025-12-29T07:25:15Z</time></trkpt><trkpt lat="22.23280833333333" lon="113.93164666666668"><ele>116.0</ele><time>2025-12-29T07:25:17Z</time></trkpt><trkpt lat="22.23282" lon="113.93166833333335"><ele>116.10000000000001</ele><time>2025-12-29T07:25:19Z</time></trkpt><trkpt lat="22.232835" lon="113.93169000000002"><ele>116.30000000000001</ele><time>2025-12-29T07:25:22Z</time></trkpt><trkpt lat="22.232846666666667" lon="113.931705"><ele>116.4</ele><time>2025-12-29T07:25:24Z</time></trkpt><trkpt lat="22.232865" lon="113.93172333333332"><ele>116.4</ele><time>2025-12-29T07:25:26Z</time></trkpt><trkpt lat="22.232883333333334" lon="113.93173833333334"><ele>116.4</ele><time>2025-12-29T07:25:28Z</time></trkpt><trkpt lat="22.23289833333333" lon="113.93175000000001"><ele>116.4</ele><time>2025-12-29T07:25:30Z</time></trkpt><trkpt lat="22.232918333333334" lon="113.93175666666666"><ele>116.60000000000001</ele><time>2025-12-29T07:25:32Z</time></trkpt><trkpt lat="22.23293833333333" lon="113.93176166666666"><ele>116.60000000000001</ele><time>2025-12-29T07:25:34Z</time></trkpt><trkpt lat="22.232958333333332" lon="113.931765"><ele>116.80000000000001</ele><time>2025-12-29T07:25:36Z</time></trkpt><trkpt lat="22.232979999999998" lon="113.93176833333334"><ele>116.80000000000001</ele><time>2025-12-29T07:25:38Z</time></trkpt><trkpt lat="22.233003333333333" lon="113.93176"><ele>116.9</ele><time>2025-12-29T07:25:41Z</time></trkpt><trkpt lat="22.233021666666666" lon="113.93175833333335"><ele>116.9</ele><time>2025-12-29T07:25:43Z</time></trkpt><trkpt lat="22.23304333333333" lon="113.93175333333332"><ele>117.2</ele><time>2025-12-29T07:25:45Z</time></trkpt><trkpt lat="22.233065000000003" lon="113.93174499999999"><ele>117.7</ele><time>2025-12-29T07:25:48Z</time></trkpt><trkpt lat="22.233083333333337" lon="113.93173666666668"><ele>118.2</ele><time>2025-12-29T07:25:50Z</time></trkpt><trkpt lat="22.233108333333334" lon="113.93173"><ele>118.4</ele><time>2025-12-29T07:25:53Z</time></trkpt><trkpt lat="22.23313166666667" lon="113.93173499999999"><ele>118.7</ele><time>2025-12-29T07:25:56Z</time></trkpt><trkpt lat="22.233153333333334" lon="113.93173"><ele>119.0</ele><time>2025-12-29T07:25:59Z</time></trkpt><trkpt lat="22.233171666666667" lon="113.93173166666665"><ele>119.4</ele><time>2025-12-29T07:26:01Z</time></trkpt><trkpt lat="22.23319333333333" lon="113.93172666666666"><ele>119.9</ele><time>2025-12-29T07:26:04Z</time></trkpt><trkpt lat="22.23321" lon="113.93173999999999"><ele>120.5</ele><time>2025-12-29T07:26:08Z</time></trkpt><trkpt lat="22.23322166666667" lon="113.93176166666666"><ele>120.80000000000001</ele><time>2025-12-29T07:26:11Z</time></trkpt><trkpt lat="22.233230000000002" lon="113.93178000000002"><ele>121.10000000000001</ele><time>2025-12-29T07:26:13Z</time></trkpt><trkpt lat="22.233249999999998" lon="113.93179833333333"><ele>121.5</ele><time>2025-12-29T07:26:16Z</time></trkpt><trkpt lat="22.23326833333333" lon="113.931815"><ele>122.0</ele><time>2025-12-29T07:26:20Z</time></trkpt><trkpt lat="22.233288333333334" lon="113.93183333333333"><ele>122.4</ele><time>2025-12-29T07:26:23Z</time></trkpt><trkpt lat="22.23331" lon="113.93184333333332"><ele>123.0</ele><time>2025-12-29T07:26:26Z</time></trkpt><trkpt lat="22.233331666666665" lon="113.93184500000001"><ele>123.5</ele><time>2025-12-29T07:26:28Z</time></trkpt><trkpt lat="22.233355" lon="113.93185166666666"><ele>123.9</ele><time>2025-12-29T07:26:30Z</time></trkpt><trkpt lat="22.233380000000004" lon="113.93185666666668"><ele>124.30000000000001</ele><time>2025-12-29T07:26:32Z</time></trkpt><trkpt lat="22.23340166666667" lon="113.93185833333334"><ele>124.7</ele><time>2025-12-29T07:26:34Z</time></trkpt><trkpt lat="22.233416666666667" lon="113.93187166666667"><ele>125.2</ele><time>2025-12-29T07:26:37Z</time></trkpt><trkpt lat="22.233436666666663" lon="113.93187833333334"><ele>125.5</ele><time>2025-12-29T07:26:39Z</time></trkpt><trkpt lat="22.233453333333333" lon="113.93188833333333"><ele>125.7</ele><time>2025-12-29T07:26:41Z</time></trkpt><trkpt lat="22.233473333333336" lon="113.93189"><ele>125.9</ele><time>2025-12-29T07:26:44Z</time></trkpt><trkpt lat="22.23349166666667" lon="113.93190833333334"><ele>126.30000000000001</ele><time>2025-12-29T07:26:48Z</time></trkpt><trkpt lat="22.233503333333335" lon="113.93192499999999"><ele>126.6</ele><time>2025-12-29T07:26:50Z</time></trkpt><trkpt lat="22.233515000000004" lon="113.93194333333334"><ele>127.1</ele><time>2025-12-29T07:26:53Z</time></trkpt><trkpt lat="22.233526666666663" lon="113.93196333333331"><ele>127.9</ele><time>2025-12-29T07:26:57Z</time></trkpt><trkpt lat="22.233548333333335" lon="113.931975"><ele>128.8</ele><time>2025-12-29T07:27:00Z</time></trkpt><trkpt lat="22.233573333333332" lon="113.93197833333333"><ele>129.9</ele><time>2025-12-29T07:27:04Z</time></trkpt><trkpt lat="22.23359833333333" lon="113.93198"><ele>130.9</ele><time>2025-12-29T07:27:07Z</time></trkpt><trkpt lat="22.233616666666663" lon="113.93198166666667"><ele>131.6</ele><time>2025-12-29T07:27:09Z</time></trkpt><trkpt lat="22.233634999999996" lon="113.93197833333333"><ele>132.6</ele><time>2025-12-29T07:27:12Z</time></trkpt><trkpt lat="22.233653333333336" lon="113.93198333333333"><ele>133.20000000000002</ele><time>2025-12-29T07:27:15Z</time></trkpt><trkpt lat="22.23367166666667" lon="113.93198333333333"><ele>133.6</ele><time>2025-12-29T07:27:18Z</time></trkpt><trkpt lat="22.233690000000003" lon="113.93198333333333"><ele>134.1</ele><time>2025-12-29T07:27:21Z</time></trkpt><trkpt lat="22.233711666666668" lon="113.93198666666667"><ele>134.6</ele><time>2025-12-29T07:27:24Z</time></trkpt><trkpt lat="22.233726666666666" lon="113.93197333333335"><ele>135.5</ele><time>2025-12-29T07:27:28Z</time></trkpt><trkpt lat="22.233745" lon="113.93197666666669"><ele>137.3</ele><time>2025-12-29T07:27:35Z</time></trkpt><trkpt lat="22.23376166666667" lon="113.93199166666666"><ele>138.0</ele><time>2025-12-29T07:27:38Z</time></trkpt><trkpt lat="22.233780000000003" lon="113.93200833333334"><ele>138.8</ele><time>2025-12-29T07:27:42Z</time></trkpt><trkpt lat="22.233798333333333" lon="113.93202000000001"><ele>139.9</ele><time>2025-12-29T07:27:46Z</time></trkpt><trkpt lat="22.233813333333334" lon="113.93203666666668"><ele>141.0</ele><time>2025-12-29T07:27:51Z</time></trkpt><trkpt lat="22.233828333333335" lon="113.93205000000002"><ele>141.8</ele><time>2025-12-29T07:27:55Z</time></trkpt><trkpt lat="22.23384666666667" lon="113.93205166666667"><ele>143.1</ele><time>2025-12-29T07:28:00Z</time></trkpt><trkpt lat="22.233863333333336" lon="113.932065"><ele>144.0</ele><time>2025-12-29T07:28:06Z</time></trkpt><trkpt lat="22.23388166666667" lon="113.93207499999998"><ele>144.6</ele><time>2025-12-29T07:28:11Z</time></trkpt><trkpt lat="22.233900000000002" lon="113.93207666666667"><ele>145.4</ele><time>2025-12-29T07:28:17Z</time></trkpt><trkpt lat="22.233919999999998" lon="113.932085"><ele>145.8</ele><time>2025-12-29T07:28:22Z</time></trkpt><trkpt lat="22.233938333333338" lon="113.93209499999999"><ele>146.8</ele><time>2025-12-29T07:28:30Z</time></trkpt><trkpt lat="22.233961666666666" lon="113.932085"><ele>148.0</ele><time>2025-12-29T07:28:37Z</time></trkpt><trkpt lat="22.233988333333333" lon="113.93208666666666"><ele>148.6</ele><time>2025-12-29T07:28:43Z</time></trkpt><trkpt lat="22.234008333333335" lon="113.93209499999999"><ele>149.3</ele><time>2025-12-29T07:28:46Z</time></trkpt><trkpt lat="22.23402666666667" lon="113.93210166666668"><ele>149.70000000000002</ele><time>2025-12-29T07:28:48Z</time></trkpt><trkpt lat="22.234046666666668" lon="113.93211166666667"><ele>150.4</ele><time>2025-12-29T07:28:52Z</time></trkpt><trkpt lat="22.234066666666664" lon="113.93212"><ele>151.0</ele><time>2025-12-29T07:28:56Z</time></trkpt><trkpt lat="22.234083333333334" lon="113.93213166666668"><ele>152.20000000000002</ele><time>2025-12-29T07:29:01Z</time></trkpt><trkpt lat="22.234105" lon="113.93213166666668"><ele>153.20000000000002</ele><time>2025-12-29T07:29:05Z</time></trkpt><trkpt lat="22.234123333333333" lon="113.93213333333333"><ele>154.1</ele><time>2025-12-29T07:29:08Z</time></trkpt><trkpt lat="22.234141666666666" lon="113.93213333333333"><ele>155.1</ele><time>2025-12-29T07:29:11Z</time></trkpt><trkpt lat="22.23416166666667" lon="113.93214166666667"><ele>156.70000000000002</ele><time>2025-12-29T07:29:16Z</time></trkpt><trkpt lat="22.23417833333333" lon="113.93215666666669"><ele>158.5</ele><time>2025-12-29T07:29:25Z</time></trkpt><trkpt lat="22.234191666666668" lon="113.93217166666666"><ele>159.70000000000002</ele><time>2025-12-29T07:29:30Z</time></trkpt><trkpt lat="22.23420833333333" lon="113.93218499999999"><ele>160.9</ele><time>2025-12-29T07:29:34Z</time></trkpt><trkpt lat="22.234231666666666" lon="113.93218166666665"><ele>162.1</ele><time>2025-12-29T07:29:37Z</time></trkpt><trkpt lat="22.234255" lon="113.93218833333334"><ele>163.3</ele><time>2025-12-29T07:29:42Z</time></trkpt><trkpt lat="22.23427" lon="113.93220333333332"><ele>164.3</ele><time>2025-12-29T07:29:46Z</time></trkpt><trkpt lat="22.23428333333333" lon="113.93221833333334"><ele>166.6</ele><time>2025-12-29T07:29:54Z</time></trkpt><trkpt lat="22.234293333333333" lon="113.932235"><ele>167.8</ele><time>2025-12-29T07:29:59Z</time></trkpt><trkpt lat="22.234308333333335" lon="113.93225"><ele>169.20000000000002</ele><time>2025-12-29T07:30:04Z</time></trkpt><trkpt lat="22.234325" lon="113.93225833333332"><ele>170.5</ele><time>2025-12-29T07:30:09Z</time></trkpt><trkpt lat="22.234381666666664" lon="113.93227999999999"><ele>172.70000000000002</ele><time>2025-12-29T07:30:22Z</time></trkpt><trkpt lat="22.234399999999997" lon="113.93227666666668"><ele>173.8</ele><time>2025-12-29T07:30:27Z</time></trkpt><trkpt lat="22.234416666666668" lon="113.932285"><ele>174.9</ele><time>2025-12-29T07:30:32Z</time></trkpt><trkpt lat="22.234443333333335" lon="113.932325"><ele>176.6</ele><time>2025-12-29T07:30:43Z</time></trkpt><trkpt lat="22.234530000000003" lon="113.93238166666667"><ele>180.70000000000002</ele><time>2025-12-29T07:31:11Z</time></trkpt><trkpt lat="22.234579999999998" lon="113.93248"><ele>186.9</ele><time>2025-12-29T07:31:51Z</time></trkpt><trkpt lat="22.234626666666667" lon="113.93252"><ele>189.70000000000002</ele><time>2025-12-29T07:32:11Z</time></trkpt><trkpt lat="22.234669999999998" lon="113.932575"><ele>194.9</ele><time>2025-12-29T07:32:42Z</time></trkpt><trkpt lat="22.23469" lon="113.93257333333334"><ele>195.6</ele><time>2025-12-29T07:32:45Z</time></trkpt><trkpt lat="22.234706666666664" lon="113.93258499999999"><ele>196.6</ele><time>2025-12-29T07:32:51Z</time></trkpt><trkpt lat="22.23471833333333" lon="113.93261"><ele>197.4</ele><time>2025-12-29T07:33:00Z</time></trkpt><trkpt lat="22.234755000000003" lon="113.93265166666667"><ele>201.0</ele><time>2025-12-29T07:33:18Z</time></trkpt><trkpt lat="22.234815000000005" lon="113.93270833333332"><ele>204.4</ele><time>2025-12-29T07:33:40Z</time></trkpt><trkpt lat="22.23485333333333" lon="113.93274166666667"><ele>207.20000000000002</ele><time>2025-12-29T07:34:02Z</time></trkpt><trkpt lat="22.234886666666664" lon="113.93275666666665"><ele>209.5</ele><time>2025-12-29T07:34:13Z</time></trkpt><trkpt lat="22.234923333333334" lon="113.93278833333333"><ele>211.5</ele><time>2025-12-29T07:34:26Z</time></trkpt><trkpt lat="22.234936666666666" lon="113.93280333333333"><ele>212.5</ele><time>2025-12-29T07:34:30Z</time></trkpt><trkpt lat="22.234950000000005" lon="113.93281666666665"><ele>213.3</ele><time>2025-12-29T07:34:36Z</time></trkpt><trkpt lat="22.235031666666668" lon="113.93288"><ele>217.3</ele><time>2025-12-29T07:35:08Z</time></trkpt><trkpt lat="22.235051666666664" lon="113.93290166666665"><ele>218.70000000000002</ele><time>2025-12-29T07:35:14Z</time></trkpt><trkpt lat="22.235096666666664" lon="113.93291166666668"><ele>222.3</ele><time>2025-12-29T07:35:32Z</time></trkpt><trkpt lat="22.235189999999996" lon="113.93296333333335"><ele>234.5</ele><time>2025-12-29T07:37:35Z</time></trkpt><trkpt lat="22.235211666666668" lon="113.93297333333334"><ele>234.5</ele><time>2025-12-29T07:38:47Z</time></trkpt><trkpt lat="22.235225" lon="113.93299166666665"><ele>234.4</ele><time>2025-12-29T07:38:51Z</time></trkpt><trkpt lat="22.235238333333335" lon="113.93300833333333"><ele>234.5</ele><time>2025-12-29T07:38:54Z</time></trkpt><trkpt lat="22.235255" lon="113.933025"><ele>234.8</ele><time>2025-12-29T07:38:58Z</time></trkpt><trkpt lat="22.235264999999995" lon="113.93304166666667"><ele>235.3</ele><time>2025-12-29T07:39:03Z</time></trkpt><trkpt lat="22.23527166666667" lon="113.93306"><ele>235.6</ele><time>2025-12-29T07:39:10Z</time></trkpt><trkpt lat="22.235326666666666" lon="113.93312166666668"><ele>236.70000000000002</ele><time>2025-12-29T07:39:25Z</time></trkpt><trkpt lat="22.235343333333336" lon="113.93313500000001"><ele>237.1</ele><time>2025-12-29T07:39:29Z</time></trkpt><trkpt lat="22.23536" lon="113.93314833333334"><ele>237.6</ele><time>2025-12-29T07:39:33Z</time></trkpt><trkpt lat="22.235380000000003" lon="113.93315666666668"><ele>238.20000000000002</ele><time>2025-12-29T07:39:37Z</time></trkpt><trkpt lat="22.235396666666663" lon="113.933165"><ele>238.70000000000002</ele><time>2025-12-29T07:39:41Z</time></trkpt><trkpt lat="22.23541" lon="113.93317833333334"><ele>239.4</ele><time>2025-12-29T07:39:45Z</time></trkpt><trkpt lat="22.235500000000002" lon="113.93321333333333"><ele>246.3</ele><time>2025-12-29T07:40:23Z</time></trkpt><trkpt lat="22.235566666666667" lon="113.93326833333334"><ele>248.70000000000002</ele><time>2025-12-29T07:40:46Z</time></trkpt><trkpt lat="22.235585" lon="113.93326499999999"><ele>249.3</ele><time>2025-12-29T07:40:49Z</time></trkpt><trkpt lat="22.235603333333334" lon="113.93325333333333"><ele>249.8</ele><time>2025-12-29T07:40:53Z</time></trkpt><trkpt lat="22.23561666666667" lon="113.93323833333334"><ele>250.4</ele><time>2025-12-29T07:40:57Z</time></trkpt><trkpt lat="22.235683333333334" lon="113.93330333333333"><ele>255.50000000000003</ele><time>2025-12-29T07:41:33Z</time></trkpt><trkpt lat="22.23573666666667" lon="113.93334833333331"><ele>257.5</ele><time>2025-12-29T07:41:53Z</time></trkpt><trkpt lat="22.235756666666664" lon="113.93334166666666"><ele>258.2</ele><time>2025-12-29T07:41:58Z</time></trkpt><trkpt lat="22.235776666666666" lon="113.93334166666666"><ele>258.9</ele><time>2025-12-29T07:42:02Z</time></trkpt><trkpt lat="22.2358" lon="113.93334166666666"><ele>260.4</ele><time>2025-12-29T07:42:10Z</time></trkpt><trkpt lat="22.235818333333334" lon="113.93334166666666"><ele>261.5</ele><time>2025-12-29T07:42:15Z</time></trkpt><trkpt lat="22.23584" lon="113.93334833333331"><ele>263.0</ele><time>2025-12-29T07:42:22Z</time></trkpt><trkpt lat="22.235876666666666" lon="113.93335166666665"><ele>264.9</ele><time>2025-12-29T07:42:33Z</time></trkpt><trkpt lat="22.23589666666667" lon="113.93335"><ele>266.2</ele><time>2025-12-29T07:42:39Z</time></trkpt><trkpt lat="22.23591666666667" lon="113.933365"><ele>268.09999999999997</ele><time>2025-12-29T07:42:48Z</time></trkpt><trkpt lat="22.23592833333333" lon="113.93338666666665"><ele>269.4</ele><time>2025-12-29T07:42:54Z</time></trkpt><trkpt lat="22.235935" lon="113.93340833333332"><ele>270.0</ele><time>2025-12-29T07:42:58Z</time></trkpt><trkpt lat="22.235954999999997" lon="113.93341333333335"><ele>271.0</ele><time>2025-12-29T07:43:03Z</time></trkpt><trkpt lat="22.23596" lon="113.933435"><ele>272.2</ele><time>2025-12-29T07:43:13Z</time></trkpt><trkpt lat="22.235963333333334" lon="113.933455"><ele>273.4</ele><time>2025-12-29T07:43:19Z</time></trkpt><trkpt lat="22.23597666666667" lon="113.93347"><ele>274.79999999999995</ele><time>2025-12-29T07:43:26Z</time></trkpt><trkpt lat="22.235983333333333" lon="113.93349166666667"><ele>275.59999999999997</ele><time>2025-12-29T07:43:32Z</time></trkpt><trkpt lat="22.236015" lon="113.93352666666667"><ele>283.9</ele><time>2025-12-29T07:44:03Z</time></trkpt><trkpt lat="22.236025" lon="113.933545"><ele>284.29999999999995</ele><time>2025-12-29T07:44:06Z</time></trkpt><trkpt lat="22.23602" lon="113.93356666666665"><ele>285.2</ele><time>2025-12-29T07:44:11Z</time></trkpt><trkpt lat="22.236006666666672" lon="113.93359166666666"><ele>285.4</ele><time>2025-12-29T07:44:17Z</time></trkpt><trkpt lat="22.235996666666665" lon="113.93360833333332"><ele>285.7</ele><time>2025-12-29T07:44:21Z</time></trkpt><trkpt lat="22.23599" lon="113.93362666666665"><ele>285.79999999999995</ele><time>2025-12-29T07:44:24Z</time></trkpt><trkpt lat="22.235996666666665" lon="113.93364833333332"><ele>286.09999999999997</ele><time>2025-12-29T07:44:31Z</time></trkpt><trkpt lat="22.236011666666666" lon="113.93374333333334"><ele>289.7</ele><time>2025-12-29T07:44:53Z</time></trkpt><trkpt lat="22.236016666666668" lon="113.93376833333332"><ele>290.7</ele><time>2025-12-29T07:44:57Z</time></trkpt><trkpt lat="22.23601833333333" lon="113.93379000000002"><ele>291.7</ele><time>2025-12-29T07:45:00Z</time></trkpt><trkpt lat="22.236025" lon="113.93380833333335"><ele>293.09999999999997</ele><time>2025-12-29T07:45:06Z</time></trkpt><trkpt lat="22.236040000000003" lon="113.93382500000001"><ele>294.2</ele><time>2025-12-29T07:45:12Z</time></trkpt><trkpt lat="22.236043333333335" lon="113.93384666666667"><ele>294.79999999999995</ele><time>2025-12-29T07:45:17Z</time></trkpt><trkpt lat="22.236046666666667" lon="113.93386833333334"><ele>295.7</ele><time>2025-12-29T07:45:22Z</time></trkpt><trkpt lat="22.236051666666672" lon="113.93388833333331"><ele>296.79999999999995</ele><time>2025-12-29T07:45:27Z</time></trkpt><trkpt lat="22.23605" lon="113.93391166666667"><ele>297.79999999999995</ele><time>2025-12-29T07:45:31Z</time></trkpt><trkpt lat="22.23606333333333" lon="113.93393166666668"><ele>299.09999999999997</ele><time>2025-12-29T07:45:35Z</time></trkpt><trkpt lat="22.236074999999996" lon="113.93394833333332"><ele>301.0</ele><time>2025-12-29T07:45:44Z</time></trkpt><trkpt lat="22.236085000000003" lon="113.93397000000002"><ele>302.0</ele><time>2025-12-29T07:45:51Z</time></trkpt><trkpt lat="22.236098333333334" lon="113.93398833333335"><ele>302.5</ele><time>2025-12-29T07:45:56Z</time></trkpt><trkpt lat="22.236119999999996" lon="113.93400333333332"><ele>303.2</ele><time>2025-12-29T07:46:01Z</time></trkpt><trkpt lat="22.236134999999997" lon="113.93401666666665"><ele>303.7</ele><time>2025-12-29T07:46:05Z</time></trkpt><trkpt lat="22.23615" lon="113.93403333333332"><ele>304.2</ele><time>2025-12-29T07:46:10Z</time></trkpt><trkpt lat="22.23617166666667" lon="113.93403333333332"><ele>305.4</ele><time>2025-12-29T07:46:16Z</time></trkpt><trkpt lat="22.236193333333336" lon="113.93403666666667"><ele>306.29999999999995</ele><time>2025-12-29T07:46:23Z</time></trkpt><trkpt lat="22.236215" lon="113.93404000000001"><ele>306.79999999999995</ele><time>2025-12-29T07:46:28Z</time></trkpt><trkpt lat="22.23622833333333" lon="113.93405833333333"><ele>307.9</ele><time>2025-12-29T07:46:33Z</time></trkpt><trkpt lat="22.23624333333333" lon="113.93407499999999"><ele>309.29999999999995</ele><time>2025-12-29T07:46:39Z</time></trkpt><trkpt lat="22.236251666666664" lon="113.93409666666666"><ele>310.5</ele><time>2025-12-29T07:46:45Z</time></trkpt><trkpt lat="22.236253333333334" lon="113.93411833333333"><ele>311.5</ele><time>2025-12-29T07:46:51Z</time></trkpt><trkpt lat="22.236266666666666" lon="113.93413833333334"><ele>311.79999999999995</ele><time>2025-12-29T07:46:56Z</time></trkpt><trkpt lat="22.23628666666667" lon="113.934135"><ele>312.0</ele><time>2025-12-29T07:47:02Z</time></trkpt><trkpt lat="22.236305" lon="113.93412500000001"><ele>312.7</ele><time>2025-12-29T07:47:08Z</time></trkpt><trkpt lat="22.23638" lon="113.93413166666666"><ele>317.09999999999997</ele><time>2025-12-29T07:47:33Z</time></trkpt><trkpt lat="22.23644" lon="113.93417833333334"><ele>320.4</ele><time>2025-12-29T07:47:56Z</time></trkpt><trkpt lat="22.2365" lon="113.93420499999999"><ele>323.0</ele><time>2025-12-29T07:48:13Z</time></trkpt><trkpt lat="22.236516666666663" lon="113.93421500000001"><ele>323.59999999999997</ele><time>2025-12-29T07:48:18Z</time></trkpt><trkpt lat="22.23652666666667" lon="113.93423333333334"><ele>324.7</ele><time>2025-12-29T07:48:23Z</time></trkpt><trkpt lat="22.23654333333333" lon="113.93424166666667"><ele>325.09999999999997</ele><time>2025-12-29T07:48:27Z</time></trkpt><trkpt lat="22.23656" lon="113.93425"><ele>325.5</ele><time>2025-12-29T07:48:32Z</time></trkpt><trkpt lat="22.236580000000004" lon="113.93425333333334"><ele>326.4</ele><time>2025-12-29T07:48:37Z</time></trkpt><trkpt lat="22.23659" lon="113.93427000000001"><ele>327.4</ele><time>2025-12-29T07:48:42Z</time></trkpt><trkpt lat="22.236595000000005" lon="113.93429166666668"><ele>328.79999999999995</ele><time>2025-12-29T07:48:49Z</time></trkpt><trkpt lat="22.23660166666667" lon="113.934315"><ele>329.79999999999995</ele><time>2025-12-29T07:48:57Z</time></trkpt><trkpt lat="22.236621666666665" lon="113.93430833333332"><ele>330.2</ele><time>2025-12-29T07:49:05Z</time></trkpt><trkpt lat="22.236628333333336" lon="113.93432833333333"><ele>330.7</ele><time>2025-12-29T07:49:13Z</time></trkpt><trkpt lat="22.236640000000005" lon="113.93434666666666"><ele>331.09999999999997</ele><time>2025-12-29T07:49:16Z</time></trkpt><trkpt lat="22.236655000000003" lon="113.93436166666667"><ele>332.2</ele><time>2025-12-29T07:49:21Z</time></trkpt><trkpt lat="22.236673333333336" lon="113.93435"><ele>333.79999999999995</ele><time>2025-12-29T07:49:29Z</time></trkpt><trkpt lat="22.236676666666668" lon="113.93432833333333"><ele>333.4</ele><time>2025-12-29T07:49:38Z</time></trkpt><trkpt lat="22.236686666666667" lon="113.934345"><ele>332.09999999999997</ele><time>2025-12-29T07:50:07Z</time></trkpt><trkpt lat="22.236703333333335" lon="113.93435666666667"><ele>332.79999999999995</ele><time>2025-12-29T07:50:10Z</time></trkpt><trkpt lat="22.236713333333334" lon="113.93437333333334"><ele>333.29999999999995</ele><time>2025-12-29T07:50:14Z</time></trkpt><trkpt lat="22.23672333333333" lon="113.93439333333332"><ele>334.59999999999997</ele><time>2025-12-29T07:50:21Z</time></trkpt><trkpt lat="22.236728333333335" lon="113.93441999999999"><ele>336.09999999999997</ele><time>2025-12-29T07:50:27Z</time></trkpt><trkpt lat="22.236741666666664" lon="113.93443666666666"><ele>336.9</ele><time>2025-12-29T07:50:30Z</time></trkpt><trkpt lat="22.236756666666665" lon="113.93444833333334"><ele>337.5</ele><time>2025-12-29T07:50:32Z</time></trkpt><trkpt lat="22.236771666666662" lon="113.934465"><ele>338.7</ele><time>2025-12-29T07:50:34Z</time></trkpt><trkpt lat="22.236766666666668" lon="113.93448833333332"><ele>339.2</ele><time>2025-12-29T07:50:38Z</time></trkpt><trkpt lat="22.236776666666668" lon="113.93450666666668"><ele>340.2</ele><time>2025-12-29T07:50:48Z</time></trkpt><trkpt lat="22.236786666666664" lon="113.93452666666666"><ele>341.0</ele><time>2025-12-29T07:50:52Z</time></trkpt><trkpt lat="22.236776666666668" lon="113.93455166666666"><ele>341.7</ele><time>2025-12-29T07:50:57Z</time></trkpt><trkpt lat="22.236763333333336" lon="113.93457333333332"><ele>342.09999999999997</ele><time>2025-12-29T07:51:00Z</time></trkpt><trkpt lat="22.236759999999997" lon="113.93459333333334"><ele>342.5</ele><time>2025-12-29T07:51:02Z</time></trkpt><trkpt lat="22.236766666666668" lon="113.934615"><ele>343.2</ele><time>2025-12-29T07:51:04Z</time></trkpt><trkpt lat="22.23677" lon="113.93463833333333"><ele>344.5</ele><time>2025-12-29T07:51:06Z</time></trkpt><trkpt lat="22.236771666666662" lon="113.93466166666667"><ele>344.29999999999995</ele><time>2025-12-29T07:51:09Z</time></trkpt><trkpt lat="22.236785" lon="113.93468"><ele>344.2</ele><time>2025-12-29T07:51:12Z</time></trkpt><trkpt lat="22.236791666666665" lon="113.93470333333335"><ele>344.29999999999995</ele><time>2025-12-29T07:51:15Z</time></trkpt><trkpt lat="22.236808333333336" lon="113.93473"><ele>344.2</ele><time>2025-12-29T07:51:18Z</time></trkpt><trkpt lat="22.236821666666668" lon="113.93474666666667"><ele>344.2</ele><time>2025-12-29T07:51:20Z</time></trkpt><trkpt lat="22.236839999999997" lon="113.93476666666666"><ele>344.4</ele><time>2025-12-29T07:51:23Z</time></trkpt><trkpt lat="22.236851666666666" lon="113.93478666666667"><ele>344.59999999999997</ele><time>2025-12-29T07:51:25Z</time></trkpt><trkpt lat="22.236866666666668" lon="113.9348"><ele>344.9</ele><time>2025-12-29T07:51:27Z</time></trkpt><trkpt lat="22.236883333333335" lon="113.93481500000001"><ele>344.9</ele><time>2025-12-29T07:51:29Z</time></trkpt><trkpt lat="22.236896666666667" lon="113.93482833333334"><ele>345.09999999999997</ele><time>2025-12-29T07:51:31Z</time></trkpt><trkpt lat="22.236906666666663" lon="113.93484500000001"><ele>345.29999999999995</ele><time>2025-12-29T07:51:33Z</time></trkpt><trkpt lat="22.236921666666664" lon="113.93485833333334"><ele>345.59999999999997</ele><time>2025-12-29T07:51:36Z</time></trkpt><trkpt lat="22.236938333333335" lon="113.934875"><ele>345.59999999999997</ele><time>2025-12-29T07:51:39Z</time></trkpt><trkpt lat="22.236958333333337" lon="113.93489333333333"><ele>345.79999999999995</ele><time>2025-12-29T07:51:42Z</time></trkpt><trkpt lat="22.236968333333333" lon="113.93491"><ele>346.09999999999997</ele><time>2025-12-29T07:51:45Z</time></trkpt><trkpt lat="22.236971666666665" lon="113.93493166666667"><ele>346.4</ele><time>2025-12-29T07:51:48Z</time></trkpt><trkpt lat="22.236978333333333" lon="113.93495499999999"><ele>346.7</ele><time>2025-12-29T07:51:51Z</time></trkpt><trkpt lat="22.236983333333335" lon="113.93498333333334"><ele>347.0</ele><time>2025-12-29T07:51:54Z</time></trkpt><trkpt lat="22.236963333333332" lon="113.93498166666669"><ele>349.2</ele><time>2025-12-29T07:52:42Z</time></trkpt><trkpt lat="22.236981666666665" lon="113.935"><ele>349.2</ele><time>2025-12-29T07:52:59Z</time></trkpt><trkpt lat="22.237" lon="113.93500666666665"><ele>349.0</ele><time>2025-12-29T07:53:02Z</time></trkpt><trkpt lat="22.236980000000003" lon="113.93498166666669"><ele>352.2</ele><time>2025-12-29T07:54:00Z</time></trkpt><trkpt lat="22.237014999999996" lon="113.93496833333332"><ele>346.0</ele><time>2025-12-29T07:54:44Z</time></trkpt><trkpt lat="22.23699333333333" lon="113.93498166666669"><ele>345.7</ele><time>2025-12-29T07:54:46Z</time></trkpt><trkpt lat="22.236978333333333" lon="113.93500166666666"><ele>345.29999999999995</ele><time>2025-12-29T07:54:49Z</time></trkpt><trkpt lat="22.236956666666668" lon="113.93501166666668"><ele>344.7</ele><time>2025-12-29T07:54:52Z</time></trkpt><trkpt lat="22.236939999999997" lon="113.93502833333332"><ele>344.29999999999995</ele><time>2025-12-29T07:54:56Z</time></trkpt><trkpt lat="22.236905" lon="113.93507833333334"><ele>344.59999999999997</ele><time>2025-12-29T07:55:54Z</time></trkpt><trkpt lat="22.236888333333333" lon="113.93508833333333"><ele>344.09999999999997</ele><time>2025-12-29T07:55:59Z</time></trkpt><trkpt lat="22.236821666666668" lon="113.93514333333333"><ele>343.0</ele><time>2025-12-29T07:56:14Z</time></trkpt><trkpt lat="22.236801666666665" lon="113.93515666666666"><ele>342.5</ele><time>2025-12-29T07:56:17Z</time></trkpt><trkpt lat="22.23678333333333" lon="113.93517333333332"><ele>342.29999999999995</ele><time>2025-12-29T07:56:20Z</time></trkpt><trkpt lat="22.236758333333334" lon="113.93518"><ele>342.4</ele><time>2025-12-29T07:56:23Z</time></trkpt><trkpt lat="22.23674" lon="113.93519166666668"><ele>342.29999999999995</ele><time>2025-12-29T07:56:25Z</time></trkpt><trkpt lat="22.23672" lon="113.93519833333333"><ele>341.9</ele><time>2025-12-29T07:56:28Z</time></trkpt><trkpt lat="22.236701666666665" lon="113.93520833333332"><ele>341.59999999999997</ele><time>2025-12-29T07:56:30Z</time></trkpt><trkpt lat="22.236681666666662" lon="113.93522666666668"><ele>341.5</ele><time>2025-12-29T07:56:33Z</time></trkpt><trkpt lat="22.236666666666665" lon="113.935245"><ele>341.4</ele><time>2025-12-29T07:56:35Z</time></trkpt><trkpt lat="22.236655000000003" lon="113.93526333333332"><ele>341.5</ele><time>2025-12-29T07:56:37Z</time></trkpt><trkpt lat="22.236640000000005" lon="113.935275"><ele>341.5</ele><time>2025-12-29T07:56:40Z</time></trkpt><trkpt lat="22.236623333333334" lon="113.93529666666667"><ele>341.59999999999997</ele><time>2025-12-29T07:56:44Z</time></trkpt><trkpt lat="22.236606666666663" lon="113.93531333333334"><ele>341.29999999999995</ele><time>2025-12-29T07:56:47Z</time></trkpt><trkpt lat="22.23659" lon="113.93533833333335"><ele>340.9</ele><time>2025-12-29T07:56:50Z</time></trkpt><trkpt lat="22.236595000000005" lon="113.93536"><ele>340.2</ele><time>2025-12-29T07:56:52Z</time></trkpt><trkpt lat="22.23659" lon="113.93538833333332"><ele>339.7</ele><time>2025-12-29T07:56:54Z</time></trkpt><trkpt lat="22.236586666666668" lon="113.93541333333333"><ele>339.29999999999995</ele><time>2025-12-29T07:56:56Z</time></trkpt><trkpt lat="22.236581666666666" lon="113.93544333333332"><ele>338.5</ele><time>2025-12-29T07:56:58Z</time></trkpt><trkpt lat="22.236580000000004" lon="113.93546333333333"><ele>338.0</ele><time>2025-12-29T07:56:59Z</time></trkpt><trkpt lat="22.236581666666666" lon="113.93549999999999"><ele>337.09999999999997</ele><time>2025-12-29T07:57:01Z</time></trkpt><trkpt lat="22.236583333333336" lon="113.935525"><ele>336.4</ele><time>2025-12-29T07:57:03Z</time></trkpt><trkpt lat="22.236584999999998" lon="113.93554833333334"><ele>335.29999999999995</ele><time>2025-12-29T07:57:05Z</time></trkpt><trkpt lat="22.236591666666662" lon="113.93557166666666"><ele>334.2</ele><time>2025-12-29T07:57:08Z</time></trkpt><trkpt lat="22.236593333333335" lon="113.93560333333335"><ele>333.29999999999995</ele><time>2025-12-29T07:57:11Z</time></trkpt><trkpt lat="22.236598333333337" lon="113.93562833333333"><ele>332.9</ele><time>2025-12-29T07:57:13Z</time></trkpt><trkpt lat="22.23660166666667" lon="113.93565500000001"><ele>332.4</ele><time>2025-12-29T07:57:16Z</time></trkpt><trkpt lat="22.236605" lon="113.93567999999999"><ele>332.2</ele><time>2025-12-29T07:57:18Z</time></trkpt><trkpt lat="22.236606666666663" lon="113.9357"><ele>331.7</ele><time>2025-12-29T07:57:20Z</time></trkpt><trkpt lat="22.23660333333333" lon="113.93573166666665"><ele>331.5</ele><time>2025-12-29T07:57:22Z</time></trkpt><trkpt lat="22.236605" lon="113.93575666666666"><ele>331.09999999999997</ele><time>2025-12-29T07:57:24Z</time></trkpt><trkpt lat="22.236605" lon="113.93577833333332"><ele>330.59999999999997</ele><time>2025-12-29T07:57:26Z</time></trkpt><trkpt lat="22.236606666666663" lon="113.93580333333333"><ele>330.09999999999997</ele><time>2025-12-29T07:57:28Z</time></trkpt><trkpt lat="22.236610000000002" lon="113.935825"><ele>329.5</ele><time>2025-12-29T07:57:30Z</time></trkpt><trkpt lat="22.23661666666667" lon="113.93584666666666"><ele>328.79999999999995</ele><time>2025-12-29T07:57:32Z</time></trkpt><trkpt lat="22.236623333333334" lon="113.93586666666667"><ele>328.0</ele><time>2025-12-29T07:57:34Z</time></trkpt><trkpt lat="22.236626666666666" lon="113.93588833333334"><ele>327.4</ele><time>2025-12-29T07:57:36Z</time></trkpt><trkpt lat="22.236629999999998" lon="113.93590999999999"><ele>326.79999999999995</ele><time>2025-12-29T07:57:38Z</time></trkpt><trkpt lat="22.236635" lon="113.93593333333335"><ele>326.4</ele><time>2025-12-29T07:57:40Z</time></trkpt><trkpt lat="22.236638333333335" lon="113.93595333333333"><ele>326.2</ele><time>2025-12-29T07:57:42Z</time></trkpt><trkpt lat="22.236645" lon="113.935975"><ele>325.59999999999997</ele><time>2025-12-29T07:57:45Z</time></trkpt><trkpt lat="22.236641666666667" lon="113.936005"><ele>325.0</ele><time>2025-12-29T07:57:48Z</time></trkpt><trkpt lat="22.236641666666667" lon="113.93603166666665"><ele>324.7</ele><time>2025-12-29T07:57:50Z</time></trkpt><trkpt lat="22.236645" lon="113.93605333333335"><ele>324.09999999999997</ele><time>2025-12-29T07:57:52Z</time></trkpt><trkpt lat="22.23664666666667" lon="113.93607500000002"><ele>323.79999999999995</ele><time>2025-12-29T07:57:54Z</time></trkpt><trkpt lat="22.23664666666667" lon="113.93610166666667"><ele>323.4</ele><time>2025-12-29T07:57:56Z</time></trkpt><trkpt lat="22.236651666666663" lon="113.93612666666668"><ele>323.09999999999997</ele><time>2025-12-29T07:57:58Z</time></trkpt><trkpt lat="22.236655000000003" lon="113.93615833333334"><ele>322.7</ele><time>2025-12-29T07:58:00Z</time></trkpt><trkpt lat="22.236659999999997" lon="113.93619833333332"><ele>322.29999999999995</ele><time>2025-12-29T07:58:02Z</time></trkpt><trkpt lat="22.236665000000002" lon="113.93623166666666"><ele>321.79999999999995</ele><time>2025-12-29T07:58:04Z</time></trkpt><trkpt lat="22.236674999999998" lon="113.936265"><ele>321.2</ele><time>2025-12-29T07:58:06Z</time></trkpt><trkpt lat="22.236688333333337" lon="113.93628833333332"><ele>320.4</ele><time>2025-12-29T07:58:08Z</time></trkpt><trkpt lat="22.236700000000003" lon="113.93631166666667"><ele>319.59999999999997</ele><time>2025-12-29T07:58:10Z</time></trkpt><trkpt lat="22.236711666666665" lon="113.93633833333334"><ele>319.09999999999997</ele><time>2025-12-29T07:58:12Z</time></trkpt><trkpt lat="22.236726666666662" lon="113.936365"><ele>318.2</ele><time>2025-12-29T07:58:14Z</time></trkpt><trkpt lat="22.23673666666667" lon="113.93639499999999"><ele>317.0</ele><time>2025-12-29T07:58:16Z</time></trkpt><trkpt lat="22.23674" lon="113.93643166666668"><ele>315.5</ele><time>2025-12-29T07:58:18Z</time></trkpt><trkpt lat="22.236753333333333" lon="113.93645833333333"><ele>314.79999999999995</ele><time>2025-12-29T07:58:20Z</time></trkpt><trkpt lat="22.236766666666668" lon="113.93648"><ele>314.4</ele><time>2025-12-29T07:58:22Z</time></trkpt><trkpt lat="22.236776666666668" lon="113.93650333333332"><ele>314.0</ele><time>2025-12-29T07:58:24Z</time></trkpt><trkpt lat="22.236793333333335" lon="113.93652833333333"><ele>312.79999999999995</ele><time>2025-12-29T07:58:27Z</time></trkpt><trkpt lat="22.236804999999997" lon="113.93655166666667"><ele>312.2</ele><time>2025-12-29T07:58:29Z</time></trkpt><trkpt lat="22.236816666666662" lon="113.93657333333334"><ele>311.5</ele><time>2025-12-29T07:58:31Z</time></trkpt><trkpt lat="22.236823333333337" lon="113.93659666666666"><ele>311.2</ele><time>2025-12-29T07:58:33Z</time></trkpt><trkpt lat="22.236833333333333" lon="113.93662"><ele>310.79999999999995</ele><time>2025-12-29T07:58:35Z</time></trkpt><trkpt lat="22.23684166666667" lon="113.93663833333333"><ele>310.4</ele><time>2025-12-29T07:58:37Z</time></trkpt><trkpt lat="22.236861666666663" lon="113.93664833333332"><ele>309.59999999999997</ele><time>2025-12-29T07:58:40Z</time></trkpt><trkpt lat="22.236881666666665" lon="113.93666"><ele>309.7</ele><time>2025-12-29T07:58:42Z</time></trkpt><trkpt lat="22.236905" lon="113.93666666666668"><ele>309.7</ele><time>2025-12-29T07:58:44Z</time></trkpt><trkpt lat="22.236924999999996" lon="113.93666666666668"><ele>309.59999999999997</ele><time>2025-12-29T07:58:46Z</time></trkpt><trkpt lat="22.23694833333333" lon="113.93666499999999"><ele>309.59999999999997</ele><time>2025-12-29T07:58:49Z</time></trkpt><trkpt lat="22.236966666666664" lon="113.93667833333332"><ele>309.5</ele><time>2025-12-29T07:58:52Z</time></trkpt><trkpt lat="22.236984999999997" lon="113.93669833333334"><ele>309.29999999999995</ele><time>2025-12-29T07:58:55Z</time></trkpt><trkpt lat="22.237008333333332" lon="113.93671"><ele>309.2</ele><time>2025-12-29T07:58:58Z</time></trkpt><trkpt lat="22.237026666666665" lon="113.93672"><ele>309.0</ele><time>2025-12-29T07:59:00Z</time></trkpt><trkpt lat="22.237053333333332" lon="113.93672833333333"><ele>308.79999999999995</ele><time>2025-12-29T07:59:03Z</time></trkpt><trkpt lat="22.237078333333336" lon="113.93673666666668"><ele>308.4</ele><time>2025-12-29T07:59:06Z</time></trkpt><trkpt lat="22.237101666666664" lon="113.93674000000001"><ele>308.09999999999997</ele><time>2025-12-29T07:59:09Z</time></trkpt><trkpt lat="22.237119999999997" lon="113.93674666666666"><ele>307.9</ele><time>2025-12-29T07:59:11Z</time></trkpt><trkpt lat="22.23714166666667" lon="113.93676333333333"><ele>307.5</ele><time>2025-12-29T07:59:14Z</time></trkpt><trkpt lat="22.237163333333335" lon="113.93678166666665"><ele>307.0</ele><time>2025-12-29T07:59:17Z</time></trkpt><trkpt lat="22.237178333333336" lon="113.93679833333333"><ele>306.79999999999995</ele><time>2025-12-29T07:59:19Z</time></trkpt><trkpt lat="22.237194999999996" lon="113.93681166666666"><ele>306.4</ele><time>2025-12-29T07:59:21Z</time></trkpt><trkpt lat="22.237208333333335" lon="113.93682500000001"><ele>306.09999999999997</ele><time>2025-12-29T07:59:23Z</time></trkpt><trkpt lat="22.237225" lon="113.93684166666665"><ele>306.0</ele><time>2025-12-29T07:59:25Z</time></trkpt><trkpt lat="22.237241666666666" lon="113.93685500000001"><ele>306.0</ele><time>2025-12-29T07:59:27Z</time></trkpt><trkpt lat="22.23725833333333" lon="113.93687166666665"><ele>306.0</ele><time>2025-12-29T07:59:29Z</time></trkpt><trkpt lat="22.23727666666667" lon="113.93688500000002"><ele>306.0</ele><time>2025-12-29T07:59:31Z</time></trkpt><trkpt lat="22.237293333333334" lon="113.93689833333335"><ele>306.0</ele><time>2025-12-29T07:59:33Z</time></trkpt><trkpt lat="22.23730833333333" lon="113.93691333333332"><ele>306.0</ele><time>2025-12-29T07:59:35Z</time></trkpt><trkpt lat="22.23732166666667" lon="113.93692833333334"><ele>306.0</ele><time>2025-12-29T07:59:37Z</time></trkpt><trkpt lat="22.237329999999996" lon="113.93694666666667"><ele>306.09999999999997</ele><time>2025-12-29T07:59:39Z</time></trkpt><trkpt lat="22.23733666666667" lon="113.93696833333334"><ele>306.0</ele><time>2025-12-29T07:59:41Z</time></trkpt><trkpt lat="22.237334999999998" lon="113.936995"><ele>306.09999999999997</ele><time>2025-12-29T07:59:43Z</time></trkpt><trkpt lat="22.23733666666667" lon="113.93702"><ele>306.29999999999995</ele><time>2025-12-29T07:59:45Z</time></trkpt><trkpt lat="22.237343333333335" lon="113.93704333333332"><ele>306.29999999999995</ele><time>2025-12-29T07:59:47Z</time></trkpt><trkpt lat="22.23734833333333" lon="113.93706333333333"><ele>306.2</ele><time>2025-12-29T07:59:49Z</time></trkpt><trkpt lat="22.23735166666667" lon="113.937085"><ele>305.9</ele><time>2025-12-29T07:59:51Z</time></trkpt><trkpt lat="22.237358333333336" lon="113.93710833333334"><ele>305.59999999999997</ele><time>2025-12-29T07:59:54Z</time></trkpt><trkpt lat="22.237355" lon="113.93713666666666"><ele>305.5</ele><time>2025-12-29T07:59:57Z</time></trkpt><trkpt lat="22.23735166666667" lon="113.93715666666667"><ele>305.79999999999995</ele><time>2025-12-29T07:59:59Z</time></trkpt><trkpt lat="22.23735" lon="113.93718333333332"><ele>306.29999999999995</ele><time>2025-12-29T08:00:02Z</time></trkpt><trkpt lat="22.237343333333335" lon="113.93720333333334"><ele>306.5</ele><time>2025-12-29T08:00:04Z</time></trkpt><trkpt lat="22.237340000000003" lon="113.937225"><ele>306.4</ele><time>2025-12-29T08:00:06Z</time></trkpt><trkpt lat="22.23734833333333" lon="113.93724500000002"><ele>306.5</ele><time>2025-12-29T08:00:08Z</time></trkpt><trkpt lat="22.23734833333333" lon="113.93727166666667"><ele>307.29999999999995</ele><time>2025-12-29T08:00:11Z</time></trkpt><trkpt lat="22.23734833333333" lon="113.93729166666665"><ele>307.79999999999995</ele><time>2025-12-29T08:00:13Z</time></trkpt><trkpt lat="22.237355" lon="113.93731000000001"><ele>308.4</ele><time>2025-12-29T08:00:15Z</time></trkpt><trkpt lat="22.23736666666667" lon="113.93733666666667"><ele>309.0</ele><time>2025-12-29T08:00:18Z</time></trkpt><trkpt lat="22.23737833333333" lon="113.937355"><ele>309.59999999999997</ele><time>2025-12-29T08:00:21Z</time></trkpt><trkpt lat="22.23738166666667" lon="113.93738333333334"><ele>310.09999999999997</ele><time>2025-12-29T08:00:24Z</time></trkpt><trkpt lat="22.237383333333334" lon="113.93740333333332"><ele>310.7</ele><time>2025-12-29T08:00:26Z</time></trkpt><trkpt lat="22.237383333333334" lon="113.93743"><ele>311.2</ele><time>2025-12-29T08:00:28Z</time></trkpt><trkpt lat="22.237379999999998" lon="113.93744999999998"><ele>311.5</ele><time>2025-12-29T08:00:30Z</time></trkpt><trkpt lat="22.23738166666667" lon="113.93747333333334"><ele>311.7</ele><time>2025-12-29T08:00:32Z</time></trkpt><trkpt lat="22.237383333333334" lon="113.93749833333335"><ele>311.79999999999995</ele><time>2025-12-29T08:00:34Z</time></trkpt><trkpt lat="22.237389999999998" lon="113.93752666666666"><ele>312.4</ele><time>2025-12-29T08:00:36Z</time></trkpt><trkpt lat="22.237389999999998" lon="113.93756"><ele>312.5</ele><time>2025-12-29T08:00:38Z</time></trkpt><trkpt lat="22.237395" lon="113.93759999999999"><ele>312.59999999999997</ele><time>2025-12-29T08:00:40Z</time></trkpt><trkpt lat="22.237405" lon="113.93762666666667"><ele>312.7</ele><time>2025-12-29T08:00:42Z</time></trkpt><trkpt lat="22.237403333333337" lon="113.93765"><ele>313.09999999999997</ele><time>2025-12-29T08:00:44Z</time></trkpt><trkpt lat="22.237401666666663" lon="113.93768166666665"><ele>312.79999999999995</ele><time>2025-12-29T08:00:48Z</time></trkpt><trkpt lat="22.23741166666667" lon="113.93770833333335"><ele>312.7</ele><time>2025-12-29T08:00:50Z</time></trkpt><trkpt lat="22.237428333333334" lon="113.93772833333333"><ele>312.9</ele><time>2025-12-29T08:00:52Z</time></trkpt><trkpt lat="22.237448333333337" lon="113.93774333333334"><ele>313.0</ele><time>2025-12-29T08:00:54Z</time></trkpt><trkpt lat="22.237460000000002" lon="113.93776833333335"><ele>313.29999999999995</ele><time>2025-12-29T08:00:56Z</time></trkpt><trkpt lat="22.237478333333335" lon="113.93778499999999"><ele>313.4</ele><time>2025-12-29T08:00:58Z</time></trkpt><trkpt lat="22.237495" lon="113.937805"><ele>313.5</ele><time>2025-12-29T08:01:00Z</time></trkpt><trkpt lat="22.237506666666665" lon="113.937825"><ele>313.7</ele><time>2025-12-29T08:01:02Z</time></trkpt><trkpt lat="22.237521666666666" lon="113.93784666666667"><ele>313.79999999999995</ele><time>2025-12-29T08:01:05Z</time></trkpt><trkpt lat="22.237535" lon="113.93786333333334"><ele>313.7</ele><time>2025-12-29T08:01:07Z</time></trkpt><trkpt lat="22.237553333333334" lon="113.93788333333332"><ele>313.5</ele><time>2025-12-29T08:01:09Z</time></trkpt><trkpt lat="22.23757666666667" lon="113.93790499999999"><ele>313.29999999999995</ele><time>2025-12-29T08:01:11Z</time></trkpt><trkpt lat="22.237595000000002" lon="113.93792499999999"><ele>313.0</ele><time>2025-12-29T08:01:13Z</time></trkpt><trkpt lat="22.237610000000004" lon="113.93794333333332"><ele>312.4</ele><time>2025-12-29T08:01:16Z</time></trkpt><trkpt lat="22.23763" lon="113.93795999999999"><ele>311.4</ele><time>2025-12-29T08:01:19Z</time></trkpt><trkpt lat="22.23764833333333" lon="113.93798166666666"><ele>311.09999999999997</ele><time>2025-12-29T08:01:21Z</time></trkpt><trkpt lat="22.237668333333332" lon="113.93800166666666"><ele>311.09999999999997</ele><time>2025-12-29T08:01:23Z</time></trkpt><trkpt lat="22.237700000000004" lon="113.93801666666668"><ele>310.59999999999997</ele><time>2025-12-29T08:01:25Z</time></trkpt><trkpt lat="22.23772" lon="113.93802833333332"><ele>310.59999999999997</ele><time>2025-12-29T08:01:26Z</time></trkpt><trkpt lat="22.237745000000004" lon="113.93804"><ele>310.29999999999995</ele><time>2025-12-29T08:01:28Z</time></trkpt><trkpt lat="22.23777" lon="113.93805666666667"><ele>310.0</ele><time>2025-12-29T08:01:30Z</time></trkpt><trkpt lat="22.23778666666666" lon="113.93806833333335"><ele>309.9</ele><time>2025-12-29T08:01:32Z</time></trkpt><trkpt lat="22.237806666666664" lon="113.93806833333335"><ele>310.2</ele><time>2025-12-29T08:01:34Z</time></trkpt><trkpt lat="22.237824999999997" lon="113.93806666666666"><ele>309.9</ele><time>2025-12-29T08:01:36Z</time></trkpt><trkpt lat="22.23784333333333" lon="113.93807166666666"><ele>309.5</ele><time>2025-12-29T08:01:39Z</time></trkpt><trkpt lat="22.237861666666664" lon="113.938075"><ele>309.09999999999997</ele><time>2025-12-29T08:01:41Z</time></trkpt><trkpt lat="22.237880000000004" lon="113.93808333333332"><ele>308.7</ele><time>2025-12-29T08:01:43Z</time></trkpt><trkpt lat="22.237905" lon="113.93810166666665"><ele>307.59999999999997</ele><time>2025-12-29T08:01:45Z</time></trkpt><trkpt lat="22.237923333333335" lon="113.938105"><ele>306.5</ele><time>2025-12-29T08:01:48Z</time></trkpt><trkpt lat="22.237943333333337" lon="113.93811499999998"><ele>305.7</ele><time>2025-12-29T08:01:50Z</time></trkpt><trkpt lat="22.23796333333333" lon="113.93812333333332"><ele>304.59999999999997</ele><time>2025-12-29T08:01:53Z</time></trkpt><trkpt lat="22.237988333333337" lon="113.93813166666665"><ele>303.59999999999997</ele><time>2025-12-29T08:01:56Z</time></trkpt><trkpt lat="22.23801166666666" lon="113.93813666666668"><ele>303.09999999999997</ele><time>2025-12-29T08:01:58Z</time></trkpt><trkpt lat="22.238031666666664" lon="113.93813999999999"><ele>302.59999999999997</ele><time>2025-12-29T08:02:00Z</time></trkpt><trkpt lat="22.23805666666666" lon="113.93814666666667"><ele>302.09999999999997</ele><time>2025-12-29T08:02:02Z</time></trkpt><trkpt lat="22.23808" lon="113.93814833333333"><ele>301.9</ele><time>2025-12-29T08:02:04Z</time></trkpt><trkpt lat="22.238108333333336" lon="113.93814166666668"><ele>301.5</ele><time>2025-12-29T08:02:06Z</time></trkpt><trkpt lat="22.23813" lon="113.93813"><ele>301.09999999999997</ele><time>2025-12-29T08:02:08Z</time></trkpt><trkpt lat="22.238150000000005" lon="113.93811666666667"><ele>300.59999999999997</ele><time>2025-12-29T08:02:10Z</time></trkpt><trkpt lat="22.238166666666665" lon="113.93810166666665"><ele>300.29999999999995</ele><time>2025-12-29T08:02:12Z</time></trkpt><trkpt lat="22.238193333333335" lon="113.93809333333333"><ele>300.2</ele><time>2025-12-29T08:02:15Z</time></trkpt><trkpt lat="22.238211666666665" lon="113.93809166666666"><ele>300.09999999999997</ele><time>2025-12-29T08:02:17Z</time></trkpt><trkpt lat="22.238229999999998" lon="113.93809166666666"><ele>300.09999999999997</ele><time>2025-12-29T08:02:19Z</time></trkpt><trkpt lat="22.23824833333333" lon="113.93808833333333"><ele>300.2</ele><time>2025-12-29T08:02:21Z</time></trkpt><trkpt lat="22.238265000000002" lon="113.93807833333334"><ele>300.2</ele><time>2025-12-29T08:02:23Z</time></trkpt><trkpt lat="22.238281666666662" lon="113.93806666666666"><ele>300.09999999999997</ele><time>2025-12-29T08:02:25Z</time></trkpt><trkpt lat="22.238303333333338" lon="113.93806666666666"><ele>300.09999999999997</ele><time>2025-12-29T08:02:27Z</time></trkpt><trkpt lat="22.238321666666668" lon="113.93806333333332"><ele>299.9</ele><time>2025-12-29T08:02:29Z</time></trkpt><trkpt lat="22.23835" lon="113.93805833333333"><ele>300.2</ele><time>2025-12-29T08:02:32Z</time></trkpt><trkpt lat="22.238364999999998" lon="113.93807"><ele>300.29999999999995</ele><time>2025-12-29T08:02:34Z</time></trkpt><trkpt lat="22.238386666666663" lon="113.93808666666668"><ele>300.4</ele><time>2025-12-29T08:02:37Z</time></trkpt><trkpt lat="22.238401666666665" lon="113.93809833333334"><ele>300.59999999999997</ele><time>2025-12-29T08:02:39Z</time></trkpt><trkpt lat="22.23843" lon="113.938105"><ele>300.5</ele><time>2025-12-29T08:02:42Z</time></trkpt><trkpt lat="22.238446666666665" lon="113.93811333333333"><ele>300.7</ele><time>2025-12-29T08:02:44Z</time></trkpt><trkpt lat="22.238464999999998" lon="113.93812666666666"><ele>301.09999999999997</ele><time>2025-12-29T08:02:47Z</time></trkpt><trkpt lat="22.23848333333334" lon="113.938135"><ele>301.5</ele><time>2025-12-29T08:02:50Z</time></trkpt><trkpt lat="22.238501666666668" lon="113.93815000000001"><ele>302.0</ele><time>2025-12-29T08:02:53Z</time></trkpt><trkpt lat="22.23851833333333" lon="113.93816166666666"><ele>302.59999999999997</ele><time>2025-12-29T08:02:55Z</time></trkpt><trkpt lat="22.238543333333336" lon="113.938165"><ele>302.9</ele><time>2025-12-29T08:03:00Z</time></trkpt><trkpt lat="22.238566666666664" lon="113.93817499999999"><ele>303.7</ele><time>2025-12-29T08:03:02Z</time></trkpt><trkpt lat="22.238583333333334" lon="113.93818333333333"><ele>304.4</ele><time>2025-12-29T08:03:04Z</time></trkpt><trkpt lat="22.238605" lon="113.93820833333332"><ele>305.2</ele><time>2025-12-29T08:03:11Z</time></trkpt><trkpt lat="22.238623333333333" lon="113.93821666666666"><ele>304.4</ele><time>2025-12-29T08:03:14Z</time></trkpt><trkpt lat="22.238644999999998" lon="113.93821666666666"><ele>303.59999999999997</ele><time>2025-12-29T08:03:17Z</time></trkpt><trkpt lat="22.238659999999996" lon="113.93823499999999"><ele>302.5</ele><time>2025-12-29T08:03:21Z</time></trkpt><trkpt lat="22.238685" lon="113.938255"><ele>302.0</ele><time>2025-12-29T08:03:23Z</time></trkpt><trkpt lat="22.238701666666664" lon="113.93826499999999"><ele>301.9</ele><time>2025-12-29T08:03:24Z</time></trkpt><trkpt lat="22.238723333333336" lon="113.93828166666665"><ele>301.5</ele><time>2025-12-29T08:03:26Z</time></trkpt><trkpt lat="22.238733333333336" lon="113.93829833333332"><ele>301.0</ele><time>2025-12-29T08:03:28Z</time></trkpt><trkpt lat="22.238751666666666" lon="113.93831"><ele>299.4</ele><time>2025-12-29T08:03:32Z</time></trkpt><trkpt lat="22.23877" lon="113.93831999999999"><ele>298.79999999999995</ele><time>2025-12-29T08:03:34Z</time></trkpt><trkpt lat="22.23879" lon="113.93833000000001"><ele>297.29999999999995</ele><time>2025-12-29T08:03:37Z</time></trkpt><trkpt lat="22.238803333333333" lon="113.93834999999999"><ele>296.09999999999997</ele><time>2025-12-29T08:03:39Z</time></trkpt><trkpt lat="22.238823333333336" lon="113.93837166666665"><ele>295.4</ele><time>2025-12-29T08:03:41Z</time></trkpt><trkpt lat="22.238839999999996" lon="113.93838499999998"><ele>294.59999999999997</ele><time>2025-12-29T08:03:43Z</time></trkpt><trkpt lat="22.238854999999997" lon="113.93840333333334"><ele>293.79999999999995</ele><time>2025-12-29T08:03:46Z</time></trkpt><trkpt lat="22.23887333333333" lon="113.938405"><ele>293.0</ele><time>2025-12-29T08:03:49Z</time></trkpt><trkpt lat="22.23889" lon="113.93841333333333"><ele>292.2</ele><time>2025-12-29T08:03:53Z</time></trkpt><trkpt lat="22.238901666666667" lon="113.93843166666666"><ele>290.7</ele><time>2025-12-29T08:04:04Z</time></trkpt><trkpt lat="22.238923333333332" lon="113.938455"><ele>290.4</ele><time>2025-12-29T08:04:07Z</time></trkpt><trkpt lat="22.238935" lon="113.93847499999998"><ele>290.29999999999995</ele><time>2025-12-29T08:04:11Z</time></trkpt><trkpt lat="22.23895333333333" lon="113.93848666666666"><ele>290.0</ele><time>2025-12-29T08:04:13Z</time></trkpt><trkpt lat="22.238968333333332" lon="113.93849999999999"><ele>290.09999999999997</ele><time>2025-12-29T08:04:14Z</time></trkpt><trkpt lat="22.238986666666666" lon="113.93850166666668"><ele>290.0</ele><time>2025-12-29T08:04:15Z</time></trkpt><trkpt lat="22.23900666666667" lon="113.93851666666666"><ele>290.0</ele><time>2025-12-29T08:04:17Z</time></trkpt><trkpt lat="22.239030000000003" lon="113.93852833333334"><ele>289.79999999999995</ele><time>2025-12-29T08:04:19Z</time></trkpt><trkpt lat="22.23905" lon="113.93852666666668"><ele>290.0</ele><time>2025-12-29T08:04:21Z</time></trkpt><trkpt lat="22.23907" lon="113.93853833333333"><ele>289.7</ele><time>2025-12-29T08:04:23Z</time></trkpt><trkpt lat="22.23908666666667" lon="113.93856"><ele>289.4</ele><time>2025-12-29T08:04:26Z</time></trkpt><trkpt lat="22.239109999999997" lon="113.93858166666665"><ele>289.7</ele><time>2025-12-29T08:04:29Z</time></trkpt><trkpt lat="22.23913166666667" lon="113.93858833333334"><ele>289.79999999999995</ele><time>2025-12-29T08:04:34Z</time></trkpt><trkpt lat="22.23914666666667" lon="113.93860333333332"><ele>290.0</ele><time>2025-12-29T08:04:36Z</time></trkpt><trkpt lat="22.23916166666667" lon="113.93862333333333"><ele>290.29999999999995</ele><time>2025-12-29T08:04:38Z</time></trkpt><trkpt lat="22.23917333333333" lon="113.93864"><ele>290.2</ele><time>2025-12-29T08:04:40Z</time></trkpt><trkpt lat="22.23919" lon="113.93865499999998"><ele>290.7</ele><time>2025-12-29T08:04:42Z</time></trkpt><trkpt lat="22.23920333333333" lon="113.93867333333334"><ele>290.09999999999997</ele><time>2025-12-29T08:04:47Z</time></trkpt><trkpt lat="22.239213333333335" lon="113.93869666666666"><ele>290.0</ele><time>2025-12-29T08:04:50Z</time></trkpt><trkpt lat="22.23923166666667" lon="113.93870666666665"><ele>290.2</ele><time>2025-12-29T08:04:52Z</time></trkpt><trkpt lat="22.239255000000004" lon="113.93872666666667"><ele>290.4</ele><time>2025-12-29T08:04:55Z</time></trkpt><trkpt lat="22.239265" lon="113.93874666666667"><ele>290.5</ele><time>2025-12-29T08:04:57Z</time></trkpt><trkpt lat="22.23928" lon="113.93876666666665"><ele>290.7</ele><time>2025-12-29T08:04:59Z</time></trkpt><trkpt lat="22.239288333333334" lon="113.93879333333334"><ele>291.09999999999997</ele><time>2025-12-29T08:05:02Z</time></trkpt><trkpt lat="22.239289999999997" lon="113.93881333333333"><ele>291.7</ele><time>2025-12-29T08:05:04Z</time></trkpt><trkpt lat="22.23930833333333" lon="113.93883666666667"><ele>291.79999999999995</ele><time>2025-12-29T08:05:07Z</time></trkpt><trkpt lat="22.23932166666667" lon="113.93885333333334"><ele>291.79999999999995</ele><time>2025-12-29T08:05:13Z</time></trkpt><trkpt lat="22.239331666666665" lon="113.93887000000001"><ele>292.09999999999997</ele><time>2025-12-29T08:05:16Z</time></trkpt><trkpt lat="22.239348333333336" lon="113.93889166666668"><ele>292.4</ele><time>2025-12-29T08:05:19Z</time></trkpt><trkpt lat="22.239361666666664" lon="113.93891833333333"><ele>292.9</ele><time>2025-12-29T08:05:21Z</time></trkpt><trkpt lat="22.239373333333333" lon="113.93893666666666"><ele>293.29999999999995</ele><time>2025-12-29T08:05:23Z</time></trkpt><trkpt lat="22.239379999999997" lon="113.93895499999999"><ele>294.2</ele><time>2025-12-29T08:05:26Z</time></trkpt><trkpt lat="22.239395" lon="113.93896833333335"><ele>294.59999999999997</ele><time>2025-12-29T08:05:30Z</time></trkpt><trkpt lat="22.23941" lon="113.93899000000002"><ele>295.29999999999995</ele><time>2025-12-29T08:05:34Z</time></trkpt><trkpt lat="22.23942833333333" lon="113.93900666666666"><ele>295.79999999999995</ele><time>2025-12-29T08:05:36Z</time></trkpt><trkpt lat="22.23944333333333" lon="113.93902000000001"><ele>296.5</ele><time>2025-12-29T08:05:38Z</time></trkpt><trkpt lat="22.23945666666667" lon="113.93903833333334"><ele>296.59999999999997</ele><time>2025-12-29T08:05:41Z</time></trkpt><trkpt lat="22.239478333333334" lon="113.93905833333335"><ele>296.2</ele><time>2025-12-29T08:05:44Z</time></trkpt><trkpt lat="22.2395" lon="113.93908333333333"><ele>296.4</ele><time>2025-12-29T08:05:46Z</time></trkpt><trkpt lat="22.239514999999997" lon="113.93910333333334"><ele>296.5</ele><time>2025-12-29T08:05:48Z</time></trkpt><trkpt lat="22.23953333333333" lon="113.93911666666666"><ele>296.7</ele><time>2025-12-29T08:05:51Z</time></trkpt><trkpt lat="22.239555000000003" lon="113.93912999999999"><ele>296.5</ele><time>2025-12-29T08:05:55Z</time></trkpt><trkpt lat="22.239573333333336" lon="113.93914166666667"><ele>296.09999999999997</ele><time>2025-12-29T08:05:58Z</time></trkpt><trkpt lat="22.239600000000003" lon="113.93915166666666"><ele>295.79999999999995</ele><time>2025-12-29T08:06:01Z</time></trkpt><trkpt lat="22.239631666666664" lon="113.93915666666665"><ele>295.09999999999997</ele><time>2025-12-29T08:06:03Z</time></trkpt><trkpt lat="22.239655000000003" lon="113.93916166666668"><ele>294.59999999999997</ele><time>2025-12-29T08:06:05Z</time></trkpt><trkpt lat="22.239673333333332" lon="113.93918166666666"><ele>294.2</ele><time>2025-12-29T08:06:07Z</time></trkpt><trkpt lat="22.239690000000003" lon="113.93920833333335"><ele>294.0</ele><time>2025-12-29T08:06:10Z</time></trkpt><trkpt lat="22.239696666666667" lon="113.93922666666667"><ele>294.0</ele><time>2025-12-29T08:06:12Z</time></trkpt><trkpt lat="22.23971333333333" lon="113.93924666666665"><ele>293.29999999999995</ele><time>2025-12-29T08:06:16Z</time></trkpt><trkpt lat="22.239728333333332" lon="113.93925833333333"><ele>292.5</ele><time>2025-12-29T08:06:20Z</time></trkpt><trkpt lat="22.239746666666665" lon="113.93927166666666"><ele>292.09999999999997</ele><time>2025-12-29T08:06:23Z</time></trkpt><trkpt lat="22.239763333333332" lon="113.93928166666667"><ele>291.5</ele><time>2025-12-29T08:06:26Z</time></trkpt><trkpt lat="22.239784999999998" lon="113.939295"><ele>291.09999999999997</ele><time>2025-12-29T08:06:28Z</time></trkpt><trkpt lat="22.23980166666667" lon="113.93931833333333"><ele>290.5</ele><time>2025-12-29T08:06:30Z</time></trkpt><trkpt lat="22.23981666666667" lon="113.93933333333334"><ele>290.29999999999995</ele><time>2025-12-29T08:06:32Z</time></trkpt><trkpt lat="22.239835000000003" lon="113.93934666666668"><ele>290.2</ele><time>2025-12-29T08:06:34Z</time></trkpt><trkpt lat="22.23986166666667" lon="113.939365"><ele>290.29999999999995</ele><time>2025-12-29T08:06:36Z</time></trkpt><trkpt lat="22.239883333333335" lon="113.93937166666667"><ele>290.29999999999995</ele><time>2025-12-29T08:06:38Z</time></trkpt><trkpt lat="22.239908333333332" lon="113.93937"><ele>290.2</ele><time>2025-12-29T08:06:40Z</time></trkpt><trkpt lat="22.239926666666666" lon="113.93937833333332"><ele>290.5</ele><time>2025-12-29T08:06:42Z</time></trkpt><trkpt lat="22.23994" lon="113.93939666666665"><ele>290.5</ele><time>2025-12-29T08:06:44Z</time></trkpt><trkpt lat="22.239953333333332" lon="113.93941333333332"><ele>290.79999999999995</ele><time>2025-12-29T08:06:46Z</time></trkpt><trkpt lat="22.239948333333338" lon="113.93943333333333"><ele>292.09999999999997</ele><time>2025-12-29T08:06:54Z</time></trkpt><trkpt lat="22.239991666666665" lon="113.93944333333333"><ele>294.5</ele><time>2025-12-29T08:07:12Z</time></trkpt><trkpt lat="22.240009999999998" lon="113.93946333333334"><ele>295.5</ele><time>2025-12-29T08:07:15Z</time></trkpt><trkpt lat="22.24002666666667" lon="113.93947666666666"><ele>296.2</ele><time>2025-12-29T08:07:18Z</time></trkpt><trkpt lat="22.240043333333332" lon="113.93949166666668"><ele>296.79999999999995</ele><time>2025-12-29T08:07:21Z</time></trkpt><trkpt lat="22.240053333333336" lon="113.93945833333333"><ele>296.09999999999997</ele><time>2025-12-29T08:07:28Z</time></trkpt><trkpt lat="22.240111666666667" lon="113.939545"><ele>293.7</ele><time>2025-12-29T08:07:51Z</time></trkpt><trkpt lat="22.240124999999995" lon="113.93956833333336"><ele>294.79999999999995</ele><time>2025-12-29T08:07:54Z</time></trkpt><trkpt lat="22.240133333333333" lon="113.93960833333334"><ele>296.7</ele><time>2025-12-29T08:08:04Z</time></trkpt><trkpt lat="22.240151666666666" lon="113.93962000000002"><ele>297.09999999999997</ele><time>2025-12-29T08:08:06Z</time></trkpt><trkpt lat="22.24017333333334" lon="113.939625"><ele>297.7</ele><time>2025-12-29T08:08:29Z</time></trkpt><trkpt lat="22.240191666666668" lon="113.939635"><ele>297.9</ele><time>2025-12-29T08:08:31Z</time></trkpt><trkpt lat="22.240198333333336" lon="113.93965666666666"><ele>298.09999999999997</ele><time>2025-12-29T08:08:33Z</time></trkpt><trkpt lat="22.240188333333336" lon="113.93967666666667"><ele>298.29999999999995</ele><time>2025-12-29T08:08:36Z</time></trkpt><trkpt lat="22.24017666666667" lon="113.93969833333334"><ele>298.59999999999997</ele><time>2025-12-29T08:08:39Z</time></trkpt><trkpt lat="22.240158333333337" lon="113.93970499999999"><ele>298.79999999999995</ele><time>2025-12-29T08:08:41Z</time></trkpt><trkpt lat="22.240168333333333" lon="113.93972666666666"><ele>299.0</ele><time>2025-12-29T08:08:44Z</time></trkpt><trkpt lat="22.240175" lon="113.93970833333333"><ele>300.59999999999997</ele><time>2025-12-29T08:08:50Z</time></trkpt><trkpt lat="22.240196666666666" lon="113.93969666666665"><ele>300.7</ele><time>2025-12-29T08:08:53Z</time></trkpt><trkpt lat="22.240214999999996" lon="113.93968333333332"><ele>301.4</ele><time>2025-12-29T08:08:55Z</time></trkpt><trkpt lat="22.240243333333336" lon="113.93975666666665"><ele>302.09999999999997</ele><time>2025-12-29T08:09:08Z</time></trkpt><trkpt lat="22.240293333333337" lon="113.93977500000001"><ele>300.5</ele><time>2025-12-29T08:09:16Z</time></trkpt><trkpt lat="22.240313333333333" lon="113.93977666666666"><ele>300.59999999999997</ele><time>2025-12-29T08:09:18Z</time></trkpt><trkpt lat="22.240334999999998" lon="113.93979333333333"><ele>300.59999999999997</ele><time>2025-12-29T08:09:21Z</time></trkpt><trkpt lat="22.240345" lon="113.93981000000001"><ele>300.59999999999997</ele><time>2025-12-29T08:09:23Z</time></trkpt><trkpt lat="22.240358333333333" lon="113.93983333333333"><ele>300.7</ele><time>2025-12-29T08:09:26Z</time></trkpt><trkpt lat="22.24037" lon="113.93984833333334"><ele>300.59999999999997</ele><time>2025-12-29T08:09:29Z</time></trkpt><trkpt lat="22.240381666666668" lon="113.93986833333332"><ele>300.09999999999997</ele><time>2025-12-29T08:09:31Z</time></trkpt><trkpt lat="22.240394999999996" lon="113.93989000000002"><ele>299.29999999999995</ele><time>2025-12-29T08:09:34Z</time></trkpt><trkpt lat="22.240411666666667" lon="113.93991166666667"><ele>299.0</ele><time>2025-12-29T08:09:37Z</time></trkpt><trkpt lat="22.24043" lon="113.93993"><ele>298.7</ele><time>2025-12-29T08:09:41Z</time></trkpt><trkpt lat="22.240450000000003" lon="113.939935"><ele>298.7</ele><time>2025-12-29T08:09:44Z</time></trkpt><trkpt lat="22.240468333333336" lon="113.93994166666668"><ele>298.29999999999995</ele><time>2025-12-29T08:09:46Z</time></trkpt><trkpt lat="22.240493333333333" lon="113.93996166666666"><ele>297.79999999999995</ele><time>2025-12-29T08:09:49Z</time></trkpt><trkpt lat="22.240513333333336" lon="113.93997166666668"><ele>297.2</ele><time>2025-12-29T08:09:52Z</time></trkpt><trkpt lat="22.24053666666667" lon="113.93997666666668"><ele>296.59999999999997</ele><time>2025-12-29T08:09:55Z</time></trkpt><trkpt lat="22.240556666666667" lon="113.93999166666666"><ele>296.4</ele><time>2025-12-29T08:09:57Z</time></trkpt><trkpt lat="22.24058" lon="113.94000833333332"><ele>296.2</ele><time>2025-12-29T08:09:59Z</time></trkpt><trkpt lat="22.240601666666667" lon="113.94001833333331"><ele>295.79999999999995</ele><time>2025-12-29T08:10:01Z</time></trkpt><trkpt lat="22.240621666666666" lon="113.940035"><ele>295.5</ele><time>2025-12-29T08:10:04Z</time></trkpt><trkpt lat="22.24064" lon="113.94004166666667"><ele>295.29999999999995</ele><time>2025-12-29T08:10:07Z</time></trkpt><trkpt lat="22.240663333333334" lon="113.94003833333333"><ele>296.0</ele><time>2025-12-29T08:10:11Z</time></trkpt><trkpt lat="22.240675000000003" lon="113.94002166666665"><ele>295.9</ele><time>2025-12-29T08:10:15Z</time></trkpt><trkpt lat="22.240691666666667" lon="113.94003333333333"><ele>295.29999999999995</ele><time>2025-12-29T08:10:18Z</time></trkpt><trkpt lat="22.24071333333333" lon="113.94003666666667"><ele>294.9</ele><time>2025-12-29T08:10:21Z</time></trkpt><trkpt lat="22.240736666666667" lon="113.94003833333333"><ele>294.4</ele><time>2025-12-29T08:10:24Z</time></trkpt><trkpt lat="22.24076166666667" lon="113.94004666666666"><ele>294.29999999999995</ele><time>2025-12-29T08:10:26Z</time></trkpt><trkpt lat="22.24077833333333" lon="113.94005666666665"><ele>294.4</ele><time>2025-12-29T08:10:27Z</time></trkpt><trkpt lat="22.24080333333333" lon="113.94007500000001"><ele>294.9</ele><time>2025-12-29T08:10:29Z</time></trkpt><trkpt lat="22.240799999999997" lon="113.94010333333333"><ele>295.29999999999995</ele><time>2025-12-29T08:10:32Z</time></trkpt><trkpt lat="22.240799999999997" lon="113.940125"><ele>295.29999999999995</ele><time>2025-12-29T08:10:36Z</time></trkpt><trkpt lat="22.240813333333335" lon="113.94016666666667"><ele>293.7</ele><time>2025-12-29T08:10:51Z</time></trkpt><trkpt lat="22.240835" lon="113.94017833333334"><ele>293.79999999999995</ele><time>2025-12-29T08:10:53Z</time></trkpt><trkpt lat="22.240846666666666" lon="113.940205"><ele>294.29999999999995</ele><time>2025-12-29T08:10:55Z</time></trkpt><trkpt lat="22.240870000000005" lon="113.94021666666667"><ele>294.79999999999995</ele><time>2025-12-29T08:10:58Z</time></trkpt><trkpt lat="22.240889999999997" lon="113.94022333333332"><ele>294.79999999999995</ele><time>2025-12-29T08:11:00Z</time></trkpt><trkpt lat="22.240911666666662" lon="113.94023333333334"><ele>294.79999999999995</ele><time>2025-12-29T08:11:03Z</time></trkpt><trkpt lat="22.240931666666665" lon="113.94026000000001"><ele>294.7</ele><time>2025-12-29T08:11:05Z</time></trkpt><trkpt lat="22.240951666666668" lon="113.94027333333334"><ele>294.7</ele><time>2025-12-29T08:11:07Z</time></trkpt><trkpt lat="22.240971666666663" lon="113.94028000000002"><ele>295.4</ele><time>2025-12-29T08:11:10Z</time></trkpt><trkpt lat="22.240975000000002" lon="113.94030333333333"><ele>296.0</ele><time>2025-12-29T08:11:14Z</time></trkpt><trkpt lat="22.240990000000004" lon="113.94031833333332"><ele>295.59999999999997</ele><time>2025-12-29T08:11:18Z</time></trkpt><trkpt lat="22.24101333333333" lon="113.94032"><ele>295.79999999999995</ele><time>2025-12-29T08:11:21Z</time></trkpt><trkpt lat="22.241031666666665" lon="113.94032"><ele>295.7</ele><time>2025-12-29T08:11:24Z</time></trkpt><trkpt lat="22.241046666666662" lon="113.94033333333333"><ele>295.79999999999995</ele><time>2025-12-29T08:11:27Z</time></trkpt><trkpt lat="22.241061666666663" lon="113.94034666666667"><ele>296.09999999999997</ele><time>2025-12-29T08:11:29Z</time></trkpt><trkpt lat="22.241083333333336" lon="113.94036"><ele>296.4</ele><time>2025-12-29T08:11:31Z</time></trkpt><trkpt lat="22.24110166666667" lon="113.94037000000002"><ele>296.5</ele><time>2025-12-29T08:11:33Z</time></trkpt><trkpt lat="22.241116666666667" lon="113.94039"><ele>297.0</ele><time>2025-12-29T08:11:35Z</time></trkpt><trkpt lat="22.24113333333333" lon="113.94041166666666"><ele>297.29999999999995</ele><time>2025-12-29T08:11:37Z</time></trkpt><trkpt lat="22.24115" lon="113.94042333333333"><ele>297.4</ele><time>2025-12-29T08:11:39Z</time></trkpt><trkpt lat="22.241166666666665" lon="113.94043333333333"><ele>296.9</ele><time>2025-12-29T08:11:44Z</time></trkpt><trkpt lat="22.241181666666662" lon="113.94044833333334"><ele>297.0</ele><time>2025-12-29T08:11:46Z</time></trkpt><trkpt lat="22.24119166666667" lon="113.94046666666667"><ele>297.0</ele><time>2025-12-29T08:11:48Z</time></trkpt><trkpt lat="22.24120833333333" lon="113.94048166666668"><ele>297.2</ele><time>2025-12-29T08:11:50Z</time></trkpt><trkpt lat="22.241231666666668" lon="113.94050166666666"><ele>297.59999999999997</ele><time>2025-12-29T08:11:52Z</time></trkpt><trkpt lat="22.241251666666667" lon="113.94052166666667"><ele>298.2</ele><time>2025-12-29T08:11:54Z</time></trkpt><trkpt lat="22.241271666666663" lon="113.940535"><ele>298.59999999999997</ele><time>2025-12-29T08:11:56Z</time></trkpt><trkpt lat="22.241290000000003" lon="113.94054499999999"><ele>298.9</ele><time>2025-12-29T08:11:59Z</time></trkpt><trkpt lat="22.241305000000004" lon="113.94055666666667"><ele>298.9</ele><time>2025-12-29T08:12:01Z</time></trkpt><trkpt lat="22.241315" lon="113.940575"><ele>298.9</ele><time>2025-12-29T08:12:03Z</time></trkpt><trkpt lat="22.24132666666667" lon="113.94059333333334"><ele>299.2</ele><time>2025-12-29T08:12:05Z</time></trkpt><trkpt lat="22.241345000000003" lon="113.94060333333333"><ele>299.5</ele><time>2025-12-29T08:12:07Z</time></trkpt><trkpt lat="22.241355" lon="113.94062166666666"><ele>299.59999999999997</ele><time>2025-12-29T08:12:09Z</time></trkpt><trkpt lat="22.24137" lon="113.940645"><ele>299.29999999999995</ele><time>2025-12-29T08:12:12Z</time></trkpt><trkpt lat="22.241380000000003" lon="113.94066166666668"><ele>298.9</ele><time>2025-12-29T08:12:14Z</time></trkpt><trkpt lat="22.241391666666665" lon="113.94068833333334"><ele>298.29999999999995</ele><time>2025-12-29T08:12:17Z</time></trkpt><trkpt lat="22.24140166666667" lon="113.94070666666667"><ele>298.2</ele><time>2025-12-29T08:12:19Z</time></trkpt><trkpt lat="22.24141666666667" lon="113.94073166666666"><ele>298.29999999999995</ele><time>2025-12-29T08:12:21Z</time></trkpt><trkpt lat="22.241428333333335" lon="113.94075166666669"><ele>298.2</ele><time>2025-12-29T08:12:23Z</time></trkpt><trkpt lat="22.241443333333336" lon="113.94076500000001"><ele>298.29999999999995</ele><time>2025-12-29T08:12:25Z</time></trkpt><trkpt lat="22.24146" lon="113.94077666666665"><ele>298.09999999999997</ele><time>2025-12-29T08:12:27Z</time></trkpt><trkpt lat="22.241476666666667" lon="113.94078666666668"><ele>297.79999999999995</ele><time>2025-12-29T08:12:29Z</time></trkpt><trkpt lat="22.24149333333333" lon="113.94080666666666"><ele>297.7</ele><time>2025-12-29T08:12:31Z</time></trkpt><trkpt lat="22.24151" lon="113.94081499999999"><ele>297.2</ele><time>2025-12-29T08:12:33Z</time></trkpt><trkpt lat="22.241526666666665" lon="113.94082833333331"><ele>296.9</ele><time>2025-12-29T08:12:35Z</time></trkpt><trkpt lat="22.241543333333333" lon="113.94084666666667"><ele>296.9</ele><time>2025-12-29T08:12:37Z</time></trkpt><trkpt lat="22.241558333333334" lon="113.94086"><ele>296.79999999999995</ele><time>2025-12-29T08:12:39Z</time></trkpt><trkpt lat="22.241573333333335" lon="113.94087333333333"><ele>296.2</ele><time>2025-12-29T08:12:41Z</time></trkpt><trkpt lat="22.241588333333333" lon="113.940895"><ele>295.79999999999995</ele><time>2025-12-29T08:12:43Z</time></trkpt><trkpt lat="22.241598333333332" lon="113.940915"><ele>295.5</ele><time>2025-12-29T08:12:45Z</time></trkpt><trkpt lat="22.241611666666667" lon="113.94092833333335"><ele>295.0</ele><time>2025-12-29T08:12:47Z</time></trkpt><trkpt lat="22.24162666666667" lon="113.94094333333332"><ele>294.79999999999995</ele><time>2025-12-29T08:12:49Z</time></trkpt><trkpt lat="22.24164166666667" lon="113.94095833333334"><ele>294.59999999999997</ele><time>2025-12-29T08:12:51Z</time></trkpt><trkpt lat="22.241663333333335" lon="113.94096499999999"><ele>294.4</ele><time>2025-12-29T08:12:53Z</time></trkpt><trkpt lat="22.241691666666664" lon="113.94096833333333"><ele>294.59999999999997</ele><time>2025-12-29T08:12:55Z</time></trkpt><trkpt lat="22.241711666666667" lon="113.94096999999998"><ele>294.59999999999997</ele><time>2025-12-29T08:12:57Z</time></trkpt><trkpt lat="22.24173" lon="113.94096999999998"><ele>294.59999999999997</ele><time>2025-12-29T08:12:59Z</time></trkpt><trkpt lat="22.24174833333333" lon="113.94095999999999"><ele>295.0</ele><time>2025-12-29T08:13:02Z</time></trkpt><trkpt lat="22.241773333333338" lon="113.94095333333334"><ele>295.59999999999997</ele><time>2025-12-29T08:13:06Z</time></trkpt><trkpt lat="22.241795000000003" lon="113.94095"><ele>296.0</ele><time>2025-12-29T08:13:08Z</time></trkpt><trkpt lat="22.241818333333338" lon="113.94094500000001"><ele>296.29999999999995</ele><time>2025-12-29T08:13:10Z</time></trkpt><trkpt lat="22.241844999999998" lon="113.940935"><ele>296.59999999999997</ele><time>2025-12-29T08:13:13Z</time></trkpt><trkpt lat="22.241863333333338" lon="113.94092833333335"><ele>297.09999999999997</ele><time>2025-12-29T08:13:15Z</time></trkpt><trkpt lat="22.241881666666668" lon="113.94091833333331"><ele>297.7</ele><time>2025-12-29T08:13:17Z</time></trkpt><trkpt lat="22.24189833333333" lon="113.94090666666668"><ele>298.2</ele><time>2025-12-29T08:13:19Z</time></trkpt><trkpt lat="22.241923333333336" lon="113.94090166666668"><ele>298.9</ele><time>2025-12-29T08:13:22Z</time></trkpt><trkpt lat="22.24194333333333" lon="113.940895"><ele>299.2</ele><time>2025-12-29T08:13:24Z</time></trkpt><trkpt lat="22.241963333333334" lon="113.94089000000001"><ele>299.29999999999995</ele><time>2025-12-29T08:13:26Z</time></trkpt><trkpt lat="22.241985" lon="113.94088500000001"><ele>299.5</ele><time>2025-12-29T08:13:28Z</time></trkpt><trkpt lat="22.242009999999997" lon="113.94087166666668"><ele>299.79999999999995</ele><time>2025-12-29T08:13:31Z</time></trkpt><trkpt lat="22.242023333333336" lon="113.94085666666666"><ele>300.09999999999997</ele><time>2025-12-29T08:13:33Z</time></trkpt><trkpt lat="22.242035" lon="113.94083833333335"><ele>300.5</ele><time>2025-12-29T08:13:35Z</time></trkpt><trkpt lat="22.242053333333335" lon="113.94081999999999"><ele>300.7</ele><time>2025-12-29T08:13:37Z</time></trkpt><trkpt lat="22.24207" lon="113.94080000000001"><ele>301.0</ele><time>2025-12-29T08:13:39Z</time></trkpt><trkpt lat="22.242084999999996" lon="113.94078166666668"><ele>301.29999999999995</ele><time>2025-12-29T08:13:41Z</time></trkpt><trkpt lat="22.242098333333335" lon="113.94076166666667"><ele>301.59999999999997</ele><time>2025-12-29T08:13:43Z</time></trkpt><trkpt lat="22.242110000000004" lon="113.94074333333334"><ele>302.0</ele><time>2025-12-29T08:13:45Z</time></trkpt><trkpt lat="22.242125" lon="113.94072833333333"><ele>302.4</ele><time>2025-12-29T08:13:47Z</time></trkpt><trkpt lat="22.242140000000003" lon="113.94071000000001"><ele>302.79999999999995</ele><time>2025-12-29T08:13:49Z</time></trkpt><trkpt lat="22.24214833333333" lon="113.940685"><ele>303.5</ele><time>2025-12-29T08:13:51Z</time></trkpt><trkpt lat="22.242161666666668" lon="113.94066166666668"><ele>304.0</ele><time>2025-12-29T08:13:53Z</time></trkpt><trkpt lat="22.242171666666664" lon="113.94063999999999"><ele>304.5</ele><time>2025-12-29T08:13:55Z</time></trkpt><trkpt lat="22.242186666666665" lon="113.940625"><ele>305.0</ele><time>2025-12-29T08:13:57Z</time></trkpt><trkpt lat="22.242201666666666" lon="113.94061166666667"><ele>305.59999999999997</ele><time>2025-12-29T08:13:59Z</time></trkpt><trkpt lat="22.242213333333332" lon="113.940595"><ele>306.2</ele><time>2025-12-29T08:14:01Z</time></trkpt><trkpt lat="22.242233333333335" lon="113.94057333333333"><ele>307.0</ele><time>2025-12-29T08:14:04Z</time></trkpt><trkpt lat="22.242255" lon="113.94056333333334"><ele>307.59999999999997</ele><time>2025-12-29T08:14:07Z</time></trkpt><trkpt lat="22.242276666666665" lon="113.94054499999999"><ele>308.2</ele><time>2025-12-29T08:14:10Z</time></trkpt><trkpt lat="22.2423" lon="113.94052833333332"><ele>308.59999999999997</ele><time>2025-12-29T08:14:13Z</time></trkpt><trkpt lat="22.242321666666665" lon="113.94052166666667"><ele>309.2</ele><time>2025-12-29T08:14:15Z</time></trkpt><trkpt lat="22.242345" lon="113.94050999999999"><ele>309.7</ele><time>2025-12-29T08:14:17Z</time></trkpt><trkpt lat="22.242371666666667" lon="113.94051333333333"><ele>309.29999999999995</ele><time>2025-12-29T08:14:19Z</time></trkpt><trkpt lat="22.24240166666667" lon="113.94051833333333"><ele>309.09999999999997</ele><time>2025-12-29T08:14:21Z</time></trkpt><trkpt lat="22.242428333333336" lon="113.94052000000002"><ele>308.9</ele><time>2025-12-29T08:14:23Z</time></trkpt><trkpt lat="22.242451666666664" lon="113.94052500000001"><ele>308.59999999999997</ele><time>2025-12-29T08:14:25Z</time></trkpt><trkpt lat="22.242475" lon="113.94053333333335"><ele>308.4</ele><time>2025-12-29T08:14:27Z</time></trkpt><trkpt lat="22.242500000000003" lon="113.94054"><ele>308.5</ele><time>2025-12-29T08:14:29Z</time></trkpt><trkpt lat="22.24252333333333" lon="113.94054499999999"><ele>308.7</ele><time>2025-12-29T08:14:31Z</time></trkpt><trkpt lat="22.242545000000003" lon="113.94055166666666"><ele>308.79999999999995</ele><time>2025-12-29T08:14:33Z</time></trkpt><trkpt lat="22.242573333333333" lon="113.94054499999999"><ele>308.7</ele><time>2025-12-29T08:14:36Z</time></trkpt><trkpt lat="22.24259833333333" lon="113.94055166666666"><ele>308.7</ele><time>2025-12-29T08:14:38Z</time></trkpt><trkpt lat="22.242624999999997" lon="113.94055833333331"><ele>308.9</ele><time>2025-12-29T08:14:40Z</time></trkpt><trkpt lat="22.242650000000005" lon="113.94055666666667"><ele>308.79999999999995</ele><time>2025-12-29T08:14:42Z</time></trkpt><trkpt lat="22.242673333333332" lon="113.94055833333331"><ele>308.7</ele><time>2025-12-29T08:14:44Z</time></trkpt><trkpt lat="22.242691666666662" lon="113.94055666666667"><ele>309.0</ele><time>2025-12-29T08:14:46Z</time></trkpt><trkpt lat="22.242710000000002" lon="113.94055166666666"><ele>309.09999999999997</ele><time>2025-12-29T08:14:48Z</time></trkpt><trkpt lat="22.242726666666666" lon="113.94054166666668"><ele>309.4</ele><time>2025-12-29T08:14:50Z</time></trkpt><trkpt lat="22.242745" lon="113.94052833333332"><ele>309.59999999999997</ele><time>2025-12-29T08:14:52Z</time></trkpt><trkpt lat="22.242763333333333" lon="113.94051333333333"><ele>309.59999999999997</ele><time>2025-12-29T08:14:54Z</time></trkpt><trkpt lat="22.242781666666662" lon="113.94050333333334"><ele>309.59999999999997</ele><time>2025-12-29T08:14:56Z</time></trkpt><trkpt lat="22.242801666666665" lon="113.94049500000001"><ele>310.0</ele><time>2025-12-29T08:14:58Z</time></trkpt><trkpt lat="22.242826666666662" lon="113.94049333333332"><ele>310.09999999999997</ele><time>2025-12-29T08:15:00Z</time></trkpt><trkpt lat="22.242846666666665" lon="113.94049333333332"><ele>310.2</ele><time>2025-12-29T08:15:02Z</time></trkpt><trkpt lat="22.24286833333333" lon="113.940485"><ele>310.0</ele><time>2025-12-29T08:15:04Z</time></trkpt><trkpt lat="22.242893333333335" lon="113.94048"><ele>310.2</ele><time>2025-12-29T08:15:06Z</time></trkpt><trkpt lat="22.242920000000005" lon="113.94047166666665"><ele>310.59999999999997</ele><time>2025-12-29T08:15:08Z</time></trkpt><trkpt lat="22.242943333333333" lon="113.94046166666666"><ele>311.29999999999995</ele><time>2025-12-29T08:15:11Z</time></trkpt><trkpt lat="22.24295833333333" lon="113.94044666666666"><ele>311.7</ele><time>2025-12-29T08:15:13Z</time></trkpt><trkpt lat="22.24297" lon="113.94043166666667"><ele>311.9</ele><time>2025-12-29T08:15:15Z</time></trkpt><trkpt lat="22.24298666666667" lon="113.94041166666666"><ele>312.29999999999995</ele><time>2025-12-29T08:15:18Z</time></trkpt><trkpt lat="22.242996666666667" lon="113.940395"><ele>312.7</ele><time>2025-12-29T08:15:20Z</time></trkpt><trkpt lat="22.243009999999995" lon="113.94038"><ele>313.09999999999997</ele><time>2025-12-29T08:15:22Z</time></trkpt><trkpt lat="22.243026666666665" lon="113.94036166666667"><ele>313.9</ele><time>2025-12-29T08:15:25Z</time></trkpt><trkpt lat="22.243045" lon="113.94034500000001"><ele>314.7</ele><time>2025-12-29T08:15:27Z</time></trkpt><trkpt lat="22.24306166666667" lon="113.94032999999999"><ele>315.09999999999997</ele><time>2025-12-29T08:15:29Z</time></trkpt><trkpt lat="22.243078333333333" lon="113.94031000000001"><ele>315.7</ele><time>2025-12-29T08:15:31Z</time></trkpt><trkpt lat="22.243098333333332" lon="113.94030333333333"><ele>316.0</ele><time>2025-12-29T08:15:33Z</time></trkpt><trkpt lat="22.243116666666666" lon="113.940295"><ele>316.4</ele><time>2025-12-29T08:15:35Z</time></trkpt><trkpt lat="22.243129999999997" lon="113.94027833333332"><ele>316.7</ele><time>2025-12-29T08:15:37Z</time></trkpt><trkpt lat="22.243144999999995" lon="113.94026166666666"><ele>317.2</ele><time>2025-12-29T08:15:39Z</time></trkpt><trkpt lat="22.243164999999998" lon="113.94024666666668"><ele>317.5</ele><time>2025-12-29T08:15:41Z</time></trkpt><trkpt lat="22.243185" lon="113.94022833333332"><ele>317.79999999999995</ele><time>2025-12-29T08:15:43Z</time></trkpt><trkpt lat="22.243204999999996" lon="113.94020666666665"><ele>318.0</ele><time>2025-12-29T08:15:45Z</time></trkpt><trkpt lat="22.243223333333336" lon="113.94019166666666"><ele>318.29999999999995</ele><time>2025-12-29T08:15:47Z</time></trkpt><trkpt lat="22.24324166666667" lon="113.94017166666666"><ele>318.4</ele><time>2025-12-29T08:15:49Z</time></trkpt><trkpt lat="22.243258333333333" lon="113.94015333333333"><ele>318.4</ele><time>2025-12-29T08:15:51Z</time></trkpt><trkpt lat="22.243278333333333" lon="113.94014"><ele>318.4</ele><time>2025-12-29T08:15:53Z</time></trkpt><trkpt lat="22.243298333333335" lon="113.94012333333333"><ele>318.4</ele><time>2025-12-29T08:15:56Z</time></trkpt><trkpt lat="22.243313333333337" lon="113.94010666666667"><ele>318.59999999999997</ele><time>2025-12-29T08:15:59Z</time></trkpt><trkpt lat="22.24333166666667" lon="113.94009"><ele>318.79999999999995</ele><time>2025-12-29T08:16:01Z</time></trkpt><trkpt lat="22.24334666666667" lon="113.94007000000002"><ele>318.9</ele><time>2025-12-29T08:16:03Z</time></trkpt><trkpt lat="22.24336333333333" lon="113.94005"><ele>319.0</ele><time>2025-12-29T08:16:05Z</time></trkpt><trkpt lat="22.243383333333334" lon="113.94002833333334"><ele>318.9</ele><time>2025-12-29T08:16:07Z</time></trkpt><trkpt lat="22.243401666666667" lon="113.94000666666668"><ele>318.9</ele><time>2025-12-29T08:16:09Z</time></trkpt><trkpt lat="22.243414999999995" lon="113.93998833333332"><ele>319.0</ele><time>2025-12-29T08:16:11Z</time></trkpt><trkpt lat="22.243431666666666" lon="113.939965"><ele>319.2</ele><time>2025-12-29T08:16:14Z</time></trkpt><trkpt lat="22.243441666666666" lon="113.93994833333333"><ele>319.2</ele><time>2025-12-29T08:16:16Z</time></trkpt><trkpt lat="22.243456666666663" lon="113.93992833333331"><ele>319.29999999999995</ele><time>2025-12-29T08:16:18Z</time></trkpt><trkpt lat="22.243473333333334" lon="113.93990833333334"><ele>319.4</ele><time>2025-12-29T08:16:20Z</time></trkpt><trkpt lat="22.243489999999998" lon="113.93988833333333"><ele>319.5</ele><time>2025-12-29T08:16:22Z</time></trkpt><trkpt lat="22.24350666666667" lon="113.93986333333332"><ele>319.7</ele><time>2025-12-29T08:16:24Z</time></trkpt><trkpt lat="22.243518333333334" lon="113.93984333333334"><ele>319.7</ele><time>2025-12-29T08:16:26Z</time></trkpt><trkpt lat="22.24352666666667" lon="113.93982333333334"><ele>319.79999999999995</ele><time>2025-12-29T08:16:28Z</time></trkpt><trkpt lat="22.243534999999998" lon="113.93980333333333"><ele>319.7</ele><time>2025-12-29T08:16:30Z</time></trkpt><trkpt lat="22.243546666666663" lon="113.939785"><ele>319.59999999999997</ele><time>2025-12-29T08:16:32Z</time></trkpt><trkpt lat="22.243558333333333" lon="113.93977000000001"><ele>319.5</ele><time>2025-12-29T08:16:34Z</time></trkpt><trkpt lat="22.24357166666667" lon="113.93975666666665"><ele>319.2</ele><time>2025-12-29T08:16:36Z</time></trkpt><trkpt lat="22.243593333333333" lon="113.93975166666665"><ele>318.7</ele><time>2025-12-29T08:16:38Z</time></trkpt><trkpt lat="22.24361666666667" lon="113.93974833333331"><ele>318.7</ele><time>2025-12-29T08:16:40Z</time></trkpt><trkpt lat="22.243635" lon="113.93974333333333"><ele>318.7</ele><time>2025-12-29T08:16:42Z</time></trkpt><trkpt lat="22.24366" lon="113.93974166666666"><ele>317.79999999999995</ele><time>2025-12-29T08:16:44Z</time></trkpt><trkpt lat="22.24368666666667" lon="113.93974000000001"><ele>317.2</ele><time>2025-12-29T08:16:46Z</time></trkpt><trkpt lat="22.243708333333334" lon="113.93973666666668"><ele>316.9</ele><time>2025-12-29T08:16:48Z</time></trkpt><trkpt lat="22.243735" lon="113.93975333333334"><ele>317.2</ele><time>2025-12-29T08:16:51Z</time></trkpt><trkpt lat="22.24375166666667" lon="113.93977333333332"><ele>316.59999999999997</ele><time>2025-12-29T08:16:53Z</time></trkpt><trkpt lat="22.24376666666667" lon="113.93978833333334"><ele>316.4</ele><time>2025-12-29T08:16:55Z</time></trkpt><trkpt lat="22.243791666666667" lon="113.93980166666667"><ele>316.59999999999997</ele><time>2025-12-29T08:16:57Z</time></trkpt><trkpt lat="22.243813333333332" lon="113.93982333333334"><ele>317.0</ele><time>2025-12-29T08:16:59Z</time></trkpt><trkpt lat="22.243830000000003" lon="113.93984"><ele>317.09999999999997</ele><time>2025-12-29T08:17:01Z</time></trkpt><trkpt lat="22.243848333333336" lon="113.93985333333333"><ele>317.0</ele><time>2025-12-29T08:17:03Z</time></trkpt><trkpt lat="22.243876666666665" lon="113.93985666666667"><ele>316.7</ele><time>2025-12-29T08:17:06Z</time></trkpt><trkpt lat="22.243895" lon="113.93984666666665"><ele>316.0</ele><time>2025-12-29T08:17:09Z</time></trkpt><trkpt lat="22.243906666666664" lon="113.93982333333334"><ele>316.29999999999995</ele><time>2025-12-29T08:17:11Z</time></trkpt><trkpt lat="22.243918333333333" lon="113.939805"><ele>316.5</ele><time>2025-12-29T08:17:13Z</time></trkpt><trkpt lat="22.24393" lon="113.939785"><ele>316.5</ele><time>2025-12-29T08:17:15Z</time></trkpt><trkpt lat="22.243951666666664" lon="113.93979166666668"><ele>315.4</ele><time>2025-12-29T08:17:19Z</time></trkpt><trkpt lat="22.243983333333336" lon="113.93979833333333"><ele>315.2</ele><time>2025-12-29T08:17:21Z</time></trkpt><trkpt lat="22.24400666666667" lon="113.93979833333333"><ele>315.2</ele><time>2025-12-29T08:17:23Z</time></trkpt><trkpt lat="22.24403" lon="113.93981000000001"><ele>315.29999999999995</ele><time>2025-12-29T08:17:26Z</time></trkpt><trkpt lat="22.24405" lon="113.93982833333332"><ele>315.59999999999997</ele><time>2025-12-29T08:17:29Z</time></trkpt><trkpt lat="22.24407833333333" lon="113.93983833333331"><ele>315.79999999999995</ele><time>2025-12-29T08:17:31Z</time></trkpt><trkpt lat="22.244104999999998" lon="113.93984999999999"><ele>316.0</ele><time>2025-12-29T08:17:33Z</time></trkpt><trkpt lat="22.244128333333332" lon="113.93985166666668"><ele>316.0</ele><time>2025-12-29T08:17:35Z</time></trkpt><trkpt lat="22.244148333333335" lon="113.93985166666668"><ele>316.7</ele><time>2025-12-29T08:17:37Z</time></trkpt><trkpt lat="22.244158333333335" lon="113.93986833333332"><ele>317.59999999999997</ele><time>2025-12-29T08:17:40Z</time></trkpt><trkpt lat="22.244178333333334" lon="113.93989666666667"><ele>317.9</ele><time>2025-12-29T08:17:43Z</time></trkpt><trkpt lat="22.2442" lon="113.93992000000001"><ele>317.5</ele><time>2025-12-29T08:17:45Z</time></trkpt><trkpt lat="22.24421166666667" lon="113.93993666666665"><ele>317.29999999999995</ele><time>2025-12-29T08:17:47Z</time></trkpt><trkpt lat="22.244224999999997" lon="113.93995500000001"><ele>317.29999999999995</ele><time>2025-12-29T08:17:49Z</time></trkpt><trkpt lat="22.244231666666664" lon="113.93997666666668"><ele>317.09999999999997</ele><time>2025-12-29T08:17:51Z</time></trkpt><trkpt lat="22.244239999999998" lon="113.93999666666666"><ele>316.29999999999995</ele><time>2025-12-29T08:17:53Z</time></trkpt><trkpt lat="22.24425833333333" lon="113.94001333333333"><ele>315.9</ele><time>2025-12-29T08:17:55Z</time></trkpt><trkpt lat="22.244281666666666" lon="113.94002333333334"><ele>315.79999999999995</ele><time>2025-12-29T08:17:57Z</time></trkpt><trkpt lat="22.244298333333337" lon="113.94003833333333"><ele>315.7</ele><time>2025-12-29T08:17:59Z</time></trkpt><trkpt lat="22.244323333333334" lon="113.94003"><ele>315.9</ele><time>2025-12-29T08:18:03Z</time></trkpt><trkpt lat="22.24434833333333" lon="113.94003"><ele>316.4</ele><time>2025-12-29T08:18:05Z</time></trkpt><trkpt lat="22.244365000000002" lon="113.94001333333333"><ele>316.79999999999995</ele><time>2025-12-29T08:18:07Z</time></trkpt><trkpt lat="22.244374999999998" lon="113.93999333333335"><ele>317.09999999999997</ele><time>2025-12-29T08:18:10Z</time></trkpt><trkpt lat="22.24439333333333" lon="113.93997333333333"><ele>317.5</ele><time>2025-12-29T08:18:14Z</time></trkpt><trkpt lat="22.244400000000002" lon="113.93995333333332"><ele>317.7</ele><time>2025-12-29T08:18:16Z</time></trkpt><trkpt lat="22.244421666666668" lon="113.93993166666665"><ele>317.5</ele><time>2025-12-29T08:18:18Z</time></trkpt><trkpt lat="22.244441666666663" lon="113.939925"><ele>317.4</ele><time>2025-12-29T08:18:19Z</time></trkpt><trkpt lat="22.244464999999998" lon="113.93992333333333"><ele>316.9</ele><time>2025-12-29T08:18:21Z</time></trkpt><trkpt lat="22.244486666666663" lon="113.93992666666666"><ele>316.59999999999997</ele><time>2025-12-29T08:18:23Z</time></trkpt><trkpt lat="22.244511666666668" lon="113.939935"><ele>316.59999999999997</ele><time>2025-12-29T08:18:25Z</time></trkpt><trkpt lat="22.24452833333333" lon="113.93994333333333"><ele>316.7</ele><time>2025-12-29T08:18:27Z</time></trkpt><trkpt lat="22.244551666666666" lon="113.93994833333333"><ele>316.79999999999995</ele><time>2025-12-29T08:18:30Z</time></trkpt><trkpt lat="22.24457333333333" lon="113.93995833333332"><ele>315.9</ele><time>2025-12-29T08:18:33Z</time></trkpt><trkpt lat="22.244596666666666" lon="113.93996166666666"><ele>315.79999999999995</ele><time>2025-12-29T08:18:35Z</time></trkpt><trkpt lat="22.24461666666667" lon="113.93996833333334"><ele>316.0</ele><time>2025-12-29T08:18:37Z</time></trkpt><trkpt lat="22.244636666666665" lon="113.93997499999999"><ele>316.2</ele><time>2025-12-29T08:18:39Z</time></trkpt><trkpt lat="22.244654999999998" lon="113.93998000000002"><ele>316.5</ele><time>2025-12-29T08:18:41Z</time></trkpt><trkpt lat="22.244674999999997" lon="113.93997333333333"><ele>316.7</ele><time>2025-12-29T08:18:43Z</time></trkpt><trkpt lat="22.244695" lon="113.93996"><ele>317.0</ele><time>2025-12-29T08:18:45Z</time></trkpt><trkpt lat="22.24471" lon="113.939945"><ele>317.09999999999997</ele><time>2025-12-29T08:18:47Z</time></trkpt><trkpt lat="22.244735" lon="113.93993666666665"><ele>317.5</ele><time>2025-12-29T08:18:49Z</time></trkpt><trkpt lat="22.24475" lon="113.939925"><ele>317.7</ele><time>2025-12-29T08:18:51Z</time></trkpt><trkpt lat="22.24476666666667" lon="113.939905"><ele>317.79999999999995</ele><time>2025-12-29T08:18:53Z</time></trkpt><trkpt lat="22.244791666666668" lon="113.93988333333333"><ele>317.7</ele><time>2025-12-29T08:18:55Z</time></trkpt><trkpt lat="22.244804999999996" lon="113.93986333333332"><ele>317.7</ele><time>2025-12-29T08:18:59Z</time></trkpt><trkpt lat="22.244806666666666" lon="113.93984333333334"><ele>317.79999999999995</ele><time>2025-12-29T08:19:01Z</time></trkpt><trkpt lat="22.244813333333333" lon="113.93982499999998"><ele>317.7</ele><time>2025-12-29T08:19:03Z</time></trkpt><trkpt lat="22.24483" lon="113.93980666666667"><ele>317.59999999999997</ele><time>2025-12-29T08:19:05Z</time></trkpt><trkpt lat="22.24484166666667" lon="113.93978833333334"><ele>317.5</ele><time>2025-12-29T08:19:07Z</time></trkpt><trkpt lat="22.244853333333335" lon="113.93976666666667"><ele>317.29999999999995</ele><time>2025-12-29T08:19:09Z</time></trkpt><trkpt lat="22.244868333333336" lon="113.939745"><ele>317.09999999999997</ele><time>2025-12-29T08:19:11Z</time></trkpt><trkpt lat="22.244888333333332" lon="113.93973666666668"><ele>317.0</ele><time>2025-12-29T08:19:13Z</time></trkpt><trkpt lat="22.244906666666665" lon="113.93973333333334"><ele>316.79999999999995</ele><time>2025-12-29T08:19:15Z</time></trkpt><trkpt lat="22.244926666666668" lon="113.93973499999998"><ele>316.5</ele><time>2025-12-29T08:19:18Z</time></trkpt><trkpt lat="22.244948333333333" lon="113.93974833333331"><ele>315.79999999999995</ele><time>2025-12-29T08:19:21Z</time></trkpt><trkpt lat="22.244968333333336" lon="113.93976833333333"><ele>315.5</ele><time>2025-12-29T08:19:23Z</time></trkpt><trkpt lat="22.24499166666667" lon="113.93978166666666"><ele>315.29999999999995</ele><time>2025-12-29T08:19:25Z</time></trkpt><trkpt lat="22.245013333333336" lon="113.93978999999999"><ele>314.7</ele><time>2025-12-29T08:19:28Z</time></trkpt><trkpt lat="22.245038333333333" lon="113.93979833333333"><ele>314.59999999999997</ele><time>2025-12-29T08:19:31Z</time></trkpt><trkpt lat="22.245065" lon="113.93980166666667"><ele>314.7</ele><time>2025-12-29T08:19:34Z</time></trkpt><trkpt lat="22.245086666666666" lon="113.93978833333334"><ele>314.59999999999997</ele><time>2025-12-29T08:19:36Z</time></trkpt><trkpt lat="22.245103333333336" lon="113.93977833333332"><ele>314.59999999999997</ele><time>2025-12-29T08:19:38Z</time></trkpt><trkpt lat="22.24512333333333" lon="113.939765"><ele>314.5</ele><time>2025-12-29T08:19:40Z</time></trkpt><trkpt lat="22.24514333333333" lon="113.93976166666668"><ele>314.29999999999995</ele><time>2025-12-29T08:19:43Z</time></trkpt><trkpt lat="22.24516833333333" lon="113.93975"><ele>314.5</ele><time>2025-12-29T08:19:46Z</time></trkpt><trkpt lat="22.24519" lon="113.93974333333333"><ele>314.59999999999997</ele><time>2025-12-29T08:19:49Z</time></trkpt><trkpt lat="22.24520166666667" lon="113.939725"><ele>314.4</ele><time>2025-12-29T08:19:52Z</time></trkpt><trkpt lat="22.245221666666666" lon="113.93971833333332"><ele>314.5</ele><time>2025-12-29T08:19:54Z</time></trkpt><trkpt lat="22.24524" lon="113.93970333333333"><ele>314.59999999999997</ele><time>2025-12-29T08:19:56Z</time></trkpt><trkpt lat="22.245256666666666" lon="113.93968333333332"><ele>314.5</ele><time>2025-12-29T08:19:58Z</time></trkpt><trkpt lat="22.245275" lon="113.93968166666667"><ele>314.29999999999995</ele><time>2025-12-29T08:20:00Z</time></trkpt><trkpt lat="22.245293333333333" lon="113.93968166666667"><ele>314.09999999999997</ele><time>2025-12-29T08:20:02Z</time></trkpt><trkpt lat="22.245314999999998" lon="113.939675"><ele>313.7</ele><time>2025-12-29T08:20:04Z</time></trkpt><trkpt lat="22.245335" lon="113.93966"><ele>313.29999999999995</ele><time>2025-12-29T08:20:06Z</time></trkpt><trkpt lat="22.245356666666666" lon="113.93966999999999"><ele>313.2</ele><time>2025-12-29T08:20:08Z</time></trkpt><trkpt lat="22.24537666666667" lon="113.93969333333334"><ele>313.2</ele><time>2025-12-29T08:20:10Z</time></trkpt><trkpt lat="22.24539666666667" lon="113.93970333333333"><ele>313.5</ele><time>2025-12-29T08:20:11Z</time></trkpt><trkpt lat="22.24542166666667" lon="113.93970833333333"><ele>313.59999999999997</ele><time>2025-12-29T08:20:13Z</time></trkpt><trkpt lat="22.24543833333333" lon="113.93972333333335"><ele>313.79999999999995</ele><time>2025-12-29T08:20:15Z</time></trkpt><trkpt lat="22.245449999999998" lon="113.93974666666666"><ele>313.7</ele><time>2025-12-29T08:20:18Z</time></trkpt><trkpt lat="22.24547" lon="113.939745"><ele>313.4</ele><time>2025-12-29T08:20:21Z</time></trkpt><trkpt lat="22.245488333333334" lon="113.93975833333334"><ele>313.0</ele><time>2025-12-29T08:20:25Z</time></trkpt><trkpt lat="22.24551166666667" lon="113.93978166666666"><ele>312.9</ele><time>2025-12-29T08:20:27Z</time></trkpt><trkpt lat="22.245531666666672" lon="113.939805"><ele>312.9</ele><time>2025-12-29T08:20:29Z</time></trkpt><trkpt lat="22.24554666666667" lon="113.93982"><ele>312.7</ele><time>2025-12-29T08:20:31Z</time></trkpt><trkpt lat="22.24555666666667" lon="113.93983666666666"><ele>312.5</ele><time>2025-12-29T08:20:33Z</time></trkpt><trkpt lat="22.24556166666667" lon="113.93985666666667"><ele>312.29999999999995</ele><time>2025-12-29T08:20:35Z</time></trkpt><trkpt lat="22.245565000000003" lon="113.93988499999999"><ele>312.0</ele><time>2025-12-29T08:20:37Z</time></trkpt><trkpt lat="22.245566666666665" lon="113.939905"><ele>312.09999999999997</ele><time>2025-12-29T08:20:38Z</time></trkpt><trkpt lat="22.245566666666665" lon="113.93993166666665"><ele>311.9</ele><time>2025-12-29T08:20:40Z</time></trkpt><trkpt lat="22.245575" lon="113.939965"><ele>312.79999999999995</ele><time>2025-12-29T08:20:42Z</time></trkpt><trkpt lat="22.245566666666665" lon="113.93998666666667"><ele>312.5</ele><time>2025-12-29T08:20:46Z</time></trkpt><trkpt lat="22.245569999999997" lon="113.94001666666666"><ele>312.9</ele><time>2025-12-29T08:20:48Z</time></trkpt><trkpt lat="22.245578333333334" lon="113.94004333333332"><ele>313.4</ele><time>2025-12-29T08:20:50Z</time></trkpt><trkpt lat="22.245578333333334" lon="113.94006833333333"><ele>313.5</ele><time>2025-12-29T08:20:52Z</time></trkpt><trkpt lat="22.24556" lon="113.94009"><ele>313.59999999999997</ele><time>2025-12-29T08:20:55Z</time></trkpt><trkpt lat="22.245548333333332" lon="113.94011333333334"><ele>313.7</ele><time>2025-12-29T08:20:57Z</time></trkpt><trkpt lat="22.245538333333336" lon="113.94014"><ele>313.9</ele><time>2025-12-29T08:20:59Z</time></trkpt><trkpt lat="22.245541666666668" lon="113.94016333333333"><ele>314.5</ele><time>2025-12-29T08:21:02Z</time></trkpt><trkpt lat="22.24554" lon="113.94019333333333"><ele>314.7</ele><time>2025-12-29T08:21:05Z</time></trkpt><trkpt lat="22.245535000000004" lon="113.94022500000001"><ele>314.79999999999995</ele><time>2025-12-29T08:21:07Z</time></trkpt><trkpt lat="22.245535000000004" lon="113.94025000000002"><ele>314.9</ele><time>2025-12-29T08:21:09Z</time></trkpt><trkpt lat="22.245538333333336" lon="113.94027"><ele>314.9</ele><time>2025-12-29T08:21:11Z</time></trkpt><trkpt lat="22.245536666666666" lon="113.94029166666665"><ele>314.9</ele><time>2025-12-29T08:21:15Z</time></trkpt><trkpt lat="22.24553" lon="113.94032"><ele>314.59999999999997</ele><time>2025-12-29T08:21:18Z</time></trkpt><trkpt lat="22.245538333333336" lon="113.94034666666667"><ele>314.2</ele><time>2025-12-29T08:21:20Z</time></trkpt><trkpt lat="22.24554333333333" lon="113.94037666666667"><ele>313.9</ele><time>2025-12-29T08:21:22Z</time></trkpt><trkpt lat="22.24554333333333" lon="113.94040333333332"><ele>313.7</ele><time>2025-12-29T08:21:24Z</time></trkpt><trkpt lat="22.245551666666664" lon="113.94042499999999"><ele>313.59999999999997</ele><time>2025-12-29T08:21:26Z</time></trkpt><trkpt lat="22.24555833333333" lon="113.94044333333335"><ele>313.09999999999997</ele><time>2025-12-29T08:21:28Z</time></trkpt><trkpt lat="22.245568333333335" lon="113.94047"><ele>312.09999999999997</ele><time>2025-12-29T08:21:30Z</time></trkpt><trkpt lat="22.245581666666666" lon="113.94048666666667"><ele>311.59999999999997</ele><time>2025-12-29T08:21:32Z</time></trkpt><trkpt lat="22.245596666666664" lon="113.94050833333334"><ele>311.09999999999997</ele><time>2025-12-29T08:21:34Z</time></trkpt><trkpt lat="22.245606666666664" lon="113.94054166666668"><ele>310.79999999999995</ele><time>2025-12-29T08:21:36Z</time></trkpt><trkpt lat="22.245626666666666" lon="113.94056166666665"><ele>310.29999999999995</ele><time>2025-12-29T08:21:38Z</time></trkpt><trkpt lat="22.245643333333337" lon="113.94058333333332"><ele>309.9</ele><time>2025-12-29T08:21:40Z</time></trkpt><trkpt lat="22.245651666666664" lon="113.94060166666668"><ele>309.79999999999995</ele><time>2025-12-29T08:21:41Z</time></trkpt><trkpt lat="22.24566666666666" lon="113.94063666666668"><ele>309.7</ele><time>2025-12-29T08:21:43Z</time></trkpt><trkpt lat="22.245683333333332" lon="113.94065333333334"><ele>309.79999999999995</ele><time>2025-12-29T08:21:45Z</time></trkpt><trkpt lat="22.245696666666664" lon="113.94066666666667"><ele>309.79999999999995</ele><time>2025-12-29T08:21:47Z</time></trkpt><trkpt lat="22.24570833333333" lon="113.94068833333334"><ele>309.79999999999995</ele><time>2025-12-29T08:21:49Z</time></trkpt><trkpt lat="22.245715000000004" lon="113.94070833333332"><ele>309.79999999999995</ele><time>2025-12-29T08:21:51Z</time></trkpt><trkpt lat="22.245721666666668" lon="113.94072999999999"><ele>309.79999999999995</ele><time>2025-12-29T08:21:53Z</time></trkpt><trkpt lat="22.245728333333332" lon="113.94075666666667"><ele>309.9</ele><time>2025-12-29T08:21:55Z</time></trkpt><trkpt lat="22.245731666666664" lon="113.94077833333334"><ele>309.9</ele><time>2025-12-29T08:21:57Z</time></trkpt><trkpt lat="22.245731666666664" lon="113.940805"><ele>309.9</ele><time>2025-12-29T08:21:59Z</time></trkpt><trkpt lat="22.245731666666664" lon="113.94082833333331"><ele>309.7</ele><time>2025-12-29T08:22:01Z</time></trkpt><trkpt lat="22.245726666666663" lon="113.94085333333332"><ele>309.79999999999995</ele><time>2025-12-29T08:22:03Z</time></trkpt><trkpt lat="22.245728333333332" lon="113.94087499999999"><ele>310.09999999999997</ele><time>2025-12-29T08:22:04Z</time></trkpt><trkpt lat="22.245725" lon="113.94090999999999"><ele>310.59999999999997</ele><time>2025-12-29T08:22:06Z</time></trkpt><trkpt lat="22.245728333333332" lon="113.94093666666667"><ele>310.9</ele><time>2025-12-29T08:22:08Z</time></trkpt><trkpt lat="22.245728333333332" lon="113.94097500000001"><ele>311.59999999999997</ele><time>2025-12-29T08:22:10Z</time></trkpt><trkpt lat="22.245731666666664" lon="113.94099666666668"><ele>312.09999999999997</ele><time>2025-12-29T08:22:11Z</time></trkpt><trkpt lat="22.245743333333333" lon="113.94101333333334"><ele>312.79999999999995</ele><time>2025-12-29T08:22:12Z</time></trkpt><trkpt lat="22.245751666666667" lon="113.94103666666666"><ele>314.5</ele><time>2025-12-29T08:22:13Z</time></trkpt><trkpt lat="22.245760000000004" lon="113.94105499999999"><ele>315.59999999999997</ele><time>2025-12-29T08:22:14Z</time></trkpt><trkpt lat="22.245775000000002" lon="113.94107000000001"><ele>317.79999999999995</ele><time>2025-12-29T08:22:19Z</time></trkpt><trkpt lat="22.245765" lon="113.94109166666667"><ele>319.59999999999997</ele><time>2025-12-29T08:22:24Z</time></trkpt><trkpt lat="22.245761666666667" lon="113.941115"><ele>319.9</ele><time>2025-12-29T08:22:26Z</time></trkpt><trkpt lat="22.245765" lon="113.94113833333334"><ele>320.09999999999997</ele><time>2025-12-29T08:22:27Z</time></trkpt><trkpt lat="22.24576833333333" lon="113.94116000000001"><ele>320.29999999999995</ele><time>2025-12-29T08:22:28Z</time></trkpt><trkpt lat="22.245765" lon="113.94119"><ele>320.9</ele><time>2025-12-29T08:22:30Z</time></trkpt><trkpt lat="22.24575333333333" lon="113.94121166666667"><ele>321.5</ele><time>2025-12-29T08:22:33Z</time></trkpt><trkpt lat="22.24574" lon="113.94122999999999"><ele>322.59999999999997</ele><time>2025-12-29T08:22:37Z</time></trkpt><trkpt lat="22.245716666666667" lon="113.94123999999998"><ele>322.29999999999995</ele><time>2025-12-29T08:22:39Z</time></trkpt><trkpt lat="22.24569333333333" lon="113.94125333333335"><ele>322.09999999999997</ele><time>2025-12-29T08:22:41Z</time></trkpt><trkpt lat="22.245670000000004" lon="113.94126999999999"><ele>322.79999999999995</ele><time>2025-12-29T08:22:44Z</time></trkpt><trkpt lat="22.245651666666664" lon="113.94128666666666"><ele>323.4</ele><time>2025-12-29T08:22:46Z</time></trkpt><trkpt lat="22.245638333333332" lon="113.94130666666666"><ele>323.59999999999997</ele><time>2025-12-29T08:22:48Z</time></trkpt><trkpt lat="22.24564" lon="113.94132999999998"><ele>323.9</ele><time>2025-12-29T08:22:50Z</time></trkpt><trkpt lat="22.24565" lon="113.94135166666668"><ele>324.4</ele><time>2025-12-29T08:22:52Z</time></trkpt><trkpt lat="22.24566333333333" lon="113.94137"><ele>325.0</ele><time>2025-12-29T08:22:54Z</time></trkpt><trkpt lat="22.245675" lon="113.94138666666667"><ele>325.7</ele><time>2025-12-29T08:22:56Z</time></trkpt><trkpt lat="22.245688333333337" lon="113.94141166666668"><ele>326.5</ele><time>2025-12-29T08:22:59Z</time></trkpt><trkpt lat="22.245695" lon="113.94143000000001"><ele>327.29999999999995</ele><time>2025-12-29T08:23:01Z</time></trkpt><trkpt lat="22.24569333333333" lon="113.94144999999999"><ele>327.79999999999995</ele><time>2025-12-29T08:23:03Z</time></trkpt><trkpt lat="22.245696666666664" lon="113.94147166666669"><ele>328.5</ele><time>2025-12-29T08:23:05Z</time></trkpt><trkpt lat="22.245698333333333" lon="113.941495"><ele>328.29999999999995</ele><time>2025-12-29T08:23:07Z</time></trkpt><trkpt lat="22.245688333333337" lon="113.94151833333332"><ele>328.29999999999995</ele><time>2025-12-29T08:23:10Z</time></trkpt><trkpt lat="22.245683333333332" lon="113.94154333333333"><ele>328.09999999999997</ele><time>2025-12-29T08:23:13Z</time></trkpt><trkpt lat="22.245685" lon="113.94156333333333"><ele>328.2</ele><time>2025-12-29T08:23:15Z</time></trkpt><trkpt lat="22.245681666666663" lon="113.94158666666665"><ele>328.0</ele><time>2025-12-29T08:23:18Z</time></trkpt><trkpt lat="22.24567833333333" lon="113.94161166666666"><ele>327.7</ele><time>2025-12-29T08:23:21Z</time></trkpt><trkpt lat="22.245670000000004" lon="113.94163166666667"><ele>327.9</ele><time>2025-12-29T08:23:23Z</time></trkpt><trkpt lat="22.24566666666666" lon="113.94165333333333"><ele>328.0</ele><time>2025-12-29T08:23:25Z</time></trkpt><trkpt lat="22.24566666666666" lon="113.94167333333334"><ele>327.9</ele><time>2025-12-29T08:23:27Z</time></trkpt><trkpt lat="22.245675" lon="113.94169333333333"><ele>327.7</ele><time>2025-12-29T08:23:29Z</time></trkpt><trkpt lat="22.24569" lon="113.94171499999999"><ele>327.5</ele><time>2025-12-29T08:23:32Z</time></trkpt><trkpt lat="22.245706666666667" lon="113.94172833333332"><ele>327.5</ele><time>2025-12-29T08:23:34Z</time></trkpt><trkpt lat="22.245718333333336" lon="113.94174333333333"><ele>327.4</ele><time>2025-12-29T08:23:36Z</time></trkpt><trkpt lat="22.24573666666667" lon="113.94176333333334"><ele>327.29999999999995</ele><time>2025-12-29T08:23:40Z</time></trkpt><trkpt lat="22.245748333333335" lon="113.94178666666667"><ele>327.5</ele><time>2025-12-29T08:23:44Z</time></trkpt><trkpt lat="22.245765" lon="113.94180833333333"><ele>327.9</ele><time>2025-12-29T08:23:47Z</time></trkpt><trkpt lat="22.24578166666667" lon="113.94182833333335"><ele>327.9</ele><time>2025-12-29T08:23:50Z</time></trkpt><trkpt lat="22.245791666666666" lon="113.94184833333333"><ele>327.9</ele><time>2025-12-29T08:23:52Z</time></trkpt><trkpt lat="22.2458" lon="113.94187333333333"><ele>327.9</ele><time>2025-12-29T08:23:55Z</time></trkpt><trkpt lat="22.245805000000004" lon="113.94189333333334"><ele>327.79999999999995</ele><time>2025-12-29T08:23:57Z</time></trkpt><trkpt lat="22.245805000000004" lon="113.94192"><ele>327.7</ele><time>2025-12-29T08:24:00Z</time></trkpt><trkpt lat="22.245803333333335" lon="113.94194666666665"><ele>327.5</ele><time>2025-12-29T08:24:03Z</time></trkpt><trkpt lat="22.245796666666667" lon="113.94197666666666"><ele>327.59999999999997</ele><time>2025-12-29T08:24:06Z</time></trkpt><trkpt lat="22.245794999999998" lon="113.94199833333332"><ele>327.4</ele><time>2025-12-29T08:24:08Z</time></trkpt><trkpt lat="22.2458" lon="113.94202333333332"><ele>327.2</ele><time>2025-12-29T08:24:10Z</time></trkpt><trkpt lat="22.24580166666666" lon="113.942045"><ele>327.4</ele><time>2025-12-29T08:24:12Z</time></trkpt><trkpt lat="22.245803333333335" lon="113.94207"><ele>327.29999999999995</ele><time>2025-12-29T08:24:14Z</time></trkpt><trkpt lat="22.245808333333336" lon="113.94209833333335"><ele>326.9</ele><time>2025-12-29T08:24:16Z</time></trkpt><trkpt lat="22.24581166666667" lon="113.94212166666667"><ele>327.09999999999997</ele><time>2025-12-29T08:24:18Z</time></trkpt><trkpt lat="22.245818333333332" lon="113.94214500000001"><ele>327.0</ele><time>2025-12-29T08:24:20Z</time></trkpt><trkpt lat="22.245833333333334" lon="113.94216833333333"><ele>326.59999999999997</ele><time>2025-12-29T08:24:23Z</time></trkpt><trkpt lat="22.245845" lon="113.94218500000001"><ele>326.2</ele><time>2025-12-29T08:24:25Z</time></trkpt><trkpt lat="22.24585833333333" lon="113.94220666666666"><ele>325.59999999999997</ele><time>2025-12-29T08:24:28Z</time></trkpt><trkpt lat="22.245876666666664" lon="113.94223166666667"><ele>325.7</ele><time>2025-12-29T08:24:31Z</time></trkpt><trkpt lat="22.2459" lon="113.94225166666665"><ele>325.59999999999997</ele><time>2025-12-29T08:24:33Z</time></trkpt><trkpt lat="22.245911666666665" lon="113.94226666666667"><ele>325.7</ele><time>2025-12-29T08:24:34Z</time></trkpt><trkpt lat="22.245926666666666" lon="113.94229333333332"><ele>325.9</ele><time>2025-12-29T08:24:36Z</time></trkpt><trkpt lat="22.245945" lon="113.942305"><ele>325.9</ele><time>2025-12-29T08:24:38Z</time></trkpt><trkpt lat="22.245966666666664" lon="113.94232500000001"><ele>326.0</ele><time>2025-12-29T08:24:41Z</time></trkpt><trkpt lat="22.245985000000005" lon="113.94233666666666"><ele>326.09999999999997</ele><time>2025-12-29T08:24:43Z</time></trkpt><trkpt lat="22.24600666666667" lon="113.94234166666665"><ele>326.09999999999997</ele><time>2025-12-29T08:24:45Z</time></trkpt><trkpt lat="22.246026666666662" lon="113.94234499999999"><ele>326.29999999999995</ele><time>2025-12-29T08:24:47Z</time></trkpt><trkpt lat="22.246048333333338" lon="113.94234666666668"><ele>326.5</ele><time>2025-12-29T08:24:49Z</time></trkpt><trkpt lat="22.24607" lon="113.94234999999999"><ele>326.59999999999997</ele><time>2025-12-29T08:24:51Z</time></trkpt><trkpt lat="22.246095" lon="113.942355"><ele>326.59999999999997</ele><time>2025-12-29T08:24:54Z</time></trkpt><trkpt lat="22.246118333333335" lon="113.94235833333332"><ele>326.7</ele><time>2025-12-29T08:24:56Z</time></trkpt><trkpt lat="22.24614" lon="113.94236500000001"><ele>326.79999999999995</ele><time>2025-12-29T08:24:58Z</time></trkpt><trkpt lat="22.246163333333335" lon="113.94236000000001"><ele>326.9</ele><time>2025-12-29T08:25:00Z</time></trkpt><trkpt lat="22.246181666666665" lon="113.942355"><ele>327.0</ele><time>2025-12-29T08:25:02Z</time></trkpt><trkpt lat="22.246199999999998" lon="113.94234333333334"><ele>327.2</ele><time>2025-12-29T08:25:04Z</time></trkpt><trkpt lat="22.24621666666667" lon="113.94232833333332"><ele>327.4</ele><time>2025-12-29T08:25:06Z</time></trkpt><trkpt lat="22.246236666666665" lon="113.942315"><ele>327.5</ele><time>2025-12-29T08:25:08Z</time></trkpt><trkpt lat="22.246256666666667" lon="113.94230833333334"><ele>327.4</ele><time>2025-12-29T08:25:10Z</time></trkpt><trkpt lat="22.246278333333333" lon="113.94231166666665"><ele>327.5</ele><time>2025-12-29T08:25:12Z</time></trkpt><trkpt lat="22.246305" lon="113.94231833333333"><ele>327.9</ele><time>2025-12-29T08:25:15Z</time></trkpt><trkpt lat="22.246326666666665" lon="113.94232500000001"><ele>327.9</ele><time>2025-12-29T08:25:17Z</time></trkpt><trkpt lat="22.246343333333336" lon="113.94233333333335"><ele>327.79999999999995</ele><time>2025-12-29T08:25:19Z</time></trkpt><trkpt lat="22.246361666666665" lon="113.94234333333334"><ele>327.79999999999995</ele><time>2025-12-29T08:25:21Z</time></trkpt><trkpt lat="22.246376666666666" lon="113.94235666666667"><ele>327.7</ele><time>2025-12-29T08:25:23Z</time></trkpt><trkpt lat="22.246393333333337" lon="113.94237166666666"><ele>327.7</ele><time>2025-12-29T08:25:25Z</time></trkpt><trkpt lat="22.246415000000002" lon="113.94238333333332"><ele>327.4</ele><time>2025-12-29T08:25:28Z</time></trkpt><trkpt lat="22.246431666666663" lon="113.94239333333334"><ele>326.29999999999995</ele><time>2025-12-29T08:25:30Z</time></trkpt><trkpt lat="22.246449999999996" lon="113.94241166666667"><ele>325.79999999999995</ele><time>2025-12-29T08:25:32Z</time></trkpt><trkpt lat="22.24647" lon="113.94243333333334"><ele>325.9</ele><time>2025-12-29T08:25:34Z</time></trkpt><trkpt lat="22.24648666666667" lon="113.94244666666667"><ele>326.09999999999997</ele><time>2025-12-29T08:25:36Z</time></trkpt><trkpt lat="22.246503333333333" lon="113.94245666666666"><ele>326.0</ele><time>2025-12-29T08:25:38Z</time></trkpt><trkpt lat="22.246528333333337" lon="113.94246999999999"><ele>325.9</ele><time>2025-12-29T08:25:41Z</time></trkpt><trkpt lat="22.246551666666665" lon="113.94247333333333"><ele>326.0</ele><time>2025-12-29T08:25:43Z</time></trkpt><trkpt lat="22.246573333333338" lon="113.94248"><ele>326.0</ele><time>2025-12-29T08:25:45Z</time></trkpt><trkpt lat="22.246595000000003" lon="113.94248333333334"><ele>326.0</ele><time>2025-12-29T08:25:47Z</time></trkpt><trkpt lat="22.246615" lon="113.94248333333334"><ele>326.2</ele><time>2025-12-29T08:25:49Z</time></trkpt><trkpt lat="22.246635" lon="113.94249166666665"><ele>326.4</ele><time>2025-12-29T08:25:51Z</time></trkpt><trkpt lat="22.246656666666663" lon="113.94249333333333"><ele>326.29999999999995</ele><time>2025-12-29T08:25:53Z</time></trkpt><trkpt lat="22.24668166666667" lon="113.94249999999998"><ele>326.2</ele><time>2025-12-29T08:25:55Z</time></trkpt><trkpt lat="22.24670833333333" lon="113.94250166666667"><ele>326.0</ele><time>2025-12-29T08:25:57Z</time></trkpt><trkpt lat="22.246734999999997" lon="113.94249666666668"><ele>325.79999999999995</ele><time>2025-12-29T08:25:59Z</time></trkpt><trkpt lat="22.246760000000002" lon="113.94248666666665"><ele>325.79999999999995</ele><time>2025-12-29T08:26:01Z</time></trkpt><trkpt lat="22.246785" lon="113.94247666666666"><ele>325.59999999999997</ele><time>2025-12-29T08:26:03Z</time></trkpt><trkpt lat="22.246811666666666" lon="113.94246666666668"><ele>325.79999999999995</ele><time>2025-12-29T08:26:05Z</time></trkpt><trkpt lat="22.24683166666667" lon="113.94245166666666"><ele>325.7</ele><time>2025-12-29T08:26:07Z</time></trkpt><trkpt lat="22.246851666666664" lon="113.94243666666668"><ele>325.4</ele><time>2025-12-29T08:26:09Z</time></trkpt><trkpt lat="22.24687333333333" lon="113.94242666666666"><ele>325.7</ele><time>2025-12-29T08:26:11Z</time></trkpt><trkpt lat="22.246896666666665" lon="113.94242000000001"><ele>325.79999999999995</ele><time>2025-12-29T08:26:13Z</time></trkpt><trkpt lat="22.24691833333333" lon="113.94241333333333"><ele>325.79999999999995</ele><time>2025-12-29T08:26:15Z</time></trkpt><trkpt lat="22.246940000000002" lon="113.942405"><ele>325.59999999999997</ele><time>2025-12-29T08:26:17Z</time></trkpt><trkpt lat="22.246961666666667" lon="113.94238666666666"><ele>325.5</ele><time>2025-12-29T08:26:19Z</time></trkpt><trkpt lat="22.246985000000002" lon="113.94236666666666"><ele>325.59999999999997</ele><time>2025-12-29T08:26:21Z</time></trkpt><trkpt lat="22.247006666666667" lon="113.94234999999999"><ele>325.59999999999997</ele><time>2025-12-29T08:26:23Z</time></trkpt><trkpt lat="22.247025" lon="113.94233333333335"><ele>325.7</ele><time>2025-12-29T08:26:25Z</time></trkpt><trkpt lat="22.247045000000004" lon="113.94232666666667"><ele>325.7</ele><time>2025-12-29T08:26:27Z</time></trkpt><trkpt lat="22.24706666666667" lon="113.94232166666667"><ele>325.79999999999995</ele><time>2025-12-29T08:26:30Z</time></trkpt><trkpt lat="22.24708666666667" lon="113.942305"><ele>325.7</ele><time>2025-12-29T08:26:32Z</time></trkpt><trkpt lat="22.24711" lon="113.94228666666667"><ele>325.59999999999997</ele><time>2025-12-29T08:26:34Z</time></trkpt><trkpt lat="22.24712833333333" lon="113.942265"><ele>325.9</ele><time>2025-12-29T08:26:36Z</time></trkpt><trkpt lat="22.247145" lon="113.94224333333335"><ele>325.9</ele><time>2025-12-29T08:26:38Z</time></trkpt><trkpt lat="22.247161666666663" lon="113.94221833333334"><ele>325.9</ele><time>2025-12-29T08:26:40Z</time></trkpt><trkpt lat="22.247178333333334" lon="113.94219666666667"><ele>325.9</ele><time>2025-12-29T08:26:42Z</time></trkpt><trkpt lat="22.24720166666667" lon="113.94218500000001"><ele>326.0</ele><time>2025-12-29T08:26:44Z</time></trkpt><trkpt lat="22.247225000000004" lon="113.94217333333333"><ele>326.09999999999997</ele><time>2025-12-29T08:26:46Z</time></trkpt><trkpt lat="22.247241666666664" lon="113.94216"><ele>326.2</ele><time>2025-12-29T08:26:48Z</time></trkpt><trkpt lat="22.247256666666665" lon="113.94214666666667"><ele>326.79999999999995</ele><time>2025-12-29T08:26:50Z</time></trkpt><trkpt lat="22.247276666666668" lon="113.94214833333332"><ele>327.09999999999997</ele><time>2025-12-29T08:26:53Z</time></trkpt><trkpt lat="22.247295" lon="113.94214666666667"><ele>327.7</ele><time>2025-12-29T08:26:58Z</time></trkpt><trkpt lat="22.247311666666665" lon="113.942155"><ele>326.29999999999995</ele><time>2025-12-29T08:27:01Z</time></trkpt><trkpt lat="22.24732" lon="113.94217833333332"><ele>324.79999999999995</ele><time>2025-12-29T08:27:04Z</time></trkpt><trkpt lat="22.24733" lon="113.94219666666667"><ele>324.4</ele><time>2025-12-29T08:27:06Z</time></trkpt><trkpt lat="22.247345000000003" lon="113.94221833333334"><ele>324.2</ele><time>2025-12-29T08:27:08Z</time></trkpt><trkpt lat="22.247363333333336" lon="113.94222999999998"><ele>323.9</ele><time>2025-12-29T08:27:10Z</time></trkpt><trkpt lat="22.24738333333333" lon="113.94224666666666"><ele>324.29999999999995</ele><time>2025-12-29T08:27:13Z</time></trkpt><trkpt lat="22.247396666666667" lon="113.94225999999999"><ele>323.7</ele><time>2025-12-29T08:27:15Z</time></trkpt><trkpt lat="22.24741333333333" lon="113.94228666666667"><ele>323.9</ele><time>2025-12-29T08:27:18Z</time></trkpt><trkpt lat="22.247425" lon="113.94230166666667"><ele>323.79999999999995</ele><time>2025-12-29T08:27:20Z</time></trkpt><trkpt lat="22.247439999999997" lon="113.94231666666668"><ele>324.0</ele><time>2025-12-29T08:27:22Z</time></trkpt><trkpt lat="22.24746" lon="113.94233333333335"><ele>324.4</ele><time>2025-12-29T08:27:24Z</time></trkpt><trkpt lat="22.247476666666664" lon="113.94235166666667"><ele>324.5</ele><time>2025-12-29T08:27:26Z</time></trkpt><trkpt lat="22.24750333333333" lon="113.94236500000001"><ele>324.4</ele><time>2025-12-29T08:27:28Z</time></trkpt><trkpt lat="22.247523333333334" lon="113.94238166666668"><ele>324.29999999999995</ele><time>2025-12-29T08:27:30Z</time></trkpt><trkpt lat="22.24754833333333" lon="113.94238666666666"><ele>324.2</ele><time>2025-12-29T08:27:32Z</time></trkpt><trkpt lat="22.247570000000003" lon="113.94240166666665"><ele>324.2</ele><time>2025-12-29T08:27:34Z</time></trkpt><trkpt lat="22.24757833333333" lon="113.94242166666666"><ele>324.59999999999997</ele><time>2025-12-29T08:27:35Z</time></trkpt><trkpt lat="22.247595" lon="113.94245000000001"><ele>325.29999999999995</ele><time>2025-12-29T08:27:37Z</time></trkpt><trkpt lat="22.24760666666667" lon="113.94247833333333"><ele>326.0</ele><time>2025-12-29T08:27:39Z</time></trkpt><trkpt lat="22.247616666666666" lon="113.94250833333332"><ele>326.9</ele><time>2025-12-29T08:27:41Z</time></trkpt><trkpt lat="22.247630000000004" lon="113.94252999999999"><ele>327.59999999999997</ele><time>2025-12-29T08:27:43Z</time></trkpt><trkpt lat="22.247648333333338" lon="113.94255166666666"><ele>328.2</ele><time>2025-12-29T08:27:45Z</time></trkpt><trkpt lat="22.247661666666666" lon="113.94257"><ele>329.0</ele><time>2025-12-29T08:27:47Z</time></trkpt><trkpt lat="22.247674999999997" lon="113.94259333333333"><ele>329.7</ele><time>2025-12-29T08:27:49Z</time></trkpt><trkpt lat="22.247670000000003" lon="113.94262166666667"><ele>330.2</ele><time>2025-12-29T08:27:51Z</time></trkpt><trkpt lat="22.247678333333337" lon="113.94264833333334"><ele>330.7</ele><time>2025-12-29T08:27:53Z</time></trkpt><trkpt lat="22.24768333333333" lon="113.94267166666666"><ele>331.0</ele><time>2025-12-29T08:27:55Z</time></trkpt><trkpt lat="22.247693333333338" lon="113.942695"><ele>330.9</ele><time>2025-12-29T08:27:57Z</time></trkpt><trkpt lat="22.247715000000003" lon="113.94270499999999"><ele>330.59999999999997</ele><time>2025-12-29T08:28:00Z</time></trkpt><trkpt lat="22.24774" lon="113.942695"><ele>330.2</ele><time>2025-12-29T08:28:03Z</time></trkpt><trkpt lat="22.247760000000003" lon="113.94268833333332"><ele>329.9</ele><time>2025-12-29T08:28:05Z</time></trkpt><trkpt lat="22.247779999999995" lon="113.94269166666666"><ele>329.4</ele><time>2025-12-29T08:28:07Z</time></trkpt><trkpt lat="22.247799999999998" lon="113.94269333333335"><ele>329.2</ele><time>2025-12-29T08:28:09Z</time></trkpt><trkpt lat="22.247824999999995" lon="113.94269333333335"><ele>329.0</ele><time>2025-12-29T08:28:11Z</time></trkpt><trkpt lat="22.247846666666668" lon="113.94269666666666"><ele>329.0</ele><time>2025-12-29T08:28:13Z</time></trkpt><trkpt lat="22.24787666666667" lon="113.94269833333334"><ele>329.2</ele><time>2025-12-29T08:28:16Z</time></trkpt><trkpt lat="22.247895000000003" lon="113.94270333333334"><ele>329.4</ele><time>2025-12-29T08:28:18Z</time></trkpt><trkpt lat="22.247916666666665" lon="113.94270999999999"><ele>329.59999999999997</ele><time>2025-12-29T08:28:20Z</time></trkpt><trkpt lat="22.247943333333335" lon="113.94271833333332"><ele>329.79999999999995</ele><time>2025-12-29T08:28:22Z</time></trkpt><trkpt lat="22.247965" lon="113.94272833333335"><ele>329.9</ele><time>2025-12-29T08:28:24Z</time></trkpt><trkpt lat="22.247986666666666" lon="113.942735"><ele>330.09999999999997</ele><time>2025-12-29T08:28:26Z</time></trkpt><trkpt lat="22.248004999999996" lon="113.94274833333333"><ele>330.4</ele><time>2025-12-29T08:28:28Z</time></trkpt><trkpt lat="22.24802833333333" lon="113.94275333333331"><ele>330.7</ele><time>2025-12-29T08:28:30Z</time></trkpt><trkpt lat="22.248048333333333" lon="113.94275666666665"><ele>330.7</ele><time>2025-12-29T08:28:32Z</time></trkpt><trkpt lat="22.248066666666666" lon="113.942765"><ele>330.7</ele><time>2025-12-29T08:28:34Z</time></trkpt><trkpt lat="22.248085" lon="113.94277333333334"><ele>330.9</ele><time>2025-12-29T08:28:36Z</time></trkpt><trkpt lat="22.248115" lon="113.94278166666666"><ele>330.9</ele><time>2025-12-29T08:28:39Z</time></trkpt><trkpt lat="22.248138333333333" lon="113.94278166666666"><ele>331.2</ele><time>2025-12-29T08:28:41Z</time></trkpt><trkpt lat="22.24816" lon="113.94279"><ele>331.29999999999995</ele><time>2025-12-29T08:28:43Z</time></trkpt><trkpt lat="22.248181666666664" lon="113.94279333333334"><ele>331.29999999999995</ele><time>2025-12-29T08:28:45Z</time></trkpt><trkpt lat="22.248205" lon="113.94280166666667"><ele>331.2</ele><time>2025-12-29T08:28:47Z</time></trkpt><trkpt lat="22.248229999999996" lon="113.94281333333332"><ele>331.29999999999995</ele><time>2025-12-29T08:28:49Z</time></trkpt><trkpt lat="22.24825333333333" lon="113.94282833333334"><ele>331.4</ele><time>2025-12-29T08:28:51Z</time></trkpt><trkpt lat="22.248271666666664" lon="113.94284"><ele>331.09999999999997</ele><time>2025-12-29T08:28:53Z</time></trkpt><trkpt lat="22.24829333333333" lon="113.942845"><ele>331.2</ele><time>2025-12-29T08:28:55Z</time></trkpt><trkpt lat="22.248306666666668" lon="113.94286833333332"><ele>331.59999999999997</ele><time>2025-12-29T08:28:58Z</time></trkpt><trkpt lat="22.248306666666668" lon="113.94288833333333"><ele>331.4</ele><time>2025-12-29T08:29:00Z</time></trkpt><trkpt lat="22.24829333333333" lon="113.94290500000001"><ele>331.4</ele><time>2025-12-29T08:29:02Z</time></trkpt><trkpt lat="22.248278333333328" lon="113.94292166666668"><ele>331.5</ele><time>2025-12-29T08:29:05Z</time></trkpt><trkpt lat="22.248265" lon="113.94293666666665"><ele>330.9</ele><time>2025-12-29T08:29:09Z</time></trkpt><trkpt lat="22.248246666666667" lon="113.94294666666669"><ele>330.29999999999995</ele><time>2025-12-29T08:29:12Z</time></trkpt><trkpt lat="22.248238333333333" lon="113.942965"><ele>330.09999999999997</ele><time>2025-12-29T08:29:14Z</time></trkpt><trkpt lat="22.248226666666664" lon="113.94298166666667"><ele>329.59999999999997</ele><time>2025-12-29T08:29:16Z</time></trkpt><trkpt lat="22.248216666666668" lon="113.94299833333335"><ele>329.29999999999995</ele><time>2025-12-29T08:29:18Z</time></trkpt><trkpt lat="22.24820833333333" lon="113.94302166666667"><ele>329.0</ele><time>2025-12-29T08:29:21Z</time></trkpt><trkpt lat="22.248199999999997" lon="113.94304500000001"><ele>328.59999999999997</ele><time>2025-12-29T08:29:24Z</time></trkpt><trkpt lat="22.248193333333333" lon="113.94306833333333"><ele>327.79999999999995</ele><time>2025-12-29T08:29:27Z</time></trkpt><trkpt lat="22.248188333333328" lon="113.94309166666666"><ele>327.0</ele><time>2025-12-29T08:29:30Z</time></trkpt></trkseg></trk></gpx>