<?xml version='1.0' encoding='UTF-8' ?><gpx version="1.1" creator="HikingTrailHK" xsi:schemaLocation="http://www.topografix.com/GPX/1/1 http://www.topografix.com/GPX/1/1/gpx.xsd" xmlns="http://www.topografix.com/GPX/1/1" xmlns:xsi="http://www.w3.org/2001/XMLSchema-instance"><metadata><name>深涌石芽頭蛇石 @ 2026-01-24</name><desc></desc></metadata><wpt lat="22.441129999999998" lon="114.28274000000002"><ele>4.5</ele><time>2026-01-24T02:14:23Z</time><name>墳地</name></wpt><wpt lat="22.447866666666663" lon="114.28858"><ele>89.3</ele><time>2026-01-24T05:22:01Z</time><name>要爆林</name></wpt><wpt lat="22.447943333333335" lon="114.28862833333332"><ele>85.10000000000001</ele><time>2026-01-24T05:32:59Z</time><name>大石</name></wpt><wpt lat="22.446616666666667" lon="114.29205500000002"><ele>109.3</ele><time>2026-01-24T06:16:49Z</time><name>開揚景位</name></wpt><wpt lat="22.44679833333333" lon="114.29344666666665"><ele>141.8</ele><time>2026-01-24T06:31:34Z</time><name>塌方</name></wpt><wpt lat="22.44828166666667" lon="114.29990833333335"><ele>76.8</ele><time>2026-01-24T07:39:04Z</time><name>大石</name></wpt><wpt lat="22.450573333333335" lon="114.30068833333334"><ele>33.3</ele><time>2026-01-24T07:46:05Z</time><name>接石屎路</name></wpt><wpt lat="22.446115889420156" lon="114.298953707328"><name>蛇石</name></wpt><wpt lat="22.446700624778714" lon="114.28428577495748"><name>石芽</name></wpt><wpt lat="22.443314976703718" lon="114.28366250787934"><name>浮橋</name></wpt><trk><trkseg><trkpt lat="22.440663333333337" lon="114.281395"><ele>10.899999999999999</ele><time>2026-01-24T02:11:31Z</time></trkpt><trkpt lat="22.440649999999998" lon="114.28142833333335"><ele>9.899999999999999</ele><time>2026-01-24T02:11:33Z</time></trkpt><trkpt lat="22.44063833333333" lon="114.28145833333335"><ele>8.1</ele><time>2026-01-24T02:11:35Z</time></trkpt><trkpt lat="22.440625" lon="114.28148833333334"><ele>6.1000000000000005</ele><time>2026-01-24T02:11:37Z</time></trkpt><trkpt lat="22.440606666666667" lon="114.28152166666665"><ele>4.7</ele><time>2026-01-24T02:11:39Z</time></trkpt><trkpt lat="22.44059333333333" lon="114.28154"><ele>4.0</ele><time>2026-01-24T02:11:41Z</time></trkpt><trkpt lat="22.440573333333337" lon="114.28155166666666"><ele>3.5</ele><time>2026-01-24T02:11:43Z</time></trkpt><trkpt lat="22.440555000000003" lon="114.28156833333333"><ele>4.0</ele><time>2026-01-24T02:11:45Z</time></trkpt><trkpt lat="22.440541666666665" lon="114.28158166666665"><ele>4.2</ele><time>2026-01-24T02:11:47Z</time></trkpt><trkpt lat="22.440535" lon="114.281605"><ele>4.1000000000000005</ele><time>2026-01-24T02:11:49Z</time></trkpt><trkpt lat="22.44053166666667" lon="114.28163166666667"><ele>4.0</ele><time>2026-01-24T02:11:51Z</time></trkpt><trkpt lat="22.44053333333333" lon="114.28165166666668"><ele>4.1000000000000005</ele><time>2026-01-24T02:11:54Z</time></trkpt><trkpt lat="22.44053166666667" lon="114.28167666666668"><ele>4.5</ele><time>2026-01-24T02:11:57Z</time></trkpt><trkpt lat="22.44053166666667" lon="114.28169833333335"><ele>4.6000000000000005</ele><time>2026-01-24T02:11:59Z</time></trkpt><trkpt lat="22.44053" lon="114.28172166666667"><ele>4.9</ele><time>2026-01-24T02:12:01Z</time></trkpt><trkpt lat="22.440528333333337" lon="114.28174833333333"><ele>5.2</ele><time>2026-01-24T02:12:03Z</time></trkpt><trkpt lat="22.440526666666663" lon="114.28177666666667"><ele>5.6000000000000005</ele><time>2026-01-24T02:12:05Z</time></trkpt><trkpt lat="22.44052166666667" lon="114.28180333333333"><ele>6.1000000000000005</ele><time>2026-01-24T02:12:07Z</time></trkpt><trkpt lat="22.440510000000003" lon="114.28182333333334"><ele>6.4</ele><time>2026-01-24T02:12:09Z</time></trkpt><trkpt lat="22.440501666666666" lon="114.28185"><ele>6.4</ele><time>2026-01-24T02:12:11Z</time></trkpt><trkpt lat="22.440495000000002" lon="114.281875"><ele>6.1000000000000005</ele><time>2026-01-24T02:12:13Z</time></trkpt><trkpt lat="22.440501666666666" lon="114.28189666666667"><ele>5.6000000000000005</ele><time>2026-01-24T02:12:15Z</time></trkpt><trkpt lat="22.440508333333334" lon="114.28192166666668"><ele>5.5</ele><time>2026-01-24T02:12:17Z</time></trkpt><trkpt lat="22.44051833333333" lon="114.281945"><ele>5.1000000000000005</ele><time>2026-01-24T02:12:19Z</time></trkpt><trkpt lat="22.44053333333333" lon="114.28196333333332"><ele>4.8</ele><time>2026-01-24T02:12:21Z</time></trkpt><trkpt lat="22.44054833333333" lon="114.28198166666668"><ele>4.6000000000000005</ele><time>2026-01-24T02:12:23Z</time></trkpt><trkpt lat="22.440571666666663" lon="114.28200166666666"><ele>4.2</ele><time>2026-01-24T02:12:26Z</time></trkpt><trkpt lat="22.440589999999997" lon="114.28200333333334"><ele>3.9000000000000004</ele><time>2026-01-24T02:12:30Z</time></trkpt><trkpt lat="22.440601666666666" lon="114.28202333333333"><ele>4.0</ele><time>2026-01-24T02:12:34Z</time></trkpt><trkpt lat="22.440604999999998" lon="114.28204333333333"><ele>3.8</ele><time>2026-01-24T02:12:45Z</time></trkpt><trkpt lat="22.44064" lon="114.282055"><ele>3.9000000000000004</ele><time>2026-01-24T02:13:03Z</time></trkpt><trkpt lat="22.44066666666667" lon="114.28206833333334"><ele>3.7</ele><time>2026-01-24T02:13:05Z</time></trkpt><trkpt lat="22.440688333333334" lon="114.28208000000001"><ele>3.7</ele><time>2026-01-24T02:13:07Z</time></trkpt><trkpt lat="22.44071" lon="114.28209166666666"><ele>3.5</ele><time>2026-01-24T02:13:09Z</time></trkpt><trkpt lat="22.440720000000002" lon="114.282115"><ele>3.2</ele><time>2026-01-24T02:13:11Z</time></trkpt><trkpt lat="22.440738333333336" lon="114.28214000000001"><ele>3.5</ele><time>2026-01-24T02:13:13Z</time></trkpt><trkpt lat="22.440766666666665" lon="114.28215666666668"><ele>3.8</ele><time>2026-01-24T02:13:15Z</time></trkpt><trkpt lat="22.440784999999998" lon="114.28217000000001"><ele>4.1000000000000005</ele><time>2026-01-24T02:13:17Z</time></trkpt><trkpt lat="22.44080333333333" lon="114.28218833333334"><ele>4.0</ele><time>2026-01-24T02:13:19Z</time></trkpt><trkpt lat="22.440816666666667" lon="114.28221166666665"><ele>4.1000000000000005</ele><time>2026-01-24T02:13:21Z</time></trkpt><trkpt lat="22.44083333333333" lon="114.28222166666667"><ele>4.0</ele><time>2026-01-24T02:13:23Z</time></trkpt><trkpt lat="22.440841666666664" lon="114.28224166666665"><ele>3.0</ele><time>2026-01-24T02:13:35Z</time></trkpt><trkpt lat="22.44084833333333" lon="114.28226000000001"><ele>2.9000000000000004</ele><time>2026-01-24T02:13:36Z</time></trkpt><trkpt lat="22.440843333333337" lon="114.28229166666667"><ele>3.0999999999999996</ele><time>2026-01-24T02:13:38Z</time></trkpt><trkpt lat="22.440835" lon="114.28232166666666"><ele>3.0</ele><time>2026-01-24T02:13:40Z</time></trkpt><trkpt lat="22.440838333333332" lon="114.28235166666667"><ele>2.8</ele><time>2026-01-24T02:13:42Z</time></trkpt><trkpt lat="22.440841666666664" lon="114.28237833333333"><ele>2.9000000000000004</ele><time>2026-01-24T02:13:44Z</time></trkpt><trkpt lat="22.44084833333333" lon="114.28240166666667"><ele>3.0</ele><time>2026-01-24T02:13:46Z</time></trkpt><trkpt lat="22.440865" lon="114.28242666666665"><ele>3.0</ele><time>2026-01-24T02:13:48Z</time></trkpt><trkpt lat="22.440876666666668" lon="114.28245"><ele>3.0999999999999996</ele><time>2026-01-24T02:13:50Z</time></trkpt><trkpt lat="22.440885" lon="114.28247166666667"><ele>3.4000000000000004</ele><time>2026-01-24T02:13:52Z</time></trkpt><trkpt lat="22.440900000000003" lon="114.28249333333333"><ele>3.6000000000000005</ele><time>2026-01-24T02:13:54Z</time></trkpt><trkpt lat="22.44092" lon="114.28251166666665"><ele>4.2</ele><time>2026-01-24T02:13:56Z</time></trkpt><trkpt lat="22.44093666666667" lon="114.28253000000001"><ele>4.5</ele><time>2026-01-24T02:13:58Z</time></trkpt><trkpt lat="22.440946666666665" lon="114.28255333333333"><ele>4.5</ele><time>2026-01-24T02:14:00Z</time></trkpt><trkpt lat="22.440961666666666" lon="114.28257666666666"><ele>4.4</ele><time>2026-01-24T02:14:02Z</time></trkpt><trkpt lat="22.440978333333337" lon="114.2826"><ele>4.1000000000000005</ele><time>2026-01-24T02:14:04Z</time></trkpt><trkpt lat="22.440994999999997" lon="114.28262166666667"><ele>4.0</ele><time>2026-01-24T02:14:06Z</time></trkpt><trkpt lat="22.441016666666663" lon="114.28263999999999"><ele>4.0</ele><time>2026-01-24T02:14:08Z</time></trkpt><trkpt lat="22.441038333333335" lon="114.282655"><ele>3.9000000000000004</ele><time>2026-01-24T02:14:10Z</time></trkpt><trkpt lat="22.44105833333333" lon="114.28267333333334"><ele>4.2</ele><time>2026-01-24T02:14:12Z</time></trkpt><trkpt lat="22.441076666666664" lon="114.28269"><ele>4.4</ele><time>2026-01-24T02:14:14Z</time></trkpt><trkpt lat="22.44109" lon="114.28270499999999"><ele>4.5</ele><time>2026-01-24T02:14:16Z</time></trkpt><trkpt lat="22.441106666666663" lon="114.28272166666666"><ele>4.6000000000000005</ele><time>2026-01-24T02:14:18Z</time></trkpt><trkpt lat="22.441121666666664" lon="114.28273499999999"><ele>4.7</ele><time>2026-01-24T02:14:20Z</time></trkpt><trkpt lat="22.441128333333335" lon="114.28275333333335"><ele>3.8</ele><time>2026-01-24T02:14:28Z</time></trkpt><trkpt lat="22.441141666666667" lon="114.28277333333332"><ele>3.6000000000000005</ele><time>2026-01-24T02:14:30Z</time></trkpt><trkpt lat="22.441158333333338" lon="114.28279833333333"><ele>3.7</ele><time>2026-01-24T02:14:32Z</time></trkpt><trkpt lat="22.441168333333334" lon="114.28282333333333"><ele>3.6000000000000005</ele><time>2026-01-24T02:14:34Z</time></trkpt><trkpt lat="22.44118166666666" lon="114.28284833333333"><ele>3.2</ele><time>2026-01-24T02:14:36Z</time></trkpt><trkpt lat="22.441201666666664" lon="114.28287"><ele>2.9000000000000004</ele><time>2026-01-24T02:14:38Z</time></trkpt><trkpt lat="22.441219999999998" lon="114.28289000000001"><ele>2.5999999999999996</ele><time>2026-01-24T02:14:40Z</time></trkpt><trkpt lat="22.44123833333333" lon="114.28290999999999"><ele>2.2</ele><time>2026-01-24T02:14:42Z</time></trkpt><trkpt lat="22.441260000000003" lon="114.28292666666667"><ele>1.9000000000000001</ele><time>2026-01-24T02:14:44Z</time></trkpt><trkpt lat="22.44128333333333" lon="114.28294499999998"><ele>1.8</ele><time>2026-01-24T02:14:46Z</time></trkpt><trkpt lat="22.441309999999998" lon="114.282965"><ele>1.9000000000000001</ele><time>2026-01-24T02:14:48Z</time></trkpt><trkpt lat="22.441333333333333" lon="114.28297833333333"><ele>2.0999999999999996</ele><time>2026-01-24T02:14:50Z</time></trkpt><trkpt lat="22.441353333333335" lon="114.28299333333334"><ele>2.0999999999999996</ele><time>2026-01-24T02:14:52Z</time></trkpt><trkpt lat="22.441375" lon="114.28301000000002"><ele>1.9999999999999998</ele><time>2026-01-24T02:14:54Z</time></trkpt><trkpt lat="22.441396666666666" lon="114.28302666666666"><ele>2.2</ele><time>2026-01-24T02:14:56Z</time></trkpt><trkpt lat="22.44142" lon="114.28304166666666"><ele>2.5999999999999996</ele><time>2026-01-24T02:14:58Z</time></trkpt><trkpt lat="22.441439999999997" lon="114.28305666666665"><ele>3.2</ele><time>2026-01-24T02:15:00Z</time></trkpt><trkpt lat="22.44146166666667" lon="114.28307333333332"><ele>3.6000000000000005</ele><time>2026-01-24T02:15:02Z</time></trkpt><trkpt lat="22.441480000000002" lon="114.28309166666668"><ele>3.7</ele><time>2026-01-24T02:15:04Z</time></trkpt><trkpt lat="22.441498333333335" lon="114.28311333333335"><ele>3.7</ele><time>2026-01-24T02:15:06Z</time></trkpt><trkpt lat="22.441518333333338" lon="114.28312833333332"><ele>3.8</ele><time>2026-01-24T02:15:08Z</time></trkpt><trkpt lat="22.441535" lon="114.28314333333334"><ele>4.3</ele><time>2026-01-24T02:15:10Z</time></trkpt><trkpt lat="22.44155" lon="114.28316333333332"><ele>4.0</ele><time>2026-01-24T02:15:12Z</time></trkpt><trkpt lat="22.441565" lon="114.28318333333333"><ele>4.0</ele><time>2026-01-24T02:15:14Z</time></trkpt><trkpt lat="22.441578333333336" lon="114.28320166666666"><ele>4.0</ele><time>2026-01-24T02:15:16Z</time></trkpt><trkpt lat="22.44159833333333" lon="114.28322666666666"><ele>3.8</ele><time>2026-01-24T02:15:19Z</time></trkpt><trkpt lat="22.441619999999997" lon="114.283245"><ele>3.8</ele><time>2026-01-24T02:15:21Z</time></trkpt><trkpt lat="22.441638333333337" lon="114.283265"><ele>3.9000000000000004</ele><time>2026-01-24T02:15:23Z</time></trkpt><trkpt lat="22.44165666666667" lon="114.283285"><ele>3.3</ele><time>2026-01-24T02:15:25Z</time></trkpt><trkpt lat="22.441676666666662" lon="114.28330166666667"><ele>3.0999999999999996</ele><time>2026-01-24T02:15:27Z</time></trkpt><trkpt lat="22.441694999999996" lon="114.28332333333334"><ele>3.0999999999999996</ele><time>2026-01-24T02:15:29Z</time></trkpt><trkpt lat="22.441709999999997" lon="114.28334500000001"><ele>3.0999999999999996</ele><time>2026-01-24T02:15:31Z</time></trkpt><trkpt lat="22.441724999999998" lon="114.28336499999999"><ele>3.3</ele><time>2026-01-24T02:15:33Z</time></trkpt><trkpt lat="22.441735" lon="114.28338666666666"><ele>3.3</ele><time>2026-01-24T02:15:35Z</time></trkpt><trkpt lat="22.441739999999996" lon="114.28341166666665"><ele>3.0999999999999996</ele><time>2026-01-24T02:15:37Z</time></trkpt><trkpt lat="22.441745" lon="114.28343666666666"><ele>3.2</ele><time>2026-01-24T02:15:39Z</time></trkpt><trkpt lat="22.441750000000003" lon="114.28346166666667"><ele>3.3</ele><time>2026-01-24T02:15:41Z</time></trkpt><trkpt lat="22.441753333333335" lon="114.28348666666668"><ele>3.0</ele><time>2026-01-24T02:15:43Z</time></trkpt><trkpt lat="22.441756666666667" lon="114.28351166666668"><ele>2.5999999999999996</ele><time>2026-01-24T02:15:45Z</time></trkpt><trkpt lat="22.44176333333333" lon="114.28353999999999"><ele>2.3</ele><time>2026-01-24T02:15:47Z</time></trkpt><trkpt lat="22.441768333333336" lon="114.28357"><ele>1.9999999999999998</ele><time>2026-01-24T02:15:49Z</time></trkpt><trkpt lat="22.441778333333332" lon="114.28359666666665"><ele>1.9000000000000001</ele><time>2026-01-24T02:15:51Z</time></trkpt><trkpt lat="22.441786666666665" lon="114.28361500000001"><ele>1.3</ele><time>2026-01-24T02:15:53Z</time></trkpt><trkpt lat="22.441795000000003" lon="114.28363833333333"><ele>0.3999999999999999</ele><time>2026-01-24T02:15:55Z</time></trkpt><trkpt lat="22.441801666666667" lon="114.28366333333334"><ele>-0.20000000000000007</ele><time>2026-01-24T02:15:57Z</time></trkpt><trkpt lat="22.44181" lon="114.28368999999999"><ele>-0.6000000000000001</ele><time>2026-01-24T02:15:59Z</time></trkpt><trkpt lat="22.441818333333337" lon="114.283715"><ele>-0.9</ele><time>2026-01-24T02:16:01Z</time></trkpt><trkpt lat="22.441825" lon="114.28374000000001"><ele>-1.5</ele><time>2026-01-24T02:16:03Z</time></trkpt><trkpt lat="22.441835" lon="114.283765"><ele>-2.1</ele><time>2026-01-24T02:16:05Z</time></trkpt><trkpt lat="22.441840000000003" lon="114.28379000000001"><ele>-2.7</ele><time>2026-01-24T02:16:07Z</time></trkpt><trkpt lat="22.441840000000003" lon="114.28381666666668"><ele>-3.5999999999999996</ele><time>2026-01-24T02:16:09Z</time></trkpt><trkpt lat="22.441838333333333" lon="114.28384"><ele>-4.2</ele><time>2026-01-24T02:16:11Z</time></trkpt><trkpt lat="22.441841666666665" lon="114.283865"><ele>-4.6</ele><time>2026-01-24T02:16:13Z</time></trkpt><trkpt lat="22.441844999999997" lon="114.28389666666665"><ele>-4.8</ele><time>2026-01-24T02:16:15Z</time></trkpt><trkpt lat="22.44185" lon="114.28392333333335"><ele>-4.6</ele><time>2026-01-24T02:16:17Z</time></trkpt><trkpt lat="22.44186" lon="114.28395166666665"><ele>-4.8</ele><time>2026-01-24T02:16:19Z</time></trkpt><trkpt lat="22.441861666666668" lon="114.28398166666666"><ele>-4.8</ele><time>2026-01-24T02:16:21Z</time></trkpt><trkpt lat="22.44185" lon="114.28400000000002"><ele>-4.5</ele><time>2026-01-24T02:16:23Z</time></trkpt><trkpt lat="22.44186666666667" lon="114.28401333333335"><ele>-4.4</ele><time>2026-01-24T02:16:26Z</time></trkpt><trkpt lat="22.441886666666665" lon="114.28401000000001"><ele>-4.4</ele><time>2026-01-24T02:16:28Z</time></trkpt><trkpt lat="22.441885000000003" lon="114.284035"><ele>-0.9</ele><time>2026-01-24T02:16:35Z</time></trkpt><trkpt lat="22.44189666666667" lon="114.28405333333333"><ele>1.4000000000000001</ele><time>2026-01-24T02:16:44Z</time></trkpt><trkpt lat="22.441903333333336" lon="114.28407666666665"><ele>1.4999999999999998</ele><time>2026-01-24T02:16:46Z</time></trkpt><trkpt lat="22.441919999999996" lon="114.28410166666666"><ele>1.3</ele><time>2026-01-24T02:16:48Z</time></trkpt><trkpt lat="22.44193833333333" lon="114.28412333333333"><ele>1.2</ele><time>2026-01-24T02:16:50Z</time></trkpt><trkpt lat="22.44195" lon="114.28414666666667"><ele>1.2</ele><time>2026-01-24T02:16:52Z</time></trkpt><trkpt lat="22.44197" lon="114.28416166666666"><ele>1.4000000000000001</ele><time>2026-01-24T02:16:54Z</time></trkpt><trkpt lat="22.441991666666663" lon="114.28417499999999"><ele>2.2</ele><time>2026-01-24T02:16:56Z</time></trkpt><trkpt lat="22.442011666666666" lon="114.284195"><ele>2.9000000000000004</ele><time>2026-01-24T02:16:58Z</time></trkpt><trkpt lat="22.442024999999997" lon="114.28421833333331"><ele>3.4000000000000004</ele><time>2026-01-24T02:17:00Z</time></trkpt><trkpt lat="22.442035" lon="114.28424166666667"><ele>3.9000000000000004</ele><time>2026-01-24T02:17:02Z</time></trkpt><trkpt lat="22.44204" lon="114.28427000000002"><ele>3.8</ele><time>2026-01-24T02:17:04Z</time></trkpt><trkpt lat="22.442048333333332" lon="114.28430000000002"><ele>3.9000000000000004</ele><time>2026-01-24T02:17:06Z</time></trkpt><trkpt lat="22.442054999999996" lon="114.28432666666667"><ele>3.8</ele><time>2026-01-24T02:17:08Z</time></trkpt><trkpt lat="22.44205833333333" lon="114.28436166666667"><ele>3.7</ele><time>2026-01-24T02:17:10Z</time></trkpt><trkpt lat="22.44206" lon="114.284395"><ele>3.4000000000000004</ele><time>2026-01-24T02:17:12Z</time></trkpt><trkpt lat="22.442068333333335" lon="114.28442166666667"><ele>3.3</ele><time>2026-01-24T02:17:14Z</time></trkpt><trkpt lat="22.442083333333336" lon="114.28444166666668"><ele>3.2</ele><time>2026-01-24T02:17:16Z</time></trkpt><trkpt lat="22.44209" lon="114.28446166666666"><ele>2.9000000000000004</ele><time>2026-01-24T02:17:18Z</time></trkpt><trkpt lat="22.44208833333333" lon="114.28448833333331"><ele>2.9000000000000004</ele><time>2026-01-24T02:17:20Z</time></trkpt><trkpt lat="22.442093333333332" lon="114.28452"><ele>3.3</ele><time>2026-01-24T02:17:22Z</time></trkpt><trkpt lat="22.442098333333334" lon="114.28454833333332"><ele>3.6000000000000005</ele><time>2026-01-24T02:17:24Z</time></trkpt><trkpt lat="22.442101666666666" lon="114.28457666666667"><ele>3.8</ele><time>2026-01-24T02:17:26Z</time></trkpt><trkpt lat="22.44210333333333" lon="114.28460166666667"><ele>3.5</ele><time>2026-01-24T02:17:28Z</time></trkpt><trkpt lat="22.442098333333334" lon="114.28462666666668"><ele>3.0999999999999996</ele><time>2026-01-24T02:17:30Z</time></trkpt><trkpt lat="22.442096666666664" lon="114.28465"><ele>2.4000000000000004</ele><time>2026-01-24T02:17:32Z</time></trkpt><trkpt lat="22.442096666666664" lon="114.28467500000001"><ele>1.7</ele><time>2026-01-24T02:17:34Z</time></trkpt><trkpt lat="22.442105" lon="114.28470166666666"><ele>1.2</ele><time>2026-01-24T02:17:36Z</time></trkpt><trkpt lat="22.442108333333334" lon="114.28473000000001"><ele>0.5</ele><time>2026-01-24T02:17:38Z</time></trkpt><trkpt lat="22.442116666666667" lon="114.284755"><ele>-0.20000000000000007</ele><time>2026-01-24T02:17:40Z</time></trkpt><trkpt lat="22.44212166666667" lon="114.28478333333332"><ele>-0.6000000000000001</ele><time>2026-01-24T02:17:42Z</time></trkpt><trkpt lat="22.442128333333336" lon="114.28481333333333"><ele>-0.8</ele><time>2026-01-24T02:17:44Z</time></trkpt><trkpt lat="22.44213666666667" lon="114.28484333333333"><ele>-0.8</ele><time>2026-01-24T02:17:46Z</time></trkpt><trkpt lat="22.442144999999996" lon="114.28486999999998"><ele>-0.8</ele><time>2026-01-24T02:17:48Z</time></trkpt><trkpt lat="22.44214833333333" lon="114.28489499999999"><ele>-0.6000000000000001</ele><time>2026-01-24T02:17:50Z</time></trkpt><trkpt lat="22.44214833333333" lon="114.28492333333334"><ele>-0.5</ele><time>2026-01-24T02:17:52Z</time></trkpt><trkpt lat="22.44215" lon="114.28495166666669"><ele>0.09999999999999998</ele><time>2026-01-24T02:17:54Z</time></trkpt><trkpt lat="22.442159999999998" lon="114.28497666666665"><ele>0.5999999999999999</ele><time>2026-01-24T02:17:56Z</time></trkpt><trkpt lat="22.44216333333333" lon="114.28500666666666"><ele>1.0</ele><time>2026-01-24T02:17:58Z</time></trkpt><trkpt lat="22.442165" lon="114.28503333333335"><ele>1.0999999999999999</ele><time>2026-01-24T02:18:00Z</time></trkpt><trkpt lat="22.44216333333333" lon="114.28505833333332"><ele>0.3999999999999999</ele><time>2026-01-24T02:18:02Z</time></trkpt><trkpt lat="22.442159999999998" lon="114.28508500000001"><ele>0.09999999999999998</ele><time>2026-01-24T02:18:04Z</time></trkpt><trkpt lat="22.442155000000003" lon="114.285115"><ele>0.0</ele><time>2026-01-24T02:18:06Z</time></trkpt><trkpt lat="22.44215" lon="114.28514166666668"><ele>0.09999999999999998</ele><time>2026-01-24T02:18:08Z</time></trkpt><trkpt lat="22.442144999999996" lon="114.28516666666668"><ele>0.30000000000000004</ele><time>2026-01-24T02:18:10Z</time></trkpt><trkpt lat="22.44213666666667" lon="114.28519333333334"><ele>0.3999999999999999</ele><time>2026-01-24T02:18:12Z</time></trkpt><trkpt lat="22.44213" lon="114.28521833333335"><ele>0.30000000000000004</ele><time>2026-01-24T02:18:14Z</time></trkpt><trkpt lat="22.44211833333333" lon="114.28524"><ele>0.0</ele><time>2026-01-24T02:18:16Z</time></trkpt><trkpt lat="22.44210666666667" lon="114.28526500000001"><ele>-0.4</ele><time>2026-01-24T02:18:18Z</time></trkpt><trkpt lat="22.442095000000002" lon="114.28528999999999"><ele>-0.7000000000000001</ele><time>2026-01-24T02:18:20Z</time></trkpt><trkpt lat="22.442081666666663" lon="114.28531166666669"><ele>-0.6000000000000001</ele><time>2026-01-24T02:18:22Z</time></trkpt><trkpt lat="22.442065000000003" lon="114.28532833333333"><ele>-0.6000000000000001</ele><time>2026-01-24T02:18:24Z</time></trkpt><trkpt lat="22.442053333333334" lon="114.28534666666668"><ele>-0.8</ele><time>2026-01-24T02:18:26Z</time></trkpt><trkpt lat="22.44203333333333" lon="114.285365"><ele>-1.0</ele><time>2026-01-24T02:18:28Z</time></trkpt><trkpt lat="22.44201666666667" lon="114.28539"><ele>-1.3</ele><time>2026-01-24T02:18:30Z</time></trkpt><trkpt lat="22.442003333333332" lon="114.28541166666668"><ele>-1.4</ele><time>2026-01-24T02:18:32Z</time></trkpt><trkpt lat="22.441991666666663" lon="114.28543499999999"><ele>-1.4</ele><time>2026-01-24T02:18:34Z</time></trkpt><trkpt lat="22.44198666666667" lon="114.28546"><ele>-1.6</ele><time>2026-01-24T02:18:36Z</time></trkpt><trkpt lat="22.441981666666667" lon="114.28548500000001"><ele>-2.2</ele><time>2026-01-24T02:18:38Z</time></trkpt><trkpt lat="22.441979999999997" lon="114.28551166666666"><ele>-2.3</ele><time>2026-01-24T02:18:40Z</time></trkpt><trkpt lat="22.441968333333328" lon="114.28553333333333"><ele>-2.2</ele><time>2026-01-24T02:18:42Z</time></trkpt><trkpt lat="22.441951666666668" lon="114.28555499999999"><ele>-1.7000000000000002</ele><time>2026-01-24T02:18:44Z</time></trkpt><trkpt lat="22.44192666666667" lon="114.28557166666666"><ele>-1.4</ele><time>2026-01-24T02:18:46Z</time></trkpt><trkpt lat="22.441906666666668" lon="114.28559166666668"><ele>-1.1</ele><time>2026-01-24T02:18:48Z</time></trkpt><trkpt lat="22.441888333333335" lon="114.28561166666665"><ele>-0.9</ele><time>2026-01-24T02:18:50Z</time></trkpt><trkpt lat="22.44187" lon="114.28563166666666"><ele>-1.0</ele><time>2026-01-24T02:18:52Z</time></trkpt><trkpt lat="22.44186" lon="114.28565666666667"><ele>-0.9</ele><time>2026-01-24T02:18:54Z</time></trkpt><trkpt lat="22.441856666666663" lon="114.28568333333332"><ele>-0.8</ele><time>2026-01-24T02:18:56Z</time></trkpt><trkpt lat="22.44185166666667" lon="114.28570666666668"><ele>-0.8</ele><time>2026-01-24T02:18:58Z</time></trkpt><trkpt lat="22.441848333333336" lon="114.28573333333334"><ele>-0.8</ele><time>2026-01-24T02:19:00Z</time></trkpt><trkpt lat="22.441843333333335" lon="114.28575500000001"><ele>-0.30000000000000004</ele><time>2026-01-24T02:19:02Z</time></trkpt><trkpt lat="22.441838333333333" lon="114.28577833333333"><ele>0.09999999999999998</ele><time>2026-01-24T02:19:04Z</time></trkpt><trkpt lat="22.441835" lon="114.28579999999998"><ele>0.30000000000000004</ele><time>2026-01-24T02:19:06Z</time></trkpt><trkpt lat="22.441826666666664" lon="114.28581833333334"><ele>0.30000000000000004</ele><time>2026-01-24T02:19:08Z</time></trkpt><trkpt lat="22.441826666666664" lon="114.28584500000001"><ele>-0.7000000000000001</ele><time>2026-01-24T02:19:11Z</time></trkpt><trkpt lat="22.441829999999996" lon="114.28586500000002"><ele>-1.1</ele><time>2026-01-24T02:19:13Z</time></trkpt><trkpt lat="22.44183333333334" lon="114.28589166666667"><ele>-0.10000000000000009</ele><time>2026-01-24T02:19:15Z</time></trkpt><trkpt lat="22.441826666666664" lon="114.28592166666667"><ele>1.5999999999999999</ele><time>2026-01-24T02:19:17Z</time></trkpt><trkpt lat="22.441818333333337" lon="114.28594999999999"><ele>2.8</ele><time>2026-01-24T02:19:19Z</time></trkpt><trkpt lat="22.441811666666663" lon="114.28597666666668"><ele>4.7</ele><time>2026-01-24T02:19:23Z</time></trkpt><trkpt lat="22.441801666666667" lon="114.28599833333334"><ele>4.4</ele><time>2026-01-24T02:19:25Z</time></trkpt><trkpt lat="22.441795000000003" lon="114.28602000000001"><ele>4.2</ele><time>2026-01-24T02:19:27Z</time></trkpt><trkpt lat="22.441781666666664" lon="114.28603666666667"><ele>4.2</ele><time>2026-01-24T02:19:29Z</time></trkpt><trkpt lat="22.441766666666663" lon="114.28604833333333"><ele>4.4</ele><time>2026-01-24T02:19:31Z</time></trkpt><trkpt lat="22.441741666666665" lon="114.286055"><ele>4.6000000000000005</ele><time>2026-01-24T02:19:41Z</time></trkpt><trkpt lat="22.44171833333333" lon="114.28606333333333"><ele>4.6000000000000005</ele><time>2026-01-24T02:19:43Z</time></trkpt><trkpt lat="22.44169833333334" lon="114.28607833333332"><ele>4.5</ele><time>2026-01-24T02:19:45Z</time></trkpt><trkpt lat="22.441676666666662" lon="114.28609166666665"><ele>4.5</ele><time>2026-01-24T02:19:47Z</time></trkpt><trkpt lat="22.44165666666667" lon="114.286105"><ele>4.5</ele><time>2026-01-24T02:19:49Z</time></trkpt><trkpt lat="22.441638333333337" lon="114.28611500000001"><ele>4.3</ele><time>2026-01-24T02:19:51Z</time></trkpt><trkpt lat="22.441621666666666" lon="114.286125"><ele>4.2</ele><time>2026-01-24T02:19:53Z</time></trkpt><trkpt lat="22.4416" lon="114.28613333333332"><ele>3.9000000000000004</ele><time>2026-01-24T02:19:55Z</time></trkpt><trkpt lat="22.44158" lon="114.28614333333334"><ele>4.0</ele><time>2026-01-24T02:19:57Z</time></trkpt><trkpt lat="22.441559999999996" lon="114.28615666666668"><ele>3.9000000000000004</ele><time>2026-01-24T02:19:59Z</time></trkpt><trkpt lat="22.44154" lon="114.286175"><ele>4.0</ele><time>2026-01-24T02:20:01Z</time></trkpt><trkpt lat="22.44152" lon="114.28618333333334"><ele>4.3</ele><time>2026-01-24T02:20:03Z</time></trkpt><trkpt lat="22.441499999999998" lon="114.28618499999999"><ele>3.9000000000000004</ele><time>2026-01-24T02:20:05Z</time></trkpt><trkpt lat="22.44147666666667" lon="114.28618833333333"><ele>3.9000000000000004</ele><time>2026-01-24T02:20:07Z</time></trkpt><trkpt lat="22.441456666666667" lon="114.28619666666667"><ele>4.1000000000000005</ele><time>2026-01-24T02:20:09Z</time></trkpt><trkpt lat="22.441435000000002" lon="114.28620666666666"><ele>4.1000000000000005</ele><time>2026-01-24T02:20:11Z</time></trkpt><trkpt lat="22.44141666666667" lon="114.28621666666668"><ele>4.3</ele><time>2026-01-24T02:20:13Z</time></trkpt><trkpt lat="22.441395000000004" lon="114.28621666666668"><ele>4.2</ele><time>2026-01-24T02:20:15Z</time></trkpt><trkpt lat="22.44137166666667" lon="114.28622166666668"><ele>4.3</ele><time>2026-01-24T02:20:17Z</time></trkpt><trkpt lat="22.441350000000003" lon="114.28623"><ele>4.7</ele><time>2026-01-24T02:20:19Z</time></trkpt><trkpt lat="22.44133" lon="114.28623833333334"><ele>4.6000000000000005</ele><time>2026-01-24T02:20:21Z</time></trkpt><trkpt lat="22.441311666666667" lon="114.286245"><ele>4.6000000000000005</ele><time>2026-01-24T02:20:23Z</time></trkpt><trkpt lat="22.441288333333333" lon="114.28624833333333"><ele>4.4</ele><time>2026-01-24T02:20:25Z</time></trkpt><trkpt lat="22.44126833333333" lon="114.28625166666667"><ele>4.5</ele><time>2026-01-24T02:20:27Z</time></trkpt><trkpt lat="22.441246666666665" lon="114.28625666666667"><ele>5.0</ele><time>2026-01-24T02:20:29Z</time></trkpt><trkpt lat="22.441225" lon="114.286265"><ele>5.0</ele><time>2026-01-24T02:20:31Z</time></trkpt><trkpt lat="22.441205" lon="114.28627166666665"><ele>5.4</ele><time>2026-01-24T02:20:33Z</time></trkpt><trkpt lat="22.441183333333335" lon="114.28627499999999"><ele>5.7</ele><time>2026-01-24T02:20:35Z</time></trkpt><trkpt lat="22.44116166666667" lon="114.28627666666668"><ele>5.6000000000000005</ele><time>2026-01-24T02:20:37Z</time></trkpt><trkpt lat="22.441138333333335" lon="114.28628166666667"><ele>6.3</ele><time>2026-01-24T02:20:40Z</time></trkpt><trkpt lat="22.441113333333337" lon="114.28628666666667"><ele>5.9</ele><time>2026-01-24T02:20:45Z</time></trkpt><trkpt lat="22.44109" lon="114.28629500000001"><ele>5.9</ele><time>2026-01-24T02:20:47Z</time></trkpt><trkpt lat="22.441065000000002" lon="114.28629000000001"><ele>5.4</ele><time>2026-01-24T02:20:49Z</time></trkpt><trkpt lat="22.44104333333333" lon="114.28629333333335"><ele>5.0</ele><time>2026-01-24T02:20:51Z</time></trkpt><trkpt lat="22.441023333333337" lon="114.28629500000001"><ele>5.3</ele><time>2026-01-24T02:20:53Z</time></trkpt><trkpt lat="22.441005000000004" lon="114.28629333333335"><ele>5.8</ele><time>2026-01-24T02:20:55Z</time></trkpt><trkpt lat="22.44098333333333" lon="114.28629500000001"><ele>6.4</ele><time>2026-01-24T02:20:57Z</time></trkpt><trkpt lat="22.440961666666666" lon="114.28629833333335"><ele>6.9</ele><time>2026-01-24T02:20:59Z</time></trkpt><trkpt lat="22.44093833333333" lon="114.286305"><ele>7.1000000000000005</ele><time>2026-01-24T02:21:01Z</time></trkpt><trkpt lat="22.440916666666666" lon="114.286305"><ele>7.3999999999999995</ele><time>2026-01-24T02:21:03Z</time></trkpt><trkpt lat="22.440895" lon="114.28630166666666"><ele>7.3</ele><time>2026-01-24T02:21:05Z</time></trkpt><trkpt lat="22.440873333333336" lon="114.28629833333335"><ele>6.8</ele><time>2026-01-24T02:21:07Z</time></trkpt><trkpt lat="22.44085166666667" lon="114.28629666666666"><ele>6.6000000000000005</ele><time>2026-01-24T02:21:09Z</time></trkpt><trkpt lat="22.440826666666666" lon="114.2863"><ele>6.5</ele><time>2026-01-24T02:21:11Z</time></trkpt><trkpt lat="22.44080666666667" lon="114.28630333333334"><ele>6.6000000000000005</ele><time>2026-01-24T02:21:13Z</time></trkpt><trkpt lat="22.440781666666666" lon="114.286305"><ele>6.4</ele><time>2026-01-24T02:21:15Z</time></trkpt><trkpt lat="22.44075666666667" lon="114.28630833333334"><ele>6.3</ele><time>2026-01-24T02:21:17Z</time></trkpt><trkpt lat="22.440733333333334" lon="114.286305"><ele>6.1000000000000005</ele><time>2026-01-24T02:21:19Z</time></trkpt><trkpt lat="22.44071" lon="114.28630333333334"><ele>5.7</ele><time>2026-01-24T02:21:21Z</time></trkpt><trkpt lat="22.440690000000004" lon="114.28630333333334"><ele>5.5</ele><time>2026-01-24T02:21:23Z</time></trkpt><trkpt lat="22.44067" lon="114.286305"><ele>5.5</ele><time>2026-01-24T02:21:25Z</time></trkpt><trkpt lat="22.440648333333336" lon="114.28630833333334"><ele>5.5</ele><time>2026-01-24T02:21:27Z</time></trkpt><trkpt lat="22.440628333333333" lon="114.28631166666668"><ele>5.4</ele><time>2026-01-24T02:21:29Z</time></trkpt><trkpt lat="22.44062" lon="114.28632999999999"><ele>3.4000000000000004</ele><time>2026-01-24T02:21:47Z</time></trkpt><trkpt lat="22.440603333333335" lon="114.28631333333333"><ele>3.6000000000000005</ele><time>2026-01-24T02:22:13Z</time></trkpt><trkpt lat="22.440583333333333" lon="114.28630999999999"><ele>4.0</ele><time>2026-01-24T02:22:16Z</time></trkpt><trkpt lat="22.44056666666667" lon="114.28630166666666"><ele>3.9000000000000004</ele><time>2026-01-24T02:22:21Z</time></trkpt><trkpt lat="22.44056666666667" lon="114.28628166666667"><ele>4.2</ele><time>2026-01-24T02:22:32Z</time></trkpt><trkpt lat="22.440546666666666" lon="114.28628333333333"><ele>4.4</ele><time>2026-01-24T02:22:35Z</time></trkpt><trkpt lat="22.440525" lon="114.286285"><ele>4.5</ele><time>2026-01-24T02:22:37Z</time></trkpt><trkpt lat="22.44050333333333" lon="114.28628166666667"><ele>4.3</ele><time>2026-01-24T02:22:39Z</time></trkpt><trkpt lat="22.44047833333333" lon="114.28628166666667"><ele>4.2</ele><time>2026-01-24T02:22:41Z</time></trkpt><trkpt lat="22.440454999999996" lon="114.28628166666667"><ele>4.3</ele><time>2026-01-24T02:22:43Z</time></trkpt><trkpt lat="22.440435" lon="114.28627999999999"><ele>4.3</ele><time>2026-01-24T02:22:49Z</time></trkpt><trkpt lat="22.440406666666664" lon="114.28629166666666"><ele>4.4</ele><time>2026-01-24T02:22:52Z</time></trkpt><trkpt lat="22.440376666666666" lon="114.28630833333334"><ele>4.7</ele><time>2026-01-24T02:22:54Z</time></trkpt><trkpt lat="22.440355" lon="114.286325"><ele>4.8</ele><time>2026-01-24T02:22:56Z</time></trkpt><trkpt lat="22.440331666666665" lon="114.286325"><ele>5.2</ele><time>2026-01-24T02:22:58Z</time></trkpt><trkpt lat="22.440305" lon="114.28633666666668"><ele>5.6000000000000005</ele><time>2026-01-24T02:23:00Z</time></trkpt><trkpt lat="22.44028166666667" lon="114.28633833333333"><ele>6.8</ele><time>2026-01-24T02:23:02Z</time></trkpt><trkpt lat="22.440258333333336" lon="114.28633666666668"><ele>7.2</ele><time>2026-01-24T02:23:04Z</time></trkpt><trkpt lat="22.440238333333333" lon="114.28633666666668"><ele>7.6000000000000005</ele><time>2026-01-24T02:23:06Z</time></trkpt><trkpt lat="22.44022" lon="114.28633999999998"><ele>8.299999999999999</ele><time>2026-01-24T02:23:08Z</time></trkpt><trkpt lat="22.440195000000003" lon="114.28634833333332"><ele>8.7</ele><time>2026-01-24T02:23:11Z</time></trkpt><trkpt lat="22.44017" lon="114.28634333333333"><ele>8.399999999999999</ele><time>2026-01-24T02:23:13Z</time></trkpt><trkpt lat="22.440153333333335" lon="114.28632999999999"><ele>8.899999999999999</ele><time>2026-01-24T02:23:15Z</time></trkpt><trkpt lat="22.440135" lon="114.28631833333333"><ele>8.5</ele><time>2026-01-24T02:23:17Z</time></trkpt><trkpt lat="22.440113333333336" lon="114.28629833333335"><ele>7.8</ele><time>2026-01-24T02:23:19Z</time></trkpt><trkpt lat="22.440093333333333" lon="114.28627499999999"><ele>7.0</ele><time>2026-01-24T02:23:21Z</time></trkpt><trkpt lat="22.440081666666668" lon="114.28625833333332"><ele>6.3</ele><time>2026-01-24T02:23:23Z</time></trkpt><trkpt lat="22.440063333333335" lon="114.28624333333333"><ele>5.1000000000000005</ele><time>2026-01-24T02:23:26Z</time></trkpt><trkpt lat="22.440046666666664" lon="114.28622666666666"><ele>4.4</ele><time>2026-01-24T02:23:29Z</time></trkpt><trkpt lat="22.440026666666668" lon="114.28622333333333"><ele>3.8</ele><time>2026-01-24T02:23:33Z</time></trkpt><trkpt lat="22.440049999999996" lon="114.28620833333335"><ele>2.0999999999999996</ele><time>2026-01-24T02:23:41Z</time></trkpt><trkpt lat="22.44007333333333" lon="114.286215"><ele>1.9000000000000001</ele><time>2026-01-24T02:23:43Z</time></trkpt><trkpt lat="22.440094999999996" lon="114.28622500000002"><ele>1.7</ele><time>2026-01-24T02:23:45Z</time></trkpt><trkpt lat="22.440113333333336" lon="114.28624333333333"><ele>1.4999999999999998</ele><time>2026-01-24T02:23:47Z</time></trkpt><trkpt lat="22.44012" lon="114.28627499999999"><ele>1.5999999999999999</ele><time>2026-01-24T02:23:49Z</time></trkpt><trkpt lat="22.440123333333336" lon="114.28630333333334"><ele>1.4999999999999998</ele><time>2026-01-24T02:23:51Z</time></trkpt><trkpt lat="22.440123333333336" lon="114.28632833333334"><ele>1.9999999999999998</ele><time>2026-01-24T02:23:53Z</time></trkpt><trkpt lat="22.44011833333333" lon="114.28635000000001"><ele>2.2</ele><time>2026-01-24T02:23:55Z</time></trkpt><trkpt lat="22.44011666666667" lon="114.28637333333333"><ele>2.4000000000000004</ele><time>2026-01-24T02:23:58Z</time></trkpt><trkpt lat="22.440136666666664" lon="114.28638166666666"><ele>3.4000000000000004</ele><time>2026-01-24T02:24:05Z</time></trkpt><trkpt lat="22.440158333333336" lon="114.28640500000002"><ele>2.9000000000000004</ele><time>2026-01-24T02:24:13Z</time></trkpt><trkpt lat="22.44016166666667" lon="114.28643166666667"><ele>2.9000000000000004</ele><time>2026-01-24T02:24:16Z</time></trkpt><trkpt lat="22.440153333333335" lon="114.28645666666668"><ele>3.4000000000000004</ele><time>2026-01-24T02:24:19Z</time></trkpt><trkpt lat="22.440143333333335" lon="114.28648166666666"><ele>3.7</ele><time>2026-01-24T02:24:22Z</time></trkpt><trkpt lat="22.440150000000003" lon="114.2865"><ele>3.9000000000000004</ele><time>2026-01-24T02:24:24Z</time></trkpt><trkpt lat="22.440139999999996" lon="114.28651666666669"><ele>3.7</ele><time>2026-01-24T02:24:27Z</time></trkpt><trkpt lat="22.440136666666664" lon="114.28653833333334"><ele>3.7</ele><time>2026-01-24T02:24:30Z</time></trkpt><trkpt lat="22.440153333333335" lon="114.28655166666667"><ele>3.6000000000000005</ele><time>2026-01-24T02:24:34Z</time></trkpt><trkpt lat="22.44017" lon="114.28657"><ele>3.5</ele><time>2026-01-24T02:24:38Z</time></trkpt><trkpt lat="22.440183333333334" lon="114.28658500000002"><ele>3.4000000000000004</ele><time>2026-01-24T02:24:40Z</time></trkpt><trkpt lat="22.44019166666667" lon="114.28660999999998"><ele>3.4000000000000004</ele><time>2026-01-24T02:24:42Z</time></trkpt><trkpt lat="22.440203333333336" lon="114.28663166666665"><ele>3.3</ele><time>2026-01-24T02:24:44Z</time></trkpt><trkpt lat="22.440231666666666" lon="114.28663"><ele>2.9000000000000004</ele><time>2026-01-24T02:24:47Z</time></trkpt><trkpt lat="22.44025333333333" lon="114.28661833333332"><ele>2.5999999999999996</ele><time>2026-01-24T02:24:49Z</time></trkpt><trkpt lat="22.440268333333332" lon="114.28660333333333"><ele>2.2</ele><time>2026-01-24T02:24:51Z</time></trkpt><trkpt lat="22.440288333333335" lon="114.286595"><ele>1.9000000000000001</ele><time>2026-01-24T02:24:53Z</time></trkpt><trkpt lat="22.440306666666668" lon="114.28658333333333"><ele>1.4999999999999998</ele><time>2026-01-24T02:24:55Z</time></trkpt><trkpt lat="22.440328333333333" lon="114.28657833333334"><ele>1.0999999999999999</ele><time>2026-01-24T02:24:57Z</time></trkpt><trkpt lat="22.44035" lon="114.28658333333333"><ele>0.5999999999999999</ele><time>2026-01-24T02:24:59Z</time></trkpt><trkpt lat="22.44037166666667" lon="114.28658166666668"><ele>0.19999999999999996</ele><time>2026-01-24T02:25:01Z</time></trkpt><trkpt lat="22.440395" lon="114.28658500000002"><ele>0.0</ele><time>2026-01-24T02:25:03Z</time></trkpt><trkpt lat="22.440414999999998" lon="114.28659"><ele>-0.10000000000000009</ele><time>2026-01-24T02:25:05Z</time></trkpt><trkpt lat="22.44044166666667" lon="114.28659333333331"><ele>0.0</ele><time>2026-01-24T02:25:08Z</time></trkpt><trkpt lat="22.440463333333334" lon="114.28659999999999"><ele>0.0</ele><time>2026-01-24T02:25:10Z</time></trkpt><trkpt lat="22.440483333333336" lon="114.28660833333333"><ele>0.0</ele><time>2026-01-24T02:25:12Z</time></trkpt><trkpt lat="22.440510000000003" lon="114.28661166666667"><ele>0.0</ele><time>2026-01-24T02:25:15Z</time></trkpt><trkpt lat="22.44053166666667" lon="114.28662166666666"><ele>0.19999999999999996</ele><time>2026-01-24T02:25:17Z</time></trkpt><trkpt lat="22.440549999999998" lon="114.28662333333332"><ele>0.3999999999999999</ele><time>2026-01-24T02:25:19Z</time></trkpt><trkpt lat="22.44057" lon="114.286625"><ele>0.5</ele><time>2026-01-24T02:25:21Z</time></trkpt><trkpt lat="22.44059333333333" lon="114.28662833333334"><ele>1.0</ele><time>2026-01-24T02:25:23Z</time></trkpt><trkpt lat="22.44062" lon="114.28663"><ele>0.7</ele><time>2026-01-24T02:25:26Z</time></trkpt><trkpt lat="22.440645000000004" lon="114.28662833333334"><ele>0.8</ele><time>2026-01-24T02:25:28Z</time></trkpt><trkpt lat="22.44066666666667" lon="114.28662833333334"><ele>0.8999999999999999</ele><time>2026-01-24T02:25:30Z</time></trkpt><trkpt lat="22.44068666666667" lon="114.28662166666666"><ele>1.0</ele><time>2026-01-24T02:25:32Z</time></trkpt><trkpt lat="22.440708333333337" lon="114.28661666666667"><ele>1.4999999999999998</ele><time>2026-01-24T02:25:34Z</time></trkpt><trkpt lat="22.440735000000004" lon="114.28661166666667"><ele>1.8</ele><time>2026-01-24T02:25:36Z</time></trkpt><trkpt lat="22.44075833333333" lon="114.28661666666667"><ele>2.3</ele><time>2026-01-24T02:25:38Z</time></trkpt><trkpt lat="22.44077666666667" lon="114.28663"><ele>2.3</ele><time>2026-01-24T02:25:40Z</time></trkpt><trkpt lat="22.440796666666664" lon="114.28664166666667"><ele>2.2</ele><time>2026-01-24T02:25:42Z</time></trkpt><trkpt lat="22.44081833333333" lon="114.28665500000001"><ele>2.3</ele><time>2026-01-24T02:25:44Z</time></trkpt><trkpt lat="22.440838333333332" lon="114.28666666666668"><ele>2.2</ele><time>2026-01-24T02:25:46Z</time></trkpt><trkpt lat="22.440859999999997" lon="114.28667666666666"><ele>2.0999999999999996</ele><time>2026-01-24T02:25:48Z</time></trkpt><trkpt lat="22.44088" lon="114.28668333333331"><ele>2.0999999999999996</ele><time>2026-01-24T02:25:50Z</time></trkpt><trkpt lat="22.440896666666664" lon="114.28669166666666"><ele>2.0999999999999996</ele><time>2026-01-24T02:25:52Z</time></trkpt><trkpt lat="22.440916666666666" lon="114.28670333333334"><ele>1.5999999999999999</ele><time>2026-01-24T02:25:54Z</time></trkpt><trkpt lat="22.44093666666667" lon="114.28671000000001"><ele>1.4000000000000001</ele><time>2026-01-24T02:25:56Z</time></trkpt><trkpt lat="22.440960000000004" lon="114.28671000000001"><ele>1.0999999999999999</ele><time>2026-01-24T02:25:58Z</time></trkpt><trkpt lat="22.44098333333333" lon="114.28670666666667"><ele>1.0</ele><time>2026-01-24T02:26:00Z</time></trkpt><trkpt lat="22.441005000000004" lon="114.28670333333334"><ele>1.2</ele><time>2026-01-24T02:26:02Z</time></trkpt><trkpt lat="22.441025" lon="114.28669833333333"><ele>1.5999999999999999</ele><time>2026-01-24T02:26:04Z</time></trkpt><trkpt lat="22.44104333333333" lon="114.28668833333334"><ele>1.9999999999999998</ele><time>2026-01-24T02:26:06Z</time></trkpt><trkpt lat="22.441063333333332" lon="114.28667833333333"><ele>2.4000000000000004</ele><time>2026-01-24T02:26:08Z</time></trkpt><trkpt lat="22.441084999999998" lon="114.28667500000002"><ele>2.4000000000000004</ele><time>2026-01-24T02:26:10Z</time></trkpt><trkpt lat="22.441110000000002" lon="114.28667166666668"><ele>1.9999999999999998</ele><time>2026-01-24T02:26:12Z</time></trkpt><trkpt lat="22.44113333333333" lon="114.28666666666668"><ele>1.7</ele><time>2026-01-24T02:26:14Z</time></trkpt><trkpt lat="22.441153333333332" lon="114.28666333333334"><ele>1.4000000000000001</ele><time>2026-01-24T02:26:16Z</time></trkpt><trkpt lat="22.441176666666667" lon="114.28666333333334"><ele>1.4000000000000001</ele><time>2026-01-24T02:26:18Z</time></trkpt><trkpt lat="22.441196666666663" lon="114.28666999999999"><ele>1.2</ele><time>2026-01-24T02:26:20Z</time></trkpt><trkpt lat="22.441215000000003" lon="114.28668"><ele>0.8999999999999999</ele><time>2026-01-24T02:26:22Z</time></trkpt><trkpt lat="22.441235" lon="114.28669333333333"><ele>1.0</ele><time>2026-01-24T02:26:24Z</time></trkpt><trkpt lat="22.44125166666667" lon="114.286715"><ele>1.0</ele><time>2026-01-24T02:26:26Z</time></trkpt><trkpt lat="22.441256666666664" lon="114.28674500000001"><ele>0.8999999999999999</ele><time>2026-01-24T02:26:28Z</time></trkpt><trkpt lat="22.441253333333332" lon="114.28677"><ele>0.8</ele><time>2026-01-24T02:26:30Z</time></trkpt><trkpt lat="22.441246666666665" lon="114.28678833333333"><ele>0.8</ele><time>2026-01-24T02:26:32Z</time></trkpt><trkpt lat="22.441235" lon="114.28681499999999"><ele>1.2</ele><time>2026-01-24T02:26:35Z</time></trkpt><trkpt lat="22.44122666666666" lon="114.28683500000001"><ele>1.2</ele><time>2026-01-24T02:26:37Z</time></trkpt><trkpt lat="22.441218333333335" lon="114.28685333333333"><ele>1.2</ele><time>2026-01-24T02:26:39Z</time></trkpt><trkpt lat="22.441205" lon="114.28687166666666"><ele>1.0999999999999999</ele><time>2026-01-24T02:26:41Z</time></trkpt><trkpt lat="22.44119333333333" lon="114.28689000000001"><ele>1.3</ele><time>2026-01-24T02:26:43Z</time></trkpt><trkpt lat="22.441183333333335" lon="114.28690666666668"><ele>1.8</ele><time>2026-01-24T02:26:45Z</time></trkpt><trkpt lat="22.441171666666666" lon="114.28692500000001"><ele>2.3</ele><time>2026-01-24T02:26:47Z</time></trkpt><trkpt lat="22.44116166666667" lon="114.28694833333333"><ele>3.2</ele><time>2026-01-24T02:26:50Z</time></trkpt><trkpt lat="22.441145" lon="114.28696333333333"><ele>4.5</ele><time>2026-01-24T02:26:56Z</time></trkpt><trkpt lat="22.441126666666666" lon="114.28699"><ele>5.1000000000000005</ele><time>2026-01-24T02:26:59Z</time></trkpt><trkpt lat="22.441113333333337" lon="114.28701000000001"><ele>5.0</ele><time>2026-01-24T02:27:01Z</time></trkpt><trkpt lat="22.441098333333336" lon="114.28702999999999"><ele>3.9000000000000004</ele><time>2026-01-24T02:27:03Z</time></trkpt><trkpt lat="22.441086666666667" lon="114.28705166666666"><ele>3.2</ele><time>2026-01-24T02:27:05Z</time></trkpt><trkpt lat="22.441075" lon="114.28707333333332"><ele>2.9000000000000004</ele><time>2026-01-24T02:27:07Z</time></trkpt><trkpt lat="22.441065000000002" lon="114.28709333333333"><ele>2.4000000000000004</ele><time>2026-01-24T02:27:09Z</time></trkpt><trkpt lat="22.441055" lon="114.287115"><ele>1.9000000000000001</ele><time>2026-01-24T02:27:11Z</time></trkpt><trkpt lat="22.441041666666667" lon="114.28713166666667"><ele>1.7</ele><time>2026-01-24T02:27:13Z</time></trkpt><trkpt lat="22.441025" lon="114.28714833333333"><ele>1.7</ele><time>2026-01-24T02:27:15Z</time></trkpt><trkpt lat="22.441011666666668" lon="114.28716333333332"><ele>1.9000000000000001</ele><time>2026-01-24T02:27:17Z</time></trkpt><trkpt lat="22.44099833333333" lon="114.28718333333333"><ele>1.8</ele><time>2026-01-24T02:27:19Z</time></trkpt><trkpt lat="22.44098333333333" lon="114.2872"><ele>1.9000000000000001</ele><time>2026-01-24T02:27:21Z</time></trkpt><trkpt lat="22.440966666666668" lon="114.28721833333333"><ele>1.8</ele><time>2026-01-24T02:27:23Z</time></trkpt><trkpt lat="22.440949999999997" lon="114.28723333333333"><ele>1.9000000000000001</ele><time>2026-01-24T02:27:25Z</time></trkpt><trkpt lat="22.440935" lon="114.28725166666666"><ele>1.4999999999999998</ele><time>2026-01-24T02:27:27Z</time></trkpt><trkpt lat="22.44092333333333" lon="114.28727333333333"><ele>0.8999999999999999</ele><time>2026-01-24T02:27:29Z</time></trkpt><trkpt lat="22.440915000000004" lon="114.287295"><ele>0.5</ele><time>2026-01-24T02:27:31Z</time></trkpt><trkpt lat="22.440904999999997" lon="114.287315"><ele>0.19999999999999996</ele><time>2026-01-24T02:27:33Z</time></trkpt><trkpt lat="22.440895" lon="114.28733333333334"><ele>0.19999999999999996</ele><time>2026-01-24T02:27:35Z</time></trkpt><trkpt lat="22.44089" lon="114.28735833333333"><ele>0.5</ele><time>2026-01-24T02:27:37Z</time></trkpt><trkpt lat="22.440885" lon="114.28738166666666"><ele>0.5</ele><time>2026-01-24T02:27:39Z</time></trkpt><trkpt lat="22.44088" lon="114.28740333333332"><ele>1.0999999999999999</ele><time>2026-01-24T02:27:41Z</time></trkpt><trkpt lat="22.440875" lon="114.28742500000001"><ele>1.3</ele><time>2026-01-24T02:27:43Z</time></trkpt><trkpt lat="22.440870000000004" lon="114.28744499999999"><ele>1.7</ele><time>2026-01-24T02:27:45Z</time></trkpt><trkpt lat="22.440866666666672" lon="114.28747333333334"><ele>2.3</ele><time>2026-01-24T02:27:48Z</time></trkpt><trkpt lat="22.44086333333333" lon="114.28749833333335"><ele>2.4000000000000004</ele><time>2026-01-24T02:27:51Z</time></trkpt><trkpt lat="22.44089" lon="114.28750666666669"><ele>0.8</ele><time>2026-01-24T02:27:59Z</time></trkpt><trkpt lat="22.440915000000004" lon="114.28752166666666"><ele>0.09999999999999998</ele><time>2026-01-24T02:28:01Z</time></trkpt><trkpt lat="22.440926666666662" lon="114.28753833333333"><ele>0.0</ele><time>2026-01-24T02:28:03Z</time></trkpt><trkpt lat="22.44093666666667" lon="114.287565"><ele>0.8999999999999999</ele><time>2026-01-24T02:28:06Z</time></trkpt><trkpt lat="22.440955" lon="114.28758333333332"><ele>1.2</ele><time>2026-01-24T02:28:08Z</time></trkpt><trkpt lat="22.440973333333332" lon="114.28760333333334"><ele>1.3</ele><time>2026-01-24T02:28:10Z</time></trkpt><trkpt lat="22.440991666666665" lon="114.28762166666665"><ele>1.0999999999999999</ele><time>2026-01-24T02:28:12Z</time></trkpt><trkpt lat="22.441006666666667" lon="114.28764166666666"><ele>1.0999999999999999</ele><time>2026-01-24T02:28:14Z</time></trkpt><trkpt lat="22.441016666666663" lon="114.28766333333333"><ele>0.8999999999999999</ele><time>2026-01-24T02:28:16Z</time></trkpt><trkpt lat="22.441031666666664" lon="114.28768166666666"><ele>0.8999999999999999</ele><time>2026-01-24T02:28:18Z</time></trkpt><trkpt lat="22.44104666666666" lon="114.28770333333333"><ele>0.8999999999999999</ele><time>2026-01-24T02:28:20Z</time></trkpt><trkpt lat="22.44106" lon="114.28772166666667"><ele>0.8999999999999999</ele><time>2026-01-24T02:28:22Z</time></trkpt><trkpt lat="22.441076666666664" lon="114.28773500000001"><ele>0.8999999999999999</ele><time>2026-01-24T02:28:24Z</time></trkpt><trkpt lat="22.44108833333333" lon="114.28775333333333"><ele>0.8999999999999999</ele><time>2026-01-24T02:28:26Z</time></trkpt><trkpt lat="22.4411" lon="114.287775"><ele>0.8999999999999999</ele><time>2026-01-24T02:28:28Z</time></trkpt><trkpt lat="22.44111666666667" lon="114.28779166666666"><ele>1.0999999999999999</ele><time>2026-01-24T02:28:30Z</time></trkpt><trkpt lat="22.441129999999998" lon="114.28781166666667"><ele>1.0</ele><time>2026-01-24T02:28:32Z</time></trkpt><trkpt lat="22.441145" lon="114.28783166666666"><ele>0.8</ele><time>2026-01-24T02:28:34Z</time></trkpt><trkpt lat="22.441155000000002" lon="114.28785166666667"><ele>1.0</ele><time>2026-01-24T02:28:43Z</time></trkpt><trkpt lat="22.441170000000003" lon="114.28787166666667"><ele>0.5</ele><time>2026-01-24T02:28:45Z</time></trkpt><trkpt lat="22.441196666666663" lon="114.28789"><ele>0.09999999999999998</ele><time>2026-01-24T02:28:47Z</time></trkpt><trkpt lat="22.441221666666667" lon="114.28789333333334"><ele>-0.9</ele><time>2026-01-24T02:28:58Z</time></trkpt><trkpt lat="22.441243333333333" lon="114.28791500000001"><ele>-1.5</ele><time>2026-01-24T02:29:01Z</time></trkpt><trkpt lat="22.441248333333338" lon="114.28793833333333"><ele>-0.6000000000000001</ele><time>2026-01-24T02:29:03Z</time></trkpt><trkpt lat="22.44125166666667" lon="114.28795833333334"><ele>1.4000000000000001</ele><time>2026-01-24T02:29:10Z</time></trkpt><trkpt lat="22.441273333333335" lon="114.28796333333334"><ele>2.5999999999999996</ele><time>2026-01-24T02:29:16Z</time></trkpt><trkpt lat="22.44128166666667" lon="114.28798499999999"><ele>3.0999999999999996</ele><time>2026-01-24T02:29:22Z</time></trkpt><trkpt lat="22.441290000000002" lon="114.28800500000001"><ele>3.0999999999999996</ele><time>2026-01-24T02:29:24Z</time></trkpt><trkpt lat="22.441300000000002" lon="114.28802499999999"><ele>2.5</ele><time>2026-01-24T02:29:26Z</time></trkpt><trkpt lat="22.441303333333334" lon="114.288045"><ele>2.3</ele><time>2026-01-24T02:29:29Z</time></trkpt><trkpt lat="22.441309999999998" lon="114.28806833333334"><ele>1.9999999999999998</ele><time>2026-01-24T02:29:35Z</time></trkpt><trkpt lat="22.44131333333333" lon="114.28809166666666"><ele>1.4999999999999998</ele><time>2026-01-24T02:29:37Z</time></trkpt><trkpt lat="22.441303333333334" lon="114.28810999999999"><ele>1.4000000000000001</ele><time>2026-01-24T02:29:41Z</time></trkpt><trkpt lat="22.441293333333338" lon="114.28813833333334"><ele>2.4000000000000004</ele><time>2026-01-24T02:29:48Z</time></trkpt><trkpt lat="22.44128166666667" lon="114.28816333333334"><ele>3.2</ele><time>2026-01-24T02:29:50Z</time></trkpt><trkpt lat="22.441263333333335" lon="114.28818000000001"><ele>4.2</ele><time>2026-01-24T02:29:53Z</time></trkpt><trkpt lat="22.441253333333332" lon="114.28819666666668"><ele>4.6000000000000005</ele><time>2026-01-24T02:30:00Z</time></trkpt><trkpt lat="22.441243333333333" lon="114.28821500000001"><ele>4.7</ele><time>2026-01-24T02:30:02Z</time></trkpt><trkpt lat="22.441231666666667" lon="114.28824333333333"><ele>4.7</ele><time>2026-01-24T02:30:05Z</time></trkpt><trkpt lat="22.441225" lon="114.28826499999998"><ele>4.8</ele><time>2026-01-24T02:30:07Z</time></trkpt><trkpt lat="22.441216666666666" lon="114.28828666666668"><ele>4.8</ele><time>2026-01-24T02:30:09Z</time></trkpt><trkpt lat="22.44121" lon="114.28830833333335"><ele>4.6000000000000005</ele><time>2026-01-24T02:30:11Z</time></trkpt><trkpt lat="22.441208333333332" lon="114.28832833333333"><ele>4.3</ele><time>2026-01-24T02:30:13Z</time></trkpt><trkpt lat="22.44120666666667" lon="114.28835499999998"><ele>4.4</ele><time>2026-01-24T02:30:16Z</time></trkpt><trkpt lat="22.44122666666666" lon="114.28836500000001"><ele>4.3</ele><time>2026-01-24T02:30:19Z</time></trkpt><trkpt lat="22.441241666666663" lon="114.28837833333334"><ele>4.2</ele><time>2026-01-24T02:30:23Z</time></trkpt><trkpt lat="22.44123833333333" lon="114.28839833333335"><ele>4.4</ele><time>2026-01-24T02:30:28Z</time></trkpt><trkpt lat="22.44125" lon="114.28841499999999"><ele>3.8</ele><time>2026-01-24T02:30:45Z</time></trkpt><trkpt lat="22.44126833333333" lon="114.28842333333333"><ele>3.8</ele><time>2026-01-24T02:30:49Z</time></trkpt><trkpt lat="22.44127" lon="114.28845333333332"><ele>4.8</ele><time>2026-01-24T02:31:11Z</time></trkpt><trkpt lat="22.441285" lon="114.28846666666668"><ele>4.5</ele><time>2026-01-24T02:31:14Z</time></trkpt><trkpt lat="22.441311666666667" lon="114.28847333333333"><ele>4.5</ele><time>2026-01-24T02:31:24Z</time></trkpt><trkpt lat="22.441331666666663" lon="114.288495"><ele>4.4</ele><time>2026-01-24T02:31:27Z</time></trkpt><trkpt lat="22.441343333333332" lon="114.28851000000002"><ele>4.1000000000000005</ele><time>2026-01-24T02:31:28Z</time></trkpt><trkpt lat="22.441393333333334" lon="114.28853166666667"><ele>3.7</ele><time>2026-01-24T02:32:03Z</time></trkpt><trkpt lat="22.441421666666663" lon="114.28854500000001"><ele>3.8</ele><time>2026-01-24T02:32:05Z</time></trkpt><trkpt lat="22.44144833333333" lon="114.28855666666665"><ele>3.7</ele><time>2026-01-24T02:32:07Z</time></trkpt><trkpt lat="22.441473333333338" lon="114.28856333333333"><ele>3.3</ele><time>2026-01-24T02:32:09Z</time></trkpt><trkpt lat="22.441495" lon="114.28857666666666"><ele>3.3</ele><time>2026-01-24T02:32:11Z</time></trkpt><trkpt lat="22.441503333333337" lon="114.28859499999999"><ele>3.3</ele><time>2026-01-24T02:32:13Z</time></trkpt><trkpt lat="22.441501666666667" lon="114.288615"><ele>3.5</ele><time>2026-01-24T02:32:15Z</time></trkpt><trkpt lat="22.441480000000002" lon="114.28862"><ele>3.5</ele><time>2026-01-24T02:32:19Z</time></trkpt><trkpt lat="22.441456666666667" lon="114.28863500000001"><ele>2.5</ele><time>2026-01-24T02:32:29Z</time></trkpt><trkpt lat="22.441443333333336" lon="114.28865666666667"><ele>2.2</ele><time>2026-01-24T02:32:31Z</time></trkpt><trkpt lat="22.441435000000002" lon="114.28867833333334"><ele>1.9999999999999998</ele><time>2026-01-24T02:32:33Z</time></trkpt><trkpt lat="22.441451666666662" lon="114.28867"><ele>1.8</ele><time>2026-01-24T02:32:39Z</time></trkpt><trkpt lat="22.441458333333337" lon="114.28864833333334"><ele>1.9000000000000001</ele><time>2026-01-24T02:32:41Z</time></trkpt><trkpt lat="22.44146" lon="114.28862833333332"><ele>1.9999999999999998</ele><time>2026-01-24T02:32:45Z</time></trkpt><trkpt lat="22.441451666666662" lon="114.28860833333334"><ele>2.0999999999999996</ele><time>2026-01-24T02:32:49Z</time></trkpt><trkpt lat="22.44145" lon="114.28863166666666"><ele>2.8</ele><time>2026-01-24T02:33:01Z</time></trkpt><trkpt lat="22.441469999999995" lon="114.28862833333332"><ele>3.0999999999999996</ele><time>2026-01-24T02:33:03Z</time></trkpt><trkpt lat="22.441489999999998" lon="114.28863166666666"><ele>3.3</ele><time>2026-01-24T02:33:06Z</time></trkpt><trkpt lat="22.441423333333333" lon="114.28869000000002"><ele>3.5</ele><time>2026-01-24T02:33:17Z</time></trkpt><trkpt lat="22.441398333333336" lon="114.28870333333334"><ele>3.4000000000000004</ele><time>2026-01-24T02:33:20Z</time></trkpt><trkpt lat="22.441376666666663" lon="114.28868666666668"><ele>3.3</ele><time>2026-01-24T02:33:23Z</time></trkpt><trkpt lat="22.441353333333335" lon="114.28867833333334"><ele>2.5999999999999996</ele><time>2026-01-24T02:33:53Z</time></trkpt><trkpt lat="22.441378333333333" lon="114.28866333333332"><ele>2.3</ele><time>2026-01-24T02:33:56Z</time></trkpt><trkpt lat="22.441391666666664" lon="114.28864666666665"><ele>2.0999999999999996</ele><time>2026-01-24T02:33:58Z</time></trkpt><trkpt lat="22.441424999999995" lon="114.28865833333333"><ele>1.3</ele><time>2026-01-24T02:34:16Z</time></trkpt><trkpt lat="22.44143166666667" lon="114.28863666666666"><ele>1.4000000000000001</ele><time>2026-01-24T02:34:19Z</time></trkpt><trkpt lat="22.44141666666667" lon="114.28862166666667"><ele>1.4999999999999998</ele><time>2026-01-24T02:34:21Z</time></trkpt><trkpt lat="22.441396666666666" lon="114.28862166666667"><ele>1.4000000000000001</ele><time>2026-01-24T02:34:25Z</time></trkpt><trkpt lat="22.44137166666667" lon="114.28861"><ele>1.2</ele><time>2026-01-24T02:34:30Z</time></trkpt><trkpt lat="22.441346666666664" lon="114.28861"><ele>0.8999999999999999</ele><time>2026-01-24T02:34:32Z</time></trkpt><trkpt lat="22.441323333333337" lon="114.28861333333334"><ele>0.8999999999999999</ele><time>2026-01-24T02:34:34Z</time></trkpt><trkpt lat="22.441306666666666" lon="114.28862499999998"><ele>1.0999999999999999</ele><time>2026-01-24T02:34:36Z</time></trkpt><trkpt lat="22.44128333333333" lon="114.28862333333333"><ele>1.3</ele><time>2026-01-24T02:34:39Z</time></trkpt><trkpt lat="22.441263333333335" lon="114.28861833333333"><ele>1.0</ele><time>2026-01-24T02:34:41Z</time></trkpt><trkpt lat="22.44125" lon="114.28859833333333"><ele>1.0</ele><time>2026-01-24T02:34:44Z</time></trkpt><trkpt lat="22.441230000000004" lon="114.28859166666668"><ele>1.2</ele><time>2026-01-24T02:34:47Z</time></trkpt><trkpt lat="22.44125" lon="114.28858833333334"><ele>2.0999999999999996</ele><time>2026-01-24T02:34:55Z</time></trkpt><trkpt lat="22.44126833333333" lon="114.28856666666667"><ele>1.5999999999999999</ele><time>2026-01-24T02:34:59Z</time></trkpt><trkpt lat="22.44127" lon="114.28854500000001"><ele>1.4000000000000001</ele><time>2026-01-24T02:35:01Z</time></trkpt><trkpt lat="22.441276666666667" lon="114.28852499999999"><ele>1.4000000000000001</ele><time>2026-01-24T02:35:03Z</time></trkpt><trkpt lat="22.441278333333337" lon="114.28849666666669"><ele>1.4999999999999998</ele><time>2026-01-24T02:35:05Z</time></trkpt><trkpt lat="22.44128" lon="114.28847499999999"><ele>1.5999999999999999</ele><time>2026-01-24T02:35:06Z</time></trkpt><trkpt lat="22.441285" lon="114.28844499999998"><ele>1.3</ele><time>2026-01-24T02:35:08Z</time></trkpt><trkpt lat="22.441276666666667" lon="114.28842166666666"><ele>1.7</ele><time>2026-01-24T02:35:10Z</time></trkpt><trkpt lat="22.441263333333335" lon="114.28840166666666"><ele>2.3</ele><time>2026-01-24T02:35:12Z</time></trkpt><trkpt lat="22.441241666666663" lon="114.28838833333333"><ele>2.3</ele><time>2026-01-24T02:35:15Z</time></trkpt><trkpt lat="22.441230000000004" lon="114.28840833333334"><ele>1.5999999999999999</ele><time>2026-01-24T02:35:19Z</time></trkpt><trkpt lat="22.441233333333336" lon="114.28843"><ele>1.4999999999999998</ele><time>2026-01-24T02:35:21Z</time></trkpt><trkpt lat="22.44121" lon="114.28841833333333"><ele>1.4999999999999998</ele><time>2026-01-24T02:35:38Z</time></trkpt><trkpt lat="22.44119" lon="114.288405"><ele>1.7</ele><time>2026-01-24T02:35:41Z</time></trkpt><trkpt lat="22.441171666666666" lon="114.28839666666666"><ele>1.9000000000000001</ele><time>2026-01-24T02:35:43Z</time></trkpt><trkpt lat="22.44115" lon="114.28838666666667"><ele>2.0999999999999996</ele><time>2026-01-24T02:35:45Z</time></trkpt><trkpt lat="22.441126666666666" lon="114.28837833333334"><ele>2.0999999999999996</ele><time>2026-01-24T02:35:47Z</time></trkpt><trkpt lat="22.441135" lon="114.288405"><ele>3.4000000000000004</ele><time>2026-01-24T02:35:58Z</time></trkpt><trkpt lat="22.441138333333335" lon="114.28842666666667"><ele>3.4000000000000004</ele><time>2026-01-24T02:36:01Z</time></trkpt><trkpt lat="22.441155000000002" lon="114.28843833333333"><ele>3.7</ele><time>2026-01-24T02:36:06Z</time></trkpt><trkpt lat="22.441174999999998" lon="114.28843499999999"><ele>3.5</ele><time>2026-01-24T02:36:09Z</time></trkpt><trkpt lat="22.441195" lon="114.28844666666667"><ele>2.9000000000000004</ele><time>2026-01-24T02:36:13Z</time></trkpt><trkpt lat="22.441218333333335" lon="114.28845333333332"><ele>2.7</ele><time>2026-01-24T02:36:16Z</time></trkpt><trkpt lat="22.44124" lon="114.28845000000001"><ele>2.4000000000000004</ele><time>2026-01-24T02:36:18Z</time></trkpt><trkpt lat="22.441243333333333" lon="114.288425"><ele>1.9000000000000001</ele><time>2026-01-24T02:36:21Z</time></trkpt><trkpt lat="22.441228333333335" lon="114.288405"><ele>1.5999999999999999</ele><time>2026-01-24T02:36:23Z</time></trkpt><trkpt lat="22.441211666666664" lon="114.28839"><ele>1.2</ele><time>2026-01-24T02:36:25Z</time></trkpt><trkpt lat="22.441205" lon="114.28836833333335"><ele>1.2</ele><time>2026-01-24T02:36:27Z</time></trkpt><trkpt lat="22.441201666666664" lon="114.28834666666668"><ele>1.5999999999999999</ele><time>2026-01-24T02:36:29Z</time></trkpt><trkpt lat="22.441201666666664" lon="114.28832666666668"><ele>1.9999999999999998</ele><time>2026-01-24T02:36:31Z</time></trkpt><trkpt lat="22.441218333333335" lon="114.28830666666666"><ele>1.0999999999999999</ele><time>2026-01-24T02:36:41Z</time></trkpt><trkpt lat="22.44122666666666" lon="114.28828166666666"><ele>0.8999999999999999</ele><time>2026-01-24T02:36:43Z</time></trkpt><trkpt lat="22.441235" lon="114.28825833333333"><ele>0.3999999999999999</ele><time>2026-01-24T02:36:45Z</time></trkpt><trkpt lat="22.441246666666665" lon="114.28823499999999"><ele>0.8</ele><time>2026-01-24T02:36:47Z</time></trkpt><trkpt lat="22.441256666666664" lon="114.28820666666667"><ele>1.9999999999999998</ele><time>2026-01-24T02:36:49Z</time></trkpt><trkpt lat="22.441264999999998" lon="114.28818000000001"><ele>3.0</ele><time>2026-01-24T02:36:51Z</time></trkpt><trkpt lat="22.441276666666667" lon="114.28816166666665"><ele>2.7</ele><time>2026-01-24T02:36:53Z</time></trkpt><trkpt lat="22.441286666666663" lon="114.28814333333334"><ele>2.9000000000000004</ele><time>2026-01-24T02:36:56Z</time></trkpt><trkpt lat="22.44128333333333" lon="114.28816333333334"><ele>3.0</ele><time>2026-01-24T02:37:02Z</time></trkpt><trkpt lat="22.441276666666667" lon="114.28818833333335"><ele>2.9000000000000004</ele><time>2026-01-24T02:37:04Z</time></trkpt><trkpt lat="22.44127" lon="114.28821"><ele>2.8</ele><time>2026-01-24T02:37:06Z</time></trkpt><trkpt lat="22.44128333333333" lon="114.28823166666668"><ele>2.2</ele><time>2026-01-24T02:37:08Z</time></trkpt><trkpt lat="22.441261666666666" lon="114.28824000000002"><ele>2.2</ele><time>2026-01-24T02:37:15Z</time></trkpt><trkpt lat="22.441243333333333" lon="114.28824833333334"><ele>2.8</ele><time>2026-01-24T02:37:17Z</time></trkpt><trkpt lat="22.441230000000004" lon="114.28826833333332"><ele>2.9000000000000004</ele><time>2026-01-24T02:37:19Z</time></trkpt><trkpt lat="22.441221666666667" lon="114.28829666666667"><ele>3.3</ele><time>2026-01-24T02:37:21Z</time></trkpt><trkpt lat="22.441213333333334" lon="114.28832166666668"><ele>3.2</ele><time>2026-01-24T02:37:23Z</time></trkpt><trkpt lat="22.441208333333332" lon="114.28835333333333"><ele>3.0</ele><time>2026-01-24T02:37:26Z</time></trkpt><trkpt lat="22.441230000000004" lon="114.28837833333334"><ele>3.0999999999999996</ele><time>2026-01-24T02:37:28Z</time></trkpt><trkpt lat="22.441248333333338" lon="114.28839166666667"><ele>2.7</ele><time>2026-01-24T02:37:30Z</time></trkpt><trkpt lat="22.44126833333333" lon="114.28840666666669"><ele>2.8</ele><time>2026-01-24T02:37:32Z</time></trkpt><trkpt lat="22.441288333333333" lon="114.28842000000002"><ele>2.8</ele><time>2026-01-24T02:37:34Z</time></trkpt><trkpt lat="22.441308333333335" lon="114.28843333333334"><ele>2.5999999999999996</ele><time>2026-01-24T02:37:36Z</time></trkpt><trkpt lat="22.441325" lon="114.28845000000001"><ele>2.5999999999999996</ele><time>2026-01-24T02:37:38Z</time></trkpt><trkpt lat="22.44134166666667" lon="114.288465"><ele>2.5999999999999996</ele><time>2026-01-24T02:37:40Z</time></trkpt><trkpt lat="22.44135833333333" lon="114.28848"><ele>2.8</ele><time>2026-01-24T02:37:42Z</time></trkpt><trkpt lat="22.441378333333333" lon="114.28849833333334"><ele>2.8</ele><time>2026-01-24T02:37:44Z</time></trkpt><trkpt lat="22.441396666666666" lon="114.288515"><ele>3.2</ele><time>2026-01-24T02:37:46Z</time></trkpt><trkpt lat="22.44141666666667" lon="114.28853166666667"><ele>3.5</ele><time>2026-01-24T02:37:48Z</time></trkpt><trkpt lat="22.441441666666666" lon="114.28854500000001"><ele>4.0</ele><time>2026-01-24T02:37:50Z</time></trkpt><trkpt lat="22.441468333333333" lon="114.28855333333334"><ele>4.3</ele><time>2026-01-24T02:37:52Z</time></trkpt><trkpt lat="22.44149333333333" lon="114.28855666666665"><ele>4.1000000000000005</ele><time>2026-01-24T02:37:54Z</time></trkpt><trkpt lat="22.44152" lon="114.28855833333334"><ele>4.0</ele><time>2026-01-24T02:37:56Z</time></trkpt><trkpt lat="22.441541666666662" lon="114.28855999999999"><ele>4.0</ele><time>2026-01-24T02:37:58Z</time></trkpt><trkpt lat="22.44156666666667" lon="114.28855666666665"><ele>3.8</ele><time>2026-01-24T02:38:00Z</time></trkpt><trkpt lat="22.441589999999998" lon="114.28855666666665"><ele>3.7</ele><time>2026-01-24T02:38:02Z</time></trkpt><trkpt lat="22.441616666666665" lon="114.28855666666665"><ele>3.6000000000000005</ele><time>2026-01-24T02:38:04Z</time></trkpt><trkpt lat="22.441645" lon="114.28855833333334"><ele>3.8</ele><time>2026-01-24T02:38:06Z</time></trkpt><trkpt lat="22.441675" lon="114.288555"><ele>3.3</ele><time>2026-01-24T02:38:08Z</time></trkpt><trkpt lat="22.44170166666667" lon="114.28855"><ele>3.0</ele><time>2026-01-24T02:38:10Z</time></trkpt><trkpt lat="22.441736666666664" lon="114.288555"><ele>2.2</ele><time>2026-01-24T02:38:12Z</time></trkpt><trkpt lat="22.441765" lon="114.28855"><ele>1.8</ele><time>2026-01-24T02:38:14Z</time></trkpt><trkpt lat="22.44179166666667" lon="114.288555"><ele>1.5999999999999999</ele><time>2026-01-24T02:38:16Z</time></trkpt><trkpt lat="22.44182166666667" lon="114.28855833333334"><ele>1.7</ele><time>2026-01-24T02:38:18Z</time></trkpt><trkpt lat="22.441844999999997" lon="114.28856333333333"><ele>1.4000000000000001</ele><time>2026-01-24T02:38:20Z</time></trkpt><trkpt lat="22.441868333333332" lon="114.28856333333333"><ele>1.9999999999999998</ele><time>2026-01-24T02:38:22Z</time></trkpt><trkpt lat="22.441889999999997" lon="114.28856166666668"><ele>2.0999999999999996</ele><time>2026-01-24T02:38:24Z</time></trkpt><trkpt lat="22.44191" lon="114.28855833333334"><ele>1.9000000000000001</ele><time>2026-01-24T02:38:26Z</time></trkpt><trkpt lat="22.441933333333335" lon="114.288555"><ele>1.5999999999999999</ele><time>2026-01-24T02:38:28Z</time></trkpt><trkpt lat="22.44195666666667" lon="114.288555"><ele>1.8</ele><time>2026-01-24T02:38:30Z</time></trkpt><trkpt lat="22.441981666666667" lon="114.28854500000001"><ele>2.2</ele><time>2026-01-24T02:38:32Z</time></trkpt><trkpt lat="22.442005" lon="114.28853499999998"><ele>2.8</ele><time>2026-01-24T02:38:34Z</time></trkpt><trkpt lat="22.442026666666667" lon="114.28852333333334"><ele>3.5</ele><time>2026-01-24T02:38:36Z</time></trkpt><trkpt lat="22.442048333333332" lon="114.28850833333333"><ele>4.0</ele><time>2026-01-24T02:38:38Z</time></trkpt><trkpt lat="22.44207666666667" lon="114.288495"><ele>4.1000000000000005</ele><time>2026-01-24T02:38:40Z</time></trkpt><trkpt lat="22.442101666666666" lon="114.28848500000001"><ele>4.4</ele><time>2026-01-24T02:38:42Z</time></trkpt><trkpt lat="22.44212166666667" lon="114.28847833333333"><ele>4.9</ele><time>2026-01-24T02:38:44Z</time></trkpt><trkpt lat="22.442138333333332" lon="114.288465"><ele>5.2</ele><time>2026-01-24T02:38:46Z</time></trkpt><trkpt lat="22.44215166666667" lon="114.28844666666667"><ele>5.4</ele><time>2026-01-24T02:38:48Z</time></trkpt><trkpt lat="22.442165" lon="114.288425"><ele>5.5</ele><time>2026-01-24T02:38:50Z</time></trkpt><trkpt lat="22.442183333333332" lon="114.28840833333334"><ele>5.5</ele><time>2026-01-24T02:38:52Z</time></trkpt><trkpt lat="22.442200000000003" lon="114.28839166666667"><ele>5.0</ele><time>2026-01-24T02:38:54Z</time></trkpt><trkpt lat="22.442216666666663" lon="114.28837666666668"><ele>4.6000000000000005</ele><time>2026-01-24T02:38:56Z</time></trkpt><trkpt lat="22.44223833333333" lon="114.28835499999998"><ele>3.9000000000000004</ele><time>2026-01-24T02:39:06Z</time></trkpt><trkpt lat="22.44226" lon="114.28833666666667"><ele>4.6000000000000005</ele><time>2026-01-24T02:39:08Z</time></trkpt><trkpt lat="22.442275000000002" lon="114.28831999999998"><ele>5.2</ele><time>2026-01-24T02:39:10Z</time></trkpt><trkpt lat="22.442293333333335" lon="114.28830833333335"><ele>5.2</ele><time>2026-01-24T02:39:12Z</time></trkpt><trkpt lat="22.44231" lon="114.28829833333333"><ele>5.4</ele><time>2026-01-24T02:39:14Z</time></trkpt><trkpt lat="22.442335000000003" lon="114.28829166666668"><ele>5.4</ele><time>2026-01-24T02:39:16Z</time></trkpt><trkpt lat="22.44235666666667" lon="114.28828666666668"><ele>4.8</ele><time>2026-01-24T02:39:18Z</time></trkpt><trkpt lat="22.442380000000004" lon="114.28828166666666"><ele>3.9000000000000004</ele><time>2026-01-24T02:39:20Z</time></trkpt><trkpt lat="22.44240333333333" lon="114.28827666666666"><ele>3.8</ele><time>2026-01-24T02:39:22Z</time></trkpt><trkpt lat="22.442428333333336" lon="114.28827000000001"><ele>3.3</ele><time>2026-01-24T02:39:24Z</time></trkpt><trkpt lat="22.442451666666663" lon="114.28826666666667"><ele>3.2</ele><time>2026-01-24T02:39:26Z</time></trkpt><trkpt lat="22.442470000000004" lon="114.28826833333332"><ele>3.0999999999999996</ele><time>2026-01-24T02:39:28Z</time></trkpt><trkpt lat="22.44249" lon="114.28827333333332"><ele>3.0</ele><time>2026-01-24T02:39:30Z</time></trkpt><trkpt lat="22.44250833333333" lon="114.28828166666666"><ele>2.7</ele><time>2026-01-24T02:39:32Z</time></trkpt><trkpt lat="22.442528333333332" lon="114.28829499999999"><ele>2.8</ele><time>2026-01-24T02:39:34Z</time></trkpt><trkpt lat="22.442533333333337" lon="114.28831833333334"><ele>2.5</ele><time>2026-01-24T02:39:36Z</time></trkpt><trkpt lat="22.442541666666664" lon="114.28834499999999"><ele>2.0999999999999996</ele><time>2026-01-24T02:39:38Z</time></trkpt><trkpt lat="22.44255333333333" lon="114.28836833333335"><ele>1.5999999999999999</ele><time>2026-01-24T02:39:40Z</time></trkpt><trkpt lat="22.442563333333336" lon="114.28839166666667"><ele>1.3</ele><time>2026-01-24T02:39:42Z</time></trkpt><trkpt lat="22.442573333333332" lon="114.28841499999999"><ele>1.7</ele><time>2026-01-24T02:39:44Z</time></trkpt><trkpt lat="22.442585" lon="114.28843833333333"><ele>1.9999999999999998</ele><time>2026-01-24T02:39:46Z</time></trkpt><trkpt lat="22.442593333333335" lon="114.288465"><ele>2.3</ele><time>2026-01-24T02:39:48Z</time></trkpt><trkpt lat="22.442601666666665" lon="114.28848833333335"><ele>1.9999999999999998</ele><time>2026-01-24T02:39:50Z</time></trkpt><trkpt lat="22.442611666666668" lon="114.28851166666666"><ele>1.8</ele><time>2026-01-24T02:39:52Z</time></trkpt><trkpt lat="22.442618333333332" lon="114.28853833333332"><ele>2.0999999999999996</ele><time>2026-01-24T02:39:54Z</time></trkpt><trkpt lat="22.44262666666667" lon="114.28855999999999"><ele>2.4000000000000004</ele><time>2026-01-24T02:39:56Z</time></trkpt><trkpt lat="22.442635000000003" lon="114.28858333333334"><ele>2.0999999999999996</ele><time>2026-01-24T02:39:58Z</time></trkpt><trkpt lat="22.442645000000002" lon="114.288605"><ele>1.8</ele><time>2026-01-24T02:40:00Z</time></trkpt><trkpt lat="22.442655" lon="114.28862833333332"><ele>1.7</ele><time>2026-01-24T02:40:02Z</time></trkpt><trkpt lat="22.442661666666663" lon="114.28865166666668"><ele>1.9000000000000001</ele><time>2026-01-24T02:40:04Z</time></trkpt><trkpt lat="22.44267166666667" lon="114.28867"><ele>2.0999999999999996</ele><time>2026-01-24T02:40:06Z</time></trkpt><trkpt lat="22.442681666666665" lon="114.28869166666667"><ele>2.2</ele><time>2026-01-24T02:40:08Z</time></trkpt><trkpt lat="22.442693333333334" lon="114.28871666666667"><ele>2.2</ele><time>2026-01-24T02:40:11Z</time></trkpt><trkpt lat="22.442706666666663" lon="114.28873166666666"><ele>2.3</ele><time>2026-01-24T02:40:13Z</time></trkpt><trkpt lat="22.442726666666665" lon="114.28873666666665"><ele>3.0</ele><time>2026-01-24T02:40:17Z</time></trkpt><trkpt lat="22.442736666666665" lon="114.28871666666667"><ele>3.8</ele><time>2026-01-24T02:40:20Z</time></trkpt><trkpt lat="22.44275" lon="114.2887"><ele>4.3</ele><time>2026-01-24T02:40:23Z</time></trkpt><trkpt lat="22.442751666666663" lon="114.28867999999999"><ele>4.9</ele><time>2026-01-24T02:40:26Z</time></trkpt><trkpt lat="22.442736666666665" lon="114.28869166666667"><ele>5.1000000000000005</ele><time>2026-01-24T02:40:34Z</time></trkpt><trkpt lat="22.44272" lon="114.28870833333333"><ele>5.0</ele><time>2026-01-24T02:40:38Z</time></trkpt><trkpt lat="22.44271833333333" lon="114.28872833333335"><ele>4.8</ele><time>2026-01-24T02:40:40Z</time></trkpt><trkpt lat="22.442725000000003" lon="114.28875166666667"><ele>4.1000000000000005</ele><time>2026-01-24T02:40:42Z</time></trkpt><trkpt lat="22.442740000000004" lon="114.28876833333334"><ele>3.7</ele><time>2026-01-24T02:40:45Z</time></trkpt><trkpt lat="22.44276" lon="114.28878666666667"><ele>2.9000000000000004</ele><time>2026-01-24T02:40:48Z</time></trkpt><trkpt lat="22.442781666666665" lon="114.28878833333334"><ele>2.8</ele><time>2026-01-24T02:40:51Z</time></trkpt><trkpt lat="22.44276166666667" lon="114.288825"><ele>4.7</ele><time>2026-01-24T02:41:15Z</time></trkpt><trkpt lat="22.442766666666664" lon="114.28884666666666"><ele>4.7</ele><time>2026-01-24T02:41:17Z</time></trkpt><trkpt lat="22.442774999999997" lon="114.28887000000002"><ele>4.6000000000000005</ele><time>2026-01-24T02:41:19Z</time></trkpt><trkpt lat="22.442786666666667" lon="114.28889499999998"><ele>4.6000000000000005</ele><time>2026-01-24T02:41:22Z</time></trkpt><trkpt lat="22.442798333333332" lon="114.288915"><ele>4.8</ele><time>2026-01-24T02:41:24Z</time></trkpt><trkpt lat="22.44280666666667" lon="114.28893666666666"><ele>5.0</ele><time>2026-01-24T02:41:26Z</time></trkpt><trkpt lat="22.442818333333335" lon="114.28895666666668"><ele>5.1000000000000005</ele><time>2026-01-24T02:41:28Z</time></trkpt><trkpt lat="22.44283666666667" lon="114.28897666666666"><ele>5.1000000000000005</ele><time>2026-01-24T02:41:31Z</time></trkpt><trkpt lat="22.44285166666667" lon="114.28899166666666"><ele>4.8</ele><time>2026-01-24T02:41:34Z</time></trkpt><trkpt lat="22.442864999999998" lon="114.28900833333334"><ele>4.8</ele><time>2026-01-24T02:41:40Z</time></trkpt><trkpt lat="22.44288" lon="114.28902166666667"><ele>4.8</ele><time>2026-01-24T02:41:42Z</time></trkpt><trkpt lat="22.44289666666667" lon="114.289035"><ele>4.9</ele><time>2026-01-24T02:41:44Z</time></trkpt><trkpt lat="22.442906666666666" lon="114.28905166666667"><ele>4.9</ele><time>2026-01-24T02:41:46Z</time></trkpt><trkpt lat="22.442920000000004" lon="114.28907666666667"><ele>5.2</ele><time>2026-01-24T02:41:49Z</time></trkpt><trkpt lat="22.442938333333338" lon="114.28909666666665"><ele>5.7</ele><time>2026-01-24T02:41:52Z</time></trkpt><trkpt lat="22.442943333333332" lon="114.28912166666666"><ele>5.8</ele><time>2026-01-24T02:41:54Z</time></trkpt><trkpt lat="22.442956666666667" lon="114.28915"><ele>6.5</ele><time>2026-01-24T02:41:56Z</time></trkpt><trkpt lat="22.44297166666667" lon="114.28916833333332"><ele>6.8</ele><time>2026-01-24T02:41:58Z</time></trkpt><trkpt lat="22.442983333333338" lon="114.28918833333334"><ele>7.0</ele><time>2026-01-24T02:42:00Z</time></trkpt><trkpt lat="22.442991666666664" lon="114.28920666666666"><ele>7.3999999999999995</ele><time>2026-01-24T02:42:02Z</time></trkpt><trkpt lat="22.442999999999998" lon="114.28922499999999"><ele>7.500000000000001</ele><time>2026-01-24T02:42:04Z</time></trkpt><trkpt lat="22.44301666666667" lon="114.289245"><ele>7.8</ele><time>2026-01-24T02:42:07Z</time></trkpt><trkpt lat="22.443028333333338" lon="114.28926666666666"><ele>7.7</ele><time>2026-01-24T02:42:10Z</time></trkpt><trkpt lat="22.443043333333335" lon="114.28928166666668"><ele>8.399999999999999</ele><time>2026-01-24T02:42:13Z</time></trkpt><trkpt lat="22.443051666666666" lon="114.289305"><ele>8.7</ele><time>2026-01-24T02:42:16Z</time></trkpt><trkpt lat="22.443058333333337" lon="114.28933166666665"><ele>8.7</ele><time>2026-01-24T02:42:19Z</time></trkpt><trkpt lat="22.44306333333333" lon="114.28935500000001"><ele>9.1</ele><time>2026-01-24T02:42:22Z</time></trkpt><trkpt lat="22.443075" lon="114.28937833333333"><ele>9.5</ele><time>2026-01-24T02:42:26Z</time></trkpt><trkpt lat="22.443078333333332" lon="114.28940333333334"><ele>10.2</ele><time>2026-01-24T02:42:29Z</time></trkpt><trkpt lat="22.443083333333334" lon="114.28943166666667"><ele>10.6</ele><time>2026-01-24T02:42:32Z</time></trkpt><trkpt lat="22.443086666666666" lon="114.28945333333334"><ele>10.899999999999999</ele><time>2026-01-24T02:42:34Z</time></trkpt><trkpt lat="22.44309333333333" lon="114.28947666666666"><ele>11.0</ele><time>2026-01-24T02:42:36Z</time></trkpt><trkpt lat="22.443103333333337" lon="114.28949333333334"><ele>11.1</ele><time>2026-01-24T02:42:38Z</time></trkpt><trkpt lat="22.44310833333333" lon="114.28951666666666"><ele>11.2</ele><time>2026-01-24T02:42:41Z</time></trkpt><trkpt lat="22.443118333333338" lon="114.28954333333334"><ele>11.2</ele><time>2026-01-24T02:42:44Z</time></trkpt><trkpt lat="22.443126666666664" lon="114.28956166666667"><ele>11.299999999999999</ele><time>2026-01-24T02:42:46Z</time></trkpt><trkpt lat="22.443136666666668" lon="114.28957999999999"><ele>12.0</ele><time>2026-01-24T02:42:48Z</time></trkpt><trkpt lat="22.443156666666663" lon="114.28959333333333"><ele>13.7</ele><time>2026-01-24T02:42:53Z</time></trkpt><trkpt lat="22.443174999999997" lon="114.28960166666666"><ele>13.5</ele><time>2026-01-24T02:42:55Z</time></trkpt><trkpt lat="22.44319666666667" lon="114.28960833333333"><ele>13.6</ele><time>2026-01-24T02:42:58Z</time></trkpt><trkpt lat="22.443215000000002" lon="114.28961666666667"><ele>13.7</ele><time>2026-01-24T02:43:01Z</time></trkpt><trkpt lat="22.443231666666666" lon="114.28960666666666"><ele>14.0</ele><time>2026-01-24T02:43:06Z</time></trkpt><trkpt lat="22.44321166666667" lon="114.28959666666667"><ele>15.899999999999999</ele><time>2026-01-24T02:44:17Z</time></trkpt><trkpt lat="22.443189999999998" lon="114.28961"><ele>16.2</ele><time>2026-01-24T02:44:19Z</time></trkpt><trkpt lat="22.443163333333338" lon="114.28961499999998"><ele>16.099999999999998</ele><time>2026-01-24T02:44:21Z</time></trkpt><trkpt lat="22.443143333333335" lon="114.28962333333332"><ele>16.0</ele><time>2026-01-24T02:44:23Z</time></trkpt><trkpt lat="22.44311" lon="114.28961499999998"><ele>16.7</ele><time>2026-01-24T02:44:25Z</time></trkpt><trkpt lat="22.44309333333333" lon="114.28959333333333"><ele>17.7</ele><time>2026-01-24T02:44:27Z</time></trkpt><trkpt lat="22.44307666666667" lon="114.28956833333335"><ele>18.5</ele><time>2026-01-24T02:44:29Z</time></trkpt><trkpt lat="22.443075" lon="114.289545"><ele>18.7</ele><time>2026-01-24T02:44:31Z</time></trkpt><trkpt lat="22.443071666666665" lon="114.28952499999998"><ele>18.3</ele><time>2026-01-24T02:44:33Z</time></trkpt><trkpt lat="22.443065" lon="114.28949833333333"><ele>17.9</ele><time>2026-01-24T02:44:36Z</time></trkpt><trkpt lat="22.44306166666667" lon="114.28947500000001"><ele>17.599999999999998</ele><time>2026-01-24T02:44:38Z</time></trkpt><trkpt lat="22.44306" lon="114.28944833333335"><ele>17.099999999999998</ele><time>2026-01-24T02:44:40Z</time></trkpt><trkpt lat="22.443058333333337" lon="114.289425"><ele>16.7</ele><time>2026-01-24T02:44:42Z</time></trkpt><trkpt lat="22.443065" lon="114.28939999999999"><ele>16.099999999999998</ele><time>2026-01-24T02:44:44Z</time></trkpt><trkpt lat="22.443078333333332" lon="114.28938166666667"><ele>15.5</ele><time>2026-01-24T02:44:46Z</time></trkpt><trkpt lat="22.443089999999998" lon="114.28936"><ele>14.799999999999999</ele><time>2026-01-24T02:44:48Z</time></trkpt><trkpt lat="22.443103333333337" lon="114.28933666666666"><ele>14.1</ele><time>2026-01-24T02:44:50Z</time></trkpt><trkpt lat="22.44312" lon="114.28932000000002"><ele>13.799999999999999</ele><time>2026-01-24T02:44:52Z</time></trkpt><trkpt lat="22.443134999999998" lon="114.28930166666666"><ele>13.5</ele><time>2026-01-24T02:44:54Z</time></trkpt><trkpt lat="22.443148333333337" lon="114.28928166666668"><ele>13.299999999999999</ele><time>2026-01-24T02:44:56Z</time></trkpt><trkpt lat="22.44316666666667" lon="114.28927333333334"><ele>13.799999999999999</ele><time>2026-01-24T02:45:02Z</time></trkpt><trkpt lat="22.443185000000003" lon="114.28925499999998"><ele>13.7</ele><time>2026-01-24T02:45:12Z</time></trkpt><trkpt lat="22.443208333333338" lon="114.28924833333333"><ele>13.299999999999999</ele><time>2026-01-24T02:45:14Z</time></trkpt><trkpt lat="22.443230000000003" lon="114.28924666666666"><ele>13.2</ele><time>2026-01-24T02:45:16Z</time></trkpt><trkpt lat="22.443255" lon="114.28923666666667"><ele>12.799999999999999</ele><time>2026-01-24T02:45:19Z</time></trkpt><trkpt lat="22.44327333333333" lon="114.28922833333333"><ele>12.5</ele><time>2026-01-24T02:45:21Z</time></trkpt><trkpt lat="22.44329833333334" lon="114.28921833333334"><ele>12.2</ele><time>2026-01-24T02:45:24Z</time></trkpt><trkpt lat="22.44331833333333" lon="114.289215"><ele>12.1</ele><time>2026-01-24T02:45:26Z</time></trkpt><trkpt lat="22.443336666666664" lon="114.28920833333335"><ele>12.1</ele><time>2026-01-24T02:45:28Z</time></trkpt><trkpt lat="22.44336" lon="114.28920000000001"><ele>11.7</ele><time>2026-01-24T02:45:31Z</time></trkpt><trkpt lat="22.44338" lon="114.28919333333333"><ele>11.299999999999999</ele><time>2026-01-24T02:45:33Z</time></trkpt><trkpt lat="22.443401666666666" lon="114.28918999999999"><ele>10.799999999999999</ele><time>2026-01-24T02:45:35Z</time></trkpt><trkpt lat="22.44342166666667" lon="114.28918166666666"><ele>10.6</ele><time>2026-01-24T02:45:37Z</time></trkpt><trkpt lat="22.443440000000002" lon="114.28918"><ele>11.299999999999999</ele><time>2026-01-24T02:45:48Z</time></trkpt><trkpt lat="22.44346666666667" lon="114.28917666666666"><ele>11.399999999999999</ele><time>2026-01-24T02:45:51Z</time></trkpt><trkpt lat="22.443486666666665" lon="114.28917333333332"><ele>11.5</ele><time>2026-01-24T02:45:53Z</time></trkpt><trkpt lat="22.44351166666667" lon="114.28916333333333"><ele>11.6</ele><time>2026-01-24T02:45:56Z</time></trkpt><trkpt lat="22.443531666666665" lon="114.289155"><ele>11.6</ele><time>2026-01-24T02:45:58Z</time></trkpt><trkpt lat="22.443548333333336" lon="114.28914666666667"><ele>11.1</ele><time>2026-01-24T02:46:00Z</time></trkpt><trkpt lat="22.443564999999996" lon="114.28913833333333"><ele>10.5</ele><time>2026-01-24T02:46:02Z</time></trkpt><trkpt lat="22.443585" lon="114.28913166666668"><ele>10.7</ele><time>2026-01-24T02:46:05Z</time></trkpt><trkpt lat="22.44359833333333" lon="114.28914833333334"><ele>12.799999999999999</ele><time>2026-01-24T02:46:17Z</time></trkpt><trkpt lat="22.443606666666664" lon="114.28916666666667"><ele>13.2</ele><time>2026-01-24T02:46:20Z</time></trkpt><trkpt lat="22.443595" lon="114.28918166666666"><ele>13.5</ele><time>2026-01-24T02:46:22Z</time></trkpt><trkpt lat="22.443579999999997" lon="114.28919833333333"><ele>13.6</ele><time>2026-01-24T02:46:25Z</time></trkpt><trkpt lat="22.443561666666664" lon="114.28920666666666"><ele>13.399999999999999</ele><time>2026-01-24T02:46:32Z</time></trkpt><trkpt lat="22.443546666666666" lon="114.28922666666668"><ele>15.399999999999999</ele><time>2026-01-24T02:46:48Z</time></trkpt><trkpt lat="22.443533333333335" lon="114.28924666666666"><ele>15.399999999999999</ele><time>2026-01-24T02:46:50Z</time></trkpt><trkpt lat="22.443519999999996" lon="114.28926833333335"><ele>15.0</ele><time>2026-01-24T02:46:52Z</time></trkpt><trkpt lat="22.443506666666668" lon="114.28928333333333"><ele>13.7</ele><time>2026-01-24T02:46:56Z</time></trkpt><trkpt lat="22.44350833333333" lon="114.28930666666665"><ele>12.899999999999999</ele><time>2026-01-24T02:47:02Z</time></trkpt><trkpt lat="22.443495" lon="114.28932666666667"><ele>12.6</ele><time>2026-01-24T02:47:05Z</time></trkpt><trkpt lat="22.443483333333333" lon="114.28934666666667"><ele>12.799999999999999</ele><time>2026-01-24T02:47:08Z</time></trkpt><trkpt lat="22.443476666666665" lon="114.289365"><ele>12.799999999999999</ele><time>2026-01-24T02:47:11Z</time></trkpt><trkpt lat="22.443476666666665" lon="114.28938666666666"><ele>12.899999999999999</ele><time>2026-01-24T02:47:15Z</time></trkpt><trkpt lat="22.44346666666667" lon="114.28941166666667"><ele>12.899999999999999</ele><time>2026-01-24T02:47:27Z</time></trkpt><trkpt lat="22.443465" lon="114.28943666666667"><ele>13.1</ele><time>2026-01-24T02:47:30Z</time></trkpt><trkpt lat="22.443458333333336" lon="114.289455"><ele>13.6</ele><time>2026-01-24T02:47:33Z</time></trkpt><trkpt lat="22.443474999999996" lon="114.28951166666666"><ele>14.799999999999999</ele><time>2026-01-24T02:47:54Z</time></trkpt><trkpt lat="22.443491666666667" lon="114.28953166666666"><ele>14.799999999999999</ele><time>2026-01-24T02:47:57Z</time></trkpt><trkpt lat="22.443503333333336" lon="114.28955166666668"><ele>14.7</ele><time>2026-01-24T02:48:00Z</time></trkpt><trkpt lat="22.443515" lon="114.28957166666666"><ele>14.399999999999999</ele><time>2026-01-24T02:48:04Z</time></trkpt><trkpt lat="22.443528333333333" lon="114.28959000000002"><ele>14.1</ele><time>2026-01-24T02:48:09Z</time></trkpt><trkpt lat="22.44350833333333" lon="114.28957833333334"><ele>15.2</ele><time>2026-01-24T02:48:43Z</time></trkpt><trkpt lat="22.443495" lon="114.28956000000001"><ele>15.3</ele><time>2026-01-24T02:48:45Z</time></trkpt><trkpt lat="22.443476666666665" lon="114.289545"><ele>15.899999999999999</ele><time>2026-01-24T02:48:47Z</time></trkpt><trkpt lat="22.443458333333336" lon="114.28953333333332"><ele>15.599999999999998</ele><time>2026-01-24T02:48:48Z</time></trkpt><trkpt lat="22.443440000000002" lon="114.28951833333333"><ele>16.2</ele><time>2026-01-24T02:48:50Z</time></trkpt><trkpt lat="22.443443333333335" lon="114.28949833333333"><ele>16.9</ele><time>2026-01-24T02:48:53Z</time></trkpt><trkpt lat="22.44345" lon="114.28946666666667"><ele>17.7</ele><time>2026-01-24T02:49:05Z</time></trkpt><trkpt lat="22.443441666666665" lon="114.28944833333335"><ele>18.0</ele><time>2026-01-24T02:49:08Z</time></trkpt><trkpt lat="22.443451666666668" lon="114.289425"><ele>18.3</ele><time>2026-01-24T02:49:13Z</time></trkpt><trkpt lat="22.443456666666666" lon="114.28940499999999"><ele>18.3</ele><time>2026-01-24T02:49:15Z</time></trkpt><trkpt lat="22.443461666666668" lon="114.28938000000001"><ele>17.9</ele><time>2026-01-24T02:49:18Z</time></trkpt><trkpt lat="22.44346666666667" lon="114.28935166666666"><ele>17.7</ele><time>2026-01-24T02:49:21Z</time></trkpt><trkpt lat="22.443468333333332" lon="114.28932666666667"><ele>17.2</ele><time>2026-01-24T02:49:23Z</time></trkpt><trkpt lat="22.44347" lon="114.28930166666666"><ele>16.4</ele><time>2026-01-24T02:49:25Z</time></trkpt><trkpt lat="22.44347833333334" lon="114.28927666666665"><ele>15.1</ele><time>2026-01-24T02:49:27Z</time></trkpt><trkpt lat="22.443486666666665" lon="114.28925333333333"><ele>13.899999999999999</ele><time>2026-01-24T02:49:29Z</time></trkpt><trkpt lat="22.443501666666666" lon="114.289235"><ele>12.799999999999999</ele><time>2026-01-24T02:49:31Z</time></trkpt><trkpt lat="22.443519999999996" lon="114.28921833333334"><ele>12.0</ele><time>2026-01-24T02:49:33Z</time></trkpt><trkpt lat="22.44354" lon="114.28920500000001"><ele>11.299999999999999</ele><time>2026-01-24T02:49:35Z</time></trkpt><trkpt lat="22.44356" lon="114.28919833333333"><ele>11.0</ele><time>2026-01-24T02:49:37Z</time></trkpt><trkpt lat="22.443578333333335" lon="114.28919166666668"><ele>10.799999999999999</ele><time>2026-01-24T02:49:39Z</time></trkpt><trkpt lat="22.443595" lon="114.28918333333334"><ele>10.799999999999999</ele><time>2026-01-24T02:49:41Z</time></trkpt><trkpt lat="22.443611666666666" lon="114.28917166666666"><ele>10.899999999999999</ele><time>2026-01-24T02:49:43Z</time></trkpt><trkpt lat="22.44363" lon="114.28916"><ele>10.899999999999999</ele><time>2026-01-24T02:49:45Z</time></trkpt><trkpt lat="22.44364666666667" lon="114.28914833333334"><ele>11.299999999999999</ele><time>2026-01-24T02:49:47Z</time></trkpt><trkpt lat="22.443653333333334" lon="114.28912999999999"><ele>11.7</ele><time>2026-01-24T02:49:50Z</time></trkpt><trkpt lat="22.44364666666667" lon="114.28910666666667"><ele>12.2</ele><time>2026-01-24T02:49:52Z</time></trkpt><trkpt lat="22.44364" lon="114.28908166666666"><ele>12.5</ele><time>2026-01-24T02:49:54Z</time></trkpt><trkpt lat="22.44364333333333" lon="114.28905333333333"><ele>12.799999999999999</ele><time>2026-01-24T02:49:56Z</time></trkpt><trkpt lat="22.44364666666667" lon="114.28902333333332"><ele>13.0</ele><time>2026-01-24T02:49:58Z</time></trkpt><trkpt lat="22.443635000000004" lon="114.28900166666666"><ele>13.1</ele><time>2026-01-24T02:50:00Z</time></trkpt><trkpt lat="22.443626666666667" lon="114.288975"><ele>13.6</ele><time>2026-01-24T02:50:02Z</time></trkpt><trkpt lat="22.443623333333335" lon="114.28894833333334"><ele>13.799999999999999</ele><time>2026-01-24T02:50:04Z</time></trkpt><trkpt lat="22.443618333333333" lon="114.28892499999999"><ele>14.0</ele><time>2026-01-24T02:50:06Z</time></trkpt><trkpt lat="22.443609999999996" lon="114.28890000000001"><ele>14.299999999999999</ele><time>2026-01-24T02:50:08Z</time></trkpt><trkpt lat="22.443591666666666" lon="114.288875"><ele>14.5</ele><time>2026-01-24T02:50:10Z</time></trkpt><trkpt lat="22.443578333333335" lon="114.28885"><ele>14.6</ele><time>2026-01-24T02:50:12Z</time></trkpt><trkpt lat="22.443563333333334" lon="114.28882833333334"><ele>14.899999999999999</ele><time>2026-01-24T02:50:14Z</time></trkpt><trkpt lat="22.44355" lon="114.28880833333332"><ele>14.899999999999999</ele><time>2026-01-24T02:50:16Z</time></trkpt><trkpt lat="22.44354" lon="114.28878166666667"><ele>14.899999999999999</ele><time>2026-01-24T02:50:18Z</time></trkpt><trkpt lat="22.443528333333333" lon="114.28875666666666"><ele>14.899999999999999</ele><time>2026-01-24T02:50:20Z</time></trkpt><trkpt lat="22.443518333333333" lon="114.28873333333334"><ele>14.799999999999999</ele><time>2026-01-24T02:50:22Z</time></trkpt><trkpt lat="22.443503333333336" lon="114.28871166666667"><ele>14.799999999999999</ele><time>2026-01-24T02:50:24Z</time></trkpt><trkpt lat="22.44349333333333" lon="114.28869333333333"><ele>14.299999999999999</ele><time>2026-01-24T02:50:26Z</time></trkpt><trkpt lat="22.443483333333333" lon="114.28867666666665"><ele>14.1</ele><time>2026-01-24T02:50:28Z</time></trkpt><trkpt lat="22.443468333333332" lon="114.28866500000001"><ele>13.6</ele><time>2026-01-24T02:50:30Z</time></trkpt><trkpt lat="22.443448333333336" lon="114.28866000000001"><ele>13.2</ele><time>2026-01-24T02:50:32Z</time></trkpt><trkpt lat="22.443426666666664" lon="114.28864999999999"><ele>13.0</ele><time>2026-01-24T02:50:34Z</time></trkpt><trkpt lat="22.443410000000004" lon="114.28864166666666"><ele>12.6</ele><time>2026-01-24T02:50:37Z</time></trkpt><trkpt lat="22.44339" lon="114.28862833333332"><ele>11.2</ele><time>2026-01-24T02:50:53Z</time></trkpt><trkpt lat="22.44337666666667" lon="114.28858833333334"><ele>9.1</ele><time>2026-01-24T02:51:02Z</time></trkpt><trkpt lat="22.44337666666667" lon="114.28856666666667"><ele>8.5</ele><time>2026-01-24T02:51:05Z</time></trkpt><trkpt lat="22.443381666666664" lon="114.28854666666666"><ele>7.6000000000000005</ele><time>2026-01-24T02:51:07Z</time></trkpt><trkpt lat="22.443384999999996" lon="114.28852333333334"><ele>6.9</ele><time>2026-01-24T02:51:09Z</time></trkpt><trkpt lat="22.443398333333334" lon="114.288495"><ele>6.6000000000000005</ele><time>2026-01-24T02:51:11Z</time></trkpt><trkpt lat="22.443411666666666" lon="114.28847333333333"><ele>6.5</ele><time>2026-01-24T02:51:13Z</time></trkpt><trkpt lat="22.44342" lon="114.28844666666667"><ele>6.6000000000000005</ele><time>2026-01-24T02:51:15Z</time></trkpt><trkpt lat="22.443425" lon="114.28841666666668"><ele>7.1000000000000005</ele><time>2026-01-24T02:51:17Z</time></trkpt><trkpt lat="22.44343333333334" lon="114.28839666666666"><ele>7.2</ele><time>2026-01-24T02:51:19Z</time></trkpt><trkpt lat="22.443441666666665" lon="114.28837"><ele>6.9</ele><time>2026-01-24T02:51:21Z</time></trkpt><trkpt lat="22.44345333333333" lon="114.28834833333333"><ele>6.5</ele><time>2026-01-24T02:51:23Z</time></trkpt><trkpt lat="22.443455000000004" lon="114.28832666666668"><ele>6.4</ele><time>2026-01-24T02:51:25Z</time></trkpt><trkpt lat="22.443444999999997" lon="114.28829833333333"><ele>6.6000000000000005</ele><time>2026-01-24T02:51:27Z</time></trkpt><trkpt lat="22.443440000000002" lon="114.28827000000001"><ele>6.8</ele><time>2026-01-24T02:51:29Z</time></trkpt><trkpt lat="22.443429999999996" lon="114.28824166666666"><ele>7.2</ele><time>2026-01-24T02:51:31Z</time></trkpt><trkpt lat="22.443418333333337" lon="114.28822"><ele>7.3999999999999995</ele><time>2026-01-24T02:51:33Z</time></trkpt><trkpt lat="22.443405" lon="114.28819999999999"><ele>7.3</ele><time>2026-01-24T02:51:35Z</time></trkpt><trkpt lat="22.44339" lon="114.28818833333335"><ele>6.9</ele><time>2026-01-24T02:51:37Z</time></trkpt><trkpt lat="22.443371666666668" lon="114.28818333333332"><ele>6.6000000000000005</ele><time>2026-01-24T02:51:39Z</time></trkpt><trkpt lat="22.443361666666668" lon="114.28816"><ele>6.5</ele><time>2026-01-24T02:51:43Z</time></trkpt><trkpt lat="22.44336333333333" lon="114.28813833333334"><ele>6.0</ele><time>2026-01-24T02:51:45Z</time></trkpt><trkpt lat="22.443361666666668" lon="114.28811666666667"><ele>5.4</ele><time>2026-01-24T02:51:47Z</time></trkpt><trkpt lat="22.443366666666666" lon="114.28809500000001"><ele>4.7</ele><time>2026-01-24T02:51:50Z</time></trkpt><trkpt lat="22.44338" lon="114.28807833333333"><ele>4.4</ele><time>2026-01-24T02:51:52Z</time></trkpt><trkpt lat="22.443396666666665" lon="114.28806833333334"><ele>4.0</ele><time>2026-01-24T02:51:54Z</time></trkpt><trkpt lat="22.443414999999998" lon="114.28805333333334"><ele>3.6000000000000005</ele><time>2026-01-24T02:51:57Z</time></trkpt><trkpt lat="22.44342333333333" lon="114.28803333333332"><ele>3.0</ele><time>2026-01-24T02:52:06Z</time></trkpt><trkpt lat="22.443426666666664" lon="114.28800666666666"><ele>3.0</ele><time>2026-01-24T02:52:10Z</time></trkpt><trkpt lat="22.44343666666667" lon="114.28799"><ele>3.0</ele><time>2026-01-24T02:52:12Z</time></trkpt><trkpt lat="22.443451666666668" lon="114.28797333333333"><ele>3.3</ele><time>2026-01-24T02:52:17Z</time></trkpt><trkpt lat="22.443471666666664" lon="114.28797000000002"><ele>3.7</ele><time>2026-01-24T02:52:22Z</time></trkpt><trkpt lat="22.443476666666665" lon="114.28793666666667"><ele>4.7</ele><time>2026-01-24T02:52:37Z</time></trkpt><trkpt lat="22.443473333333333" lon="114.28791500000001"><ele>5.0</ele><time>2026-01-24T02:52:40Z</time></trkpt><trkpt lat="22.443488333333335" lon="114.28789833333333"><ele>5.1000000000000005</ele><time>2026-01-24T02:52:43Z</time></trkpt><trkpt lat="22.443489999999997" lon="114.28787833333332"><ele>5.7</ele><time>2026-01-24T02:52:47Z</time></trkpt><trkpt lat="22.44351" lon="114.28783"><ele>6.9</ele><time>2026-01-24T02:53:12Z</time></trkpt><trkpt lat="22.443489999999997" lon="114.28782500000001"><ele>9.1</ele><time>2026-01-24T02:53:26Z</time></trkpt><trkpt lat="22.44351" lon="114.28781166666667"><ele>9.1</ele><time>2026-01-24T02:53:29Z</time></trkpt><trkpt lat="22.443533333333335" lon="114.2878"><ele>8.6</ele><time>2026-01-24T02:53:32Z</time></trkpt><trkpt lat="22.44355333333333" lon="114.2878"><ele>8.399999999999999</ele><time>2026-01-24T02:53:35Z</time></trkpt><trkpt lat="22.443534999999997" lon="114.28778499999999"><ele>8.799999999999999</ele><time>2026-01-24T02:53:44Z</time></trkpt><trkpt lat="22.443533333333335" lon="114.28775666666667"><ele>8.7</ele><time>2026-01-24T02:53:50Z</time></trkpt><trkpt lat="22.443533333333335" lon="114.28773500000001"><ele>8.399999999999999</ele><time>2026-01-24T02:53:53Z</time></trkpt><trkpt lat="22.443534999999997" lon="114.28771499999999"><ele>8.0</ele><time>2026-01-24T02:53:56Z</time></trkpt><trkpt lat="22.44353833333333" lon="114.28769499999999"><ele>7.8</ele><time>2026-01-24T02:54:02Z</time></trkpt><trkpt lat="22.443561666666664" lon="114.28769499999999"><ele>8.399999999999999</ele><time>2026-01-24T02:54:19Z</time></trkpt><trkpt lat="22.44355" lon="114.287655"><ele>5.6000000000000005</ele><time>2026-01-24T02:54:40Z</time></trkpt><trkpt lat="22.44355" lon="114.28763499999998"><ele>5.8</ele><time>2026-01-24T02:54:43Z</time></trkpt><trkpt lat="22.443563333333334" lon="114.28762166666665"><ele>6.0</ele><time>2026-01-24T02:54:46Z</time></trkpt><trkpt lat="22.443575000000003" lon="114.28760499999999"><ele>6.9</ele><time>2026-01-24T02:55:40Z</time></trkpt><trkpt lat="22.44354166666667" lon="114.28756666666668"><ele>9.799999999999999</ele><time>2026-01-24T02:55:52Z</time></trkpt><trkpt lat="22.443530000000003" lon="114.28754833333332"><ele>11.0</ele><time>2026-01-24T02:55:55Z</time></trkpt><trkpt lat="22.443536666666667" lon="114.287585"><ele>11.399999999999999</ele><time>2026-01-24T02:56:00Z</time></trkpt><trkpt lat="22.44353833333333" lon="114.28761166666666"><ele>11.299999999999999</ele><time>2026-01-24T02:56:02Z</time></trkpt><trkpt lat="22.44354" lon="114.28763166666667"><ele>11.0</ele><time>2026-01-24T02:56:04Z</time></trkpt><trkpt lat="22.443536666666667" lon="114.28765333333334"><ele>11.0</ele><time>2026-01-24T02:56:06Z</time></trkpt><trkpt lat="22.443533333333335" lon="114.28767833333335"><ele>10.899999999999999</ele><time>2026-01-24T02:56:08Z</time></trkpt><trkpt lat="22.443528333333333" lon="114.28769833333332"><ele>10.799999999999999</ele><time>2026-01-24T02:56:10Z</time></trkpt><trkpt lat="22.443521666666665" lon="114.28772166666667"><ele>10.799999999999999</ele><time>2026-01-24T02:56:12Z</time></trkpt><trkpt lat="22.44351" lon="114.28774666666668"><ele>10.799999999999999</ele><time>2026-01-24T02:56:14Z</time></trkpt><trkpt lat="22.443506666666668" lon="114.28777166666666"><ele>10.799999999999999</ele><time>2026-01-24T02:56:16Z</time></trkpt><trkpt lat="22.44349833333333" lon="114.28779666666667"><ele>10.399999999999999</ele><time>2026-01-24T02:56:18Z</time></trkpt><trkpt lat="22.443491666666667" lon="114.28781833333332"><ele>10.2</ele><time>2026-01-24T02:56:20Z</time></trkpt><trkpt lat="22.443488333333335" lon="114.28783999999999"><ele>9.799999999999999</ele><time>2026-01-24T02:56:24Z</time></trkpt><trkpt lat="22.44349333333333" lon="114.28786666666669"><ele>9.899999999999999</ele><time>2026-01-24T02:56:31Z</time></trkpt><trkpt lat="22.443486666666665" lon="114.28789"><ele>10.0</ele><time>2026-01-24T02:56:34Z</time></trkpt><trkpt lat="22.44347833333334" lon="114.28791333333332"><ele>10.2</ele><time>2026-01-24T02:56:37Z</time></trkpt><trkpt lat="22.443473333333333" lon="114.28794"><ele>10.299999999999999</ele><time>2026-01-24T02:56:39Z</time></trkpt><trkpt lat="22.443461666666668" lon="114.28796333333334"><ele>10.2</ele><time>2026-01-24T02:56:41Z</time></trkpt><trkpt lat="22.44345333333333" lon="114.28798499999999"><ele>10.1</ele><time>2026-01-24T02:56:43Z</time></trkpt><trkpt lat="22.443448333333336" lon="114.28801166666666"><ele>9.899999999999999</ele><time>2026-01-24T02:56:46Z</time></trkpt><trkpt lat="22.443435" lon="114.28803666666666"><ele>9.5</ele><time>2026-01-24T02:56:49Z</time></trkpt><trkpt lat="22.443438333333333" lon="114.288065"><ele>8.7</ele><time>2026-01-24T02:56:53Z</time></trkpt><trkpt lat="22.44343333333334" lon="114.28808499999998"><ele>8.5</ele><time>2026-01-24T02:56:55Z</time></trkpt><trkpt lat="22.44342" lon="114.28810333333334"><ele>8.299999999999999</ele><time>2026-01-24T02:56:57Z</time></trkpt><trkpt lat="22.443399999999997" lon="114.28810833333334"><ele>8.2</ele><time>2026-01-24T02:56:59Z</time></trkpt><trkpt lat="22.443383333333333" lon="114.28811666666667"><ele>8.0</ele><time>2026-01-24T02:57:01Z</time></trkpt><trkpt lat="22.44337833333333" lon="114.28814499999999"><ele>7.3999999999999995</ele><time>2026-01-24T02:57:06Z</time></trkpt><trkpt lat="22.443368333333336" lon="114.28816333333334"><ele>7.1000000000000005</ele><time>2026-01-24T02:57:08Z</time></trkpt><trkpt lat="22.443348333333333" lon="114.28816666666668"><ele>7.0</ele><time>2026-01-24T02:57:10Z</time></trkpt><trkpt lat="22.443323333333336" lon="114.28816166666665"><ele>6.9</ele><time>2026-01-24T02:57:12Z</time></trkpt><trkpt lat="22.44330166666667" lon="114.28815166666666"><ele>6.9</ele><time>2026-01-24T02:57:14Z</time></trkpt><trkpt lat="22.443281666666667" lon="114.28813999999998"><ele>6.9</ele><time>2026-01-24T02:57:16Z</time></trkpt><trkpt lat="22.443263333333334" lon="114.28813166666666"><ele>7.3</ele><time>2026-01-24T02:57:18Z</time></trkpt><trkpt lat="22.44324166666667" lon="114.28812"><ele>7.6000000000000005</ele><time>2026-01-24T02:57:20Z</time></trkpt><trkpt lat="22.443226666666668" lon="114.28810333333334"><ele>7.6000000000000005</ele><time>2026-01-24T02:57:22Z</time></trkpt><trkpt lat="22.44321166666667" lon="114.28808666666667"><ele>7.500000000000001</ele><time>2026-01-24T02:57:24Z</time></trkpt><trkpt lat="22.443193333333337" lon="114.28807"><ele>7.6000000000000005</ele><time>2026-01-24T02:57:26Z</time></trkpt><trkpt lat="22.443179999999998" lon="114.28805333333334"><ele>8.0</ele><time>2026-01-24T02:57:28Z</time></trkpt><trkpt lat="22.443170000000002" lon="114.28803166666667"><ele>8.1</ele><time>2026-01-24T02:57:30Z</time></trkpt><trkpt lat="22.443156666666663" lon="114.28801"><ele>8.1</ele><time>2026-01-24T02:57:32Z</time></trkpt><trkpt lat="22.443141666666666" lon="114.28799"><ele>8.2</ele><time>2026-01-24T02:57:34Z</time></trkpt><trkpt lat="22.443126666666664" lon="114.28797333333333"><ele>8.1</ele><time>2026-01-24T02:57:36Z</time></trkpt><trkpt lat="22.443113333333333" lon="114.28795666666669"><ele>7.8999999999999995</ele><time>2026-01-24T02:57:38Z</time></trkpt><trkpt lat="22.443099999999998" lon="114.28793499999999"><ele>7.8</ele><time>2026-01-24T02:57:40Z</time></trkpt><trkpt lat="22.443086666666666" lon="114.28791166666666"><ele>7.500000000000001</ele><time>2026-01-24T02:57:42Z</time></trkpt><trkpt lat="22.44307666666667" lon="114.28788833333334"><ele>6.9</ele><time>2026-01-24T02:57:44Z</time></trkpt><trkpt lat="22.443065" lon="114.28786666666669"><ele>6.5</ele><time>2026-01-24T02:57:46Z</time></trkpt><trkpt lat="22.443056666666667" lon="114.28784499999999"><ele>6.1000000000000005</ele><time>2026-01-24T02:57:48Z</time></trkpt><trkpt lat="22.443044999999998" lon="114.28782500000001"><ele>6.3</ele><time>2026-01-24T02:57:50Z</time></trkpt><trkpt lat="22.44303166666667" lon="114.28780333333334"><ele>6.2</ele><time>2026-01-24T02:57:52Z</time></trkpt><trkpt lat="22.44302" lon="114.28777833333334"><ele>6.5</ele><time>2026-01-24T02:57:54Z</time></trkpt><trkpt lat="22.443011666666667" lon="114.28775666666667"><ele>6.6000000000000005</ele><time>2026-01-24T02:57:56Z</time></trkpt><trkpt lat="22.44300333333333" lon="114.28773500000001"><ele>6.7</ele><time>2026-01-24T02:57:58Z</time></trkpt><trkpt lat="22.442994999999996" lon="114.28771166666665"><ele>6.8</ele><time>2026-01-24T02:58:00Z</time></trkpt><trkpt lat="22.442983333333338" lon="114.28769166666667"><ele>6.9</ele><time>2026-01-24T02:58:02Z</time></trkpt><trkpt lat="22.44297166666667" lon="114.28766833333333"><ele>7.500000000000001</ele><time>2026-01-24T02:58:04Z</time></trkpt><trkpt lat="22.442961666666665" lon="114.28764500000001"><ele>8.0</ele><time>2026-01-24T02:58:06Z</time></trkpt><trkpt lat="22.442951666666666" lon="114.28762166666665"><ele>8.5</ele><time>2026-01-24T02:58:08Z</time></trkpt><trkpt lat="22.442943333333332" lon="114.28759999999998"><ele>9.2</ele><time>2026-01-24T02:58:10Z</time></trkpt><trkpt lat="22.442933333333333" lon="114.28757666666667"><ele>9.799999999999999</ele><time>2026-01-24T02:58:12Z</time></trkpt><trkpt lat="22.442925" lon="114.28755666666666"><ele>10.0</ele><time>2026-01-24T02:58:14Z</time></trkpt><trkpt lat="22.442916666666665" lon="114.28753333333334"><ele>10.299999999999999</ele><time>2026-01-24T02:58:16Z</time></trkpt><trkpt lat="22.442908333333335" lon="114.28750999999998"><ele>10.5</ele><time>2026-01-24T02:58:18Z</time></trkpt><trkpt lat="22.4429" lon="114.28749"><ele>10.2</ele><time>2026-01-24T02:58:20Z</time></trkpt><trkpt lat="22.442891666666664" lon="114.28746666666666"><ele>10.1</ele><time>2026-01-24T02:58:22Z</time></trkpt><trkpt lat="22.44288166666667" lon="114.28744666666668"><ele>9.7</ele><time>2026-01-24T02:58:24Z</time></trkpt><trkpt lat="22.442870000000003" lon="114.28742500000001"><ele>9.2</ele><time>2026-01-24T02:58:26Z</time></trkpt><trkpt lat="22.442856666666664" lon="114.28740333333332"><ele>8.899999999999999</ele><time>2026-01-24T02:58:28Z</time></trkpt><trkpt lat="22.442843333333332" lon="114.28738"><ele>9.299999999999999</ele><time>2026-01-24T02:58:30Z</time></trkpt><trkpt lat="22.442828333333335" lon="114.28735666666668"><ele>9.7</ele><time>2026-01-24T02:58:32Z</time></trkpt><trkpt lat="22.442816666666666" lon="114.28733500000001"><ele>10.2</ele><time>2026-01-24T02:58:34Z</time></trkpt><trkpt lat="22.442813333333334" lon="114.287315"><ele>8.399999999999999</ele><time>2026-01-24T02:58:44Z</time></trkpt><trkpt lat="22.442808333333332" lon="114.28729"><ele>8.2</ele><time>2026-01-24T02:58:47Z</time></trkpt><trkpt lat="22.442801666666664" lon="114.28727166666667"><ele>7.6000000000000005</ele><time>2026-01-24T02:58:49Z</time></trkpt><trkpt lat="22.442783333333335" lon="114.287255"><ele>6.8</ele><time>2026-01-24T02:58:51Z</time></trkpt><trkpt lat="22.442763333333332" lon="114.28723666666669"><ele>5.6000000000000005</ele><time>2026-01-24T02:58:53Z</time></trkpt><trkpt lat="22.442740000000004" lon="114.28721666666667"><ele>5.5</ele><time>2026-01-24T02:58:55Z</time></trkpt><trkpt lat="22.44272" lon="114.28720166666666"><ele>5.8</ele><time>2026-01-24T02:58:57Z</time></trkpt><trkpt lat="22.442698333333336" lon="114.28718500000001"><ele>5.8</ele><time>2026-01-24T02:58:59Z</time></trkpt><trkpt lat="22.442678333333333" lon="114.28717"><ele>6.0</ele><time>2026-01-24T02:59:01Z</time></trkpt><trkpt lat="22.442655" lon="114.28715833333332"><ele>6.5</ele><time>2026-01-24T02:59:03Z</time></trkpt><trkpt lat="22.442633333333333" lon="114.28714666666669"><ele>6.8</ele><time>2026-01-24T02:59:05Z</time></trkpt><trkpt lat="22.442615" lon="114.28713"><ele>6.7</ele><time>2026-01-24T02:59:07Z</time></trkpt><trkpt lat="22.442593333333335" lon="114.287115"><ele>6.7</ele><time>2026-01-24T02:59:09Z</time></trkpt><trkpt lat="22.442576666666664" lon="114.28710000000001"><ele>6.6000000000000005</ele><time>2026-01-24T02:59:11Z</time></trkpt><trkpt lat="22.442563333333336" lon="114.28708333333334"><ele>6.9</ele><time>2026-01-24T02:59:13Z</time></trkpt><trkpt lat="22.442546666666665" lon="114.28706500000001"><ele>6.8</ele><time>2026-01-24T02:59:15Z</time></trkpt><trkpt lat="22.442533333333337" lon="114.28704666666665"><ele>6.7</ele><time>2026-01-24T02:59:17Z</time></trkpt><trkpt lat="22.442518333333336" lon="114.28702999999999"><ele>6.7</ele><time>2026-01-24T02:59:19Z</time></trkpt><trkpt lat="22.442504999999997" lon="114.28701166666666"><ele>6.4</ele><time>2026-01-24T02:59:21Z</time></trkpt><trkpt lat="22.44249166666667" lon="114.28699499999999"><ele>6.3</ele><time>2026-01-24T02:59:23Z</time></trkpt><trkpt lat="22.44248" lon="114.28697666666667"><ele>6.4</ele><time>2026-01-24T02:59:25Z</time></trkpt><trkpt lat="22.44246333333333" lon="114.28696333333333"><ele>6.3</ele><time>2026-01-24T02:59:32Z</time></trkpt><trkpt lat="22.44244666666667" lon="114.28694333333333"><ele>5.9</ele><time>2026-01-24T02:59:36Z</time></trkpt><trkpt lat="22.442435" lon="114.28692833333335"><ele>5.9</ele><time>2026-01-24T02:59:38Z</time></trkpt><trkpt lat="22.44242166666667" lon="114.28691500000001"><ele>5.6000000000000005</ele><time>2026-01-24T02:59:40Z</time></trkpt><trkpt lat="22.44240166666667" lon="114.28689833333334"><ele>5.2</ele><time>2026-01-24T02:59:43Z</time></trkpt><trkpt lat="22.442386666666668" lon="114.28688666666667"><ele>4.9</ele><time>2026-01-24T02:59:45Z</time></trkpt><trkpt lat="22.442384999999998" lon="114.28686166666667"><ele>4.0</ele><time>2026-01-24T02:59:50Z</time></trkpt><trkpt lat="22.44240166666667" lon="114.28684999999999"><ele>3.7</ele><time>2026-01-24T02:59:52Z</time></trkpt><trkpt lat="22.442423333333334" lon="114.286845"><ele>3.3</ele><time>2026-01-24T02:59:54Z</time></trkpt><trkpt lat="22.442443333333337" lon="114.28684333333334"><ele>2.9000000000000004</ele><time>2026-01-24T02:59:56Z</time></trkpt><trkpt lat="22.442461666666667" lon="114.28683166666666"><ele>2.8</ele><time>2026-01-24T02:59:58Z</time></trkpt><trkpt lat="22.442481666666662" lon="114.28681999999999"><ele>2.5</ele><time>2026-01-24T03:00:00Z</time></trkpt><trkpt lat="22.442503333333335" lon="114.28680666666666"><ele>2.5999999999999996</ele><time>2026-01-24T03:00:02Z</time></trkpt><trkpt lat="22.442526666666662" lon="114.28679666666667"><ele>2.5</ele><time>2026-01-24T03:00:04Z</time></trkpt><trkpt lat="22.442548333333335" lon="114.28678999999998"><ele>2.0999999999999996</ele><time>2026-01-24T03:00:06Z</time></trkpt><trkpt lat="22.442573333333332" lon="114.28678333333333"><ele>1.4000000000000001</ele><time>2026-01-24T03:00:08Z</time></trkpt><trkpt lat="22.442594999999997" lon="114.28677166666667"><ele>1.2</ele><time>2026-01-24T03:00:10Z</time></trkpt><trkpt lat="22.442608333333336" lon="114.28675833333334"><ele>1.2</ele><time>2026-01-24T03:00:12Z</time></trkpt><trkpt lat="22.442601666666665" lon="114.28674000000001"><ele>1.8</ele><time>2026-01-24T03:00:19Z</time></trkpt><trkpt lat="22.44262" lon="114.28674666666666"><ele>1.2</ele><time>2026-01-24T03:00:24Z</time></trkpt><trkpt lat="22.442646666666665" lon="114.28674000000001"><ele>1.0</ele><time>2026-01-24T03:00:26Z</time></trkpt><trkpt lat="22.442665" lon="114.28673833333332"><ele>0.7</ele><time>2026-01-24T03:00:28Z</time></trkpt><trkpt lat="22.44268833333333" lon="114.28672"><ele>0.09999999999999998</ele><time>2026-01-24T03:00:31Z</time></trkpt><trkpt lat="22.442708333333332" lon="114.28670666666667"><ele>0.0</ele><time>2026-01-24T03:00:33Z</time></trkpt><trkpt lat="22.442728333333335" lon="114.28669333333333"><ele>0.0</ele><time>2026-01-24T03:00:35Z</time></trkpt><trkpt lat="22.44275" lon="114.28668666666665"><ele>0.3999999999999999</ele><time>2026-01-24T03:00:37Z</time></trkpt><trkpt lat="22.442770000000003" lon="114.28667666666666"><ele>0.5999999999999999</ele><time>2026-01-24T03:00:39Z</time></trkpt><trkpt lat="22.44279166666667" lon="114.28666666666668"><ele>0.8</ele><time>2026-01-24T03:00:41Z</time></trkpt><trkpt lat="22.442813333333334" lon="114.28666166666666"><ele>0.8999999999999999</ele><time>2026-01-24T03:00:43Z</time></trkpt><trkpt lat="22.442833333333336" lon="114.28665500000001"><ele>0.8999999999999999</ele><time>2026-01-24T03:00:45Z</time></trkpt><trkpt lat="22.442855" lon="114.28665000000001"><ele>0.8999999999999999</ele><time>2026-01-24T03:00:47Z</time></trkpt><trkpt lat="22.442875000000004" lon="114.28664500000001"><ele>1.2</ele><time>2026-01-24T03:00:51Z</time></trkpt><trkpt lat="22.442895" lon="114.28663166666665"><ele>1.3</ele><time>2026-01-24T03:00:53Z</time></trkpt><trkpt lat="22.442915000000003" lon="114.28662166666666"><ele>1.3</ele><time>2026-01-24T03:00:55Z</time></trkpt><trkpt lat="22.442935000000002" lon="114.28660999999998"><ele>1.2</ele><time>2026-01-24T03:00:57Z</time></trkpt><trkpt lat="22.44295833333333" lon="114.28660333333333"><ele>1.0999999999999999</ele><time>2026-01-24T03:00:59Z</time></trkpt><trkpt lat="22.442979999999995" lon="114.28659666666665"><ele>1.0</ele><time>2026-01-24T03:01:01Z</time></trkpt><trkpt lat="22.442999999999998" lon="114.28658666666666"><ele>1.2</ele><time>2026-01-24T03:01:03Z</time></trkpt><trkpt lat="22.44302" lon="114.28657666666668"><ele>1.8</ele><time>2026-01-24T03:01:05Z</time></trkpt><trkpt lat="22.443041666666666" lon="114.28657"><ele>2.2</ele><time>2026-01-24T03:01:07Z</time></trkpt><trkpt lat="22.44306166666667" lon="114.28656333333332"><ele>2.5999999999999996</ele><time>2026-01-24T03:01:09Z</time></trkpt><trkpt lat="22.443083333333334" lon="114.28655666666667"><ele>2.9000000000000004</ele><time>2026-01-24T03:01:11Z</time></trkpt><trkpt lat="22.443103333333337" lon="114.28654999999999"><ele>3.5</ele><time>2026-01-24T03:01:13Z</time></trkpt><trkpt lat="22.443125000000002" lon="114.28654833333333"><ele>3.8</ele><time>2026-01-24T03:01:15Z</time></trkpt><trkpt lat="22.443143333333335" lon="114.28656166666666"><ele>5.0</ele><time>2026-01-24T03:01:18Z</time></trkpt><trkpt lat="22.443171666666665" lon="114.28657666666668"><ele>5.7</ele><time>2026-01-24T03:01:44Z</time></trkpt><trkpt lat="22.443181666666668" lon="114.28659833333334"><ele>6.0</ele><time>2026-01-24T03:01:47Z</time></trkpt><trkpt lat="22.443195" lon="114.28661500000001"><ele>6.2</ele><time>2026-01-24T03:01:50Z</time></trkpt><trkpt lat="22.44319666666667" lon="114.28663666666668"><ele>7.1000000000000005</ele><time>2026-01-24T03:01:54Z</time></trkpt><trkpt lat="22.443191666666667" lon="114.28666166666666"><ele>7.2</ele><time>2026-01-24T03:01:57Z</time></trkpt><trkpt lat="22.44321166666667" lon="114.286665"><ele>6.4</ele><time>2026-01-24T03:02:04Z</time></trkpt><trkpt lat="22.443221666666666" lon="114.286685"><ele>6.0</ele><time>2026-01-24T03:02:10Z</time></trkpt><trkpt lat="22.443213333333333" lon="114.28670500000001"><ele>6.0</ele><time>2026-01-24T03:02:14Z</time></trkpt><trkpt lat="22.44321166666667" lon="114.28676333333333"><ele>7.2</ele><time>2026-01-24T03:02:45Z</time></trkpt><trkpt lat="22.443195" lon="114.286755"><ele>7.3</ele><time>2026-01-24T03:02:47Z</time></trkpt><trkpt lat="22.443195" lon="114.28672666666668"><ele>7.3</ele><time>2026-01-24T03:02:49Z</time></trkpt><trkpt lat="22.44319833333333" lon="114.28670166666667"><ele>7.3999999999999995</ele><time>2026-01-24T03:02:51Z</time></trkpt><trkpt lat="22.443193333333337" lon="114.28667666666666"><ele>8.2</ele><time>2026-01-24T03:02:58Z</time></trkpt><trkpt lat="22.443188333333335" lon="114.28665666666666"><ele>8.399999999999999</ele><time>2026-01-24T03:02:59Z</time></trkpt><trkpt lat="22.443201666666663" lon="114.28663"><ele>8.399999999999999</ele><time>2026-01-24T03:03:01Z</time></trkpt><trkpt lat="22.44322833333333" lon="114.28662666666666"><ele>8.6</ele><time>2026-01-24T03:03:04Z</time></trkpt><trkpt lat="22.443248333333333" lon="114.28663"><ele>8.799999999999999</ele><time>2026-01-24T03:03:07Z</time></trkpt><trkpt lat="22.443281666666667" lon="114.28660833333333"><ele>8.799999999999999</ele><time>2026-01-24T03:03:21Z</time></trkpt><trkpt lat="22.443303333333333" lon="114.28660333333333"><ele>8.6</ele><time>2026-01-24T03:03:25Z</time></trkpt><trkpt lat="22.44329833333334" lon="114.28657666666668"><ele>8.399999999999999</ele><time>2026-01-24T03:03:33Z</time></trkpt><trkpt lat="22.443311666666666" lon="114.28656166666666"><ele>8.399999999999999</ele><time>2026-01-24T03:03:36Z</time></trkpt><trkpt lat="22.443315" lon="114.28653666666666"><ele>8.799999999999999</ele><time>2026-01-24T03:03:40Z</time></trkpt><trkpt lat="22.443335" lon="114.28654"><ele>9.5</ele><time>2026-01-24T03:03:45Z</time></trkpt><trkpt lat="22.443316666666668" lon="114.28655333333333"><ele>9.899999999999999</ele><time>2026-01-24T03:03:51Z</time></trkpt><trkpt lat="22.443305000000002" lon="114.28657999999999"><ele>9.799999999999999</ele><time>2026-01-24T03:03:54Z</time></trkpt><trkpt lat="22.443306666666665" lon="114.28660333333333"><ele>9.6</ele><time>2026-01-24T03:03:56Z</time></trkpt><trkpt lat="22.443311666666666" lon="114.286625"><ele>9.5</ele><time>2026-01-24T03:03:58Z</time></trkpt><trkpt lat="22.443328333333337" lon="114.28663833333333"><ele>9.299999999999999</ele><time>2026-01-24T03:04:01Z</time></trkpt><trkpt lat="22.443345" lon="114.28664833333332"><ele>8.899999999999999</ele><time>2026-01-24T03:04:04Z</time></trkpt><trkpt lat="22.443324999999998" lon="114.28663833333333"><ele>7.8</ele><time>2026-01-24T03:04:31Z</time></trkpt><trkpt lat="22.44327" lon="114.28664833333332"><ele>7.500000000000001</ele><time>2026-01-24T03:04:59Z</time></trkpt><trkpt lat="22.44329" lon="114.28663333333334"><ele>7.1000000000000005</ele><time>2026-01-24T03:05:02Z</time></trkpt><trkpt lat="22.443303333333333" lon="114.28661833333332"><ele>6.9</ele><time>2026-01-24T03:05:05Z</time></trkpt><trkpt lat="22.443353333333334" lon="114.286625"><ele>6.7</ele><time>2026-01-24T03:05:18Z</time></trkpt><trkpt lat="22.443361666666668" lon="114.28664666666667"><ele>6.8</ele><time>2026-01-24T03:05:20Z</time></trkpt><trkpt lat="22.443358333333336" lon="114.28666833333334"><ele>7.1000000000000005</ele><time>2026-01-24T03:05:22Z</time></trkpt><trkpt lat="22.443353333333334" lon="114.28668833333334"><ele>7.500000000000001</ele><time>2026-01-24T03:05:26Z</time></trkpt><trkpt lat="22.443348333333333" lon="114.28670833333332"><ele>8.399999999999999</ele><time>2026-01-24T03:05:31Z</time></trkpt><trkpt lat="22.443341666666665" lon="114.28672833333333"><ele>9.0</ele><time>2026-01-24T03:05:36Z</time></trkpt><trkpt lat="22.443356666666666" lon="114.28674666666666"><ele>8.899999999999999</ele><time>2026-01-24T03:05:41Z</time></trkpt><trkpt lat="22.44333166666667" lon="114.28678833333333"><ele>10.1</ele><time>2026-01-24T03:06:28Z</time></trkpt><trkpt lat="22.443311666666666" lon="114.28678999999998"><ele>10.5</ele><time>2026-01-24T03:06:30Z</time></trkpt><trkpt lat="22.443291666666664" lon="114.28678666666669"><ele>10.7</ele><time>2026-01-24T03:06:33Z</time></trkpt><trkpt lat="22.443278333333335" lon="114.28680000000001"><ele>10.6</ele><time>2026-01-24T03:06:38Z</time></trkpt><trkpt lat="22.443234999999998" lon="114.28683666666666"><ele>10.2</ele><time>2026-01-24T03:06:47Z</time></trkpt><trkpt lat="22.443233333333335" lon="114.28685833333333"><ele>9.6</ele><time>2026-01-24T03:06:51Z</time></trkpt><trkpt lat="22.443253333333338" lon="114.28686166666667"><ele>9.5</ele><time>2026-01-24T03:06:53Z</time></trkpt><trkpt lat="22.443279999999998" lon="114.28685333333333"><ele>9.6</ele><time>2026-01-24T03:06:55Z</time></trkpt><trkpt lat="22.443291666666664" lon="114.28683833333335"><ele>9.6</ele><time>2026-01-24T03:06:56Z</time></trkpt><trkpt lat="22.443306666666665" lon="114.28680833333334"><ele>9.7</ele><time>2026-01-24T03:06:58Z</time></trkpt><trkpt lat="22.443316666666668" lon="114.28677833333334"><ele>9.799999999999999</ele><time>2026-01-24T03:07:00Z</time></trkpt><trkpt lat="22.443323333333336" lon="114.286755"><ele>9.799999999999999</ele><time>2026-01-24T03:07:02Z</time></trkpt><trkpt lat="22.443323333333336" lon="114.28673500000001"><ele>9.899999999999999</ele><time>2026-01-24T03:07:04Z</time></trkpt><trkpt lat="22.443326666666668" lon="114.28670833333332"><ele>10.0</ele><time>2026-01-24T03:07:07Z</time></trkpt><trkpt lat="22.443326666666668" lon="114.28668333333331"><ele>10.1</ele><time>2026-01-24T03:07:10Z</time></trkpt><trkpt lat="22.443320000000003" lon="114.28666333333334"><ele>10.6</ele><time>2026-01-24T03:07:13Z</time></trkpt><trkpt lat="22.443313333333336" lon="114.28663999999999"><ele>9.5</ele><time>2026-01-24T03:07:28Z</time></trkpt><trkpt lat="22.44328666666667" lon="114.28663166666665"><ele>9.5</ele><time>2026-01-24T03:07:31Z</time></trkpt><trkpt lat="22.443266666666666" lon="114.28663499999999"><ele>9.7</ele><time>2026-01-24T03:07:32Z</time></trkpt><trkpt lat="22.443248333333333" lon="114.28664333333333"><ele>9.7</ele><time>2026-01-24T03:07:35Z</time></trkpt><trkpt lat="22.443230000000003" lon="114.28663833333333"><ele>8.799999999999999</ele><time>2026-01-24T03:07:40Z</time></trkpt><trkpt lat="22.443208333333338" lon="114.28662666666666"><ele>8.5</ele><time>2026-01-24T03:07:43Z</time></trkpt><trkpt lat="22.443186666666666" lon="114.28663166666665"><ele>8.299999999999999</ele><time>2026-01-24T03:07:45Z</time></trkpt><trkpt lat="22.443168333333332" lon="114.28663333333334"><ele>8.0</ele><time>2026-01-24T03:07:47Z</time></trkpt><trkpt lat="22.443148333333337" lon="114.28661500000001"><ele>7.7</ele><time>2026-01-24T03:07:49Z</time></trkpt><trkpt lat="22.443141666666666" lon="114.28659"><ele>7.3999999999999995</ele><time>2026-01-24T03:07:51Z</time></trkpt><trkpt lat="22.443148333333337" lon="114.28655666666667"><ele>6.9</ele><time>2026-01-24T03:07:54Z</time></trkpt><trkpt lat="22.44315166666667" lon="114.28653000000001"><ele>6.7</ele><time>2026-01-24T03:07:56Z</time></trkpt><trkpt lat="22.443155" lon="114.2865"><ele>6.3</ele><time>2026-01-24T03:07:58Z</time></trkpt><trkpt lat="22.443161666666665" lon="114.28647166666666"><ele>5.8</ele><time>2026-01-24T03:08:00Z</time></trkpt><trkpt lat="22.443171666666665" lon="114.28644666666666"><ele>5.3</ele><time>2026-01-24T03:08:02Z</time></trkpt><trkpt lat="22.443185000000003" lon="114.286425"><ele>4.7</ele><time>2026-01-24T03:08:05Z</time></trkpt><trkpt lat="22.443193333333337" lon="114.28640500000002"><ele>5.0</ele><time>2026-01-24T03:08:07Z</time></trkpt><trkpt lat="22.443193333333337" lon="114.28637833333332"><ele>5.9</ele><time>2026-01-24T03:08:10Z</time></trkpt><trkpt lat="22.443185000000003" lon="114.28635666666666"><ele>5.7</ele><time>2026-01-24T03:08:13Z</time></trkpt><trkpt lat="22.44318333333333" lon="114.286335"><ele>5.6000000000000005</ele><time>2026-01-24T03:08:16Z</time></trkpt><trkpt lat="22.44318333333333" lon="114.28631166666668"><ele>5.6000000000000005</ele><time>2026-01-24T03:08:21Z</time></trkpt><trkpt lat="22.443188333333335" lon="114.28629166666666"><ele>5.9</ele><time>2026-01-24T03:08:24Z</time></trkpt><trkpt lat="22.443206666666665" lon="114.28629666666666"><ele>5.2</ele><time>2026-01-24T03:08:28Z</time></trkpt><trkpt lat="22.443223333333336" lon="114.28630666666668"><ele>5.0</ele><time>2026-01-24T03:08:31Z</time></trkpt><trkpt lat="22.44324" lon="114.28631666666666"><ele>5.1000000000000005</ele><time>2026-01-24T03:08:34Z</time></trkpt><trkpt lat="22.443258333333333" lon="114.28631333333333"><ele>5.1000000000000005</ele><time>2026-01-24T03:08:36Z</time></trkpt><trkpt lat="22.443271666666668" lon="114.28632666666665"><ele>4.7</ele><time>2026-01-24T03:08:38Z</time></trkpt><trkpt lat="22.443291666666664" lon="114.28632999999999"><ele>4.2</ele><time>2026-01-24T03:08:44Z</time></trkpt><trkpt lat="22.443276666666666" lon="114.28634666666667"><ele>4.3</ele><time>2026-01-24T03:08:51Z</time></trkpt><trkpt lat="22.443276666666666" lon="114.28637333333333"><ele>4.3</ele><time>2026-01-24T03:08:58Z</time></trkpt><trkpt lat="22.443266666666666" lon="114.28639"><ele>4.5</ele><time>2026-01-24T03:09:04Z</time></trkpt><trkpt lat="22.443248333333333" lon="114.28638333333335"><ele>4.8</ele><time>2026-01-24T03:09:07Z</time></trkpt><trkpt lat="22.443260000000002" lon="114.28633666666668"><ele>5.8</ele><time>2026-01-24T03:09:30Z</time></trkpt><trkpt lat="22.443246666666663" lon="114.28631666666666"><ele>5.7</ele><time>2026-01-24T03:09:32Z</time></trkpt><trkpt lat="22.443258333333333" lon="114.28633166666665"><ele>6.1000000000000005</ele><time>2026-01-24T03:09:45Z</time></trkpt><trkpt lat="22.443271666666668" lon="114.28634500000001"><ele>3.8</ele><time>2026-01-24T03:09:55Z</time></trkpt><trkpt lat="22.443266666666666" lon="114.28637666666667"><ele>3.0999999999999996</ele><time>2026-01-24T03:10:00Z</time></trkpt><trkpt lat="22.443291666666664" lon="114.28638000000001"><ele>2.9000000000000004</ele><time>2026-01-24T03:10:06Z</time></trkpt><trkpt lat="22.443279999999998" lon="114.286355"><ele>3.8</ele><time>2026-01-24T03:10:11Z</time></trkpt><trkpt lat="22.443251666666665" lon="114.28631333333333"><ele>5.0</ele><time>2026-01-24T03:10:28Z</time></trkpt><trkpt lat="22.443223333333336" lon="114.28629833333335"><ele>5.0</ele><time>2026-01-24T03:10:30Z</time></trkpt><trkpt lat="22.443208333333338" lon="114.286285"><ele>5.0</ele><time>2026-01-24T03:10:32Z</time></trkpt><trkpt lat="22.443206666666665" lon="114.28626000000001"><ele>4.2</ele><time>2026-01-24T03:10:35Z</time></trkpt><trkpt lat="22.443213333333333" lon="114.28623833333334"><ele>3.3</ele><time>2026-01-24T03:10:38Z</time></trkpt><trkpt lat="22.443221666666666" lon="114.28621333333334"><ele>2.8</ele><time>2026-01-24T03:10:42Z</time></trkpt><trkpt lat="22.443233333333335" lon="114.286195"><ele>2.5999999999999996</ele><time>2026-01-24T03:10:45Z</time></trkpt><trkpt lat="22.44324333333333" lon="114.286175"><ele>2.5999999999999996</ele><time>2026-01-24T03:10:48Z</time></trkpt><trkpt lat="22.443238333333337" lon="114.28621166666666"><ele>3.3</ele><time>2026-01-24T03:11:01Z</time></trkpt><trkpt lat="22.443226666666668" lon="114.28623333333334"><ele>3.4000000000000004</ele><time>2026-01-24T03:11:04Z</time></trkpt><trkpt lat="22.443223333333336" lon="114.28620833333335"><ele>4.1000000000000005</ele><time>2026-01-24T03:11:10Z</time></trkpt><trkpt lat="22.44322833333333" lon="114.28618499999999"><ele>4.6000000000000005</ele><time>2026-01-24T03:11:12Z</time></trkpt><trkpt lat="22.443230000000003" lon="114.28615833333333"><ele>5.2</ele><time>2026-01-24T03:11:15Z</time></trkpt><trkpt lat="22.443231666666666" lon="114.28613333333332"><ele>6.0</ele><time>2026-01-24T03:11:18Z</time></trkpt><trkpt lat="22.44322833333333" lon="114.28611000000001"><ele>6.3</ele><time>2026-01-24T03:11:20Z</time></trkpt><trkpt lat="22.443218333333334" lon="114.286085"><ele>6.7</ele><time>2026-01-24T03:11:22Z</time></trkpt><trkpt lat="22.443218333333334" lon="114.28606166666665"><ele>7.0</ele><time>2026-01-24T03:11:24Z</time></trkpt><trkpt lat="22.443223333333336" lon="114.28603999999999"><ele>7.0</ele><time>2026-01-24T03:11:26Z</time></trkpt><trkpt lat="22.443224999999998" lon="114.28602000000001"><ele>7.3999999999999995</ele><time>2026-01-24T03:11:28Z</time></trkpt><trkpt lat="22.443226666666668" lon="114.28599833333334"><ele>7.8</ele><time>2026-01-24T03:11:31Z</time></trkpt><trkpt lat="22.443224999999998" lon="114.28597833333333"><ele>8.299999999999999</ele><time>2026-01-24T03:11:33Z</time></trkpt><trkpt lat="22.443224999999998" lon="114.28595666666666"><ele>8.7</ele><time>2026-01-24T03:11:35Z</time></trkpt><trkpt lat="22.44322833333333" lon="114.28593500000001"><ele>8.899999999999999</ele><time>2026-01-24T03:11:37Z</time></trkpt><trkpt lat="22.443236666666667" lon="114.28591"><ele>9.0</ele><time>2026-01-24T03:11:39Z</time></trkpt><trkpt lat="22.443255" lon="114.28588666666668"><ele>9.2</ele><time>2026-01-24T03:11:41Z</time></trkpt><trkpt lat="22.443264999999997" lon="114.28586333333332"><ele>9.1</ele><time>2026-01-24T03:11:43Z</time></trkpt><trkpt lat="22.443275000000003" lon="114.28584166666666"><ele>8.799999999999999</ele><time>2026-01-24T03:11:45Z</time></trkpt><trkpt lat="22.443285" lon="114.28582333333334"><ele>8.399999999999999</ele><time>2026-01-24T03:11:47Z</time></trkpt><trkpt lat="22.443294999999996" lon="114.28579999999998"><ele>7.7</ele><time>2026-01-24T03:11:49Z</time></trkpt><trkpt lat="22.443303333333333" lon="114.28578"><ele>7.500000000000001</ele><time>2026-01-24T03:11:51Z</time></trkpt><trkpt lat="22.443306666666665" lon="114.28575333333335"><ele>7.2</ele><time>2026-01-24T03:11:54Z</time></trkpt><trkpt lat="22.44331833333333" lon="114.28573666666668"><ele>6.7</ele><time>2026-01-24T03:12:01Z</time></trkpt><trkpt lat="22.443328333333337" lon="114.28572000000001"><ele>7.8</ele><time>2026-01-24T03:12:05Z</time></trkpt><trkpt lat="22.443339999999996" lon="114.28570166666665"><ele>7.6000000000000005</ele><time>2026-01-24T03:12:10Z</time></trkpt><trkpt lat="22.443348333333333" lon="114.28568333333332"><ele>7.3</ele><time>2026-01-24T03:12:14Z</time></trkpt><trkpt lat="22.443373333333337" lon="114.28567833333334"><ele>7.8999999999999995</ele><time>2026-01-24T03:12:23Z</time></trkpt><trkpt lat="22.443366666666666" lon="114.28571333333333"><ele>8.899999999999999</ele><time>2026-01-24T03:12:31Z</time></trkpt><trkpt lat="22.443345" lon="114.28571833333332"><ele>9.399999999999999</ele><time>2026-01-24T03:12:34Z</time></trkpt><trkpt lat="22.443326666666668" lon="114.285725"><ele>10.1</ele><time>2026-01-24T03:12:37Z</time></trkpt><trkpt lat="22.443303333333333" lon="114.28571833333332"><ele>10.7</ele><time>2026-01-24T03:12:43Z</time></trkpt><trkpt lat="22.443315" lon="114.285695"><ele>10.6</ele><time>2026-01-24T03:12:45Z</time></trkpt><trkpt lat="22.443324999999998" lon="114.28567833333334"><ele>10.6</ele><time>2026-01-24T03:12:47Z</time></trkpt><trkpt lat="22.443339999999996" lon="114.28566500000001"><ele>10.399999999999999</ele><time>2026-01-24T03:12:49Z</time></trkpt><trkpt lat="22.44336" lon="114.28566000000001"><ele>10.5</ele><time>2026-01-24T03:12:52Z</time></trkpt><trkpt lat="22.443341666666665" lon="114.28565666666667"><ele>11.2</ele><time>2026-01-24T03:13:06Z</time></trkpt><trkpt lat="22.44336333333333" lon="114.28565833333332"><ele>11.399999999999999</ele><time>2026-01-24T03:13:08Z</time></trkpt><trkpt lat="22.443403333333336" lon="114.28565833333332"><ele>11.299999999999999</ele><time>2026-01-24T03:13:10Z</time></trkpt><trkpt lat="22.44342166666667" lon="114.28565833333332"><ele>11.0</ele><time>2026-01-24T03:13:11Z</time></trkpt><trkpt lat="22.443448333333336" lon="114.28566000000001"><ele>10.799999999999999</ele><time>2026-01-24T03:13:13Z</time></trkpt><trkpt lat="22.44346666666667" lon="114.28567166666666"><ele>10.7</ele><time>2026-01-24T03:13:15Z</time></trkpt><trkpt lat="22.44347833333334" lon="114.285655"><ele>10.299999999999999</ele><time>2026-01-24T03:13:18Z</time></trkpt><trkpt lat="22.443463333333337" lon="114.28564333333334"><ele>9.7</ele><time>2026-01-24T03:13:20Z</time></trkpt><trkpt lat="22.443444999999997" lon="114.28564333333334"><ele>10.1</ele><time>2026-01-24T03:13:21Z</time></trkpt><trkpt lat="22.443426666666664" lon="114.28563000000001"><ele>10.1</ele><time>2026-01-24T03:13:24Z</time></trkpt><trkpt lat="22.443410000000004" lon="114.2856"><ele>10.399999999999999</ele><time>2026-01-24T03:13:27Z</time></trkpt><trkpt lat="22.443401666666666" lon="114.28558"><ele>10.299999999999999</ele><time>2026-01-24T03:13:30Z</time></trkpt><trkpt lat="22.443393333333333" lon="114.28555166666665"><ele>9.2</ele><time>2026-01-24T03:13:40Z</time></trkpt><trkpt lat="22.443383333333333" lon="114.28552999999998"><ele>8.2</ele><time>2026-01-24T03:13:44Z</time></trkpt><trkpt lat="22.44337666666667" lon="114.28551"><ele>8.0</ele><time>2026-01-24T03:13:46Z</time></trkpt><trkpt lat="22.443371666666668" lon="114.28548833333335"><ele>7.8</ele><time>2026-01-24T03:13:49Z</time></trkpt><trkpt lat="22.443358333333336" lon="114.28546499999999"><ele>8.1</ele><time>2026-01-24T03:13:58Z</time></trkpt><trkpt lat="22.443353333333334" lon="114.28544166666667"><ele>8.2</ele><time>2026-01-24T03:14:01Z</time></trkpt><trkpt lat="22.44336" lon="114.28542166666666"><ele>8.299999999999999</ele><time>2026-01-24T03:14:03Z</time></trkpt><trkpt lat="22.443381666666664" lon="114.28540833333334"><ele>9.7</ele><time>2026-01-24T03:14:13Z</time></trkpt><trkpt lat="22.443405" lon="114.2854"><ele>9.899999999999999</ele><time>2026-01-24T03:14:16Z</time></trkpt><trkpt lat="22.44342166666667" lon="114.28538833333332"><ele>9.7</ele><time>2026-01-24T03:14:21Z</time></trkpt><trkpt lat="22.443431666666665" lon="114.28536833333334"><ele>9.799999999999999</ele><time>2026-01-24T03:14:25Z</time></trkpt><trkpt lat="22.443438333333333" lon="114.28534499999999"><ele>9.6</ele><time>2026-01-24T03:14:28Z</time></trkpt><trkpt lat="22.443441666666665" lon="114.28532166666668"><ele>9.5</ele><time>2026-01-24T03:14:32Z</time></trkpt><trkpt lat="22.443443333333335" lon="114.28530166666665"><ele>9.299999999999999</ele><time>2026-01-24T03:14:39Z</time></trkpt><trkpt lat="22.443414999999998" lon="114.28536333333335"><ele>11.2</ele><time>2026-01-24T03:15:19Z</time></trkpt><trkpt lat="22.443403333333336" lon="114.28537999999999"><ele>11.899999999999999</ele><time>2026-01-24T03:15:22Z</time></trkpt><trkpt lat="22.443366666666666" lon="114.28534333333333"><ele>11.299999999999999</ele><time>2026-01-24T03:16:22Z</time></trkpt><trkpt lat="22.44336" lon="114.28536166666666"><ele>11.299999999999999</ele><time>2026-01-24T03:16:24Z</time></trkpt><trkpt lat="22.443366666666666" lon="114.28537999999999"><ele>11.299999999999999</ele><time>2026-01-24T03:16:26Z</time></trkpt><trkpt lat="22.443373333333337" lon="114.28540166666669"><ele>11.6</ele><time>2026-01-24T03:16:30Z</time></trkpt><trkpt lat="22.443383333333333" lon="114.28542"><ele>11.899999999999999</ele><time>2026-01-24T03:16:34Z</time></trkpt><trkpt lat="22.443395000000002" lon="114.28544500000001"><ele>11.6</ele><time>2026-01-24T03:16:37Z</time></trkpt><trkpt lat="22.443399999999997" lon="114.28546666666668"><ele>11.5</ele><time>2026-01-24T03:16:39Z</time></trkpt><trkpt lat="22.443425" lon="114.28548166666666"><ele>10.7</ele><time>2026-01-24T03:16:55Z</time></trkpt><trkpt lat="22.44340833333333" lon="114.28546999999999"><ele>11.2</ele><time>2026-01-24T03:17:06Z</time></trkpt><trkpt lat="22.443384999999996" lon="114.28547833333332"><ele>11.799999999999999</ele><time>2026-01-24T03:17:09Z</time></trkpt><trkpt lat="22.443366666666666" lon="114.28548166666666"><ele>12.6</ele><time>2026-01-24T03:17:12Z</time></trkpt><trkpt lat="22.443384999999996" lon="114.285455"><ele>14.1</ele><time>2026-01-24T03:17:20Z</time></trkpt><trkpt lat="22.44340833333333" lon="114.28544166666667"><ele>14.5</ele><time>2026-01-24T03:17:22Z</time></trkpt><trkpt lat="22.443428333333333" lon="114.28543499999999"><ele>15.3</ele><time>2026-01-24T03:17:25Z</time></trkpt><trkpt lat="22.443416666666668" lon="114.28545000000001"><ele>16.0</ele><time>2026-01-24T03:17:32Z</time></trkpt><trkpt lat="22.443396666666665" lon="114.28546"><ele>17.099999999999998</ele><time>2026-01-24T03:17:37Z</time></trkpt><trkpt lat="22.443368333333336" lon="114.28545166666666"><ele>17.7</ele><time>2026-01-24T03:17:40Z</time></trkpt><trkpt lat="22.44336" lon="114.28546999999999"><ele>18.0</ele><time>2026-01-24T03:17:44Z</time></trkpt><trkpt lat="22.443383333333333" lon="114.28546999999999"><ele>18.3</ele><time>2026-01-24T03:17:47Z</time></trkpt><trkpt lat="22.44338833333334" lon="114.28544333333333"><ele>17.599999999999998</ele><time>2026-01-24T03:18:01Z</time></trkpt><trkpt lat="22.44339166666667" lon="114.28542333333334"><ele>16.4</ele><time>2026-01-24T03:18:11Z</time></trkpt><trkpt lat="22.443411666666666" lon="114.28541833333333"><ele>15.7</ele><time>2026-01-24T03:18:18Z</time></trkpt><trkpt lat="22.443399999999997" lon="114.28544333333333"><ele>15.7</ele><time>2026-01-24T03:18:22Z</time></trkpt><trkpt lat="22.443418333333337" lon="114.28545833333334"><ele>14.899999999999999</ele><time>2026-01-24T03:18:25Z</time></trkpt><trkpt lat="22.443399999999997" lon="114.28546666666668"><ele>15.0</ele><time>2026-01-24T03:18:30Z</time></trkpt><trkpt lat="22.443383333333333" lon="114.28547833333332"><ele>15.399999999999999</ele><time>2026-01-24T03:18:35Z</time></trkpt><trkpt lat="22.443386666666665" lon="114.28551166666666"><ele>15.599999999999998</ele><time>2026-01-24T03:18:38Z</time></trkpt><trkpt lat="22.443414999999998" lon="114.28550166666668"><ele>14.299999999999999</ele><time>2026-01-24T03:18:50Z</time></trkpt><trkpt lat="22.443438333333333" lon="114.28550500000001"><ele>14.2</ele><time>2026-01-24T03:18:53Z</time></trkpt><trkpt lat="22.44343333333334" lon="114.28553166666667"><ele>13.899999999999999</ele><time>2026-01-24T03:18:56Z</time></trkpt><trkpt lat="22.443440000000002" lon="114.28555"><ele>13.5</ele><time>2026-01-24T03:18:59Z</time></trkpt><trkpt lat="22.443425" lon="114.285565"><ele>13.1</ele><time>2026-01-24T03:19:04Z</time></trkpt><trkpt lat="22.44340833333333" lon="114.28555"><ele>12.899999999999999</ele><time>2026-01-24T03:19:08Z</time></trkpt><trkpt lat="22.443428333333333" lon="114.28551666666665"><ele>13.0</ele><time>2026-01-24T03:19:12Z</time></trkpt><trkpt lat="22.443441666666665" lon="114.28549"><ele>13.1</ele><time>2026-01-24T03:19:14Z</time></trkpt><trkpt lat="22.443461666666668" lon="114.285475"><ele>13.1</ele><time>2026-01-24T03:19:15Z</time></trkpt><trkpt lat="22.443459999999998" lon="114.28545000000001"><ele>13.1</ele><time>2026-01-24T03:19:16Z</time></trkpt><trkpt lat="22.443471666666664" lon="114.28542999999999"><ele>13.1</ele><time>2026-01-24T03:19:17Z</time></trkpt><trkpt lat="22.443476666666665" lon="114.2854"><ele>13.1</ele><time>2026-01-24T03:19:18Z</time></trkpt><trkpt lat="22.443473333333333" lon="114.28537"><ele>13.2</ele><time>2026-01-24T03:19:19Z</time></trkpt><trkpt lat="22.443468333333332" lon="114.28533333333334"><ele>13.1</ele><time>2026-01-24T03:19:21Z</time></trkpt><trkpt lat="22.443465" lon="114.28531333333333"><ele>12.7</ele><time>2026-01-24T03:19:22Z</time></trkpt><trkpt lat="22.44348" lon="114.28535833333332"><ele>13.0</ele><time>2026-01-24T03:19:26Z</time></trkpt><trkpt lat="22.443495" lon="114.28541500000001"><ele>12.399999999999999</ele><time>2026-01-24T03:19:27Z</time></trkpt><trkpt lat="22.443506666666668" lon="114.28548333333335"><ele>11.1</ele><time>2026-01-24T03:19:31Z</time></trkpt><trkpt lat="22.44352666666667" lon="114.28552333333333"><ele>10.1</ele><time>2026-01-24T03:19:32Z</time></trkpt><trkpt lat="22.443545000000004" lon="114.28555666666668"><ele>9.399999999999999</ele><time>2026-01-24T03:19:33Z</time></trkpt><trkpt lat="22.443566666666666" lon="114.28556833333332"><ele>8.7</ele><time>2026-01-24T03:19:34Z</time></trkpt><trkpt lat="22.443579999999997" lon="114.28555166666665"><ele>7.500000000000001</ele><time>2026-01-24T03:19:37Z</time></trkpt><trkpt lat="22.443576666666665" lon="114.28553166666667"><ele>6.9</ele><time>2026-01-24T03:19:41Z</time></trkpt><trkpt lat="22.443548333333336" lon="114.28552666666668"><ele>6.4</ele><time>2026-01-24T03:19:46Z</time></trkpt><trkpt lat="22.443534999999997" lon="114.28550166666668"><ele>6.6000000000000005</ele><time>2026-01-24T03:19:48Z</time></trkpt><trkpt lat="22.44354333333333" lon="114.28547833333332"><ele>7.0</ele><time>2026-01-24T03:19:50Z</time></trkpt><trkpt lat="22.44355666666667" lon="114.28546499999999"><ele>7.3</ele><time>2026-01-24T03:19:56Z</time></trkpt><trkpt lat="22.443534999999997" lon="114.28547333333333"><ele>7.2</ele><time>2026-01-24T03:20:01Z</time></trkpt><trkpt lat="22.44351166666667" lon="114.285495"><ele>7.0</ele><time>2026-01-24T03:20:02Z</time></trkpt><trkpt lat="22.443488333333335" lon="114.28549833333334"><ele>7.0</ele><time>2026-01-24T03:20:03Z</time></trkpt><trkpt lat="22.443455000000004" lon="114.28549999999998"><ele>7.8</ele><time>2026-01-24T03:20:05Z</time></trkpt><trkpt lat="22.443438333333333" lon="114.28550833333333"><ele>9.0</ele><time>2026-01-24T03:20:06Z</time></trkpt><trkpt lat="22.443418333333337" lon="114.28551333333334"><ele>10.299999999999999</ele><time>2026-01-24T03:20:08Z</time></trkpt><trkpt lat="22.443398333333334" lon="114.28551166666666"><ele>11.299999999999999</ele><time>2026-01-24T03:20:12Z</time></trkpt><trkpt lat="22.443386666666665" lon="114.28549"><ele>11.6</ele><time>2026-01-24T03:20:15Z</time></trkpt><trkpt lat="22.443375" lon="114.285475"><ele>11.5</ele><time>2026-01-24T03:20:20Z</time></trkpt><trkpt lat="22.443350000000002" lon="114.28547666666667"><ele>12.0</ele><time>2026-01-24T03:20:23Z</time></trkpt><trkpt lat="22.44334666666667" lon="114.28549666666667"><ele>11.799999999999999</ele><time>2026-01-24T03:20:26Z</time></trkpt><trkpt lat="22.443345" lon="114.28547333333333"><ele>13.2</ele><time>2026-01-24T03:20:34Z</time></trkpt><trkpt lat="22.443348333333333" lon="114.28545000000001"><ele>13.7</ele><time>2026-01-24T03:20:37Z</time></trkpt><trkpt lat="22.44336" lon="114.28542999999999"><ele>14.0</ele><time>2026-01-24T03:20:42Z</time></trkpt><trkpt lat="22.443373333333337" lon="114.28540999999998"><ele>13.7</ele><time>2026-01-24T03:20:46Z</time></trkpt><trkpt lat="22.44339" lon="114.28539"><ele>13.299999999999999</ele><time>2026-01-24T03:20:49Z</time></trkpt><trkpt lat="22.443401666666666" lon="114.28537499999999"><ele>13.0</ele><time>2026-01-24T03:20:51Z</time></trkpt><trkpt lat="22.443411666666666" lon="114.28535833333332"><ele>12.799999999999999</ele><time>2026-01-24T03:20:53Z</time></trkpt><trkpt lat="22.443418333333337" lon="114.28533333333334"><ele>12.7</ele><time>2026-01-24T03:20:56Z</time></trkpt><trkpt lat="22.44342333333333" lon="114.28531333333333"><ele>12.7</ele><time>2026-01-24T03:20:58Z</time></trkpt><trkpt lat="22.443429999999996" lon="114.285295"><ele>12.7</ele><time>2026-01-24T03:21:00Z</time></trkpt><trkpt lat="22.443431666666665" lon="114.285275"><ele>12.799999999999999</ele><time>2026-01-24T03:21:02Z</time></trkpt><trkpt lat="22.443429999999996" lon="114.28525499999999"><ele>12.7</ele><time>2026-01-24T03:21:04Z</time></trkpt><trkpt lat="22.443425" lon="114.28523333333332"><ele>12.5</ele><time>2026-01-24T03:21:06Z</time></trkpt><trkpt lat="22.443425" lon="114.285205"><ele>12.2</ele><time>2026-01-24T03:21:08Z</time></trkpt><trkpt lat="22.443426666666664" lon="114.28517666666667"><ele>12.1</ele><time>2026-01-24T03:21:10Z</time></trkpt><trkpt lat="22.443426666666664" lon="114.28515333333334"><ele>12.0</ele><time>2026-01-24T03:21:12Z</time></trkpt><trkpt lat="22.443426666666664" lon="114.28513"><ele>11.6</ele><time>2026-01-24T03:21:14Z</time></trkpt><trkpt lat="22.443428333333333" lon="114.28510333333334"><ele>11.299999999999999</ele><time>2026-01-24T03:21:16Z</time></trkpt><trkpt lat="22.44343333333334" lon="114.28507833333333"><ele>10.7</ele><time>2026-01-24T03:21:18Z</time></trkpt><trkpt lat="22.44343666666667" lon="114.28505333333332"><ele>10.1</ele><time>2026-01-24T03:21:20Z</time></trkpt><trkpt lat="22.443441666666665" lon="114.28503166666665"><ele>10.1</ele><time>2026-01-24T03:21:22Z</time></trkpt><trkpt lat="22.443446666666667" lon="114.28501"><ele>10.399999999999999</ele><time>2026-01-24T03:21:24Z</time></trkpt><trkpt lat="22.443451666666668" lon="114.28498666666668"><ele>10.5</ele><time>2026-01-24T03:21:26Z</time></trkpt><trkpt lat="22.443458333333336" lon="114.28496333333332"><ele>10.5</ele><time>2026-01-24T03:21:28Z</time></trkpt><trkpt lat="22.44346666666667" lon="114.28493666666667"><ele>10.6</ele><time>2026-01-24T03:21:30Z</time></trkpt><trkpt lat="22.44347" lon="114.28491333333335"><ele>10.7</ele><time>2026-01-24T03:21:32Z</time></trkpt><trkpt lat="22.44348" lon="114.28488999999999"><ele>10.6</ele><time>2026-01-24T03:21:34Z</time></trkpt><trkpt lat="22.443488333333335" lon="114.284865"><ele>10.6</ele><time>2026-01-24T03:21:36Z</time></trkpt><trkpt lat="22.443495" lon="114.28484666666667"><ele>10.899999999999999</ele><time>2026-01-24T03:21:38Z</time></trkpt><trkpt lat="22.443495" lon="114.28481666666667"><ele>11.1</ele><time>2026-01-24T03:21:41Z</time></trkpt><trkpt lat="22.44349333333333" lon="114.28479"><ele>11.2</ele><time>2026-01-24T03:21:43Z</time></trkpt><trkpt lat="22.44349333333333" lon="114.28477"><ele>11.399999999999999</ele><time>2026-01-24T03:21:45Z</time></trkpt><trkpt lat="22.443488333333335" lon="114.28474499999999"><ele>11.6</ele><time>2026-01-24T03:21:47Z</time></trkpt><trkpt lat="22.44348166666667" lon="114.28472333333333"><ele>11.899999999999999</ele><time>2026-01-24T03:21:49Z</time></trkpt><trkpt lat="22.443474999999996" lon="114.28469833333332"><ele>12.1</ele><time>2026-01-24T03:21:51Z</time></trkpt><trkpt lat="22.44347" lon="114.28467500000001"><ele>11.899999999999999</ele><time>2026-01-24T03:21:53Z</time></trkpt><trkpt lat="22.44347" lon="114.284645"><ele>12.0</ele><time>2026-01-24T03:21:55Z</time></trkpt><trkpt lat="22.443471666666664" lon="114.28461833333334"><ele>12.1</ele><time>2026-01-24T03:21:57Z</time></trkpt><trkpt lat="22.44347833333334" lon="114.28459"><ele>12.299999999999999</ele><time>2026-01-24T03:21:59Z</time></trkpt><trkpt lat="22.443491666666667" lon="114.28456166666668"><ele>12.1</ele><time>2026-01-24T03:22:01Z</time></trkpt><trkpt lat="22.44351" lon="114.28454166666667"><ele>11.2</ele><time>2026-01-24T03:22:03Z</time></trkpt><trkpt lat="22.443525" lon="114.28452333333334"><ele>10.5</ele><time>2026-01-24T03:22:05Z</time></trkpt><trkpt lat="22.443536666666667" lon="114.28450833333333"><ele>10.2</ele><time>2026-01-24T03:22:07Z</time></trkpt><trkpt lat="22.443546666666666" lon="114.28449166666665"><ele>9.899999999999999</ele><time>2026-01-24T03:22:09Z</time></trkpt><trkpt lat="22.443558333333332" lon="114.28447333333334"><ele>9.799999999999999</ele><time>2026-01-24T03:22:11Z</time></trkpt><trkpt lat="22.44357" lon="114.28445833333332"><ele>9.5</ele><time>2026-01-24T03:22:13Z</time></trkpt><trkpt lat="22.443581666666667" lon="114.28444166666668"><ele>9.399999999999999</ele><time>2026-01-24T03:22:15Z</time></trkpt><trkpt lat="22.443591666666666" lon="114.28442333333332"><ele>9.1</ele><time>2026-01-24T03:22:17Z</time></trkpt><trkpt lat="22.4436" lon="114.28440333333334"><ele>9.0</ele><time>2026-01-24T03:22:19Z</time></trkpt><trkpt lat="22.443605" lon="114.28438333333334"><ele>8.899999999999999</ele><time>2026-01-24T03:22:21Z</time></trkpt><trkpt lat="22.443605" lon="114.28435499999999"><ele>8.899999999999999</ele><time>2026-01-24T03:22:23Z</time></trkpt><trkpt lat="22.443608333333334" lon="114.28433333333332"><ele>8.899999999999999</ele><time>2026-01-24T03:22:25Z</time></trkpt><trkpt lat="22.443611666666666" lon="114.28431166666665"><ele>8.6</ele><time>2026-01-24T03:22:27Z</time></trkpt><trkpt lat="22.443615" lon="114.284285"><ele>8.0</ele><time>2026-01-24T03:22:30Z</time></trkpt><trkpt lat="22.443620000000003" lon="114.28426499999999"><ele>7.500000000000001</ele><time>2026-01-24T03:22:32Z</time></trkpt><trkpt lat="22.443626666666667" lon="114.28424666666666"><ele>7.1000000000000005</ele><time>2026-01-24T03:22:34Z</time></trkpt><trkpt lat="22.44363" lon="114.284225"><ele>7.0</ele><time>2026-01-24T03:22:36Z</time></trkpt><trkpt lat="22.443641666666668" lon="114.28420333333334"><ele>6.6000000000000005</ele><time>2026-01-24T03:22:39Z</time></trkpt><trkpt lat="22.44363333333333" lon="114.28418333333333"><ele>6.6000000000000005</ele><time>2026-01-24T03:22:44Z</time></trkpt><trkpt lat="22.443635000000004" lon="114.28415500000001"><ele>6.7</ele><time>2026-01-24T03:22:47Z</time></trkpt><trkpt lat="22.44363" lon="114.28413"><ele>6.8</ele><time>2026-01-24T03:22:50Z</time></trkpt><trkpt lat="22.44363" lon="114.28409833333332"><ele>6.9</ele><time>2026-01-24T03:22:53Z</time></trkpt><trkpt lat="22.44363333333333" lon="114.28407333333334"><ele>6.8</ele><time>2026-01-24T03:22:55Z</time></trkpt><trkpt lat="22.443636666666666" lon="114.28405"><ele>6.7</ele><time>2026-01-24T03:22:57Z</time></trkpt><trkpt lat="22.443638333333336" lon="114.28402833333332"><ele>6.8</ele><time>2026-01-24T03:22:59Z</time></trkpt><trkpt lat="22.443641666666668" lon="114.28400833333332"><ele>6.9</ele><time>2026-01-24T03:23:01Z</time></trkpt><trkpt lat="22.44364333333333" lon="114.283985"><ele>7.1000000000000005</ele><time>2026-01-24T03:23:03Z</time></trkpt><trkpt lat="22.44364333333333" lon="114.28396333333333"><ele>7.2</ele><time>2026-01-24T03:23:05Z</time></trkpt><trkpt lat="22.44364333333333" lon="114.28394000000002"><ele>7.2</ele><time>2026-01-24T03:23:07Z</time></trkpt><trkpt lat="22.44364666666667" lon="114.28392000000001"><ele>6.9</ele><time>2026-01-24T03:23:09Z</time></trkpt><trkpt lat="22.443645" lon="114.283895"><ele>6.9</ele><time>2026-01-24T03:23:11Z</time></trkpt><trkpt lat="22.443645" lon="114.28387333333333"><ele>7.0</ele><time>2026-01-24T03:23:13Z</time></trkpt><trkpt lat="22.44364666666667" lon="114.28385166666666"><ele>7.3999999999999995</ele><time>2026-01-24T03:23:15Z</time></trkpt><trkpt lat="22.44364" lon="114.28383000000001"><ele>7.6000000000000005</ele><time>2026-01-24T03:23:18Z</time></trkpt><trkpt lat="22.443635000000004" lon="114.28380666666665"><ele>9.1</ele><time>2026-01-24T03:23:29Z</time></trkpt><trkpt lat="22.443609999999996" lon="114.28380999999999"><ele>8.5</ele><time>2026-01-24T03:23:34Z</time></trkpt><trkpt lat="22.443591666666666" lon="114.28380833333334"><ele>8.1</ele><time>2026-01-24T03:23:37Z</time></trkpt><trkpt lat="22.443573333333333" lon="114.28380333333334"><ele>7.7</ele><time>2026-01-24T03:23:40Z</time></trkpt><trkpt lat="22.443551666666668" lon="114.283805"><ele>7.500000000000001</ele><time>2026-01-24T03:23:43Z</time></trkpt><trkpt lat="22.443533333333335" lon="114.283805"><ele>7.3</ele><time>2026-01-24T03:23:45Z</time></trkpt><trkpt lat="22.443513333333332" lon="114.28380333333334"><ele>6.9</ele><time>2026-01-24T03:23:48Z</time></trkpt><trkpt lat="22.44349333333333" lon="114.283805"><ele>6.6000000000000005</ele><time>2026-01-24T03:23:51Z</time></trkpt><trkpt lat="22.44347" lon="114.28380999999999"><ele>6.2</ele><time>2026-01-24T03:23:55Z</time></trkpt><trkpt lat="22.443446666666667" lon="114.28381166666668"><ele>5.9</ele><time>2026-01-24T03:23:58Z</time></trkpt><trkpt lat="22.44342166666667" lon="114.28381499999999"><ele>5.3</ele><time>2026-01-24T03:24:01Z</time></trkpt><trkpt lat="22.443399999999997" lon="114.28381499999999"><ele>4.6000000000000005</ele><time>2026-01-24T03:24:05Z</time></trkpt><trkpt lat="22.443386666666665" lon="114.2838"><ele>4.0</ele><time>2026-01-24T03:24:09Z</time></trkpt><trkpt lat="22.443396666666665" lon="114.28378166666668"><ele>3.0</ele><time>2026-01-24T03:24:13Z</time></trkpt><trkpt lat="22.443406666666668" lon="114.28380666666665"><ele>0.3999999999999999</ele><time>2026-01-24T03:24:33Z</time></trkpt><trkpt lat="22.44339166666667" lon="114.28382166666667"><ele>0.30000000000000004</ele><time>2026-01-24T03:24:36Z</time></trkpt><trkpt lat="22.443366666666666" lon="114.28382666666667"><ele>0.30000000000000004</ele><time>2026-01-24T03:24:39Z</time></trkpt><trkpt lat="22.44334333333334" lon="114.28382666666667"><ele>0.3999999999999999</ele><time>2026-01-24T03:24:42Z</time></trkpt><trkpt lat="22.443323333333336" lon="114.28382666666667"><ele>0.7</ele><time>2026-01-24T03:24:44Z</time></trkpt><trkpt lat="22.443305000000002" lon="114.28382166666667"><ele>0.8999999999999999</ele><time>2026-01-24T03:24:46Z</time></trkpt><trkpt lat="22.443285" lon="114.28381333333333"><ele>1.4000000000000001</ele><time>2026-01-24T03:24:50Z</time></trkpt><trkpt lat="22.443261666666665" lon="114.28381666666668"><ele>1.8</ele><time>2026-01-24T03:24:58Z</time></trkpt><trkpt lat="22.44324333333333" lon="114.28381499999999"><ele>2.0999999999999996</ele><time>2026-01-24T03:25:00Z</time></trkpt><trkpt lat="22.443224999999998" lon="114.28381499999999"><ele>2.3</ele><time>2026-01-24T03:25:02Z</time></trkpt><trkpt lat="22.4432" lon="114.28381833333333"><ele>2.7</ele><time>2026-01-24T03:25:05Z</time></trkpt><trkpt lat="22.443173333333334" lon="114.28382000000002"><ele>2.7</ele><time>2026-01-24T03:25:08Z</time></trkpt><trkpt lat="22.443148333333337" lon="114.28382500000001"><ele>2.5999999999999996</ele><time>2026-01-24T03:25:10Z</time></trkpt><trkpt lat="22.443126666666664" lon="114.28382833333332"><ele>2.5</ele><time>2026-01-24T03:25:12Z</time></trkpt><trkpt lat="22.443105" lon="114.28383166666666"><ele>2.4000000000000004</ele><time>2026-01-24T03:25:15Z</time></trkpt><trkpt lat="22.443123333333332" lon="114.28383333333335"><ele>2.2</ele><time>2026-01-24T03:25:20Z</time></trkpt><trkpt lat="22.443101666666667" lon="114.28383333333335"><ele>2.3</ele><time>2026-01-24T03:25:29Z</time></trkpt><trkpt lat="22.443080000000002" lon="114.28383833333334"><ele>2.7</ele><time>2026-01-24T03:25:32Z</time></trkpt><trkpt lat="22.443053333333335" lon="114.28384499999999"><ele>3.0</ele><time>2026-01-24T03:25:35Z</time></trkpt><trkpt lat="22.443035000000002" lon="114.28384666666668"><ele>3.0999999999999996</ele><time>2026-01-24T03:25:37Z</time></trkpt><trkpt lat="22.44301666666667" lon="114.28385166666666"><ele>3.4000000000000004</ele><time>2026-01-24T03:25:39Z</time></trkpt><trkpt lat="22.442991666666664" lon="114.28385333333333"><ele>3.6000000000000005</ele><time>2026-01-24T03:25:42Z</time></trkpt><trkpt lat="22.44297166666667" lon="114.283855"><ele>3.8</ele><time>2026-01-24T03:25:44Z</time></trkpt><trkpt lat="22.442953333333335" lon="114.28386"><ele>3.8</ele><time>2026-01-24T03:25:46Z</time></trkpt><trkpt lat="22.44293" lon="114.28386"><ele>3.9000000000000004</ele><time>2026-01-24T03:25:49Z</time></trkpt><trkpt lat="22.442909999999998" lon="114.28385666666667"><ele>3.8</ele><time>2026-01-24T03:25:52Z</time></trkpt><trkpt lat="22.442886666666663" lon="114.28385833333331"><ele>3.5</ele><time>2026-01-24T03:25:56Z</time></trkpt><trkpt lat="22.442863333333335" lon="114.28385833333331"><ele>1.8</ele><time>2026-01-24T03:26:11Z</time></trkpt><trkpt lat="22.442843333333332" lon="114.28386"><ele>2.4000000000000004</ele><time>2026-01-24T03:26:14Z</time></trkpt><trkpt lat="22.442825000000003" lon="114.28386333333334"><ele>3.0</ele><time>2026-01-24T03:26:21Z</time></trkpt><trkpt lat="22.442801666666664" lon="114.28386666666665"><ele>3.0</ele><time>2026-01-24T03:26:24Z</time></trkpt><trkpt lat="22.442776666666667" lon="114.28387"><ele>2.8</ele><time>2026-01-24T03:26:27Z</time></trkpt><trkpt lat="22.442753333333332" lon="114.283875"><ele>2.7</ele><time>2026-01-24T03:26:30Z</time></trkpt><trkpt lat="22.442728333333335" lon="114.28387833333333"><ele>2.7</ele><time>2026-01-24T03:26:33Z</time></trkpt><trkpt lat="22.442705" lon="114.28388166666667"><ele>2.5</ele><time>2026-01-24T03:26:36Z</time></trkpt><trkpt lat="22.442683333333335" lon="114.28388500000001"><ele>2.3</ele><time>2026-01-24T03:26:39Z</time></trkpt><trkpt lat="22.442661666666663" lon="114.28388333333332"><ele>2.4000000000000004</ele><time>2026-01-24T03:26:43Z</time></trkpt><trkpt lat="22.442641666666667" lon="114.28388333333332"><ele>2.8</ele><time>2026-01-24T03:26:46Z</time></trkpt><trkpt lat="22.442623333333337" lon="114.28388500000001"><ele>2.9000000000000004</ele><time>2026-01-24T03:26:49Z</time></trkpt><trkpt lat="22.442601666666665" lon="114.28388666666666"><ele>3.0</ele><time>2026-01-24T03:26:54Z</time></trkpt><trkpt lat="22.44258" lon="114.28388666666666"><ele>2.8</ele><time>2026-01-24T03:26:58Z</time></trkpt><trkpt lat="22.442556666666665" lon="114.28388333333332"><ele>2.8</ele><time>2026-01-24T03:27:01Z</time></trkpt><trkpt lat="22.44253666666667" lon="114.28389166666666"><ele>2.7</ele><time>2026-01-24T03:27:05Z</time></trkpt><trkpt lat="22.442558333333334" lon="114.28389"><ele>6.1000000000000005</ele><time>2026-01-24T03:27:49Z</time></trkpt><trkpt lat="22.44258333333333" lon="114.28388000000001"><ele>6.0</ele><time>2026-01-24T03:27:52Z</time></trkpt><trkpt lat="22.442606666666666" lon="114.28387666666667"><ele>6.7</ele><time>2026-01-24T03:27:55Z</time></trkpt><trkpt lat="22.442625" lon="114.283875"><ele>0.8</ele><time>2026-01-24T03:29:31Z</time></trkpt><trkpt lat="22.44264333333333" lon="114.28387833333333"><ele>-0.4</ele><time>2026-01-24T03:29:57Z</time></trkpt><trkpt lat="22.442663333333332" lon="114.28386833333334"><ele>-0.30000000000000004</ele><time>2026-01-24T03:30:00Z</time></trkpt><trkpt lat="22.442686666666667" lon="114.28386166666665"><ele>0.0</ele><time>2026-01-24T03:30:03Z</time></trkpt><trkpt lat="22.442676666666664" lon="114.28387833333333"><ele>0.8999999999999999</ele><time>2026-01-24T03:30:11Z</time></trkpt><trkpt lat="22.442696666666667" lon="114.28387333333333"><ele>-0.20000000000000007</ele><time>2026-01-24T03:30:38Z</time></trkpt><trkpt lat="22.442721666666664" lon="114.283875"><ele>-0.10000000000000009</ele><time>2026-01-24T03:30:41Z</time></trkpt><trkpt lat="22.442741666666667" lon="114.283875"><ele>-0.20000000000000007</ele><time>2026-01-24T03:30:43Z</time></trkpt><trkpt lat="22.44276166666667" lon="114.28387166666668"><ele>0.3999999999999999</ele><time>2026-01-24T03:30:45Z</time></trkpt><trkpt lat="22.442783333333335" lon="114.28386833333334"><ele>1.2</ele><time>2026-01-24T03:30:48Z</time></trkpt><trkpt lat="22.442803333333337" lon="114.28386333333334"><ele>1.8</ele><time>2026-01-24T03:30:51Z</time></trkpt><trkpt lat="22.442828333333335" lon="114.28386"><ele>2.2</ele><time>2026-01-24T03:30:54Z</time></trkpt><trkpt lat="22.442855" lon="114.28385000000002"><ele>3.0</ele><time>2026-01-24T03:30:57Z</time></trkpt><trkpt lat="22.442873333333335" lon="114.28384499999999"><ele>3.4000000000000004</ele><time>2026-01-24T03:30:59Z</time></trkpt><trkpt lat="22.442893333333338" lon="114.28384333333334"><ele>3.6000000000000005</ele><time>2026-01-24T03:31:01Z</time></trkpt><trkpt lat="22.442911666666667" lon="114.28384166666667"><ele>3.9000000000000004</ele><time>2026-01-24T03:31:03Z</time></trkpt><trkpt lat="22.442931666666663" lon="114.28383666666666"><ele>4.3</ele><time>2026-01-24T03:31:05Z</time></trkpt><trkpt lat="22.442953333333335" lon="114.283835"><ele>4.5</ele><time>2026-01-24T03:31:07Z</time></trkpt><trkpt lat="22.44297333333333" lon="114.28383666666666"><ele>4.9</ele><time>2026-01-24T03:31:09Z</time></trkpt><trkpt lat="22.442993333333334" lon="114.28383166666666"><ele>4.7</ele><time>2026-01-24T03:31:11Z</time></trkpt><trkpt lat="22.443013333333337" lon="114.28382666666667"><ele>4.5</ele><time>2026-01-24T03:31:13Z</time></trkpt><trkpt lat="22.44303166666667" lon="114.28382333333333"><ele>4.5</ele><time>2026-01-24T03:31:15Z</time></trkpt><trkpt lat="22.443053333333335" lon="114.28382166666667"><ele>4.7</ele><time>2026-01-24T03:31:17Z</time></trkpt><trkpt lat="22.443073333333338" lon="114.28381666666668"><ele>4.8</ele><time>2026-01-24T03:31:19Z</time></trkpt><trkpt lat="22.443095000000003" lon="114.28381333333333"><ele>5.2</ele><time>2026-01-24T03:31:21Z</time></trkpt><trkpt lat="22.443116666666665" lon="114.28380833333334"><ele>5.6000000000000005</ele><time>2026-01-24T03:31:23Z</time></trkpt><trkpt lat="22.443136666666668" lon="114.28380333333334"><ele>5.6000000000000005</ele><time>2026-01-24T03:31:25Z</time></trkpt><trkpt lat="22.443158333333333" lon="114.2838"><ele>5.4</ele><time>2026-01-24T03:31:27Z</time></trkpt><trkpt lat="22.443186666666666" lon="114.28379666666666"><ele>5.1000000000000005</ele><time>2026-01-24T03:31:30Z</time></trkpt><trkpt lat="22.443206666666665" lon="114.28379500000001"><ele>4.9</ele><time>2026-01-24T03:31:32Z</time></trkpt><trkpt lat="22.44322833333333" lon="114.28379500000001"><ele>4.8</ele><time>2026-01-24T03:31:34Z</time></trkpt><trkpt lat="22.443249999999995" lon="114.28379166666667"><ele>4.8</ele><time>2026-01-24T03:31:36Z</time></trkpt><trkpt lat="22.44327" lon="114.28379166666667"><ele>4.9</ele><time>2026-01-24T03:31:38Z</time></trkpt><trkpt lat="22.44329" lon="114.28378833333333"><ele>5.2</ele><time>2026-01-24T03:31:40Z</time></trkpt><trkpt lat="22.443308333333334" lon="114.28379166666667"><ele>5.3</ele><time>2026-01-24T03:31:42Z</time></trkpt><trkpt lat="22.443323333333336" lon="114.28380333333334"><ele>5.0</ele><time>2026-01-24T03:31:44Z</time></trkpt><trkpt lat="22.443309999999997" lon="114.28378833333333"><ele>4.7</ele><time>2026-01-24T03:31:55Z</time></trkpt><trkpt lat="22.443313333333336" lon="114.28376833333331"><ele>3.2</ele><time>2026-01-24T03:32:04Z</time></trkpt><trkpt lat="22.4433" lon="114.28374333333335"><ele>3.2</ele><time>2026-01-24T03:32:07Z</time></trkpt><trkpt lat="22.443305000000002" lon="114.28371666666665"><ele>3.0</ele><time>2026-01-24T03:32:10Z</time></trkpt><trkpt lat="22.443306666666665" lon="114.283695"><ele>1.4999999999999998</ele><time>2026-01-24T03:32:18Z</time></trkpt><trkpt lat="22.443305000000002" lon="114.28367333333333"><ele>1.2</ele><time>2026-01-24T03:32:20Z</time></trkpt><trkpt lat="22.443308333333334" lon="114.28365333333335"><ele>0.8999999999999999</ele><time>2026-01-24T03:32:24Z</time></trkpt><trkpt lat="22.443306666666665" lon="114.28362333333334"><ele>0.8</ele><time>2026-01-24T03:32:27Z</time></trkpt><trkpt lat="22.443306666666665" lon="114.28359833333334"><ele>0.5999999999999999</ele><time>2026-01-24T03:32:29Z</time></trkpt><trkpt lat="22.443308333333334" lon="114.28357833333332"><ele>0.8999999999999999</ele><time>2026-01-24T03:32:31Z</time></trkpt><trkpt lat="22.44330166666667" lon="114.28356000000001"><ele>1.4999999999999998</ele><time>2026-01-24T03:32:33Z</time></trkpt><trkpt lat="22.44328666666667" lon="114.28354499999999"><ele>1.9000000000000001</ele><time>2026-01-24T03:32:36Z</time></trkpt><trkpt lat="22.443296666666665" lon="114.283565"><ele>2.8</ele><time>2026-01-24T03:32:44Z</time></trkpt><trkpt lat="22.443305000000002" lon="114.283585"><ele>2.8</ele><time>2026-01-24T03:32:46Z</time></trkpt><trkpt lat="22.44331833333333" lon="114.28359833333334"><ele>1.5999999999999999</ele><time>2026-01-24T03:32:51Z</time></trkpt><trkpt lat="22.443316666666668" lon="114.28362666666665"><ele>1.3</ele><time>2026-01-24T03:32:54Z</time></trkpt><trkpt lat="22.44331833333333" lon="114.28364833333332"><ele>1.2</ele><time>2026-01-24T03:32:56Z</time></trkpt><trkpt lat="22.443315" lon="114.28366833333332"><ele>1.3</ele><time>2026-01-24T03:32:58Z</time></trkpt><trkpt lat="22.443320000000003" lon="114.28369166666668"><ele>1.3</ele><time>2026-01-24T03:33:00Z</time></trkpt><trkpt lat="22.443320000000003" lon="114.28371666666665"><ele>1.5999999999999999</ele><time>2026-01-24T03:33:02Z</time></trkpt><trkpt lat="22.443320000000003" lon="114.28373833333332"><ele>1.8</ele><time>2026-01-24T03:33:04Z</time></trkpt><trkpt lat="22.44331833333333" lon="114.28376000000002"><ele>2.3</ele><time>2026-01-24T03:33:08Z</time></trkpt><trkpt lat="22.443316666666668" lon="114.28378333333333"><ele>2.8</ele><time>2026-01-24T03:33:13Z</time></trkpt><trkpt lat="22.44333166666667" lon="114.28380333333334"><ele>3.2</ele><time>2026-01-24T03:33:17Z</time></trkpt><trkpt lat="22.443356666666666" lon="114.28380833333334"><ele>3.3</ele><time>2026-01-24T03:33:20Z</time></trkpt><trkpt lat="22.443383333333333" lon="114.2838"><ele>3.6000000000000005</ele><time>2026-01-24T03:33:23Z</time></trkpt><trkpt lat="22.443403333333336" lon="114.28379166666667"><ele>3.8</ele><time>2026-01-24T03:33:25Z</time></trkpt><trkpt lat="22.443429999999996" lon="114.28378833333333"><ele>3.9000000000000004</ele><time>2026-01-24T03:33:27Z</time></trkpt><trkpt lat="22.443456666666666" lon="114.283785"><ele>3.6000000000000005</ele><time>2026-01-24T03:33:29Z</time></trkpt><trkpt lat="22.443474999999996" lon="114.28378666666667"><ele>3.3</ele><time>2026-01-24T03:33:31Z</time></trkpt><trkpt lat="22.443495" lon="114.283785"><ele>2.9000000000000004</ele><time>2026-01-24T03:33:33Z</time></trkpt><trkpt lat="22.443513333333332" lon="114.28378333333333"><ele>2.8</ele><time>2026-01-24T03:33:35Z</time></trkpt><trkpt lat="22.443536666666667" lon="114.283785"><ele>2.9000000000000004</ele><time>2026-01-24T03:33:37Z</time></trkpt><trkpt lat="22.44355666666667" lon="114.28378333333333"><ele>3.0999999999999996</ele><time>2026-01-24T03:33:39Z</time></trkpt><trkpt lat="22.443576666666665" lon="114.28378"><ele>3.7</ele><time>2026-01-24T03:33:41Z</time></trkpt><trkpt lat="22.443596666666668" lon="114.28377833333334"><ele>4.2</ele><time>2026-01-24T03:33:43Z</time></trkpt><trkpt lat="22.443618333333333" lon="114.283775"><ele>4.9</ele><time>2026-01-24T03:33:46Z</time></trkpt><trkpt lat="22.44364" lon="114.28378166666668"><ele>5.9</ele><time>2026-01-24T03:33:49Z</time></trkpt><trkpt lat="22.443656666666666" lon="114.28379000000001"><ele>6.7</ele><time>2026-01-24T03:33:52Z</time></trkpt><trkpt lat="22.44367333333333" lon="114.28380666666665"><ele>8.0</ele><time>2026-01-24T03:33:56Z</time></trkpt><trkpt lat="22.443680000000004" lon="114.28383166666666"><ele>8.399999999999999</ele><time>2026-01-24T03:33:59Z</time></trkpt><trkpt lat="22.44367666666667" lon="114.28385833333331"><ele>8.6</ele><time>2026-01-24T03:34:01Z</time></trkpt><trkpt lat="22.443680000000004" lon="114.28388166666667"><ele>8.7</ele><time>2026-01-24T03:34:03Z</time></trkpt><trkpt lat="22.443680000000004" lon="114.28390666666668"><ele>8.899999999999999</ele><time>2026-01-24T03:34:05Z</time></trkpt><trkpt lat="22.443685" lon="114.28392833333334"><ele>9.0</ele><time>2026-01-24T03:34:07Z</time></trkpt><trkpt lat="22.443685" lon="114.28395166666665"><ele>9.0</ele><time>2026-01-24T03:34:09Z</time></trkpt><trkpt lat="22.443685" lon="114.28397500000001"><ele>9.0</ele><time>2026-01-24T03:34:11Z</time></trkpt><trkpt lat="22.443685" lon="114.28400000000002"><ele>8.899999999999999</ele><time>2026-01-24T03:34:13Z</time></trkpt><trkpt lat="22.443681666666667" lon="114.28402166666667"><ele>8.899999999999999</ele><time>2026-01-24T03:34:15Z</time></trkpt><trkpt lat="22.443680000000004" lon="114.28404333333334"><ele>9.0</ele><time>2026-01-24T03:34:17Z</time></trkpt><trkpt lat="22.44367666666667" lon="114.28406500000001"><ele>8.899999999999999</ele><time>2026-01-24T03:34:19Z</time></trkpt><trkpt lat="22.44367333333333" lon="114.28409000000002"><ele>8.799999999999999</ele><time>2026-01-24T03:34:21Z</time></trkpt><trkpt lat="22.44367666666667" lon="114.28411333333334"><ele>8.5</ele><time>2026-01-24T03:34:23Z</time></trkpt><trkpt lat="22.443668333333335" lon="114.28413833333335"><ele>8.5</ele><time>2026-01-24T03:34:25Z</time></trkpt><trkpt lat="22.443663333333333" lon="114.28416"><ele>8.299999999999999</ele><time>2026-01-24T03:34:27Z</time></trkpt><trkpt lat="22.443663333333333" lon="114.28418833333332"><ele>8.5</ele><time>2026-01-24T03:34:30Z</time></trkpt><trkpt lat="22.44366166666667" lon="114.284215"><ele>8.799999999999999</ele><time>2026-01-24T03:34:33Z</time></trkpt><trkpt lat="22.443658333333328" lon="114.28423666666667"><ele>8.899999999999999</ele><time>2026-01-24T03:34:35Z</time></trkpt><trkpt lat="22.443651666666664" lon="114.28426333333333"><ele>8.899999999999999</ele><time>2026-01-24T03:34:38Z</time></trkpt><trkpt lat="22.44364666666667" lon="114.28428833333334"><ele>8.6</ele><time>2026-01-24T03:34:40Z</time></trkpt><trkpt lat="22.443645" lon="114.28431333333334"><ele>8.299999999999999</ele><time>2026-01-24T03:34:42Z</time></trkpt><trkpt lat="22.44364333333333" lon="114.28433500000001"><ele>8.2</ele><time>2026-01-24T03:34:44Z</time></trkpt><trkpt lat="22.443641666666668" lon="114.28436166666667"><ele>8.1</ele><time>2026-01-24T03:34:46Z</time></trkpt><trkpt lat="22.443636666666666" lon="114.28438499999999"><ele>8.299999999999999</ele><time>2026-01-24T03:34:48Z</time></trkpt><trkpt lat="22.44363" lon="114.28440333333334"><ele>8.399999999999999</ele><time>2026-01-24T03:34:50Z</time></trkpt><trkpt lat="22.443623333333335" lon="114.28442500000001"><ele>8.399999999999999</ele><time>2026-01-24T03:34:52Z</time></trkpt><trkpt lat="22.443611666666666" lon="114.28444666666668"><ele>8.399999999999999</ele><time>2026-01-24T03:34:54Z</time></trkpt><trkpt lat="22.443596666666668" lon="114.28446833333334"><ele>8.7</ele><time>2026-01-24T03:34:56Z</time></trkpt><trkpt lat="22.443585" lon="114.28448666666667"><ele>8.799999999999999</ele><time>2026-01-24T03:34:58Z</time></trkpt><trkpt lat="22.443573333333333" lon="114.28450666666667"><ele>8.799999999999999</ele><time>2026-01-24T03:35:00Z</time></trkpt><trkpt lat="22.443558333333332" lon="114.28451833333332"><ele>9.1</ele><time>2026-01-24T03:35:07Z</time></trkpt><trkpt lat="22.44354333333333" lon="114.28453666666668"><ele>8.799999999999999</ele><time>2026-01-24T03:35:10Z</time></trkpt><trkpt lat="22.443530000000003" lon="114.28455666666666"><ele>8.299999999999999</ele><time>2026-01-24T03:35:13Z</time></trkpt><trkpt lat="22.443525" lon="114.28457666666667"><ele>8.0</ele><time>2026-01-24T03:35:15Z</time></trkpt><trkpt lat="22.443519999999996" lon="114.28460333333332"><ele>7.500000000000001</ele><time>2026-01-24T03:35:18Z</time></trkpt><trkpt lat="22.443515" lon="114.28462999999998"><ele>6.9</ele><time>2026-01-24T03:35:23Z</time></trkpt><trkpt lat="22.443516666666664" lon="114.28465333333334"><ele>6.3</ele><time>2026-01-24T03:35:26Z</time></trkpt><trkpt lat="22.44352666666667" lon="114.28468"><ele>6.1000000000000005</ele><time>2026-01-24T03:35:29Z</time></trkpt><trkpt lat="22.443534999999997" lon="114.28470333333334"><ele>6.0</ele><time>2026-01-24T03:35:32Z</time></trkpt><trkpt lat="22.44354333333333" lon="114.28472166666667"><ele>6.2</ele><time>2026-01-24T03:35:36Z</time></trkpt><trkpt lat="22.443519999999996" lon="114.284685"><ele>7.3</ele><time>2026-01-24T03:35:49Z</time></trkpt><trkpt lat="22.44350833333333" lon="114.284665"><ele>7.8999999999999995</ele><time>2026-01-24T03:35:53Z</time></trkpt><trkpt lat="22.44349333333333" lon="114.28464166666666"><ele>8.5</ele><time>2026-01-24T03:35:56Z</time></trkpt><trkpt lat="22.443488333333335" lon="114.28461999999999"><ele>9.5</ele><time>2026-01-24T03:35:59Z</time></trkpt><trkpt lat="22.443485000000003" lon="114.28459833333334"><ele>10.1</ele><time>2026-01-24T03:36:02Z</time></trkpt><trkpt lat="22.443483333333333" lon="114.284575"><ele>10.299999999999999</ele><time>2026-01-24T03:36:06Z</time></trkpt><trkpt lat="22.443491666666667" lon="114.284555"><ele>10.399999999999999</ele><time>2026-01-24T03:36:10Z</time></trkpt><trkpt lat="22.443505" lon="114.28454166666667"><ele>10.6</ele><time>2026-01-24T03:36:14Z</time></trkpt><trkpt lat="22.443521666666665" lon="114.28452333333334"><ele>10.7</ele><time>2026-01-24T03:36:17Z</time></trkpt><trkpt lat="22.443534999999997" lon="114.28450833333333"><ele>10.7</ele><time>2026-01-24T03:36:20Z</time></trkpt><trkpt lat="22.443551666666668" lon="114.28449166666665"><ele>10.6</ele><time>2026-01-24T03:36:24Z</time></trkpt><trkpt lat="22.44357166666667" lon="114.28449666666666"><ele>10.7</ele><time>2026-01-24T03:36:27Z</time></trkpt><trkpt lat="22.44358833333333" lon="114.28450999999998"><ele>10.799999999999999</ele><time>2026-01-24T03:36:30Z</time></trkpt><trkpt lat="22.443686666666668" lon="114.28454166666667"><ele>13.399999999999999</ele><time>2026-01-24T03:37:36Z</time></trkpt><trkpt lat="22.443699999999996" lon="114.28456666666668"><ele>13.399999999999999</ele><time>2026-01-24T03:37:41Z</time></trkpt><trkpt lat="22.44371833333333" lon="114.28456833333333"><ele>13.1</ele><time>2026-01-24T03:37:48Z</time></trkpt><trkpt lat="22.443741666666664" lon="114.28456666666668"><ele>12.899999999999999</ele><time>2026-01-24T03:37:54Z</time></trkpt><trkpt lat="22.443753333333333" lon="114.28455166666666"><ele>13.1</ele><time>2026-01-24T03:37:58Z</time></trkpt><trkpt lat="22.443791666666666" lon="114.28444499999999"><ele>14.5</ele><time>2026-01-24T03:39:00Z</time></trkpt><trkpt lat="22.443806666666667" lon="114.28443166666666"><ele>14.5</ele><time>2026-01-24T03:39:03Z</time></trkpt><trkpt lat="22.443896666666667" lon="114.28445500000001"><ele>16.2</ele><time>2026-01-24T03:39:36Z</time></trkpt><trkpt lat="22.44395666666667" lon="114.28439166666666"><ele>21.0</ele><time>2026-01-24T03:40:33Z</time></trkpt><trkpt lat="22.44396" lon="114.28436500000001"><ele>25.3</ele><time>2026-01-24T03:40:51Z</time></trkpt><trkpt lat="22.444011666666665" lon="114.28439333333333"><ele>26.3</ele><time>2026-01-24T03:41:13Z</time></trkpt><trkpt lat="22.444106666666666" lon="114.28437666666666"><ele>29.8</ele><time>2026-01-24T03:42:09Z</time></trkpt><trkpt lat="22.44418" lon="114.284375"><ele>39.900000000000006</ele><time>2026-01-24T03:43:18Z</time></trkpt><trkpt lat="22.444246666666665" lon="114.28429499999999"><ele>44.7</ele><time>2026-01-24T03:44:06Z</time></trkpt><trkpt lat="22.444281666666665" lon="114.28427166666667"><ele>47.0</ele><time>2026-01-24T03:44:18Z</time></trkpt><trkpt lat="22.444365" lon="114.28423"><ele>51.800000000000004</ele><time>2026-01-24T03:44:47Z</time></trkpt><trkpt lat="22.444371666666665" lon="114.28421166666666"><ele>53.5</ele><time>2026-01-24T03:44:57Z</time></trkpt><trkpt lat="22.44440833333333" lon="114.28421166666666"><ele>55.800000000000004</ele><time>2026-01-24T03:45:10Z</time></trkpt><trkpt lat="22.444426666666665" lon="114.28421000000002"><ele>56.6</ele><time>2026-01-24T03:45:15Z</time></trkpt><trkpt lat="22.444448333333337" lon="114.28422"><ele>57.0</ele><time>2026-01-24T03:45:29Z</time></trkpt><trkpt lat="22.44446833333333" lon="114.284225"><ele>57.5</ele><time>2026-01-24T03:45:34Z</time></trkpt><trkpt lat="22.444485" lon="114.28421666666667"><ele>58.400000000000006</ele><time>2026-01-24T03:45:43Z</time></trkpt><trkpt lat="22.444575" lon="114.28420666666668"><ele>61.800000000000004</ele><time>2026-01-24T03:46:25Z</time></trkpt><trkpt lat="22.44466" lon="114.28426499999999"><ele>69.7</ele><time>2026-01-24T03:47:05Z</time></trkpt><trkpt lat="22.444686666666666" lon="114.28426499999999"><ele>70.3</ele><time>2026-01-24T03:47:12Z</time></trkpt><trkpt lat="22.444755" lon="114.28429333333334"><ele>72.5</ele><time>2026-01-24T03:47:36Z</time></trkpt><trkpt lat="22.444773333333334" lon="114.28429166666668"><ele>73.0</ele><time>2026-01-24T03:47:40Z</time></trkpt><trkpt lat="22.444795" lon="114.28428666666666"><ele>74.3</ele><time>2026-01-24T03:47:46Z</time></trkpt><trkpt lat="22.444816666666664" lon="114.28428666666666"><ele>75.3</ele><time>2026-01-24T03:47:53Z</time></trkpt><trkpt lat="22.444834999999998" lon="114.28429333333334"><ele>76.2</ele><time>2026-01-24T03:47:57Z</time></trkpt><trkpt lat="22.444885" lon="114.284285"><ele>77.9</ele><time>2026-01-24T03:48:12Z</time></trkpt><trkpt lat="22.444984999999996" lon="114.28429333333334"><ele>83.0</ele><time>2026-01-24T03:49:01Z</time></trkpt><trkpt lat="22.445085000000002" lon="114.28430666666667"><ele>87.2</ele><time>2026-01-24T03:49:34Z</time></trkpt><trkpt lat="22.44518833333333" lon="114.28431333333334"><ele>93.2</ele><time>2026-01-24T03:50:14Z</time></trkpt><trkpt lat="22.4452" lon="114.28429666666668"><ele>94.4</ele><time>2026-01-24T03:50:19Z</time></trkpt><trkpt lat="22.445253333333334" lon="114.28430666666667"><ele>96.9</ele><time>2026-01-24T03:50:33Z</time></trkpt><trkpt lat="22.44527333333333" lon="114.28432"><ele>97.9</ele><time>2026-01-24T03:50:38Z</time></trkpt><trkpt lat="22.44529" lon="114.28433000000001"><ele>98.5</ele><time>2026-01-24T03:50:41Z</time></trkpt><trkpt lat="22.44530166666667" lon="114.28434833333334"><ele>99.10000000000001</ele><time>2026-01-24T03:50:46Z</time></trkpt><trkpt lat="22.44531833333333" lon="114.28436000000002"><ele>99.7</ele><time>2026-01-24T03:50:53Z</time></trkpt><trkpt lat="22.445338333333332" lon="114.28436833333332"><ele>100.10000000000001</ele><time>2026-01-24T03:50:58Z</time></trkpt><trkpt lat="22.445353333333333" lon="114.28438166666668"><ele>100.60000000000001</ele><time>2026-01-24T03:51:02Z</time></trkpt><trkpt lat="22.445371666666666" lon="114.28438833333333"><ele>101.10000000000001</ele><time>2026-01-24T03:51:07Z</time></trkpt><trkpt lat="22.445443333333333" lon="114.28439833333331"><ele>102.8</ele><time>2026-01-24T03:51:31Z</time></trkpt><trkpt lat="22.445455" lon="114.28438166666668"><ele>103.0</ele><time>2026-01-24T03:51:35Z</time></trkpt><trkpt lat="22.44546833333333" lon="114.28436666666667"><ele>103.10000000000001</ele><time>2026-01-24T03:51:40Z</time></trkpt><trkpt lat="22.44548666666667" lon="114.28436166666667"><ele>103.9</ele><time>2026-01-24T03:51:45Z</time></trkpt><trkpt lat="22.445508333333336" lon="114.28436500000001"><ele>105.5</ele><time>2026-01-24T03:51:51Z</time></trkpt><trkpt lat="22.44552666666667" lon="114.28436833333332"><ele>107.10000000000001</ele><time>2026-01-24T03:51:58Z</time></trkpt><trkpt lat="22.44554333333333" lon="114.28436000000002"><ele>107.5</ele><time>2026-01-24T03:52:01Z</time></trkpt><trkpt lat="22.44559" lon="114.284325"><ele>109.60000000000001</ele><time>2026-01-24T03:52:16Z</time></trkpt><trkpt lat="22.445606666666663" lon="114.28433333333332"><ele>110.4</ele><time>2026-01-24T03:52:21Z</time></trkpt><trkpt lat="22.445625000000003" lon="114.28434333333334"><ele>110.9</ele><time>2026-01-24T03:52:25Z</time></trkpt><trkpt lat="22.445641666666667" lon="114.28435833333333"><ele>111.8</ele><time>2026-01-24T03:52:29Z</time></trkpt><trkpt lat="22.445653333333333" lon="114.28437333333335"><ele>113.0</ele><time>2026-01-24T03:52:34Z</time></trkpt><trkpt lat="22.445673333333335" lon="114.28436666666667"><ele>113.9</ele><time>2026-01-24T03:52:38Z</time></trkpt><trkpt lat="22.44569333333333" lon="114.28435499999999"><ele>115.0</ele><time>2026-01-24T03:52:42Z</time></trkpt><trkpt lat="22.445713333333334" lon="114.28436166666667"><ele>116.60000000000001</ele><time>2026-01-24T03:52:48Z</time></trkpt><trkpt lat="22.445809999999998" lon="114.28437000000001"><ele>120.9</ele><time>2026-01-24T03:53:18Z</time></trkpt><trkpt lat="22.445846666666665" lon="114.28437000000001"><ele>122.8</ele><time>2026-01-24T03:53:30Z</time></trkpt><trkpt lat="22.445866666666667" lon="114.28437666666666"><ele>123.8</ele><time>2026-01-24T03:53:37Z</time></trkpt><trkpt lat="22.445884999999997" lon="114.28438333333334"><ele>124.5</ele><time>2026-01-24T03:53:43Z</time></trkpt><trkpt lat="22.445906666666662" lon="114.28438"><ele>125.0</ele><time>2026-01-24T03:53:47Z</time></trkpt><trkpt lat="22.445951666666662" lon="114.28439333333333"><ele>127.3</ele><time>2026-01-24T03:54:06Z</time></trkpt><trkpt lat="22.446011666666664" lon="114.28442500000001"><ele>129.79999999999998</ele><time>2026-01-24T03:54:27Z</time></trkpt><trkpt lat="22.446058333333333" lon="114.28442500000001"><ele>131.89999999999998</ele><time>2026-01-24T03:54:46Z</time></trkpt><trkpt lat="22.446070000000002" lon="114.28443999999999"><ele>132.79999999999998</ele><time>2026-01-24T03:54:51Z</time></trkpt><trkpt lat="22.44608" lon="114.28445833333332"><ele>134.2</ele><time>2026-01-24T03:54:57Z</time></trkpt><trkpt lat="22.446078333333336" lon="114.28447833333333"><ele>135.0</ele><time>2026-01-24T03:55:02Z</time></trkpt><trkpt lat="22.446104999999996" lon="114.28447166666668"><ele>135.79999999999998</ele><time>2026-01-24T03:55:10Z</time></trkpt><trkpt lat="22.446123333333336" lon="114.28447833333333"><ele>136.5</ele><time>2026-01-24T03:55:15Z</time></trkpt><trkpt lat="22.446151666666665" lon="114.28448666666667"><ele>139.29999999999998</ele><time>2026-01-24T03:55:39Z</time></trkpt><trkpt lat="22.446168333333336" lon="114.284495"><ele>139.7</ele><time>2026-01-24T03:55:42Z</time></trkpt><trkpt lat="22.446268333333332" lon="114.28448666666667"><ele>142.6</ele><time>2026-01-24T03:56:20Z</time></trkpt><trkpt lat="22.44630666666667" lon="114.284465"><ele>144.7</ele><time>2026-01-24T03:56:35Z</time></trkpt><trkpt lat="22.446311666666663" lon="114.28444166666668"><ele>145.1</ele><time>2026-01-24T03:56:39Z</time></trkpt><trkpt lat="22.446331666666666" lon="114.28443333333334"><ele>145.6</ele><time>2026-01-24T03:56:44Z</time></trkpt><trkpt lat="22.44635166666667" lon="114.28443833333334"><ele>146.29999999999998</ele><time>2026-01-24T03:56:50Z</time></trkpt><trkpt lat="22.44644333333333" lon="114.284415"><ele>152.1</ele><time>2026-01-24T03:57:26Z</time></trkpt><trkpt lat="22.446548333333332" lon="114.28443333333334"><ele>156.89999999999998</ele><time>2026-01-24T03:58:33Z</time></trkpt><trkpt lat="22.446565000000003" lon="114.28444333333333"><ele>157.79999999999998</ele><time>2026-01-24T03:58:44Z</time></trkpt><trkpt lat="22.446646666666666" lon="114.28438666666668"><ele>165.79999999999998</ele><time>2026-01-24T03:59:54Z</time></trkpt><trkpt lat="22.446671666666663" lon="114.28430666666667"><ele>167.39999999999998</ele><time>2026-01-24T04:00:28Z</time></trkpt><trkpt lat="22.44668166666667" lon="114.28429"><ele>167.6</ele><time>2026-01-24T04:00:30Z</time></trkpt><trkpt lat="22.446696123108648" lon="114.28425822283869" /><trkpt lat="22.44673778125" lon="114.28429579638671" /><trkpt lat="22.446856327360198" lon="114.28426819838702" /><trkpt lat="22.44692678125" lon="114.28425179638671" /><trkpt lat="22.44709078125" lon="114.28435879638671" /><trkpt lat="22.44725878125" lon="114.28470779638671" /><trkpt lat="22.447327656705607" lon="114.28477537198208" /><trkpt lat="22.447364999999998" lon="114.28476500000001"><ele>153.2</ele><time>2026-01-24T04:51:03Z</time></trkpt><trkpt lat="22.44738333333333" lon="114.28477"><ele>152.89999999999998</ele><time>2026-01-24T04:51:08Z</time></trkpt><trkpt lat="22.44739666666667" lon="114.28475666666667"><ele>152.89999999999998</ele><time>2026-01-24T04:51:12Z</time></trkpt><trkpt lat="22.447415" lon="114.28476"><ele>152.79999999999998</ele><time>2026-01-24T04:51:15Z</time></trkpt><trkpt lat="22.447433333333333" lon="114.28476666666666"><ele>152.79999999999998</ele><time>2026-01-24T04:51:22Z</time></trkpt><trkpt lat="22.447416666666662" lon="114.28482000000001"><ele>149.89999999999998</ele><time>2026-01-24T04:51:36Z</time></trkpt><trkpt lat="22.44742833333333" lon="114.28483833333333"><ele>149.5</ele><time>2026-01-24T04:51:39Z</time></trkpt><trkpt lat="22.447448333333334" lon="114.28484666666667"><ele>149.29999999999998</ele><time>2026-01-24T04:51:42Z</time></trkpt><trkpt lat="22.447468333333337" lon="114.28485500000001"><ele>149.39999999999998</ele><time>2026-01-24T04:51:45Z</time></trkpt><trkpt lat="22.447461666666662" lon="114.28487500000001"><ele>149.0</ele><time>2026-01-24T04:51:51Z</time></trkpt><trkpt lat="22.44747166666667" lon="114.28489333333333"><ele>148.7</ele><time>2026-01-24T04:51:54Z</time></trkpt><trkpt lat="22.44747333333333" lon="114.28491333333335"><ele>146.79999999999998</ele><time>2026-01-24T04:52:01Z</time></trkpt><trkpt lat="22.447465000000005" lon="114.284935"><ele>146.29999999999998</ele><time>2026-01-24T04:52:04Z</time></trkpt><trkpt lat="22.447465000000005" lon="114.28496166666667"><ele>145.89999999999998</ele><time>2026-01-24T04:52:07Z</time></trkpt><trkpt lat="22.447483333333334" lon="114.284975"><ele>145.39999999999998</ele><time>2026-01-24T04:52:11Z</time></trkpt><trkpt lat="22.447505" lon="114.284975"><ele>144.7</ele><time>2026-01-24T04:52:14Z</time></trkpt><trkpt lat="22.447523333333333" lon="114.28498166666668"><ele>144.2</ele><time>2026-01-24T04:52:17Z</time></trkpt><trkpt lat="22.447536666666664" lon="114.28500000000001"><ele>142.29999999999998</ele><time>2026-01-24T04:52:26Z</time></trkpt><trkpt lat="22.447544999999998" lon="114.28502333333333"><ele>141.5</ele><time>2026-01-24T04:52:30Z</time></trkpt><trkpt lat="22.44756333333333" lon="114.28503833333335"><ele>140.6</ele><time>2026-01-24T04:52:36Z</time></trkpt><trkpt lat="22.447586666666666" lon="114.28505666666666"><ele>139.29999999999998</ele><time>2026-01-24T04:52:44Z</time></trkpt><trkpt lat="22.447598333333335" lon="114.28507333333333"><ele>138.29999999999998</ele><time>2026-01-24T04:52:49Z</time></trkpt><trkpt lat="22.447615000000003" lon="114.28508333333333"><ele>137.39999999999998</ele><time>2026-01-24T04:52:54Z</time></trkpt><trkpt lat="22.447635" lon="114.28509333333335"><ele>136.6</ele><time>2026-01-24T04:53:00Z</time></trkpt><trkpt lat="22.44765333333333" lon="114.28510666666668"><ele>136.2</ele><time>2026-01-24T04:53:04Z</time></trkpt><trkpt lat="22.44766666666667" lon="114.28512500000001"><ele>135.89999999999998</ele><time>2026-01-24T04:53:09Z</time></trkpt><trkpt lat="22.447664999999997" lon="114.28514666666666"><ele>134.89999999999998</ele><time>2026-01-24T04:53:18Z</time></trkpt><trkpt lat="22.447678333333336" lon="114.28516333333333"><ele>134.39999999999998</ele><time>2026-01-24T04:53:23Z</time></trkpt><trkpt lat="22.447691666666667" lon="114.28518000000001"><ele>133.79999999999998</ele><time>2026-01-24T04:53:26Z</time></trkpt><trkpt lat="22.44771166666667" lon="114.28517666666667"><ele>132.6</ele><time>2026-01-24T04:53:33Z</time></trkpt><trkpt lat="22.44772833333333" lon="114.28519333333334"><ele>131.6</ele><time>2026-01-24T04:53:38Z</time></trkpt><trkpt lat="22.44774333333333" lon="114.285205"><ele>131.1</ele><time>2026-01-24T04:53:42Z</time></trkpt><trkpt lat="22.44775666666667" lon="114.28521833333335"><ele>130.39999999999998</ele><time>2026-01-24T04:53:46Z</time></trkpt><trkpt lat="22.447764999999997" lon="114.28523833333333"><ele>129.5</ele><time>2026-01-24T04:53:54Z</time></trkpt><trkpt lat="22.447785" lon="114.285245"><ele>129.6</ele><time>2026-01-24T04:53:59Z</time></trkpt><trkpt lat="22.44780166666667" lon="114.28525499999999"><ele>129.39999999999998</ele><time>2026-01-24T04:54:02Z</time></trkpt><trkpt lat="22.44781833333333" lon="114.28526666666667"><ele>129.6</ele><time>2026-01-24T04:54:06Z</time></trkpt><trkpt lat="22.447835" lon="114.28527666666666"><ele>129.5</ele><time>2026-01-24T04:54:11Z</time></trkpt><trkpt lat="22.447850000000003" lon="114.28528999999999"><ele>129.0</ele><time>2026-01-24T04:54:18Z</time></trkpt><trkpt lat="22.447856666666667" lon="114.28530833333335"><ele>128.6</ele><time>2026-01-24T04:54:24Z</time></trkpt><trkpt lat="22.447865" lon="114.28532833333333"><ele>128.1</ele><time>2026-01-24T04:54:30Z</time></trkpt><trkpt lat="22.447886666666665" lon="114.28533999999999"><ele>128.0</ele><time>2026-01-24T04:54:35Z</time></trkpt><trkpt lat="22.447905" lon="114.28534333333333"><ele>128.2</ele><time>2026-01-24T04:54:38Z</time></trkpt><trkpt lat="22.447925" lon="114.28534666666668"><ele>128.0</ele><time>2026-01-24T04:54:43Z</time></trkpt><trkpt lat="22.447938333333333" lon="114.28536000000001"><ele>128.0</ele><time>2026-01-24T04:54:49Z</time></trkpt><trkpt lat="22.447989999999997" lon="114.28543833333333"><ele>130.79999999999998</ele><time>2026-01-24T04:57:24Z</time></trkpt><trkpt lat="22.448008333333338" lon="114.28543499999999"><ele>131.1</ele><time>2026-01-24T04:57:28Z</time></trkpt><trkpt lat="22.448024999999998" lon="114.28545000000001"><ele>131.39999999999998</ele><time>2026-01-24T04:57:32Z</time></trkpt><trkpt lat="22.448024999999998" lon="114.28547166666667"><ele>130.7</ele><time>2026-01-24T04:57:41Z</time></trkpt><trkpt lat="22.447989999999997" lon="114.28549333333333"><ele>129.0</ele><time>2026-01-24T04:58:14Z</time></trkpt><trkpt lat="22.447993333333336" lon="114.28551333333334"><ele>128.29999999999998</ele><time>2026-01-24T04:58:18Z</time></trkpt><trkpt lat="22.44799666666667" lon="114.28553833333332"><ele>127.7</ele><time>2026-01-24T04:58:21Z</time></trkpt><trkpt lat="22.44799666666667" lon="114.28555833333333"><ele>127.10000000000001</ele><time>2026-01-24T04:58:25Z</time></trkpt><trkpt lat="22.447985000000003" lon="114.28557333333335"><ele>126.7</ele><time>2026-01-24T04:58:27Z</time></trkpt><trkpt lat="22.447971666666664" lon="114.28558833333334"><ele>126.0</ele><time>2026-01-24T04:58:30Z</time></trkpt><trkpt lat="22.447961666666668" lon="114.28560833333334"><ele>125.0</ele><time>2026-01-24T04:58:37Z</time></trkpt><trkpt lat="22.447943333333335" lon="114.28560999999999"><ele>123.8</ele><time>2026-01-24T04:58:45Z</time></trkpt><trkpt lat="22.447943333333335" lon="114.28563333333335"><ele>123.2</ele><time>2026-01-24T04:58:58Z</time></trkpt><trkpt lat="22.44793666666667" lon="114.28565666666667"><ele>122.7</ele><time>2026-01-24T04:59:01Z</time></trkpt><trkpt lat="22.447929999999996" lon="114.285675"><ele>122.60000000000001</ele><time>2026-01-24T04:59:03Z</time></trkpt><trkpt lat="22.447933333333335" lon="114.28569666666665"><ele>122.2</ele><time>2026-01-24T04:59:06Z</time></trkpt><trkpt lat="22.447931666666666" lon="114.28571666666667"><ele>122.3</ele><time>2026-01-24T04:59:13Z</time></trkpt><trkpt lat="22.44788" lon="114.285765"><ele>115.9</ele><time>2026-01-24T04:59:43Z</time></trkpt><trkpt lat="22.447856666666667" lon="114.28577833333333"><ele>115.3</ele><time>2026-01-24T04:59:46Z</time></trkpt><trkpt lat="22.447878333333332" lon="114.28578166666667"><ele>114.0</ele><time>2026-01-24T04:59:57Z</time></trkpt><trkpt lat="22.447899999999997" lon="114.28578833333334"><ele>113.9</ele><time>2026-01-24T05:00:02Z</time></trkpt><trkpt lat="22.447875" lon="114.28582666666668"><ele>109.3</ele><time>2026-01-24T05:00:30Z</time></trkpt><trkpt lat="22.44786" lon="114.28584333333335"><ele>108.7</ele><time>2026-01-24T05:00:33Z</time></trkpt><trkpt lat="22.447843333333335" lon="114.28585833333334"><ele>106.9</ele><time>2026-01-24T05:00:45Z</time></trkpt><trkpt lat="22.447839999999996" lon="114.28587833333334"><ele>106.3</ele><time>2026-01-24T05:00:48Z</time></trkpt><trkpt lat="22.447836666666664" lon="114.28590833333334"><ele>105.60000000000001</ele><time>2026-01-24T05:00:53Z</time></trkpt><trkpt lat="22.44782" lon="114.28591999999999"><ele>104.0</ele><time>2026-01-24T05:01:04Z</time></trkpt><trkpt lat="22.447828333333337" lon="114.28597166666665"><ele>103.7</ele><time>2026-01-24T05:01:30Z</time></trkpt><trkpt lat="22.44783166666667" lon="114.285995"><ele>103.60000000000001</ele><time>2026-01-24T05:01:34Z</time></trkpt><trkpt lat="22.44783166666667" lon="114.28601666666667"><ele>103.7</ele><time>2026-01-24T05:01:38Z</time></trkpt><trkpt lat="22.447841666666665" lon="114.28603333333334"><ele>103.60000000000001</ele><time>2026-01-24T05:01:49Z</time></trkpt><trkpt lat="22.447828333333337" lon="114.28604666666666"><ele>103.2</ele><time>2026-01-24T05:02:07Z</time></trkpt><trkpt lat="22.44781833333333" lon="114.286065"><ele>102.7</ele><time>2026-01-24T05:02:13Z</time></trkpt><trkpt lat="22.447805000000002" lon="114.28608333333335"><ele>102.5</ele><time>2026-01-24T05:02:16Z</time></trkpt><trkpt lat="22.447785" lon="114.28609666666668"><ele>102.2</ele><time>2026-01-24T05:02:19Z</time></trkpt><trkpt lat="22.447779999999998" lon="114.28611833333335"><ele>102.0</ele><time>2026-01-24T05:02:22Z</time></trkpt><trkpt lat="22.447778333333336" lon="114.28613833333333"><ele>101.60000000000001</ele><time>2026-01-24T05:02:25Z</time></trkpt><trkpt lat="22.44777" lon="114.28615999999998"><ele>101.10000000000001</ele><time>2026-01-24T05:02:28Z</time></trkpt><trkpt lat="22.44775666666667" lon="114.28617666666666"><ele>100.60000000000001</ele><time>2026-01-24T05:02:31Z</time></trkpt><trkpt lat="22.447754999999997" lon="114.28619666666667"><ele>100.5</ele><time>2026-01-24T05:02:34Z</time></trkpt><trkpt lat="22.447745" lon="114.28621666666668"><ele>100.3</ele><time>2026-01-24T05:02:40Z</time></trkpt><trkpt lat="22.447758333333333" lon="114.28623333333334"><ele>99.7</ele><time>2026-01-24T05:02:47Z</time></trkpt><trkpt lat="22.447761666666665" lon="114.28625500000001"><ele>99.60000000000001</ele><time>2026-01-24T05:02:50Z</time></trkpt><trkpt lat="22.44777" lon="114.28627666666668"><ele>99.8</ele><time>2026-01-24T05:02:54Z</time></trkpt><trkpt lat="22.447768333333336" lon="114.28629666666666"><ele>99.7</ele><time>2026-01-24T05:02:58Z</time></trkpt><trkpt lat="22.447766666666666" lon="114.28631833333333"><ele>99.7</ele><time>2026-01-24T05:03:05Z</time></trkpt><trkpt lat="22.447764999999997" lon="114.28643666666667"><ele>99.3</ele><time>2026-01-24T05:04:43Z</time></trkpt><trkpt lat="22.447764999999997" lon="114.286465"><ele>99.2</ele><time>2026-01-24T05:04:46Z</time></trkpt><trkpt lat="22.44777" lon="114.28648666666668"><ele>99.0</ele><time>2026-01-24T05:04:50Z</time></trkpt><trkpt lat="22.447775" lon="114.28650666666665"><ele>98.9</ele><time>2026-01-24T05:04:53Z</time></trkpt><trkpt lat="22.447766666666666" lon="114.28652500000001"><ele>98.5</ele><time>2026-01-24T05:04:56Z</time></trkpt><trkpt lat="22.447776666666662" lon="114.28654499999999"><ele>97.8</ele><time>2026-01-24T05:05:01Z</time></trkpt><trkpt lat="22.447785" lon="114.28656666666666"><ele>97.2</ele><time>2026-01-24T05:05:05Z</time></trkpt><trkpt lat="22.447791666666664" lon="114.28658666666666"><ele>96.8</ele><time>2026-01-24T05:05:08Z</time></trkpt><trkpt lat="22.447808333333334" lon="114.28659999999999"><ele>96.3</ele><time>2026-01-24T05:05:11Z</time></trkpt><trkpt lat="22.44782" lon="114.28662333333332"><ele>95.8</ele><time>2026-01-24T05:05:16Z</time></trkpt><trkpt lat="22.447836666666664" lon="114.28663499999999"><ele>95.7</ele><time>2026-01-24T05:05:20Z</time></trkpt><trkpt lat="22.44782" lon="114.28664333333333"><ele>95.2</ele><time>2026-01-24T05:05:24Z</time></trkpt><trkpt lat="22.447799999999997" lon="114.28665166666666"><ele>94.8</ele><time>2026-01-24T05:05:27Z</time></trkpt><trkpt lat="22.44778666666667" lon="114.28666666666668"><ele>94.8</ele><time>2026-01-24T05:05:30Z</time></trkpt><trkpt lat="22.44777" lon="114.28667666666666"><ele>94.5</ele><time>2026-01-24T05:05:33Z</time></trkpt><trkpt lat="22.447763333333334" lon="114.28670333333334"><ele>93.8</ele><time>2026-01-24T05:05:42Z</time></trkpt><trkpt lat="22.447766666666666" lon="114.28672999999999"><ele>93.5</ele><time>2026-01-24T05:05:45Z</time></trkpt><trkpt lat="22.447776666666662" lon="114.28675166666666"><ele>93.3</ele><time>2026-01-24T05:05:48Z</time></trkpt><trkpt lat="22.447779999999998" lon="114.286775"><ele>92.9</ele><time>2026-01-24T05:05:52Z</time></trkpt><trkpt lat="22.447771666666668" lon="114.28681666666668"><ele>90.5</ele><time>2026-01-24T05:06:20Z</time></trkpt><trkpt lat="22.447763333333334" lon="114.28683833333335"><ele>90.0</ele><time>2026-01-24T05:06:23Z</time></trkpt><trkpt lat="22.447794999999996" lon="114.28688833333332"><ele>88.0</ele><time>2026-01-24T05:06:38Z</time></trkpt><trkpt lat="22.447766666666666" lon="114.28699499999999"><ele>84.0</ele><time>2026-01-24T05:07:34Z</time></trkpt><trkpt lat="22.44779" lon="114.28704666666665"><ele>83.3</ele><time>2026-01-24T05:07:45Z</time></trkpt><trkpt lat="22.447733333333336" lon="114.28714333333333"><ele>79.9</ele><time>2026-01-24T05:08:30Z</time></trkpt><trkpt lat="22.447719999999997" lon="114.28717499999999"><ele>78.8</ele><time>2026-01-24T05:08:39Z</time></trkpt><trkpt lat="22.447713333333333" lon="114.28719500000001"><ele>78.60000000000001</ele><time>2026-01-24T05:08:42Z</time></trkpt><trkpt lat="22.44774166666667" lon="114.28728833333335"><ele>77.0</ele><time>2026-01-24T05:09:25Z</time></trkpt><trkpt lat="22.447776666666662" lon="114.28730166666668"><ele>77.4</ele><time>2026-01-24T05:10:12Z</time></trkpt><trkpt lat="22.44779" lon="114.287315"><ele>77.5</ele><time>2026-01-24T05:10:15Z</time></trkpt><trkpt lat="22.447803333333333" lon="114.28733333333334"><ele>77.5</ele><time>2026-01-24T05:10:19Z</time></trkpt><trkpt lat="22.447816666666668" lon="114.28734666666666"><ele>77.60000000000001</ele><time>2026-01-24T05:10:23Z</time></trkpt><trkpt lat="22.44786333333333" lon="114.28744166666665"><ele>77.3</ele><time>2026-01-24T05:10:49Z</time></trkpt><trkpt lat="22.447881666666664" lon="114.28744666666668"><ele>77.2</ele><time>2026-01-24T05:10:52Z</time></trkpt><trkpt lat="22.447929999999996" lon="114.28747"><ele>77.5</ele><time>2026-01-24T05:10:59Z</time></trkpt><trkpt lat="22.447948333333336" lon="114.287475"><ele>78.0</ele><time>2026-01-24T05:11:03Z</time></trkpt><trkpt lat="22.447985000000003" lon="114.28753999999999"><ele>80.3</ele><time>2026-01-24T05:11:19Z</time></trkpt><trkpt lat="22.448008333333338" lon="114.28754333333333"><ele>81.0</ele><time>2026-01-24T05:11:23Z</time></trkpt><trkpt lat="22.44802666666667" lon="114.28754499999998"><ele>81.9</ele><time>2026-01-24T05:11:27Z</time></trkpt><trkpt lat="22.448019999999996" lon="114.28756333333334"><ele>82.5</ele><time>2026-01-24T05:11:31Z</time></trkpt><trkpt lat="22.44804" lon="114.28756666666668"><ele>83.0</ele><time>2026-01-24T05:11:37Z</time></trkpt><trkpt lat="22.448073333333333" lon="114.28766166666668"><ele>87.10000000000001</ele><time>2026-01-24T05:12:31Z</time></trkpt><trkpt lat="22.448096666666668" lon="114.28771499999999"><ele>92.10000000000001</ele><time>2026-01-24T05:12:55Z</time></trkpt><trkpt lat="22.44808666666667" lon="114.28773166666666"><ele>93.60000000000001</ele><time>2026-01-24T05:12:59Z</time></trkpt><trkpt lat="22.448064999999996" lon="114.28773166666666"><ele>94.2</ele><time>2026-01-24T05:13:05Z</time></trkpt><trkpt lat="22.448048333333336" lon="114.287745"><ele>94.60000000000001</ele><time>2026-01-24T05:13:09Z</time></trkpt><trkpt lat="22.448038333333336" lon="114.28776500000001"><ele>94.7</ele><time>2026-01-24T05:13:12Z</time></trkpt><trkpt lat="22.44804" lon="114.28778499999999"><ele>94.7</ele><time>2026-01-24T05:13:17Z</time></trkpt><trkpt lat="22.448046666666663" lon="114.28780333333334"><ele>94.5</ele><time>2026-01-24T05:13:20Z</time></trkpt><trkpt lat="22.44806" lon="114.28781666666667"><ele>94.5</ele><time>2026-01-24T05:13:22Z</time></trkpt><trkpt lat="22.448075000000003" lon="114.28783833333334"><ele>94.7</ele><time>2026-01-24T05:13:25Z</time></trkpt><trkpt lat="22.44808833333333" lon="114.28785333333332"><ele>95.3</ele><time>2026-01-24T05:13:30Z</time></trkpt><trkpt lat="22.448066666666666" lon="114.287835"><ele>95.9</ele><time>2026-01-24T05:13:47Z</time></trkpt><trkpt lat="22.44805" lon="114.28782000000001"><ele>95.7</ele><time>2026-01-24T05:13:51Z</time></trkpt><trkpt lat="22.448066666666666" lon="114.28783166666666"><ele>96.0</ele><time>2026-01-24T05:14:01Z</time></trkpt><trkpt lat="22.448076666666665" lon="114.28785"><ele>96.8</ele><time>2026-01-24T05:14:05Z</time></trkpt><trkpt lat="22.448073333333333" lon="114.28787166666667"><ele>97.8</ele><time>2026-01-24T05:14:13Z</time></trkpt><trkpt lat="22.44809" lon="114.287925"><ele>98.9</ele><time>2026-01-24T05:14:31Z</time></trkpt><trkpt lat="22.448109999999996" lon="114.28793666666667"><ele>99.60000000000001</ele><time>2026-01-24T05:14:46Z</time></trkpt><trkpt lat="22.448095" lon="114.28795"><ele>100.8</ele><time>2026-01-24T05:14:57Z</time></trkpt><trkpt lat="22.44810166666667" lon="114.28797000000002"><ele>101.4</ele><time>2026-01-24T05:15:02Z</time></trkpt><trkpt lat="22.448103333333332" lon="114.28799333333333"><ele>101.5</ele><time>2026-01-24T05:15:06Z</time></trkpt><trkpt lat="22.448103333333332" lon="114.288015"><ele>101.7</ele><time>2026-01-24T05:15:10Z</time></trkpt><trkpt lat="22.44811666666667" lon="114.28802833333333"><ele>101.4</ele><time>2026-01-24T05:15:14Z</time></trkpt><trkpt lat="22.44808833333333" lon="114.28801166666666"><ele>101.8</ele><time>2026-01-24T05:15:22Z</time></trkpt><trkpt lat="22.448058333333332" lon="114.28802166666668"><ele>102.2</ele><time>2026-01-24T05:15:30Z</time></trkpt><trkpt lat="22.448036666666667" lon="114.28802833333333"><ele>102.2</ele><time>2026-01-24T05:15:33Z</time></trkpt><trkpt lat="22.448018333333334" lon="114.28804"><ele>102.10000000000001</ele><time>2026-01-24T05:15:38Z</time></trkpt><trkpt lat="22.448008333333338" lon="114.28806000000002"><ele>102.10000000000001</ele><time>2026-01-24T05:15:42Z</time></trkpt><trkpt lat="22.447988333333335" lon="114.28808666666667"><ele>103.8</ele><time>2026-01-24T05:16:01Z</time></trkpt><trkpt lat="22.447995" lon="114.28811166666668"><ele>103.8</ele><time>2026-01-24T05:16:04Z</time></trkpt><trkpt lat="22.44799666666667" lon="114.28813333333333"><ele>103.9</ele><time>2026-01-24T05:16:09Z</time></trkpt><trkpt lat="22.447989999999997" lon="114.28815333333333"><ele>104.2</ele><time>2026-01-24T05:16:14Z</time></trkpt><trkpt lat="22.44799833333333" lon="114.28817333333333"><ele>104.5</ele><time>2026-01-24T05:16:19Z</time></trkpt><trkpt lat="22.448003333333336" lon="114.28821"><ele>103.3</ele><time>2026-01-24T05:16:42Z</time></trkpt><trkpt lat="22.447978333333335" lon="114.28828666666668"><ele>105.0</ele><time>2026-01-24T05:17:06Z</time></trkpt><trkpt lat="22.447973333333334" lon="114.28830666666666"><ele>104.4</ele><time>2026-01-24T05:17:10Z</time></trkpt><trkpt lat="22.447963333333337" lon="114.28833333333333"><ele>103.60000000000001</ele><time>2026-01-24T05:17:30Z</time></trkpt><trkpt lat="22.448008333333338" lon="114.28835833333332"><ele>102.5</ele><time>2026-01-24T05:18:02Z</time></trkpt><trkpt lat="22.44801166666667" lon="114.28837999999999"><ele>102.2</ele><time>2026-01-24T05:18:31Z</time></trkpt><trkpt lat="22.448001666666663" lon="114.28839833333335"><ele>101.8</ele><time>2026-01-24T05:18:35Z</time></trkpt><trkpt lat="22.448003333333336" lon="114.28842000000002"><ele>101.7</ele><time>2026-01-24T05:18:40Z</time></trkpt><trkpt lat="22.447985000000003" lon="114.28842833333334"><ele>101.5</ele><time>2026-01-24T05:18:48Z</time></trkpt><trkpt lat="22.44796666666667" lon="114.28842333333333"><ele>100.8</ele><time>2026-01-24T05:18:53Z</time></trkpt><trkpt lat="22.44795166666667" lon="114.28843666666668"><ele>100.0</ele><time>2026-01-24T05:19:01Z</time></trkpt><trkpt lat="22.447938333333333" lon="114.28845166666666"><ele>99.5</ele><time>2026-01-24T05:19:05Z</time></trkpt><trkpt lat="22.447925" lon="114.28847833333333"><ele>100.10000000000001</ele><time>2026-01-24T05:19:17Z</time></trkpt><trkpt lat="22.44790666666667" lon="114.28847833333333"><ele>100.10000000000001</ele><time>2026-01-24T05:19:20Z</time></trkpt><trkpt lat="22.447881666666664" lon="114.28852666666668"><ele>95.2</ele><time>2026-01-24T05:20:42Z</time></trkpt><trkpt lat="22.447869999999998" lon="114.28854166666666"><ele>94.60000000000001</ele><time>2026-01-24T05:20:46Z</time></trkpt><trkpt lat="22.447854999999997" lon="114.28855833333334"><ele>93.9</ele><time>2026-01-24T05:20:50Z</time></trkpt><trkpt lat="22.447848333333333" lon="114.28857666666666"><ele>93.4</ele><time>2026-01-24T05:20:53Z</time></trkpt><trkpt lat="22.447866666666663" lon="114.28858"><ele>92.5</ele><time>2026-01-24T05:21:00Z</time></trkpt><trkpt lat="22.447889999999997" lon="114.28864333333334"><ele>91.9</ele><time>2026-01-24T05:23:18Z</time></trkpt><trkpt lat="22.44788" lon="114.28862166666667"><ele>88.60000000000001</ele><time>2026-01-24T05:24:00Z</time></trkpt><trkpt lat="22.447861666666668" lon="114.288615"><ele>88.4</ele><time>2026-01-24T05:24:04Z</time></trkpt><trkpt lat="22.447850000000003" lon="114.28864166666666"><ele>87.9</ele><time>2026-01-24T05:24:33Z</time></trkpt><trkpt lat="22.447826666666668" lon="114.28865333333333"><ele>87.3</ele><time>2026-01-24T05:24:36Z</time></trkpt><trkpt lat="22.447811666666666" lon="114.28866500000001"><ele>87.10000000000001</ele><time>2026-01-24T05:24:41Z</time></trkpt><trkpt lat="22.447799999999997" lon="114.28868333333334"><ele>86.9</ele><time>2026-01-24T05:24:45Z</time></trkpt><trkpt lat="22.447853333333335" lon="114.28869166666667"><ele>87.60000000000001</ele><time>2026-01-24T05:25:59Z</time></trkpt><trkpt lat="22.447858333333336" lon="114.28863166666666"><ele>86.4</ele><time>2026-01-24T05:26:25Z</time></trkpt><trkpt lat="22.44786333333333" lon="114.28872000000001"><ele>86.5</ele><time>2026-01-24T05:27:09Z</time></trkpt><trkpt lat="22.447853333333335" lon="114.28874499999999"><ele>86.5</ele><time>2026-01-24T05:27:11Z</time></trkpt><trkpt lat="22.447893333333333" lon="114.28873333333334"><ele>80.9</ele><time>2026-01-24T05:31:19Z</time></trkpt><trkpt lat="22.447905" lon="114.28871666666667"><ele>81.8</ele><time>2026-01-24T05:31:36Z</time></trkpt><trkpt lat="22.447938333333333" lon="114.28869666666667"><ele>85.2</ele><time>2026-01-24T05:32:20Z</time></trkpt><trkpt lat="22.447941666666665" lon="114.28866500000001"><ele>84.7</ele><time>2026-01-24T05:32:31Z</time></trkpt><trkpt lat="22.447931666666666" lon="114.28864666666665"><ele>84.5</ele><time>2026-01-24T05:32:34Z</time></trkpt><trkpt lat="22.447943333333335" lon="114.28863000000001"><ele>85.0</ele><time>2026-01-24T05:32:43Z</time></trkpt><trkpt lat="22.447928333333333" lon="114.28860833333334"><ele>88.9</ele><time>2026-01-24T05:33:07Z</time></trkpt><trkpt lat="22.447933333333335" lon="114.28858666666665"><ele>88.7</ele><time>2026-01-24T05:33:11Z</time></trkpt><trkpt lat="22.447934999999998" lon="114.28856666666667"><ele>89.7</ele><time>2026-01-24T05:33:20Z</time></trkpt><trkpt lat="22.447923333333332" lon="114.28854833333335"><ele>90.2</ele><time>2026-01-24T05:33:25Z</time></trkpt><trkpt lat="22.447848333333333" lon="114.28849333333334"><ele>87.5</ele><time>2026-01-24T05:34:49Z</time></trkpt><trkpt lat="22.447875" lon="114.28847333333333"><ele>88.4</ele><time>2026-01-24T05:35:03Z</time></trkpt><trkpt lat="22.447886666666665" lon="114.28845666666666"><ele>88.8</ele><time>2026-01-24T05:35:06Z</time></trkpt><trkpt lat="22.447878333333332" lon="114.28848"><ele>88.10000000000001</ele><time>2026-01-24T05:35:14Z</time></trkpt><trkpt lat="22.447813333333336" lon="114.28846166666666"><ele>86.9</ele><time>2026-01-24T05:36:35Z</time></trkpt><trkpt lat="22.447809999999997" lon="114.28844"><ele>86.5</ele><time>2026-01-24T05:36:39Z</time></trkpt><trkpt lat="22.447805000000002" lon="114.28836666666666"><ele>85.10000000000001</ele><time>2026-01-24T05:37:26Z</time></trkpt><trkpt lat="22.447799999999997" lon="114.28834666666668"><ele>84.5</ele><time>2026-01-24T05:37:33Z</time></trkpt><trkpt lat="22.447766666666666" lon="114.28835"><ele>83.5</ele><time>2026-01-24T05:38:05Z</time></trkpt><trkpt lat="22.44774166666667" lon="114.28831"><ele>83.4</ele><time>2026-01-24T05:38:21Z</time></trkpt><trkpt lat="22.447763333333334" lon="114.28832499999999"><ele>88.2</ele><time>2026-01-24T05:39:37Z</time></trkpt><trkpt lat="22.44777333333333" lon="114.28834499999999"><ele>88.9</ele><time>2026-01-24T05:39:40Z</time></trkpt><trkpt lat="22.447768333333336" lon="114.28837666666668"><ele>91.4</ele><time>2026-01-24T05:39:59Z</time></trkpt><trkpt lat="22.447776666666662" lon="114.28841166666668"><ele>90.9</ele><time>2026-01-24T05:41:20Z</time></trkpt><trkpt lat="22.447839999999996" lon="114.28843166666665"><ele>91.5</ele><time>2026-01-24T05:41:53Z</time></trkpt><trkpt lat="22.447856666666667" lon="114.28841833333333"><ele>91.7</ele><time>2026-01-24T05:41:57Z</time></trkpt><trkpt lat="22.44787666666667" lon="114.28840833333334"><ele>92.2</ele><time>2026-01-24T05:42:01Z</time></trkpt><trkpt lat="22.447973333333334" lon="114.28836833333335"><ele>95.0</ele><time>2026-01-24T05:43:47Z</time></trkpt><trkpt lat="22.447993333333336" lon="114.28836833333335"><ele>95.0</ele><time>2026-01-24T05:43:51Z</time></trkpt><trkpt lat="22.448005" lon="114.28841499999999"><ele>97.4</ele><time>2026-01-24T05:44:42Z</time></trkpt><trkpt lat="22.447991666666667" lon="114.28842833333334"><ele>97.9</ele><time>2026-01-24T05:44:47Z</time></trkpt><trkpt lat="22.447973333333334" lon="114.28843"><ele>97.5</ele><time>2026-01-24T05:44:51Z</time></trkpt><trkpt lat="22.44795" lon="114.28843666666668"><ele>97.5</ele><time>2026-01-24T05:44:57Z</time></trkpt><trkpt lat="22.447929999999996" lon="114.28846999999999"><ele>98.10000000000001</ele><time>2026-01-24T05:45:07Z</time></trkpt><trkpt lat="22.447941666666665" lon="114.28848500000001"><ele>97.5</ele><time>2026-01-24T05:45:28Z</time></trkpt><trkpt lat="22.447948333333336" lon="114.28850666666668"><ele>97.4</ele><time>2026-01-24T05:45:35Z</time></trkpt><trkpt lat="22.447948333333336" lon="114.28852666666668"><ele>97.4</ele><time>2026-01-24T05:45:39Z</time></trkpt><trkpt lat="22.447943333333335" lon="114.28854833333335"><ele>96.8</ele><time>2026-01-24T05:45:44Z</time></trkpt><trkpt lat="22.447941666666665" lon="114.28856833333333"><ele>96.4</ele><time>2026-01-24T05:45:48Z</time></trkpt><trkpt lat="22.447941666666665" lon="114.28858999999999"><ele>95.60000000000001</ele><time>2026-01-24T05:45:54Z</time></trkpt><trkpt lat="22.447946666666667" lon="114.28861"><ele>95.60000000000001</ele><time>2026-01-24T05:45:58Z</time></trkpt><trkpt lat="22.447948333333336" lon="114.28863333333332"><ele>95.5</ele><time>2026-01-24T05:46:02Z</time></trkpt><trkpt lat="22.447946666666667" lon="114.28866500000001"><ele>95.3</ele><time>2026-01-24T05:46:14Z</time></trkpt><trkpt lat="22.44795" lon="114.28868499999999"><ele>95.5</ele><time>2026-01-24T05:46:20Z</time></trkpt><trkpt lat="22.447965" lon="114.2887"><ele>94.7</ele><time>2026-01-24T05:46:26Z</time></trkpt><trkpt lat="22.447988333333335" lon="114.28871333333333"><ele>92.4</ele><time>2026-01-24T05:46:45Z</time></trkpt><trkpt lat="22.448006666666668" lon="114.28870833333333"><ele>91.5</ele><time>2026-01-24T05:46:51Z</time></trkpt><trkpt lat="22.448006666666668" lon="114.28873333333334"><ele>91.2</ele><time>2026-01-24T05:47:00Z</time></trkpt><trkpt lat="22.447976666666666" lon="114.28875333333332"><ele>90.60000000000001</ele><time>2026-01-24T05:47:13Z</time></trkpt><trkpt lat="22.447978333333335" lon="114.28871499999998"><ele>88.5</ele><time>2026-01-24T05:47:35Z</time></trkpt><trkpt lat="22.447983333333333" lon="114.28873833333334"><ele>88.2</ele><time>2026-01-24T05:47:39Z</time></trkpt><trkpt lat="22.447988333333335" lon="114.28876"><ele>88.10000000000001</ele><time>2026-01-24T05:47:42Z</time></trkpt><trkpt lat="22.447955" lon="114.28876999999999"><ele>85.5</ele><time>2026-01-24T05:48:04Z</time></trkpt><trkpt lat="22.447928333333333" lon="114.28878833333334"><ele>84.3</ele><time>2026-01-24T05:48:16Z</time></trkpt><trkpt lat="22.447889999999997" lon="114.28885333333334"><ele>76.60000000000001</ele><time>2026-01-24T05:49:26Z</time></trkpt><trkpt lat="22.44787666666667" lon="114.28890500000001"><ele>75.10000000000001</ele><time>2026-01-24T05:49:39Z</time></trkpt><trkpt lat="22.44784666666667" lon="114.28900666666665"><ele>63.400000000000006</ele><time>2026-01-24T05:51:14Z</time></trkpt><trkpt lat="22.447848333333333" lon="114.28911000000001"><ele>58.300000000000004</ele><time>2026-01-24T05:52:52Z</time></trkpt><trkpt lat="22.44786" lon="114.289125"><ele>57.7</ele><time>2026-01-24T05:52:56Z</time></trkpt><trkpt lat="22.447848333333333" lon="114.28915666666666"><ele>54.1</ele><time>2026-01-24T05:53:15Z</time></trkpt><trkpt lat="22.447848333333333" lon="114.28918"><ele>53.300000000000004</ele><time>2026-01-24T05:53:20Z</time></trkpt><trkpt lat="22.447854999999997" lon="114.28921833333334"><ele>51.5</ele><time>2026-01-24T05:53:39Z</time></trkpt><trkpt lat="22.447844999999997" lon="114.28927"><ele>49.6</ele><time>2026-01-24T05:53:53Z</time></trkpt><trkpt lat="22.447851666666665" lon="114.28929166666667"><ele>49.0</ele><time>2026-01-24T05:53:59Z</time></trkpt><trkpt lat="22.447835" lon="114.28930333333334"><ele>47.0</ele><time>2026-01-24T05:54:07Z</time></trkpt><trkpt lat="22.44783" lon="114.28935833333335"><ele>43.7</ele><time>2026-01-24T05:54:39Z</time></trkpt><trkpt lat="22.447798333333335" lon="114.289455"><ele>40.7</ele><time>2026-01-24T05:55:17Z</time></trkpt><trkpt lat="22.447749999999996" lon="114.28947333333332"><ele>36.300000000000004</ele><time>2026-01-24T05:56:33Z</time></trkpt><trkpt lat="22.447731666666662" lon="114.28948333333334"><ele>35.7</ele><time>2026-01-24T05:56:37Z</time></trkpt><trkpt lat="22.447726666666668" lon="114.28946333333333"><ele>34.300000000000004</ele><time>2026-01-24T05:56:50Z</time></trkpt><trkpt lat="22.447671666666665" lon="114.28952666666667"><ele>33.2</ele><time>2026-01-24T05:57:44Z</time></trkpt><trkpt lat="22.447661666666665" lon="114.28954333333334"><ele>33.300000000000004</ele><time>2026-01-24T05:57:47Z</time></trkpt><trkpt lat="22.447641666666662" lon="114.28954666666665"><ele>33.2</ele><time>2026-01-24T05:57:51Z</time></trkpt><trkpt lat="22.447625000000002" lon="114.28953500000001"><ele>33.1</ele><time>2026-01-24T05:57:57Z</time></trkpt><trkpt lat="22.447556666666667" lon="114.28948999999999"><ele>33.6</ele><time>2026-01-24T05:58:46Z</time></trkpt><trkpt lat="22.447566666666663" lon="114.28957"><ele>33.6</ele><time>2026-01-24T05:59:41Z</time></trkpt><trkpt lat="22.447553333333335" lon="114.28958333333334"><ele>33.800000000000004</ele><time>2026-01-24T05:59:44Z</time></trkpt><trkpt lat="22.447513333333337" lon="114.28958333333334"><ele>35.800000000000004</ele><time>2026-01-24T05:59:59Z</time></trkpt><trkpt lat="22.447493333333334" lon="114.28958333333334"><ele>36.400000000000006</ele><time>2026-01-24T06:00:03Z</time></trkpt><trkpt lat="22.447481666666665" lon="114.28956833333335"><ele>36.6</ele><time>2026-01-24T06:00:08Z</time></trkpt><trkpt lat="22.44750333333333" lon="114.28958833333333"><ele>36.400000000000006</ele><time>2026-01-24T06:00:29Z</time></trkpt><trkpt lat="22.447488333333332" lon="114.28960666666666"><ele>37.2</ele><time>2026-01-24T06:00:33Z</time></trkpt><trkpt lat="22.447480000000002" lon="114.28962666666666"><ele>37.900000000000006</ele><time>2026-01-24T06:00:37Z</time></trkpt><trkpt lat="22.447446666666664" lon="114.28964833333333"><ele>38.7</ele><time>2026-01-24T06:00:53Z</time></trkpt><trkpt lat="22.447433333333333" lon="114.289665"><ele>38.7</ele><time>2026-01-24T06:00:57Z</time></trkpt><trkpt lat="22.447415" lon="114.28969000000001"><ele>38.6</ele><time>2026-01-24T06:01:01Z</time></trkpt><trkpt lat="22.447400000000002" lon="114.28970833333332"><ele>38.900000000000006</ele><time>2026-01-24T06:01:05Z</time></trkpt><trkpt lat="22.447393333333334" lon="114.28972999999999"><ele>39.1</ele><time>2026-01-24T06:01:08Z</time></trkpt><trkpt lat="22.447386666666663" lon="114.28975166666666"><ele>39.400000000000006</ele><time>2026-01-24T06:01:14Z</time></trkpt><trkpt lat="22.447376666666667" lon="114.28976833333333"><ele>39.6</ele><time>2026-01-24T06:01:18Z</time></trkpt><trkpt lat="22.44737" lon="114.28978833333333"><ele>40.0</ele><time>2026-01-24T06:01:20Z</time></trkpt><trkpt lat="22.447376666666667" lon="114.28980666666666"><ele>40.300000000000004</ele><time>2026-01-24T06:01:24Z</time></trkpt><trkpt lat="22.447393333333334" lon="114.28982166666668"><ele>40.900000000000006</ele><time>2026-01-24T06:01:27Z</time></trkpt><trkpt lat="22.447403333333334" lon="114.28984"><ele>41.800000000000004</ele><time>2026-01-24T06:01:31Z</time></trkpt><trkpt lat="22.447415" lon="114.28985499999999"><ele>42.400000000000006</ele><time>2026-01-24T06:01:35Z</time></trkpt><trkpt lat="22.44742666666667" lon="114.28987000000001"><ele>43.2</ele><time>2026-01-24T06:01:39Z</time></trkpt><trkpt lat="22.447466666666667" lon="114.28996000000001"><ele>45.900000000000006</ele><time>2026-01-24T06:02:16Z</time></trkpt><trkpt lat="22.447468333333337" lon="114.28998166666666"><ele>46.0</ele><time>2026-01-24T06:02:21Z</time></trkpt><trkpt lat="22.447451666666666" lon="114.28999666666665"><ele>46.0</ele><time>2026-01-24T06:02:25Z</time></trkpt><trkpt lat="22.447438333333334" lon="114.29001333333332"><ele>46.400000000000006</ele><time>2026-01-24T06:02:30Z</time></trkpt><trkpt lat="22.447439999999997" lon="114.29003333333334"><ele>47.300000000000004</ele><time>2026-01-24T06:02:36Z</time></trkpt><trkpt lat="22.44744166666667" lon="114.29005833333333"><ele>47.900000000000006</ele><time>2026-01-24T06:02:41Z</time></trkpt><trkpt lat="22.447425" lon="114.29013666666667"><ele>50.800000000000004</ele><time>2026-01-24T06:03:12Z</time></trkpt><trkpt lat="22.447418333333335" lon="114.29016000000001"><ele>51.0</ele><time>2026-01-24T06:03:19Z</time></trkpt><trkpt lat="22.44742833333333" lon="114.29018666666667"><ele>51.900000000000006</ele><time>2026-01-24T06:03:29Z</time></trkpt><trkpt lat="22.447439999999997" lon="114.29023833333333"><ele>53.6</ele><time>2026-01-24T06:03:42Z</time></trkpt><trkpt lat="22.447456666666668" lon="114.29025333333333"><ele>54.1</ele><time>2026-01-24T06:03:46Z</time></trkpt><trkpt lat="22.447463333333335" lon="114.29027333333333"><ele>54.7</ele><time>2026-01-24T06:03:50Z</time></trkpt><trkpt lat="22.447448333333334" lon="114.29028833333332"><ele>55.300000000000004</ele><time>2026-01-24T06:03:56Z</time></trkpt><trkpt lat="22.447445000000002" lon="114.29031666666667"><ele>56.0</ele><time>2026-01-24T06:04:04Z</time></trkpt><trkpt lat="22.447435000000002" lon="114.29033833333332"><ele>56.5</ele><time>2026-01-24T06:04:09Z</time></trkpt><trkpt lat="22.447425" lon="114.29035833333334"><ele>56.7</ele><time>2026-01-24T06:04:12Z</time></trkpt><trkpt lat="22.447411666666667" lon="114.29037666666666"><ele>56.900000000000006</ele><time>2026-01-24T06:04:16Z</time></trkpt><trkpt lat="22.447398333333332" lon="114.29039166666668"><ele>56.900000000000006</ele><time>2026-01-24T06:04:21Z</time></trkpt><trkpt lat="22.44735166666667" lon="114.29043000000001"><ele>55.900000000000006</ele><time>2026-01-24T06:04:42Z</time></trkpt><trkpt lat="22.447349999999997" lon="114.29040833333332"><ele>57.0</ele><time>2026-01-24T06:05:01Z</time></trkpt><trkpt lat="22.447331666666667" lon="114.29040833333332"><ele>57.2</ele><time>2026-01-24T06:05:08Z</time></trkpt><trkpt lat="22.447316666666666" lon="114.29046000000001"><ele>57.5</ele><time>2026-01-24T06:05:25Z</time></trkpt><trkpt lat="22.44725" lon="114.29055000000001"><ele>57.2</ele><time>2026-01-24T06:05:48Z</time></trkpt><trkpt lat="22.447229999999998" lon="114.29056"><ele>57.0</ele><time>2026-01-24T06:05:52Z</time></trkpt><trkpt lat="22.447211666666664" lon="114.290565"><ele>57.0</ele><time>2026-01-24T06:05:59Z</time></trkpt><trkpt lat="22.447133333333333" lon="114.290625"><ele>57.6</ele><time>2026-01-24T06:06:33Z</time></trkpt><trkpt lat="22.447108333333336" lon="114.290635"><ele>57.800000000000004</ele><time>2026-01-24T06:06:38Z</time></trkpt><trkpt lat="22.447090000000003" lon="114.29064666666666"><ele>58.0</ele><time>2026-01-24T06:06:41Z</time></trkpt><trkpt lat="22.44702666666667" lon="114.29070666666667"><ele>58.7</ele><time>2026-01-24T06:07:01Z</time></trkpt><trkpt lat="22.447025" lon="114.29072999999998"><ele>59.1</ele><time>2026-01-24T06:07:09Z</time></trkpt><trkpt lat="22.447018333333336" lon="114.29074833333334"><ele>59.1</ele><time>2026-01-24T06:07:12Z</time></trkpt><trkpt lat="22.447006666666667" lon="114.29076333333333"><ele>59.300000000000004</ele><time>2026-01-24T06:07:15Z</time></trkpt><trkpt lat="22.446998333333333" lon="114.29078333333334"><ele>59.5</ele><time>2026-01-24T06:07:19Z</time></trkpt><trkpt lat="22.446989999999996" lon="114.290805"><ele>59.800000000000004</ele><time>2026-01-24T06:07:22Z</time></trkpt><trkpt lat="22.44694833333333" lon="114.29081666666667"><ele>60.800000000000004</ele><time>2026-01-24T06:07:30Z</time></trkpt><trkpt lat="22.44693" lon="114.29083333333334"><ele>62.0</ele><time>2026-01-24T06:07:34Z</time></trkpt><trkpt lat="22.446914999999997" lon="114.29088833333331"><ele>68.2</ele><time>2026-01-24T06:08:14Z</time></trkpt><trkpt lat="22.446911666666665" lon="114.29091333333332"><ele>68.60000000000001</ele><time>2026-01-24T06:08:18Z</time></trkpt><trkpt lat="22.446910000000003" lon="114.29096166666668"><ele>70.7</ele><time>2026-01-24T06:08:33Z</time></trkpt><trkpt lat="22.446913333333335" lon="114.29098666666665"><ele>71.0</ele><time>2026-01-24T06:08:37Z</time></trkpt><trkpt lat="22.446916666666667" lon="114.29101"><ele>71.9</ele><time>2026-01-24T06:08:43Z</time></trkpt><trkpt lat="22.446914999999997" lon="114.29102999999999"><ele>72.3</ele><time>2026-01-24T06:08:46Z</time></trkpt><trkpt lat="22.446928333333336" lon="114.29106833333331"><ele>73.0</ele><time>2026-01-24T06:08:55Z</time></trkpt><trkpt lat="22.44694" lon="114.29108833333333"><ele>72.9</ele><time>2026-01-24T06:09:01Z</time></trkpt><trkpt lat="22.446928333333336" lon="114.29111833333333"><ele>72.3</ele><time>2026-01-24T06:09:09Z</time></trkpt><trkpt lat="22.446913333333335" lon="114.29113166666666"><ele>71.7</ele><time>2026-01-24T06:09:14Z</time></trkpt><trkpt lat="22.44690333333333" lon="114.29114833333333"><ele>71.60000000000001</ele><time>2026-01-24T06:09:18Z</time></trkpt><trkpt lat="22.446895" lon="114.29117"><ele>72.0</ele><time>2026-01-24T06:09:25Z</time></trkpt><trkpt lat="22.44688833333333" lon="114.291195"><ele>72.10000000000001</ele><time>2026-01-24T06:09:30Z</time></trkpt><trkpt lat="22.44689166666667" lon="114.291225"><ele>72.5</ele><time>2026-01-24T06:09:36Z</time></trkpt><trkpt lat="22.446883333333336" lon="114.29124500000002"><ele>72.8</ele><time>2026-01-24T06:09:42Z</time></trkpt><trkpt lat="22.44687333333333" lon="114.29126666666667"><ele>73.10000000000001</ele><time>2026-01-24T06:09:46Z</time></trkpt><trkpt lat="22.446865000000003" lon="114.29128666666665"><ele>73.3</ele><time>2026-01-24T06:09:51Z</time></trkpt><trkpt lat="22.446853333333333" lon="114.29136166666667"><ele>75.60000000000001</ele><time>2026-01-24T06:10:12Z</time></trkpt><trkpt lat="22.44685" lon="114.29138333333334"><ele>76.7</ele><time>2026-01-24T06:10:20Z</time></trkpt><trkpt lat="22.446808333333333" lon="114.29141666666668"><ele>76.7</ele><time>2026-01-24T06:10:29Z</time></trkpt><trkpt lat="22.44681166666667" lon="114.29143833333335"><ele>77.2</ele><time>2026-01-24T06:10:33Z</time></trkpt><trkpt lat="22.446866666666665" lon="114.29150333333334"><ele>80.8</ele><time>2026-01-24T06:11:08Z</time></trkpt><trkpt lat="22.44685666666667" lon="114.29152333333334"><ele>81.2</ele><time>2026-01-24T06:11:11Z</time></trkpt><trkpt lat="22.446839999999998" lon="114.29153333333333"><ele>81.8</ele><time>2026-01-24T06:11:18Z</time></trkpt><trkpt lat="22.446824999999997" lon="114.29161166666667"><ele>84.60000000000001</ele><time>2026-01-24T06:11:41Z</time></trkpt><trkpt lat="22.446806666666664" lon="114.29162333333333"><ele>86.60000000000001</ele><time>2026-01-24T06:11:52Z</time></trkpt><trkpt lat="22.446809999999996" lon="114.29168999999999"><ele>89.3</ele><time>2026-01-24T06:12:09Z</time></trkpt><trkpt lat="22.446821666666665" lon="114.29171333333333"><ele>90.10000000000001</ele><time>2026-01-24T06:12:15Z</time></trkpt><trkpt lat="22.446793333333336" lon="114.29181500000001"><ele>96.5</ele><time>2026-01-24T06:13:13Z</time></trkpt><trkpt lat="22.4468" lon="114.29183333333334"><ele>96.8</ele><time>2026-01-24T06:13:16Z</time></trkpt><trkpt lat="22.4468" lon="114.291855"><ele>97.4</ele><time>2026-01-24T06:13:19Z</time></trkpt><trkpt lat="22.446808333333333" lon="114.29187500000002"><ele>98.0</ele><time>2026-01-24T06:13:23Z</time></trkpt><trkpt lat="22.44679833333333" lon="114.291895"><ele>98.8</ele><time>2026-01-24T06:13:27Z</time></trkpt><trkpt lat="22.446734999999997" lon="114.29195166666665"><ele>104.8</ele><time>2026-01-24T06:14:30Z</time></trkpt><trkpt lat="22.446728333333333" lon="114.29197166666667"><ele>105.10000000000001</ele><time>2026-01-24T06:14:33Z</time></trkpt><trkpt lat="22.44671333333333" lon="114.29199166666668"><ele>105.2</ele><time>2026-01-24T06:14:40Z</time></trkpt><trkpt lat="22.446628333333333" lon="114.29204333333334"><ele>105.60000000000001</ele><time>2026-01-24T06:15:10Z</time></trkpt><trkpt lat="22.446614999999998" lon="114.29205666666667"><ele>105.4</ele><time>2026-01-24T06:15:13Z</time></trkpt><trkpt lat="22.44663333333333" lon="114.29209166666666"><ele>109.9</ele><time>2026-01-24T06:17:11Z</time></trkpt><trkpt lat="22.446629999999995" lon="114.29215666666666"><ele>113.2</ele><time>2026-01-24T06:18:39Z</time></trkpt><trkpt lat="22.44666333333333" lon="114.29225"><ele>116.60000000000001</ele><time>2026-01-24T06:19:27Z</time></trkpt><trkpt lat="22.446649999999998" lon="114.29226500000001"><ele>116.7</ele><time>2026-01-24T06:19:32Z</time></trkpt><trkpt lat="22.446643333333334" lon="114.29234999999998"><ele>120.8</ele><time>2026-01-24T06:20:11Z</time></trkpt><trkpt lat="22.446629999999995" lon="114.29237166666665"><ele>122.2</ele><time>2026-01-24T06:20:19Z</time></trkpt><trkpt lat="22.44661833333333" lon="114.29241500000002"><ele>126.0</ele><time>2026-01-24T06:21:50Z</time></trkpt><trkpt lat="22.446626666666663" lon="114.29244500000001"><ele>128.5</ele><time>2026-01-24T06:22:05Z</time></trkpt><trkpt lat="22.44662166666667" lon="114.29246499999999"><ele>129.89999999999998</ele><time>2026-01-24T06:22:16Z</time></trkpt><trkpt lat="22.44659166666667" lon="114.29247500000001"><ele>130.1</ele><time>2026-01-24T06:22:32Z</time></trkpt><trkpt lat="22.44658666666667" lon="114.29250166666667"><ele>128.89999999999998</ele><time>2026-01-24T06:23:11Z</time></trkpt><trkpt lat="22.446595000000002" lon="114.292525"><ele>129.2</ele><time>2026-01-24T06:23:16Z</time></trkpt><trkpt lat="22.446613333333335" lon="114.29254833333334"><ele>129.79999999999998</ele><time>2026-01-24T06:23:27Z</time></trkpt><trkpt lat="22.446613333333335" lon="114.29256833333332"><ele>130.5</ele><time>2026-01-24T06:23:31Z</time></trkpt><trkpt lat="22.446593333333333" lon="114.29257833333334"><ele>130.5</ele><time>2026-01-24T06:23:36Z</time></trkpt><trkpt lat="22.44658" lon="114.29260166666667"><ele>132.0</ele><time>2026-01-24T06:23:57Z</time></trkpt><trkpt lat="22.446610000000003" lon="114.29262666666666"><ele>132.8</ele><time>2026-01-24T06:24:06Z</time></trkpt><trkpt lat="22.446626666666663" lon="114.29263833333334"><ele>133.5</ele><time>2026-01-24T06:24:09Z</time></trkpt><trkpt lat="22.446638333333333" lon="114.29265333333333"><ele>134.3</ele><time>2026-01-24T06:24:13Z</time></trkpt><trkpt lat="22.446635" lon="114.29267499999999"><ele>135.10000000000002</ele><time>2026-01-24T06:24:19Z</time></trkpt><trkpt lat="22.446640000000002" lon="114.29269500000001"><ele>136.20000000000002</ele><time>2026-01-24T06:24:28Z</time></trkpt><trkpt lat="22.446659999999998" lon="114.29273666666668"><ele>137.3</ele><time>2026-01-24T06:24:41Z</time></trkpt><trkpt lat="22.44669666666667" lon="114.29279666666667"><ele>138.10000000000002</ele><time>2026-01-24T06:24:59Z</time></trkpt><trkpt lat="22.44670833333333" lon="114.29281166666667"><ele>138.5</ele><time>2026-01-24T06:25:05Z</time></trkpt><trkpt lat="22.44672666666667" lon="114.29282333333335"><ele>138.4</ele><time>2026-01-24T06:25:09Z</time></trkpt><trkpt lat="22.446734999999997" lon="114.29284333333332"><ele>138.5</ele><time>2026-01-24T06:25:12Z</time></trkpt><trkpt lat="22.44675833333333" lon="114.292885"><ele>139.20000000000002</ele><time>2026-01-24T06:25:22Z</time></trkpt><trkpt lat="22.446778333333334" lon="114.29289666666666"><ele>139.70000000000002</ele><time>2026-01-24T06:25:29Z</time></trkpt><trkpt lat="22.446808333333333" lon="114.29292166666667"><ele>140.60000000000002</ele><time>2026-01-24T06:25:38Z</time></trkpt><trkpt lat="22.446821666666665" lon="114.29293666666666"><ele>140.70000000000002</ele><time>2026-01-24T06:25:42Z</time></trkpt><trkpt lat="22.446836666666666" lon="114.29295166666667"><ele>140.70000000000002</ele><time>2026-01-24T06:25:46Z</time></trkpt><trkpt lat="22.44685666666667" lon="114.29303333333334"><ele>140.5</ele><time>2026-01-24T06:26:31Z</time></trkpt><trkpt lat="22.44685666666667" lon="114.29305500000001"><ele>140.70000000000002</ele><time>2026-01-24T06:26:38Z</time></trkpt><trkpt lat="22.44685" lon="114.29307666666666"><ele>145.3</ele><time>2026-01-24T06:27:49Z</time></trkpt><trkpt lat="22.44684833333333" lon="114.29305500000001"><ele>145.60000000000002</ele><time>2026-01-24T06:27:53Z</time></trkpt><trkpt lat="22.446869999999997" lon="114.29304166666667"><ele>144.8</ele><time>2026-01-24T06:27:58Z</time></trkpt><trkpt lat="22.44685" lon="114.29303499999999"><ele>144.4</ele><time>2026-01-24T06:29:09Z</time></trkpt><trkpt lat="22.446833333333334" lon="114.29304333333333"><ele>144.3</ele><time>2026-01-24T06:29:11Z</time></trkpt><trkpt lat="22.446835000000004" lon="114.29306666666668"><ele>144.3</ele><time>2026-01-24T06:29:17Z</time></trkpt><trkpt lat="22.446821666666665" lon="114.29316333333333"><ele>142.70000000000002</ele><time>2026-01-24T06:30:11Z</time></trkpt><trkpt lat="22.44683166666667" lon="114.29318333333335"><ele>142.9</ele><time>2026-01-24T06:30:15Z</time></trkpt><trkpt lat="22.44684833333333" lon="114.293265"><ele>144.8</ele><time>2026-01-24T06:30:40Z</time></trkpt><trkpt lat="22.446836666666666" lon="114.293295"><ele>144.5</ele><time>2026-01-24T06:30:47Z</time></trkpt><trkpt lat="22.446839999999998" lon="114.29331500000002"><ele>144.10000000000002</ele><time>2026-01-24T06:30:53Z</time></trkpt><trkpt lat="22.446815" lon="114.29333333333334"><ele>143.4</ele><time>2026-01-24T06:31:08Z</time></trkpt><trkpt lat="22.446796666666668" lon="114.29334666666666"><ele>142.60000000000002</ele><time>2026-01-24T06:31:13Z</time></trkpt><trkpt lat="22.446791666666666" lon="114.29337"><ele>141.70000000000002</ele><time>2026-01-24T06:31:17Z</time></trkpt><trkpt lat="22.446794999999998" lon="114.29339666666668"><ele>141.3</ele><time>2026-01-24T06:31:20Z</time></trkpt><trkpt lat="22.44679833333333" lon="114.29341666666666"><ele>141.0</ele><time>2026-01-24T06:31:23Z</time></trkpt><trkpt lat="22.44679833333333" lon="114.29343833333333"><ele>141.3</ele><time>2026-01-24T06:31:26Z</time></trkpt><trkpt lat="22.44680166666667" lon="114.29347000000001"><ele>142.4</ele><time>2026-01-24T06:31:39Z</time></trkpt><trkpt lat="22.44684666666667" lon="114.293475"><ele>142.9</ele><time>2026-01-24T06:32:17Z</time></trkpt><trkpt lat="22.44682833333333" lon="114.29347666666666"><ele>143.0</ele><time>2026-01-24T06:32:24Z</time></trkpt><trkpt lat="22.44682833333333" lon="114.29349833333332"><ele>143.4</ele><time>2026-01-24T06:32:32Z</time></trkpt><trkpt lat="22.446809999999996" lon="114.29348666666668"><ele>142.20000000000002</ele><time>2026-01-24T06:32:54Z</time></trkpt><trkpt lat="22.446791666666666" lon="114.29347833333334"><ele>142.0</ele><time>2026-01-24T06:32:57Z</time></trkpt><trkpt lat="22.446818333333333" lon="114.29349166666667"><ele>143.3</ele><time>2026-01-24T06:33:51Z</time></trkpt><trkpt lat="22.44681333333333" lon="114.29347000000001"><ele>143.4</ele><time>2026-01-24T06:33:56Z</time></trkpt><trkpt lat="22.446835000000004" lon="114.29346833333332"><ele>143.60000000000002</ele><time>2026-01-24T06:34:00Z</time></trkpt><trkpt lat="22.446854999999996" lon="114.29345833333333"><ele>143.9</ele><time>2026-01-24T06:34:07Z</time></trkpt><trkpt lat="22.44685" lon="114.29348166666665"><ele>143.4</ele><time>2026-01-24T06:35:02Z</time></trkpt><trkpt lat="22.44683166666667" lon="114.29347166666666"><ele>143.3</ele><time>2026-01-24T06:35:05Z</time></trkpt><trkpt lat="22.446821666666665" lon="114.29344666666665"><ele>143.10000000000002</ele><time>2026-01-24T06:35:08Z</time></trkpt><trkpt lat="22.44680166666667" lon="114.29344333333331"><ele>142.60000000000002</ele><time>2026-01-24T06:35:11Z</time></trkpt><trkpt lat="22.446779999999997" lon="114.29343666666666"><ele>142.4</ele><time>2026-01-24T06:35:14Z</time></trkpt><trkpt lat="22.446764999999996" lon="114.293425"><ele>141.9</ele><time>2026-01-24T06:35:17Z</time></trkpt><trkpt lat="22.446743333333334" lon="114.29342666666668"><ele>141.5</ele><time>2026-01-24T06:35:21Z</time></trkpt><trkpt lat="22.44675666666667" lon="114.29340833333332"><ele>140.9</ele><time>2026-01-24T06:35:24Z</time></trkpt><trkpt lat="22.446778333333334" lon="114.29342333333334"><ele>140.9</ele><time>2026-01-24T06:35:29Z</time></trkpt><trkpt lat="22.446796666666668" lon="114.29341833333335"><ele>141.20000000000002</ele><time>2026-01-24T06:35:31Z</time></trkpt><trkpt lat="22.44681666666667" lon="114.29341166666667"><ele>141.4</ele><time>2026-01-24T06:35:35Z</time></trkpt><trkpt lat="22.446820000000002" lon="114.29338666666666"><ele>141.4</ele><time>2026-01-24T06:35:39Z</time></trkpt><trkpt lat="22.44681666666667" lon="114.293365"><ele>140.9</ele><time>2026-01-24T06:35:48Z</time></trkpt><trkpt lat="22.44680333333333" lon="114.29338833333334"><ele>141.70000000000002</ele><time>2026-01-24T06:36:45Z</time></trkpt><trkpt lat="22.44681333333333" lon="114.29340666666667"><ele>141.4</ele><time>2026-01-24T06:36:49Z</time></trkpt><trkpt lat="22.446826666666666" lon="114.29345166666666"><ele>140.20000000000002</ele><time>2026-01-24T06:37:09Z</time></trkpt><trkpt lat="22.446838333333336" lon="114.29347333333332"><ele>140.3</ele><time>2026-01-24T06:37:13Z</time></trkpt><trkpt lat="22.44678333333333" lon="114.29350500000001"><ele>138.60000000000002</ele><time>2026-01-24T06:38:09Z</time></trkpt><trkpt lat="22.44677166666667" lon="114.29352166666668"><ele>139.8</ele><time>2026-01-24T06:38:18Z</time></trkpt><trkpt lat="22.44676" lon="114.29356000000001"><ele>139.5</ele><time>2026-01-24T06:38:38Z</time></trkpt><trkpt lat="22.44674166666667" lon="114.29355666666667"><ele>138.70000000000002</ele><time>2026-01-24T06:38:45Z</time></trkpt><trkpt lat="22.44672333333333" lon="114.29357"><ele>137.60000000000002</ele><time>2026-01-24T06:38:54Z</time></trkpt><trkpt lat="22.446725" lon="114.29360999999999"><ele>137.5</ele><time>2026-01-24T06:39:04Z</time></trkpt><trkpt lat="22.446730000000002" lon="114.29363166666666"><ele>137.5</ele><time>2026-01-24T06:39:07Z</time></trkpt><trkpt lat="22.446826666666666" lon="114.29367166666667"><ele>136.20000000000002</ele><time>2026-01-24T06:40:01Z</time></trkpt><trkpt lat="22.44685833333333" lon="114.29370166666668"><ele>136.70000000000002</ele><time>2026-01-24T06:40:27Z</time></trkpt><trkpt lat="22.44683" lon="114.2938"><ele>130.70000000000002</ele><time>2026-01-24T06:42:03Z</time></trkpt><trkpt lat="22.446851666666664" lon="114.29387833333334"><ele>130.4</ele><time>2026-01-24T06:43:56Z</time></trkpt><trkpt lat="22.44683166666667" lon="114.29386333333332"><ele>129.60000000000002</ele><time>2026-01-24T06:44:02Z</time></trkpt><trkpt lat="22.446838333333336" lon="114.29382666666667"><ele>128.70000000000002</ele><time>2026-01-24T06:44:43Z</time></trkpt><trkpt lat="22.446868333333335" lon="114.29385833333332"><ele>127.3</ele><time>2026-01-24T06:45:08Z</time></trkpt><trkpt lat="22.44687333333333" lon="114.29388166666668"><ele>127.7</ele><time>2026-01-24T06:45:12Z</time></trkpt><trkpt lat="22.446881666666666" lon="114.2939"><ele>128.10000000000002</ele><time>2026-01-24T06:45:15Z</time></trkpt><trkpt lat="22.446895" lon="114.29391499999998"><ele>128.10000000000002</ele><time>2026-01-24T06:45:20Z</time></trkpt><trkpt lat="22.446905" lon="114.29393333333334"><ele>127.8</ele><time>2026-01-24T06:45:25Z</time></trkpt><trkpt lat="22.446913333333335" lon="114.29395500000001"><ele>127.0</ele><time>2026-01-24T06:45:31Z</time></trkpt><trkpt lat="22.44691833333333" lon="114.29398"><ele>126.5</ele><time>2026-01-24T06:45:43Z</time></trkpt><trkpt lat="22.446928333333336" lon="114.29399833333333"><ele>126.89999999999999</ele><time>2026-01-24T06:45:47Z</time></trkpt><trkpt lat="22.446905" lon="114.29400666666668"><ele>126.39999999999999</ele><time>2026-01-24T06:45:51Z</time></trkpt><trkpt lat="22.44690666666667" lon="114.29402666666668"><ele>126.8</ele><time>2026-01-24T06:46:00Z</time></trkpt><trkpt lat="22.446911666666665" lon="114.29407166666667"><ele>127.1</ele><time>2026-01-24T06:46:08Z</time></trkpt><trkpt lat="22.446923333333334" lon="114.29409"><ele>127.3</ele><time>2026-01-24T06:46:11Z</time></trkpt><trkpt lat="22.446941666666664" lon="114.29410166666666"><ele>127.3</ele><time>2026-01-24T06:46:16Z</time></trkpt><trkpt lat="22.446956666666665" lon="114.29411333333334"><ele>127.7</ele><time>2026-01-24T06:46:19Z</time></trkpt><trkpt lat="22.44695" lon="114.29413166666667"><ele>128.3</ele><time>2026-01-24T06:46:26Z</time></trkpt><trkpt lat="22.446966666666672" lon="114.29416666666665"><ele>128.3</ele><time>2026-01-24T06:46:35Z</time></trkpt><trkpt lat="22.447013333333334" lon="114.29421166666667"><ele>127.60000000000001</ele><time>2026-01-24T06:47:46Z</time></trkpt><trkpt lat="22.447018333333336" lon="114.29423166666666"><ele>127.3</ele><time>2026-01-24T06:47:49Z</time></trkpt><trkpt lat="22.44702666666667" lon="114.29425333333332"><ele>126.8</ele><time>2026-01-24T06:47:54Z</time></trkpt><trkpt lat="22.447048333333335" lon="114.29426166666666"><ele>126.6</ele><time>2026-01-24T06:47:57Z</time></trkpt><trkpt lat="22.447063333333336" lon="114.29427499999998"><ele>126.3</ele><time>2026-01-24T06:48:02Z</time></trkpt><trkpt lat="22.44707166666667" lon="114.29429833333333"><ele>126.3</ele><time>2026-01-24T06:48:06Z</time></trkpt><trkpt lat="22.447079999999996" lon="114.29431833333335"><ele>126.5</ele><time>2026-01-24T06:48:08Z</time></trkpt><trkpt lat="22.447090000000003" lon="114.29433666666667"><ele>126.7</ele><time>2026-01-24T06:48:13Z</time></trkpt><trkpt lat="22.447101666666672" lon="114.29435333333335"><ele>126.8</ele><time>2026-01-24T06:48:17Z</time></trkpt><trkpt lat="22.44711333333333" lon="114.29437166666666"><ele>126.89999999999999</ele><time>2026-01-24T06:48:20Z</time></trkpt><trkpt lat="22.447121666666664" lon="114.29438999999999"><ele>127.0</ele><time>2026-01-24T06:48:25Z</time></trkpt><trkpt lat="22.44712666666667" lon="114.29441333333334"><ele>126.89999999999999</ele><time>2026-01-24T06:48:30Z</time></trkpt><trkpt lat="22.447139999999997" lon="114.29443500000001"><ele>126.89999999999999</ele><time>2026-01-24T06:48:33Z</time></trkpt><trkpt lat="22.447150000000004" lon="114.29445166666667"><ele>127.0</ele><time>2026-01-24T06:48:36Z</time></trkpt><trkpt lat="22.447156666666668" lon="114.29447166666665"><ele>127.1</ele><time>2026-01-24T06:48:39Z</time></trkpt><trkpt lat="22.447145" lon="114.29449166666667"><ele>127.0</ele><time>2026-01-24T06:48:43Z</time></trkpt><trkpt lat="22.447150000000004" lon="114.29451333333333"><ele>127.2</ele><time>2026-01-24T06:48:46Z</time></trkpt><trkpt lat="22.447155" lon="114.29453333333335"><ele>127.3</ele><time>2026-01-24T06:48:52Z</time></trkpt><trkpt lat="22.447193333333335" lon="114.29457499999998"><ele>127.49999999999999</ele><time>2026-01-24T06:49:27Z</time></trkpt><trkpt lat="22.44720333333333" lon="114.29459166666666"><ele>127.89999999999999</ele><time>2026-01-24T06:49:30Z</time></trkpt><trkpt lat="22.447211666666664" lon="114.29461500000001"><ele>128.20000000000002</ele><time>2026-01-24T06:49:33Z</time></trkpt><trkpt lat="22.447218333333332" lon="114.29463499999999"><ele>128.4</ele><time>2026-01-24T06:49:37Z</time></trkpt><trkpt lat="22.447229999999998" lon="114.29465499999999"><ele>128.5</ele><time>2026-01-24T06:49:41Z</time></trkpt><trkpt lat="22.44723666666666" lon="114.29467500000001"><ele>128.5</ele><time>2026-01-24T06:49:44Z</time></trkpt><trkpt lat="22.447240000000004" lon="114.29469666666667"><ele>128.4</ele><time>2026-01-24T06:49:48Z</time></trkpt><trkpt lat="22.44724666666667" lon="114.29471833333334"><ele>128.8</ele><time>2026-01-24T06:49:53Z</time></trkpt><trkpt lat="22.44732333333333" lon="114.29477833333334"><ele>131.10000000000002</ele><time>2026-01-24T06:51:09Z</time></trkpt><trkpt lat="22.447361666666666" lon="114.29488166666667"><ele>131.0</ele><time>2026-01-24T06:51:41Z</time></trkpt><trkpt lat="22.447376666666667" lon="114.29489833333334"><ele>131.3</ele><time>2026-01-24T06:51:45Z</time></trkpt><trkpt lat="22.447386666666663" lon="114.29491666666667"><ele>131.9</ele><time>2026-01-24T06:51:53Z</time></trkpt><trkpt lat="22.447401666666664" lon="114.29495333333334"><ele>133.3</ele><time>2026-01-24T06:52:24Z</time></trkpt><trkpt lat="22.447416666666662" lon="114.29497"><ele>132.8</ele><time>2026-01-24T06:52:30Z</time></trkpt><trkpt lat="22.447435000000002" lon="114.29497500000001"><ele>133.0</ele><time>2026-01-24T06:52:35Z</time></trkpt><trkpt lat="22.447495000000004" lon="114.29496666666667"><ele>136.0</ele><time>2026-01-24T06:52:58Z</time></trkpt><trkpt lat="22.447568333333333" lon="114.29504333333334"><ele>140.0</ele><time>2026-01-24T06:53:40Z</time></trkpt><trkpt lat="22.447589999999998" lon="114.29505333333333"><ele>140.3</ele><time>2026-01-24T06:53:47Z</time></trkpt><trkpt lat="22.44760666666667" lon="114.29508333333334"><ele>142.0</ele><time>2026-01-24T06:54:04Z</time></trkpt><trkpt lat="22.44762166666667" lon="114.29512500000001"><ele>144.10000000000002</ele><time>2026-01-24T06:54:22Z</time></trkpt><trkpt lat="22.447628333333334" lon="114.29514666666667"><ele>144.9</ele><time>2026-01-24T06:54:30Z</time></trkpt><trkpt lat="22.447626666666665" lon="114.29517"><ele>144.8</ele><time>2026-01-24T06:54:35Z</time></trkpt><trkpt lat="22.447623333333333" lon="114.29519333333334"><ele>145.5</ele><time>2026-01-24T06:54:40Z</time></trkpt><trkpt lat="22.447635" lon="114.29521166666667"><ele>146.0</ele><time>2026-01-24T06:54:45Z</time></trkpt><trkpt lat="22.447631666666666" lon="114.29523666666667"><ele>145.9</ele><time>2026-01-24T06:54:49Z</time></trkpt><trkpt lat="22.447619999999997" lon="114.295255"><ele>146.0</ele><time>2026-01-24T06:54:53Z</time></trkpt><trkpt lat="22.447601666666667" lon="114.29526333333334"><ele>146.20000000000002</ele><time>2026-01-24T06:54:57Z</time></trkpt><trkpt lat="22.447588333333336" lon="114.29527666666667"><ele>146.60000000000002</ele><time>2026-01-24T06:55:01Z</time></trkpt><trkpt lat="22.447578333333333" lon="114.29529499999998"><ele>147.0</ele><time>2026-01-24T06:55:10Z</time></trkpt><trkpt lat="22.447613333333333" lon="114.29535499999999"><ele>149.4</ele><time>2026-01-24T06:55:36Z</time></trkpt><trkpt lat="22.447540000000004" lon="114.29540333333334"><ele>150.9</ele><time>2026-01-24T06:56:39Z</time></trkpt><trkpt lat="22.447501666666668" lon="114.29548166666667"><ele>154.9</ele><time>2026-01-24T06:57:29Z</time></trkpt><trkpt lat="22.447491666666664" lon="114.29549833333334"><ele>155.3</ele><time>2026-01-24T06:57:35Z</time></trkpt><trkpt lat="22.447480000000002" lon="114.29551333333332"><ele>155.4</ele><time>2026-01-24T06:57:42Z</time></trkpt><trkpt lat="22.44748666666667" lon="114.29553666666668"><ele>155.70000000000002</ele><time>2026-01-24T06:57:50Z</time></trkpt><trkpt lat="22.447483333333334" lon="114.29556333333333"><ele>156.20000000000002</ele><time>2026-01-24T06:57:59Z</time></trkpt><trkpt lat="22.447488333333332" lon="114.29558833333334"><ele>156.70000000000002</ele><time>2026-01-24T06:58:02Z</time></trkpt><trkpt lat="22.447493333333334" lon="114.29560833333335"><ele>156.9</ele><time>2026-01-24T06:58:05Z</time></trkpt><trkpt lat="22.447511666666667" lon="114.29562499999999"><ele>157.20000000000002</ele><time>2026-01-24T06:58:09Z</time></trkpt><trkpt lat="22.447523333333333" lon="114.29564"><ele>157.4</ele><time>2026-01-24T06:58:12Z</time></trkpt><trkpt lat="22.447540000000004" lon="114.29564833333333"><ele>157.8</ele><time>2026-01-24T06:58:15Z</time></trkpt><trkpt lat="22.447553333333335" lon="114.29566333333332"><ele>159.10000000000002</ele><time>2026-01-24T06:58:20Z</time></trkpt><trkpt lat="22.447573333333334" lon="114.29566166666667"><ele>159.4</ele><time>2026-01-24T06:58:23Z</time></trkpt><trkpt lat="22.447588333333336" lon="114.29567666666665"><ele>160.0</ele><time>2026-01-24T06:58:28Z</time></trkpt><trkpt lat="22.447596666666662" lon="114.29571166666668"><ele>161.70000000000002</ele><time>2026-01-24T06:58:38Z</time></trkpt><trkpt lat="22.447600000000005" lon="114.29573333333335"><ele>162.10000000000002</ele><time>2026-01-24T06:58:42Z</time></trkpt><trkpt lat="22.447603333333337" lon="114.29575833333335"><ele>162.60000000000002</ele><time>2026-01-24T06:58:46Z</time></trkpt><trkpt lat="22.447605" lon="114.29578166666667"><ele>162.70000000000002</ele><time>2026-01-24T06:58:50Z</time></trkpt><trkpt lat="22.447628333333334" lon="114.29579"><ele>162.20000000000002</ele><time>2026-01-24T06:59:01Z</time></trkpt><trkpt lat="22.447641666666662" lon="114.29580333333334"><ele>162.5</ele><time>2026-01-24T06:59:05Z</time></trkpt><trkpt lat="22.447656666666663" lon="114.29585999999999"><ele>163.20000000000002</ele><time>2026-01-24T06:59:32Z</time></trkpt><trkpt lat="22.447676666666666" lon="114.29590666666667"><ele>164.9</ele><time>2026-01-24T06:59:59Z</time></trkpt><trkpt lat="22.447703333333333" lon="114.29600166666665"><ele>168.60000000000002</ele><time>2026-01-24T07:00:38Z</time></trkpt><trkpt lat="22.447718333333334" lon="114.29602833333333"><ele>169.5</ele><time>2026-01-24T07:00:48Z</time></trkpt><trkpt lat="22.44774" lon="114.29610666666667"><ele>175.4</ele><time>2026-01-24T07:01:31Z</time></trkpt><trkpt lat="22.44777" lon="114.29613499999999"><ele>177.9</ele><time>2026-01-24T07:02:04Z</time></trkpt><trkpt lat="22.447779999999998" lon="114.296155"><ele>178.20000000000002</ele><time>2026-01-24T07:02:08Z</time></trkpt><trkpt lat="22.447796666666665" lon="114.29625166666668"><ele>186.60000000000002</ele><time>2026-01-24T07:03:53Z</time></trkpt><trkpt lat="22.447816666666668" lon="114.29629333333332"><ele>190.0</ele><time>2026-01-24T07:04:12Z</time></trkpt><trkpt lat="22.447816666666668" lon="114.29631666666667"><ele>191.10000000000002</ele><time>2026-01-24T07:04:17Z</time></trkpt><trkpt lat="22.447836666666664" lon="114.29632666666666"><ele>193.0</ele><time>2026-01-24T07:04:29Z</time></trkpt><trkpt lat="22.447869999999998" lon="114.29634166666668"><ele>194.5</ele><time>2026-01-24T07:04:45Z</time></trkpt><trkpt lat="22.447878333333332" lon="114.29637"><ele>195.3</ele><time>2026-01-24T07:04:52Z</time></trkpt><trkpt lat="22.447895000000003" lon="114.29638000000001"><ele>195.4</ele><time>2026-01-24T07:04:56Z</time></trkpt><trkpt lat="22.447915" lon="114.29639833333334"><ele>195.5</ele><time>2026-01-24T07:04:59Z</time></trkpt><trkpt lat="22.44790833333333" lon="114.29641666666666"><ele>195.9</ele><time>2026-01-24T07:05:08Z</time></trkpt><trkpt lat="22.447873333333337" lon="114.29636333333335"><ele>197.8</ele><time>2026-01-24T07:06:06Z</time></trkpt><trkpt lat="22.447884999999996" lon="114.29638000000001"><ele>200.3</ele><time>2026-01-24T07:06:29Z</time></trkpt><trkpt lat="22.447899999999997" lon="114.29639166666666"><ele>199.0</ele><time>2026-01-24T07:08:08Z</time></trkpt><trkpt lat="22.447923333333332" lon="114.29641000000001"><ele>199.10000000000002</ele><time>2026-01-24T07:08:11Z</time></trkpt><trkpt lat="22.447941666666665" lon="114.296425"><ele>198.3</ele><time>2026-01-24T07:08:14Z</time></trkpt><trkpt lat="22.447943333333335" lon="114.296445"><ele>197.70000000000002</ele><time>2026-01-24T07:08:17Z</time></trkpt><trkpt lat="22.447956666666663" lon="114.29646166666667"><ele>197.0</ele><time>2026-01-24T07:08:20Z</time></trkpt><trkpt lat="22.447961666666668" lon="114.29648666666665"><ele>196.5</ele><time>2026-01-24T07:08:23Z</time></trkpt><trkpt lat="22.447971666666664" lon="114.29650500000001"><ele>196.20000000000002</ele><time>2026-01-24T07:08:25Z</time></trkpt><trkpt lat="22.447985000000003" lon="114.29651833333334"><ele>195.9</ele><time>2026-01-24T07:08:27Z</time></trkpt><trkpt lat="22.44799666666667" lon="114.29654000000001"><ele>195.70000000000002</ele><time>2026-01-24T07:08:30Z</time></trkpt><trkpt lat="22.447995" lon="114.29656333333332"><ele>195.5</ele><time>2026-01-24T07:08:34Z</time></trkpt><trkpt lat="22.44799833333333" lon="114.296585"><ele>195.20000000000002</ele><time>2026-01-24T07:08:37Z</time></trkpt><trkpt lat="22.448003333333336" lon="114.29660833333334"><ele>195.3</ele><time>2026-01-24T07:08:40Z</time></trkpt><trkpt lat="22.448005" lon="114.29663000000001"><ele>195.5</ele><time>2026-01-24T07:08:44Z</time></trkpt><trkpt lat="22.448021666666666" lon="114.29664666666667"><ele>195.10000000000002</ele><time>2026-01-24T07:08:48Z</time></trkpt><trkpt lat="22.44804166666667" lon="114.29665833333333"><ele>195.3</ele><time>2026-01-24T07:08:53Z</time></trkpt><trkpt lat="22.44805666666667" lon="114.29667666666667"><ele>195.4</ele><time>2026-01-24T07:08:57Z</time></trkpt><trkpt lat="22.448069999999998" lon="114.29669666666665"><ele>195.0</ele><time>2026-01-24T07:09:05Z</time></trkpt><trkpt lat="22.448064999999996" lon="114.29672333333335"><ele>195.70000000000002</ele><time>2026-01-24T07:09:19Z</time></trkpt><trkpt lat="22.448068333333335" lon="114.29674333333332"><ele>195.9</ele><time>2026-01-24T07:09:21Z</time></trkpt><trkpt lat="22.448076666666665" lon="114.29676666666667"><ele>196.20000000000002</ele><time>2026-01-24T07:09:24Z</time></trkpt><trkpt lat="22.44808833333333" lon="114.29678333333335"><ele>196.8</ele><time>2026-01-24T07:09:26Z</time></trkpt><trkpt lat="22.4481" lon="114.29681000000001"><ele>197.20000000000002</ele><time>2026-01-24T07:09:29Z</time></trkpt><trkpt lat="22.448106666666664" lon="114.29682833333332"><ele>197.70000000000002</ele><time>2026-01-24T07:09:31Z</time></trkpt><trkpt lat="22.44811666666667" lon="114.29684833333334"><ele>198.10000000000002</ele><time>2026-01-24T07:09:34Z</time></trkpt><trkpt lat="22.448128333333337" lon="114.29686500000001"><ele>198.20000000000002</ele><time>2026-01-24T07:09:38Z</time></trkpt><trkpt lat="22.44813333333333" lon="114.29688499999999"><ele>198.4</ele><time>2026-01-24T07:09:40Z</time></trkpt><trkpt lat="22.448120000000003" lon="114.29689833333332"><ele>198.60000000000002</ele><time>2026-01-24T07:09:43Z</time></trkpt><trkpt lat="22.448141666666668" lon="114.29690333333335"><ele>197.60000000000002</ele><time>2026-01-24T07:09:52Z</time></trkpt><trkpt lat="22.448128333333337" lon="114.29688999999999"><ele>196.8</ele><time>2026-01-24T07:10:05Z</time></trkpt><trkpt lat="22.448098333333338" lon="114.29690333333335"><ele>195.8</ele><time>2026-01-24T07:10:20Z</time></trkpt><trkpt lat="22.448083333333336" lon="114.29691833333332"><ele>195.0</ele><time>2026-01-24T07:10:26Z</time></trkpt><trkpt lat="22.448069999999998" lon="114.296935"><ele>194.60000000000002</ele><time>2026-01-24T07:10:31Z</time></trkpt><trkpt lat="22.448055" lon="114.29695166666667"><ele>194.3</ele><time>2026-01-24T07:10:34Z</time></trkpt><trkpt lat="22.44804166666667" lon="114.296965"><ele>193.60000000000002</ele><time>2026-01-24T07:10:41Z</time></trkpt><trkpt lat="22.448019999999996" lon="114.29697"><ele>193.3</ele><time>2026-01-24T07:10:44Z</time></trkpt><trkpt lat="22.448019999999996" lon="114.29699000000001"><ele>192.60000000000002</ele><time>2026-01-24T07:10:54Z</time></trkpt><trkpt lat="22.448003333333336" lon="114.29700166666667"><ele>192.3</ele><time>2026-01-24T07:10:58Z</time></trkpt><trkpt lat="22.447985000000003" lon="114.29700166666667"><ele>191.9</ele><time>2026-01-24T07:11:05Z</time></trkpt><trkpt lat="22.447968333333332" lon="114.29699000000001"><ele>190.9</ele><time>2026-01-24T07:11:11Z</time></trkpt><trkpt lat="22.44795333333333" lon="114.29700166666667"><ele>190.10000000000002</ele><time>2026-01-24T07:11:17Z</time></trkpt><trkpt lat="22.447934999999998" lon="114.29700833333332"><ele>187.9</ele><time>2026-01-24T07:11:29Z</time></trkpt><trkpt lat="22.44792166666667" lon="114.29702333333334"><ele>186.8</ele><time>2026-01-24T07:11:34Z</time></trkpt><trkpt lat="22.44790666666667" lon="114.29703833333333"><ele>186.3</ele><time>2026-01-24T07:11:37Z</time></trkpt><trkpt lat="22.447893333333333" lon="114.29705166666666"><ele>185.4</ele><time>2026-01-24T07:11:41Z</time></trkpt><trkpt lat="22.447873333333337" lon="114.29705333333335"><ele>184.0</ele><time>2026-01-24T07:11:50Z</time></trkpt><trkpt lat="22.447854999999997" lon="114.29706"><ele>183.20000000000002</ele><time>2026-01-24T07:11:54Z</time></trkpt><trkpt lat="22.447841666666665" lon="114.297075"><ele>182.5</ele><time>2026-01-24T07:11:58Z</time></trkpt><trkpt lat="22.447826666666668" lon="114.29709"><ele>181.8</ele><time>2026-01-24T07:12:02Z</time></trkpt><trkpt lat="22.447809999999997" lon="114.29710166666668"><ele>180.8</ele><time>2026-01-24T07:12:07Z</time></trkpt><trkpt lat="22.447791666666664" lon="114.29711"><ele>179.8</ele><time>2026-01-24T07:12:14Z</time></trkpt><trkpt lat="22.447775" lon="114.29711999999999"><ele>179.4</ele><time>2026-01-24T07:12:19Z</time></trkpt><trkpt lat="22.447758333333333" lon="114.29713333333332"><ele>178.60000000000002</ele><time>2026-01-24T07:12:26Z</time></trkpt><trkpt lat="22.44774333333333" lon="114.29715"><ele>178.0</ele><time>2026-01-24T07:12:30Z</time></trkpt><trkpt lat="22.447723333333336" lon="114.29715666666668"><ele>177.70000000000002</ele><time>2026-01-24T07:12:34Z</time></trkpt><trkpt lat="22.447701666666664" lon="114.297165"><ele>177.20000000000002</ele><time>2026-01-24T07:12:38Z</time></trkpt><trkpt lat="22.447681666666668" lon="114.29716333333333"><ele>176.8</ele><time>2026-01-24T07:12:41Z</time></trkpt><trkpt lat="22.447661666666665" lon="114.29715666666668"><ele>176.5</ele><time>2026-01-24T07:12:46Z</time></trkpt><trkpt lat="22.447668333333333" lon="114.29718166666667"><ele>176.60000000000002</ele><time>2026-01-24T07:12:51Z</time></trkpt><trkpt lat="22.44765" lon="114.29718999999999"><ele>176.20000000000002</ele><time>2026-01-24T07:13:00Z</time></trkpt><trkpt lat="22.44765" lon="114.29720999999999"><ele>175.8</ele><time>2026-01-24T07:13:04Z</time></trkpt><trkpt lat="22.447645000000005" lon="114.29723"><ele>175.5</ele><time>2026-01-24T07:13:08Z</time></trkpt><trkpt lat="22.447643333333335" lon="114.29725333333333"><ele>175.0</ele><time>2026-01-24T07:13:12Z</time></trkpt><trkpt lat="22.44765166666667" lon="114.29727499999998"><ele>174.5</ele><time>2026-01-24T07:13:16Z</time></trkpt><trkpt lat="22.447645000000005" lon="114.29729666666665"><ele>173.4</ele><time>2026-01-24T07:13:24Z</time></trkpt><trkpt lat="22.447628333333334" lon="114.297305"><ele>173.20000000000002</ele><time>2026-01-24T07:13:28Z</time></trkpt><trkpt lat="22.447611666666663" lon="114.29731500000001"><ele>172.8</ele><time>2026-01-24T07:13:33Z</time></trkpt><trkpt lat="22.44759333333333" lon="114.29731500000001"><ele>172.4</ele><time>2026-01-24T07:13:37Z</time></trkpt><trkpt lat="22.447585000000004" lon="114.29733833333333"><ele>171.4</ele><time>2026-01-24T07:13:54Z</time></trkpt><trkpt lat="22.447570000000002" lon="114.297355"><ele>170.9</ele><time>2026-01-24T07:13:58Z</time></trkpt><trkpt lat="22.447551666666662" lon="114.29735833333334"><ele>170.10000000000002</ele><time>2026-01-24T07:14:02Z</time></trkpt><trkpt lat="22.44753166666667" lon="114.29736166666667"><ele>169.3</ele><time>2026-01-24T07:14:12Z</time></trkpt><trkpt lat="22.447513333333337" lon="114.29736166666667"><ele>168.3</ele><time>2026-01-24T07:14:18Z</time></trkpt><trkpt lat="22.447499999999998" lon="114.29737666666666"><ele>167.8</ele><time>2026-01-24T07:14:23Z</time></trkpt><trkpt lat="22.447481666666665" lon="114.29737666666666"><ele>166.60000000000002</ele><time>2026-01-24T07:14:43Z</time></trkpt><trkpt lat="22.44746" lon="114.29738333333334"><ele>166.4</ele><time>2026-01-24T07:14:55Z</time></trkpt><trkpt lat="22.44744166666667" lon="114.29739166666668"><ele>166.0</ele><time>2026-01-24T07:14:59Z</time></trkpt><trkpt lat="22.447425" lon="114.29740166666667"><ele>165.60000000000002</ele><time>2026-01-24T07:15:04Z</time></trkpt><trkpt lat="22.447411666666667" lon="114.297415"><ele>165.10000000000002</ele><time>2026-01-24T07:15:11Z</time></trkpt><trkpt lat="22.447398333333332" lon="114.29742833333333"><ele>165.10000000000002</ele><time>2026-01-24T07:15:21Z</time></trkpt><trkpt lat="22.447361666666666" lon="114.29744666666666"><ele>163.70000000000002</ele><time>2026-01-24T07:15:31Z</time></trkpt><trkpt lat="22.447341666666663" lon="114.29745"><ele>163.5</ele><time>2026-01-24T07:15:35Z</time></trkpt><trkpt lat="22.44732333333333" lon="114.29745499999999"><ele>163.5</ele><time>2026-01-24T07:15:39Z</time></trkpt><trkpt lat="22.44730666666667" lon="114.29747"><ele>163.20000000000002</ele><time>2026-01-24T07:15:44Z</time></trkpt><trkpt lat="22.447295" lon="114.29748666666667"><ele>163.20000000000002</ele><time>2026-01-24T07:15:47Z</time></trkpt><trkpt lat="22.44728" lon="114.29749833333332"><ele>163.3</ele><time>2026-01-24T07:15:50Z</time></trkpt><trkpt lat="22.447258333333334" lon="114.29750333333335"><ele>163.60000000000002</ele><time>2026-01-24T07:15:54Z</time></trkpt><trkpt lat="22.44723666666666" lon="114.297505"><ele>163.5</ele><time>2026-01-24T07:15:58Z</time></trkpt><trkpt lat="22.44721666666667" lon="114.29751"><ele>163.3</ele><time>2026-01-24T07:16:03Z</time></trkpt><trkpt lat="22.447193333333335" lon="114.29751"><ele>163.0</ele><time>2026-01-24T07:16:06Z</time></trkpt><trkpt lat="22.447175" lon="114.29751333333334"><ele>162.8</ele><time>2026-01-24T07:16:09Z</time></trkpt><trkpt lat="22.447150000000004" lon="114.29751666666668"><ele>162.8</ele><time>2026-01-24T07:16:12Z</time></trkpt><trkpt lat="22.44713166666667" lon="114.29751833333333"><ele>162.70000000000002</ele><time>2026-01-24T07:16:15Z</time></trkpt><trkpt lat="22.44711" lon="114.29752666666667"><ele>162.4</ele><time>2026-01-24T07:16:19Z</time></trkpt><trkpt lat="22.447088333333333" lon="114.29753166666666"><ele>162.10000000000002</ele><time>2026-01-24T07:16:22Z</time></trkpt><trkpt lat="22.44706833333333" lon="114.29754"><ele>161.60000000000002</ele><time>2026-01-24T07:16:27Z</time></trkpt><trkpt lat="22.447048333333335" lon="114.29754166666667"><ele>161.60000000000002</ele><time>2026-01-24T07:16:32Z</time></trkpt><trkpt lat="22.447031666666664" lon="114.29755333333333"><ele>161.4</ele><time>2026-01-24T07:16:35Z</time></trkpt><trkpt lat="22.44700833333333" lon="114.29754833333332"><ele>161.10000000000002</ele><time>2026-01-24T07:16:38Z</time></trkpt><trkpt lat="22.446989999999996" lon="114.29755833333333"><ele>160.8</ele><time>2026-01-24T07:16:43Z</time></trkpt><trkpt lat="22.446968333333334" lon="114.29756"><ele>160.8</ele><time>2026-01-24T07:16:47Z</time></trkpt><trkpt lat="22.44694666666667" lon="114.29755166666668"><ele>161.0</ele><time>2026-01-24T07:16:52Z</time></trkpt><trkpt lat="22.446925000000004" lon="114.29755333333333"><ele>161.4</ele><time>2026-01-24T07:16:56Z</time></trkpt><trkpt lat="22.446908333333333" lon="114.29756666666665"><ele>161.70000000000002</ele><time>2026-01-24T07:17:00Z</time></trkpt><trkpt lat="22.44689166666667" lon="114.29757666666667"><ele>162.20000000000002</ele><time>2026-01-24T07:17:04Z</time></trkpt><trkpt lat="22.44687666666667" lon="114.297595"><ele>161.9</ele><time>2026-01-24T07:17:20Z</time></trkpt><trkpt lat="22.44685833333333" lon="114.29759833333334"><ele>161.5</ele><time>2026-01-24T07:17:23Z</time></trkpt><trkpt lat="22.446833333333334" lon="114.29760833333333"><ele>161.20000000000002</ele><time>2026-01-24T07:17:27Z</time></trkpt><trkpt lat="22.44681166666667" lon="114.29761333333333"><ele>160.9</ele><time>2026-01-24T07:17:31Z</time></trkpt><trkpt lat="22.446793333333336" lon="114.29760666666668"><ele>159.70000000000002</ele><time>2026-01-24T07:17:37Z</time></trkpt><trkpt lat="22.446775000000002" lon="114.29761333333333"><ele>158.8</ele><time>2026-01-24T07:17:43Z</time></trkpt><trkpt lat="22.446755" lon="114.29761666666667"><ele>158.3</ele><time>2026-01-24T07:17:46Z</time></trkpt><trkpt lat="22.446736666666666" lon="114.29761833333332"><ele>157.8</ele><time>2026-01-24T07:17:49Z</time></trkpt><trkpt lat="22.446716666666664" lon="114.29761833333332"><ele>157.20000000000002</ele><time>2026-01-24T07:17:52Z</time></trkpt><trkpt lat="22.446701666666666" lon="114.29763"><ele>156.20000000000002</ele><time>2026-01-24T07:17:58Z</time></trkpt><trkpt lat="22.446685000000002" lon="114.29762166666666"><ele>154.5</ele><time>2026-01-24T07:18:14Z</time></trkpt><trkpt lat="22.446683333333333" lon="114.29760166666668"><ele>154.20000000000002</ele><time>2026-01-24T07:18:18Z</time></trkpt><trkpt lat="22.446658333333335" lon="114.29761833333332"><ele>152.20000000000002</ele><time>2026-01-24T07:18:35Z</time></trkpt><trkpt lat="22.446641666666665" lon="114.29763166666667"><ele>152.0</ele><time>2026-01-24T07:18:42Z</time></trkpt><trkpt lat="22.44662166666667" lon="114.29763333333334"><ele>152.0</ele><time>2026-01-24T07:18:48Z</time></trkpt><trkpt lat="22.44662333333333" lon="114.297655"><ele>151.0</ele><time>2026-01-24T07:19:00Z</time></trkpt><trkpt lat="22.446601666666666" lon="114.29770666666667"><ele>150.10000000000002</ele><time>2026-01-24T07:19:28Z</time></trkpt><trkpt lat="22.446573333333337" lon="114.29771666666666"><ele>148.10000000000002</ele><time>2026-01-24T07:19:47Z</time></trkpt><trkpt lat="22.446569999999998" lon="114.29773666666667"><ele>147.5</ele><time>2026-01-24T07:19:52Z</time></trkpt><trkpt lat="22.446565000000003" lon="114.29775833333333"><ele>147.10000000000002</ele><time>2026-01-24T07:19:57Z</time></trkpt><trkpt lat="22.446528333333337" lon="114.29779666666667"><ele>144.10000000000002</ele><time>2026-01-24T07:20:35Z</time></trkpt><trkpt lat="22.446498333333338" lon="114.29783166666667"><ele>143.60000000000002</ele><time>2026-01-24T07:20:49Z</time></trkpt><trkpt lat="22.446481666666667" lon="114.29784833333333"><ele>142.70000000000002</ele><time>2026-01-24T07:20:55Z</time></trkpt><trkpt lat="22.446476666666666" lon="114.29787333333334"><ele>142.0</ele><time>2026-01-24T07:20:58Z</time></trkpt><trkpt lat="22.44647166666667" lon="114.2979"><ele>141.5</ele><time>2026-01-24T07:21:01Z</time></trkpt><trkpt lat="22.446455" lon="114.29791500000002"><ele>140.9</ele><time>2026-01-24T07:21:04Z</time></trkpt><trkpt lat="22.446436666666667" lon="114.29791666666667"><ele>140.5</ele><time>2026-01-24T07:21:06Z</time></trkpt><trkpt lat="22.446419999999996" lon="114.297925"><ele>139.5</ele><time>2026-01-24T07:21:09Z</time></trkpt><trkpt lat="22.44639666666667" lon="114.297925"><ele>138.60000000000002</ele><time>2026-01-24T07:21:12Z</time></trkpt><trkpt lat="22.446378333333335" lon="114.29792166666667"><ele>138.20000000000002</ele><time>2026-01-24T07:21:14Z</time></trkpt><trkpt lat="22.446359999999995" lon="114.297935"><ele>137.5</ele><time>2026-01-24T07:21:18Z</time></trkpt><trkpt lat="22.446358333333333" lon="114.297955"><ele>136.70000000000002</ele><time>2026-01-24T07:21:23Z</time></trkpt><trkpt lat="22.446368333333332" lon="114.29797833333332"><ele>136.3</ele><time>2026-01-24T07:21:26Z</time></trkpt><trkpt lat="22.446348333333336" lon="114.29799166666665"><ele>135.8</ele><time>2026-01-24T07:21:30Z</time></trkpt><trkpt lat="22.446328333333334" lon="114.29801166666667"><ele>135.0</ele><time>2026-01-24T07:21:33Z</time></trkpt><trkpt lat="22.446325" lon="114.29803166666667"><ele>134.60000000000002</ele><time>2026-01-24T07:21:36Z</time></trkpt><trkpt lat="22.446313333333332" lon="114.29805333333334"><ele>133.70000000000002</ele><time>2026-01-24T07:21:41Z</time></trkpt><trkpt lat="22.446295000000003" lon="114.29807833333334"><ele>133.20000000000002</ele><time>2026-01-24T07:21:44Z</time></trkpt><trkpt lat="22.44628" lon="114.29809500000002"><ele>132.8</ele><time>2026-01-24T07:21:47Z</time></trkpt><trkpt lat="22.44626166666667" lon="114.298105"><ele>132.10000000000002</ele><time>2026-01-24T07:21:50Z</time></trkpt><trkpt lat="22.446243333333335" lon="114.29812333333332"><ele>131.0</ele><time>2026-01-24T07:21:55Z</time></trkpt><trkpt lat="22.446228333333337" lon="114.29814166666665"><ele>130.10000000000002</ele><time>2026-01-24T07:21:59Z</time></trkpt><trkpt lat="22.446215" lon="114.29815500000001"><ele>129.4</ele><time>2026-01-24T07:22:02Z</time></trkpt><trkpt lat="22.446193333333333" lon="114.29817"><ele>128.60000000000002</ele><time>2026-01-24T07:22:05Z</time></trkpt><trkpt lat="22.44617333333333" lon="114.298165"><ele>127.99999999999999</ele><time>2026-01-24T07:22:07Z</time></trkpt><trkpt lat="22.446153333333335" lon="114.29816166666666"><ele>126.8</ele><time>2026-01-24T07:22:11Z</time></trkpt><trkpt lat="22.44614" lon="114.29817833333333"><ele>125.39999999999999</ele><time>2026-01-24T07:22:15Z</time></trkpt><trkpt lat="22.446119999999997" lon="114.29818166666668"><ele>124.39999999999999</ele><time>2026-01-24T07:22:19Z</time></trkpt><trkpt lat="22.446101666666664" lon="114.29819833333335"><ele>123.6</ele><time>2026-01-24T07:22:22Z</time></trkpt><trkpt lat="22.446090000000005" lon="114.29821333333332"><ele>122.8</ele><time>2026-01-24T07:22:26Z</time></trkpt><trkpt lat="22.446090000000005" lon="114.29823999999999"><ele>122.2</ele><time>2026-01-24T07:22:29Z</time></trkpt><trkpt lat="22.44606666666667" lon="114.29823666666668"><ele>121.6</ele><time>2026-01-24T07:22:33Z</time></trkpt><trkpt lat="22.446048333333337" lon="114.29822666666665"><ele>120.89999999999999</ele><time>2026-01-24T07:22:36Z</time></trkpt><trkpt lat="22.446028333333334" lon="114.29821833333332"><ele>120.3</ele><time>2026-01-24T07:22:40Z</time></trkpt><trkpt lat="22.44600833333333" lon="114.29821833333332"><ele>119.89999999999999</ele><time>2026-01-24T07:22:43Z</time></trkpt><trkpt lat="22.44599" lon="114.29821833333332"><ele>119.3</ele><time>2026-01-24T07:22:46Z</time></trkpt><trkpt lat="22.445970000000003" lon="114.29821500000001"><ele>118.89999999999999</ele><time>2026-01-24T07:22:50Z</time></trkpt><trkpt lat="22.44594833333333" lon="114.29821666666666"><ele>118.8</ele><time>2026-01-24T07:22:53Z</time></trkpt><trkpt lat="22.445929999999997" lon="114.29820166666666"><ele>118.5</ele><time>2026-01-24T07:22:56Z</time></trkpt><trkpt lat="22.445908333333332" lon="114.29819333333334"><ele>117.7</ele><time>2026-01-24T07:23:02Z</time></trkpt><trkpt lat="22.445890000000002" lon="114.29818166666668"><ele>117.7</ele><time>2026-01-24T07:23:05Z</time></trkpt><trkpt lat="22.445878333333333" lon="114.29816333333335"><ele>117.39999999999999</ele><time>2026-01-24T07:23:07Z</time></trkpt><trkpt lat="22.445854999999998" lon="114.29815666666667"><ele>116.8</ele><time>2026-01-24T07:23:09Z</time></trkpt><trkpt lat="22.445836666666665" lon="114.298135"><ele>116.2</ele><time>2026-01-24T07:23:11Z</time></trkpt><trkpt lat="22.445821666666667" lon="114.29811833333333"><ele>115.7</ele><time>2026-01-24T07:23:13Z</time></trkpt><trkpt lat="22.445801666666664" lon="114.29811999999998"><ele>115.3</ele><time>2026-01-24T07:23:15Z</time></trkpt><trkpt lat="22.445790000000002" lon="114.29813833333334"><ele>115.8</ele><time>2026-01-24T07:23:18Z</time></trkpt><trkpt lat="22.445800000000002" lon="114.29816000000001"><ele>116.1</ele><time>2026-01-24T07:23:20Z</time></trkpt><trkpt lat="22.445809999999998" lon="114.29817833333333"><ele>116.7</ele><time>2026-01-24T07:23:23Z</time></trkpt><trkpt lat="22.445821666666667" lon="114.298195"><ele>116.7</ele><time>2026-01-24T07:23:26Z</time></trkpt><trkpt lat="22.445803333333334" lon="114.29818666666667"><ele>117.1</ele><time>2026-01-24T07:23:37Z</time></trkpt><trkpt lat="22.445791666666665" lon="114.29816666666666"><ele>117.39999999999999</ele><time>2026-01-24T07:23:39Z</time></trkpt><trkpt lat="22.44578333333333" lon="114.29814499999999"><ele>117.5</ele><time>2026-01-24T07:23:41Z</time></trkpt><trkpt lat="22.44578" lon="114.29811833333333"><ele>118.6</ele><time>2026-01-24T07:23:44Z</time></trkpt><trkpt lat="22.44579666666667" lon="114.29813166666666"><ele>120.7</ele><time>2026-01-24T07:23:50Z</time></trkpt><trkpt lat="22.445793333333334" lon="114.29810333333334"><ele>120.2</ele><time>2026-01-24T07:24:03Z</time></trkpt><trkpt lat="22.445791666666665" lon="114.29813166666666"><ele>119.89999999999999</ele><time>2026-01-24T07:24:10Z</time></trkpt><trkpt lat="22.445793333333334" lon="114.29815166666667"><ele>119.89999999999999</ele><time>2026-01-24T07:24:11Z</time></trkpt><trkpt lat="22.445806666666666" lon="114.29817499999999"><ele>120.0</ele><time>2026-01-24T07:24:13Z</time></trkpt><trkpt lat="22.445825" lon="114.29818666666667"><ele>119.8</ele><time>2026-01-24T07:24:15Z</time></trkpt><trkpt lat="22.445815" lon="114.29820999999998"><ele>119.0</ele><time>2026-01-24T07:24:19Z</time></trkpt><trkpt lat="22.445821666666667" lon="114.29822833333334"><ele>118.7</ele><time>2026-01-24T07:24:23Z</time></trkpt><trkpt lat="22.44583" lon="114.29824833333332"><ele>118.6</ele><time>2026-01-24T07:24:28Z</time></trkpt><trkpt lat="22.44583" lon="114.29826833333333"><ele>118.39999999999999</ele><time>2026-01-24T07:24:32Z</time></trkpt><trkpt lat="22.445821666666667" lon="114.29829"><ele>118.2</ele><time>2026-01-24T07:24:35Z</time></trkpt><trkpt lat="22.445825" lon="114.29831333333335"><ele>117.5</ele><time>2026-01-24T07:24:38Z</time></trkpt><trkpt lat="22.445815" lon="114.29833166666667"><ele>117.3</ele><time>2026-01-24T07:24:40Z</time></trkpt><trkpt lat="22.445801666666664" lon="114.29834833333334"><ele>117.0</ele><time>2026-01-24T07:24:42Z</time></trkpt><trkpt lat="22.445791666666665" lon="114.29836666666667"><ele>116.3</ele><time>2026-01-24T07:24:45Z</time></trkpt><trkpt lat="22.44578333333333" lon="114.29838666666667"><ele>116.0</ele><time>2026-01-24T07:24:47Z</time></trkpt><trkpt lat="22.445775000000005" lon="114.298405"><ele>115.6</ele><time>2026-01-24T07:24:49Z</time></trkpt><trkpt lat="22.445766666666668" lon="114.29842333333333"><ele>115.39999999999999</ele><time>2026-01-24T07:24:51Z</time></trkpt><trkpt lat="22.445761666666666" lon="114.29844333333334"><ele>115.1</ele><time>2026-01-24T07:24:53Z</time></trkpt><trkpt lat="22.44575166666667" lon="114.29846666666666"><ele>114.6</ele><time>2026-01-24T07:24:55Z</time></trkpt><trkpt lat="22.445749999999997" lon="114.29849666666665"><ele>113.7</ele><time>2026-01-24T07:24:57Z</time></trkpt><trkpt lat="22.44575166666667" lon="114.29852000000001"><ele>113.1</ele><time>2026-01-24T07:24:59Z</time></trkpt><trkpt lat="22.445746666666665" lon="114.29854500000002"><ele>112.8</ele><time>2026-01-24T07:25:02Z</time></trkpt><trkpt lat="22.445746666666665" lon="114.298565"><ele>112.39999999999999</ele><time>2026-01-24T07:25:04Z</time></trkpt><trkpt lat="22.445745000000002" lon="114.29858833333334"><ele>111.8</ele><time>2026-01-24T07:25:06Z</time></trkpt><trkpt lat="22.445745000000002" lon="114.29861666666666"><ele>111.2</ele><time>2026-01-24T07:25:09Z</time></trkpt><trkpt lat="22.445745000000002" lon="114.29863666666667"><ele>111.0</ele><time>2026-01-24T07:25:11Z</time></trkpt><trkpt lat="22.44574" lon="114.29866500000001"><ele>110.8</ele><time>2026-01-24T07:25:14Z</time></trkpt><trkpt lat="22.445741666666663" lon="114.29868499999999"><ele>110.7</ele><time>2026-01-24T07:25:16Z</time></trkpt><trkpt lat="22.445731666666667" lon="114.29870833333334"><ele>110.89999999999999</ele><time>2026-01-24T07:25:19Z</time></trkpt><trkpt lat="22.445725" lon="114.29872666666667"><ele>111.1</ele><time>2026-01-24T07:25:22Z</time></trkpt><trkpt lat="22.445731666666667" lon="114.29874833333334"><ele>111.7</ele><time>2026-01-24T07:25:25Z</time></trkpt><trkpt lat="22.445735" lon="114.29877499999999"><ele>111.8</ele><time>2026-01-24T07:25:28Z</time></trkpt><trkpt lat="22.445731666666667" lon="114.29879666666666"><ele>112.0</ele><time>2026-01-24T07:25:30Z</time></trkpt><trkpt lat="22.44572833333333" lon="114.29882166666667"><ele>112.3</ele><time>2026-01-24T07:25:32Z</time></trkpt><trkpt lat="22.445730000000005" lon="114.29884333333332"><ele>112.7</ele><time>2026-01-24T07:25:34Z</time></trkpt><trkpt lat="22.445733333333337" lon="114.29887166666667"><ele>113.39999999999999</ele><time>2026-01-24T07:25:36Z</time></trkpt><trkpt lat="22.445741666666663" lon="114.29889166666665"><ele>113.89999999999999</ele><time>2026-01-24T07:25:38Z</time></trkpt><trkpt lat="22.44575166666667" lon="114.29891"><ele>114.5</ele><time>2026-01-24T07:25:40Z</time></trkpt><trkpt lat="22.445764999999998" lon="114.29892833333334"><ele>115.7</ele><time>2026-01-24T07:25:43Z</time></trkpt><trkpt lat="22.44578166666667" lon="114.29894833333334"><ele>117.0</ele><time>2026-01-24T07:25:46Z</time></trkpt><trkpt lat="22.445778333333337" lon="114.29897166666666"><ele>118.0</ele><time>2026-01-24T07:25:49Z</time></trkpt><trkpt lat="22.445776666666667" lon="114.29899166666668"><ele>118.39999999999999</ele><time>2026-01-24T07:25:51Z</time></trkpt><trkpt lat="22.445778333333337" lon="114.29901166666666"><ele>119.0</ele><time>2026-01-24T07:25:53Z</time></trkpt><trkpt lat="22.445790000000002" lon="114.299035"><ele>119.6</ele><time>2026-01-24T07:25:56Z</time></trkpt><trkpt lat="22.445805000000004" lon="114.29904833333333"><ele>119.8</ele><time>2026-01-24T07:25:59Z</time></trkpt><trkpt lat="22.445809999999998" lon="114.29902833333333"><ele>120.0</ele><time>2026-01-24T07:26:06Z</time></trkpt><trkpt lat="22.445843333333332" lon="114.29902166666668"><ele>120.3</ele><time>2026-01-24T07:27:00Z</time></trkpt><trkpt lat="22.445893333333334" lon="114.29899666666667"><ele>119.5</ele><time>2026-01-24T07:27:10Z</time></trkpt><trkpt lat="22.445915" lon="114.29899833333333"><ele>119.2</ele><time>2026-01-24T07:27:12Z</time></trkpt><trkpt lat="22.445935000000002" lon="114.29900500000001"><ele>119.1</ele><time>2026-01-24T07:27:15Z</time></trkpt><trkpt lat="22.445953333333332" lon="114.29903"><ele>120.1</ele><time>2026-01-24T07:28:20Z</time></trkpt><trkpt lat="22.44597666666667" lon="114.299015"><ele>121.0</ele><time>2026-01-24T07:28:27Z</time></trkpt><trkpt lat="22.445995" lon="114.29900500000001"><ele>120.89999999999999</ele><time>2026-01-24T07:28:33Z</time></trkpt><trkpt lat="22.44602166666667" lon="114.29900666666666"><ele>120.0</ele><time>2026-01-24T07:28:40Z</time></trkpt><trkpt lat="22.44604" lon="114.299015"><ele>119.39999999999999</ele><time>2026-01-24T07:28:43Z</time></trkpt><trkpt lat="22.446033333333336" lon="114.29903333333331"><ele>118.6</ele><time>2026-01-24T07:28:50Z</time></trkpt><trkpt lat="22.446070000000002" lon="114.29898999999999"><ele>119.1</ele><time>2026-01-24T07:29:39Z</time></trkpt><trkpt lat="22.446085" lon="114.29897833333334"><ele>118.5</ele><time>2026-01-24T07:29:43Z</time></trkpt><trkpt lat="22.446108333333335" lon="114.29897666666666"><ele>117.8</ele><time>2026-01-24T07:29:48Z</time></trkpt><trkpt lat="22.44613" lon="114.29897833333334"><ele>117.1</ele><time>2026-01-24T07:29:52Z</time></trkpt><trkpt lat="22.446149999999996" lon="114.29897333333332"><ele>116.7</ele><time>2026-01-24T07:29:55Z</time></trkpt><trkpt lat="22.44617" lon="114.29895666666668"><ele>116.3</ele><time>2026-01-24T07:29:59Z</time></trkpt><trkpt lat="22.446178333333332" lon="114.298975"><ele>115.6</ele><time>2026-01-24T07:30:05Z</time></trkpt><trkpt lat="22.44619" lon="114.29899333333333"><ele>115.0</ele><time>2026-01-24T07:30:08Z</time></trkpt><trkpt lat="22.446198333333335" lon="114.29901166666666"><ele>114.5</ele><time>2026-01-24T07:30:11Z</time></trkpt><trkpt lat="22.446209999999997" lon="114.29903166666666"><ele>114.3</ele><time>2026-01-24T07:30:16Z</time></trkpt><trkpt lat="22.44623" lon="114.29903833333334"><ele>113.89999999999999</ele><time>2026-01-24T07:30:20Z</time></trkpt><trkpt lat="22.446288333333335" lon="114.29905500000001"><ele>113.6</ele><time>2026-01-24T07:30:36Z</time></trkpt><trkpt lat="22.446303333333336" lon="114.29906666666666"><ele>113.6</ele><time>2026-01-24T07:30:39Z</time></trkpt><trkpt lat="22.446314999999995" lon="114.29909"><ele>113.6</ele><time>2026-01-24T07:30:42Z</time></trkpt><trkpt lat="22.446328333333334" lon="114.299105"><ele>113.39999999999999</ele><time>2026-01-24T07:30:45Z</time></trkpt><trkpt lat="22.446341666666665" lon="114.29912833333334"><ele>112.8</ele><time>2026-01-24T07:30:49Z</time></trkpt><trkpt lat="22.446358333333333" lon="114.29914"><ele>112.3</ele><time>2026-01-24T07:30:51Z</time></trkpt><trkpt lat="22.446379999999998" lon="114.29915000000001"><ele>112.1</ele><time>2026-01-24T07:30:53Z</time></trkpt><trkpt lat="22.446401666666663" lon="114.29915833333334"><ele>111.8</ele><time>2026-01-24T07:30:55Z</time></trkpt><trkpt lat="22.446415000000002" lon="114.29917166666668"><ele>111.6</ele><time>2026-01-24T07:30:57Z</time></trkpt><trkpt lat="22.446434999999997" lon="114.29919333333333"><ele>111.1</ele><time>2026-01-24T07:31:00Z</time></trkpt><trkpt lat="22.446448333333333" lon="114.29920833333333"><ele>110.89999999999999</ele><time>2026-01-24T07:31:02Z</time></trkpt><trkpt lat="22.446469999999998" lon="114.29922333333334"><ele>109.8</ele><time>2026-01-24T07:31:07Z</time></trkpt><trkpt lat="22.44648833333333" lon="114.29922666666668"><ele>109.1</ele><time>2026-01-24T07:31:11Z</time></trkpt><trkpt lat="22.446506666666664" lon="114.29922833333333"><ele>108.7</ele><time>2026-01-24T07:31:13Z</time></trkpt><trkpt lat="22.446528333333337" lon="114.29924333333332"><ele>108.1</ele><time>2026-01-24T07:31:16Z</time></trkpt><trkpt lat="22.44654666666667" lon="114.29925166666665"><ele>107.8</ele><time>2026-01-24T07:31:18Z</time></trkpt><trkpt lat="22.446565000000003" lon="114.29927"><ele>106.89999999999999</ele><time>2026-01-24T07:31:22Z</time></trkpt><trkpt lat="22.446583333333333" lon="114.29927833333335"><ele>106.39999999999999</ele><time>2026-01-24T07:31:25Z</time></trkpt><trkpt lat="22.44660666666667" lon="114.29928333333334"><ele>105.89999999999999</ele><time>2026-01-24T07:31:28Z</time></trkpt><trkpt lat="22.44662166666667" lon="114.29930333333331"><ele>105.39999999999999</ele><time>2026-01-24T07:31:31Z</time></trkpt><trkpt lat="22.446638333333333" lon="114.29932500000001"><ele>105.0</ele><time>2026-01-24T07:31:34Z</time></trkpt><trkpt lat="22.44663666666667" lon="114.29934833333333"><ele>104.1</ele><time>2026-01-24T07:31:39Z</time></trkpt><trkpt lat="22.446649999999998" lon="114.29936333333332"><ele>103.8</ele><time>2026-01-24T07:31:42Z</time></trkpt><trkpt lat="22.446671666666663" lon="114.29937"><ele>103.2</ele><time>2026-01-24T07:31:47Z</time></trkpt><trkpt lat="22.446686666666665" lon="114.29938500000002"><ele>103.1</ele><time>2026-01-24T07:31:50Z</time></trkpt><trkpt lat="22.446704999999998" lon="114.2994"><ele>103.0</ele><time>2026-01-24T07:31:56Z</time></trkpt><trkpt lat="22.446704999999998" lon="114.29937999999999"><ele>102.89999999999999</ele><time>2026-01-24T07:31:59Z</time></trkpt><trkpt lat="22.44669666666667" lon="114.29935166666668"><ele>102.7</ele><time>2026-01-24T07:32:02Z</time></trkpt><trkpt lat="22.44671166666667" lon="114.29937166666666"><ele>102.39999999999999</ele><time>2026-01-24T07:32:07Z</time></trkpt><trkpt lat="22.446719999999996" lon="114.29939333333331"><ele>102.1</ele><time>2026-01-24T07:32:11Z</time></trkpt><trkpt lat="22.44676" lon="114.29942833333334"><ele>100.39999999999999</ele><time>2026-01-24T07:32:19Z</time></trkpt><trkpt lat="22.446778333333334" lon="114.29943666666668"><ele>100.2</ele><time>2026-01-24T07:32:21Z</time></trkpt><trkpt lat="22.44680166666667" lon="114.29944333333333"><ele>99.89999999999999</ele><time>2026-01-24T07:32:23Z</time></trkpt><trkpt lat="22.446824999999997" lon="114.29944333333333"><ele>99.7</ele><time>2026-01-24T07:32:25Z</time></trkpt><trkpt lat="22.44685" lon="114.29944500000002"><ele>99.5</ele><time>2026-01-24T07:32:27Z</time></trkpt><trkpt lat="22.44687333333333" lon="114.29944500000002"><ele>99.3</ele><time>2026-01-24T07:32:29Z</time></trkpt><trkpt lat="22.446895" lon="114.29944333333333"><ele>99.0</ele><time>2026-01-24T07:32:32Z</time></trkpt><trkpt lat="22.446913333333335" lon="114.29944666666667"><ele>98.7</ele><time>2026-01-24T07:32:35Z</time></trkpt><trkpt lat="22.44693333333333" lon="114.29944166666668"><ele>98.5</ele><time>2026-01-24T07:32:38Z</time></trkpt><trkpt lat="22.44695166666667" lon="114.29943999999999"><ele>98.5</ele><time>2026-01-24T07:32:40Z</time></trkpt><trkpt lat="22.446970000000004" lon="114.29943499999999"><ele>98.3</ele><time>2026-01-24T07:32:43Z</time></trkpt><trkpt lat="22.446970000000004" lon="114.29941500000001"><ele>98.2</ele><time>2026-01-24T07:32:47Z</time></trkpt><trkpt lat="22.446988333333334" lon="114.29939166666666"><ele>98.2</ele><time>2026-01-24T07:32:52Z</time></trkpt><trkpt lat="22.447006666666667" lon="114.29937833333334"><ele>98.0</ele><time>2026-01-24T07:32:54Z</time></trkpt><trkpt lat="22.447025" lon="114.299375"><ele>97.7</ele><time>2026-01-24T07:32:57Z</time></trkpt><trkpt lat="22.447043333333333" lon="114.29937333333334"><ele>97.3</ele><time>2026-01-24T07:33:02Z</time></trkpt><trkpt lat="22.447061666666666" lon="114.29937166666666"><ele>97.0</ele><time>2026-01-24T07:33:07Z</time></trkpt><trkpt lat="22.44708166666667" lon="114.29938333333332"><ele>96.5</ele><time>2026-01-24T07:33:13Z</time></trkpt><trkpt lat="22.447105000000004" lon="114.29937999999999"><ele>96.2</ele><time>2026-01-24T07:33:18Z</time></trkpt><trkpt lat="22.447128333333332" lon="114.299375"><ele>95.89999999999999</ele><time>2026-01-24T07:33:22Z</time></trkpt><trkpt lat="22.447176666666664" lon="114.29933666666666"><ele>95.5</ele><time>2026-01-24T07:33:40Z</time></trkpt><trkpt lat="22.447196666666667" lon="114.29934666666668"><ele>95.2</ele><time>2026-01-24T07:33:44Z</time></trkpt><trkpt lat="22.447208333333332" lon="114.29936666666666"><ele>95.39999999999999</ele><time>2026-01-24T07:33:50Z</time></trkpt><trkpt lat="22.447208333333332" lon="114.29938833333333"><ele>95.2</ele><time>2026-01-24T07:33:53Z</time></trkpt><trkpt lat="22.447226666666666" lon="114.29940166666665"><ele>95.1</ele><time>2026-01-24T07:33:58Z</time></trkpt><trkpt lat="22.447245" lon="114.29940166666665"><ele>94.89999999999999</ele><time>2026-01-24T07:34:01Z</time></trkpt><trkpt lat="22.447263333333332" lon="114.29940333333334"><ele>94.8</ele><time>2026-01-24T07:34:03Z</time></trkpt><trkpt lat="22.447286666666667" lon="114.29939666666665"><ele>94.5</ele><time>2026-01-24T07:34:06Z</time></trkpt><trkpt lat="22.447308333333332" lon="114.29940833333333"><ele>93.7</ele><time>2026-01-24T07:34:12Z</time></trkpt><trkpt lat="22.447330000000004" lon="114.29942000000001"><ele>93.39999999999999</ele><time>2026-01-24T07:34:15Z</time></trkpt><trkpt lat="22.447349999999997" lon="114.29943499999999"><ele>93.2</ele><time>2026-01-24T07:34:18Z</time></trkpt><trkpt lat="22.447366666666667" lon="114.29945000000001"><ele>92.8</ele><time>2026-01-24T07:34:21Z</time></trkpt><trkpt lat="22.447386666666663" lon="114.29945833333335"><ele>92.6</ele><time>2026-01-24T07:34:23Z</time></trkpt><trkpt lat="22.447406666666666" lon="114.29947166666668"><ele>92.5</ele><time>2026-01-24T07:34:25Z</time></trkpt><trkpt lat="22.447421666666667" lon="114.29948333333331"><ele>92.39999999999999</ele><time>2026-01-24T07:34:27Z</time></trkpt><trkpt lat="22.447445000000002" lon="114.2995"><ele>92.2</ele><time>2026-01-24T07:34:30Z</time></trkpt><trkpt lat="22.447461666666662" lon="114.29950833333332"><ele>92.2</ele><time>2026-01-24T07:34:33Z</time></trkpt><trkpt lat="22.447483333333334" lon="114.29951333333332"><ele>91.89999999999999</ele><time>2026-01-24T07:34:38Z</time></trkpt><trkpt lat="22.447506666666662" lon="114.29950500000001"><ele>91.7</ele><time>2026-01-24T07:34:41Z</time></trkpt><trkpt lat="22.447529999999997" lon="114.29949833333333"><ele>91.0</ele><time>2026-01-24T07:34:45Z</time></trkpt><trkpt lat="22.447551666666662" lon="114.2995"><ele>90.5</ele><time>2026-01-24T07:34:49Z</time></trkpt><trkpt lat="22.447568333333333" lon="114.29951000000001"><ele>89.89999999999999</ele><time>2026-01-24T07:34:52Z</time></trkpt><trkpt lat="22.447570000000002" lon="114.29953500000002"><ele>89.5</ele><time>2026-01-24T07:34:55Z</time></trkpt><trkpt lat="22.447581666666665" lon="114.29955166666666"><ele>89.2</ele><time>2026-01-24T07:34:57Z</time></trkpt><trkpt lat="22.447595" lon="114.29957"><ele>89.0</ele><time>2026-01-24T07:34:59Z</time></trkpt><trkpt lat="22.447613333333333" lon="114.29958333333335"><ele>88.6</ele><time>2026-01-24T07:35:02Z</time></trkpt><trkpt lat="22.447633333333336" lon="114.29959666666667"><ele>88.1</ele><time>2026-01-24T07:35:05Z</time></trkpt><trkpt lat="22.44765" lon="114.29961166666665"><ele>87.6</ele><time>2026-01-24T07:35:09Z</time></trkpt><trkpt lat="22.44766666666667" lon="114.29961999999999"><ele>87.3</ele><time>2026-01-24T07:35:11Z</time></trkpt><trkpt lat="22.447685" lon="114.29962833333333"><ele>87.1</ele><time>2026-01-24T07:35:14Z</time></trkpt><trkpt lat="22.447701666666664" lon="114.29963833333335"><ele>86.89999999999999</ele><time>2026-01-24T07:35:18Z</time></trkpt><trkpt lat="22.447723333333336" lon="114.29964833333334"><ele>86.6</ele><time>2026-01-24T07:35:21Z</time></trkpt><trkpt lat="22.447738333333337" lon="114.29967333333335"><ele>86.39999999999999</ele><time>2026-01-24T07:35:24Z</time></trkpt><trkpt lat="22.447775" lon="114.29968833333332"><ele>85.3</ele><time>2026-01-24T07:35:39Z</time></trkpt><trkpt lat="22.447793333333333" lon="114.29969666666666"><ele>85.1</ele><time>2026-01-24T07:35:45Z</time></trkpt><trkpt lat="22.447821666666663" lon="114.29969833333334"><ele>85.1</ele><time>2026-01-24T07:35:48Z</time></trkpt><trkpt lat="22.447839999999996" lon="114.29970333333334"><ele>85.2</ele><time>2026-01-24T07:35:51Z</time></trkpt><trkpt lat="22.447853333333335" lon="114.29971833333333"><ele>85.3</ele><time>2026-01-24T07:35:54Z</time></trkpt><trkpt lat="22.447866666666663" lon="114.29973166666666"><ele>85.1</ele><time>2026-01-24T07:35:57Z</time></trkpt><trkpt lat="22.447888333333335" lon="114.29975"><ele>84.89999999999999</ele><time>2026-01-24T07:36:00Z</time></trkpt><trkpt lat="22.44790666666667" lon="114.299765"><ele>84.5</ele><time>2026-01-24T07:36:04Z</time></trkpt><trkpt lat="22.447926666666664" lon="114.29977500000001"><ele>84.2</ele><time>2026-01-24T07:36:07Z</time></trkpt><trkpt lat="22.447943333333335" lon="114.29979166666665"><ele>83.8</ele><time>2026-01-24T07:36:11Z</time></trkpt><trkpt lat="22.447961666666668" lon="114.29979999999999"><ele>83.2</ele><time>2026-01-24T07:36:14Z</time></trkpt><trkpt lat="22.447985000000003" lon="114.29981000000001"><ele>82.6</ele><time>2026-01-24T07:36:17Z</time></trkpt><trkpt lat="22.44799833333333" lon="114.299825"><ele>82.2</ele><time>2026-01-24T07:36:19Z</time></trkpt><trkpt lat="22.448015" lon="114.29983666666666"><ele>81.8</ele><time>2026-01-24T07:36:21Z</time></trkpt><trkpt lat="22.448031666666665" lon="114.29984833333334"><ele>81.1</ele><time>2026-01-24T07:36:24Z</time></trkpt><trkpt lat="22.448051666666668" lon="114.29985166666665"><ele>80.7</ele><time>2026-01-24T07:36:33Z</time></trkpt><trkpt lat="22.448069999999998" lon="114.29985666666668"><ele>80.7</ele><time>2026-01-24T07:36:38Z</time></trkpt><trkpt lat="22.448081666666667" lon="114.29989333333333"><ele>80.7</ele><time>2026-01-24T07:37:14Z</time></trkpt><trkpt lat="22.4481" lon="114.29991"><ele>80.5</ele><time>2026-01-24T07:37:17Z</time></trkpt><trkpt lat="22.448126666666667" lon="114.29991999999999"><ele>80.2</ele><time>2026-01-24T07:37:20Z</time></trkpt><trkpt lat="22.448150000000002" lon="114.29991999999999"><ele>80.3</ele><time>2026-01-24T07:37:24Z</time></trkpt><trkpt lat="22.448148333333332" lon="114.29994666666668"><ele>80.1</ele><time>2026-01-24T07:37:28Z</time></trkpt><trkpt lat="22.44814666666667" lon="114.29996833333334"><ele>80.1</ele><time>2026-01-24T07:37:31Z</time></trkpt><trkpt lat="22.448168333333335" lon="114.29996666666666"><ele>79.8</ele><time>2026-01-24T07:37:38Z</time></trkpt><trkpt lat="22.44818833333333" lon="114.29996333333332"><ele>79.6</ele><time>2026-01-24T07:37:41Z</time></trkpt><trkpt lat="22.448208333333334" lon="114.29996333333332"><ele>79.2</ele><time>2026-01-24T07:37:44Z</time></trkpt><trkpt lat="22.44823166666667" lon="114.29995333333333"><ele>78.6</ele><time>2026-01-24T07:37:48Z</time></trkpt><trkpt lat="22.44824833333333" lon="114.29994333333335"><ele>78.1</ele><time>2026-01-24T07:37:51Z</time></trkpt><trkpt lat="22.44826833333333" lon="114.29994166666665"><ele>77.3</ele><time>2026-01-24T07:37:59Z</time></trkpt><trkpt lat="22.44828" lon="114.29991999999999"><ele>77.2</ele><time>2026-01-24T07:38:07Z</time></trkpt><trkpt lat="22.448301666666666" lon="114.29993166666667"><ele>77.39999999999999</ele><time>2026-01-24T07:39:21Z</time></trkpt><trkpt lat="22.44832333333333" lon="114.29991"><ele>77.39999999999999</ele><time>2026-01-24T07:39:25Z</time></trkpt><trkpt lat="22.44834166666667" lon="114.29989666666667"><ele>77.2</ele><time>2026-01-24T07:39:27Z</time></trkpt><trkpt lat="22.448365" lon="114.29989500000002"><ele>77.2</ele><time>2026-01-24T07:39:29Z</time></trkpt><trkpt lat="22.448385" lon="114.29989333333333"><ele>77.3</ele><time>2026-01-24T07:39:32Z</time></trkpt><trkpt lat="22.448405" lon="114.29988499999999"><ele>77.1</ele><time>2026-01-24T07:39:35Z</time></trkpt><trkpt lat="22.448423333333334" lon="114.29988333333334"><ele>76.8</ele><time>2026-01-24T07:39:38Z</time></trkpt><trkpt lat="22.44844333333333" lon="114.29988833333333"><ele>76.39999999999999</ele><time>2026-01-24T07:39:41Z</time></trkpt><trkpt lat="22.448436666666666" lon="114.29991"><ele>75.2</ele><time>2026-01-24T07:39:45Z</time></trkpt><trkpt lat="22.448433333333334" lon="114.29993166666667"><ele>74.1</ele><time>2026-01-24T07:39:49Z</time></trkpt><trkpt lat="22.448436666666666" lon="114.29995166666667"><ele>73.6</ele><time>2026-01-24T07:39:52Z</time></trkpt><trkpt lat="22.448453333333337" lon="114.29996666666666"><ele>73.5</ele><time>2026-01-24T07:39:57Z</time></trkpt><trkpt lat="22.44847666666667" lon="114.29997833333333"><ele>73.5</ele><time>2026-01-24T07:40:01Z</time></trkpt><trkpt lat="22.448495" lon="114.29998666666667"><ele>73.7</ele><time>2026-01-24T07:40:05Z</time></trkpt><trkpt lat="22.448516666666666" lon="114.29999000000001"><ele>73.7</ele><time>2026-01-24T07:40:09Z</time></trkpt><trkpt lat="22.44853833333333" lon="114.29999333333332"><ele>73.6</ele><time>2026-01-24T07:40:13Z</time></trkpt><trkpt lat="22.448559999999997" lon="114.29999666666666"><ele>73.39999999999999</ele><time>2026-01-24T07:40:17Z</time></trkpt><trkpt lat="22.44858" lon="114.30000333333334"><ele>73.3</ele><time>2026-01-24T07:40:20Z</time></trkpt><trkpt lat="22.448598333333333" lon="114.30000166666666"><ele>73.1</ele><time>2026-01-24T07:40:23Z</time></trkpt><trkpt lat="22.448621666666668" lon="114.30000666666668"><ele>72.89999999999999</ele><time>2026-01-24T07:40:26Z</time></trkpt><trkpt lat="22.448633333333337" lon="114.30002166666667"><ele>72.3</ele><time>2026-01-24T07:40:33Z</time></trkpt><trkpt lat="22.44865333333333" lon="114.30002833333334"><ele>72.0</ele><time>2026-01-24T07:40:38Z</time></trkpt><trkpt lat="22.44867" lon="114.30004333333333"><ele>71.89999999999999</ele><time>2026-01-24T07:40:44Z</time></trkpt><trkpt lat="22.448690000000003" lon="114.30005666666666"><ele>70.89999999999999</ele><time>2026-01-24T07:40:51Z</time></trkpt><trkpt lat="22.44871" lon="114.30006833333333"><ele>70.39999999999999</ele><time>2026-01-24T07:40:55Z</time></trkpt><trkpt lat="22.448731666666664" lon="114.30007499999998"><ele>69.8</ele><time>2026-01-24T07:40:58Z</time></trkpt><trkpt lat="22.44875833333333" lon="114.30008000000001"><ele>69.39999999999999</ele><time>2026-01-24T07:41:01Z</time></trkpt><trkpt lat="22.448775" lon="114.30008833333335"><ele>69.1</ele><time>2026-01-24T07:41:04Z</time></trkpt><trkpt lat="22.448781666666665" lon="114.30010666666666"><ele>68.7</ele><time>2026-01-24T07:41:11Z</time></trkpt><trkpt lat="22.44879166666666" lon="114.30012333333335"><ele>68.2</ele><time>2026-01-24T07:41:15Z</time></trkpt><trkpt lat="22.44880333333333" lon="114.30014166666666"><ele>67.3</ele><time>2026-01-24T07:41:20Z</time></trkpt><trkpt lat="22.44881666666667" lon="114.30015666666668"><ele>66.89999999999999</ele><time>2026-01-24T07:41:23Z</time></trkpt><trkpt lat="22.448829999999997" lon="114.30017333333332"><ele>66.6</ele><time>2026-01-24T07:41:26Z</time></trkpt><trkpt lat="22.448840000000004" lon="114.30019666666666"><ele>66.0</ele><time>2026-01-24T07:41:30Z</time></trkpt><trkpt lat="22.44884833333333" lon="114.30022"><ele>65.3</ele><time>2026-01-24T07:41:34Z</time></trkpt><trkpt lat="22.448858333333337" lon="114.30023666666666"><ele>64.8</ele><time>2026-01-24T07:41:38Z</time></trkpt><trkpt lat="22.448870000000003" lon="114.30025666666667"><ele>64.2</ele><time>2026-01-24T07:41:44Z</time></trkpt><trkpt lat="22.448886666666667" lon="114.30027166666666"><ele>63.7</ele><time>2026-01-24T07:41:48Z</time></trkpt><trkpt lat="22.448901666666664" lon="114.30028833333333"><ele>63.0</ele><time>2026-01-24T07:41:52Z</time></trkpt><trkpt lat="22.448918333333335" lon="114.30029833333334"><ele>62.3</ele><time>2026-01-24T07:41:56Z</time></trkpt><trkpt lat="22.448931666666667" lon="114.30031166666667"><ele>62.199999999999996</ele><time>2026-01-24T07:41:58Z</time></trkpt><trkpt lat="22.448946666666664" lon="114.300325"><ele>62.0</ele><time>2026-01-24T07:42:00Z</time></trkpt><trkpt lat="22.448963333333335" lon="114.30033999999999"><ele>61.4</ele><time>2026-01-24T07:42:03Z</time></trkpt><trkpt lat="22.448986666666663" lon="114.30035333333332"><ele>60.9</ele><time>2026-01-24T07:42:06Z</time></trkpt><trkpt lat="22.449005000000003" lon="114.30036333333334"><ele>60.5</ele><time>2026-01-24T07:42:08Z</time></trkpt><trkpt lat="22.44902833333333" lon="114.30036999999999"><ele>60.0</ele><time>2026-01-24T07:42:11Z</time></trkpt><trkpt lat="22.449046666666664" lon="114.30036833333334"><ele>59.699999999999996</ele><time>2026-01-24T07:42:13Z</time></trkpt><trkpt lat="22.44907166666667" lon="114.30036999999999"><ele>59.4</ele><time>2026-01-24T07:42:16Z</time></trkpt><trkpt lat="22.449095000000003" lon="114.30038166666667"><ele>59.3</ele><time>2026-01-24T07:42:19Z</time></trkpt><trkpt lat="22.449113333333337" lon="114.30038833333334"><ele>59.099999999999994</ele><time>2026-01-24T07:42:21Z</time></trkpt><trkpt lat="22.449135000000002" lon="114.3004"><ele>58.9</ele><time>2026-01-24T07:42:24Z</time></trkpt><trkpt lat="22.449153333333335" lon="114.30041833333334"><ele>58.699999999999996</ele><time>2026-01-24T07:42:27Z</time></trkpt><trkpt lat="22.449181666666664" lon="114.30042499999999"><ele>58.599999999999994</ele><time>2026-01-24T07:42:30Z</time></trkpt><trkpt lat="22.449203333333337" lon="114.30043166666668"><ele>58.3</ele><time>2026-01-24T07:42:32Z</time></trkpt><trkpt lat="22.449226666666664" lon="114.30043166666668"><ele>58.0</ele><time>2026-01-24T07:42:34Z</time></trkpt><trkpt lat="22.449246666666667" lon="114.30042833333333"><ele>57.4</ele><time>2026-01-24T07:42:36Z</time></trkpt><trkpt lat="22.449268333333332" lon="114.30042999999999"><ele>57.099999999999994</ele><time>2026-01-24T07:42:38Z</time></trkpt><trkpt lat="22.449288333333335" lon="114.30043499999998"><ele>56.699999999999996</ele><time>2026-01-24T07:42:40Z</time></trkpt><trkpt lat="22.449306666666665" lon="114.30042833333333"><ele>56.4</ele><time>2026-01-24T07:42:42Z</time></trkpt><trkpt lat="22.44932833333333" lon="114.30042166666665"><ele>56.099999999999994</ele><time>2026-01-24T07:42:44Z</time></trkpt><trkpt lat="22.449348333333333" lon="114.30041666666666"><ele>56.099999999999994</ele><time>2026-01-24T07:42:46Z</time></trkpt><trkpt lat="22.44937" lon="114.30040166666667"><ele>56.0</ele><time>2026-01-24T07:42:49Z</time></trkpt><trkpt lat="22.44939" lon="114.30040166666667"><ele>55.099999999999994</ele><time>2026-01-24T07:42:52Z</time></trkpt><trkpt lat="22.44940166666667" lon="114.30041833333334"><ele>53.699999999999996</ele><time>2026-01-24T07:42:55Z</time></trkpt><trkpt lat="22.449411666666666" lon="114.30043666666667"><ele>52.9</ele><time>2026-01-24T07:42:57Z</time></trkpt><trkpt lat="22.449423333333336" lon="114.30045166666666"><ele>52.0</ele><time>2026-01-24T07:42:59Z</time></trkpt><trkpt lat="22.44944333333334" lon="114.30046499999999"><ele>51.199999999999996</ele><time>2026-01-24T07:43:01Z</time></trkpt><trkpt lat="22.44946333333333" lon="114.30048166666666"><ele>50.699999999999996</ele><time>2026-01-24T07:43:03Z</time></trkpt><trkpt lat="22.44947833333333" lon="114.30050166666666"><ele>50.4</ele><time>2026-01-24T07:43:05Z</time></trkpt><trkpt lat="22.449496666666665" lon="114.30051666666668"><ele>50.0</ele><time>2026-01-24T07:43:07Z</time></trkpt><trkpt lat="22.44952" lon="114.30053333333332"><ele>49.699999999999996</ele><time>2026-01-24T07:43:09Z</time></trkpt><trkpt lat="22.449541666666665" lon="114.30054666666668"><ele>49.199999999999996</ele><time>2026-01-24T07:43:11Z</time></trkpt><trkpt lat="22.449558333333336" lon="114.30056666666665"><ele>48.5</ele><time>2026-01-24T07:43:13Z</time></trkpt><trkpt lat="22.44957" lon="114.30059000000001"><ele>48.0</ele><time>2026-01-24T07:43:15Z</time></trkpt><trkpt lat="22.44957833333334" lon="114.30061166666668"><ele>47.8</ele><time>2026-01-24T07:43:17Z</time></trkpt><trkpt lat="22.449588333333335" lon="114.300635"><ele>48.099999999999994</ele><time>2026-01-24T07:43:19Z</time></trkpt><trkpt lat="22.44961" lon="114.30064833333333"><ele>48.0</ele><time>2026-01-24T07:43:22Z</time></trkpt><trkpt lat="22.449630000000003" lon="114.30065166666667"><ele>47.8</ele><time>2026-01-24T07:43:25Z</time></trkpt><trkpt lat="22.449653333333337" lon="114.30066666666669"><ele>47.3</ele><time>2026-01-24T07:43:28Z</time></trkpt><trkpt lat="22.449673333333333" lon="114.30067833333332"><ele>46.9</ele><time>2026-01-24T07:43:31Z</time></trkpt><trkpt lat="22.44969" lon="114.30069833333333"><ele>46.199999999999996</ele><time>2026-01-24T07:43:34Z</time></trkpt><trkpt lat="22.449696666666668" lon="114.30071666666666"><ele>45.699999999999996</ele><time>2026-01-24T07:43:36Z</time></trkpt><trkpt lat="22.449709999999996" lon="114.30072999999999"><ele>45.0</ele><time>2026-01-24T07:43:38Z</time></trkpt><trkpt lat="22.449721666666665" lon="114.30074833333335"><ele>44.4</ele><time>2026-01-24T07:43:40Z</time></trkpt><trkpt lat="22.44974" lon="114.30075833333333"><ele>44.0</ele><time>2026-01-24T07:43:42Z</time></trkpt><trkpt lat="22.449758333333328" lon="114.30076499999998"><ele>43.699999999999996</ele><time>2026-01-24T07:43:44Z</time></trkpt><trkpt lat="22.44977666666667" lon="114.300775"><ele>43.9</ele><time>2026-01-24T07:43:46Z</time></trkpt><trkpt lat="22.449799999999996" lon="114.30078333333334"><ele>44.099999999999994</ele><time>2026-01-24T07:43:49Z</time></trkpt><trkpt lat="22.44982333333333" lon="114.30079499999998"><ele>43.699999999999996</ele><time>2026-01-24T07:43:52Z</time></trkpt><trkpt lat="22.449841666666664" lon="114.30081"><ele>43.3</ele><time>2026-01-24T07:43:55Z</time></trkpt><trkpt lat="22.44984833333333" lon="114.30083333333332"><ele>42.599999999999994</ele><time>2026-01-24T07:43:58Z</time></trkpt><trkpt lat="22.44985166666667" lon="114.30086166666666"><ele>42.0</ele><time>2026-01-24T07:44:01Z</time></trkpt><trkpt lat="22.44986666666667" lon="114.30088333333333"><ele>41.5</ele><time>2026-01-24T07:44:04Z</time></trkpt><trkpt lat="22.44988" lon="114.3009"><ele>41.199999999999996</ele><time>2026-01-24T07:44:07Z</time></trkpt><trkpt lat="22.449901666666666" lon="114.30090333333334"><ele>41.3</ele><time>2026-01-24T07:44:10Z</time></trkpt><trkpt lat="22.44992" lon="114.30090166666666"><ele>41.4</ele><time>2026-01-24T07:44:12Z</time></trkpt><trkpt lat="22.449945000000003" lon="114.30090833333334"><ele>41.4</ele><time>2026-01-24T07:44:15Z</time></trkpt><trkpt lat="22.449963333333336" lon="114.30091166666668"><ele>41.5</ele><time>2026-01-24T07:44:17Z</time></trkpt><trkpt lat="22.44998666666667" lon="114.30090833333334"><ele>41.599999999999994</ele><time>2026-01-24T07:44:19Z</time></trkpt><trkpt lat="22.450006666666663" lon="114.30090666666668"><ele>41.599999999999994</ele><time>2026-01-24T07:44:21Z</time></trkpt><trkpt lat="22.450026666666666" lon="114.300905"><ele>41.699999999999996</ele><time>2026-01-24T07:44:23Z</time></trkpt><trkpt lat="22.45004833333333" lon="114.30090666666668"><ele>41.9</ele><time>2026-01-24T07:44:25Z</time></trkpt><trkpt lat="22.45006" lon="114.30092166666667"><ele>41.599999999999994</ele><time>2026-01-24T07:44:31Z</time></trkpt><trkpt lat="22.45006166666667" lon="114.30090166666666"><ele>42.099999999999994</ele><time>2026-01-24T07:44:36Z</time></trkpt><trkpt lat="22.45009" lon="114.30090333333334"><ele>42.0</ele><time>2026-01-24T07:44:44Z</time></trkpt><trkpt lat="22.450113333333334" lon="114.30090166666666"><ele>41.599999999999994</ele><time>2026-01-24T07:44:46Z</time></trkpt><trkpt lat="22.450128333333335" lon="114.30089000000001"><ele>41.199999999999996</ele><time>2026-01-24T07:44:48Z</time></trkpt><trkpt lat="22.45015" lon="114.30087333333334"><ele>40.9</ele><time>2026-01-24T07:44:51Z</time></trkpt><trkpt lat="22.450173333333336" lon="114.300865"><ele>40.699999999999996</ele><time>2026-01-24T07:44:54Z</time></trkpt><trkpt lat="22.45019" lon="114.30085499999998"><ele>40.3</ele><time>2026-01-24T07:44:58Z</time></trkpt><trkpt lat="22.45023833333333" lon="114.300845"><ele>40.5</ele><time>2026-01-24T07:45:13Z</time></trkpt><trkpt lat="22.45025666666667" lon="114.30083666666665"><ele>40.199999999999996</ele><time>2026-01-24T07:45:16Z</time></trkpt><trkpt lat="22.450271666666662" lon="114.30082166666668"><ele>40.0</ele><time>2026-01-24T07:45:19Z</time></trkpt><trkpt lat="22.450290000000003" lon="114.30080833333335"><ele>39.8</ele><time>2026-01-24T07:45:22Z</time></trkpt><trkpt lat="22.450303333333334" lon="114.30079499999998"><ele>39.699999999999996</ele><time>2026-01-24T07:45:24Z</time></trkpt><trkpt lat="22.450318333333332" lon="114.30077666666666"><ele>39.599999999999994</ele><time>2026-01-24T07:45:26Z</time></trkpt><trkpt lat="22.450339999999997" lon="114.30077000000001"><ele>39.199999999999996</ele><time>2026-01-24T07:45:29Z</time></trkpt><trkpt lat="22.450361666666662" lon="114.30078333333334"><ele>38.599999999999994</ele><time>2026-01-24T07:45:32Z</time></trkpt><trkpt lat="22.45038833333333" lon="114.30079833333333"><ele>38.199999999999996</ele><time>2026-01-24T07:45:34Z</time></trkpt><trkpt lat="22.45041833333333" lon="114.30079833333333"><ele>37.9</ele><time>2026-01-24T07:45:36Z</time></trkpt><trkpt lat="22.450441666666666" lon="114.30077833333334"><ele>38.0</ele><time>2026-01-24T07:45:38Z</time></trkpt><trkpt lat="22.45046" lon="114.30076333333334"><ele>38.0</ele><time>2026-01-24T07:45:40Z</time></trkpt><trkpt lat="22.45047833333333" lon="114.30075666666669"><ele>37.699999999999996</ele><time>2026-01-24T07:45:42Z</time></trkpt><trkpt lat="22.450496666666663" lon="114.30074833333335"><ele>37.599999999999994</ele><time>2026-01-24T07:45:44Z</time></trkpt><trkpt lat="22.450521666666667" lon="114.30074333333332"><ele>37.0</ele><time>2026-01-24T07:45:46Z</time></trkpt><trkpt lat="22.450536666666668" lon="114.30072999999999"><ele>36.3</ele><time>2026-01-24T07:45:50Z</time></trkpt><trkpt lat="22.450556666666664" lon="114.30071666666666"><ele>34.699999999999996</ele><time>2026-01-24T07:45:53Z</time></trkpt><trkpt lat="22.450573333333335" lon="114.30070833333333"><ele>33.9</ele><time>2026-01-24T07:45:58Z</time></trkpt><trkpt lat="22.450573333333335" lon="114.30068833333334"><ele>33.3</ele><time>2026-01-24T07:46:03Z</time></trkpt><trkpt lat="22.450588333333332" lon="114.30067"><ele>33.699999999999996</ele><time>2026-01-24T07:46:10Z</time></trkpt><trkpt lat="22.450611666666667" lon="114.300665"><ele>33.9</ele><time>2026-01-24T07:46:13Z</time></trkpt><trkpt lat="22.45062833333333" lon="114.30067333333334"><ele>34.199999999999996</ele><time>2026-01-24T07:46:15Z</time></trkpt><trkpt lat="22.450645" lon="114.300685"><ele>34.3</ele><time>2026-01-24T07:46:17Z</time></trkpt><trkpt lat="22.450666666666667" lon="114.30069166666665"><ele>34.099999999999994</ele><time>2026-01-24T07:46:19Z</time></trkpt><trkpt lat="22.450695000000003" lon="114.30069999999999"><ele>34.199999999999996</ele><time>2026-01-24T07:46:21Z</time></trkpt><trkpt lat="22.450708333333335" lon="114.300685"><ele>34.4</ele><time>2026-01-24T07:46:23Z</time></trkpt><trkpt lat="22.450723333333332" lon="114.30067"><ele>34.699999999999996</ele><time>2026-01-24T07:46:28Z</time></trkpt><trkpt lat="22.450750000000003" lon="114.30066333333335"><ele>34.5</ele><time>2026-01-24T07:46:31Z</time></trkpt><trkpt lat="22.450771666666665" lon="114.30065666666665"><ele>34.599999999999994</ele><time>2026-01-24T07:46:33Z</time></trkpt><trkpt lat="22.45079333333333" lon="114.30065166666667"><ele>34.699999999999996</ele><time>2026-01-24T07:46:35Z</time></trkpt><trkpt lat="22.450811666666663" lon="114.30064499999999"><ele>34.5</ele><time>2026-01-24T07:46:37Z</time></trkpt><trkpt lat="22.450833333333335" lon="114.30064166666668"><ele>34.599999999999994</ele><time>2026-01-24T07:46:39Z</time></trkpt><trkpt lat="22.450856666666663" lon="114.30064166666668"><ele>34.4</ele><time>2026-01-24T07:46:41Z</time></trkpt><trkpt lat="22.450878333333335" lon="114.30064499999999"><ele>34.5</ele><time>2026-01-24T07:46:43Z</time></trkpt><trkpt lat="22.45089666666667" lon="114.30065166666667"><ele>34.4</ele><time>2026-01-24T07:46:46Z</time></trkpt><trkpt lat="22.45091166666667" lon="114.30066333333335"><ele>33.5</ele><time>2026-01-24T07:46:49Z</time></trkpt><trkpt lat="22.45092833333333" lon="114.30067666666667"><ele>32.9</ele><time>2026-01-24T07:46:51Z</time></trkpt><trkpt lat="22.450946666666663" lon="114.30068833333334"><ele>32.5</ele><time>2026-01-24T07:46:53Z</time></trkpt><trkpt lat="22.450968333333336" lon="114.30070166666668"><ele>32.0</ele><time>2026-01-24T07:46:56Z</time></trkpt><trkpt lat="22.450993333333333" lon="114.30070833333333"><ele>31.8</ele><time>2026-01-24T07:46:59Z</time></trkpt><trkpt lat="22.45101833333333" lon="114.30070666666667"><ele>31.599999999999998</ele><time>2026-01-24T07:47:01Z</time></trkpt><trkpt lat="22.451048333333333" lon="114.30069833333333"><ele>31.400000000000002</ele><time>2026-01-24T07:47:03Z</time></trkpt><trkpt lat="22.451069999999998" lon="114.30069"><ele>30.8</ele><time>2026-01-24T07:47:06Z</time></trkpt><trkpt lat="22.451088333333338" lon="114.30067833333332"><ele>30.7</ele><time>2026-01-24T07:47:09Z</time></trkpt><trkpt lat="22.451110000000003" lon="114.30068333333332"><ele>30.0</ele><time>2026-01-24T07:47:12Z</time></trkpt><trkpt lat="22.451128333333333" lon="114.30068833333334"><ele>29.0</ele><time>2026-01-24T07:47:15Z</time></trkpt><trkpt lat="22.451146666666666" lon="114.30069166666665"><ele>28.2</ele><time>2026-01-24T07:47:17Z</time></trkpt><trkpt lat="22.451171666666664" lon="114.30068833333334"><ele>27.6</ele><time>2026-01-24T07:47:19Z</time></trkpt><trkpt lat="22.451201666666666" lon="114.300685"><ele>27.0</ele><time>2026-01-24T07:47:21Z</time></trkpt><trkpt lat="22.451219999999996" lon="114.30068000000001"><ele>26.1</ele><time>2026-01-24T07:47:23Z</time></trkpt><trkpt lat="22.451245000000004" lon="114.30069333333334"><ele>25.3</ele><time>2026-01-24T07:47:26Z</time></trkpt><trkpt lat="22.451261666666664" lon="114.30070833333333"><ele>24.6</ele><time>2026-01-24T07:47:28Z</time></trkpt><trkpt lat="22.451278333333335" lon="114.30073166666668"><ele>24.5</ele><time>2026-01-24T07:47:30Z</time></trkpt><trkpt lat="22.451279999999997" lon="114.30076"><ele>24.6</ele><time>2026-01-24T07:47:32Z</time></trkpt><trkpt lat="22.451273333333333" lon="114.30078"><ele>24.0</ele><time>2026-01-24T07:47:38Z</time></trkpt><trkpt lat="22.451273333333333" lon="114.30080166666667"><ele>21.2</ele><time>2026-01-24T07:48:03Z</time></trkpt><trkpt lat="22.451298333333337" lon="114.30079833333333"><ele>21.0</ele><time>2026-01-24T07:48:06Z</time></trkpt><trkpt lat="22.451323333333335" lon="114.30080166666667"><ele>20.900000000000002</ele><time>2026-01-24T07:48:09Z</time></trkpt><trkpt lat="22.45134333333333" lon="114.30079499999998"><ele>20.7</ele><time>2026-01-24T07:48:11Z</time></trkpt><trkpt lat="22.45136" lon="114.30080333333332"><ele>20.5</ele><time>2026-01-24T07:48:13Z</time></trkpt><trkpt lat="22.45137833333333" lon="114.30080833333335"><ele>20.400000000000002</ele><time>2026-01-24T07:48:15Z</time></trkpt><trkpt lat="22.451395" lon="114.30079333333333"><ele>20.1</ele><time>2026-01-24T07:48:19Z</time></trkpt><trkpt lat="22.451403333333328" lon="114.30077166666666"><ele>20.1</ele><time>2026-01-24T07:48:21Z</time></trkpt><trkpt lat="22.451411666666665" lon="114.30074333333332"><ele>20.2</ele><time>2026-01-24T07:48:24Z</time></trkpt><trkpt lat="22.45142166666667" lon="114.30072"><ele>20.8</ele><time>2026-01-24T07:48:27Z</time></trkpt><trkpt lat="22.451405" lon="114.30074166666667"><ele>20.7</ele><time>2026-01-24T07:48:32Z</time></trkpt><trkpt lat="22.45138833333333" lon="114.30076"><ele>20.400000000000002</ele><time>2026-01-24T07:48:35Z</time></trkpt><trkpt lat="22.45137333333333" lon="114.30077666666666"><ele>19.900000000000002</ele><time>2026-01-24T07:48:38Z</time></trkpt><trkpt lat="22.45136" lon="114.30079333333333"><ele>19.0</ele><time>2026-01-24T07:48:41Z</time></trkpt><trkpt lat="22.451363333333333" lon="114.30081333333334"><ele>17.900000000000002</ele><time>2026-01-24T07:48:49Z</time></trkpt><trkpt lat="22.451371666666667" lon="114.300835"><ele>17.400000000000002</ele><time>2026-01-24T07:49:01Z</time></trkpt><trkpt lat="22.451405" lon="114.30085833333332"><ele>21.400000000000002</ele><time>2026-01-24T07:49:17Z</time></trkpt><trkpt lat="22.451383333333336" lon="114.30088333333333"><ele>21.900000000000002</ele><time>2026-01-24T07:50:16Z</time></trkpt><trkpt lat="22.451383333333336" lon="114.30090999999999"><ele>21.900000000000002</ele><time>2026-01-24T07:50:19Z</time></trkpt><trkpt lat="22.451383333333336" lon="114.30093166666666"><ele>21.400000000000002</ele><time>2026-01-24T07:50:23Z</time></trkpt><trkpt lat="22.451375" lon="114.30095333333333"><ele>20.6</ele><time>2026-01-24T07:50:31Z</time></trkpt><trkpt lat="22.451395" lon="114.30096166666665"><ele>19.7</ele><time>2026-01-24T07:50:36Z</time></trkpt><trkpt lat="22.451399999999996" lon="114.30098166666667"><ele>19.400000000000002</ele><time>2026-01-24T07:50:38Z</time></trkpt><trkpt lat="22.451410000000003" lon="114.30100666666667"><ele>18.900000000000002</ele><time>2026-01-24T07:50:41Z</time></trkpt><trkpt lat="22.45141833333333" lon="114.301025"><ele>19.0</ele><time>2026-01-24T07:50:43Z</time></trkpt><trkpt lat="22.45142166666667" lon="114.301045"><ele>19.6</ele><time>2026-01-24T07:50:45Z</time></trkpt><trkpt lat="22.45143333333333" lon="114.30106499999998"><ele>19.7</ele><time>2026-01-24T07:50:48Z</time></trkpt><trkpt lat="22.451428333333336" lon="114.30109166666668"><ele>19.1</ele><time>2026-01-24T07:50:52Z</time></trkpt><trkpt lat="22.45142166666667" lon="114.30111166666666"><ele>18.1</ele><time>2026-01-24T07:50:59Z</time></trkpt><trkpt lat="22.451428333333336" lon="114.30113166666666"><ele>19.2</ele><time>2026-01-24T07:51:07Z</time></trkpt><trkpt lat="22.45143666666667" lon="114.30115166666668"><ele>19.7</ele><time>2026-01-24T07:51:12Z</time></trkpt><trkpt lat="22.451441666666664" lon="114.301175"><ele>19.400000000000002</ele><time>2026-01-24T07:51:16Z</time></trkpt><trkpt lat="22.45144" lon="114.30119666666666"><ele>19.0</ele><time>2026-01-24T07:51:20Z</time></trkpt><trkpt lat="22.451443333333334" lon="114.30121833333332"><ele>18.400000000000002</ele><time>2026-01-24T07:51:24Z</time></trkpt><trkpt lat="22.451435" lon="114.30124666666667"><ele>18.8</ele><time>2026-01-24T07:51:41Z</time></trkpt><trkpt lat="22.451441666666664" lon="114.301265"><ele>18.900000000000002</ele><time>2026-01-24T07:51:44Z</time></trkpt><trkpt lat="22.451428333333336" lon="114.30127833333333"><ele>18.1</ele><time>2026-01-24T07:51:53Z</time></trkpt><trkpt lat="22.451443333333334" lon="114.30129333333335"><ele>17.900000000000002</ele><time>2026-01-24T07:52:01Z</time></trkpt><trkpt lat="22.451458333333335" lon="114.30130666666668"><ele>17.900000000000002</ele><time>2026-01-24T07:52:03Z</time></trkpt><trkpt lat="22.451476666666668" lon="114.30132166666665"><ele>17.8</ele><time>2026-01-24T07:52:06Z</time></trkpt><trkpt lat="22.451476666666668" lon="114.30134500000001"><ele>17.1</ele><time>2026-01-24T07:52:13Z</time></trkpt><trkpt lat="22.451473333333336" lon="114.30136666666667"><ele>16.8</ele><time>2026-01-24T07:52:15Z</time></trkpt><trkpt lat="22.45146833333333" lon="114.30138833333334"><ele>16.5</ele><time>2026-01-24T07:52:18Z</time></trkpt><trkpt lat="22.45146333333333" lon="114.30140833333334"><ele>16.3</ele><time>2026-01-24T07:52:20Z</time></trkpt><trkpt lat="22.451455000000003" lon="114.30143500000001"><ele>16.3</ele><time>2026-01-24T07:52:23Z</time></trkpt><trkpt lat="22.451443333333334" lon="114.30146333333332"><ele>16.3</ele><time>2026-01-24T07:52:26Z</time></trkpt><trkpt lat="22.45143" lon="114.30149000000002"><ele>16.6</ele><time>2026-01-24T07:52:28Z</time></trkpt><trkpt lat="22.45141833333333" lon="114.30150666666665"><ele>16.7</ele><time>2026-01-24T07:52:30Z</time></trkpt><trkpt lat="22.451408333333333" lon="114.30153166666666"><ele>16.900000000000002</ele><time>2026-01-24T07:52:33Z</time></trkpt><trkpt lat="22.451401666666666" lon="114.30155"><ele>17.1</ele><time>2026-01-24T07:52:35Z</time></trkpt><trkpt lat="22.451393333333332" lon="114.30157166666667"><ele>16.8</ele><time>2026-01-24T07:52:38Z</time></trkpt><trkpt lat="22.451380000000004" lon="114.30158666666667"><ele>16.5</ele><time>2026-01-24T07:52:41Z</time></trkpt><trkpt lat="22.451358333333328" lon="114.30160166666668"><ele>16.400000000000002</ele><time>2026-01-24T07:52:44Z</time></trkpt><trkpt lat="22.451336666666666" lon="114.30161666666666"><ele>16.400000000000002</ele><time>2026-01-24T07:52:47Z</time></trkpt><trkpt lat="22.451323333333335" lon="114.30163166666668"><ele>16.5</ele><time>2026-01-24T07:52:49Z</time></trkpt><trkpt lat="22.451311666666665" lon="114.301655"><ele>16.8</ele><time>2026-01-24T07:52:51Z</time></trkpt><trkpt lat="22.451295" lon="114.30167333333333"><ele>17.1</ele><time>2026-01-24T07:52:53Z</time></trkpt><trkpt lat="22.451281666666667" lon="114.30169166666668"><ele>17.5</ele><time>2026-01-24T07:52:55Z</time></trkpt><trkpt lat="22.451264999999996" lon="114.30170333333332"><ele>17.900000000000002</ele><time>2026-01-24T07:52:57Z</time></trkpt><trkpt lat="22.451249999999998" lon="114.30171666666665"><ele>18.1</ele><time>2026-01-24T07:52:59Z</time></trkpt><trkpt lat="22.451233333333334" lon="114.30172833333333"><ele>18.2</ele><time>2026-01-24T07:53:01Z</time></trkpt><trkpt lat="22.451218333333333" lon="114.30174666666666"><ele>18.2</ele><time>2026-01-24T07:53:04Z</time></trkpt><trkpt lat="22.451204999999998" lon="114.30173"><ele>17.5</ele><time>2026-01-24T07:53:10Z</time></trkpt><trkpt lat="22.451186666666665" lon="114.30172833333333"><ele>16.8</ele><time>2026-01-24T07:53:12Z</time></trkpt><trkpt lat="22.451165" lon="114.30174166666666"><ele>16.400000000000002</ele><time>2026-01-24T07:53:14Z</time></trkpt><trkpt lat="22.451141666666665" lon="114.301745"><ele>16.0</ele><time>2026-01-24T07:53:16Z</time></trkpt><trkpt lat="22.45112" lon="114.30174833333334"><ele>15.3</ele><time>2026-01-24T07:53:18Z</time></trkpt><trkpt lat="22.451099999999997" lon="114.30175166666668"><ele>14.3</ele><time>2026-01-24T07:53:20Z</time></trkpt><trkpt lat="22.451083333333333" lon="114.30177166666665"><ele>13.600000000000001</ele><time>2026-01-24T07:53:22Z</time></trkpt><trkpt lat="22.45107666666667" lon="114.30179833333335"><ele>13.0</ele><time>2026-01-24T07:53:24Z</time></trkpt><trkpt lat="22.45107833333333" lon="114.30182333333332"><ele>12.3</ele><time>2026-01-24T07:53:26Z</time></trkpt><trkpt lat="22.45107666666667" lon="114.30184333333334"><ele>12.0</ele><time>2026-01-24T07:53:28Z</time></trkpt><trkpt lat="22.45107666666667" lon="114.30186666666665"><ele>11.600000000000001</ele><time>2026-01-24T07:53:30Z</time></trkpt><trkpt lat="22.45106333333333" lon="114.30188000000001"><ele>12.0</ele><time>2026-01-24T07:53:32Z</time></trkpt><trkpt lat="22.451045" lon="114.30188833333335"><ele>12.700000000000001</ele><time>2026-01-24T07:53:36Z</time></trkpt><trkpt lat="22.45103166666667" lon="114.30190166666668"><ele>14.100000000000001</ele><time>2026-01-24T07:53:41Z</time></trkpt><trkpt lat="22.451021666666666" lon="114.30193833333333"><ele>14.0</ele><time>2026-01-24T07:53:46Z</time></trkpt><trkpt lat="22.451016666666668" lon="114.30195833333333"><ele>14.200000000000001</ele><time>2026-01-24T07:53:48Z</time></trkpt><trkpt lat="22.451005000000002" lon="114.30197666666666"><ele>13.9</ele><time>2026-01-24T07:53:51Z</time></trkpt><trkpt lat="22.450991666666663" lon="114.302"><ele>13.9</ele><time>2026-01-24T07:53:54Z</time></trkpt><trkpt lat="22.450981666666667" lon="114.30201833333334"><ele>13.9</ele><time>2026-01-24T07:53:56Z</time></trkpt><trkpt lat="22.450971666666668" lon="114.30203833333334"><ele>13.700000000000001</ele><time>2026-01-24T07:53:58Z</time></trkpt><trkpt lat="22.450963333333334" lon="114.30205833333333"><ele>13.5</ele><time>2026-01-24T07:54:00Z</time></trkpt><trkpt lat="22.450961666666664" lon="114.30208333333333"><ele>13.8</ele><time>2026-01-24T07:54:02Z</time></trkpt><trkpt lat="22.450961666666664" lon="114.30210833333334"><ele>14.200000000000001</ele><time>2026-01-24T07:54:04Z</time></trkpt><trkpt lat="22.450964999999997" lon="114.30213166666665"><ele>14.4</ele><time>2026-01-24T07:54:06Z</time></trkpt><trkpt lat="22.450968333333336" lon="114.30215166666667"><ele>14.700000000000001</ele><time>2026-01-24T07:54:08Z</time></trkpt><trkpt lat="22.45097333333333" lon="114.30217166666668"><ele>15.3</ele><time>2026-01-24T07:54:10Z</time></trkpt><trkpt lat="22.45099" lon="114.30218833333332"><ele>16.0</ele><time>2026-01-24T07:54:12Z</time></trkpt><trkpt lat="22.451003333333333" lon="114.30220499999999"><ele>18.400000000000002</ele><time>2026-01-24T07:54:15Z</time></trkpt><trkpt lat="22.451016666666668" lon="114.30222499999999"><ele>20.1</ele><time>2026-01-24T07:54:18Z</time></trkpt><trkpt lat="22.451014999999998" lon="114.30224500000001"><ele>21.400000000000002</ele><time>2026-01-24T07:54:21Z</time></trkpt><trkpt lat="22.451013333333336" lon="114.30227166666667"><ele>22.5</ele><time>2026-01-24T07:54:24Z</time></trkpt><trkpt lat="22.451009999999997" lon="114.30229499999999"><ele>23.0</ele><time>2026-01-24T07:54:26Z</time></trkpt><trkpt lat="22.451003333333333" lon="114.30231833333333"><ele>24.0</ele><time>2026-01-24T07:54:30Z</time></trkpt><trkpt lat="22.450993333333333" lon="114.30234166666666"><ele>24.7</ele><time>2026-01-24T07:54:34Z</time></trkpt><trkpt lat="22.45098666666667" lon="114.30236166666667"><ele>24.8</ele><time>2026-01-24T07:54:36Z</time></trkpt><trkpt lat="22.450976666666666" lon="114.30238"><ele>24.8</ele><time>2026-01-24T07:54:40Z</time></trkpt><trkpt lat="22.450969999999998" lon="114.3024"><ele>24.2</ele><time>2026-01-24T07:54:45Z</time></trkpt><trkpt lat="22.450964999999997" lon="114.30244333333333"><ele>24.0</ele><time>2026-01-24T07:55:00Z</time></trkpt><trkpt lat="22.45095666666667" lon="114.30250166666669"><ele>24.1</ele><time>2026-01-24T07:55:11Z</time></trkpt><trkpt lat="22.450963333333334" lon="114.30252333333334"><ele>24.1</ele><time>2026-01-24T07:55:14Z</time></trkpt><trkpt lat="22.450966666666666" lon="114.30254833333332"><ele>24.0</ele><time>2026-01-24T07:55:17Z</time></trkpt><trkpt lat="22.450968333333336" lon="114.302575"><ele>24.3</ele><time>2026-01-24T07:55:20Z</time></trkpt><trkpt lat="22.450971666666668" lon="114.30259499999998"><ele>24.6</ele><time>2026-01-24T07:55:23Z</time></trkpt><trkpt lat="22.45097333333333" lon="114.30261666666665"><ele>24.8</ele><time>2026-01-24T07:55:26Z</time></trkpt><trkpt lat="22.450969999999998" lon="114.30264166666666"><ele>25.2</ele><time>2026-01-24T07:55:29Z</time></trkpt><trkpt lat="22.450964999999997" lon="114.30266666666667"><ele>25.400000000000002</ele><time>2026-01-24T07:55:32Z</time></trkpt><trkpt lat="22.450963333333334" lon="114.30268833333334"><ele>25.7</ele><time>2026-01-24T07:55:34Z</time></trkpt><trkpt lat="22.450961666666664" lon="114.30270999999999"><ele>26.0</ele><time>2026-01-24T07:55:36Z</time></trkpt><trkpt lat="22.450960000000002" lon="114.302735"><ele>26.2</ele><time>2026-01-24T07:55:39Z</time></trkpt><trkpt lat="22.450953333333338" lon="114.30275666666667"><ele>26.3</ele><time>2026-01-24T07:55:42Z</time></trkpt><trkpt lat="22.45094166666667" lon="114.30277666666667"><ele>26.3</ele><time>2026-01-24T07:55:46Z</time></trkpt><trkpt lat="22.450936666666667" lon="114.30280166666668"><ele>26.5</ele><time>2026-01-24T07:55:50Z</time></trkpt><trkpt lat="22.450931666666666" lon="114.30282166666666"><ele>26.5</ele><time>2026-01-24T07:55:52Z</time></trkpt><trkpt lat="22.450918333333334" lon="114.30283499999999"><ele>26.5</ele><time>2026-01-24T07:55:54Z</time></trkpt><trkpt lat="22.45091" lon="114.30285333333335"><ele>26.5</ele><time>2026-01-24T07:55:56Z</time></trkpt><trkpt lat="22.45089833333333" lon="114.30287333333332"><ele>26.6</ele><time>2026-01-24T07:55:58Z</time></trkpt><trkpt lat="22.450885000000003" lon="114.30289499999999"><ele>26.900000000000002</ele><time>2026-01-24T07:56:01Z</time></trkpt><trkpt lat="22.450874999999996" lon="114.30291666666666"><ele>27.1</ele><time>2026-01-24T07:56:03Z</time></trkpt><trkpt lat="22.450870000000002" lon="114.30293833333332"><ele>27.3</ele><time>2026-01-24T07:56:05Z</time></trkpt><trkpt lat="22.450859999999995" lon="114.30296000000001"><ele>27.5</ele><time>2026-01-24T07:56:08Z</time></trkpt><trkpt lat="22.450843333333335" lon="114.30297"><ele>27.6</ele><time>2026-01-24T07:56:12Z</time></trkpt><trkpt lat="22.450828333333334" lon="114.30298166666668"><ele>27.8</ele><time>2026-01-24T07:56:15Z</time></trkpt><trkpt lat="22.450814999999995" lon="114.30300333333335"><ele>28.2</ele><time>2026-01-24T07:56:19Z</time></trkpt><trkpt lat="22.45080833333333" lon="114.30302166666667"><ele>28.400000000000002</ele><time>2026-01-24T07:56:21Z</time></trkpt><trkpt lat="22.450799999999997" lon="114.30304"><ele>28.5</ele><time>2026-01-24T07:56:23Z</time></trkpt><trkpt lat="22.450789999999998" lon="114.30306"><ele>28.6</ele><time>2026-01-24T07:56:25Z</time></trkpt><trkpt lat="22.450778333333332" lon="114.30307666666667"><ele>29.1</ele><time>2026-01-24T07:56:27Z</time></trkpt><trkpt lat="22.450766666666663" lon="114.303095"><ele>29.6</ele><time>2026-01-24T07:56:30Z</time></trkpt><trkpt lat="22.45076166666667" lon="114.30311666666667"><ele>30.2</ele><time>2026-01-24T07:56:34Z</time></trkpt><trkpt lat="22.450744999999998" lon="114.30312833333333"><ele>30.8</ele><time>2026-01-24T07:56:37Z</time></trkpt><trkpt lat="22.45073" lon="114.30314833333333"><ele>31.500000000000004</ele><time>2026-01-24T07:56:41Z</time></trkpt><trkpt lat="22.450710000000004" lon="114.303155"><ele>32.199999999999996</ele><time>2026-01-24T07:56:44Z</time></trkpt><trkpt lat="22.450713333333336" lon="114.30313"><ele>33.099999999999994</ele><time>2026-01-24T07:56:47Z</time></trkpt><trkpt lat="22.450685" lon="114.30313166666669"><ele>38.599999999999994</ele><time>2026-01-24T07:57:26Z</time></trkpt><trkpt lat="22.450665000000004" lon="114.30313833333334"><ele>38.699999999999996</ele><time>2026-01-24T07:57:34Z</time></trkpt><trkpt lat="22.450653333333335" lon="114.30316166666668"><ele>39.3</ele><time>2026-01-24T07:57:40Z</time></trkpt><trkpt lat="22.450636666666664" lon="114.30317666666666"><ele>39.8</ele><time>2026-01-24T07:57:43Z</time></trkpt><trkpt lat="22.450620000000004" lon="114.30318833333334"><ele>40.3</ele><time>2026-01-24T07:57:46Z</time></trkpt><trkpt lat="22.45059666666667" lon="114.303205"><ele>40.9</ele><time>2026-01-24T07:57:50Z</time></trkpt><trkpt lat="22.450575000000004" lon="114.30321333333335"><ele>41.3</ele><time>2026-01-24T07:57:53Z</time></trkpt><trkpt lat="22.45055166666667" lon="114.303215"><ele>41.3</ele><time>2026-01-24T07:57:57Z</time></trkpt><trkpt lat="22.450528333333335" lon="114.30321333333335"><ele>41.3</ele><time>2026-01-24T07:58:00Z</time></trkpt><trkpt lat="22.45050833333333" lon="114.30323166666668"><ele>40.599999999999994</ele><time>2026-01-24T07:58:03Z</time></trkpt><trkpt lat="22.45049333333333" lon="114.30324333333334"><ele>40.4</ele><time>2026-01-24T07:58:05Z</time></trkpt><trkpt lat="22.450480000000002" lon="114.30325833333333"><ele>40.099999999999994</ele><time>2026-01-24T07:58:07Z</time></trkpt><trkpt lat="22.45046166666667" lon="114.30326666666666"><ele>39.9</ele><time>2026-01-24T07:58:10Z</time></trkpt><trkpt lat="22.450438333333334" lon="114.30327166666666"><ele>40.099999999999994</ele><time>2026-01-24T07:58:13Z</time></trkpt><trkpt lat="22.45042" lon="114.30327833333334"><ele>40.699999999999996</ele><time>2026-01-24T07:58:17Z</time></trkpt><trkpt lat="22.4504" lon="114.30328666666668"><ele>41.4</ele><time>2026-01-24T07:58:21Z</time></trkpt><trkpt lat="22.450380000000003" lon="114.303305"><ele>41.8</ele><time>2026-01-24T07:58:24Z</time></trkpt><trkpt lat="22.450361666666662" lon="114.30331999999999"><ele>42.099999999999994</ele><time>2026-01-24T07:58:28Z</time></trkpt><trkpt lat="22.450348333333334" lon="114.303335"><ele>42.199999999999996</ele><time>2026-01-24T07:58:31Z</time></trkpt><trkpt lat="22.450331666666663" lon="114.30334833333333"><ele>42.4</ele><time>2026-01-24T07:58:34Z</time></trkpt><trkpt lat="22.45031333333333" lon="114.30335333333332"><ele>42.599999999999994</ele><time>2026-01-24T07:58:37Z</time></trkpt><trkpt lat="22.450291666666665" lon="114.30336000000001"><ele>42.8</ele><time>2026-01-24T07:58:40Z</time></trkpt><trkpt lat="22.450271666666662" lon="114.30336166666666"><ele>43.0</ele><time>2026-01-24T07:58:43Z</time></trkpt><trkpt lat="22.450251666666666" lon="114.303365"><ele>43.199999999999996</ele><time>2026-01-24T07:58:47Z</time></trkpt><trkpt lat="22.450231666666664" lon="114.30337499999999"><ele>43.5</ele><time>2026-01-24T07:58:50Z</time></trkpt><trkpt lat="22.450213333333334" lon="114.30337833333333"><ele>43.699999999999996</ele><time>2026-01-24T07:58:53Z</time></trkpt><trkpt lat="22.45019333333333" lon="114.30338833333332"><ele>44.099999999999994</ele><time>2026-01-24T07:58:56Z</time></trkpt><trkpt lat="22.450174999999998" lon="114.30339333333335"><ele>44.199999999999996</ele><time>2026-01-24T07:58:58Z</time></trkpt><trkpt lat="22.450156666666665" lon="114.303395"><ele>44.4</ele><time>2026-01-24T07:59:00Z</time></trkpt><trkpt lat="22.450135" lon="114.30340166666669"><ele>44.4</ele><time>2026-01-24T07:59:02Z</time></trkpt><trkpt lat="22.450116666666666" lon="114.30341166666668"><ele>44.5</ele><time>2026-01-24T07:59:04Z</time></trkpt><trkpt lat="22.45010666666667" lon="114.30343166666668"><ele>44.199999999999996</ele><time>2026-01-24T07:59:06Z</time></trkpt><trkpt lat="22.4501" lon="114.30345166666666"><ele>44.0</ele><time>2026-01-24T07:59:08Z</time></trkpt><trkpt lat="22.45008833333333" lon="114.30347166666667"><ele>44.099999999999994</ele><time>2026-01-24T07:59:10Z</time></trkpt><trkpt lat="22.450075000000002" lon="114.30350166666668"><ele>44.3</ele><time>2026-01-24T07:59:13Z</time></trkpt><trkpt lat="22.45006166666667" lon="114.30351666666665"><ele>45.0</ele><time>2026-01-24T07:59:15Z</time></trkpt><trkpt lat="22.450055" lon="114.30353666666666"><ele>45.699999999999996</ele><time>2026-01-24T07:59:17Z</time></trkpt><trkpt lat="22.450039999999998" lon="114.30355166666668"><ele>46.099999999999994</ele><time>2026-01-24T07:59:19Z</time></trkpt><trkpt lat="22.45002833333333" lon="114.30356666666667"><ele>46.8</ele><time>2026-01-24T07:59:21Z</time></trkpt><trkpt lat="22.45001" lon="114.30358666666667"><ele>48.8</ele><time>2026-01-24T07:59:25Z</time></trkpt><trkpt lat="22.449994999999998" lon="114.30360166666667"><ele>49.9</ele><time>2026-01-24T07:59:28Z</time></trkpt><trkpt lat="22.449975000000002" lon="114.30361333333333"><ele>50.8</ele><time>2026-01-24T07:59:31Z</time></trkpt><trkpt lat="22.449955" lon="114.30362833333332"><ele>51.5</ele><time>2026-01-24T07:59:34Z</time></trkpt><trkpt lat="22.44993833333333" lon="114.30364666666668"><ele>52.199999999999996</ele><time>2026-01-24T07:59:37Z</time></trkpt><trkpt lat="22.449928333333332" lon="114.30366333333335"><ele>52.699999999999996</ele><time>2026-01-24T07:59:39Z</time></trkpt><trkpt lat="22.44991166666667" lon="114.30368500000002"><ele>53.5</ele><time>2026-01-24T07:59:42Z</time></trkpt><trkpt lat="22.449891666666666" lon="114.30370166666668"><ele>54.599999999999994</ele><time>2026-01-24T07:59:45Z</time></trkpt><trkpt lat="22.44988" lon="114.30371666666666"><ele>55.199999999999996</ele><time>2026-01-24T07:59:47Z</time></trkpt><trkpt lat="22.449865" lon="114.30373"><ele>55.8</ele><time>2026-01-24T07:59:49Z</time></trkpt><trkpt lat="22.44985166666667" lon="114.30374333333333"><ele>56.3</ele><time>2026-01-24T07:59:51Z</time></trkpt><trkpt lat="22.449831666666668" lon="114.303755"><ele>56.599999999999994</ele><time>2026-01-24T07:59:54Z</time></trkpt><trkpt lat="22.449810000000003" lon="114.30376499999998"><ele>57.199999999999996</ele><time>2026-01-24T07:59:57Z</time></trkpt><trkpt lat="22.449795" lon="114.30377666666666"><ele>57.599999999999994</ele><time>2026-01-24T07:59:59Z</time></trkpt><trkpt lat="22.44977833333333" lon="114.30378999999999"><ele>57.9</ele><time>2026-01-24T08:00:01Z</time></trkpt><trkpt lat="22.449754999999996" lon="114.30378999999999"><ele>58.599999999999994</ele><time>2026-01-24T08:00:04Z</time></trkpt><trkpt lat="22.44973166666667" lon="114.30379999999998"><ele>59.3</ele><time>2026-01-24T08:00:07Z</time></trkpt><trkpt lat="22.449711666666666" lon="114.30381000000001"><ele>59.699999999999996</ele><time>2026-01-24T08:00:10Z</time></trkpt><trkpt lat="22.449693333333336" lon="114.30381666666666"><ele>59.9</ele><time>2026-01-24T08:00:13Z</time></trkpt><trkpt lat="22.449673333333333" lon="114.30382499999999"><ele>60.099999999999994</ele><time>2026-01-24T08:00:16Z</time></trkpt><trkpt lat="22.449655" lon="114.30384000000001"><ele>60.199999999999996</ele><time>2026-01-24T08:00:19Z</time></trkpt><trkpt lat="22.449636666666667" lon="114.30385166666669"><ele>60.3</ele><time>2026-01-24T08:00:21Z</time></trkpt><trkpt lat="22.449616666666664" lon="114.30386666666666"><ele>60.4</ele><time>2026-01-24T08:00:24Z</time></trkpt><trkpt lat="22.449601666666663" lon="114.30387833333334"><ele>60.599999999999994</ele><time>2026-01-24T08:00:26Z</time></trkpt><trkpt lat="22.449589999999997" lon="114.30390000000001"><ele>60.599999999999994</ele><time>2026-01-24T08:00:29Z</time></trkpt><trkpt lat="22.449585000000003" lon="114.303925"><ele>61.099999999999994</ele><time>2026-01-24T08:00:32Z</time></trkpt><trkpt lat="22.449574999999996" lon="114.30394833333334"><ele>61.599999999999994</ele><time>2026-01-24T08:00:35Z</time></trkpt><trkpt lat="22.449561666666668" lon="114.30397333333333"><ele>61.9</ele><time>2026-01-24T08:00:38Z</time></trkpt><trkpt lat="22.449558333333336" lon="114.30399666666666"><ele>62.3</ele><time>2026-01-24T08:00:40Z</time></trkpt><trkpt lat="22.449556666666663" lon="114.30401666666667"><ele>62.599999999999994</ele><time>2026-01-24T08:00:42Z</time></trkpt><trkpt lat="22.449556666666663" lon="114.30404166666668"><ele>63.0</ele><time>2026-01-24T08:00:45Z</time></trkpt><trkpt lat="22.449551666666668" lon="114.30406666666667"><ele>63.5</ele><time>2026-01-24T08:00:48Z</time></trkpt><trkpt lat="22.449548333333336" lon="114.30409"><ele>63.7</ele><time>2026-01-24T08:00:51Z</time></trkpt><trkpt lat="22.449546666666667" lon="114.30411166666666"><ele>64.1</ele><time>2026-01-24T08:00:54Z</time></trkpt><trkpt lat="22.449541666666665" lon="114.30413833333333"><ele>64.5</ele><time>2026-01-24T08:00:57Z</time></trkpt><trkpt lat="22.449538333333333" lon="114.30416500000001"><ele>64.5</ele><time>2026-01-24T08:01:00Z</time></trkpt><trkpt lat="22.44953333333334" lon="114.30418833333333"><ele>64.2</ele><time>2026-01-24T08:01:03Z</time></trkpt><trkpt lat="22.44953333333334" lon="114.30421166666665"><ele>64.2</ele><time>2026-01-24T08:01:06Z</time></trkpt><trkpt lat="22.449526666666664" lon="114.304235"><ele>64.3</ele><time>2026-01-24T08:01:09Z</time></trkpt><trkpt lat="22.44952166666667" lon="114.30426166666666"><ele>64.6</ele><time>2026-01-24T08:01:12Z</time></trkpt><trkpt lat="22.449518333333337" lon="114.30428333333333"><ele>64.7</ele><time>2026-01-24T08:01:14Z</time></trkpt><trkpt lat="22.449511666666663" lon="114.30430999999999"><ele>64.89999999999999</ele><time>2026-01-24T08:01:17Z</time></trkpt><trkpt lat="22.44950833333333" lon="114.30433999999998"><ele>65.0</ele><time>2026-01-24T08:01:20Z</time></trkpt><trkpt lat="22.449501666666666" lon="114.30436166666665"><ele>65.1</ele><time>2026-01-24T08:01:23Z</time></trkpt><trkpt lat="22.44949166666667" lon="114.30437833333332"><ele>65.3</ele><time>2026-01-24T08:01:25Z</time></trkpt><trkpt lat="22.44948" lon="114.30439499999999"><ele>65.7</ele><time>2026-01-24T08:01:27Z</time></trkpt><trkpt lat="22.449468333333336" lon="114.30441833333335"><ele>65.89999999999999</ele><time>2026-01-24T08:01:29Z</time></trkpt><trkpt lat="22.449453333333334" lon="114.30444000000001"><ele>66.3</ele><time>2026-01-24T08:01:31Z</time></trkpt><trkpt lat="22.449439999999996" lon="114.30445499999999"><ele>66.7</ele><time>2026-01-24T08:01:33Z</time></trkpt><trkpt lat="22.449428333333337" lon="114.30447166666666"><ele>67.2</ele><time>2026-01-24T08:01:35Z</time></trkpt><trkpt lat="22.449415" lon="114.30448499999999"><ele>67.6</ele><time>2026-01-24T08:01:37Z</time></trkpt><trkpt lat="22.449403333333333" lon="114.3045"><ele>67.7</ele><time>2026-01-24T08:01:39Z</time></trkpt><trkpt lat="22.44939" lon="114.30452166666667"><ele>67.89999999999999</ele><time>2026-01-24T08:01:42Z</time></trkpt><trkpt lat="22.449379999999998" lon="114.30453833333334"><ele>68.0</ele><time>2026-01-24T08:01:44Z</time></trkpt><trkpt lat="22.449364999999997" lon="114.30455333333333"><ele>68.2</ele><time>2026-01-24T08:01:46Z</time></trkpt><trkpt lat="22.449345" lon="114.30456333333335"><ele>68.39999999999999</ele><time>2026-01-24T08:01:48Z</time></trkpt><trkpt lat="22.449326666666668" lon="114.30457999999999"><ele>68.5</ele><time>2026-01-24T08:01:50Z</time></trkpt><trkpt lat="22.44931166666667" lon="114.30459666666665"><ele>68.6</ele><time>2026-01-24T08:01:53Z</time></trkpt><trkpt lat="22.44929833333333" lon="114.30461166666667"><ele>69.1</ele><time>2026-01-24T08:01:56Z</time></trkpt><trkpt lat="22.449279999999998" lon="114.30462666666666"><ele>69.2</ele><time>2026-01-24T08:01:58Z</time></trkpt><trkpt lat="22.449263333333338" lon="114.30464333333333"><ele>69.3</ele><time>2026-01-24T08:02:00Z</time></trkpt><trkpt lat="22.449246666666667" lon="114.30466166666665"><ele>69.7</ele><time>2026-01-24T08:02:02Z</time></trkpt><trkpt lat="22.449229999999996" lon="114.30467833333333"><ele>70.2</ele><time>2026-01-24T08:02:04Z</time></trkpt><trkpt lat="22.449215000000002" lon="114.30469333333333"><ele>70.7</ele><time>2026-01-24T08:02:06Z</time></trkpt><trkpt lat="22.449191666666668" lon="114.30470833333332"><ele>71.2</ele><time>2026-01-24T08:02:09Z</time></trkpt><trkpt lat="22.449173333333338" lon="114.30471833333334"><ele>71.5</ele><time>2026-01-24T08:02:11Z</time></trkpt><trkpt lat="22.449155000000005" lon="114.30472499999999"><ele>71.7</ele><time>2026-01-24T08:02:13Z</time></trkpt><trkpt lat="22.449144999999998" lon="114.30475"><ele>71.6</ele><time>2026-01-24T08:02:16Z</time></trkpt><trkpt lat="22.449138333333334" lon="114.30477"><ele>71.5</ele><time>2026-01-24T08:02:18Z</time></trkpt><trkpt lat="22.449133333333332" lon="114.30478999999998"><ele>71.6</ele><time>2026-01-24T08:02:20Z</time></trkpt><trkpt lat="22.449128333333338" lon="114.30481333333334"><ele>72.1</ele><time>2026-01-24T08:02:22Z</time></trkpt><trkpt lat="22.44911833333333" lon="114.30483333333335"><ele>72.6</ele><time>2026-01-24T08:02:24Z</time></trkpt><trkpt lat="22.449108333333335" lon="114.30485833333333"><ele>73.1</ele><time>2026-01-24T08:02:27Z</time></trkpt><trkpt lat="22.449099999999998" lon="114.30487666666667"><ele>73.6</ele><time>2026-01-24T08:02:29Z</time></trkpt><trkpt lat="22.449091666666664" lon="114.30490166666665"><ele>73.89999999999999</ele><time>2026-01-24T08:02:32Z</time></trkpt><trkpt lat="22.449083333333338" lon="114.30492000000001"><ele>74.3</ele><time>2026-01-24T08:02:35Z</time></trkpt><trkpt lat="22.44905833333333" lon="114.30493499999999"><ele>74.0</ele><time>2026-01-24T08:02:38Z</time></trkpt><trkpt lat="22.44904" lon="114.30494666666667"><ele>73.89999999999999</ele><time>2026-01-24T08:02:40Z</time></trkpt><trkpt lat="22.449018333333335" lon="114.30495833333335"><ele>74.0</ele><time>2026-01-24T08:02:42Z</time></trkpt><trkpt lat="22.448995" lon="114.30496999999998"><ele>73.8</ele><time>2026-01-24T08:02:44Z</time></trkpt><trkpt lat="22.448978333333336" lon="114.30498166666666"><ele>73.5</ele><time>2026-01-24T08:02:46Z</time></trkpt><trkpt lat="22.448958333333334" lon="114.30499499999999"><ele>73.6</ele><time>2026-01-24T08:02:48Z</time></trkpt><trkpt lat="22.448941666666663" lon="114.30500500000001"><ele>73.8</ele><time>2026-01-24T08:02:50Z</time></trkpt><trkpt lat="22.448925" lon="114.30501833333334"><ele>73.7</ele><time>2026-01-24T08:02:52Z</time></trkpt><trkpt lat="22.44891" lon="114.30503500000002"><ele>73.8</ele><time>2026-01-24T08:02:54Z</time></trkpt><trkpt lat="22.448898333333332" lon="114.305055"><ele>73.6</ele><time>2026-01-24T08:02:56Z</time></trkpt><trkpt lat="22.448886666666667" lon="114.305075"><ele>73.6</ele><time>2026-01-24T08:02:58Z</time></trkpt><trkpt lat="22.44888" lon="114.30510166666666"><ele>73.39999999999999</ele><time>2026-01-24T08:03:00Z</time></trkpt><trkpt lat="22.448874999999997" lon="114.30512666666667"><ele>73.5</ele><time>2026-01-24T08:03:02Z</time></trkpt><trkpt lat="22.448874999999997" lon="114.30514999999998"><ele>73.7</ele><time>2026-01-24T08:03:04Z</time></trkpt><trkpt lat="22.448871666666665" lon="114.30517"><ele>73.8</ele><time>2026-01-24T08:03:06Z</time></trkpt><trkpt lat="22.448865" lon="114.30519666666666"><ele>73.8</ele><time>2026-01-24T08:03:08Z</time></trkpt><trkpt lat="22.448855000000002" lon="114.30522666666666"><ele>74.0</ele><time>2026-01-24T08:03:10Z</time></trkpt><trkpt lat="22.448840000000004" lon="114.30524500000001"><ele>74.0</ele><time>2026-01-24T08:03:12Z</time></trkpt><trkpt lat="22.448826666666665" lon="114.30526166666665"><ele>74.3</ele><time>2026-01-24T08:03:14Z</time></trkpt><trkpt lat="22.448806666666663" lon="114.30527666666667"><ele>74.6</ele><time>2026-01-24T08:03:16Z</time></trkpt><trkpt lat="22.44878833333333" lon="114.305285"><ele>75.1</ele><time>2026-01-24T08:03:18Z</time></trkpt><trkpt lat="22.44877" lon="114.30529666666668"><ele>75.7</ele><time>2026-01-24T08:03:20Z</time></trkpt><trkpt lat="22.448756666666668" lon="114.30531166666667"><ele>76.39999999999999</ele><time>2026-01-24T08:03:22Z</time></trkpt><trkpt lat="22.44874666666666" lon="114.30532999999998"><ele>77.0</ele><time>2026-01-24T08:03:24Z</time></trkpt><trkpt lat="22.448736666666665" lon="114.30534666666667"><ele>77.2</ele><time>2026-01-24T08:03:26Z</time></trkpt><trkpt lat="22.448721666666664" lon="114.30536333333333"><ele>77.1</ele><time>2026-01-24T08:03:28Z</time></trkpt><trkpt lat="22.448705000000004" lon="114.30538166666665"><ele>77.1</ele><time>2026-01-24T08:03:30Z</time></trkpt><trkpt lat="22.448688333333333" lon="114.30539666666667"><ele>77.5</ele><time>2026-01-24T08:03:32Z</time></trkpt><trkpt lat="22.448675" lon="114.30541333333333"><ele>77.89999999999999</ele><time>2026-01-24T08:03:34Z</time></trkpt><trkpt lat="22.448663333333336" lon="114.30543666666667"><ele>78.39999999999999</ele><time>2026-01-24T08:03:37Z</time></trkpt><trkpt lat="22.448656666666672" lon="114.30545500000001"><ele>78.7</ele><time>2026-01-24T08:03:39Z</time></trkpt><trkpt lat="22.448656666666672" lon="114.30547666666668"><ele>79.1</ele><time>2026-01-24T08:03:41Z</time></trkpt><trkpt lat="22.44865333333333" lon="114.30549666666666"><ele>79.3</ele><time>2026-01-24T08:03:43Z</time></trkpt><trkpt lat="22.448646666666665" lon="114.30551833333332"><ele>79.39999999999999</ele><time>2026-01-24T08:03:45Z</time></trkpt><trkpt lat="22.44863666666667" lon="114.30554166666667"><ele>79.39999999999999</ele><time>2026-01-24T08:03:47Z</time></trkpt><trkpt lat="22.448625" lon="114.30556666666668"><ele>79.39999999999999</ele><time>2026-01-24T08:03:49Z</time></trkpt><trkpt lat="22.44861" lon="114.30558666666666"><ele>79.5</ele><time>2026-01-24T08:03:51Z</time></trkpt><trkpt lat="22.44859166666667" lon="114.30560333333332"><ele>79.8</ele><time>2026-01-24T08:03:53Z</time></trkpt><trkpt lat="22.448574999999998" lon="114.30561666666667"><ele>80.2</ele><time>2026-01-24T08:03:55Z</time></trkpt><trkpt lat="22.448553333333333" lon="114.30562833333333"><ele>80.6</ele><time>2026-01-24T08:03:57Z</time></trkpt><trkpt lat="22.448529999999998" lon="114.30563333333333"><ele>80.7</ele><time>2026-01-24T08:03:59Z</time></trkpt><trkpt lat="22.448510000000002" lon="114.30562166666665"><ele>81.1</ele><time>2026-01-24T08:04:01Z</time></trkpt><trkpt lat="22.448484999999998" lon="114.30562"><ele>81.7</ele><time>2026-01-24T08:04:03Z</time></trkpt><trkpt lat="22.44846" lon="114.305615"><ele>82.1</ele><time>2026-01-24T08:04:05Z</time></trkpt><trkpt lat="22.448438333333335" lon="114.30560500000001"><ele>82.3</ele><time>2026-01-24T08:04:07Z</time></trkpt><trkpt lat="22.44841333333333" lon="114.30560166666667"><ele>82.2</ele><time>2026-01-24T08:04:09Z</time></trkpt><trkpt lat="22.448391666666666" lon="114.30560166666667"><ele>82.3</ele><time>2026-01-24T08:04:11Z</time></trkpt><trkpt lat="22.44836833333333" lon="114.30561166666666"><ele>82.8</ele><time>2026-01-24T08:04:13Z</time></trkpt><trkpt lat="22.448349999999998" lon="114.30562499999999"><ele>83.0</ele><time>2026-01-24T08:04:15Z</time></trkpt><trkpt lat="22.448334999999997" lon="114.30564333333332"><ele>83.39999999999999</ele><time>2026-01-24T08:04:17Z</time></trkpt><trkpt lat="22.448316666666663" lon="114.30566833333333"><ele>83.5</ele><time>2026-01-24T08:04:19Z</time></trkpt><trkpt lat="22.448301666666666" lon="114.30568666666667"><ele>83.8</ele><time>2026-01-24T08:04:21Z</time></trkpt><trkpt lat="22.448288333333334" lon="114.305705"><ele>84.1</ele><time>2026-01-24T08:04:23Z</time></trkpt><trkpt lat="22.448271666666663" lon="114.30571666666668"><ele>84.5</ele><time>2026-01-24T08:04:25Z</time></trkpt><trkpt lat="22.448253333333334" lon="114.30572666666667"><ele>85.1</ele><time>2026-01-24T08:04:27Z</time></trkpt><trkpt lat="22.448235" lon="114.30572500000001"><ele>85.8</ele><time>2026-01-24T08:04:29Z</time></trkpt><trkpt lat="22.448213333333335" lon="114.30571833333333"><ele>86.2</ele><time>2026-01-24T08:04:31Z</time></trkpt><trkpt lat="22.448193333333332" lon="114.30571166666665"><ele>86.5</ele><time>2026-01-24T08:04:33Z</time></trkpt><trkpt lat="22.448175" lon="114.30570333333331"><ele>86.39999999999999</ele><time>2026-01-24T08:04:35Z</time></trkpt><trkpt lat="22.448153333333334" lon="114.30569500000001"><ele>85.89999999999999</ele><time>2026-01-24T08:04:37Z</time></trkpt><trkpt lat="22.448128333333337" lon="114.30570166666666"><ele>84.8</ele><time>2026-01-24T08:04:40Z</time></trkpt><trkpt lat="22.44811666666667" lon="114.30572333333333"><ele>84.3</ele><time>2026-01-24T08:04:42Z</time></trkpt><trkpt lat="22.448109999999996" lon="114.30574833333334"><ele>84.39999999999999</ele><time>2026-01-24T08:04:44Z</time></trkpt><trkpt lat="22.448103333333332" lon="114.30577666666667"><ele>84.7</ele><time>2026-01-24T08:04:46Z</time></trkpt><trkpt lat="22.448098333333338" lon="114.30579833333334"><ele>84.7</ele><time>2026-01-24T08:04:48Z</time></trkpt><trkpt lat="22.448091666666663" lon="114.30582333333332"><ele>84.89999999999999</ele><time>2026-01-24T08:04:50Z</time></trkpt><trkpt lat="22.44808666666667" lon="114.30584500000002"><ele>85.0</ele><time>2026-01-24T08:04:52Z</time></trkpt><trkpt lat="22.448081666666667" lon="114.305865"><ele>85.1</ele><time>2026-01-24T08:04:54Z</time></trkpt><trkpt lat="22.448075000000003" lon="114.30588333333331"><ele>85.0</ele><time>2026-01-24T08:04:56Z</time></trkpt><trkpt lat="22.448066666666666" lon="114.30590500000001"><ele>85.2</ele><time>2026-01-24T08:04:58Z</time></trkpt><trkpt lat="22.44805666666667" lon="114.30592499999999"><ele>85.5</ele><time>2026-01-24T08:05:00Z</time></trkpt><trkpt lat="22.448046666666663" lon="114.30594500000001"><ele>85.6</ele><time>2026-01-24T08:05:02Z</time></trkpt><trkpt lat="22.448033333333335" lon="114.30596500000001"><ele>85.89999999999999</ele><time>2026-01-24T08:05:04Z</time></trkpt><trkpt lat="22.448019999999996" lon="114.30598499999999"><ele>86.39999999999999</ele><time>2026-01-24T08:05:06Z</time></trkpt><trkpt lat="22.448006666666668" lon="114.30599833333332"><ele>86.7</ele><time>2026-01-24T08:05:08Z</time></trkpt><trkpt lat="22.447986666666665" lon="114.306005"><ele>87.5</ele><time>2026-01-24T08:05:10Z</time></trkpt><trkpt lat="22.447961666666668" lon="114.306005"><ele>88.39999999999999</ele><time>2026-01-24T08:05:12Z</time></trkpt><trkpt lat="22.44793666666667" lon="114.30601"><ele>89.2</ele><time>2026-01-24T08:05:14Z</time></trkpt><trkpt lat="22.447913333333336" lon="114.30601"><ele>89.3</ele><time>2026-01-24T08:05:16Z</time></trkpt><trkpt lat="22.447888333333335" lon="114.30601499999999"><ele>89.1</ele><time>2026-01-24T08:05:18Z</time></trkpt><trkpt lat="22.447866666666663" lon="114.30602166666668"><ele>89.2</ele><time>2026-01-24T08:05:20Z</time></trkpt><trkpt lat="22.447839999999996" lon="114.30603"><ele>89.3</ele><time>2026-01-24T08:05:23Z</time></trkpt><trkpt lat="22.447821666666663" lon="114.30603333333332"><ele>89.39999999999999</ele><time>2026-01-24T08:05:25Z</time></trkpt><trkpt lat="22.447803333333333" lon="114.30602833333333"><ele>89.6</ele><time>2026-01-24T08:05:27Z</time></trkpt><trkpt lat="22.447785" lon="114.30602500000002"><ele>89.5</ele><time>2026-01-24T08:05:29Z</time></trkpt><trkpt lat="22.447763333333334" lon="114.30601833333334"><ele>89.3</ele><time>2026-01-24T08:05:31Z</time></trkpt><trkpt lat="22.447745" lon="114.30601333333334"><ele>88.3</ele><time>2026-01-24T08:05:33Z</time></trkpt><trkpt lat="22.447725" lon="114.30602166666668"><ele>87.6</ele><time>2026-01-24T08:05:36Z</time></trkpt><trkpt lat="22.44771166666667" lon="114.30604"><ele>87.6</ele><time>2026-01-24T08:05:40Z</time></trkpt><trkpt lat="22.447689999999998" lon="114.30605166666668"><ele>87.6</ele><time>2026-01-24T08:05:43Z</time></trkpt><trkpt lat="22.447686666666662" lon="114.30607166666665"><ele>87.8</ele><time>2026-01-24T08:05:45Z</time></trkpt><trkpt lat="22.44768" lon="114.30609333333332"><ele>89.2</ele><time>2026-01-24T08:05:49Z</time></trkpt><trkpt lat="22.44766666666667" lon="114.30610833333334"><ele>90.0</ele><time>2026-01-24T08:05:53Z</time></trkpt><trkpt lat="22.447655" lon="114.30612333333332"><ele>91.1</ele><time>2026-01-24T08:05:56Z</time></trkpt><trkpt lat="22.447641666666662" lon="114.30614166666668"><ele>91.6</ele><time>2026-01-24T08:05:59Z</time></trkpt><trkpt lat="22.447626666666665" lon="114.30616166666665"><ele>91.8</ele><time>2026-01-24T08:06:02Z</time></trkpt><trkpt lat="22.447615000000003" lon="114.30618333333332"><ele>92.1</ele><time>2026-01-24T08:06:05Z</time></trkpt><trkpt lat="22.44760666666667" lon="114.30620333333333"><ele>92.1</ele><time>2026-01-24T08:06:08Z</time></trkpt><trkpt lat="22.447603333333337" lon="114.30622999999999"><ele>92.3</ele><time>2026-01-24T08:06:11Z</time></trkpt><trkpt lat="22.447596666666662" lon="114.306255"><ele>92.39999999999999</ele><time>2026-01-24T08:06:15Z</time></trkpt><trkpt lat="22.447589999999998" lon="114.306275"><ele>92.6</ele><time>2026-01-24T08:06:18Z</time></trkpt><trkpt lat="22.447581666666665" lon="114.30629333333333"><ele>92.7</ele><time>2026-01-24T08:06:24Z</time></trkpt><trkpt lat="22.447568333333333" lon="114.30631333333334"><ele>90.89999999999999</ele><time>2026-01-24T08:07:05Z</time></trkpt><trkpt lat="22.447565" lon="114.30633666666667"><ele>91.2</ele><time>2026-01-24T08:07:08Z</time></trkpt><trkpt lat="22.447558333333337" lon="114.30636333333332"><ele>91.7</ele><time>2026-01-24T08:07:11Z</time></trkpt><trkpt lat="22.44755" lon="114.30638499999999"><ele>92.3</ele><time>2026-01-24T08:07:14Z</time></trkpt><trkpt lat="22.447541666666666" lon="114.306405"><ele>92.7</ele><time>2026-01-24T08:07:17Z</time></trkpt><trkpt lat="22.447546666666668" lon="114.30642833333334"><ele>93.0</ele><time>2026-01-24T08:07:20Z</time></trkpt><trkpt lat="22.447538333333334" lon="114.30644833333332"><ele>93.39999999999999</ele><time>2026-01-24T08:07:23Z</time></trkpt><trkpt lat="22.447529999999997" lon="114.30647166666668"><ele>93.8</ele><time>2026-01-24T08:07:27Z</time></trkpt><trkpt lat="22.44751833333333" lon="114.30648666666666"><ele>94.2</ele><time>2026-01-24T08:07:30Z</time></trkpt><trkpt lat="22.44750333333333" lon="114.30649833333334"><ele>94.6</ele><time>2026-01-24T08:07:32Z</time></trkpt><trkpt lat="22.447499999999998" lon="114.30651833333334"><ele>94.89999999999999</ele><time>2026-01-24T08:07:34Z</time></trkpt><trkpt lat="22.44748666666667" lon="114.30653833333332"><ele>95.1</ele><time>2026-01-24T08:07:36Z</time></trkpt><trkpt lat="22.447481666666665" lon="114.30656499999999"><ele>94.89999999999999</ele><time>2026-01-24T08:07:38Z</time></trkpt><trkpt lat="22.447484999999997" lon="114.30658833333334"><ele>94.8</ele><time>2026-01-24T08:07:40Z</time></trkpt><trkpt lat="22.44748666666667" lon="114.30661166666665"><ele>95.3</ele><time>2026-01-24T08:07:43Z</time></trkpt><trkpt lat="22.447476666666663" lon="114.306635"><ele>95.6</ele><time>2026-01-24T08:07:46Z</time></trkpt><trkpt lat="22.44747166666667" lon="114.30666166666667"><ele>95.8</ele><time>2026-01-24T08:07:49Z</time></trkpt><trkpt lat="22.447468333333337" lon="114.30669000000002"><ele>96.0</ele><time>2026-01-24T08:07:52Z</time></trkpt><trkpt lat="22.447463333333335" lon="114.30671499999998"><ele>96.8</ele><time>2026-01-24T08:07:55Z</time></trkpt><trkpt lat="22.44745833333333" lon="114.30674166666668"><ele>97.89999999999999</ele><time>2026-01-24T08:07:58Z</time></trkpt><trkpt lat="22.447453333333335" lon="114.30676666666668"><ele>98.5</ele><time>2026-01-24T08:08:00Z</time></trkpt><trkpt lat="22.447446666666664" lon="114.306785"><ele>98.89999999999999</ele><time>2026-01-24T08:08:02Z</time></trkpt><trkpt lat="22.447438333333334" lon="114.30680499999998"><ele>99.39999999999999</ele><time>2026-01-24T08:08:04Z</time></trkpt><trkpt lat="22.447431666666663" lon="114.30682333333334"><ele>100.0</ele><time>2026-01-24T08:08:06Z</time></trkpt><trkpt lat="22.447418333333335" lon="114.30684833333335"><ele>101.0</ele><time>2026-01-24T08:08:09Z</time></trkpt><trkpt lat="22.447409999999998" lon="114.30687000000002"><ele>101.6</ele><time>2026-01-24T08:08:11Z</time></trkpt><trkpt lat="22.44739666666667" lon="114.30689499999998"><ele>102.0</ele><time>2026-01-24T08:08:13Z</time></trkpt><trkpt lat="22.447386666666663" lon="114.30692166666668"><ele>102.39999999999999</ele><time>2026-01-24T08:08:15Z</time></trkpt><trkpt lat="22.447378333333337" lon="114.30694666666668"><ele>103.3</ele><time>2026-01-24T08:08:18Z</time></trkpt><trkpt lat="22.447364999999998" lon="114.306975"><ele>104.1</ele><time>2026-01-24T08:08:21Z</time></trkpt><trkpt lat="22.447358333333334" lon="114.30699666666666"><ele>104.89999999999999</ele><time>2026-01-24T08:08:23Z</time></trkpt><trkpt lat="22.447346666666665" lon="114.30701833333333"><ele>105.6</ele><time>2026-01-24T08:08:26Z</time></trkpt><trkpt lat="22.44733833333333" lon="114.30704333333333"><ele>106.1</ele><time>2026-01-24T08:08:28Z</time></trkpt><trkpt lat="22.447331666666667" lon="114.30706166666666"><ele>106.3</ele><time>2026-01-24T08:08:29Z</time></trkpt><trkpt lat="22.44732666666666" lon="114.30708166666666"><ele>106.39999999999999</ele><time>2026-01-24T08:08:30Z</time></trkpt><trkpt lat="22.447318333333335" lon="114.30710333333333"><ele>106.8</ele><time>2026-01-24T08:08:33Z</time></trkpt><trkpt lat="22.447304999999997" lon="114.30713333333333"><ele>107.0</ele><time>2026-01-24T08:08:35Z</time></trkpt><trkpt lat="22.447296666666663" lon="114.30715833333333"><ele>107.6</ele><time>2026-01-24T08:08:38Z</time></trkpt><trkpt lat="22.44729" lon="114.30718333333334"><ele>108.0</ele><time>2026-01-24T08:08:40Z</time></trkpt><trkpt lat="22.447285000000004" lon="114.30720500000001"><ele>108.2</ele><time>2026-01-24T08:08:41Z</time></trkpt><trkpt lat="22.447283333333335" lon="114.30723333333331"><ele>108.6</ele><time>2026-01-24T08:08:43Z</time></trkpt><trkpt lat="22.44729" lon="114.30725833333332"><ele>109.39999999999999</ele><time>2026-01-24T08:08:45Z</time></trkpt><trkpt lat="22.44729" lon="114.30727833333334"><ele>110.39999999999999</ele><time>2026-01-24T08:08:47Z</time></trkpt><trkpt lat="22.447296666666663" lon="114.30731166666668"><ele>111.1</ele><time>2026-01-24T08:08:50Z</time></trkpt><trkpt lat="22.447301666666664" lon="114.30733333333335"><ele>112.1</ele><time>2026-01-24T08:08:52Z</time></trkpt><trkpt lat="22.447308333333332" lon="114.30735333333332"><ele>114.0</ele><time>2026-01-24T08:08:55Z</time></trkpt><trkpt lat="22.447316666666666" lon="114.307375"><ele>114.5</ele><time>2026-01-24T08:08:57Z</time></trkpt><trkpt lat="22.447321666666667" lon="114.307395"><ele>115.0</ele><time>2026-01-24T08:08:59Z</time></trkpt><trkpt lat="22.447330000000004" lon="114.30742166666666"><ele>115.7</ele><time>2026-01-24T08:09:02Z</time></trkpt><trkpt lat="22.44734" lon="114.307445"><ele>116.0</ele><time>2026-01-24T08:09:04Z</time></trkpt><trkpt lat="22.447353333333332" lon="114.307465"><ele>115.8</ele><time>2026-01-24T08:09:06Z</time></trkpt><trkpt lat="22.447364999999998" lon="114.30748"><ele>115.6</ele><time>2026-01-24T08:09:08Z</time></trkpt><trkpt lat="22.447386666666663" lon="114.30748999999999"><ele>115.7</ele><time>2026-01-24T08:09:11Z</time></trkpt><trkpt lat="22.447406666666666" lon="114.30750333333332"><ele>115.89999999999999</ele><time>2026-01-24T08:09:13Z</time></trkpt><trkpt lat="22.44742666666667" lon="114.30752166666667"><ele>115.89999999999999</ele><time>2026-01-24T08:09:15Z</time></trkpt><trkpt lat="22.447443333333332" lon="114.30753666666666"><ele>116.2</ele><time>2026-01-24T08:09:17Z</time></trkpt><trkpt lat="22.447456666666668" lon="114.30754999999999"><ele>116.89999999999999</ele><time>2026-01-24T08:09:19Z</time></trkpt><trkpt lat="22.447461666666662" lon="114.307575"><ele>117.5</ele><time>2026-01-24T08:09:21Z</time></trkpt><trkpt lat="22.447461666666662" lon="114.30760166666666"><ele>118.39999999999999</ele><time>2026-01-24T08:09:23Z</time></trkpt><trkpt lat="22.447461666666662" lon="114.30762333333332"><ele>119.0</ele><time>2026-01-24T08:09:25Z</time></trkpt><trkpt lat="22.44746" lon="114.30764833333333"><ele>119.6</ele><time>2026-01-24T08:09:28Z</time></trkpt><trkpt lat="22.447453333333335" lon="114.30768166666667"><ele>119.89999999999999</ele><time>2026-01-24T08:09:30Z</time></trkpt><trkpt lat="22.447446666666664" lon="114.3077"><ele>120.1</ele><time>2026-01-24T08:09:32Z</time></trkpt><trkpt lat="22.447435000000002" lon="114.30772166666665"><ele>120.5</ele><time>2026-01-24T08:09:34Z</time></trkpt><trkpt lat="22.447420000000005" lon="114.30774333333332"><ele>120.7</ele><time>2026-01-24T08:09:36Z</time></trkpt><trkpt lat="22.447394999999997" lon="114.30775666666665"><ele>121.1</ele><time>2026-01-24T08:09:39Z</time></trkpt><trkpt lat="22.447376666666667" lon="114.30777333333332"><ele>121.3</ele><time>2026-01-24T08:09:41Z</time></trkpt><trkpt lat="22.44737" lon="114.30780000000001"><ele>121.39999999999999</ele><time>2026-01-24T08:09:44Z</time></trkpt><trkpt lat="22.44737" lon="114.307825"><ele>121.7</ele><time>2026-01-24T08:09:46Z</time></trkpt><trkpt lat="22.44737" lon="114.30784833333334"><ele>122.39999999999999</ele><time>2026-01-24T08:09:49Z</time></trkpt><trkpt lat="22.447378333333337" lon="114.30787000000001"><ele>122.8</ele><time>2026-01-24T08:09:51Z</time></trkpt><trkpt lat="22.44738166666667" lon="114.30789833333334"><ele>123.39999999999999</ele><time>2026-01-24T08:09:54Z</time></trkpt><trkpt lat="22.447385" lon="114.30792500000001"><ele>124.0</ele><time>2026-01-24T08:09:56Z</time></trkpt><trkpt lat="22.447394999999997" lon="114.30795000000002"><ele>124.3</ele><time>2026-01-24T08:09:58Z</time></trkpt><trkpt lat="22.447386666666663" lon="114.30797499999998"><ele>124.2</ele><time>2026-01-24T08:10:01Z</time></trkpt><trkpt lat="22.44738" lon="114.30799666666665"><ele>123.8</ele><time>2026-01-24T08:10:03Z</time></trkpt><trkpt lat="22.447373333333335" lon="114.30801666666666"><ele>123.39999999999999</ele><time>2026-01-24T08:10:05Z</time></trkpt><trkpt lat="22.447371666666662" lon="114.30804000000002"><ele>123.1</ele><time>2026-01-24T08:10:07Z</time></trkpt><trkpt lat="22.447375000000005" lon="114.30806499999998"><ele>122.7</ele><time>2026-01-24T08:10:10Z</time></trkpt><trkpt lat="22.447378333333337" lon="114.30809166666668"><ele>122.3</ele><time>2026-01-24T08:10:13Z</time></trkpt><trkpt lat="22.447371666666662" lon="114.308115"><ele>122.2</ele><time>2026-01-24T08:10:16Z</time></trkpt><trkpt lat="22.447371666666662" lon="114.30813500000001"><ele>122.1</ele><time>2026-01-24T08:10:18Z</time></trkpt><trkpt lat="22.44737" lon="114.30815666666668"><ele>122.0</ele><time>2026-01-24T08:10:20Z</time></trkpt><trkpt lat="22.447366666666667" lon="114.30817666666665"><ele>121.89999999999999</ele><time>2026-01-24T08:10:22Z</time></trkpt><trkpt lat="22.447361666666666" lon="114.3082"><ele>121.89999999999999</ele><time>2026-01-24T08:10:24Z</time></trkpt><trkpt lat="22.447360000000003" lon="114.30822666666667"><ele>121.89999999999999</ele><time>2026-01-24T08:10:26Z</time></trkpt><trkpt lat="22.447360000000003" lon="114.30825000000002"><ele>121.8</ele><time>2026-01-24T08:10:28Z</time></trkpt><trkpt lat="22.447355" lon="114.30827833333333"><ele>121.89999999999999</ele><time>2026-01-24T08:10:31Z</time></trkpt><trkpt lat="22.447345000000002" lon="114.30829999999999"><ele>122.0</ele><time>2026-01-24T08:10:33Z</time></trkpt><trkpt lat="22.447335" lon="114.30831666666667"><ele>121.89999999999999</ele><time>2026-01-24T08:10:35Z</time></trkpt><trkpt lat="22.447325" lon="114.30833833333332"><ele>121.7</ele><time>2026-01-24T08:10:37Z</time></trkpt><trkpt lat="22.447313333333334" lon="114.30836166666668"><ele>121.8</ele><time>2026-01-24T08:10:40Z</time></trkpt><trkpt lat="22.447301666666664" lon="114.30838166666666"><ele>122.2</ele><time>2026-01-24T08:10:42Z</time></trkpt><trkpt lat="22.447283333333335" lon="114.30839166666668"><ele>121.89999999999999</ele><time>2026-01-24T08:10:44Z</time></trkpt><trkpt lat="22.447270000000003" lon="114.308415"><ele>121.5</ele><time>2026-01-24T08:10:46Z</time></trkpt><trkpt lat="22.44726166666667" lon="114.30844"><ele>121.5</ele><time>2026-01-24T08:10:48Z</time></trkpt><trkpt lat="22.447253333333332" lon="114.30846000000001"><ele>121.8</ele><time>2026-01-24T08:10:50Z</time></trkpt><trkpt lat="22.44724666666667" lon="114.30847833333334"><ele>121.89999999999999</ele><time>2026-01-24T08:10:52Z</time></trkpt><trkpt lat="22.447238333333335" lon="114.30849833333332"><ele>122.1</ele><time>2026-01-24T08:10:54Z</time></trkpt><trkpt lat="22.447228333333335" lon="114.30852000000002"><ele>122.3</ele><time>2026-01-24T08:10:56Z</time></trkpt><trkpt lat="22.447218333333332" lon="114.30854166666668"><ele>122.6</ele><time>2026-01-24T08:10:58Z</time></trkpt><trkpt lat="22.447205" lon="114.30856333333334"><ele>122.89999999999999</ele><time>2026-01-24T08:11:00Z</time></trkpt><trkpt lat="22.447193333333335" lon="114.30858500000001"><ele>123.0</ele><time>2026-01-24T08:11:02Z</time></trkpt><trkpt lat="22.447178333333333" lon="114.30860833333332"><ele>122.89999999999999</ele><time>2026-01-24T08:11:04Z</time></trkpt><trkpt lat="22.447168333333334" lon="114.308635"><ele>123.3</ele><time>2026-01-24T08:11:06Z</time></trkpt><trkpt lat="22.447161666666663" lon="114.30865999999999"><ele>123.3</ele><time>2026-01-24T08:11:08Z</time></trkpt><trkpt lat="22.44715833333333" lon="114.30868166666666"><ele>123.5</ele><time>2026-01-24T08:11:10Z</time></trkpt><trkpt lat="22.44716" lon="114.30870333333333"><ele>123.6</ele><time>2026-01-24T08:11:12Z</time></trkpt><trkpt lat="22.447161666666663" lon="114.30872666666667"><ele>123.8</ele><time>2026-01-24T08:11:14Z</time></trkpt><trkpt lat="22.447161666666663" lon="114.30875333333333"><ele>123.89999999999999</ele><time>2026-01-24T08:11:16Z</time></trkpt><trkpt lat="22.44716" lon="114.30877833333334"><ele>124.0</ele><time>2026-01-24T08:11:18Z</time></trkpt><trkpt lat="22.44716" lon="114.30880166666665"><ele>124.1</ele><time>2026-01-24T08:11:20Z</time></trkpt><trkpt lat="22.447163333333332" lon="114.30882500000001"><ele>124.3</ele><time>2026-01-24T08:11:22Z</time></trkpt><trkpt lat="22.447175" lon="114.30884666666667"><ele>124.7</ele><time>2026-01-24T08:11:24Z</time></trkpt><trkpt lat="22.447180000000003" lon="114.30887"><ele>125.1</ele><time>2026-01-24T08:11:26Z</time></trkpt><trkpt lat="22.447181666666665" lon="114.30889333333334"><ele>125.2</ele><time>2026-01-24T08:11:28Z</time></trkpt><trkpt lat="22.447183333333335" lon="114.30892"><ele>125.6</ele><time>2026-01-24T08:11:30Z</time></trkpt><trkpt lat="22.44719" lon="114.30894500000001"><ele>126.2</ele><time>2026-01-24T08:11:32Z</time></trkpt><trkpt lat="22.447193333333335" lon="114.30896499999999"><ele>126.6</ele><time>2026-01-24T08:11:34Z</time></trkpt><trkpt lat="22.44720166666667" lon="114.30899333333333"><ele>126.8</ele><time>2026-01-24T08:11:38Z</time></trkpt><trkpt lat="22.447208333333332" lon="114.30901999999999"><ele>126.5</ele><time>2026-01-24T08:11:40Z</time></trkpt><trkpt lat="22.447214999999996" lon="114.30904666666666"><ele>126.2</ele><time>2026-01-24T08:11:42Z</time></trkpt><trkpt lat="22.447221666666664" lon="114.30907"><ele>125.89999999999999</ele><time>2026-01-24T08:11:44Z</time></trkpt><trkpt lat="22.44723333333333" lon="114.30909000000001"><ele>125.8</ele><time>2026-01-24T08:11:46Z</time></trkpt><trkpt lat="22.447245" lon="114.30911166666668"><ele>125.7</ele><time>2026-01-24T08:11:48Z</time></trkpt><trkpt lat="22.447256666666664" lon="114.309135"><ele>125.8</ele><time>2026-01-24T08:11:50Z</time></trkpt><trkpt lat="22.447270000000003" lon="114.30915000000002"><ele>125.7</ele><time>2026-01-24T08:11:52Z</time></trkpt><trkpt lat="22.447288333333336" lon="114.30917"><ele>125.8</ele><time>2026-01-24T08:11:55Z</time></trkpt><trkpt lat="22.447300000000002" lon="114.30919833333334"><ele>125.7</ele><time>2026-01-24T08:11:57Z</time></trkpt><trkpt lat="22.44731" lon="114.309225"><ele>125.39999999999999</ele><time>2026-01-24T08:11:59Z</time></trkpt><trkpt lat="22.447325" lon="114.30924666666667"><ele>125.0</ele><time>2026-01-24T08:12:01Z</time></trkpt><trkpt lat="22.447341666666663" lon="114.309265"><ele>124.2</ele><time>2026-01-24T08:12:03Z</time></trkpt><trkpt lat="22.447358333333334" lon="114.309285"><ele>123.3</ele><time>2026-01-24T08:12:05Z</time></trkpt><trkpt lat="22.447375000000005" lon="114.30930500000001"><ele>122.3</ele><time>2026-01-24T08:12:07Z</time></trkpt><trkpt lat="22.447393333333334" lon="114.30932499999999"><ele>121.39999999999999</ele><time>2026-01-24T08:12:09Z</time></trkpt><trkpt lat="22.447411666666667" lon="114.30934833333335"><ele>120.39999999999999</ele><time>2026-01-24T08:12:11Z</time></trkpt><trkpt lat="22.44743" lon="114.30936500000001"><ele>119.3</ele><time>2026-01-24T08:12:13Z</time></trkpt><trkpt lat="22.447451666666666" lon="114.30937999999999"><ele>118.3</ele><time>2026-01-24T08:12:15Z</time></trkpt><trkpt lat="22.44747" lon="114.30939833333332"><ele>117.2</ele><time>2026-01-24T08:12:17Z</time></trkpt><trkpt lat="22.44748666666667" lon="114.30941833333333"><ele>115.5</ele><time>2026-01-24T08:12:20Z</time></trkpt><trkpt lat="22.447499999999998" lon="114.30943666666666"><ele>114.2</ele><time>2026-01-24T08:12:22Z</time></trkpt><trkpt lat="22.447511666666667" lon="114.30945166666667"><ele>113.2</ele><time>2026-01-24T08:12:23Z</time></trkpt><trkpt lat="22.447525000000002" lon="114.30946833333334"><ele>111.89999999999999</ele><time>2026-01-24T08:12:25Z</time></trkpt><trkpt lat="22.447544999999998" lon="114.30948333333332"><ele>110.8</ele><time>2026-01-24T08:12:27Z</time></trkpt><trkpt lat="22.447568333333333" lon="114.30949666666666"><ele>109.7</ele><time>2026-01-24T08:12:29Z</time></trkpt><trkpt lat="22.447589999999998" lon="114.30950833333333"><ele>108.6</ele><time>2026-01-24T08:12:31Z</time></trkpt><trkpt lat="22.44761" lon="114.309525"><ele>107.7</ele><time>2026-01-24T08:12:33Z</time></trkpt><trkpt lat="22.447626666666665" lon="114.30953999999998"><ele>107.0</ele><time>2026-01-24T08:12:35Z</time></trkpt><trkpt lat="22.447643333333335" lon="114.30955833333334"><ele>106.5</ele><time>2026-01-24T08:12:37Z</time></trkpt><trkpt lat="22.447664999999997" lon="114.30957500000001"><ele>105.7</ele><time>2026-01-24T08:12:39Z</time></trkpt><trkpt lat="22.447686666666662" lon="114.30959"><ele>105.3</ele><time>2026-01-24T08:12:41Z</time></trkpt><trkpt lat="22.447704999999996" lon="114.30960166666667"><ele>104.7</ele><time>2026-01-24T08:12:43Z</time></trkpt><trkpt lat="22.447726666666668" lon="114.30960833333332"><ele>104.39999999999999</ele><time>2026-01-24T08:12:45Z</time></trkpt><trkpt lat="22.447748333333333" lon="114.30961666666666"><ele>104.2</ele><time>2026-01-24T08:12:47Z</time></trkpt><trkpt lat="22.44777" lon="114.30962333333333"><ele>104.0</ele><time>2026-01-24T08:12:49Z</time></trkpt><trkpt lat="22.447791666666664" lon="114.30962666666667"><ele>103.7</ele><time>2026-01-24T08:12:51Z</time></trkpt><trkpt lat="22.44781833333333" lon="114.30962333333333"><ele>103.1</ele><time>2026-01-24T08:12:54Z</time></trkpt><trkpt lat="22.447844999999997" lon="114.30962833333334"><ele>102.8</ele><time>2026-01-24T08:12:56Z</time></trkpt><trkpt lat="22.447868333333336" lon="114.30963666666666"><ele>102.2</ele><time>2026-01-24T08:12:58Z</time></trkpt><trkpt lat="22.447883333333333" lon="114.30965499999999"><ele>102.1</ele><time>2026-01-24T08:13:00Z</time></trkpt><trkpt lat="22.447893333333333" lon="114.30967333333335"><ele>101.89999999999999</ele><time>2026-01-24T08:13:02Z</time></trkpt><trkpt lat="22.447899999999997" lon="114.30969833333332"><ele>101.7</ele><time>2026-01-24T08:13:05Z</time></trkpt><trkpt lat="22.447903333333336" lon="114.30971999999998"><ele>101.5</ele><time>2026-01-24T08:13:07Z</time></trkpt><trkpt lat="22.44790666666667" lon="114.30974166666668"><ele>101.39999999999999</ele><time>2026-01-24T08:13:09Z</time></trkpt><trkpt lat="22.447911666666663" lon="114.30976833333334"><ele>101.2</ele><time>2026-01-24T08:13:11Z</time></trkpt><trkpt lat="22.447916666666668" lon="114.30979166666665"><ele>100.7</ele><time>2026-01-24T08:13:13Z</time></trkpt><trkpt lat="22.447923333333332" lon="114.30981833333333"><ele>100.39999999999999</ele><time>2026-01-24T08:13:15Z</time></trkpt><trkpt lat="22.447929999999996" lon="114.30984166666667"><ele>100.2</ele><time>2026-01-24T08:13:17Z</time></trkpt><trkpt lat="22.44793666666667" lon="114.30986833333333"><ele>99.89999999999999</ele><time>2026-01-24T08:13:19Z</time></trkpt><trkpt lat="22.447944999999997" lon="114.30989166666669"><ele>99.8</ele><time>2026-01-24T08:13:21Z</time></trkpt><trkpt lat="22.447958333333336" lon="114.309915"><ele>99.7</ele><time>2026-01-24T08:13:23Z</time></trkpt><trkpt lat="22.447974999999996" lon="114.30992833333333"><ele>99.7</ele><time>2026-01-24T08:13:25Z</time></trkpt><trkpt lat="22.447986666666665" lon="114.309945"><ele>99.5</ele><time>2026-01-24T08:13:27Z</time></trkpt><trkpt lat="22.44799833333333" lon="114.30996333333333"><ele>99.39999999999999</ele><time>2026-01-24T08:13:29Z</time></trkpt><trkpt lat="22.44801" lon="114.30998333333334"><ele>99.1</ele><time>2026-01-24T08:13:31Z</time></trkpt><trkpt lat="22.448015" lon="114.31001166666668"><ele>99.39999999999999</ele><time>2026-01-24T08:13:33Z</time></trkpt><trkpt lat="22.448023333333335" lon="114.310035"><ele>99.39999999999999</ele><time>2026-01-24T08:13:35Z</time></trkpt><trkpt lat="22.448031666666665" lon="114.31005833333332"><ele>99.3</ele><time>2026-01-24T08:13:37Z</time></trkpt><trkpt lat="22.448033333333335" lon="114.31007999999999"><ele>99.3</ele><time>2026-01-24T08:13:39Z</time></trkpt><trkpt lat="22.448036666666667" lon="114.31010666666667"><ele>99.0</ele><time>2026-01-24T08:13:42Z</time></trkpt><trkpt lat="22.44804333333333" lon="114.31013333333334"><ele>98.8</ele><time>2026-01-24T08:13:45Z</time></trkpt><trkpt lat="22.44804166666667" lon="114.31015833333335"><ele>98.8</ele><time>2026-01-24T08:13:48Z</time></trkpt><trkpt lat="22.448036666666667" lon="114.310185"><ele>98.5</ele><time>2026-01-24T08:13:51Z</time></trkpt><trkpt lat="22.448031666666665" lon="114.31021166666666"><ele>98.6</ele><time>2026-01-24T08:13:54Z</time></trkpt><trkpt lat="22.448023333333335" lon="114.31023166666667"><ele>98.7</ele><time>2026-01-24T08:13:56Z</time></trkpt><trkpt lat="22.448008333333338" lon="114.31025333333334"><ele>98.3</ele><time>2026-01-24T08:13:59Z</time></trkpt><trkpt lat="22.44799666666667" lon="114.31027"><ele>98.1</ele><time>2026-01-24T08:14:01Z</time></trkpt><trkpt lat="22.447985000000003" lon="114.31028833333333"><ele>97.89999999999999</ele><time>2026-01-24T08:14:03Z</time></trkpt><trkpt lat="22.447976666666666" lon="114.31031"><ele>98.0</ele><time>2026-01-24T08:14:05Z</time></trkpt><trkpt lat="22.447983333333333" lon="114.31033666666666"><ele>98.0</ele><time>2026-01-24T08:14:07Z</time></trkpt><trkpt lat="22.44799833333333" lon="114.31035833333333"><ele>98.1</ele><time>2026-01-24T08:14:09Z</time></trkpt><trkpt lat="22.448016666666664" lon="114.31036999999999"><ele>98.2</ele><time>2026-01-24T08:14:11Z</time></trkpt><trkpt lat="22.448033333333335" lon="114.31038333333332"><ele>98.1</ele><time>2026-01-24T08:14:13Z</time></trkpt><trkpt lat="22.448053333333338" lon="114.31039666666666"><ele>98.1</ele><time>2026-01-24T08:14:15Z</time></trkpt><trkpt lat="22.44807166666667" lon="114.31041166666667"><ele>98.1</ele><time>2026-01-24T08:14:17Z</time></trkpt><trkpt lat="22.448091666666663" lon="114.31042666666666"><ele>98.0</ele><time>2026-01-24T08:14:19Z</time></trkpt><trkpt lat="22.448109999999996" lon="114.31043833333334"><ele>98.0</ele><time>2026-01-24T08:14:21Z</time></trkpt><trkpt lat="22.448126666666667" lon="114.31046333333333"><ele>98.1</ele><time>2026-01-24T08:14:23Z</time></trkpt><trkpt lat="22.448141666666668" lon="114.310485"><ele>98.1</ele><time>2026-01-24T08:14:25Z</time></trkpt><trkpt lat="22.448156666666666" lon="114.31050166666667"><ele>98.39999999999999</ele><time>2026-01-24T08:14:33Z</time></trkpt><trkpt lat="22.448169999999998" lon="114.31051666666666"><ele>98.5</ele><time>2026-01-24T08:14:35Z</time></trkpt><trkpt lat="22.44819" lon="114.31053166666668"><ele>98.8</ele><time>2026-01-24T08:14:37Z</time></trkpt><trkpt lat="22.448210000000003" lon="114.31054833333334"><ele>99.7</ele><time>2026-01-24T08:14:39Z</time></trkpt><trkpt lat="22.448228333333336" lon="114.31056333333332"><ele>100.0</ele><time>2026-01-24T08:14:41Z</time></trkpt><trkpt lat="22.448249999999998" lon="114.31058999999999"><ele>99.7</ele><time>2026-01-24T08:14:43Z</time></trkpt><trkpt lat="22.44826833333333" lon="114.31060166666666"><ele>99.8</ele><time>2026-01-24T08:14:45Z</time></trkpt><trkpt lat="22.448289999999997" lon="114.31061666666668"><ele>99.7</ele><time>2026-01-24T08:14:47Z</time></trkpt><trkpt lat="22.44831" lon="114.31063166666667"><ele>100.5</ele><time>2026-01-24T08:14:49Z</time></trkpt><trkpt lat="22.448331666666665" lon="114.310645"><ele>100.6</ele><time>2026-01-24T08:14:51Z</time></trkpt><trkpt lat="22.44835333333333" lon="114.31065500000001"><ele>100.3</ele><time>2026-01-24T08:14:53Z</time></trkpt><trkpt lat="22.448376666666665" lon="114.31066166666666"><ele>100.39999999999999</ele><time>2026-01-24T08:14:55Z</time></trkpt><trkpt lat="22.448394999999998" lon="114.31066833333334"><ele>100.2</ele><time>2026-01-24T08:14:57Z</time></trkpt><trkpt lat="22.448421666666665" lon="114.31066833333334"><ele>100.0</ele><time>2026-01-24T08:15:00Z</time></trkpt><trkpt lat="22.44844666666667" lon="114.31067"><ele>100.1</ele><time>2026-01-24T08:15:02Z</time></trkpt><trkpt lat="22.448469999999997" lon="114.31067166666665"><ele>100.3</ele><time>2026-01-24T08:15:04Z</time></trkpt><trkpt lat="22.448496666666664" lon="114.31067999999999"><ele>100.8</ele><time>2026-01-24T08:15:06Z</time></trkpt><trkpt lat="22.448513333333334" lon="114.31070333333334"><ele>100.89999999999999</ele><time>2026-01-24T08:15:08Z</time></trkpt><trkpt lat="22.448523333333334" lon="114.31072333333334"><ele>100.8</ele><time>2026-01-24T08:15:10Z</time></trkpt><trkpt lat="22.44854833333333" lon="114.31074166666667"><ele>100.39999999999999</ele><time>2026-01-24T08:15:12Z</time></trkpt><trkpt lat="22.448568333333334" lon="114.31075666666666"><ele>100.39999999999999</ele><time>2026-01-24T08:15:14Z</time></trkpt><trkpt lat="22.448588333333337" lon="114.31077833333332"><ele>99.89999999999999</ele><time>2026-01-24T08:15:16Z</time></trkpt><trkpt lat="22.44860833333333" lon="114.31078833333335"><ele>99.3</ele><time>2026-01-24T08:15:18Z</time></trkpt><trkpt lat="22.448635" lon="114.310795"><ele>98.39999999999999</ele><time>2026-01-24T08:15:20Z</time></trkpt><trkpt lat="22.44865333333333" lon="114.31080500000002"><ele>97.8</ele><time>2026-01-24T08:15:22Z</time></trkpt><trkpt lat="22.44866833333333" lon="114.31082666666667"><ele>97.1</ele><time>2026-01-24T08:15:24Z</time></trkpt><trkpt lat="22.448688333333333" lon="114.310845"><ele>96.8</ele><time>2026-01-24T08:15:26Z</time></trkpt><trkpt lat="22.44870166666666" lon="114.31086666666667"><ele>96.6</ele><time>2026-01-24T08:15:28Z</time></trkpt><trkpt lat="22.448718333333332" lon="114.31088"><ele>96.2</ele><time>2026-01-24T08:15:30Z</time></trkpt><trkpt lat="22.448736666666665" lon="114.31089666666666"><ele>96.1</ele><time>2026-01-24T08:15:32Z</time></trkpt><trkpt lat="22.448756666666668" lon="114.31090999999999"><ele>95.8</ele><time>2026-01-24T08:15:35Z</time></trkpt><trkpt lat="22.44877" lon="114.31092500000001"><ele>95.39999999999999</ele><time>2026-01-24T08:15:37Z</time></trkpt><trkpt lat="22.448784999999997" lon="114.31093833333334"><ele>94.89999999999999</ele><time>2026-01-24T08:15:39Z</time></trkpt><trkpt lat="22.44880333333333" lon="114.31095833333332"><ele>94.7</ele><time>2026-01-24T08:15:41Z</time></trkpt><trkpt lat="22.448825000000003" lon="114.310975"><ele>93.89999999999999</ele><time>2026-01-24T08:15:43Z</time></trkpt><trkpt lat="22.448845" lon="114.31099166666667"><ele>93.3</ele><time>2026-01-24T08:15:45Z</time></trkpt><trkpt lat="22.44886" lon="114.31101166666667"><ele>92.89999999999999</ele><time>2026-01-24T08:15:47Z</time></trkpt><trkpt lat="22.448874999999997" lon="114.31103166666665"><ele>92.6</ele><time>2026-01-24T08:15:49Z</time></trkpt><trkpt lat="22.448896666666663" lon="114.31104833333332"><ele>92.8</ele><time>2026-01-24T08:15:51Z</time></trkpt><trkpt lat="22.448918333333335" lon="114.31105000000001"><ele>93.0</ele><time>2026-01-24T08:15:53Z</time></trkpt><trkpt lat="22.44893833333333" lon="114.31104500000001"><ele>93.3</ele><time>2026-01-24T08:15:55Z</time></trkpt><trkpt lat="22.448960000000003" lon="114.31103833333333"><ele>93.7</ele><time>2026-01-24T08:15:57Z</time></trkpt><trkpt lat="22.44898" lon="114.31103499999999"><ele>94.0</ele><time>2026-01-24T08:15:59Z</time></trkpt><trkpt lat="22.449003333333334" lon="114.31103499999999"><ele>94.0</ele><time>2026-01-24T08:16:01Z</time></trkpt><trkpt lat="22.449025" lon="114.31104833333332"><ele>94.1</ele><time>2026-01-24T08:16:03Z</time></trkpt><trkpt lat="22.449043333333332" lon="114.31106333333334"><ele>94.1</ele><time>2026-01-24T08:16:05Z</time></trkpt><trkpt lat="22.449061666666662" lon="114.31107833333333"><ele>93.89999999999999</ele><time>2026-01-24T08:16:07Z</time></trkpt><trkpt lat="22.449076666666663" lon="114.31109166666666"><ele>93.8</ele><time>2026-01-24T08:16:09Z</time></trkpt><trkpt lat="22.449091666666664" lon="114.31110333333332"><ele>93.6</ele><time>2026-01-24T08:16:11Z</time></trkpt><trkpt lat="22.449110000000005" lon="114.31111833333334"><ele>93.7</ele><time>2026-01-24T08:16:13Z</time></trkpt><trkpt lat="22.449126666666665" lon="114.31113833333332"><ele>93.8</ele><time>2026-01-24T08:16:15Z</time></trkpt><trkpt lat="22.449135000000002" lon="114.31115666666668"><ele>93.3</ele><time>2026-01-24T08:16:18Z</time></trkpt><trkpt lat="22.44915" lon="114.31110833333332"><ele>95.5</ele><time>2026-01-24T08:16:40Z</time></trkpt><trkpt lat="22.449165" lon="114.31109166666666"><ele>96.1</ele><time>2026-01-24T08:16:46Z</time></trkpt><trkpt lat="22.449170000000002" lon="114.31106833333334"><ele>96.8</ele><time>2026-01-24T08:16:51Z</time></trkpt><trkpt lat="22.449180000000002" lon="114.31104666666667"><ele>97.3</ele><time>2026-01-24T08:16:54Z</time></trkpt><trkpt lat="22.449195" lon="114.31102666666666"><ele>97.6</ele><time>2026-01-24T08:16:57Z</time></trkpt><trkpt lat="22.449203333333337" lon="114.31100666666667"><ele>97.89999999999999</ele><time>2026-01-24T08:17:00Z</time></trkpt><trkpt lat="22.44920666666667" lon="114.31098666666666"><ele>98.0</ele><time>2026-01-24T08:17:03Z</time></trkpt><trkpt lat="22.44922" lon="114.31097166666665"><ele>98.39999999999999</ele><time>2026-01-24T08:17:06Z</time></trkpt><trkpt lat="22.449233333333336" lon="114.31095833333332"><ele>98.8</ele><time>2026-01-24T08:17:09Z</time></trkpt><trkpt lat="22.449248333333337" lon="114.31094666666668"><ele>99.39999999999999</ele><time>2026-01-24T08:17:13Z</time></trkpt><trkpt lat="22.44926666666667" lon="114.31094166666665"><ele>100.2</ele><time>2026-01-24T08:17:17Z</time></trkpt><trkpt lat="22.449291666666667" lon="114.31095166666667"><ele>100.5</ele><time>2026-01-24T08:17:19Z</time></trkpt><trkpt lat="22.449318333333334" lon="114.31096000000001"><ele>100.89999999999999</ele><time>2026-01-24T08:17:21Z</time></trkpt><trkpt lat="22.449336666666667" lon="114.31097"><ele>100.5</ele><time>2026-01-24T08:17:26Z</time></trkpt><trkpt lat="22.449361666666665" lon="114.310955"><ele>100.89999999999999</ele><time>2026-01-24T08:17:29Z</time></trkpt><trkpt lat="22.449375" lon="114.31094"><ele>100.89999999999999</ele><time>2026-01-24T08:17:31Z</time></trkpt><trkpt lat="22.449391666666664" lon="114.31093000000001"><ele>101.1</ele><time>2026-01-24T08:17:35Z</time></trkpt><trkpt lat="22.44939833333334" lon="114.31090833333334"><ele>101.1</ele><time>2026-01-24T08:17:39Z</time></trkpt><trkpt lat="22.449411666666666" lon="114.31088333333334"><ele>101.1</ele><time>2026-01-24T08:17:43Z</time></trkpt><trkpt lat="22.449421666666662" lon="114.31085833333333"><ele>101.3</ele><time>2026-01-24T08:17:46Z</time></trkpt><trkpt lat="22.44943" lon="114.31083833333332"><ele>101.1</ele><time>2026-01-24T08:17:49Z</time></trkpt><trkpt lat="22.449436666666664" lon="114.31081999999999"><ele>101.3</ele><time>2026-01-24T08:17:53Z</time></trkpt><trkpt lat="22.449445" lon="114.31080166666668"><ele>100.7</ele><time>2026-01-24T08:17:58Z</time></trkpt><trkpt lat="22.449435" lon="114.31078333333335"><ele>100.1</ele><time>2026-01-24T08:18:02Z</time></trkpt><trkpt lat="22.449428333333337" lon="114.31076499999999"><ele>99.89999999999999</ele><time>2026-01-24T08:18:05Z</time></trkpt><trkpt lat="22.449424999999998" lon="114.31074166666667"><ele>99.7</ele><time>2026-01-24T08:18:10Z</time></trkpt><trkpt lat="22.449423333333336" lon="114.31072"><ele>99.89999999999999</ele><time>2026-01-24T08:18:13Z</time></trkpt><trkpt lat="22.449421666666662" lon="114.3107"><ele>100.2</ele><time>2026-01-24T08:18:16Z</time></trkpt><trkpt lat="22.449405000000002" lon="114.31070833333334"><ele>100.5</ele><time>2026-01-24T08:18:20Z</time></trkpt><trkpt lat="22.449405000000002" lon="114.31072999999999"><ele>100.7</ele><time>2026-01-24T08:18:24Z</time></trkpt><trkpt lat="22.449409999999997" lon="114.31075666666666"><ele>100.7</ele><time>2026-01-24T08:18:27Z</time></trkpt><trkpt lat="22.449424999999998" lon="114.310775"><ele>100.7</ele><time>2026-01-24T08:18:30Z</time></trkpt><trkpt lat="22.44943166666667" lon="114.31079666666668"><ele>100.6</ele><time>2026-01-24T08:18:37Z</time></trkpt><trkpt lat="22.449424999999998" lon="114.310825"><ele>100.39999999999999</ele><time>2026-01-24T08:18:45Z</time></trkpt><trkpt lat="22.449413333333336" lon="114.31084333333335"><ele>100.3</ele><time>2026-01-24T08:18:47Z</time></trkpt><trkpt lat="22.44939833333334" lon="114.310865"><ele>100.1</ele><time>2026-01-24T08:18:49Z</time></trkpt><trkpt lat="22.44938666666667" lon="114.31088666666668"><ele>100.0</ele><time>2026-01-24T08:18:52Z</time></trkpt><trkpt lat="22.449376666666662" lon="114.31090666666665"><ele>99.6</ele><time>2026-01-24T08:18:56Z</time></trkpt><trkpt lat="22.449391666666664" lon="114.31092166666667"><ele>99.5</ele><time>2026-01-24T08:18:59Z</time></trkpt><trkpt lat="22.449408333333334" lon="114.31094"><ele>99.3</ele><time>2026-01-24T08:19:01Z</time></trkpt><trkpt lat="22.449421666666662" lon="114.31095666666667"><ele>99.2</ele><time>2026-01-24T08:19:03Z</time></trkpt><trkpt lat="22.44943166666667" lon="114.31097333333334"><ele>99.1</ele><time>2026-01-24T08:19:05Z</time></trkpt><trkpt lat="22.449445" lon="114.31099666666665"><ele>99.39999999999999</ele><time>2026-01-24T08:19:07Z</time></trkpt><trkpt lat="22.449454999999997" lon="114.31101500000001"><ele>99.6</ele><time>2026-01-24T08:19:09Z</time></trkpt><trkpt lat="22.449461666666668" lon="114.31103999999999"><ele>99.7</ele><time>2026-01-24T08:19:12Z</time></trkpt><trkpt lat="22.449475" lon="114.31105333333335"><ele>99.2</ele><time>2026-01-24T08:19:16Z</time></trkpt><trkpt lat="22.449454999999997" lon="114.31105000000001"><ele>99.5</ele><time>2026-01-24T08:19:24Z</time></trkpt><trkpt lat="22.449441666666665" lon="114.31102833333334"><ele>100.0</ele><time>2026-01-24T08:19:28Z</time></trkpt><trkpt lat="22.449424999999998" lon="114.31100833333333"><ele>100.3</ele><time>2026-01-24T08:19:30Z</time></trkpt><trkpt lat="22.449413333333336" lon="114.31099"><ele>100.5</ele><time>2026-01-24T08:19:32Z</time></trkpt><trkpt lat="22.449405000000002" lon="114.31097166666665"><ele>100.6</ele><time>2026-01-24T08:19:34Z</time></trkpt><trkpt lat="22.449394999999996" lon="114.31095333333333"><ele>100.7</ele><time>2026-01-24T08:19:36Z</time></trkpt><trkpt lat="22.449379999999998" lon="114.31094166666665"><ele>101.1</ele><time>2026-01-24T08:19:40Z</time></trkpt><trkpt lat="22.449368333333336" lon="114.31095833333332"><ele>101.5</ele><time>2026-01-24T08:19:42Z</time></trkpt><trkpt lat="22.449349999999995" lon="114.31097"><ele>102.0</ele><time>2026-01-24T08:19:45Z</time></trkpt><trkpt lat="22.449324999999998" lon="114.310975"><ele>102.5</ele><time>2026-01-24T08:19:48Z</time></trkpt><trkpt lat="22.449306666666665" lon="114.31097833333334"><ele>103.1</ele><time>2026-01-24T08:19:50Z</time></trkpt><trkpt lat="22.449293333333337" lon="114.310995"><ele>103.39999999999999</ele><time>2026-01-24T08:19:52Z</time></trkpt><trkpt lat="22.449274999999997" lon="114.31101166666667"><ele>104.1</ele><time>2026-01-24T08:19:54Z</time></trkpt><trkpt lat="22.44925333333333" lon="114.31102833333334"><ele>104.39999999999999</ele><time>2026-01-24T08:19:57Z</time></trkpt><trkpt lat="22.449243333333335" lon="114.31105166666666"><ele>104.5</ele><time>2026-01-24T08:19:59Z</time></trkpt><trkpt lat="22.449225000000002" lon="114.31107833333333"><ele>104.2</ele><time>2026-01-24T08:20:01Z</time></trkpt><trkpt lat="22.449215000000002" lon="114.31109999999998"><ele>104.1</ele><time>2026-01-24T08:20:03Z</time></trkpt><trkpt lat="22.449203333333337" lon="114.31111666666666"><ele>104.3</ele><time>2026-01-24T08:20:05Z</time></trkpt><trkpt lat="22.449191666666668" lon="114.31113833333332"><ele>104.5</ele><time>2026-01-24T08:20:07Z</time></trkpt><trkpt lat="22.449189999999998" lon="114.31115833333334"><ele>103.89999999999999</ele><time>2026-01-24T08:20:09Z</time></trkpt><trkpt lat="22.449189999999998" lon="114.31118833333333"><ele>103.5</ele><time>2026-01-24T08:20:12Z</time></trkpt><trkpt lat="22.449195" lon="114.31121499999999"><ele>103.5</ele><time>2026-01-24T08:20:14Z</time></trkpt><trkpt lat="22.449201666666667" lon="114.31124666666668"><ele>102.0</ele><time>2026-01-24T08:20:16Z</time></trkpt><trkpt lat="22.449196666666662" lon="114.31127166666666"><ele>101.2</ele><time>2026-01-24T08:20:18Z</time></trkpt><trkpt lat="22.449196666666662" lon="114.311295"><ele>100.3</ele><time>2026-01-24T08:20:20Z</time></trkpt><trkpt lat="22.449196666666662" lon="114.31132000000001"><ele>99.89999999999999</ele><time>2026-01-24T08:20:22Z</time></trkpt><trkpt lat="22.449195" lon="114.31134500000002"><ele>99.7</ele><time>2026-01-24T08:20:24Z</time></trkpt><trkpt lat="22.449196666666662" lon="114.31137333333332"><ele>99.39999999999999</ele><time>2026-01-24T08:20:26Z</time></trkpt><trkpt lat="22.449200000000005" lon="114.31139999999999"><ele>98.7</ele><time>2026-01-24T08:20:28Z</time></trkpt><trkpt lat="22.449205" lon="114.31142333333334"><ele>98.0</ele><time>2026-01-24T08:20:30Z</time></trkpt><trkpt lat="22.449211666666663" lon="114.31145"><ele>97.5</ele><time>2026-01-24T08:20:32Z</time></trkpt><trkpt lat="22.449215000000002" lon="114.31147666666666"><ele>97.0</ele><time>2026-01-24T08:20:34Z</time></trkpt><trkpt lat="22.449223333333332" lon="114.31150000000001"><ele>96.6</ele><time>2026-01-24T08:20:36Z</time></trkpt><trkpt lat="22.449226666666664" lon="114.31153"><ele>96.1</ele><time>2026-01-24T08:20:38Z</time></trkpt><trkpt lat="22.449234999999998" lon="114.31155500000001"><ele>96.2</ele><time>2026-01-24T08:20:40Z</time></trkpt><trkpt lat="22.449248333333337" lon="114.31157499999999"><ele>96.1</ele><time>2026-01-24T08:20:42Z</time></trkpt><trkpt lat="22.449255" lon="114.31160666666668"><ele>96.2</ele><time>2026-01-24T08:20:44Z</time></trkpt><trkpt lat="22.449255" lon="114.31163999999998"><ele>96.2</ele><time>2026-01-24T08:20:46Z</time></trkpt><trkpt lat="22.449258333333333" lon="114.31166666666668"><ele>95.89999999999999</ele><time>2026-01-24T08:20:48Z</time></trkpt><trkpt lat="22.449258333333333" lon="114.31169"><ele>95.5</ele><time>2026-01-24T08:20:50Z</time></trkpt><trkpt lat="22.449258333333333" lon="114.31172"><ele>95.2</ele><time>2026-01-24T08:20:52Z</time></trkpt><trkpt lat="22.449258333333333" lon="114.31175"><ele>95.2</ele><time>2026-01-24T08:20:54Z</time></trkpt><trkpt lat="22.449263333333338" lon="114.31178"><ele>95.1</ele><time>2026-01-24T08:20:56Z</time></trkpt><trkpt lat="22.449270000000002" lon="114.31180333333332"><ele>95.39999999999999</ele><time>2026-01-24T08:20:58Z</time></trkpt><trkpt lat="22.449285" lon="114.31182166666667"><ele>94.89999999999999</ele><time>2026-01-24T08:21:00Z</time></trkpt><trkpt lat="22.449295" lon="114.31184666666668"><ele>94.5</ele><time>2026-01-24T08:21:02Z</time></trkpt><trkpt lat="22.449306666666665" lon="114.31186333333332"><ele>94.3</ele><time>2026-01-24T08:21:04Z</time></trkpt><trkpt lat="22.449319999999997" lon="114.31188166666668"><ele>94.0</ele><time>2026-01-24T08:21:06Z</time></trkpt><trkpt lat="22.44934" lon="114.31189833333335"><ele>94.1</ele><time>2026-01-24T08:21:09Z</time></trkpt><trkpt lat="22.449346666666663" lon="114.31192833333334"><ele>93.8</ele><time>2026-01-24T08:21:12Z</time></trkpt><trkpt lat="22.449349999999995" lon="114.31195166666666"><ele>93.39999999999999</ele><time>2026-01-24T08:21:14Z</time></trkpt><trkpt lat="22.449345" lon="114.31197500000002"><ele>93.3</ele><time>2026-01-24T08:21:16Z</time></trkpt><trkpt lat="22.44934" lon="114.31200166666667"><ele>92.5</ele><time>2026-01-24T08:21:18Z</time></trkpt><trkpt lat="22.449336666666667" lon="114.31202666666668"><ele>92.39999999999999</ele><time>2026-01-24T08:21:20Z</time></trkpt><trkpt lat="22.449333333333335" lon="114.31205166666665"><ele>92.3</ele><time>2026-01-24T08:21:22Z</time></trkpt><trkpt lat="22.449333333333335" lon="114.31207500000001"><ele>91.8</ele><time>2026-01-24T08:21:24Z</time></trkpt><trkpt lat="22.449324999999998" lon="114.312105"><ele>90.8</ele><time>2026-01-24T08:21:26Z</time></trkpt><trkpt lat="22.44931166666667" lon="114.31212666666667"><ele>90.0</ele><time>2026-01-24T08:21:28Z</time></trkpt><trkpt lat="22.449301666666663" lon="114.31214666666668"><ele>89.39999999999999</ele><time>2026-01-24T08:21:30Z</time></trkpt><trkpt lat="22.449293333333337" lon="114.31217333333333"><ele>88.89999999999999</ele><time>2026-01-24T08:21:32Z</time></trkpt><trkpt lat="22.449285" lon="114.3122"><ele>88.39999999999999</ele><time>2026-01-24T08:21:34Z</time></trkpt><trkpt lat="22.449273333333334" lon="114.31222166666666"><ele>87.7</ele><time>2026-01-24T08:21:36Z</time></trkpt><trkpt lat="22.449263333333338" lon="114.31224833333333"><ele>87.3</ele><time>2026-01-24T08:21:38Z</time></trkpt><trkpt lat="22.449255" lon="114.31228000000002"><ele>87.0</ele><time>2026-01-24T08:21:40Z</time></trkpt><trkpt lat="22.449246666666667" lon="114.31230833333332"><ele>86.7</ele><time>2026-01-24T08:21:42Z</time></trkpt><trkpt lat="22.449233333333336" lon="114.31234"><ele>86.39999999999999</ele><time>2026-01-24T08:21:44Z</time></trkpt><trkpt lat="22.449226666666664" lon="114.31237333333333"><ele>86.2</ele><time>2026-01-24T08:21:46Z</time></trkpt><trkpt lat="22.449225000000002" lon="114.31240166666666"><ele>85.8</ele><time>2026-01-24T08:21:48Z</time></trkpt><trkpt lat="22.449223333333332" lon="114.31243"><ele>85.39999999999999</ele><time>2026-01-24T08:21:50Z</time></trkpt><trkpt lat="22.449228333333334" lon="114.31245833333332"><ele>84.8</ele><time>2026-01-24T08:21:52Z</time></trkpt><trkpt lat="22.449231666666666" lon="114.31248666666667"><ele>84.39999999999999</ele><time>2026-01-24T08:21:54Z</time></trkpt><trkpt lat="22.44923833333333" lon="114.31250666666668"><ele>84.2</ele><time>2026-01-24T08:21:55Z</time></trkpt><trkpt lat="22.449244999999998" lon="114.31252666666666"><ele>84.0</ele><time>2026-01-24T08:21:56Z</time></trkpt><trkpt lat="22.44925333333333" lon="114.31254499999999"><ele>83.89999999999999</ele><time>2026-01-24T08:21:57Z</time></trkpt><trkpt lat="22.44926666666667" lon="114.31255833333334"><ele>83.8</ele><time>2026-01-24T08:21:58Z</time></trkpt><trkpt lat="22.449286666666662" lon="114.31258333333332"><ele>83.7</ele><time>2026-01-24T08:22:00Z</time></trkpt><trkpt lat="22.4493" lon="114.31259999999999"><ele>83.3</ele><time>2026-01-24T08:22:02Z</time></trkpt><trkpt lat="22.449304999999995" lon="114.31262166666666"><ele>83.2</ele><time>2026-01-24T08:22:03Z</time></trkpt><trkpt lat="22.449313333333333" lon="114.31264833333334"><ele>82.8</ele><time>2026-01-24T08:22:05Z</time></trkpt><trkpt lat="22.449326666666668" lon="114.31267666666666"><ele>82.6</ele><time>2026-01-24T08:22:07Z</time></trkpt><trkpt lat="22.449346666666663" lon="114.3127"><ele>82.39999999999999</ele><time>2026-01-24T08:22:09Z</time></trkpt><trkpt lat="22.449360000000002" lon="114.31271666666667"><ele>82.6</ele><time>2026-01-24T08:22:11Z</time></trkpt><trkpt lat="22.44937333333333" lon="114.31273666666667"><ele>82.8</ele><time>2026-01-24T08:22:13Z</time></trkpt><trkpt lat="22.44938666666667" lon="114.312765"><ele>83.1</ele><time>2026-01-24T08:22:15Z</time></trkpt><trkpt lat="22.4494" lon="114.31279500000001"><ele>83.8</ele><time>2026-01-24T08:22:17Z</time></trkpt><trkpt lat="22.449396666666665" lon="114.31283"><ele>84.3</ele><time>2026-01-24T08:22:19Z</time></trkpt><trkpt lat="22.44939833333334" lon="114.31286166666665"><ele>84.3</ele><time>2026-01-24T08:22:21Z</time></trkpt><trkpt lat="22.44939833333334" lon="114.31289"><ele>84.5</ele><time>2026-01-24T08:22:23Z</time></trkpt><trkpt lat="22.449393333333333" lon="114.31292499999999"><ele>85.1</ele><time>2026-01-24T08:22:25Z</time></trkpt><trkpt lat="22.449391666666664" lon="114.31295833333334"><ele>86.0</ele><time>2026-01-24T08:22:27Z</time></trkpt><trkpt lat="22.449385" lon="114.31298999999999"><ele>86.5</ele><time>2026-01-24T08:22:29Z</time></trkpt><trkpt lat="22.449376666666662" lon="114.313015"><ele>87.0</ele><time>2026-01-24T08:22:31Z</time></trkpt><trkpt lat="22.449366666666666" lon="114.31304166666665"><ele>87.5</ele><time>2026-01-24T08:22:33Z</time></trkpt><trkpt lat="22.449368333333336" lon="114.31306500000001"><ele>87.8</ele><time>2026-01-24T08:22:35Z</time></trkpt><trkpt lat="22.449371666666668" lon="114.313095"><ele>88.0</ele><time>2026-01-24T08:22:37Z</time></trkpt><trkpt lat="22.44937" lon="114.313125"><ele>88.3</ele><time>2026-01-24T08:22:39Z</time></trkpt><trkpt lat="22.44937" lon="114.31315166666667"><ele>88.39999999999999</ele><time>2026-01-24T08:22:41Z</time></trkpt><trkpt lat="22.449368333333336" lon="114.31318166666667"><ele>88.1</ele><time>2026-01-24T08:22:43Z</time></trkpt><trkpt lat="22.449371666666668" lon="114.31320666666667"><ele>88.3</ele><time>2026-01-24T08:22:45Z</time></trkpt><trkpt lat="22.449381666666667" lon="114.31322999999999"><ele>88.5</ele><time>2026-01-24T08:22:47Z</time></trkpt><trkpt lat="22.449396666666665" lon="114.31324500000001"><ele>88.39999999999999</ele><time>2026-01-24T08:22:49Z</time></trkpt><trkpt lat="22.449415" lon="114.31325999999999"><ele>88.6</ele><time>2026-01-24T08:22:51Z</time></trkpt><trkpt lat="22.44943166666667" lon="114.31327333333333"><ele>89.0</ele><time>2026-01-24T08:22:53Z</time></trkpt><trkpt lat="22.449450000000002" lon="114.313285"><ele>89.3</ele><time>2026-01-24T08:22:55Z</time></trkpt><trkpt lat="22.44946333333333" lon="114.31330333333332"><ele>89.3</ele><time>2026-01-24T08:22:57Z</time></trkpt><trkpt lat="22.44947833333333" lon="114.31333166666667"><ele>89.5</ele><time>2026-01-24T08:23:00Z</time></trkpt><trkpt lat="22.44949" lon="114.31335499999999"><ele>89.7</ele><time>2026-01-24T08:23:02Z</time></trkpt><trkpt lat="22.449503333333336" lon="114.313375"><ele>89.5</ele><time>2026-01-24T08:23:04Z</time></trkpt><trkpt lat="22.44951" lon="114.31340833333334"><ele>89.5</ele><time>2026-01-24T08:23:06Z</time></trkpt><trkpt lat="22.44952166666667" lon="114.31344166666668"><ele>89.3</ele><time>2026-01-24T08:23:08Z</time></trkpt><trkpt lat="22.44953666666667" lon="114.31347"><ele>89.1</ele><time>2026-01-24T08:23:10Z</time></trkpt><trkpt lat="22.449543333333335" lon="114.313495"><ele>88.89999999999999</ele><time>2026-01-24T08:23:12Z</time></trkpt><trkpt lat="22.44955333333333" lon="114.31352333333334"><ele>88.5</ele><time>2026-01-24T08:23:14Z</time></trkpt><trkpt lat="22.449571666666664" lon="114.31355333333335"><ele>88.1</ele><time>2026-01-24T08:23:16Z</time></trkpt><trkpt lat="22.449583333333333" lon="114.31358666666665"><ele>87.89999999999999</ele><time>2026-01-24T08:23:18Z</time></trkpt><trkpt lat="22.449585000000003" lon="114.31361333333334"><ele>87.7</ele><time>2026-01-24T08:23:20Z</time></trkpt><trkpt lat="22.449588333333335" lon="114.31364166666665"><ele>87.39999999999999</ele><time>2026-01-24T08:23:22Z</time></trkpt><trkpt lat="22.449585000000003" lon="114.31366666666666"><ele>87.3</ele><time>2026-01-24T08:23:24Z</time></trkpt><trkpt lat="22.449563333333337" lon="114.31369666666666"><ele>87.3</ele><time>2026-01-24T08:23:26Z</time></trkpt><trkpt lat="22.44955" lon="114.31371166666668"><ele>87.2</ele><time>2026-01-24T08:23:27Z</time></trkpt><trkpt lat="22.449528333333333" lon="114.31374"><ele>87.0</ele><time>2026-01-24T08:23:29Z</time></trkpt><trkpt lat="22.449513333333336" lon="114.31375833333335"><ele>86.7</ele><time>2026-01-24T08:23:31Z</time></trkpt><trkpt lat="22.449499999999997" lon="114.31377499999999"><ele>86.0</ele><time>2026-01-24T08:23:33Z</time></trkpt><trkpt lat="22.449495000000002" lon="114.31380166666668"><ele>85.3</ele><time>2026-01-24T08:23:35Z</time></trkpt><trkpt lat="22.44949" lon="114.31383166666667"><ele>84.7</ele><time>2026-01-24T08:23:37Z</time></trkpt><trkpt lat="22.449495000000002" lon="114.31385666666665"><ele>83.6</ele><time>2026-01-24T08:23:39Z</time></trkpt><trkpt lat="22.449501666666666" lon="114.31387500000001"><ele>82.89999999999999</ele><time>2026-01-24T08:23:40Z</time></trkpt><trkpt lat="22.449501666666666" lon="114.31390000000002"><ele>82.39999999999999</ele><time>2026-01-24T08:23:42Z</time></trkpt><trkpt lat="22.449501666666666" lon="114.31392333333334"><ele>81.89999999999999</ele><time>2026-01-24T08:23:45Z</time></trkpt><trkpt lat="22.449505" lon="114.31394333333334"><ele>81.5</ele><time>2026-01-24T08:23:47Z</time></trkpt><trkpt lat="22.449505" lon="114.31396333333332"><ele>81.0</ele><time>2026-01-24T08:23:49Z</time></trkpt><trkpt lat="22.44949" lon="114.31397999999999"><ele>80.5</ele><time>2026-01-24T08:23:51Z</time></trkpt><trkpt lat="22.449475" lon="114.31400000000001"><ele>80.3</ele><time>2026-01-24T08:23:53Z</time></trkpt><trkpt lat="22.449456666666666" lon="114.31401666666667"><ele>80.0</ele><time>2026-01-24T08:23:55Z</time></trkpt><trkpt lat="22.449439999999996" lon="114.31403"><ele>79.6</ele><time>2026-01-24T08:23:57Z</time></trkpt><trkpt lat="22.449426666666668" lon="114.31404666666667"><ele>78.89999999999999</ele><time>2026-01-24T08:23:59Z</time></trkpt><trkpt lat="22.449423333333336" lon="114.31407333333333"><ele>77.7</ele><time>2026-01-24T08:24:01Z</time></trkpt><trkpt lat="22.449421666666662" lon="114.31410166666667"><ele>76.7</ele><time>2026-01-24T08:24:04Z</time></trkpt><trkpt lat="22.449413333333336" lon="114.31412333333334"><ele>75.7</ele><time>2026-01-24T08:24:06Z</time></trkpt><trkpt lat="22.44940166666667" lon="114.31414666666666"><ele>75.1</ele><time>2026-01-24T08:24:08Z</time></trkpt><trkpt lat="22.449393333333333" lon="114.31416499999999"><ele>74.39999999999999</ele><time>2026-01-24T08:24:10Z</time></trkpt><trkpt lat="22.449381666666667" lon="114.314185"><ele>73.89999999999999</ele><time>2026-01-24T08:24:12Z</time></trkpt><trkpt lat="22.44937" lon="114.314205"><ele>73.6</ele><time>2026-01-24T08:24:14Z</time></trkpt><trkpt lat="22.449366666666666" lon="114.314225"><ele>73.2</ele><time>2026-01-24T08:24:16Z</time></trkpt><trkpt lat="22.449360000000002" lon="114.31424833333334"><ele>72.7</ele><time>2026-01-24T08:24:18Z</time></trkpt><trkpt lat="22.449353333333338" lon="114.31427000000001"><ele>72.1</ele><time>2026-01-24T08:24:20Z</time></trkpt><trkpt lat="22.449348333333333" lon="114.3143"><ele>71.3</ele><time>2026-01-24T08:24:22Z</time></trkpt><trkpt lat="22.44934166666667" lon="114.31432833333335"><ele>70.89999999999999</ele><time>2026-01-24T08:24:24Z</time></trkpt><trkpt lat="22.449334999999998" lon="114.31436166666666"><ele>70.5</ele><time>2026-01-24T08:24:26Z</time></trkpt><trkpt lat="22.449334999999998" lon="114.31438333333332"><ele>70.39999999999999</ele><time>2026-01-24T08:24:27Z</time></trkpt><trkpt lat="22.449338333333337" lon="114.31441666666666"><ele>70.0</ele><time>2026-01-24T08:24:29Z</time></trkpt><trkpt lat="22.449338333333337" lon="114.31444833333335"><ele>70.0</ele><time>2026-01-24T08:24:31Z</time></trkpt><trkpt lat="22.449338333333337" lon="114.31446833333332"><ele>69.89999999999999</ele><time>2026-01-24T08:24:32Z</time></trkpt><trkpt lat="22.449346666666663" lon="114.31449166666668"><ele>70.5</ele><time>2026-01-24T08:24:34Z</time></trkpt><trkpt lat="22.449338333333337" lon="114.31451166666666"><ele>71.3</ele><time>2026-01-24T08:24:38Z</time></trkpt><trkpt lat="22.44933" lon="114.31453333333333"><ele>71.7</ele><time>2026-01-24T08:24:40Z</time></trkpt><trkpt lat="22.449313333333333" lon="114.31455499999998"><ele>72.30000000000001</ele><time>2026-01-24T08:24:43Z</time></trkpt><trkpt lat="22.449301666666663" lon="114.31457166666665"><ele>72.4</ele><time>2026-01-24T08:24:45Z</time></trkpt><trkpt lat="22.449288333333335" lon="114.31459833333332"><ele>72.2</ele><time>2026-01-24T08:24:48Z</time></trkpt><trkpt lat="22.449274999999997" lon="114.31462833333332"><ele>72.2</ele><time>2026-01-24T08:24:50Z</time></trkpt><trkpt lat="22.449261666666665" lon="114.31465166666666"><ele>72.10000000000001</ele><time>2026-01-24T08:24:52Z</time></trkpt><trkpt lat="22.44924" lon="114.31467666666667"><ele>72.2</ele><time>2026-01-24T08:24:54Z</time></trkpt><trkpt lat="22.44922166666667" lon="114.31470499999999"><ele>72.10000000000001</ele><time>2026-01-24T08:24:56Z</time></trkpt><trkpt lat="22.44920833333333" lon="114.31473"><ele>71.7</ele><time>2026-01-24T08:24:58Z</time></trkpt><trkpt lat="22.449195" lon="114.31476166666668"><ele>71.10000000000001</ele><time>2026-01-24T08:25:00Z</time></trkpt><trkpt lat="22.44917666666667" lon="114.314785"><ele>70.4</ele><time>2026-01-24T08:25:02Z</time></trkpt><trkpt lat="22.449165" lon="114.314815"><ele>70.0</ele><time>2026-01-24T08:25:04Z</time></trkpt><trkpt lat="22.449156666666667" lon="114.314845"><ele>69.7</ele><time>2026-01-24T08:25:06Z</time></trkpt><trkpt lat="22.44915" lon="114.31487"><ele>69.60000000000001</ele><time>2026-01-24T08:25:09Z</time></trkpt><trkpt lat="22.449141666666666" lon="114.31490000000001"><ele>69.60000000000001</ele><time>2026-01-24T08:25:12Z</time></trkpt><trkpt lat="22.449136666666664" lon="114.31492000000001"><ele>69.4</ele><time>2026-01-24T08:25:14Z</time></trkpt><trkpt lat="22.449128333333338" lon="114.31494166666668"><ele>69.5</ele><time>2026-01-24T08:25:16Z</time></trkpt><trkpt lat="22.44911833333333" lon="114.314965"><ele>69.30000000000001</ele><time>2026-01-24T08:25:18Z</time></trkpt><trkpt lat="22.449111666666667" lon="114.31499000000001"><ele>69.10000000000001</ele><time>2026-01-24T08:25:20Z</time></trkpt><trkpt lat="22.449099999999998" lon="114.31501166666666"><ele>69.10000000000001</ele><time>2026-01-24T08:25:23Z</time></trkpt><trkpt lat="22.44908666666667" lon="114.31503166666668"><ele>69.5</ele><time>2026-01-24T08:25:26Z</time></trkpt><trkpt lat="22.44907166666667" lon="114.31504833333332"><ele>70.2</ele><time>2026-01-24T08:25:31Z</time></trkpt><trkpt lat="22.449036666666665" lon="114.31514333333334"><ele>72.4</ele><time>2026-01-24T08:26:38Z</time></trkpt><trkpt lat="22.44904" lon="114.31517000000001"><ele>72.10000000000001</ele><time>2026-01-24T08:26:40Z</time></trkpt><trkpt lat="22.449043333333332" lon="114.31519333333333"><ele>71.80000000000001</ele><time>2026-01-24T08:26:42Z</time></trkpt><trkpt lat="22.449050000000003" lon="114.31521833333333"><ele>71.4</ele><time>2026-01-24T08:26:44Z</time></trkpt><trkpt lat="22.449061666666662" lon="114.31524499999999"><ele>71.10000000000001</ele><time>2026-01-24T08:26:46Z</time></trkpt><trkpt lat="22.44907166666667" lon="114.31526666666666"><ele>70.60000000000001</ele><time>2026-01-24T08:26:48Z</time></trkpt><trkpt lat="22.449083333333338" lon="114.31528833333331"><ele>70.2</ele><time>2026-01-24T08:26:50Z</time></trkpt><trkpt lat="22.449098333333335" lon="114.31531666666666"><ele>69.80000000000001</ele><time>2026-01-24T08:26:52Z</time></trkpt><trkpt lat="22.449106666666662" lon="114.31533499999999"><ele>69.5</ele><time>2026-01-24T08:26:53Z</time></trkpt><trkpt lat="22.449113333333337" lon="114.315355"><ele>69.30000000000001</ele><time>2026-01-24T08:26:54Z</time></trkpt><trkpt lat="22.449121666666663" lon="114.31537333333333"><ele>69.0</ele><time>2026-01-24T08:26:55Z</time></trkpt><trkpt lat="22.449141666666666" lon="114.31540000000001"><ele>68.30000000000001</ele><time>2026-01-24T08:26:57Z</time></trkpt><trkpt lat="22.449155000000005" lon="114.31541666666665"><ele>68.10000000000001</ele><time>2026-01-24T08:26:58Z</time></trkpt><trkpt lat="22.449175" lon="114.31545"><ele>67.0</ele><time>2026-01-24T08:27:00Z</time></trkpt><trkpt lat="22.449181666666664" lon="114.31548333333333"><ele>66.7</ele><time>2026-01-24T08:27:02Z</time></trkpt><trkpt lat="22.449178333333332" lon="114.31551333333333"><ele>66.30000000000001</ele><time>2026-01-24T08:27:05Z</time></trkpt><trkpt lat="22.449178333333332" lon="114.31554166666668"><ele>66.0</ele><time>2026-01-24T08:27:07Z</time></trkpt><trkpt lat="22.449183333333334" lon="114.31557666666667"><ele>65.60000000000001</ele><time>2026-01-24T08:27:09Z</time></trkpt><trkpt lat="22.449196666666662" lon="114.31560499999999"><ele>65.30000000000001</ele><time>2026-01-24T08:27:11Z</time></trkpt><trkpt lat="22.449213333333333" lon="114.31563"><ele>64.80000000000001</ele><time>2026-01-24T08:27:13Z</time></trkpt><trkpt lat="22.449225000000002" lon="114.31564833333331"><ele>64.60000000000001</ele><time>2026-01-24T08:27:15Z</time></trkpt><trkpt lat="22.44923833333333" lon="114.315665"><ele>64.60000000000001</ele><time>2026-01-24T08:27:17Z</time></trkpt><trkpt lat="22.44925" lon="114.31568999999999"><ele>64.60000000000001</ele><time>2026-01-24T08:27:19Z</time></trkpt><trkpt lat="22.449258333333333" lon="114.31571333333335"><ele>64.80000000000001</ele><time>2026-01-24T08:27:21Z</time></trkpt><trkpt lat="22.449270000000002" lon="114.31572999999999"><ele>65.0</ele><time>2026-01-24T08:27:23Z</time></trkpt><trkpt lat="22.44928333333333" lon="114.31575166666669"><ele>65.0</ele><time>2026-01-24T08:27:25Z</time></trkpt><trkpt lat="22.449289999999998" lon="114.31577666666665"><ele>64.7</ele><time>2026-01-24T08:27:27Z</time></trkpt><trkpt lat="22.449295" lon="114.31580166666666"><ele>64.5</ele><time>2026-01-24T08:27:29Z</time></trkpt><trkpt lat="22.449301666666663" lon="114.31582666666667"><ele>63.99999999999999</ele><time>2026-01-24T08:27:31Z</time></trkpt><trkpt lat="22.449306666666665" lon="114.31584666666667"><ele>63.99999999999999</ele><time>2026-01-24T08:27:33Z</time></trkpt><trkpt lat="22.44931166666667" lon="114.31586833333334"><ele>63.99999999999999</ele><time>2026-01-24T08:27:35Z</time></trkpt><trkpt lat="22.449316666666665" lon="114.31589666666666"><ele>64.10000000000001</ele><time>2026-01-24T08:27:37Z</time></trkpt><trkpt lat="22.449319999999997" lon="114.31592333333334"><ele>64.2</ele><time>2026-01-24T08:27:39Z</time></trkpt><trkpt lat="22.449326666666668" lon="114.31595"><ele>64.2</ele><time>2026-01-24T08:27:41Z</time></trkpt><trkpt lat="22.449338333333337" lon="114.31597833333332"><ele>64.5</ele><time>2026-01-24T08:27:43Z</time></trkpt><trkpt lat="22.449346666666663" lon="114.31600666666667"><ele>64.5</ele><time>2026-01-24T08:27:45Z</time></trkpt><trkpt lat="22.449360000000002" lon="114.31602999999998"><ele>64.60000000000001</ele><time>2026-01-24T08:27:47Z</time></trkpt><trkpt lat="22.44937333333333" lon="114.31605166666668"><ele>64.5</ele><time>2026-01-24T08:27:49Z</time></trkpt><trkpt lat="22.44938666666667" lon="114.31607666666666"><ele>64.4</ele><time>2026-01-24T08:27:51Z</time></trkpt><trkpt lat="22.449393333333333" lon="114.31610333333334"><ele>64.30000000000001</ele><time>2026-01-24T08:27:53Z</time></trkpt><trkpt lat="22.449405000000002" lon="114.31612666666666"><ele>64.4</ele><time>2026-01-24T08:27:55Z</time></trkpt><trkpt lat="22.44942" lon="114.31614999999998"><ele>64.2</ele><time>2026-01-24T08:27:57Z</time></trkpt><trkpt lat="22.449426666666668" lon="114.31617833333333"><ele>64.2</ele><time>2026-01-24T08:27:59Z</time></trkpt><trkpt lat="22.44943166666667" lon="114.31620166666669"><ele>64.10000000000001</ele><time>2026-01-24T08:28:01Z</time></trkpt><trkpt lat="22.449439999999996" lon="114.31623166666668"><ele>64.4</ele><time>2026-01-24T08:28:03Z</time></trkpt><trkpt lat="22.449448333333333" lon="114.31625833333334"><ele>64.4</ele><time>2026-01-24T08:28:05Z</time></trkpt><trkpt lat="22.449453333333334" lon="114.31628833333335"><ele>64.9</ele><time>2026-01-24T08:28:07Z</time></trkpt><trkpt lat="22.44946" lon="114.31631833333334"><ele>65.0</ele><time>2026-01-24T08:28:09Z</time></trkpt><trkpt lat="22.449469999999998" lon="114.316345"><ele>65.0</ele><time>2026-01-24T08:28:11Z</time></trkpt><trkpt lat="22.44947833333333" lon="114.31637"><ele>64.9</ele><time>2026-01-24T08:28:13Z</time></trkpt><trkpt lat="22.44948833333334" lon="114.31639166666668"><ele>64.7</ele><time>2026-01-24T08:28:15Z</time></trkpt><trkpt lat="22.449503333333336" lon="114.31641333333333"><ele>64.4</ele><time>2026-01-24T08:28:17Z</time></trkpt><trkpt lat="22.449518333333337" lon="114.31643833333334"><ele>64.30000000000001</ele><time>2026-01-24T08:28:19Z</time></trkpt><trkpt lat="22.449531666666665" lon="114.31646333333335"><ele>64.10000000000001</ele><time>2026-01-24T08:28:21Z</time></trkpt><trkpt lat="22.449543333333335" lon="114.31648500000001"><ele>64.60000000000001</ele><time>2026-01-24T08:28:23Z</time></trkpt><trkpt lat="22.44955" lon="114.31651333333333"><ele>65.0</ele><time>2026-01-24T08:28:25Z</time></trkpt><trkpt lat="22.449556666666663" lon="114.31654333333333"><ele>65.2</ele><time>2026-01-24T08:28:27Z</time></trkpt><trkpt lat="22.449559999999998" lon="114.31657333333332"><ele>65.9</ele><time>2026-01-24T08:28:29Z</time></trkpt><trkpt lat="22.449563333333337" lon="114.31660166666667"><ele>66.60000000000001</ele><time>2026-01-24T08:28:31Z</time></trkpt><trkpt lat="22.449573333333333" lon="114.31663166666667"><ele>66.80000000000001</ele><time>2026-01-24T08:28:33Z</time></trkpt><trkpt lat="22.449585000000003" lon="114.31666166666668"><ele>67.10000000000001</ele><time>2026-01-24T08:28:35Z</time></trkpt><trkpt lat="22.449588333333335" lon="114.31668999999998"><ele>67.2</ele><time>2026-01-24T08:28:37Z</time></trkpt><trkpt lat="22.449589999999997" lon="114.31671666666668"><ele>67.10000000000001</ele><time>2026-01-24T08:28:39Z</time></trkpt><trkpt lat="22.449593333333336" lon="114.31674666666667"><ele>67.30000000000001</ele><time>2026-01-24T08:28:41Z</time></trkpt><trkpt lat="22.449593333333336" lon="114.31677499999999"><ele>67.5</ele><time>2026-01-24T08:28:43Z</time></trkpt><trkpt lat="22.44958166666667" lon="114.31679833333334"><ele>67.60000000000001</ele><time>2026-01-24T08:28:45Z</time></trkpt><trkpt lat="22.449573333333333" lon="114.31682500000001"><ele>67.80000000000001</ele><time>2026-01-24T08:28:47Z</time></trkpt><trkpt lat="22.449563333333337" lon="114.31685166666666"><ele>68.30000000000001</ele><time>2026-01-24T08:28:49Z</time></trkpt><trkpt lat="22.449555" lon="114.31688000000001"><ele>68.80000000000001</ele><time>2026-01-24T08:28:51Z</time></trkpt><trkpt lat="22.449548333333336" lon="114.316905"><ele>69.5</ele><time>2026-01-24T08:28:53Z</time></trkpt><trkpt lat="22.449544999999997" lon="114.31693166666668"><ele>69.80000000000001</ele><time>2026-01-24T08:28:55Z</time></trkpt><trkpt lat="22.449541666666665" lon="114.31695999999998"><ele>70.10000000000001</ele><time>2026-01-24T08:28:57Z</time></trkpt><trkpt lat="22.44953666666667" lon="114.31698833333333"><ele>70.30000000000001</ele><time>2026-01-24T08:28:59Z</time></trkpt><trkpt lat="22.449529999999996" lon="114.31701833333334"><ele>70.5</ele><time>2026-01-24T08:29:01Z</time></trkpt><trkpt lat="22.44952166666667" lon="114.31704333333333"><ele>70.30000000000001</ele><time>2026-01-24T08:29:03Z</time></trkpt><trkpt lat="22.449516666666668" lon="114.31707"><ele>70.30000000000001</ele><time>2026-01-24T08:29:05Z</time></trkpt><trkpt lat="22.449511666666663" lon="114.31709500000001"><ele>70.5</ele><time>2026-01-24T08:29:07Z</time></trkpt><trkpt lat="22.449501666666666" lon="114.31712"><ele>70.60000000000001</ele><time>2026-01-24T08:29:09Z</time></trkpt><trkpt lat="22.44949166666667" lon="114.31714500000001"><ele>70.80000000000001</ele><time>2026-01-24T08:29:11Z</time></trkpt><trkpt lat="22.449481666666664" lon="114.31717333333333"><ele>70.5</ele><time>2026-01-24T08:29:13Z</time></trkpt><trkpt lat="22.449473333333337" lon="114.31719666666667"><ele>70.10000000000001</ele><time>2026-01-24T08:29:15Z</time></trkpt><trkpt lat="22.449471666666668" lon="114.31722333333333"><ele>69.60000000000001</ele><time>2026-01-24T08:29:17Z</time></trkpt><trkpt lat="22.449471666666668" lon="114.31724833333334"><ele>69.0</ele><time>2026-01-24T08:29:19Z</time></trkpt><trkpt lat="22.449469999999998" lon="114.31727500000001"><ele>68.4</ele><time>2026-01-24T08:29:21Z</time></trkpt><trkpt lat="22.449469999999998" lon="114.3173"><ele>67.9</ele><time>2026-01-24T08:29:23Z</time></trkpt><trkpt lat="22.449468333333336" lon="114.31732666666667"><ele>67.60000000000001</ele><time>2026-01-24T08:29:25Z</time></trkpt><trkpt lat="22.449466666666662" lon="114.31735333333333"><ele>67.30000000000001</ele><time>2026-01-24T08:29:27Z</time></trkpt><trkpt lat="22.449458333333336" lon="114.31738333333332"><ele>67.4</ele><time>2026-01-24T08:29:29Z</time></trkpt><trkpt lat="22.449445" lon="114.31740666666668"><ele>67.10000000000001</ele><time>2026-01-24T08:29:31Z</time></trkpt><trkpt lat="22.44943" lon="114.31742666666666"><ele>66.7</ele><time>2026-01-24T08:29:33Z</time></trkpt><trkpt lat="22.44942" lon="114.31744666666667"><ele>66.5</ele><time>2026-01-24T08:29:35Z</time></trkpt><trkpt lat="22.449408333333334" lon="114.31746833333334"><ele>66.2</ele><time>2026-01-24T08:29:37Z</time></trkpt><trkpt lat="22.4494" lon="114.31749166666665"><ele>66.2</ele><time>2026-01-24T08:29:39Z</time></trkpt><trkpt lat="22.449394999999996" lon="114.31751666666666"><ele>66.2</ele><time>2026-01-24T08:29:41Z</time></trkpt><trkpt lat="22.44938666666667" lon="114.31753833333332"><ele>66.10000000000001</ele><time>2026-01-24T08:29:43Z</time></trkpt><trkpt lat="22.449376666666662" lon="114.31756166666668"><ele>65.60000000000001</ele><time>2026-01-24T08:29:45Z</time></trkpt><trkpt lat="22.449368333333336" lon="114.317585"><ele>65.4</ele><time>2026-01-24T08:29:47Z</time></trkpt><trkpt lat="22.449360000000002" lon="114.31760666666666"><ele>64.9</ele><time>2026-01-24T08:29:49Z</time></trkpt><trkpt lat="22.449349999999995" lon="114.31763166666666"><ele>64.4</ele><time>2026-01-24T08:29:51Z</time></trkpt><trkpt lat="22.44934" lon="114.31765500000002"><ele>63.9</ele><time>2026-01-24T08:29:53Z</time></trkpt><trkpt lat="22.449323333333336" lon="114.31768166666667"><ele>63.800000000000004</ele><time>2026-01-24T08:29:55Z</time></trkpt><trkpt lat="22.449308333333338" lon="114.31770499999999"><ele>63.6</ele><time>2026-01-24T08:29:57Z</time></trkpt><trkpt lat="22.44929666666667" lon="114.31772666666666"><ele>63.1</ele><time>2026-01-24T08:29:59Z</time></trkpt><trkpt lat="22.449281666666668" lon="114.31775333333331"><ele>62.9</ele><time>2026-01-24T08:30:01Z</time></trkpt><trkpt lat="22.449268333333332" lon="114.31777333333334"><ele>62.6</ele><time>2026-01-24T08:30:03Z</time></trkpt><trkpt lat="22.449255" lon="114.31779166666665"><ele>62.4</ele><time>2026-01-24T08:30:05Z</time></trkpt><trkpt lat="22.449234999999998" lon="114.31780666666667"><ele>62.0</ele><time>2026-01-24T08:30:07Z</time></trkpt><trkpt lat="22.449213333333333" lon="114.31781666666666"><ele>61.6</ele><time>2026-01-24T08:30:09Z</time></trkpt><trkpt lat="22.44919333333333" lon="114.31783500000002"><ele>61.3</ele><time>2026-01-24T08:30:11Z</time></trkpt><trkpt lat="22.44917666666667" lon="114.31785166666666"><ele>61.0</ele><time>2026-01-24T08:30:13Z</time></trkpt><trkpt lat="22.449155000000005" lon="114.31787000000001"><ele>60.9</ele><time>2026-01-24T08:30:15Z</time></trkpt><trkpt lat="22.449135000000002" lon="114.31788666666668"><ele>61.1</ele><time>2026-01-24T08:30:17Z</time></trkpt><trkpt lat="22.449111666666667" lon="114.31790500000001"><ele>60.8</ele><time>2026-01-24T08:30:19Z</time></trkpt><trkpt lat="22.449088333333332" lon="114.31791999999999"><ele>60.4</ele><time>2026-01-24T08:30:21Z</time></trkpt><trkpt lat="22.44907166666667" lon="114.31793666666665"><ele>60.6</ele><time>2026-01-24T08:30:23Z</time></trkpt><trkpt lat="22.44906" lon="114.31795666666667"><ele>60.5</ele><time>2026-01-24T08:30:25Z</time></trkpt><trkpt lat="22.449054999999998" lon="114.31798666666667"><ele>60.5</ele><time>2026-01-24T08:30:27Z</time></trkpt><trkpt lat="22.449051666666666" lon="114.31801666666667"><ele>60.199999999999996</ele><time>2026-01-24T08:30:29Z</time></trkpt><trkpt lat="22.44904" lon="114.31803833333333"><ele>60.1</ele><time>2026-01-24T08:30:31Z</time></trkpt><trkpt lat="22.449023333333336" lon="114.31805166666666"><ele>59.9</ele><time>2026-01-24T08:30:33Z</time></trkpt><trkpt lat="22.449005000000003" lon="114.31805333333332"><ele>59.699999999999996</ele><time>2026-01-24T08:30:35Z</time></trkpt><trkpt lat="22.44898166666667" lon="114.318055"><ele>59.6</ele><time>2026-01-24T08:30:37Z</time></trkpt><trkpt lat="22.448956666666664" lon="114.318055"><ele>59.5</ele><time>2026-01-24T08:30:39Z</time></trkpt><trkpt lat="22.448930000000004" lon="114.31805833333334"><ele>59.6</ele><time>2026-01-24T08:30:41Z</time></trkpt><trkpt lat="22.448911666666664" lon="114.31807500000001"><ele>59.199999999999996</ele><time>2026-01-24T08:30:43Z</time></trkpt><trkpt lat="22.44889333333333" lon="114.31809999999999"><ele>59.4</ele><time>2026-01-24T08:30:45Z</time></trkpt><trkpt lat="22.44888" lon="114.31811833333335"><ele>59.4</ele><time>2026-01-24T08:30:47Z</time></trkpt><trkpt lat="22.448874999999997" lon="114.31814833333334"><ele>59.199999999999996</ele><time>2026-01-24T08:30:49Z</time></trkpt><trkpt lat="22.448871666666665" lon="114.31818"><ele>59.0</ele><time>2026-01-24T08:30:51Z</time></trkpt><trkpt lat="22.448873333333335" lon="114.31820666666665"><ele>59.199999999999996</ele><time>2026-01-24T08:30:53Z</time></trkpt><trkpt lat="22.448870000000003" lon="114.31823333333332"><ele>59.0</ele><time>2026-01-24T08:30:55Z</time></trkpt><trkpt lat="22.448855000000002" lon="114.31825833333332"><ele>59.0</ele><time>2026-01-24T08:30:57Z</time></trkpt><trkpt lat="22.448843333333336" lon="114.31827999999999"><ele>59.199999999999996</ele><time>2026-01-24T08:30:59Z</time></trkpt><trkpt lat="22.44883333333333" lon="114.31830166666666"><ele>59.6</ele><time>2026-01-24T08:31:01Z</time></trkpt><trkpt lat="22.448826666666665" lon="114.31832666666666"><ele>59.8</ele><time>2026-01-24T08:31:03Z</time></trkpt><trkpt lat="22.448821666666664" lon="114.31835166666666"><ele>59.8</ele><time>2026-01-24T08:31:05Z</time></trkpt><trkpt lat="22.448811666666664" lon="114.31837666666667"><ele>60.0</ele><time>2026-01-24T08:31:07Z</time></trkpt><trkpt lat="22.448805" lon="114.31840166666667"><ele>60.1</ele><time>2026-01-24T08:31:09Z</time></trkpt><trkpt lat="22.448796666666667" lon="114.31842499999999"><ele>60.1</ele><time>2026-01-24T08:31:11Z</time></trkpt><trkpt lat="22.44878833333333" lon="114.31844833333335"><ele>60.3</ele><time>2026-01-24T08:31:13Z</time></trkpt><trkpt lat="22.448781666666665" lon="114.31848"><ele>60.699999999999996</ele><time>2026-01-24T08:31:15Z</time></trkpt><trkpt lat="22.448775" lon="114.31851166666665"><ele>60.9</ele><time>2026-01-24T08:31:17Z</time></trkpt><trkpt lat="22.448775" lon="114.31854166666666"><ele>60.8</ele><time>2026-01-24T08:31:19Z</time></trkpt><trkpt lat="22.448775" lon="114.31857"><ele>60.699999999999996</ele><time>2026-01-24T08:31:21Z</time></trkpt><trkpt lat="22.44877333333333" lon="114.318595"><ele>60.4</ele><time>2026-01-24T08:31:23Z</time></trkpt><trkpt lat="22.44877333333333" lon="114.31862166666666"><ele>60.199999999999996</ele><time>2026-01-24T08:31:25Z</time></trkpt><trkpt lat="22.44877333333333" lon="114.31865"><ele>60.1</ele><time>2026-01-24T08:31:27Z</time></trkpt><trkpt lat="22.448776666666664" lon="114.31867833333332"><ele>60.0</ele><time>2026-01-24T08:31:29Z</time></trkpt><trkpt lat="22.448778333333333" lon="114.31869833333333"><ele>60.0</ele><time>2026-01-24T08:31:31Z</time></trkpt><trkpt lat="22.448780000000003" lon="114.31872"><ele>60.1</ele><time>2026-01-24T08:31:35Z</time></trkpt><trkpt lat="22.448775" lon="114.31874333333332"><ele>59.699999999999996</ele><time>2026-01-24T08:31:37Z</time></trkpt><trkpt lat="22.44877166666667" lon="114.31877000000001"><ele>59.6</ele><time>2026-01-24T08:31:40Z</time></trkpt><trkpt lat="22.448755" lon="114.31879833333332"><ele>59.4</ele><time>2026-01-24T08:31:43Z</time></trkpt><trkpt lat="22.448745" lon="114.31882666666667"><ele>59.4</ele><time>2026-01-24T08:31:45Z</time></trkpt><trkpt lat="22.448738333333335" lon="114.31886000000002"><ele>59.3</ele><time>2026-01-24T08:31:47Z</time></trkpt><trkpt lat="22.448725" lon="114.31889166666666"><ele>59.3</ele><time>2026-01-24T08:31:49Z</time></trkpt><trkpt lat="22.44871" lon="114.31891833333333"><ele>59.199999999999996</ele><time>2026-01-24T08:31:51Z</time></trkpt><trkpt lat="22.44868666666667" lon="114.318935"><ele>59.199999999999996</ele><time>2026-01-24T08:31:53Z</time></trkpt><trkpt lat="22.44867" lon="114.31894833333332"><ele>59.1</ele><time>2026-01-24T08:31:55Z</time></trkpt><trkpt lat="22.448645000000003" lon="114.31896499999999"><ele>59.0</ele><time>2026-01-24T08:31:57Z</time></trkpt><trkpt lat="22.44863" lon="114.31897833333332"><ele>58.9</ele><time>2026-01-24T08:31:59Z</time></trkpt><trkpt lat="22.44861166666667" lon="114.31899999999999"><ele>59.0</ele><time>2026-01-24T08:32:01Z</time></trkpt><trkpt lat="22.44859333333333" lon="114.31902333333333"><ele>59.5</ele><time>2026-01-24T08:32:03Z</time></trkpt><trkpt lat="22.448576666666668" lon="114.319045"><ele>59.3</ele><time>2026-01-24T08:32:05Z</time></trkpt><trkpt lat="22.448558333333335" lon="114.31906833333332"><ele>59.3</ele><time>2026-01-24T08:32:07Z</time></trkpt><trkpt lat="22.448545" lon="114.31909166666668"><ele>59.0</ele><time>2026-01-24T08:32:09Z</time></trkpt><trkpt lat="22.448528333333336" lon="114.31910833333335"><ele>58.6</ele><time>2026-01-24T08:32:11Z</time></trkpt><trkpt lat="22.44851833333333" lon="114.31913333333333"><ele>58.5</ele><time>2026-01-24T08:32:13Z</time></trkpt><trkpt lat="22.44850666666667" lon="114.31915499999998"><ele>58.699999999999996</ele><time>2026-01-24T08:32:15Z</time></trkpt><trkpt lat="22.448495" lon="114.31917666666668"><ele>59.5</ele><time>2026-01-24T08:32:20Z</time></trkpt><trkpt lat="22.448480000000004" lon="114.31919500000001"><ele>59.8</ele><time>2026-01-24T08:32:23Z</time></trkpt><trkpt lat="22.448451666666664" lon="114.31917999999999"><ele>60.0</ele><time>2026-01-24T08:32:25Z</time></trkpt><trkpt lat="22.44843166666667" lon="114.31917"><ele>60.4</ele><time>2026-01-24T08:32:27Z</time></trkpt><trkpt lat="22.44841333333333" lon="114.31917166666666"><ele>61.3</ele><time>2026-01-24T08:32:31Z</time></trkpt><trkpt lat="22.448433333333334" lon="114.31917166666666"><ele>60.699999999999996</ele><time>2026-01-24T08:32:52Z</time></trkpt><trkpt lat="22.448455" lon="114.31918833333333"><ele>60.199999999999996</ele><time>2026-01-24T08:32:54Z</time></trkpt><trkpt lat="22.44847333333333" lon="114.31920833333334"><ele>60.0</ele><time>2026-01-24T08:32:56Z</time></trkpt><trkpt lat="22.448486666666668" lon="114.319225"><ele>59.4</ele><time>2026-01-24T08:32:58Z</time></trkpt><trkpt lat="22.44849333333333" lon="114.31924499999998"><ele>59.1</ele><time>2026-01-24T08:33:00Z</time></trkpt><trkpt lat="22.448505" lon="114.31926"><ele>58.8</ele><time>2026-01-24T08:33:02Z</time></trkpt><trkpt lat="22.448529999999998" lon="114.31928333333332"><ele>60.0</ele><time>2026-01-24T08:33:04Z</time></trkpt><trkpt lat="22.448531666666668" lon="114.31930833333332"><ele>61.4</ele><time>2026-01-24T08:33:07Z</time></trkpt><trkpt lat="22.448514999999997" lon="114.31932666666668"><ele>62.4</ele><time>2026-01-24T08:33:11Z</time></trkpt><trkpt lat="22.448498333333337" lon="114.31933666666667"><ele>65.10000000000001</ele><time>2026-01-24T08:33:17Z</time></trkpt><trkpt lat="22.448478333333334" lon="114.31934500000001"><ele>66.10000000000001</ele><time>2026-01-24T08:33:25Z</time></trkpt><trkpt lat="22.448469999999997" lon="114.31936833333333"><ele>66.10000000000001</ele><time>2026-01-24T08:33:29Z</time></trkpt><trkpt lat="22.448463333333333" lon="114.31938999999998"><ele>64.80000000000001</ele><time>2026-01-24T08:33:37Z</time></trkpt><trkpt lat="22.448478333333334" lon="114.31937333333332"><ele>62.699999999999996</ele><time>2026-01-24T08:33:47Z</time></trkpt><trkpt lat="22.44848833333333" lon="114.31935333333334"><ele>62.9</ele><time>2026-01-24T08:33:51Z</time></trkpt><trkpt lat="22.44850666666667" lon="114.31934666666666"><ele>62.699999999999996</ele><time>2026-01-24T08:33:55Z</time></trkpt><trkpt lat="22.448510000000002" lon="114.31936666666667"><ele>62.6</ele><time>2026-01-24T08:33:58Z</time></trkpt><trkpt lat="22.448516666666666" lon="114.319385"><ele>62.4</ele><time>2026-01-24T08:34:00Z</time></trkpt><trkpt lat="22.448531666666668" lon="114.319405"><ele>62.3</ele><time>2026-01-24T08:34:03Z</time></trkpt><trkpt lat="22.44855" lon="114.31942666666667"><ele>62.199999999999996</ele><time>2026-01-24T08:34:06Z</time></trkpt><trkpt lat="22.44856333333333" lon="114.31945666666667"><ele>62.1</ele><time>2026-01-24T08:34:08Z</time></trkpt><trkpt lat="22.448574999999998" lon="114.31947999999998"><ele>62.0</ele><time>2026-01-24T08:34:10Z</time></trkpt><trkpt lat="22.44858166666667" lon="114.31951"><ele>61.5</ele><time>2026-01-24T08:34:12Z</time></trkpt><trkpt lat="22.44858" lon="114.31953166666666"><ele>60.9</ele><time>2026-01-24T08:34:14Z</time></trkpt><trkpt lat="22.44858" lon="114.31955833333335"><ele>60.6</ele><time>2026-01-24T08:34:16Z</time></trkpt><trkpt lat="22.44857833333333" lon="114.31958333333333"><ele>59.8</ele><time>2026-01-24T08:34:19Z</time></trkpt><trkpt lat="22.448565" lon="114.31959666666668"><ele>59.5</ele><time>2026-01-24T08:34:23Z</time></trkpt><trkpt lat="22.448576666666668" lon="114.31961833333335"><ele>58.9</ele><time>2026-01-24T08:34:32Z</time></trkpt><trkpt lat="22.448595" lon="114.31963499999999"><ele>58.3</ele><time>2026-01-24T08:34:35Z</time></trkpt><trkpt lat="22.44861166666667" lon="114.31965333333333"><ele>57.3</ele><time>2026-01-24T08:34:37Z</time></trkpt><trkpt lat="22.448628333333332" lon="114.31968166666665"><ele>55.8</ele><time>2026-01-24T08:34:39Z</time></trkpt><trkpt lat="22.448635" lon="114.31970000000001"><ele>55.0</ele><time>2026-01-24T08:34:41Z</time></trkpt><trkpt lat="22.44863833333333" lon="114.31972166666668"><ele>54.5</ele><time>2026-01-24T08:34:43Z</time></trkpt><trkpt lat="22.448635" lon="114.319745"><ele>54.0</ele><time>2026-01-24T08:34:46Z</time></trkpt><trkpt lat="22.44862666666667" lon="114.31976333333333"><ele>53.6</ele><time>2026-01-24T08:34:48Z</time></trkpt><trkpt lat="22.44862" lon="114.31978833333332"><ele>53.4</ele><time>2026-01-24T08:34:50Z</time></trkpt><trkpt lat="22.44861166666667" lon="114.31981166666668"><ele>53.1</ele><time>2026-01-24T08:34:52Z</time></trkpt><trkpt lat="22.448603333333335" lon="114.31983166666666"><ele>53.0</ele><time>2026-01-24T08:34:54Z</time></trkpt><trkpt lat="22.448601666666665" lon="114.31986333333334"><ele>52.9</ele><time>2026-01-24T08:34:57Z</time></trkpt><trkpt lat="22.448601666666665" lon="114.31988666666666"><ele>52.9</ele><time>2026-01-24T08:34:59Z</time></trkpt><trkpt lat="22.448601666666665" lon="114.31991166666667"><ele>53.1</ele><time>2026-01-24T08:35:01Z</time></trkpt><trkpt lat="22.448618333333336" lon="114.31992999999999"><ele>54.1</ele><time>2026-01-24T08:35:03Z</time></trkpt><trkpt lat="22.448606666666667" lon="114.319945"><ele>55.9</ele><time>2026-01-24T08:35:06Z</time></trkpt><trkpt lat="22.448601666666665" lon="114.31996499999998"><ele>55.4</ele><time>2026-01-24T08:35:08Z</time></trkpt><trkpt lat="22.448606666666667" lon="114.32000000000001"><ele>55.9</ele><time>2026-01-24T08:35:10Z</time></trkpt><trkpt lat="22.448606666666667" lon="114.32002333333334"><ele>56.199999999999996</ele><time>2026-01-24T08:35:12Z</time></trkpt><trkpt lat="22.44859666666667" lon="114.32004"><ele>56.5</ele><time>2026-01-24T08:35:18Z</time></trkpt><trkpt lat="22.44858" lon="114.32004833333333"><ele>56.4</ele><time>2026-01-24T08:35:22Z</time></trkpt><trkpt lat="22.448561666666667" lon="114.32003166666667"><ele>57.3</ele><time>2026-01-24T08:35:43Z</time></trkpt><trkpt lat="22.44855166666667" lon="114.32001"><ele>57.9</ele><time>2026-01-24T08:35:48Z</time></trkpt><trkpt lat="22.448531666666668" lon="114.31998833333334"><ele>58.1</ele><time>2026-01-24T08:35:51Z</time></trkpt><trkpt lat="22.44851833333333" lon="114.31997166666666"><ele>58.4</ele><time>2026-01-24T08:35:53Z</time></trkpt><trkpt lat="22.448496666666664" lon="114.31995833333333"><ele>58.6</ele><time>2026-01-24T08:35:56Z</time></trkpt><trkpt lat="22.44848833333333" lon="114.31993499999999"><ele>59.199999999999996</ele><time>2026-01-24T08:35:59Z</time></trkpt><trkpt lat="22.44847666666667" lon="114.31990833333333"><ele>60.5</ele><time>2026-01-24T08:36:02Z</time></trkpt><trkpt lat="22.448469999999997" lon="114.31988000000001"><ele>61.5</ele><time>2026-01-24T08:36:04Z</time></trkpt><trkpt lat="22.44846" lon="114.319855"><ele>62.199999999999996</ele><time>2026-01-24T08:36:06Z</time></trkpt><trkpt lat="22.44845" lon="114.31983166666666"><ele>62.6</ele><time>2026-01-24T08:36:08Z</time></trkpt><trkpt lat="22.44843" lon="114.31981499999999"><ele>62.699999999999996</ele><time>2026-01-24T08:36:10Z</time></trkpt><trkpt lat="22.44841" lon="114.31979666666666"><ele>62.6</ele><time>2026-01-24T08:36:12Z</time></trkpt><trkpt lat="22.448394999999998" lon="114.31978499999998"><ele>62.199999999999996</ele><time>2026-01-24T08:36:15Z</time></trkpt><trkpt lat="22.448375000000002" lon="114.31977333333334"><ele>61.8</ele><time>2026-01-24T08:36:18Z</time></trkpt><trkpt lat="22.44836" lon="114.31975833333333"><ele>61.5</ele><time>2026-01-24T08:36:23Z</time></trkpt><trkpt lat="22.44835333333333" lon="114.31973333333332"><ele>61.4</ele><time>2026-01-24T08:36:26Z</time></trkpt><trkpt lat="22.448351666666667" lon="114.31971"><ele>61.0</ele><time>2026-01-24T08:36:28Z</time></trkpt><trkpt lat="22.448349999999998" lon="114.31968833333333"><ele>60.9</ele><time>2026-01-24T08:36:30Z</time></trkpt><trkpt lat="22.448355" lon="114.31966499999999"><ele>60.699999999999996</ele><time>2026-01-24T08:36:32Z</time></trkpt><trkpt lat="22.448349999999998" lon="114.31964"><ele>60.5</ele><time>2026-01-24T08:36:34Z</time></trkpt><trkpt lat="22.448343333333334" lon="114.31962"><ele>60.4</ele><time>2026-01-24T08:36:36Z</time></trkpt><trkpt lat="22.44832333333333" lon="114.31961500000001"><ele>59.9</ele><time>2026-01-24T08:36:38Z</time></trkpt><trkpt lat="22.448298333333334" lon="114.31961000000001"><ele>59.699999999999996</ele><time>2026-01-24T08:36:40Z</time></trkpt><trkpt lat="22.448273333333336" lon="114.31959166666665"><ele>59.4</ele><time>2026-01-24T08:36:42Z</time></trkpt><trkpt lat="22.448253333333334" lon="114.319585"><ele>59.4</ele><time>2026-01-24T08:36:44Z</time></trkpt><trkpt lat="22.44823666666667" lon="114.31957166666668"><ele>60.3</ele><time>2026-01-24T08:36:46Z</time></trkpt><trkpt lat="22.44821833333333" lon="114.31955333333332"><ele>61.1</ele><time>2026-01-24T08:36:48Z</time></trkpt><trkpt lat="22.448198333333334" lon="114.31953666666668"><ele>61.3</ele><time>2026-01-24T08:36:50Z</time></trkpt><trkpt lat="22.44817666666667" lon="114.31952166666666"><ele>61.6</ele><time>2026-01-24T08:36:52Z</time></trkpt><trkpt lat="22.448158333333335" lon="114.31951166666667"><ele>62.0</ele><time>2026-01-24T08:36:54Z</time></trkpt><trkpt lat="22.44813333333333" lon="114.31950833333333"><ele>61.199999999999996</ele><time>2026-01-24T08:37:03Z</time></trkpt><trkpt lat="22.448114999999998" lon="114.31949833333334"><ele>60.9</ele><time>2026-01-24T08:37:05Z</time></trkpt><trkpt lat="22.448096666666668" lon="114.31948166666668"><ele>60.4</ele><time>2026-01-24T08:37:07Z</time></trkpt><trkpt lat="22.448081666666667" lon="114.31946333333332"><ele>60.1</ele><time>2026-01-24T08:37:09Z</time></trkpt><trkpt lat="22.448079999999997" lon="114.31944"><ele>59.3</ele><time>2026-01-24T08:37:15Z</time></trkpt><trkpt lat="22.448083333333336" lon="114.31942"><ele>58.199999999999996</ele><time>2026-01-24T08:37:18Z</time></trkpt><trkpt lat="22.44806" lon="114.31942499999998"><ele>57.5</ele><time>2026-01-24T08:37:22Z</time></trkpt><trkpt lat="22.448033333333335" lon="114.31942666666667"><ele>57.5</ele><time>2026-01-24T08:37:24Z</time></trkpt><trkpt lat="22.448013333333332" lon="114.31942333333333"><ele>57.699999999999996</ele><time>2026-01-24T08:37:26Z</time></trkpt><trkpt lat="22.447995" lon="114.31942499999998"><ele>57.9</ele><time>2026-01-24T08:37:28Z</time></trkpt><trkpt lat="22.447974999999996" lon="114.31942"><ele>58.0</ele><time>2026-01-24T08:37:30Z</time></trkpt><trkpt lat="22.44795166666667" lon="114.31941499999999"><ele>58.0</ele><time>2026-01-24T08:37:33Z</time></trkpt><trkpt lat="22.447928333333333" lon="114.31940666666667"><ele>57.699999999999996</ele><time>2026-01-24T08:37:36Z</time></trkpt><trkpt lat="22.44790666666667" lon="114.31940000000002"><ele>57.3</ele><time>2026-01-24T08:37:39Z</time></trkpt><trkpt lat="22.447875" lon="114.319405"><ele>67.80000000000001</ele><time>2026-01-24T08:38:55Z</time></trkpt><trkpt lat="22.447889999999997" lon="114.31942"><ele>67.7</ele><time>2026-01-24T08:38:58Z</time></trkpt><trkpt lat="22.447915" lon="114.31943333333332"><ele>67.5</ele><time>2026-01-24T08:39:00Z</time></trkpt><trkpt lat="22.44795" lon="114.31944166666666"><ele>67.80000000000001</ele><time>2026-01-24T08:39:02Z</time></trkpt><trkpt lat="22.447974999999996" lon="114.31944666666668"><ele>67.30000000000001</ele><time>2026-01-24T08:39:04Z</time></trkpt><trkpt lat="22.447991666666667" lon="114.31945833333333"><ele>65.80000000000001</ele><time>2026-01-24T08:39:10Z</time></trkpt><trkpt lat="22.448015" lon="114.31946333333332"><ele>65.5</ele><time>2026-01-24T08:39:12Z</time></trkpt><trkpt lat="22.448031666666665" lon="114.31947666666669"><ele>65.2</ele><time>2026-01-24T08:39:14Z</time></trkpt><trkpt lat="22.448055" lon="114.31947833333334"><ele>62.9</ele><time>2026-01-24T08:39:22Z</time></trkpt><trkpt lat="22.448073333333333" lon="114.31948333333334"><ele>61.9</ele><time>2026-01-24T08:39:24Z</time></trkpt><trkpt lat="22.448098333333338" lon="114.319475"><ele>60.1</ele><time>2026-01-24T08:39:27Z</time></trkpt><trkpt lat="22.448120000000003" lon="114.31948666666668"><ele>59.5</ele><time>2026-01-24T08:39:29Z</time></trkpt><trkpt lat="22.448145" lon="114.31950666666668"><ele>59.1</ele><time>2026-01-24T08:39:31Z</time></trkpt><trkpt lat="22.448168333333335" lon="114.31952333333332"><ele>58.4</ele><time>2026-01-24T08:39:33Z</time></trkpt><trkpt lat="22.44818833333333" lon="114.31953999999999"><ele>58.199999999999996</ele><time>2026-01-24T08:39:35Z</time></trkpt><trkpt lat="22.44820666666667" lon="114.31955"><ele>58.6</ele><time>2026-01-24T08:39:37Z</time></trkpt><trkpt lat="22.448226666666663" lon="114.31955833333335"><ele>58.6</ele><time>2026-01-24T08:39:39Z</time></trkpt><trkpt lat="22.448244999999996" lon="114.31957166666668"><ele>58.699999999999996</ele><time>2026-01-24T08:39:41Z</time></trkpt><trkpt lat="22.448259999999998" lon="114.31958333333333"><ele>58.199999999999996</ele><time>2026-01-24T08:39:43Z</time></trkpt><trkpt lat="22.44828" lon="114.3196"><ele>58.0</ele><time>2026-01-24T08:39:45Z</time></trkpt><trkpt lat="22.448301666666666" lon="114.31961000000001"><ele>57.699999999999996</ele><time>2026-01-24T08:39:47Z</time></trkpt><trkpt lat="22.448316666666663" lon="114.31962666666668"><ele>57.6</ele><time>2026-01-24T08:39:49Z</time></trkpt><trkpt lat="22.44832" lon="114.31964666666666"><ele>57.9</ele><time>2026-01-24T08:39:51Z</time></trkpt><trkpt lat="22.44832333333333" lon="114.31966833333333"><ele>58.4</ele><time>2026-01-24T08:39:54Z</time></trkpt><trkpt lat="22.448334999999997" lon="114.31968666666668"><ele>58.6</ele><time>2026-01-24T08:39:57Z</time></trkpt><trkpt lat="22.448346666666666" lon="114.31971"><ele>58.6</ele><time>2026-01-24T08:40:00Z</time></trkpt><trkpt lat="22.44836" lon="114.31972666666667"><ele>58.6</ele><time>2026-01-24T08:40:02Z</time></trkpt><trkpt lat="22.448376666666665" lon="114.31974166666666"><ele>58.4</ele><time>2026-01-24T08:40:04Z</time></trkpt><trkpt lat="22.448390000000003" lon="114.31976166666666"><ele>58.199999999999996</ele><time>2026-01-24T08:40:06Z</time></trkpt><trkpt lat="22.44841666666667" lon="114.31977333333334"><ele>58.1</ele><time>2026-01-24T08:40:08Z</time></trkpt><trkpt lat="22.44844833333333" lon="114.31978"><ele>57.699999999999996</ele><time>2026-01-24T08:40:10Z</time></trkpt><trkpt lat="22.44846166666667" lon="114.31979666666666"><ele>57.199999999999996</ele><time>2026-01-24T08:40:12Z</time></trkpt><trkpt lat="22.448469999999997" lon="114.31982166666667"><ele>57.0</ele><time>2026-01-24T08:40:14Z</time></trkpt><trkpt lat="22.448478333333334" lon="114.31985333333333"><ele>56.9</ele><time>2026-01-24T08:40:16Z</time></trkpt><trkpt lat="22.448483333333336" lon="114.31987666666667"><ele>56.8</ele><time>2026-01-24T08:40:18Z</time></trkpt><trkpt lat="22.44849166666667" lon="114.31990333333333"><ele>56.199999999999996</ele><time>2026-01-24T08:40:20Z</time></trkpt><trkpt lat="22.448498333333337" lon="114.31992333333334"><ele>55.8</ele><time>2026-01-24T08:40:22Z</time></trkpt><trkpt lat="22.448510000000002" lon="114.31994666666667"><ele>55.3</ele><time>2026-01-24T08:40:24Z</time></trkpt><trkpt lat="22.448528333333336" lon="114.31997833333335"><ele>55.1</ele><time>2026-01-24T08:40:26Z</time></trkpt><trkpt lat="22.448556666666665" lon="114.31999666666667"><ele>55.1</ele><time>2026-01-24T08:40:28Z</time></trkpt><trkpt lat="22.448574999999998" lon="114.32001333333334"><ele>55.9</ele><time>2026-01-24T08:40:30Z</time></trkpt><trkpt lat="22.448586666666664" lon="114.32003833333334"><ele>56.8</ele><time>2026-01-24T08:40:32Z</time></trkpt><trkpt lat="22.448601666666665" lon="114.32005499999998"><ele>56.0</ele><time>2026-01-24T08:40:34Z</time></trkpt><trkpt lat="22.44860833333333" lon="114.32007833333334"><ele>55.8</ele><time>2026-01-24T08:40:37Z</time></trkpt><trkpt lat="22.448616666666666" lon="114.32009833333335"><ele>55.0</ele><time>2026-01-24T08:40:39Z</time></trkpt><trkpt lat="22.448621666666668" lon="114.32012333333333"><ele>54.5</ele><time>2026-01-24T08:40:41Z</time></trkpt><trkpt lat="22.448631666666664" lon="114.32014666666667"><ele>54.4</ele><time>2026-01-24T08:40:43Z</time></trkpt><trkpt lat="22.448643333333333" lon="114.32017333333333"><ele>54.1</ele><time>2026-01-24T08:40:45Z</time></trkpt><trkpt lat="22.448656666666672" lon="114.32021333333333"><ele>54.5</ele><time>2026-01-24T08:40:47Z</time></trkpt><trkpt lat="22.448673333333332" lon="114.32023499999998"><ele>55.4</ele><time>2026-01-24T08:40:49Z</time></trkpt><trkpt lat="22.44869833333333" lon="114.32024666666666"><ele>55.699999999999996</ele><time>2026-01-24T08:40:51Z</time></trkpt><trkpt lat="22.448725" lon="114.320255"><ele>56.199999999999996</ele><time>2026-01-24T08:40:53Z</time></trkpt><trkpt lat="22.448751666666666" lon="114.32025166666666"><ele>56.4</ele><time>2026-01-24T08:40:56Z</time></trkpt><trkpt lat="22.44877" lon="114.32026333333333"><ele>56.199999999999996</ele><time>2026-01-24T08:40:58Z</time></trkpt><trkpt lat="22.448784999999997" lon="114.32028166666666"><ele>56.0</ele><time>2026-01-24T08:41:00Z</time></trkpt><trkpt lat="22.448795000000004" lon="114.320305"><ele>55.4</ele><time>2026-01-24T08:41:02Z</time></trkpt><trkpt lat="22.448796666666667" lon="114.32032666666667"><ele>55.0</ele><time>2026-01-24T08:41:04Z</time></trkpt><trkpt lat="22.448806666666663" lon="114.32034666666665"><ele>54.5</ele><time>2026-01-24T08:41:06Z</time></trkpt><trkpt lat="22.448811666666664" lon="114.32036666666666"><ele>54.1</ele><time>2026-01-24T08:41:08Z</time></trkpt><trkpt lat="22.448823333333333" lon="114.32038333333334"><ele>53.8</ele><time>2026-01-24T08:41:10Z</time></trkpt><trkpt lat="22.448835" lon="114.32039833333334"><ele>53.8</ele><time>2026-01-24T08:41:12Z</time></trkpt><trkpt lat="22.448851666666663" lon="114.32042000000001"><ele>53.699999999999996</ele><time>2026-01-24T08:41:14Z</time></trkpt><trkpt lat="22.448865" lon="114.32045500000001"><ele>53.9</ele><time>2026-01-24T08:41:16Z</time></trkpt><trkpt lat="22.448873333333335" lon="114.32048833333334"><ele>54.199999999999996</ele><time>2026-01-24T08:41:18Z</time></trkpt><trkpt lat="22.448876666666667" lon="114.32051333333332"><ele>54.1</ele><time>2026-01-24T08:41:20Z</time></trkpt><trkpt lat="22.44888166666666" lon="114.32054833333335"><ele>53.699999999999996</ele><time>2026-01-24T08:41:22Z</time></trkpt><trkpt lat="22.44887833333333" lon="114.32058166666665"><ele>53.5</ele><time>2026-01-24T08:41:24Z</time></trkpt><trkpt lat="22.44887833333333" lon="114.32060666666666"><ele>52.699999999999996</ele><time>2026-01-24T08:41:26Z</time></trkpt><trkpt lat="22.44888166666666" lon="114.32063166666667"><ele>52.0</ele><time>2026-01-24T08:41:29Z</time></trkpt><trkpt lat="22.448885000000004" lon="114.32066166666667"><ele>51.9</ele><time>2026-01-24T08:41:32Z</time></trkpt><trkpt lat="22.448885000000004" lon="114.32068833333332"><ele>51.8</ele><time>2026-01-24T08:41:34Z</time></trkpt><trkpt lat="22.448886666666667" lon="114.32071666666667"><ele>51.9</ele><time>2026-01-24T08:41:36Z</time></trkpt><trkpt lat="22.448900000000002" lon="114.32074499999999"><ele>52.199999999999996</ele><time>2026-01-24T08:41:38Z</time></trkpt><trkpt lat="22.448915000000003" lon="114.32077333333334"><ele>52.4</ele><time>2026-01-24T08:41:40Z</time></trkpt><trkpt lat="22.44893833333333" lon="114.32079999999999"><ele>52.6</ele><time>2026-01-24T08:41:42Z</time></trkpt><trkpt lat="22.448956666666664" lon="114.32081666666666"><ele>52.3</ele><time>2026-01-24T08:41:44Z</time></trkpt><trkpt lat="22.44897" lon="114.32082999999999"><ele>51.9</ele><time>2026-01-24T08:41:46Z</time></trkpt><trkpt lat="22.448988333333332" lon="114.32084166666667"><ele>51.5</ele><time>2026-01-24T08:41:48Z</time></trkpt><trkpt lat="22.449011666666667" lon="114.32085166666666"><ele>51.0</ele><time>2026-01-24T08:41:51Z</time></trkpt><trkpt lat="22.44902833333333" lon="114.32086166666667"><ele>50.4</ele><time>2026-01-24T08:41:53Z</time></trkpt><trkpt lat="22.449051666666666" lon="114.32088166666666"><ele>50.1</ele><time>2026-01-24T08:41:55Z</time></trkpt><trkpt lat="22.449075" lon="114.32090333333332"><ele>50.0</ele><time>2026-01-24T08:41:57Z</time></trkpt><trkpt lat="22.44909" lon="114.32091666666665"><ele>50.0</ele><time>2026-01-24T08:41:58Z</time></trkpt><trkpt lat="22.449115" lon="114.32092833333333"><ele>50.4</ele><time>2026-01-24T08:42:00Z</time></trkpt><trkpt lat="22.449135000000002" lon="114.320935"><ele>51.0</ele><time>2026-01-24T08:42:02Z</time></trkpt><trkpt lat="22.449153333333335" lon="114.32095166666667"><ele>50.9</ele><time>2026-01-24T08:42:04Z</time></trkpt><trkpt lat="22.449180000000002" lon="114.32096833333331"><ele>51.0</ele><time>2026-01-24T08:42:06Z</time></trkpt><trkpt lat="22.44920666666667" lon="114.32097999999999"><ele>51.6</ele><time>2026-01-24T08:42:08Z</time></trkpt><trkpt lat="22.44922" lon="114.32099500000001"><ele>50.6</ele><time>2026-01-24T08:42:10Z</time></trkpt><trkpt lat="22.449244999999998" lon="114.32099500000001"><ele>50.6</ele><time>2026-01-24T08:42:12Z</time></trkpt><trkpt lat="22.449268333333332" lon="114.32098666666667"><ele>50.6</ele><time>2026-01-24T08:42:14Z</time></trkpt><trkpt lat="22.449293333333337" lon="114.32097833333334"><ele>50.699999999999996</ele><time>2026-01-24T08:42:17Z</time></trkpt><trkpt lat="22.449316666666665" lon="114.320975"><ele>50.699999999999996</ele><time>2026-01-24T08:42:19Z</time></trkpt><trkpt lat="22.449338333333337" lon="114.32097333333334"><ele>51.0</ele><time>2026-01-24T08:42:21Z</time></trkpt><trkpt lat="22.44935666666667" lon="114.32097333333334"><ele>51.3</ele><time>2026-01-24T08:42:23Z</time></trkpt><trkpt lat="22.449379999999998" lon="114.32097333333334"><ele>51.5</ele><time>2026-01-24T08:42:25Z</time></trkpt><trkpt lat="22.44940166666667" lon="114.32096666666666"><ele>51.699999999999996</ele><time>2026-01-24T08:42:27Z</time></trkpt><trkpt lat="22.449426666666668" lon="114.32095833333332"><ele>51.4</ele><time>2026-01-24T08:42:29Z</time></trkpt><trkpt lat="22.449451666666665" lon="114.32095333333334"><ele>51.199999999999996</ele><time>2026-01-24T08:42:31Z</time></trkpt><trkpt lat="22.44947666666667" lon="114.32094000000001"><ele>51.5</ele><time>2026-01-24T08:42:33Z</time></trkpt><trkpt lat="22.449499999999997" lon="114.32093166666667"><ele>51.8</ele><time>2026-01-24T08:42:35Z</time></trkpt><trkpt lat="22.44952166666667" lon="114.32092833333333"><ele>52.3</ele><time>2026-01-24T08:42:37Z</time></trkpt><trkpt lat="22.449543333333335" lon="114.32092833333333"><ele>52.3</ele><time>2026-01-24T08:42:39Z</time></trkpt><trkpt lat="22.44956666666667" lon="114.32092833333333"><ele>52.699999999999996</ele><time>2026-01-24T08:42:41Z</time></trkpt><trkpt lat="22.449596666666668" lon="114.32092499999999"><ele>53.0</ele><time>2026-01-24T08:42:43Z</time></trkpt><trkpt lat="22.449619999999996" lon="114.32093000000002"><ele>53.1</ele><time>2026-01-24T08:42:45Z</time></trkpt><trkpt lat="22.44964166666667" lon="114.32094333333335"><ele>53.199999999999996</ele><time>2026-01-24T08:42:47Z</time></trkpt><trkpt lat="22.449663333333334" lon="114.32095166666667"><ele>53.4</ele><time>2026-01-24T08:42:49Z</time></trkpt><trkpt lat="22.449678333333335" lon="114.32096833333331"><ele>53.5</ele><time>2026-01-24T08:42:51Z</time></trkpt><trkpt lat="22.449695" lon="114.32098333333333"><ele>53.4</ele><time>2026-01-24T08:42:53Z</time></trkpt><trkpt lat="22.449711666666666" lon="114.32099166666667"><ele>53.699999999999996</ele><time>2026-01-24T08:42:55Z</time></trkpt><trkpt lat="22.449728333333336" lon="114.32100333333334"><ele>54.199999999999996</ele><time>2026-01-24T08:42:57Z</time></trkpt><trkpt lat="22.44974666666667" lon="114.32100833333334"><ele>54.199999999999996</ele><time>2026-01-24T08:42:59Z</time></trkpt><trkpt lat="22.44977333333333" lon="114.32102833333332"><ele>54.3</ele><time>2026-01-24T08:43:01Z</time></trkpt><trkpt lat="22.449796666666664" lon="114.32104"><ele>54.5</ele><time>2026-01-24T08:43:03Z</time></trkpt><trkpt lat="22.449825" lon="114.32105000000001"><ele>54.3</ele><time>2026-01-24T08:43:05Z</time></trkpt><trkpt lat="22.44984833333333" lon="114.32105000000001"><ele>54.3</ele><time>2026-01-24T08:43:07Z</time></trkpt><trkpt lat="22.44988166666667" lon="114.32106166666667"><ele>54.9</ele><time>2026-01-24T08:43:09Z</time></trkpt><trkpt lat="22.44991166666667" lon="114.32107166666668"><ele>55.4</ele><time>2026-01-24T08:43:11Z</time></trkpt><trkpt lat="22.44993833333333" lon="114.32108000000001"><ele>55.699999999999996</ele><time>2026-01-24T08:43:13Z</time></trkpt><trkpt lat="22.44996833333333" lon="114.32109"><ele>55.9</ele><time>2026-01-24T08:43:15Z</time></trkpt><trkpt lat="22.449991666666666" lon="114.32109833333334"><ele>56.3</ele><time>2026-01-24T08:43:17Z</time></trkpt><trkpt lat="22.450015" lon="114.32111000000002"><ele>56.699999999999996</ele><time>2026-01-24T08:43:19Z</time></trkpt><trkpt lat="22.450036666666666" lon="114.32112000000001"><ele>57.3</ele><time>2026-01-24T08:43:21Z</time></trkpt><trkpt lat="22.45005833333333" lon="114.32113"><ele>57.3</ele><time>2026-01-24T08:43:23Z</time></trkpt><trkpt lat="22.450078333333334" lon="114.32114000000001"><ele>56.8</ele><time>2026-01-24T08:43:25Z</time></trkpt><trkpt lat="22.4501" lon="114.32115166666667"><ele>56.699999999999996</ele><time>2026-01-24T08:43:27Z</time></trkpt><trkpt lat="22.450125000000003" lon="114.32115999999999"><ele>56.699999999999996</ele><time>2026-01-24T08:43:29Z</time></trkpt><trkpt lat="22.45014666666667" lon="114.32117000000001"><ele>56.8</ele><time>2026-01-24T08:43:31Z</time></trkpt><trkpt lat="22.450170000000004" lon="114.32118166666666"><ele>56.5</ele><time>2026-01-24T08:43:33Z</time></trkpt><trkpt lat="22.45019333333333" lon="114.32119333333334"><ele>56.699999999999996</ele><time>2026-01-24T08:43:35Z</time></trkpt><trkpt lat="22.450215000000004" lon="114.32121000000001"><ele>56.4</ele><time>2026-01-24T08:43:37Z</time></trkpt><trkpt lat="22.450233333333337" lon="114.32122166666667"><ele>55.8</ele><time>2026-01-24T08:43:40Z</time></trkpt><trkpt lat="22.450213333333334" lon="114.321205"><ele>55.5</ele><time>2026-01-24T08:43:43Z</time></trkpt><trkpt lat="22.450188333333337" lon="114.32119833333333"><ele>54.699999999999996</ele><time>2026-01-24T08:43:45Z</time></trkpt><trkpt lat="22.450170000000004" lon="114.32118999999999"><ele>54.1</ele><time>2026-01-24T08:43:50Z</time></trkpt><trkpt lat="22.450188333333337" lon="114.32118"><ele>53.9</ele><time>2026-01-24T08:43:56Z</time></trkpt><trkpt lat="22.450201666666665" lon="114.32115833333334"><ele>53.5</ele><time>2026-01-24T08:44:00Z</time></trkpt><trkpt lat="22.45022333333333" lon="114.32113833333332"><ele>53.8</ele><time>2026-01-24T08:44:03Z</time></trkpt><trkpt lat="22.45024" lon="114.32112333333335"><ele>53.699999999999996</ele><time>2026-01-24T08:44:05Z</time></trkpt><trkpt lat="22.450251666666666" lon="114.32110833333333"><ele>53.8</ele><time>2026-01-24T08:44:07Z</time></trkpt><trkpt lat="22.450261666666666" lon="114.32108500000001"><ele>54.1</ele><time>2026-01-24T08:44:10Z</time></trkpt><trkpt lat="22.45025666666667" lon="114.32106333333334"><ele>54.1</ele><time>2026-01-24T08:44:19Z</time></trkpt><trkpt lat="22.450264999999998" lon="114.32113666666667"><ele>53.699999999999996</ele><time>2026-01-24T08:44:51Z</time></trkpt><trkpt lat="22.450221666666668" lon="114.32117666666666"><ele>54.3</ele><time>2026-01-24T08:45:02Z</time></trkpt><trkpt lat="22.45024" lon="114.32119833333333"><ele>55.9</ele><time>2026-01-24T08:45:08Z</time></trkpt><trkpt lat="22.450258333333334" lon="114.32121666666666"><ele>56.1</ele><time>2026-01-24T08:45:10Z</time></trkpt><trkpt lat="22.45028333333333" lon="114.32123333333332"><ele>56.1</ele><time>2026-01-24T08:45:12Z</time></trkpt><trkpt lat="22.450301666666665" lon="114.321255"><ele>56.6</ele><time>2026-01-24T08:45:14Z</time></trkpt><trkpt lat="22.45031333333333" lon="114.32127666666665"><ele>56.9</ele><time>2026-01-24T08:45:16Z</time></trkpt><trkpt lat="22.45032666666667" lon="114.32129333333333"><ele>58.1</ele><time>2026-01-24T08:45:18Z</time></trkpt><trkpt lat="22.450341666666667" lon="114.32131166666667"><ele>58.4</ele><time>2026-01-24T08:45:20Z</time></trkpt><trkpt lat="22.450355" lon="114.32133666666665"><ele>59.4</ele><time>2026-01-24T08:45:23Z</time></trkpt><trkpt lat="22.450366666666664" lon="114.32135166666667"><ele>59.3</ele><time>2026-01-24T08:45:25Z</time></trkpt><trkpt lat="22.450378333333333" lon="114.32137166666668"><ele>59.4</ele><time>2026-01-24T08:45:27Z</time></trkpt><trkpt lat="22.450386666666667" lon="114.32139666666666"><ele>59.6</ele><time>2026-01-24T08:45:29Z</time></trkpt><trkpt lat="22.4504" lon="114.32141333333333"><ele>59.6</ele><time>2026-01-24T08:45:31Z</time></trkpt><trkpt lat="22.450411666666664" lon="114.32143333333333"><ele>59.199999999999996</ele><time>2026-01-24T08:45:33Z</time></trkpt><trkpt lat="22.450426666666665" lon="114.32144500000001"><ele>59.199999999999996</ele><time>2026-01-24T08:45:35Z</time></trkpt><trkpt lat="22.450445" lon="114.32145333333334"><ele>59.1</ele><time>2026-01-24T08:45:37Z</time></trkpt><trkpt lat="22.45046" lon="114.32146499999999"><ele>59.0</ele><time>2026-01-24T08:45:39Z</time></trkpt><trkpt lat="22.450481666666665" lon="114.32148000000001"><ele>58.8</ele><time>2026-01-24T08:45:41Z</time></trkpt><trkpt lat="22.450501666666664" lon="114.32150166666666"><ele>58.3</ele><time>2026-01-24T08:45:43Z</time></trkpt><trkpt lat="22.450516666666665" lon="114.32152833333333"><ele>58.0</ele><time>2026-01-24T08:45:45Z</time></trkpt><trkpt lat="22.450531666666667" lon="114.32156000000002"><ele>57.5</ele><time>2026-01-24T08:45:47Z</time></trkpt><trkpt lat="22.450553333333332" lon="114.32158"><ele>57.199999999999996</ele><time>2026-01-24T08:45:49Z</time></trkpt><trkpt lat="22.450573333333335" lon="114.3216"><ele>57.0</ele><time>2026-01-24T08:45:51Z</time></trkpt><trkpt lat="22.450595" lon="114.32162000000001"><ele>57.0</ele><time>2026-01-24T08:45:53Z</time></trkpt><trkpt lat="22.450611666666667" lon="114.32163999999999"><ele>56.9</ele><time>2026-01-24T08:45:55Z</time></trkpt><trkpt lat="22.450623333333336" lon="114.32166000000001"><ele>56.9</ele><time>2026-01-24T08:45:57Z</time></trkpt><trkpt lat="22.45063" lon="114.32167833333332"><ele>56.9</ele><time>2026-01-24T08:45:59Z</time></trkpt><trkpt lat="22.45064" lon="114.32169666666665"><ele>56.699999999999996</ele><time>2026-01-24T08:46:01Z</time></trkpt><trkpt lat="22.450650000000003" lon="114.32171833333332"><ele>56.699999999999996</ele><time>2026-01-24T08:46:03Z</time></trkpt><trkpt lat="22.45067" lon="114.32173499999999"><ele>56.6</ele><time>2026-01-24T08:46:05Z</time></trkpt><trkpt lat="22.450693333333334" lon="114.321755"><ele>56.699999999999996</ele><time>2026-01-24T08:46:07Z</time></trkpt><trkpt lat="22.450711666666667" lon="114.32177500000002"><ele>56.699999999999996</ele><time>2026-01-24T08:46:09Z</time></trkpt><trkpt lat="22.450726666666664" lon="114.321795"><ele>56.4</ele><time>2026-01-24T08:46:11Z</time></trkpt><trkpt lat="22.450741666666666" lon="114.32181666666665"><ele>55.9</ele><time>2026-01-24T08:46:13Z</time></trkpt><trkpt lat="22.45076" lon="114.32183666666667"><ele>55.4</ele><time>2026-01-24T08:46:15Z</time></trkpt><trkpt lat="22.450778333333332" lon="114.32185333333334"><ele>55.1</ele><time>2026-01-24T08:46:17Z</time></trkpt><trkpt lat="22.450796666666665" lon="114.32186833333331"><ele>54.8</ele><time>2026-01-24T08:46:19Z</time></trkpt><trkpt lat="22.450813333333333" lon="114.32188833333333"><ele>54.5</ele><time>2026-01-24T08:46:21Z</time></trkpt><trkpt lat="22.450828333333334" lon="114.32191166666668"><ele>54.0</ele><time>2026-01-24T08:46:24Z</time></trkpt><trkpt lat="22.45083833333333" lon="114.32193000000001"><ele>54.0</ele><time>2026-01-24T08:46:26Z</time></trkpt><trkpt lat="22.45085" lon="114.32194833333332"><ele>54.0</ele><time>2026-01-24T08:46:28Z</time></trkpt><trkpt lat="22.450863333333338" lon="114.32197"><ele>54.1</ele><time>2026-01-24T08:46:30Z</time></trkpt><trkpt lat="22.450879999999998" lon="114.32199166666666"><ele>54.3</ele><time>2026-01-24T08:46:33Z</time></trkpt><trkpt lat="22.45089666666667" lon="114.32201500000001"><ele>54.8</ele><time>2026-01-24T08:46:36Z</time></trkpt><trkpt lat="22.450915000000002" lon="114.32202833333334"><ele>54.8</ele><time>2026-01-24T08:46:38Z</time></trkpt><trkpt lat="22.450930000000003" lon="114.32204500000002"><ele>55.0</ele><time>2026-01-24T08:46:40Z</time></trkpt><trkpt lat="22.450946666666663" lon="114.32206666666667"><ele>55.5</ele><time>2026-01-24T08:46:43Z</time></trkpt><trkpt lat="22.450964999999997" lon="114.32205"><ele>57.1</ele><time>2026-01-24T08:46:56Z</time></trkpt><trkpt lat="22.450983333333337" lon="114.32206666666667"><ele>57.199999999999996</ele><time>2026-01-24T08:46:59Z</time></trkpt><trkpt lat="22.450994999999995" lon="114.32209166666668"><ele>57.3</ele><time>2026-01-24T08:47:01Z</time></trkpt><trkpt lat="22.451013333333336" lon="114.32211833333334"><ele>57.199999999999996</ele><time>2026-01-24T08:47:03Z</time></trkpt><trkpt lat="22.451028333333337" lon="114.32213833333331"><ele>56.6</ele><time>2026-01-24T08:47:05Z</time></trkpt><trkpt lat="22.451045" lon="114.32214833333335"><ele>55.9</ele><time>2026-01-24T08:47:07Z</time></trkpt><trkpt lat="22.451061666666668" lon="114.32216500000001"><ele>55.199999999999996</ele><time>2026-01-24T08:47:09Z</time></trkpt><trkpt lat="22.451081666666663" lon="114.32218666666668"><ele>54.8</ele><time>2026-01-24T08:47:11Z</time></trkpt><trkpt lat="22.451106666666668" lon="114.322205"><ele>54.3</ele><time>2026-01-24T08:47:13Z</time></trkpt><trkpt lat="22.451126666666664" lon="114.32222166666666"><ele>54.4</ele><time>2026-01-24T08:47:15Z</time></trkpt><trkpt lat="22.451148333333336" lon="114.32224"><ele>54.5</ele><time>2026-01-24T08:47:17Z</time></trkpt><trkpt lat="22.45116833333333" lon="114.32225500000001"><ele>54.6</ele><time>2026-01-24T08:47:19Z</time></trkpt><trkpt lat="22.451186666666665" lon="114.32226999999999"><ele>54.6</ele><time>2026-01-24T08:47:21Z</time></trkpt><trkpt lat="22.451203333333336" lon="114.32228333333333"><ele>54.3</ele><time>2026-01-24T08:47:23Z</time></trkpt><trkpt lat="22.451219999999996" lon="114.32229666666666"><ele>54.4</ele><time>2026-01-24T08:47:25Z</time></trkpt><trkpt lat="22.451238333333336" lon="114.32231333333333"><ele>54.5</ele><time>2026-01-24T08:47:27Z</time></trkpt><trkpt lat="22.45125666666667" lon="114.32232833333335"><ele>54.3</ele><time>2026-01-24T08:47:29Z</time></trkpt><trkpt lat="22.451275000000003" lon="114.32234666666666"><ele>54.0</ele><time>2026-01-24T08:47:31Z</time></trkpt><trkpt lat="22.451291666666666" lon="114.32236499999999"><ele>53.9</ele><time>2026-01-24T08:47:33Z</time></trkpt><trkpt lat="22.451308333333333" lon="114.32238166666666"><ele>54.1</ele><time>2026-01-24T08:47:35Z</time></trkpt><trkpt lat="22.451321666666665" lon="114.32239999999999"><ele>54.199999999999996</ele><time>2026-01-24T08:47:37Z</time></trkpt><trkpt lat="22.451335000000004" lon="114.32242166666668"><ele>53.8</ele><time>2026-01-24T08:47:39Z</time></trkpt><trkpt lat="22.45135" lon="114.32244166666666"><ele>53.8</ele><time>2026-01-24T08:47:41Z</time></trkpt><trkpt lat="22.451356666666666" lon="114.32246333333333"><ele>53.8</ele><time>2026-01-24T08:47:43Z</time></trkpt><trkpt lat="22.451365000000003" lon="114.32248333333334"><ele>53.8</ele><time>2026-01-24T08:47:45Z</time></trkpt><trkpt lat="22.45137833333333" lon="114.32250666666665"><ele>53.9</ele><time>2026-01-24T08:47:47Z</time></trkpt><trkpt lat="22.45138833333333" lon="114.32253"><ele>53.9</ele><time>2026-01-24T08:47:49Z</time></trkpt><trkpt lat="22.45139166666667" lon="114.32255166666667"><ele>54.3</ele><time>2026-01-24T08:47:52Z</time></trkpt><trkpt lat="22.451385" lon="114.32257333333334"><ele>54.699999999999996</ele><time>2026-01-24T08:47:54Z</time></trkpt><trkpt lat="22.451399999999996" lon="114.32259666666666"><ele>54.8</ele><time>2026-01-24T08:48:02Z</time></trkpt><trkpt lat="22.45142" lon="114.32261333333332"><ele>54.9</ele><time>2026-01-24T08:48:04Z</time></trkpt><trkpt lat="22.451435" lon="114.32263499999999"><ele>55.1</ele><time>2026-01-24T08:48:06Z</time></trkpt><trkpt lat="22.451448333333328" lon="114.322655"><ele>55.199999999999996</ele><time>2026-01-24T08:48:08Z</time></trkpt><trkpt lat="22.45146333333333" lon="114.32268"><ele>55.1</ele><time>2026-01-24T08:48:10Z</time></trkpt><trkpt lat="22.451471666666666" lon="114.32270333333332"><ele>55.0</ele><time>2026-01-24T08:48:12Z</time></trkpt><trkpt lat="22.451476666666668" lon="114.32272833333333"><ele>55.1</ele><time>2026-01-24T08:48:14Z</time></trkpt><trkpt lat="22.45147833333333" lon="114.32275333333334"><ele>55.6</ele><time>2026-01-24T08:48:16Z</time></trkpt><trkpt lat="22.45148166666667" lon="114.32277500000001"><ele>55.9</ele><time>2026-01-24T08:48:18Z</time></trkpt><trkpt lat="22.451486666666664" lon="114.32280166666666"><ele>56.199999999999996</ele><time>2026-01-24T08:48:21Z</time></trkpt><trkpt lat="22.45149666666667" lon="114.32282500000001"><ele>56.4</ele><time>2026-01-24T08:48:24Z</time></trkpt><trkpt lat="22.451503333333335" lon="114.32284333333334"><ele>56.6</ele><time>2026-01-24T08:48:26Z</time></trkpt><trkpt lat="22.451515000000004" lon="114.32286"><ele>57.199999999999996</ele><time>2026-01-24T08:48:28Z</time></trkpt><trkpt lat="22.451534999999996" lon="114.322875"><ele>58.1</ele><time>2026-01-24T08:48:31Z</time></trkpt><trkpt lat="22.451548333333335" lon="114.32289333333334"><ele>58.5</ele><time>2026-01-24T08:48:34Z</time></trkpt><trkpt lat="22.451560000000004" lon="114.32291"><ele>58.9</ele><time>2026-01-24T08:48:36Z</time></trkpt><trkpt lat="22.451573333333332" lon="114.32293"><ele>59.4</ele><time>2026-01-24T08:48:38Z</time></trkpt><trkpt lat="22.45158666666667" lon="114.32294500000002"><ele>60.1</ele><time>2026-01-24T08:48:40Z</time></trkpt><trkpt lat="22.45159833333333" lon="114.32296166666666"><ele>60.5</ele><time>2026-01-24T08:48:42Z</time></trkpt><trkpt lat="22.45161333333333" lon="114.32298166666666"><ele>60.5</ele><time>2026-01-24T08:48:44Z</time></trkpt><trkpt lat="22.45163166666667" lon="114.32299666666668"><ele>60.5</ele><time>2026-01-24T08:48:46Z</time></trkpt><trkpt lat="22.451645" lon="114.32301000000001"><ele>60.4</ele><time>2026-01-24T08:48:48Z</time></trkpt><trkpt lat="22.451665000000002" lon="114.32302833333333"><ele>60.1</ele><time>2026-01-24T08:48:51Z</time></trkpt><trkpt lat="22.451678333333334" lon="114.32304333333335"><ele>59.9</ele><time>2026-01-24T08:48:53Z</time></trkpt><trkpt lat="22.451698333333336" lon="114.32305333333333"><ele>59.6</ele><time>2026-01-24T08:48:56Z</time></trkpt><trkpt lat="22.451716666666666" lon="114.32306333333332"><ele>59.6</ele><time>2026-01-24T08:48:58Z</time></trkpt><trkpt lat="22.45173333333333" lon="114.32307666666665"><ele>59.5</ele><time>2026-01-24T08:49:00Z</time></trkpt><trkpt lat="22.45175" lon="114.32308499999999"><ele>59.4</ele><time>2026-01-24T08:49:02Z</time></trkpt><trkpt lat="22.451756666666665" lon="114.32311499999999"><ele>58.3</ele><time>2026-01-24T08:49:08Z</time></trkpt><trkpt lat="22.451753333333333" lon="114.32313666666666"><ele>58.8</ele><time>2026-01-24T08:49:12Z</time></trkpt><trkpt lat="22.45176666666667" lon="114.32315166666667"><ele>59.199999999999996</ele><time>2026-01-24T08:49:16Z</time></trkpt><trkpt lat="22.451786666666667" lon="114.32316166666666"><ele>59.4</ele><time>2026-01-24T08:49:18Z</time></trkpt><trkpt lat="22.451806666666666" lon="114.32316833333334"><ele>59.199999999999996</ele><time>2026-01-24T08:49:20Z</time></trkpt><trkpt lat="22.451833333333337" lon="114.32317666666668"><ele>58.6</ele><time>2026-01-24T08:49:22Z</time></trkpt><trkpt lat="22.451855000000002" lon="114.32318833333332"><ele>58.699999999999996</ele><time>2026-01-24T08:49:24Z</time></trkpt><trkpt lat="22.45188" lon="114.323195"><ele>58.0</ele><time>2026-01-24T08:49:26Z</time></trkpt><trkpt lat="22.451900000000002" lon="114.32320499999999"><ele>57.9</ele><time>2026-01-24T08:49:28Z</time></trkpt><trkpt lat="22.451920000000005" lon="114.32321500000002"><ele>57.4</ele><time>2026-01-24T08:49:30Z</time></trkpt><trkpt lat="22.451939999999997" lon="114.32322833333335"><ele>57.0</ele><time>2026-01-24T08:49:32Z</time></trkpt><trkpt lat="22.451966666666667" lon="114.323235"><ele>57.1</ele><time>2026-01-24T08:49:34Z</time></trkpt><trkpt lat="22.451991666666665" lon="114.32324500000001"><ele>57.0</ele><time>2026-01-24T08:49:36Z</time></trkpt><trkpt lat="22.45201833333333" lon="114.323255"><ele>56.6</ele><time>2026-01-24T08:49:38Z</time></trkpt><trkpt lat="22.452041666666666" lon="114.32326499999999"><ele>55.9</ele><time>2026-01-24T08:49:40Z</time></trkpt><trkpt lat="22.452065" lon="114.32327500000001"><ele>55.3</ele><time>2026-01-24T08:49:42Z</time></trkpt><trkpt lat="22.452088333333336" lon="114.32328333333335"><ele>55.0</ele><time>2026-01-24T08:49:44Z</time></trkpt><trkpt lat="22.452111666666664" lon="114.32329499999999"><ele>54.8</ele><time>2026-01-24T08:49:46Z</time></trkpt><trkpt lat="22.452131666666666" lon="114.32330666666667"><ele>54.199999999999996</ele><time>2026-01-24T08:49:48Z</time></trkpt><trkpt lat="22.45215333333333" lon="114.32331833333335"><ele>53.699999999999996</ele><time>2026-01-24T08:49:50Z</time></trkpt><trkpt lat="22.452176666666666" lon="114.32332833333334"><ele>53.0</ele><time>2026-01-24T08:49:52Z</time></trkpt><trkpt lat="22.45219833333333" lon="114.32333833333333"><ele>52.6</ele><time>2026-01-24T08:49:54Z</time></trkpt><trkpt lat="22.452223333333336" lon="114.32334833333334"><ele>52.4</ele><time>2026-01-24T08:49:56Z</time></trkpt><trkpt lat="22.452245" lon="114.32336"><ele>51.9</ele><time>2026-01-24T08:49:58Z</time></trkpt><trkpt lat="22.452268333333336" lon="114.32336833333332"><ele>51.3</ele><time>2026-01-24T08:50:00Z</time></trkpt><trkpt lat="22.452293333333333" lon="114.323375"><ele>50.8</ele><time>2026-01-24T08:50:02Z</time></trkpt><trkpt lat="22.45231833333333" lon="114.32338666666668"><ele>50.5</ele><time>2026-01-24T08:50:04Z</time></trkpt><trkpt lat="22.452341666666666" lon="114.32339333333333"><ele>50.3</ele><time>2026-01-24T08:50:06Z</time></trkpt><trkpt lat="22.452365" lon="114.3234"><ele>50.1</ele><time>2026-01-24T08:50:08Z</time></trkpt><trkpt lat="22.452389999999998" lon="114.32340666666666"><ele>50.5</ele><time>2026-01-24T08:50:10Z</time></trkpt><trkpt lat="22.452413333333332" lon="114.32341333333333"><ele>51.0</ele><time>2026-01-24T08:50:12Z</time></trkpt><trkpt lat="22.452433333333335" lon="114.32342666666666"><ele>51.199999999999996</ele><time>2026-01-24T08:50:14Z</time></trkpt><trkpt lat="22.452456666666663" lon="114.32343833333334"><ele>51.699999999999996</ele><time>2026-01-24T08:50:16Z</time></trkpt><trkpt lat="22.452481666666667" lon="114.32344666666668"><ele>52.3</ele><time>2026-01-24T08:50:18Z</time></trkpt><trkpt lat="22.452503333333333" lon="114.32345500000001"><ele>52.6</ele><time>2026-01-24T08:50:20Z</time></trkpt><trkpt lat="22.452526666666667" lon="114.32346333333335"><ele>52.9</ele><time>2026-01-24T08:50:22Z</time></trkpt><trkpt lat="22.452549999999995" lon="114.32347499999999"><ele>53.4</ele><time>2026-01-24T08:50:24Z</time></trkpt><trkpt lat="22.452575000000003" lon="114.32348333333333"><ele>53.6</ele><time>2026-01-24T08:50:26Z</time></trkpt><trkpt lat="22.45259666666667" lon="114.32349833333335"><ele>54.0</ele><time>2026-01-24T08:50:28Z</time></trkpt><trkpt lat="22.452620000000003" lon="114.32350833333334"><ele>54.1</ele><time>2026-01-24T08:50:30Z</time></trkpt><trkpt lat="22.452643333333338" lon="114.32351666666666"><ele>54.4</ele><time>2026-01-24T08:50:32Z</time></trkpt><trkpt lat="22.45266333333333" lon="114.323525"><ele>54.5</ele><time>2026-01-24T08:50:34Z</time></trkpt><trkpt lat="22.452683333333333" lon="114.32353333333334"><ele>54.6</ele><time>2026-01-24T08:50:36Z</time></trkpt><trkpt lat="22.452704999999998" lon="114.32354333333333"><ele>54.4</ele><time>2026-01-24T08:50:38Z</time></trkpt><trkpt lat="22.452725" lon="114.32355333333335"><ele>53.8</ele><time>2026-01-24T08:50:40Z</time></trkpt><trkpt lat="22.452746666666666" lon="114.32356333333334"><ele>53.199999999999996</ele><time>2026-01-24T08:50:42Z</time></trkpt><trkpt lat="22.452765" lon="114.32357333333333"><ele>52.6</ele><time>2026-01-24T08:50:44Z</time></trkpt><trkpt lat="22.452786666666665" lon="114.32358166666667"><ele>52.4</ele><time>2026-01-24T08:50:46Z</time></trkpt><trkpt lat="22.45281" lon="114.32358500000001"><ele>52.199999999999996</ele><time>2026-01-24T08:50:48Z</time></trkpt><trkpt lat="22.452830000000002" lon="114.32359166666666"><ele>52.0</ele><time>2026-01-24T08:50:51Z</time></trkpt><trkpt lat="22.45285666666667" lon="114.32360166666668"><ele>51.3</ele><time>2026-01-24T08:50:55Z</time></trkpt><trkpt lat="22.452875000000002" lon="114.32361666666665"><ele>51.3</ele><time>2026-01-24T08:50:57Z</time></trkpt><trkpt lat="22.452893333333336" lon="114.32360833333333"><ele>49.199999999999996</ele><time>2026-01-24T08:51:30Z</time></trkpt><trkpt lat="22.45291333333333" lon="114.323615"><ele>48.699999999999996</ele><time>2026-01-24T08:51:33Z</time></trkpt><trkpt lat="22.452936666666666" lon="114.32361999999999"><ele>48.3</ele><time>2026-01-24T08:51:36Z</time></trkpt><trkpt lat="22.452954999999996" lon="114.32363333333333"><ele>48.1</ele><time>2026-01-24T08:51:38Z</time></trkpt><trkpt lat="22.452976666666668" lon="114.32364666666666"><ele>48.1</ele><time>2026-01-24T08:51:40Z</time></trkpt><trkpt lat="22.45300166666667" lon="114.32365666666668"><ele>47.9</ele><time>2026-01-24T08:51:42Z</time></trkpt><trkpt lat="22.453031666666668" lon="114.32366833333332"><ele>47.5</ele><time>2026-01-24T08:51:44Z</time></trkpt><trkpt lat="22.453056666666665" lon="114.32367"><ele>47.3</ele><time>2026-01-24T08:51:46Z</time></trkpt><trkpt lat="22.453089999999996" lon="114.32367166666667"><ele>47.9</ele><time>2026-01-24T08:51:48Z</time></trkpt><trkpt lat="22.453125" lon="114.32367166666667"><ele>48.4</ele><time>2026-01-24T08:51:50Z</time></trkpt><trkpt lat="22.453145000000003" lon="114.32366833333332"><ele>48.5</ele><time>2026-01-24T08:51:52Z</time></trkpt><trkpt lat="22.45317" lon="114.32368333333334"><ele>48.1</ele><time>2026-01-24T08:51:54Z</time></trkpt><trkpt lat="22.453190000000003" lon="114.32369166666668"><ele>48.0</ele><time>2026-01-24T08:51:56Z</time></trkpt><trkpt lat="22.45321" lon="114.32369166666668"><ele>48.0</ele><time>2026-01-24T08:51:58Z</time></trkpt><trkpt lat="22.453228333333332" lon="114.32369666666666"><ele>48.1</ele><time>2026-01-24T08:52:00Z</time></trkpt><trkpt lat="22.45324833333333" lon="114.323705"><ele>47.6</ele><time>2026-01-24T08:52:02Z</time></trkpt><trkpt lat="22.453266666666664" lon="114.32371333333334"><ele>47.199999999999996</ele><time>2026-01-24T08:52:04Z</time></trkpt><trkpt lat="22.453286666666667" lon="114.32372166666667"><ele>47.0</ele><time>2026-01-24T08:52:06Z</time></trkpt><trkpt lat="22.45330333333333" lon="114.32373000000001"><ele>46.6</ele><time>2026-01-24T08:52:08Z</time></trkpt><trkpt lat="22.45332166666667" lon="114.32374333333334"><ele>46.1</ele><time>2026-01-24T08:52:10Z</time></trkpt><trkpt lat="22.453341666666667" lon="114.32374999999999"><ele>45.699999999999996</ele><time>2026-01-24T08:52:12Z</time></trkpt><trkpt lat="22.453363333333332" lon="114.32375833333332"><ele>45.5</ele><time>2026-01-24T08:52:14Z</time></trkpt><trkpt lat="22.453385000000004" lon="114.32376833333335"><ele>45.9</ele><time>2026-01-24T08:52:16Z</time></trkpt><trkpt lat="22.45340666666667" lon="114.32377666666667"><ele>46.1</ele><time>2026-01-24T08:52:18Z</time></trkpt><trkpt lat="22.45342833333333" lon="114.32378166666668"><ele>46.4</ele><time>2026-01-24T08:52:20Z</time></trkpt><trkpt lat="22.45345166666667" lon="114.32379"><ele>46.9</ele><time>2026-01-24T08:52:22Z</time></trkpt><trkpt lat="22.45347333333333" lon="114.32379666666665"><ele>47.1</ele><time>2026-01-24T08:52:24Z</time></trkpt><trkpt lat="22.45349666666667" lon="114.32380166666665"><ele>47.6</ele><time>2026-01-24T08:52:26Z</time></trkpt><trkpt lat="22.453520000000005" lon="114.32380666666668"><ele>48.1</ele><time>2026-01-24T08:52:28Z</time></trkpt><trkpt lat="22.45354166666667" lon="114.32382000000001"><ele>48.1</ele><time>2026-01-24T08:52:30Z</time></trkpt><trkpt lat="22.45356" lon="114.32383333333334"><ele>47.9</ele><time>2026-01-24T08:52:32Z</time></trkpt><trkpt lat="22.453583333333334" lon="114.32384333333333"><ele>48.0</ele><time>2026-01-24T08:52:34Z</time></trkpt><trkpt lat="22.453605" lon="114.32385333333335"><ele>48.199999999999996</ele><time>2026-01-24T08:52:36Z</time></trkpt><trkpt lat="22.453625000000002" lon="114.32386"><ele>47.199999999999996</ele><time>2026-01-24T08:52:38Z</time></trkpt><trkpt lat="22.45365" lon="114.32386333333334"><ele>47.0</ele><time>2026-01-24T08:52:40Z</time></trkpt><trkpt lat="22.453670000000002" lon="114.32386999999999"><ele>47.8</ele><time>2026-01-24T08:52:42Z</time></trkpt><trkpt lat="22.453691666666668" lon="114.32388166666667"><ele>48.3</ele><time>2026-01-24T08:52:44Z</time></trkpt><trkpt lat="22.453715000000003" lon="114.32388666666665"><ele>48.5</ele><time>2026-01-24T08:52:46Z</time></trkpt><trkpt lat="22.453736666666668" lon="114.323895"><ele>48.3</ele><time>2026-01-24T08:52:48Z</time></trkpt><trkpt lat="22.453755" lon="114.32391000000001"><ele>48.5</ele><time>2026-01-24T08:52:50Z</time></trkpt><trkpt lat="22.453778333333336" lon="114.32391833333334"><ele>48.4</ele><time>2026-01-24T08:52:52Z</time></trkpt><trkpt lat="22.453801666666664" lon="114.32392833333333"><ele>48.199999999999996</ele><time>2026-01-24T08:52:54Z</time></trkpt><trkpt lat="22.453823333333336" lon="114.32393833333332"><ele>48.199999999999996</ele><time>2026-01-24T08:52:56Z</time></trkpt><trkpt lat="22.453848333333333" lon="114.32394833333335"><ele>48.199999999999996</ele><time>2026-01-24T08:52:58Z</time></trkpt><trkpt lat="22.45387333333333" lon="114.32395999999999"><ele>47.9</ele><time>2026-01-24T08:53:00Z</time></trkpt><trkpt lat="22.453899999999997" lon="114.32397"><ele>48.0</ele><time>2026-01-24T08:53:02Z</time></trkpt><trkpt lat="22.453924999999995" lon="114.32398166666665"><ele>47.8</ele><time>2026-01-24T08:53:04Z</time></trkpt><trkpt lat="22.453950000000003" lon="114.32399166666667"><ele>48.0</ele><time>2026-01-24T08:53:06Z</time></trkpt><trkpt lat="22.453975" lon="114.32399833333332"><ele>47.9</ele><time>2026-01-24T08:53:08Z</time></trkpt><trkpt lat="22.453999999999997" lon="114.32400833333334"><ele>47.8</ele><time>2026-01-24T08:53:10Z</time></trkpt><trkpt lat="22.454025" lon="114.32401499999999"><ele>47.6</ele><time>2026-01-24T08:53:12Z</time></trkpt><trkpt lat="22.454048333333336" lon="114.32402500000002"><ele>47.5</ele><time>2026-01-24T08:53:14Z</time></trkpt><trkpt lat="22.454073333333334" lon="114.32403166666667"><ele>47.5</ele><time>2026-01-24T08:53:16Z</time></trkpt><trkpt lat="22.4541" lon="114.32404166666666"><ele>47.6</ele><time>2026-01-24T08:53:18Z</time></trkpt><trkpt lat="22.454124999999998" lon="114.32404999999999"><ele>48.1</ele><time>2026-01-24T08:53:20Z</time></trkpt><trkpt lat="22.454149999999995" lon="114.32405833333333"><ele>48.4</ele><time>2026-01-24T08:53:22Z</time></trkpt><trkpt lat="22.454173333333333" lon="114.32406833333334"><ele>48.699999999999996</ele><time>2026-01-24T08:53:24Z</time></trkpt><trkpt lat="22.454196666666668" lon="114.32407666666668"><ele>48.5</ele><time>2026-01-24T08:53:26Z</time></trkpt><trkpt lat="22.454220000000003" lon="114.32408666666667"><ele>48.8</ele><time>2026-01-24T08:53:28Z</time></trkpt><trkpt lat="22.454241666666668" lon="114.32409666666666"><ele>48.9</ele><time>2026-01-24T08:53:30Z</time></trkpt><trkpt lat="22.454266666666665" lon="114.32410499999999"><ele>48.8</ele><time>2026-01-24T08:53:32Z</time></trkpt><trkpt lat="22.45429166666667" lon="114.32410833333333"><ele>48.8</ele><time>2026-01-24T08:53:34Z</time></trkpt><trkpt lat="22.454314999999998" lon="114.32411666666667"><ele>48.3</ele><time>2026-01-24T08:53:36Z</time></trkpt><trkpt lat="22.454340000000002" lon="114.32412833333335"><ele>48.1</ele><time>2026-01-24T08:53:38Z</time></trkpt><trkpt lat="22.45436666666667" lon="114.32414333333332"><ele>47.9</ele><time>2026-01-24T08:53:40Z</time></trkpt><trkpt lat="22.454389999999997" lon="114.32415166666667"><ele>47.6</ele><time>2026-01-24T08:53:42Z</time></trkpt><trkpt lat="22.454415" lon="114.32416166666665"><ele>47.6</ele><time>2026-01-24T08:53:44Z</time></trkpt><trkpt lat="22.45444166666667" lon="114.32416666666668"><ele>47.4</ele><time>2026-01-24T08:53:46Z</time></trkpt><trkpt lat="22.45446833333333" lon="114.32417"><ele>47.4</ele><time>2026-01-24T08:53:48Z</time></trkpt><trkpt lat="22.454491666666666" lon="114.32418166666666"><ele>47.5</ele><time>2026-01-24T08:53:50Z</time></trkpt><trkpt lat="22.45451166666667" lon="114.32419499999999"><ele>47.6</ele><time>2026-01-24T08:53:52Z</time></trkpt><trkpt lat="22.45453166666667" lon="114.32420333333333"><ele>47.6</ele><time>2026-01-24T08:53:54Z</time></trkpt><trkpt lat="22.45455" lon="114.32421666666666"><ele>47.3</ele><time>2026-01-24T08:53:56Z</time></trkpt><trkpt lat="22.454568333333334" lon="114.32422333333334"><ele>47.0</ele><time>2026-01-24T08:53:58Z</time></trkpt><trkpt lat="22.454586666666668" lon="114.32423833333333"><ele>46.8</ele><time>2026-01-24T08:54:00Z</time></trkpt><trkpt lat="22.454605" lon="114.32425166666665"><ele>46.6</ele><time>2026-01-24T08:54:02Z</time></trkpt><trkpt lat="22.454625000000004" lon="114.32426833333332"><ele>46.5</ele><time>2026-01-24T08:54:04Z</time></trkpt><trkpt lat="22.45464666666667" lon="114.32428499999999"><ele>46.3</ele><time>2026-01-24T08:54:06Z</time></trkpt><trkpt lat="22.45466666666667" lon="114.32430666666666"><ele>46.3</ele><time>2026-01-24T08:54:08Z</time></trkpt><trkpt lat="22.45469166666667" lon="114.32432500000002"><ele>46.4</ele><time>2026-01-24T08:54:10Z</time></trkpt><trkpt lat="22.454713333333334" lon="114.32433999999999"><ele>46.4</ele><time>2026-01-24T08:54:12Z</time></trkpt><trkpt lat="22.45473" lon="114.32435833333332"><ele>46.8</ele><time>2026-01-24T08:54:14Z</time></trkpt><trkpt lat="22.45474" lon="114.32437833333333"><ele>46.8</ele><time>2026-01-24T08:54:16Z</time></trkpt><trkpt lat="22.454749999999997" lon="114.324405"><ele>46.5</ele><time>2026-01-24T08:54:19Z</time></trkpt><trkpt lat="22.454766666666668" lon="114.324425"><ele>46.199999999999996</ele><time>2026-01-24T08:54:21Z</time></trkpt><trkpt lat="22.454791666666665" lon="114.32444500000001"><ele>46.4</ele><time>2026-01-24T08:54:23Z</time></trkpt><trkpt lat="22.4548" lon="114.32447333333333"><ele>46.5</ele><time>2026-01-24T08:54:25Z</time></trkpt><trkpt lat="22.454808333333336" lon="114.32450666666666"><ele>46.6</ele><time>2026-01-24T08:54:27Z</time></trkpt><trkpt lat="22.454815" lon="114.32453666666667"><ele>46.6</ele><time>2026-01-24T08:54:29Z</time></trkpt><trkpt lat="22.454833333333333" lon="114.32456166666667"><ele>46.8</ele><time>2026-01-24T08:54:31Z</time></trkpt><trkpt lat="22.454856666666668" lon="114.32458333333334"><ele>47.3</ele><time>2026-01-24T08:54:33Z</time></trkpt><trkpt lat="22.454878333333333" lon="114.32460166666667"><ele>47.4</ele><time>2026-01-24T08:54:35Z</time></trkpt><trkpt lat="22.454901666666668" lon="114.32461333333335"><ele>47.3</ele><time>2026-01-24T08:54:37Z</time></trkpt><trkpt lat="22.454923333333333" lon="114.32463000000001"><ele>47.3</ele><time>2026-01-24T08:54:39Z</time></trkpt><trkpt lat="22.45494833333333" lon="114.32464666666668"><ele>47.4</ele><time>2026-01-24T08:54:41Z</time></trkpt><trkpt lat="22.454973333333335" lon="114.32466333333332"><ele>47.6</ele><time>2026-01-24T08:54:43Z</time></trkpt><trkpt lat="22.454996666666663" lon="114.32467833333334"><ele>48.1</ele><time>2026-01-24T08:54:45Z</time></trkpt><trkpt lat="22.455019999999998" lon="114.32469333333331"><ele>48.4</ele><time>2026-01-24T08:54:47Z</time></trkpt><trkpt lat="22.455041666666663" lon="114.32470833333333"><ele>48.6</ele><time>2026-01-24T08:54:49Z</time></trkpt><trkpt lat="22.455064999999998" lon="114.32472333333332"><ele>48.699999999999996</ele><time>2026-01-24T08:54:51Z</time></trkpt><trkpt lat="22.455088333333332" lon="114.32473833333333"><ele>48.699999999999996</ele><time>2026-01-24T08:54:53Z</time></trkpt><trkpt lat="22.455115" lon="114.32475333333332"><ele>48.699999999999996</ele><time>2026-01-24T08:54:55Z</time></trkpt><trkpt lat="22.45514166666667" lon="114.32476833333334"><ele>48.699999999999996</ele><time>2026-01-24T08:54:57Z</time></trkpt><trkpt lat="22.455166666666667" lon="114.32478333333331"><ele>48.5</ele><time>2026-01-24T08:54:59Z</time></trkpt><trkpt lat="22.455191666666664" lon="114.32479666666669"><ele>48.699999999999996</ele><time>2026-01-24T08:55:01Z</time></trkpt><trkpt lat="22.45521833333333" lon="114.32480666666667"><ele>48.9</ele><time>2026-01-24T08:55:03Z</time></trkpt><trkpt lat="22.455240000000003" lon="114.32482166666665"><ele>48.9</ele><time>2026-01-24T08:55:05Z</time></trkpt><trkpt lat="22.45526166666667" lon="114.32483666666667"><ele>49.0</ele><time>2026-01-24T08:55:07Z</time></trkpt><trkpt lat="22.455281666666664" lon="114.32485"><ele>48.5</ele><time>2026-01-24T08:55:09Z</time></trkpt><trkpt lat="22.455303333333337" lon="114.32486333333333"><ele>48.199999999999996</ele><time>2026-01-24T08:55:11Z</time></trkpt><trkpt lat="22.455325000000002" lon="114.32488"><ele>48.0</ele><time>2026-01-24T08:55:13Z</time></trkpt><trkpt lat="22.455348333333337" lon="114.32489500000001"><ele>47.8</ele><time>2026-01-24T08:55:15Z</time></trkpt><trkpt lat="22.455371666666665" lon="114.32491166666665"><ele>47.699999999999996</ele><time>2026-01-24T08:55:17Z</time></trkpt><trkpt lat="22.455393333333337" lon="114.32493333333332"><ele>47.6</ele><time>2026-01-24T08:55:19Z</time></trkpt><trkpt lat="22.455413333333333" lon="114.32494999999999"><ele>47.6</ele><time>2026-01-24T08:55:21Z</time></trkpt><trkpt lat="22.455438333333337" lon="114.324965"><ele>47.5</ele><time>2026-01-24T08:55:24Z</time></trkpt><trkpt lat="22.455454999999997" lon="114.32497666666669"><ele>47.1</ele><time>2026-01-24T08:55:26Z</time></trkpt><trkpt lat="22.455475" lon="114.32498833333332"><ele>46.699999999999996</ele><time>2026-01-24T08:55:28Z</time></trkpt><trkpt lat="22.455505000000002" lon="114.32500333333334"><ele>46.6</ele><time>2026-01-24T08:55:30Z</time></trkpt><trkpt lat="22.45553166666667" lon="114.32500666666668"><ele>46.6</ele><time>2026-01-24T08:55:32Z</time></trkpt><trkpt lat="22.45556333333333" lon="114.32501833333332"><ele>46.3</ele><time>2026-01-24T08:55:34Z</time></trkpt><trkpt lat="22.45558" lon="114.32502666666666"><ele>46.3</ele><time>2026-01-24T08:55:35Z</time></trkpt><trkpt lat="22.455595000000002" lon="114.32503833333334"><ele>46.3</ele><time>2026-01-24T08:55:36Z</time></trkpt><trkpt lat="22.45562166666667" lon="114.32505333333332"><ele>45.8</ele><time>2026-01-24T08:55:38Z</time></trkpt><trkpt lat="22.455644999999997" lon="114.32506333333335"><ele>45.699999999999996</ele><time>2026-01-24T08:55:40Z</time></trkpt><trkpt lat="22.455676666666665" lon="114.32506833333333"><ele>45.699999999999996</ele><time>2026-01-24T08:55:42Z</time></trkpt><trkpt lat="22.455703333333336" lon="114.32507499999998"><ele>45.699999999999996</ele><time>2026-01-24T08:55:44Z</time></trkpt><trkpt lat="22.455730000000003" lon="114.32507666666667"><ele>45.1</ele><time>2026-01-24T08:55:46Z</time></trkpt><trkpt lat="22.45575666666667" lon="114.32508000000001"><ele>44.4</ele><time>2026-01-24T08:55:48Z</time></trkpt><trkpt lat="22.455781666666667" lon="114.32508333333332"><ele>43.4</ele><time>2026-01-24T08:55:50Z</time></trkpt><trkpt lat="22.455806666666664" lon="114.32508666666666"><ele>42.5</ele><time>2026-01-24T08:55:52Z</time></trkpt><trkpt lat="22.455835" lon="114.32508833333334"><ele>42.1</ele><time>2026-01-24T08:55:54Z</time></trkpt><trkpt lat="22.455856666666666" lon="114.32509"><ele>41.5</ele><time>2026-01-24T08:55:56Z</time></trkpt><trkpt lat="22.45588" lon="114.32509333333334"><ele>41.3</ele><time>2026-01-24T08:55:58Z</time></trkpt><trkpt lat="22.455904999999998" lon="114.32509666666668"><ele>41.3</ele><time>2026-01-24T08:56:00Z</time></trkpt><trkpt lat="22.455935" lon="114.32509833333333"><ele>41.6</ele><time>2026-01-24T08:56:02Z</time></trkpt><trkpt lat="22.455961666666667" lon="114.32509833333333"><ele>41.8</ele><time>2026-01-24T08:56:04Z</time></trkpt><trkpt lat="22.455989999999996" lon="114.32509666666668"><ele>41.6</ele><time>2026-01-24T08:56:06Z</time></trkpt><trkpt lat="22.456018333333336" lon="114.32509499999999"><ele>41.5</ele><time>2026-01-24T08:56:08Z</time></trkpt><trkpt lat="22.456048333333335" lon="114.32509333333334"><ele>41.4</ele><time>2026-01-24T08:56:10Z</time></trkpt><trkpt lat="22.456075000000002" lon="114.32509333333334"><ele>41.3</ele><time>2026-01-24T08:56:12Z</time></trkpt><trkpt lat="22.45610166666667" lon="114.32509499999999"><ele>41.199999999999996</ele><time>2026-01-24T08:56:14Z</time></trkpt><trkpt lat="22.45613166666667" lon="114.32508666666666"><ele>41.4</ele><time>2026-01-24T08:56:16Z</time></trkpt><trkpt lat="22.45614833333333" lon="114.32506333333335"><ele>41.9</ele><time>2026-01-24T08:56:18Z</time></trkpt><trkpt lat="22.456166666666665" lon="114.32503833333334"><ele>41.9</ele><time>2026-01-24T08:56:20Z</time></trkpt><trkpt lat="22.45619" lon="114.32502333333332"><ele>41.8</ele><time>2026-01-24T08:56:22Z</time></trkpt><trkpt lat="22.456211666666665" lon="114.32501333333333"><ele>41.699999999999996</ele><time>2026-01-24T08:56:24Z</time></trkpt><trkpt lat="22.45623666666667" lon="114.32501166666667"><ele>41.3</ele><time>2026-01-24T08:56:26Z</time></trkpt><trkpt lat="22.456256666666665" lon="114.32501499999998"><ele>40.699999999999996</ele><time>2026-01-24T08:56:28Z</time></trkpt><trkpt lat="22.45628" lon="114.32502000000001"><ele>39.9</ele><time>2026-01-24T08:56:30Z</time></trkpt><trkpt lat="22.456303333333334" lon="114.32502166666667"><ele>39.3</ele><time>2026-01-24T08:56:32Z</time></trkpt><trkpt lat="22.45632833333333" lon="114.32502833333335"><ele>39.1</ele><time>2026-01-24T08:56:34Z</time></trkpt><trkpt lat="22.45635333333333" lon="114.32502666666666"><ele>38.6</ele><time>2026-01-24T08:56:36Z</time></trkpt><trkpt lat="22.456378333333337" lon="114.32503166666666"><ele>37.699999999999996</ele><time>2026-01-24T08:56:38Z</time></trkpt><trkpt lat="22.456403333333334" lon="114.32504333333333"><ele>36.5</ele><time>2026-01-24T08:56:40Z</time></trkpt><trkpt lat="22.456425" lon="114.325055"><ele>35.1</ele><time>2026-01-24T08:56:42Z</time></trkpt><trkpt lat="22.456451666666666" lon="114.32506666666669"><ele>34.1</ele><time>2026-01-24T08:56:44Z</time></trkpt><trkpt lat="22.456475" lon="114.32507499999998"><ele>33.5</ele><time>2026-01-24T08:56:46Z</time></trkpt><trkpt lat="22.456498333333336" lon="114.325085"><ele>32.9</ele><time>2026-01-24T08:56:48Z</time></trkpt><trkpt lat="22.45652" lon="114.32509499999999"><ele>32.8</ele><time>2026-01-24T08:56:50Z</time></trkpt><trkpt lat="22.456545" lon="114.32510499999998"><ele>32.4</ele><time>2026-01-24T08:56:52Z</time></trkpt><trkpt lat="22.456568333333333" lon="114.32512333333334"><ele>32.0</ele><time>2026-01-24T08:56:54Z</time></trkpt><trkpt lat="22.456595" lon="114.32513833333333"><ele>32.0</ele><time>2026-01-24T08:56:56Z</time></trkpt><trkpt lat="22.456616666666665" lon="114.325155"><ele>32.0</ele><time>2026-01-24T08:56:58Z</time></trkpt><trkpt lat="22.456636666666668" lon="114.32516833333332"><ele>32.3</ele><time>2026-01-24T08:57:00Z</time></trkpt><trkpt lat="22.456655" lon="114.32518333333334"><ele>32.199999999999996</ele><time>2026-01-24T08:57:02Z</time></trkpt><trkpt lat="22.456676666666667" lon="114.32520166666667"><ele>32.1</ele><time>2026-01-24T08:57:04Z</time></trkpt><trkpt lat="22.45669666666667" lon="114.32521833333334"><ele>32.1</ele><time>2026-01-24T08:57:06Z</time></trkpt><trkpt lat="22.456715" lon="114.32524333333335"><ele>32.4</ele><time>2026-01-24T08:57:08Z</time></trkpt><trkpt lat="22.456736666666664" lon="114.32526000000001"><ele>33.199999999999996</ele><time>2026-01-24T08:57:10Z</time></trkpt><trkpt lat="22.45676" lon="114.32527499999999"><ele>33.9</ele><time>2026-01-24T08:57:12Z</time></trkpt><trkpt lat="22.456781666666664" lon="114.32529000000001"><ele>34.699999999999996</ele><time>2026-01-24T08:57:14Z</time></trkpt><trkpt lat="22.45680333333333" lon="114.325305"><ele>35.5</ele><time>2026-01-24T08:57:16Z</time></trkpt><trkpt lat="22.456826666666664" lon="114.32532"><ele>36.3</ele><time>2026-01-24T08:57:18Z</time></trkpt><trkpt lat="22.45685" lon="114.32533666666669"><ele>36.9</ele><time>2026-01-24T08:57:20Z</time></trkpt><trkpt lat="22.456871666666665" lon="114.32535666666666"><ele>37.3</ele><time>2026-01-24T08:57:22Z</time></trkpt><trkpt lat="22.456891666666667" lon="114.32537666666667"><ele>37.5</ele><time>2026-01-24T08:57:24Z</time></trkpt><trkpt lat="22.456911666666663" lon="114.32539166666666"><ele>37.5</ele><time>2026-01-24T08:57:26Z</time></trkpt><trkpt lat="22.456931666666666" lon="114.32540666666667"><ele>37.6</ele><time>2026-01-24T08:57:28Z</time></trkpt><trkpt lat="22.45695333333333" lon="114.32542333333335"><ele>37.6</ele><time>2026-01-24T08:57:30Z</time></trkpt><trkpt lat="22.456973333333334" lon="114.32544000000001"><ele>37.699999999999996</ele><time>2026-01-24T08:57:32Z</time></trkpt><trkpt lat="22.456990000000005" lon="114.32546499999998"><ele>37.5</ele><time>2026-01-24T08:57:34Z</time></trkpt><trkpt lat="22.45701166666667" lon="114.32548333333334"><ele>37.6</ele><time>2026-01-24T08:57:36Z</time></trkpt><trkpt lat="22.457033333333335" lon="114.325505"><ele>37.9</ele><time>2026-01-24T08:57:38Z</time></trkpt><trkpt lat="22.457053333333338" lon="114.32552499999998"><ele>37.699999999999996</ele><time>2026-01-24T08:57:40Z</time></trkpt><trkpt lat="22.45707333333333" lon="114.32554166666665"><ele>37.4</ele><time>2026-01-24T08:57:42Z</time></trkpt><trkpt lat="22.457093333333333" lon="114.32555833333332"><ele>37.1</ele><time>2026-01-24T08:57:44Z</time></trkpt><trkpt lat="22.457111666666666" lon="114.32557166666666"><ele>37.0</ele><time>2026-01-24T08:57:46Z</time></trkpt><trkpt lat="22.45713166666667" lon="114.32558666666667"><ele>37.0</ele><time>2026-01-24T08:57:48Z</time></trkpt><trkpt lat="22.457153333333334" lon="114.3256"><ele>37.0</ele><time>2026-01-24T08:57:50Z</time></trkpt><trkpt lat="22.457171666666667" lon="114.32561166666667"><ele>37.0</ele><time>2026-01-24T08:57:52Z</time></trkpt><trkpt lat="22.45719166666667" lon="114.32562333333333"><ele>36.8</ele><time>2026-01-24T08:57:54Z</time></trkpt><trkpt lat="22.45721" lon="114.32563333333334"><ele>37.1</ele><time>2026-01-24T08:57:56Z</time></trkpt><trkpt lat="22.457231666666665" lon="114.32564833333332"><ele>37.199999999999996</ele><time>2026-01-24T08:57:58Z</time></trkpt><trkpt lat="22.45725333333333" lon="114.32566333333334"><ele>37.1</ele><time>2026-01-24T08:58:00Z</time></trkpt><trkpt lat="22.457273333333333" lon="114.32568"><ele>36.9</ele><time>2026-01-24T08:58:02Z</time></trkpt><trkpt lat="22.457295" lon="114.32569666666669"><ele>36.6</ele><time>2026-01-24T08:58:04Z</time></trkpt><trkpt lat="22.457316666666664" lon="114.32570833333332"><ele>36.6</ele><time>2026-01-24T08:58:06Z</time></trkpt><trkpt lat="22.45734" lon="114.32572333333334"><ele>36.5</ele><time>2026-01-24T08:58:08Z</time></trkpt><trkpt lat="22.457361666666664" lon="114.32573833333332"><ele>36.1</ele><time>2026-01-24T08:58:10Z</time></trkpt><trkpt lat="22.457381666666667" lon="114.32575166666666"><ele>35.8</ele><time>2026-01-24T08:58:12Z</time></trkpt><trkpt lat="22.45740166666667" lon="114.32576333333333"><ele>35.4</ele><time>2026-01-24T08:58:14Z</time></trkpt><trkpt lat="22.45741666666667" lon="114.32577833333335"><ele>35.1</ele><time>2026-01-24T08:58:16Z</time></trkpt><trkpt lat="22.45743166666667" lon="114.32579333333334"><ele>34.6</ele><time>2026-01-24T08:58:18Z</time></trkpt><trkpt lat="22.457454999999996" lon="114.32580666666667"><ele>34.6</ele><time>2026-01-24T08:58:20Z</time></trkpt><trkpt lat="22.457481666666663" lon="114.32582"><ele>34.5</ele><time>2026-01-24T08:58:22Z</time></trkpt><trkpt lat="22.45750333333334" lon="114.32583666666666"><ele>34.699999999999996</ele><time>2026-01-24T08:58:24Z</time></trkpt><trkpt lat="22.457526666666663" lon="114.32585166666668"><ele>35.4</ele><time>2026-01-24T08:58:26Z</time></trkpt><trkpt lat="22.457553333333333" lon="114.32586166666667"><ele>36.1</ele><time>2026-01-24T08:58:28Z</time></trkpt><trkpt lat="22.45758" lon="114.32587333333335"><ele>37.0</ele><time>2026-01-24T08:58:30Z</time></trkpt><trkpt lat="22.45760833333333" lon="114.32588333333334"><ele>37.4</ele><time>2026-01-24T08:58:32Z</time></trkpt><trkpt lat="22.45764578125" lon="114.32591879638672" /><trkpt lat="22.45825819405555" lon="114.32602366852612" /><trkpt lat="22.45831178125" lon="114.32599479638672" /><trkpt lat="22.45845578125" lon="114.32601779638672" /><trkpt lat="22.45851478125" lon="114.32602779638673" /><trkpt lat="22.45857978125" lon="114.32603879638671" /><trkpt lat="22.45862878125" lon="114.32604879638671" /><trkpt lat="22.45867978125" lon="114.32606379638672" /><trkpt lat="22.45872778125" lon="114.32608079638672" /><trkpt lat="22.45879078125" lon="114.32611179638671" /><trkpt lat="22.45881778125" lon="114.32612679638672" /><trkpt lat="22.45886078125" lon="114.32615279638672" /><trkpt lat="22.45889878125" lon="114.32618079638672" /><trkpt lat="22.45894478125" lon="114.32621379638672" /><trkpt lat="22.45898978125" lon="114.32625179638671" /><trkpt lat="22.45902378125" lon="114.32628379638672" /><trkpt lat="22.45905678125" lon="114.32631579638672" /><trkpt lat="22.45910978125" lon="114.32637279638672" /><trkpt lat="22.45914078125" lon="114.32641479638671" /><trkpt lat="22.45917278125" lon="114.32646279638672" /><trkpt lat="22.45934178125" lon="114.32672979638672" /><trkpt lat="22.459346318387805" lon="114.3267369261728" /><trkpt lat="22.459365000000002" lon="114.32673500000001"><ele>17.099999999999998</ele><time>2026-01-24T09:05:55.020Z</time></trkpt><trkpt lat="22.45939" lon="114.32674833333334"><ele>11.0</ele><time>2026-01-24T09:05:57.020Z</time></trkpt><trkpt lat="22.45940166666667" lon="114.32676833333335"><ele>11.0</ele><time>2026-01-24T09:05:58.020Z</time></trkpt><trkpt lat="22.459411666666664" lon="114.32678666666668"><ele>11.6</ele><time>2026-01-24T09:05:59.020Z</time></trkpt><trkpt lat="22.459423333333334" lon="114.32681499999998"><ele>12.1</ele><time>2026-01-24T09:06:01.020Z</time></trkpt><trkpt lat="22.45943666666667" lon="114.32685166666667"><ele>11.4</ele><time>2026-01-24T09:06:04Z</time></trkpt><trkpt lat="22.459455000000002" lon="114.32685333333332"><ele>11.6</ele><time>2026-01-24T09:06:05Z</time></trkpt><trkpt lat="22.45947833333333" lon="114.32686666666665"><ele>12.9</ele><time>2026-01-24T09:06:07Z</time></trkpt><trkpt lat="22.45949" lon="114.32688833333334"><ele>13.9</ele><time>2026-01-24T09:06:10Z</time></trkpt><trkpt lat="22.45949666666667" lon="114.32691833333335"><ele>14.700000000000001</ele><time>2026-01-24T09:06:12Z</time></trkpt><trkpt lat="22.459503333333334" lon="114.32693833333333"><ele>15.0</ele><time>2026-01-24T09:06:14Z</time></trkpt><trkpt lat="22.45951166666667" lon="114.32696"><ele>15.500000000000002</ele><time>2026-01-24T09:06:16Z</time></trkpt><trkpt lat="22.459518333333335" lon="114.32698666666666"><ele>15.0</ele><time>2026-01-24T09:06:18Z</time></trkpt><trkpt lat="22.45952833333333" lon="114.32700833333335"><ele>14.3</ele><time>2026-01-24T09:06:20Z</time></trkpt><trkpt lat="22.45954" lon="114.32702833333333"><ele>13.700000000000001</ele><time>2026-01-24T09:06:22Z</time></trkpt><trkpt lat="22.45955333333333" lon="114.32705166666668"><ele>13.5</ele><time>2026-01-24T09:06:24Z</time></trkpt><trkpt lat="22.459566666666667" lon="114.32707666666666"><ele>13.5</ele><time>2026-01-24T09:06:26Z</time></trkpt><trkpt lat="22.45958166666667" lon="114.3271"><ele>13.8</ele><time>2026-01-24T09:06:28Z</time></trkpt><trkpt lat="22.45959833333333" lon="114.32712000000001"><ele>13.8</ele><time>2026-01-24T09:06:30Z</time></trkpt><trkpt lat="22.459611666666667" lon="114.32714166666668"><ele>13.700000000000001</ele><time>2026-01-24T09:06:32Z</time></trkpt><trkpt lat="22.45962666666667" lon="114.32716166666665"><ele>13.9</ele><time>2026-01-24T09:06:34Z</time></trkpt><trkpt lat="22.459636666666665" lon="114.32718000000001"><ele>13.200000000000001</ele><time>2026-01-24T09:06:36Z</time></trkpt><trkpt lat="22.459646666666664" lon="114.32720666666667"><ele>13.3</ele><time>2026-01-24T09:06:38Z</time></trkpt><trkpt lat="22.459653333333335" lon="114.32723666666668"><ele>13.5</ele><time>2026-01-24T09:06:40Z</time></trkpt><trkpt lat="22.459661666666662" lon="114.32726499999998"><ele>13.6</ele><time>2026-01-24T09:06:42Z</time></trkpt><trkpt lat="22.45967333333333" lon="114.32728999999999"><ele>13.3</ele><time>2026-01-24T09:06:44Z</time></trkpt><trkpt lat="22.459684999999997" lon="114.32731333333335"><ele>12.700000000000001</ele><time>2026-01-24T09:06:46Z</time></trkpt><trkpt lat="22.459696666666666" lon="114.32733166666667"><ele>12.5</ele><time>2026-01-24T09:06:48Z</time></trkpt><trkpt lat="22.459705" lon="114.32735499999998"><ele>12.200000000000001</ele><time>2026-01-24T09:06:50Z</time></trkpt><trkpt lat="22.459713333333337" lon="114.32738166666668"><ele>11.9</ele><time>2026-01-24T09:06:52Z</time></trkpt><trkpt lat="22.459721666666663" lon="114.327405"><ele>11.6</ele><time>2026-01-24T09:06:54Z</time></trkpt><trkpt lat="22.459729999999997" lon="114.32742666666667"><ele>11.200000000000001</ele><time>2026-01-24T09:06:56Z</time></trkpt><trkpt lat="22.459735000000002" lon="114.32744833333332"><ele>10.8</ele><time>2026-01-24T09:06:58Z</time></trkpt><trkpt lat="22.459743333333336" lon="114.32747499999999"><ele>10.1</ele><time>2026-01-24T09:07:00Z</time></trkpt><trkpt lat="22.459751666666662" lon="114.32750333333334"><ele>9.200000000000001</ele><time>2026-01-24T09:07:02Z</time></trkpt><trkpt lat="22.459765" lon="114.32753"><ele>8.6</ele><time>2026-01-24T09:07:04Z</time></trkpt><trkpt lat="22.459780000000002" lon="114.327555"><ele>8.1</ele><time>2026-01-24T09:07:06Z</time></trkpt><trkpt lat="22.45979333333333" lon="114.32758166666666"><ele>8.1</ele><time>2026-01-24T09:07:08Z</time></trkpt><trkpt lat="22.45981" lon="114.32760666666667"><ele>8.200000000000001</ele><time>2026-01-24T09:07:10Z</time></trkpt><trkpt lat="22.459825000000002" lon="114.32762833333332"><ele>8.6</ele><time>2026-01-24T09:07:12Z</time></trkpt><trkpt lat="22.459833333333336" lon="114.32765333333333"><ele>8.6</ele><time>2026-01-24T09:07:14Z</time></trkpt><trkpt lat="22.45984" lon="114.32768166666668"><ele>8.8</ele><time>2026-01-24T09:07:16Z</time></trkpt><trkpt lat="22.45984" lon="114.32771499999998"><ele>9.0</ele><time>2026-01-24T09:07:18Z</time></trkpt><trkpt lat="22.45983833333333" lon="114.32774333333333"><ele>9.1</ele><time>2026-01-24T09:07:20Z</time></trkpt><trkpt lat="22.459834999999998" lon="114.327765"><ele>9.0</ele><time>2026-01-24T09:07:22Z</time></trkpt><trkpt lat="22.459828333333334" lon="114.32779000000001"><ele>9.1</ele><time>2026-01-24T09:07:24Z</time></trkpt><trkpt lat="22.459821666666667" lon="114.32781666666666"><ele>9.1</ele><time>2026-01-24T09:07:26Z</time></trkpt><trkpt lat="22.45981" lon="114.327835"><ele>9.1</ele><time>2026-01-24T09:07:29Z</time></trkpt><trkpt lat="22.459800000000005" lon="114.32781666666666"><ele>9.4</ele><time>2026-01-24T09:07:33Z</time></trkpt><trkpt lat="22.459811666666663" lon="114.32779333333335"><ele>9.6</ele><time>2026-01-24T09:07:36Z</time></trkpt><trkpt lat="22.459828333333334" lon="114.327785"><ele>9.700000000000001</ele><time>2026-01-24T09:07:40Z</time></trkpt></trkseg></trk></gpx>