<?xml version='1.0' encoding='UTF-8' ?><gpx version="1.1" creator="HikingTrailHK" xsi:schemaLocation="http://www.topografix.com/GPX/1/1 http://www.topografix.com/GPX/1/1/gpx.xsd" xmlns="http://www.topografix.com/GPX/1/1" xmlns:xsi="http://www.w3.org/2001/XMLSchema-instance"><metadata><name>西龍脊 @ 2025-11-13 10:27:44</name><desc></desc></metadata><wpt lat="22.249138333333335" lon="113.94725500000001"><ele>421.2</ele><time>2025-11-13T02:54:44Z</time><name>大石陣</name></wpt><wpt lat="22.249353333333335" lon="113.9473"><ele>452.1</ele><time>2025-11-13T03:00:55Z</time><name>大石台</name></wpt><wpt lat="22.249751666666665" lon="113.94748"><ele>475.9</ele><time>2025-11-13T03:07:20Z</time><name>巨石</name></wpt><wpt lat="22.250420000000002" lon="113.94751999999998"><ele>536.9</ele><time>2025-11-13T03:20:08Z</time><name>三段石</name></wpt><wpt lat="22.25258666666667" lon="113.94823333333333"><ele>521.3</ele><time>2025-11-13T03:39:03Z</time><name>千層石</name></wpt><wpt lat="22.252743333333335" lon="113.94838"><ele>537.1</ele><time>2025-11-13T03:41:41Z</time><name>千層岩</name></wpt><wpt lat="22.25761166666667" lon="113.95329166666667"><ele>849.2</ele><time>2025-11-13T04:44:42Z</time><name>大石</name></wpt><wpt lat="22.26273" lon="113.95252333333335"><ele>521.2</ele><time>2025-11-13T05:58:03Z</time><name>石堤</name></wpt><wpt lat="22.27644939641702" lon="113.94277862033914"><name>野狗聚居處</name></wpt><trk><trkseg><trkpt lat="22.24849" lon="113.94327"><ele>329.9</ele><time>2025-11-13T02:27:44Z</time></trkpt><trkpt lat="22.24848666666667" lon="113.94329333333332"><ele>329.79999999999995</ele><time>2025-11-13T02:27:48Z</time></trkpt><trkpt lat="22.24848833333333" lon="113.94331333333334"><ele>330.0</ele><time>2025-11-13T02:27:50Z</time></trkpt><trkpt lat="22.248495000000002" lon="113.94334166666667"><ele>330.4</ele><time>2025-11-13T02:27:53Z</time></trkpt><trkpt lat="22.248498333333334" lon="113.943365"><ele>330.9</ele><time>2025-11-13T02:27:55Z</time></trkpt><trkpt lat="22.248501666666666" lon="113.94339333333333"><ele>332.0</ele><time>2025-11-13T02:27:57Z</time></trkpt><trkpt lat="22.248499999999996" lon="113.94342"><ele>333.7</ele><time>2025-11-13T02:27:59Z</time></trkpt><trkpt lat="22.24849166666667" lon="113.94344500000001"><ele>335.79999999999995</ele><time>2025-11-13T02:28:02Z</time></trkpt><trkpt lat="22.248485" lon="113.94346500000002"><ele>337.4</ele><time>2025-11-13T02:28:04Z</time></trkpt><trkpt lat="22.248468333333335" lon="113.94348166666666"><ele>339.0</ele><time>2025-11-13T02:28:06Z</time></trkpt><trkpt lat="22.24846166666667" lon="113.94350000000001"><ele>340.2</ele><time>2025-11-13T02:28:08Z</time></trkpt><trkpt lat="22.248453333333334" lon="113.94352333333333"><ele>343.4</ele><time>2025-11-13T02:28:12Z</time></trkpt><trkpt lat="22.24844166666667" lon="113.94354333333334"><ele>344.79999999999995</ele><time>2025-11-13T02:28:14Z</time></trkpt><trkpt lat="22.24842833333333" lon="113.94355666666667"><ele>346.2</ele><time>2025-11-13T02:28:16Z</time></trkpt><trkpt lat="22.248409999999996" lon="113.94356833333335"><ele>347.5</ele><time>2025-11-13T02:28:18Z</time></trkpt><trkpt lat="22.248393333333336" lon="113.94358333333334"><ele>348.59999999999997</ele><time>2025-11-13T02:28:20Z</time></trkpt><trkpt lat="22.248373333333333" lon="113.94359333333333"><ele>349.59999999999997</ele><time>2025-11-13T02:28:22Z</time></trkpt><trkpt lat="22.248363333333334" lon="113.94361833333332"><ele>350.79999999999995</ele><time>2025-11-13T02:28:25Z</time></trkpt><trkpt lat="22.24835333333333" lon="113.94363833333334"><ele>351.4</ele><time>2025-11-13T02:28:27Z</time></trkpt><trkpt lat="22.24834" lon="113.94365833333335"><ele>351.59999999999997</ele><time>2025-11-13T02:28:29Z</time></trkpt><trkpt lat="22.248336666666667" lon="113.94368166666666"><ele>352.2</ele><time>2025-11-13T02:28:31Z</time></trkpt><trkpt lat="22.248333333333335" lon="113.94370166666667"><ele>352.79999999999995</ele><time>2025-11-13T02:28:33Z</time></trkpt><trkpt lat="22.24834" lon="113.94372666666668"><ele>352.9</ele><time>2025-11-13T02:28:36Z</time></trkpt><trkpt lat="22.248346666666666" lon="113.943745"><ele>352.9</ele><time>2025-11-13T02:28:38Z</time></trkpt><trkpt lat="22.248351666666668" lon="113.94377000000001"><ele>353.0</ele><time>2025-11-13T02:28:40Z</time></trkpt><trkpt lat="22.248351666666668" lon="113.94379333333333"><ele>353.4</ele><time>2025-11-13T02:28:42Z</time></trkpt><trkpt lat="22.24835" lon="113.94382333333333"><ele>353.7</ele><time>2025-11-13T02:28:45Z</time></trkpt><trkpt lat="22.24833833333333" lon="113.94384333333333"><ele>354.29999999999995</ele><time>2025-11-13T02:28:47Z</time></trkpt><trkpt lat="22.24832666666667" lon="113.94386333333333"><ele>354.9</ele><time>2025-11-13T02:28:49Z</time></trkpt><trkpt lat="22.24831166666667" lon="113.94387833333333"><ele>355.4</ele><time>2025-11-13T02:28:51Z</time></trkpt><trkpt lat="22.248291666666667" lon="113.94389833333335"><ele>356.29999999999995</ele><time>2025-11-13T02:28:53Z</time></trkpt><trkpt lat="22.248273333333334" lon="113.94391666666667"><ele>356.9</ele><time>2025-11-13T02:28:55Z</time></trkpt><trkpt lat="22.248258333333336" lon="113.94393833333334"><ele>357.5</ele><time>2025-11-13T02:28:57Z</time></trkpt><trkpt lat="22.248246666666667" lon="113.943955"><ele>357.79999999999995</ele><time>2025-11-13T02:28:59Z</time></trkpt><trkpt lat="22.248235" lon="113.94397"><ele>357.9</ele><time>2025-11-13T02:29:01Z</time></trkpt><trkpt lat="22.24821833333333" lon="113.94398666666666"><ele>358.0</ele><time>2025-11-13T02:29:03Z</time></trkpt><trkpt lat="22.248198333333335" lon="113.94400499999999"><ele>358.4</ele><time>2025-11-13T02:29:05Z</time></trkpt><trkpt lat="22.24819" lon="113.94402833333334"><ele>358.4</ele><time>2025-11-13T02:29:07Z</time></trkpt><trkpt lat="22.248183333333333" lon="113.94404833333334"><ele>358.5</ele><time>2025-11-13T02:29:09Z</time></trkpt><trkpt lat="22.248173333333337" lon="113.94406666666667"><ele>358.09999999999997</ele><time>2025-11-13T02:29:11Z</time></trkpt><trkpt lat="22.248161666666668" lon="113.94408833333334"><ele>358.0</ele><time>2025-11-13T02:29:13Z</time></trkpt><trkpt lat="22.248153333333335" lon="113.94411"><ele>357.79999999999995</ele><time>2025-11-13T02:29:15Z</time></trkpt><trkpt lat="22.24814666666667" lon="113.944135"><ele>357.4</ele><time>2025-11-13T02:29:17Z</time></trkpt><trkpt lat="22.248145" lon="113.94415833333332"><ele>357.4</ele><time>2025-11-13T02:29:19Z</time></trkpt><trkpt lat="22.248138333333333" lon="113.94418333333333"><ele>357.4</ele><time>2025-11-13T02:29:21Z</time></trkpt><trkpt lat="22.248138333333333" lon="113.94420999999998"><ele>357.29999999999995</ele><time>2025-11-13T02:29:23Z</time></trkpt><trkpt lat="22.24813166666667" lon="113.94423166666665"><ele>357.0</ele><time>2025-11-13T02:29:25Z</time></trkpt><trkpt lat="22.24813333333333" lon="113.94426"><ele>355.9</ele><time>2025-11-13T02:29:28Z</time></trkpt><trkpt lat="22.248126666666668" lon="113.94428"><ele>354.9</ele><time>2025-11-13T02:29:30Z</time></trkpt><trkpt lat="22.248121666666666" lon="113.94430499999999"><ele>354.29999999999995</ele><time>2025-11-13T02:29:32Z</time></trkpt><trkpt lat="22.248120000000004" lon="113.94432833333333"><ele>354.0</ele><time>2025-11-13T02:29:34Z</time></trkpt><trkpt lat="22.248124999999998" lon="113.944355"><ele>353.09999999999997</ele><time>2025-11-13T02:29:36Z</time></trkpt><trkpt lat="22.248124999999998" lon="113.94438166666666"><ele>353.1</ele><time>2025-11-13T02:29:38Z</time></trkpt><trkpt lat="22.248096666666665" lon="113.94438"><ele>353.7</ele><time>2025-11-13T02:29:46Z</time></trkpt><trkpt lat="22.248083333333337" lon="113.94440333333333"><ele>354.2</ele><time>2025-11-13T02:29:48Z</time></trkpt><trkpt lat="22.24807333333333" lon="113.94442166666667"><ele>353.8</ele><time>2025-11-13T02:29:50Z</time></trkpt><trkpt lat="22.24805666666667" lon="113.944445"><ele>352.7</ele><time>2025-11-13T02:29:53Z</time></trkpt><trkpt lat="22.248033333333336" lon="113.94446166666667"><ele>352.2</ele><time>2025-11-13T02:29:56Z</time></trkpt><trkpt lat="22.248023333333336" lon="113.94447833333334"><ele>351.8</ele><time>2025-11-13T02:29:59Z</time></trkpt><trkpt lat="22.248016666666665" lon="113.94450333333334"><ele>351.9</ele><time>2025-11-13T02:30:02Z</time></trkpt><trkpt lat="22.248003333333333" lon="113.94453333333334"><ele>351.7</ele><time>2025-11-13T02:30:04Z</time></trkpt><trkpt lat="22.247993333333337" lon="113.94455833333335"><ele>351.3</ele><time>2025-11-13T02:30:06Z</time></trkpt><trkpt lat="22.247986666666666" lon="113.94459"><ele>351.6</ele><time>2025-11-13T02:30:08Z</time></trkpt><trkpt lat="22.24798" lon="113.94462166666666"><ele>351.8</ele><time>2025-11-13T02:30:10Z</time></trkpt><trkpt lat="22.24798" lon="113.94464666666666"><ele>352.4</ele><time>2025-11-13T02:30:12Z</time></trkpt><trkpt lat="22.247981666666668" lon="113.94467333333333"><ele>353.0</ele><time>2025-11-13T02:30:14Z</time></trkpt><trkpt lat="22.247985000000003" lon="113.94469666666667"><ele>353.3</ele><time>2025-11-13T02:30:16Z</time></trkpt><trkpt lat="22.247991666666667" lon="113.94472333333333"><ele>354.2</ele><time>2025-11-13T02:30:19Z</time></trkpt><trkpt lat="22.247995" lon="113.944745"><ele>355.0</ele><time>2025-11-13T02:30:21Z</time></trkpt><trkpt lat="22.247989999999998" lon="113.94476666666667"><ele>356.2</ele><time>2025-11-13T02:30:23Z</time></trkpt><trkpt lat="22.24798333333333" lon="113.94479166666666"><ele>357.1</ele><time>2025-11-13T02:30:25Z</time></trkpt><trkpt lat="22.247973333333334" lon="113.94481333333333"><ele>357.7</ele><time>2025-11-13T02:30:27Z</time></trkpt><trkpt lat="22.247963333333338" lon="113.94483"><ele>358.0</ele><time>2025-11-13T02:30:29Z</time></trkpt><trkpt lat="22.247958333333333" lon="113.944855"><ele>358.2</ele><time>2025-11-13T02:30:31Z</time></trkpt><trkpt lat="22.247956666666663" lon="113.94487833333332"><ele>358.5</ele><time>2025-11-13T02:30:33Z</time></trkpt><trkpt lat="22.24795333333333" lon="113.94490499999999"><ele>358.9</ele><time>2025-11-13T02:30:36Z</time></trkpt><trkpt lat="22.247963333333338" lon="113.94493333333334"><ele>359.3</ele><time>2025-11-13T02:30:39Z</time></trkpt><trkpt lat="22.247971666666665" lon="113.94495666666666"><ele>359.5</ele><time>2025-11-13T02:30:42Z</time></trkpt><trkpt lat="22.24798" lon="113.94497833333335"><ele>359.6</ele><time>2025-11-13T02:30:45Z</time></trkpt><trkpt lat="22.247981666666668" lon="113.94500166666667"><ele>359.5</ele><time>2025-11-13T02:30:48Z</time></trkpt><trkpt lat="22.247981666666668" lon="113.94502166666668"><ele>359.6</ele><time>2025-11-13T02:30:51Z</time></trkpt><trkpt lat="22.247978333333336" lon="113.94504833333333"><ele>359.1</ele><time>2025-11-13T02:30:55Z</time></trkpt><trkpt lat="22.247981666666668" lon="113.94507"><ele>358.7</ele><time>2025-11-13T02:30:58Z</time></trkpt><trkpt lat="22.247963333333338" lon="113.94508666666667"><ele>354.9</ele><time>2025-11-13T02:31:09Z</time></trkpt><trkpt lat="22.247961666666665" lon="113.94510833333334"><ele>353.5</ele><time>2025-11-13T02:31:11Z</time></trkpt><trkpt lat="22.247961666666665" lon="113.94513833333333"><ele>351.3</ele><time>2025-11-13T02:31:13Z</time></trkpt><trkpt lat="22.247961666666665" lon="113.94517499999999"><ele>350.1</ele><time>2025-11-13T02:31:15Z</time></trkpt><trkpt lat="22.247961666666665" lon="113.945195"><ele>350.1</ele><time>2025-11-13T02:31:16Z</time></trkpt><trkpt lat="22.247958333333333" lon="113.94522166666665"><ele>350.0</ele><time>2025-11-13T02:31:18Z</time></trkpt><trkpt lat="22.24795" lon="113.94524333333332"><ele>348.7</ele><time>2025-11-13T02:31:22Z</time></trkpt><trkpt lat="22.24795" lon="113.94526833333333"><ele>347.6</ele><time>2025-11-13T02:31:25Z</time></trkpt><trkpt lat="22.247946666666667" lon="113.94529499999999"><ele>347.8</ele><time>2025-11-13T02:31:27Z</time></trkpt><trkpt lat="22.247936666666668" lon="113.94533000000001"><ele>347.9</ele><time>2025-11-13T02:31:29Z</time></trkpt><trkpt lat="22.247929999999997" lon="113.94535833333333"><ele>347.9</ele><time>2025-11-13T02:31:31Z</time></trkpt><trkpt lat="22.247923333333333" lon="113.94537666666665"><ele>347.7</ele><time>2025-11-13T02:31:33Z</time></trkpt><trkpt lat="22.24792" lon="113.945405"><ele>347.3</ele><time>2025-11-13T02:31:36Z</time></trkpt><trkpt lat="22.24791" lon="113.94543"><ele>347.5</ele><time>2025-11-13T02:31:39Z</time></trkpt><trkpt lat="22.247889999999998" lon="113.94543833333334"><ele>349.3</ele><time>2025-11-13T02:31:44Z</time></trkpt><trkpt lat="22.247899999999998" lon="113.94546"><ele>350.5</ele><time>2025-11-13T02:31:48Z</time></trkpt><trkpt lat="22.247883333333334" lon="113.94547333333334"><ele>352.2</ele><time>2025-11-13T02:32:02Z</time></trkpt><trkpt lat="22.247878333333333" lon="113.94549333333335"><ele>352.2</ele><time>2025-11-13T02:32:06Z</time></trkpt><trkpt lat="22.247866666666663" lon="113.94551166666666"><ele>352.3</ele><time>2025-11-13T02:32:08Z</time></trkpt><trkpt lat="22.247858333333337" lon="113.94553499999999"><ele>352.6</ele><time>2025-11-13T02:32:10Z</time></trkpt><trkpt lat="22.247856666666667" lon="113.94555999999999"><ele>352.4</ele><time>2025-11-13T02:32:12Z</time></trkpt><trkpt lat="22.247846666666668" lon="113.94558333333335"><ele>352.8</ele><time>2025-11-13T02:32:16Z</time></trkpt><trkpt lat="22.24783166666667" lon="113.94560500000001"><ele>353.3</ele><time>2025-11-13T02:32:19Z</time></trkpt><trkpt lat="22.247813333333337" lon="113.94562499999999"><ele>353.6</ele><time>2025-11-13T02:32:21Z</time></trkpt><trkpt lat="22.247790000000002" lon="113.94564833333334"><ele>353.9</ele><time>2025-11-13T02:32:23Z</time></trkpt><trkpt lat="22.247775" lon="113.94566166666667"><ele>354.1</ele><time>2025-11-13T02:32:25Z</time></trkpt><trkpt lat="22.247760000000003" lon="113.94567666666666"><ele>354.2</ele><time>2025-11-13T02:32:27Z</time></trkpt><trkpt lat="22.247748333333334" lon="113.94569166666666"><ele>354.3</ele><time>2025-11-13T02:32:29Z</time></trkpt><trkpt lat="22.24772666666667" lon="113.945705"><ele>354.5</ele><time>2025-11-13T02:32:32Z</time></trkpt><trkpt lat="22.247706666666666" lon="113.94572166666667"><ele>354.8</ele><time>2025-11-13T02:32:34Z</time></trkpt><trkpt lat="22.247688333333333" lon="113.94573333333334"><ele>354.9</ele><time>2025-11-13T02:32:36Z</time></trkpt><trkpt lat="22.247663333333335" lon="113.94574333333334"><ele>355.3</ele><time>2025-11-13T02:32:38Z</time></trkpt><trkpt lat="22.247643333333333" lon="113.94576"><ele>355.6</ele><time>2025-11-13T02:32:40Z</time></trkpt><trkpt lat="22.247621666666667" lon="113.94577499999998"><ele>355.9</ele><time>2025-11-13T02:32:43Z</time></trkpt><trkpt lat="22.247608333333332" lon="113.94579"><ele>356.1</ele><time>2025-11-13T02:32:45Z</time></trkpt><trkpt lat="22.247588333333336" lon="113.94579666666665"><ele>356.3</ele><time>2025-11-13T02:32:48Z</time></trkpt><trkpt lat="22.247573333333335" lon="113.94581166666667"><ele>356.4</ele><time>2025-11-13T02:32:50Z</time></trkpt><trkpt lat="22.247558333333338" lon="113.94583666666668"><ele>356.6</ele><time>2025-11-13T02:32:53Z</time></trkpt><trkpt lat="22.24754666666667" lon="113.94586"><ele>356.9</ele><time>2025-11-13T02:32:56Z</time></trkpt><trkpt lat="22.247536666666665" lon="113.94587833333331"><ele>357.0</ele><time>2025-11-13T02:32:58Z</time></trkpt><trkpt lat="22.247529999999998" lon="113.94590166666667"><ele>357.0</ele><time>2025-11-13T02:33:00Z</time></trkpt><trkpt lat="22.247523333333334" lon="113.94592166666668"><ele>357.1</ele><time>2025-11-13T02:33:02Z</time></trkpt><trkpt lat="22.24751666666667" lon="113.94594166666666"><ele>357.1</ele><time>2025-11-13T02:33:04Z</time></trkpt><trkpt lat="22.247511666666664" lon="113.94596166666666"><ele>357.0</ele><time>2025-11-13T02:33:06Z</time></trkpt><trkpt lat="22.247508333333332" lon="113.945985"><ele>356.9</ele><time>2025-11-13T02:33:08Z</time></trkpt><trkpt lat="22.24750166666667" lon="113.94600833333334"><ele>356.9</ele><time>2025-11-13T02:33:10Z</time></trkpt><trkpt lat="22.247495000000004" lon="113.94603000000001"><ele>356.9</ele><time>2025-11-13T02:33:12Z</time></trkpt><trkpt lat="22.247496666666667" lon="113.94605666666666"><ele>356.9</ele><time>2025-11-13T02:33:15Z</time></trkpt><trkpt lat="22.247498333333336" lon="113.94608166666667"><ele>356.8</ele><time>2025-11-13T02:33:18Z</time></trkpt><trkpt lat="22.247496666666667" lon="113.94611000000002"><ele>356.7</ele><time>2025-11-13T02:33:21Z</time></trkpt><trkpt lat="22.247493333333335" lon="113.94614166666666"><ele>355.9</ele><time>2025-11-13T02:33:23Z</time></trkpt><trkpt lat="22.2475" lon="113.94615999999999"><ele>354.6</ele><time>2025-11-13T02:33:26Z</time></trkpt><trkpt lat="22.247490000000003" lon="113.94619666666668"><ele>353.0</ele><time>2025-11-13T02:33:28Z</time></trkpt><trkpt lat="22.24747166666667" lon="113.94622333333334"><ele>352.6</ele><time>2025-11-13T02:33:30Z</time></trkpt><trkpt lat="22.247468333333337" lon="113.94625333333333"><ele>351.5</ele><time>2025-11-13T02:33:33Z</time></trkpt><trkpt lat="22.247473333333332" lon="113.94628166666668"><ele>349.8</ele><time>2025-11-13T02:33:36Z</time></trkpt><trkpt lat="22.247481666666665" lon="113.94630333333335"><ele>348.4</ele><time>2025-11-13T02:33:39Z</time></trkpt><trkpt lat="22.247491666666665" lon="113.94632333333332"><ele>347.7</ele><time>2025-11-13T02:33:42Z</time></trkpt><trkpt lat="22.247498333333336" lon="113.94635000000001"><ele>347.0</ele><time>2025-11-13T02:33:45Z</time></trkpt><trkpt lat="22.24750333333333" lon="113.94636999999999"><ele>346.6</ele><time>2025-11-13T02:33:47Z</time></trkpt><trkpt lat="22.247513333333337" lon="113.94638833333332"><ele>346.2</ele><time>2025-11-13T02:33:49Z</time></trkpt><trkpt lat="22.247526666666666" lon="113.94641333333333"><ele>346.1</ele><time>2025-11-13T02:33:51Z</time></trkpt><trkpt lat="22.247538333333335" lon="113.94643833333333"><ele>346.2</ele><time>2025-11-13T02:33:54Z</time></trkpt><trkpt lat="22.247540000000004" lon="113.94646166666668"><ele>346.4</ele><time>2025-11-13T02:33:56Z</time></trkpt><trkpt lat="22.247540000000004" lon="113.94648333333335"><ele>347.0</ele><time>2025-11-13T02:33:58Z</time></trkpt><trkpt lat="22.247543333333336" lon="113.94650500000002"><ele>348.4</ele><time>2025-11-13T02:34:03Z</time></trkpt><trkpt lat="22.247541666666667" lon="113.946525"><ele>348.7</ele><time>2025-11-13T02:34:06Z</time></trkpt><trkpt lat="22.247541666666667" lon="113.946545"><ele>349.0</ele><time>2025-11-13T02:34:09Z</time></trkpt><trkpt lat="22.247541666666667" lon="113.946575"><ele>349.5</ele><time>2025-11-13T02:34:12Z</time></trkpt><trkpt lat="22.247556666666664" lon="113.94659166666666"><ele>349.3</ele><time>2025-11-13T02:34:14Z</time></trkpt><trkpt lat="22.247565" lon="113.94660999999999"><ele>349.3</ele><time>2025-11-13T02:34:16Z</time></trkpt><trkpt lat="22.247580000000003" lon="113.94662166666667"><ele>349.3</ele><time>2025-11-13T02:34:21Z</time></trkpt><trkpt lat="22.24757833333333" lon="113.94664333333334"><ele>348.8</ele><time>2025-11-13T02:34:24Z</time></trkpt><trkpt lat="22.247574999999998" lon="113.94666666666666"><ele>348.7</ele><time>2025-11-13T02:34:26Z</time></trkpt><trkpt lat="22.24757833333333" lon="113.94668833333331"><ele>348.6</ele><time>2025-11-13T02:34:28Z</time></trkpt><trkpt lat="22.24759" lon="113.94671000000001"><ele>348.4</ele><time>2025-11-13T02:34:31Z</time></trkpt><trkpt lat="22.247601666666664" lon="113.94673666666668"><ele>348.3</ele><time>2025-11-13T02:34:34Z</time></trkpt><trkpt lat="22.247605" lon="113.94676166666667"><ele>348.3</ele><time>2025-11-13T02:34:36Z</time></trkpt><trkpt lat="22.247616666666666" lon="113.946785"><ele>348.3</ele><time>2025-11-13T02:34:38Z</time></trkpt><trkpt lat="22.247625000000003" lon="113.94680333333332"><ele>348.2</ele><time>2025-11-13T02:34:40Z</time></trkpt><trkpt lat="22.247628333333335" lon="113.94682333333334"><ele>348.1</ele><time>2025-11-13T02:34:42Z</time></trkpt><trkpt lat="22.247631666666667" lon="113.94685"><ele>348.0</ele><time>2025-11-13T02:34:44Z</time></trkpt><trkpt lat="22.247633333333336" lon="113.94687"><ele>347.9</ele><time>2025-11-13T02:34:46Z</time></trkpt><trkpt lat="22.247635" lon="113.94689500000001"><ele>347.9</ele><time>2025-11-13T02:34:48Z</time></trkpt><trkpt lat="22.24763666666667" lon="113.94691999999999"><ele>347.9</ele><time>2025-11-13T02:34:50Z</time></trkpt><trkpt lat="22.247635" lon="113.94694833333332"><ele>348.2</ele><time>2025-11-13T02:34:53Z</time></trkpt><trkpt lat="22.24764" lon="113.94697166666668"><ele>348.5</ele><time>2025-11-13T02:34:55Z</time></trkpt><trkpt lat="22.247643333333333" lon="113.94699166666666"><ele>348.7</ele><time>2025-11-13T02:34:57Z</time></trkpt><trkpt lat="22.247658333333334" lon="113.94700499999999"><ele>349.3</ele><time>2025-11-13T02:35:00Z</time></trkpt><trkpt lat="22.247674999999997" lon="113.94702166666666"><ele>349.5</ele><time>2025-11-13T02:35:03Z</time></trkpt><trkpt lat="22.24768166666667" lon="113.94705"><ele>349.5</ele><time>2025-11-13T02:35:07Z</time></trkpt><trkpt lat="22.247674999999997" lon="113.94707166666667"><ele>349.5</ele><time>2025-11-13T02:35:09Z</time></trkpt><trkpt lat="22.247664999999998" lon="113.94708833333334"><ele>349.6</ele><time>2025-11-13T02:35:11Z</time></trkpt><trkpt lat="22.247663333333335" lon="113.94710833333332"><ele>349.5</ele><time>2025-11-13T02:35:13Z</time></trkpt><trkpt lat="22.247661666666666" lon="113.94712999999999"><ele>349.3</ele><time>2025-11-13T02:35:16Z</time></trkpt><trkpt lat="22.247670000000003" lon="113.947155"><ele>349.3</ele><time>2025-11-13T02:35:19Z</time></trkpt><trkpt lat="22.247678333333337" lon="113.947175"><ele>349.4</ele><time>2025-11-13T02:35:22Z</time></trkpt><trkpt lat="22.247678333333337" lon="113.94719666666667"><ele>349.6</ele><time>2025-11-13T02:35:24Z</time></trkpt><trkpt lat="22.247685" lon="113.94721999999999"><ele>349.8</ele><time>2025-11-13T02:35:27Z</time></trkpt><trkpt lat="22.247695" lon="113.94724"><ele>349.9</ele><time>2025-11-13T02:35:30Z</time></trkpt><trkpt lat="22.247704999999996" lon="113.94726333333334"><ele>350.1</ele><time>2025-11-13T02:35:33Z</time></trkpt><trkpt lat="22.247715000000003" lon="113.94728333333333"><ele>350.3</ele><time>2025-11-13T02:35:36Z</time></trkpt><trkpt lat="22.24772666666667" lon="113.94730333333334"><ele>350.5</ele><time>2025-11-13T02:35:39Z</time></trkpt><trkpt lat="22.247736666666665" lon="113.94732166666667"><ele>350.8</ele><time>2025-11-13T02:35:43Z</time></trkpt><trkpt lat="22.247743333333332" lon="113.94734500000001"><ele>351.1</ele><time>2025-11-13T02:35:46Z</time></trkpt><trkpt lat="22.247749999999996" lon="113.94736666666668"><ele>351.4</ele><time>2025-11-13T02:35:49Z</time></trkpt><trkpt lat="22.247753333333335" lon="113.94738666666666"><ele>351.6</ele><time>2025-11-13T02:35:53Z</time></trkpt><trkpt lat="22.247756666666668" lon="113.94740666666667"><ele>351.9</ele><time>2025-11-13T02:35:57Z</time></trkpt><trkpt lat="22.247751666666666" lon="113.94743166666667"><ele>352.1</ele><time>2025-11-13T02:36:00Z</time></trkpt><trkpt lat="22.247749999999996" lon="113.94745499999999"><ele>352.3</ele><time>2025-11-13T02:36:03Z</time></trkpt><trkpt lat="22.247746666666664" lon="113.94747666666666"><ele>352.4</ele><time>2025-11-13T02:36:05Z</time></trkpt><trkpt lat="22.247749999999996" lon="113.94750166666667"><ele>352.6</ele><time>2025-11-13T02:36:08Z</time></trkpt><trkpt lat="22.247754999999998" lon="113.94752166666667"><ele>352.8</ele><time>2025-11-13T02:36:11Z</time></trkpt><trkpt lat="22.24775833333333" lon="113.94754499999999"><ele>352.9</ele><time>2025-11-13T02:36:14Z</time></trkpt><trkpt lat="22.247760000000003" lon="113.94756833333334"><ele>353.1</ele><time>2025-11-13T02:36:17Z</time></trkpt><trkpt lat="22.247766666666667" lon="113.94758833333331"><ele>353.2</ele><time>2025-11-13T02:36:19Z</time></trkpt><trkpt lat="22.247766666666667" lon="113.94760833333333"><ele>353.4</ele><time>2025-11-13T02:36:21Z</time></trkpt><trkpt lat="22.24777" lon="113.94762999999999"><ele>353.6</ele><time>2025-11-13T02:36:24Z</time></trkpt><trkpt lat="22.247785" lon="113.94765333333335"><ele>354.1</ele><time>2025-11-13T02:36:27Z</time></trkpt><trkpt lat="22.247794999999996" lon="113.94767500000002"><ele>354.3</ele><time>2025-11-13T02:36:30Z</time></trkpt><trkpt lat="22.247793333333334" lon="113.94770500000001"><ele>354.8</ele><time>2025-11-13T02:36:33Z</time></trkpt><trkpt lat="22.247790000000002" lon="113.94773500000001"><ele>355.7</ele><time>2025-11-13T02:36:43Z</time></trkpt><trkpt lat="22.247798333333336" lon="113.94775833333333"><ele>355.9</ele><time>2025-11-13T02:36:46Z</time></trkpt><trkpt lat="22.24781666666667" lon="113.94777"><ele>355.2</ele><time>2025-11-13T02:36:52Z</time></trkpt><trkpt lat="22.24783166666667" lon="113.94778666666667"><ele>355.0</ele><time>2025-11-13T02:36:55Z</time></trkpt><trkpt lat="22.247854999999998" lon="113.94780166666666"><ele>354.8</ele><time>2025-11-13T02:36:59Z</time></trkpt><trkpt lat="22.24781833333333" lon="113.94779666666666"><ele>359.0</ele><time>2025-11-13T02:37:11Z</time></trkpt><trkpt lat="22.247801666666668" lon="113.94778666666667"><ele>359.9</ele><time>2025-11-13T02:37:13Z</time></trkpt><trkpt lat="22.24778666666667" lon="113.94776833333331"><ele>360.8</ele><time>2025-11-13T02:37:16Z</time></trkpt><trkpt lat="22.247779999999995" lon="113.94775"><ele>361.8</ele><time>2025-11-13T02:37:21Z</time></trkpt><trkpt lat="22.247778333333333" lon="113.94772833333333"><ele>362.3</ele><time>2025-11-13T02:37:24Z</time></trkpt><trkpt lat="22.24777333333333" lon="113.94770666666666"><ele>362.4</ele><time>2025-11-13T02:37:28Z</time></trkpt><trkpt lat="22.247783333333338" lon="113.94768833333335"><ele>362.1</ele><time>2025-11-13T02:37:32Z</time></trkpt><trkpt lat="22.247798333333336" lon="113.94767333333333"><ele>361.3</ele><time>2025-11-13T02:37:39Z</time></trkpt><trkpt lat="22.247776666666663" lon="113.94767666666667"><ele>360.7</ele><time>2025-11-13T02:37:45Z</time></trkpt><trkpt lat="22.247766666666667" lon="113.94769333333333"><ele>360.8</ele><time>2025-11-13T02:37:48Z</time></trkpt><trkpt lat="22.247793333333334" lon="113.94768166666667"><ele>364.4</ele><time>2025-11-13T02:39:05Z</time></trkpt><trkpt lat="22.247768333333337" lon="113.94769"><ele>366.4</ele><time>2025-11-13T02:39:58Z</time></trkpt><trkpt lat="22.247844999999998" lon="113.94767500000002"><ele>362.6</ele><time>2025-11-13T02:40:41Z</time></trkpt><trkpt lat="22.247869999999995" lon="113.94768333333334"><ele>362.3</ele><time>2025-11-13T02:40:45Z</time></trkpt><trkpt lat="22.247889999999998" lon="113.94769166666669"><ele>362.0</ele><time>2025-11-13T02:40:49Z</time></trkpt><trkpt lat="22.247913333333333" lon="113.94769166666669"><ele>361.6</ele><time>2025-11-13T02:40:53Z</time></trkpt><trkpt lat="22.247933333333336" lon="113.94769333333333"><ele>361.1</ele><time>2025-11-13T02:40:57Z</time></trkpt><trkpt lat="22.247948333333337" lon="113.94770833333332"><ele>360.9</ele><time>2025-11-13T02:41:01Z</time></trkpt><trkpt lat="22.24802833333333" lon="113.94765333333335"><ele>360.5</ele><time>2025-11-13T02:41:28Z</time></trkpt><trkpt lat="22.2481" lon="113.94761833333332"><ele>367.0</ele><time>2025-11-13T02:43:09Z</time></trkpt><trkpt lat="22.248103333333333" lon="113.94757499999999"><ele>368.2</ele><time>2025-11-13T02:43:22Z</time></trkpt><trkpt lat="22.248094999999996" lon="113.94755333333333"><ele>368.7</ele><time>2025-11-13T02:43:25Z</time></trkpt><trkpt lat="22.248094999999996" lon="113.94753"><ele>369.3</ele><time>2025-11-13T02:43:28Z</time></trkpt><trkpt lat="22.248094999999996" lon="113.94750833333335"><ele>369.8</ele><time>2025-11-13T02:43:32Z</time></trkpt><trkpt lat="22.24818" lon="113.94746166666667"><ele>371.4</ele><time>2025-11-13T02:44:07Z</time></trkpt><trkpt lat="22.248198333333335" lon="113.94745999999999"><ele>371.6</ele><time>2025-11-13T02:44:12Z</time></trkpt><trkpt lat="22.248229999999996" lon="113.94745166666668"><ele>372.2</ele><time>2025-11-13T02:44:18Z</time></trkpt><trkpt lat="22.24825166666667" lon="113.947445"><ele>372.4</ele><time>2025-11-13T02:44:22Z</time></trkpt><trkpt lat="22.24827" lon="113.94743833333332"><ele>372.8</ele><time>2025-11-13T02:44:26Z</time></trkpt><trkpt lat="22.248318333333334" lon="113.94743666666666"><ele>373.3</ele><time>2025-11-13T02:44:36Z</time></trkpt><trkpt lat="22.248336666666667" lon="113.94743333333332"><ele>373.3</ele><time>2025-11-13T02:44:40Z</time></trkpt><trkpt lat="22.248358333333332" lon="113.94739666666668"><ele>379.2</ele><time>2025-11-13T02:45:22Z</time></trkpt><trkpt lat="22.24834" lon="113.94741"><ele>378.7</ele><time>2025-11-13T02:45:27Z</time></trkpt><trkpt lat="22.24835333333333" lon="113.94738000000001"><ele>374.9</ele><time>2025-11-13T02:46:12Z</time></trkpt><trkpt lat="22.248421666666665" lon="113.94734500000001"><ele>378.9</ele><time>2025-11-13T02:47:22Z</time></trkpt><trkpt lat="22.24843" lon="113.94732666666665"><ele>379.3</ele><time>2025-11-13T02:47:27Z</time></trkpt><trkpt lat="22.248471666666667" lon="113.94723333333334"><ele>380.6</ele><time>2025-11-13T02:47:52Z</time></trkpt><trkpt lat="22.248501666666666" lon="113.947235"><ele>381.4</ele><time>2025-11-13T02:47:59Z</time></trkpt><trkpt lat="22.248606666666667" lon="113.94721166666668"><ele>385.0</ele><time>2025-11-13T02:48:32Z</time></trkpt><trkpt lat="22.24867" lon="113.94712166666667"><ele>387.7</ele><time>2025-11-13T02:48:57Z</time></trkpt><trkpt lat="22.248720000000002" lon="113.94712999999999"><ele>390.1</ele><time>2025-11-13T02:49:10Z</time></trkpt><trkpt lat="22.248735000000003" lon="113.947145"><ele>390.7</ele><time>2025-11-13T02:49:14Z</time></trkpt><trkpt lat="22.24877333333333" lon="113.94715333333333"><ele>393.6</ele><time>2025-11-13T02:49:48Z</time></trkpt><trkpt lat="22.24876" lon="113.94712999999999"><ele>393.7</ele><time>2025-11-13T02:49:50Z</time></trkpt><trkpt lat="22.248856666666665" lon="113.94715999999998"><ele>398.1</ele><time>2025-11-13T02:50:30Z</time></trkpt><trkpt lat="22.248956666666665" lon="113.94717"><ele>401.5</ele><time>2025-11-13T02:51:17Z</time></trkpt><trkpt lat="22.249053333333336" lon="113.94717666666665"><ele>406.8</ele><time>2025-11-13T02:52:02Z</time></trkpt><trkpt lat="22.249106666666663" lon="113.94714666666665"><ele>410.9</ele><time>2025-11-13T02:52:34Z</time></trkpt><trkpt lat="22.24911666666667" lon="113.94716833333332"><ele>411.1</ele><time>2025-11-13T02:52:37Z</time></trkpt><trkpt lat="22.24912" lon="113.94719666666667"><ele>411.2</ele><time>2025-11-13T02:52:38Z</time></trkpt><trkpt lat="22.249121666666664" lon="113.94721833333332"><ele>410.8</ele><time>2025-11-13T02:52:43Z</time></trkpt><trkpt lat="22.24911833333333" lon="113.94719666666667"><ele>410.8</ele><time>2025-11-13T02:52:46Z</time></trkpt><trkpt lat="22.249101666666668" lon="113.94713833333331"><ele>409.2</ele><time>2025-11-13T02:53:03Z</time></trkpt><trkpt lat="22.24912" lon="113.94714833333335"><ele>410.4</ele><time>2025-11-13T02:53:10Z</time></trkpt><trkpt lat="22.249143333333336" lon="113.94715999999998"><ele>416.5</ele><time>2025-11-13T02:53:55Z</time></trkpt><trkpt lat="22.249136666666665" lon="113.94718666666668"><ele>417.2</ele><time>2025-11-13T02:54:00Z</time></trkpt><trkpt lat="22.249131666666667" lon="113.94720833333334"><ele>417.9</ele><time>2025-11-13T02:54:03Z</time></trkpt><trkpt lat="22.249145" lon="113.94722333333333"><ele>418.3</ele><time>2025-11-13T02:54:07Z</time></trkpt><trkpt lat="22.24916" lon="113.94723833333335"><ele>419.6</ele><time>2025-11-13T02:54:11Z</time></trkpt><trkpt lat="22.249146666666668" lon="113.94725333333332"><ele>420.8</ele><time>2025-11-13T02:54:16Z</time></trkpt><trkpt lat="22.24915" lon="113.94721999999999"><ele>424.4</ele><time>2025-11-13T02:54:57Z</time></trkpt><trkpt lat="22.249143333333336" lon="113.94724"><ele>425.0</ele><time>2025-11-13T02:55:01Z</time></trkpt><trkpt lat="22.24919" lon="113.94726"><ele>430.8</ele><time>2025-11-13T02:57:03Z</time></trkpt><trkpt lat="22.249203333333337" lon="113.94727666666668"><ele>431.0</ele><time>2025-11-13T02:57:08Z</time></trkpt><trkpt lat="22.249253333333332" lon="113.94732166666667"><ele>435.6</ele><time>2025-11-13T02:57:49Z</time></trkpt><trkpt lat="22.24924" lon="113.94733999999998"><ele>437.6</ele><time>2025-11-13T02:57:57Z</time></trkpt><trkpt lat="22.249229999999997" lon="113.94732333333334"><ele>438.8</ele><time>2025-11-13T02:58:12Z</time></trkpt><trkpt lat="22.24920666666667" lon="113.94738166666666"><ele>440.8</ele><time>2025-11-13T02:58:25Z</time></trkpt><trkpt lat="22.249221666666667" lon="113.94736833333333"><ele>439.7</ele><time>2025-11-13T02:58:32Z</time></trkpt><trkpt lat="22.249231666666667" lon="113.94733999999998"><ele>439.4</ele><time>2025-11-13T02:58:35Z</time></trkpt><trkpt lat="22.24925" lon="113.947335"><ele>438.6</ele><time>2025-11-13T02:58:40Z</time></trkpt><trkpt lat="22.249345" lon="113.94736499999999"><ele>440.0</ele><time>2025-11-13T02:59:15Z</time></trkpt><trkpt lat="22.249361666666665" lon="113.94733833333333"><ele>441.4</ele><time>2025-11-13T02:59:26Z</time></trkpt><trkpt lat="22.249348333333334" lon="113.94731833333331"><ele>442.0</ele><time>2025-11-13T02:59:29Z</time></trkpt><trkpt lat="22.249336666666668" lon="113.9473"><ele>442.4</ele><time>2025-11-13T02:59:33Z</time></trkpt><trkpt lat="22.249360000000003" lon="113.94730833333332"><ele>447.5</ele><time>2025-11-13T02:59:49Z</time></trkpt><trkpt lat="22.249343333333332" lon="113.94728833333332"><ele>453.9</ele><time>2025-11-13T03:01:15Z</time></trkpt><trkpt lat="22.249388333333332" lon="113.94734166666667"><ele>454.8</ele><time>2025-11-13T03:01:58Z</time></trkpt><trkpt lat="22.249408333333335" lon="113.947355"><ele>455.1</ele><time>2025-11-13T03:02:00Z</time></trkpt><trkpt lat="22.249411666666667" lon="113.94737833333332"><ele>455.3</ele><time>2025-11-13T03:02:05Z</time></trkpt><trkpt lat="22.249436666666664" lon="113.94738000000001"><ele>454.9</ele><time>2025-11-13T03:02:09Z</time></trkpt><trkpt lat="22.249398333333335" lon="113.94741166666667"><ele>455.7</ele><time>2025-11-13T03:02:32Z</time></trkpt><trkpt lat="22.24941666666667" lon="113.94740500000002"><ele>455.5</ele><time>2025-11-13T03:02:36Z</time></trkpt><trkpt lat="22.249505" lon="113.947355"><ele>456.7</ele><time>2025-11-13T03:03:34Z</time></trkpt><trkpt lat="22.249601666666663" lon="113.94736499999999"><ele>462.1</ele><time>2025-11-13T03:05:30Z</time></trkpt><trkpt lat="22.24964166666667" lon="113.94740166666666"><ele>463.3</ele><time>2025-11-13T03:05:55Z</time></trkpt><trkpt lat="22.249671666666668" lon="113.94742666666667"><ele>464.4</ele><time>2025-11-13T03:06:13Z</time></trkpt><trkpt lat="22.249761666666668" lon="113.94748666666668"><ele>467.7</ele><time>2025-11-13T03:06:47Z</time></trkpt><trkpt lat="22.249745" lon="113.94747000000001"><ele>476.3</ele><time>2025-11-13T03:07:33Z</time></trkpt><trkpt lat="22.249745" lon="113.94744999999999"><ele>476.3</ele><time>2025-11-13T03:07:37Z</time></trkpt><trkpt lat="22.24974166666667" lon="113.94742999999998"><ele>475.8</ele><time>2025-11-13T03:07:45Z</time></trkpt><trkpt lat="22.249761666666668" lon="113.94739999999999"><ele>475.8</ele><time>2025-11-13T03:07:55Z</time></trkpt><trkpt lat="22.24985333333333" lon="113.94737666666667"><ele>479.1</ele><time>2025-11-13T03:08:55Z</time></trkpt><trkpt lat="22.24984833333333" lon="113.94747000000001"><ele>486.4</ele><time>2025-11-13T03:10:13Z</time></trkpt><trkpt lat="22.249889999999997" lon="113.94753999999999"><ele>488.4</ele><time>2025-11-13T03:10:42Z</time></trkpt><trkpt lat="22.24995666666667" lon="113.94760999999998"><ele>495.4</ele><time>2025-11-13T03:12:07Z</time></trkpt><trkpt lat="22.250035000000004" lon="113.94767333333333"><ele>503.2</ele><time>2025-11-13T03:13:11Z</time></trkpt><trkpt lat="22.25012166666667" lon="113.94763499999999"><ele>508.9</ele><time>2025-11-13T03:14:40Z</time></trkpt><trkpt lat="22.250105" lon="113.94761333333332"><ele>509.7</ele><time>2025-11-13T03:14:43Z</time></trkpt><trkpt lat="22.250103333333332" lon="113.94759333333334"><ele>510.6</ele><time>2025-11-13T03:14:47Z</time></trkpt><trkpt lat="22.250111666666665" lon="113.94761666666666"><ele>511.0</ele><time>2025-11-13T03:14:50Z</time></trkpt><trkpt lat="22.250110000000003" lon="113.94763833333333"><ele>511.29999999999995</ele><time>2025-11-13T03:14:54Z</time></trkpt><trkpt lat="22.250144999999996" lon="113.94763166666668"><ele>510.9</ele><time>2025-11-13T03:15:45Z</time></trkpt><trkpt lat="22.25017833333333" lon="113.94764833333332"><ele>516.9</ele><time>2025-11-13T03:16:38Z</time></trkpt><trkpt lat="22.250158333333335" lon="113.94765333333335"><ele>516.7</ele><time>2025-11-13T03:16:42Z</time></trkpt><trkpt lat="22.25021" lon="113.94763999999999"><ele>518.1</ele><time>2025-11-13T03:16:57Z</time></trkpt><trkpt lat="22.250293333333335" lon="113.94757999999999"><ele>522.8</ele><time>2025-11-13T03:17:41Z</time></trkpt><trkpt lat="22.250335000000003" lon="113.94759166666667"><ele>523.9</ele><time>2025-11-13T03:18:06Z</time></trkpt><trkpt lat="22.250365000000002" lon="113.94758333333333"><ele>530.2</ele><time>2025-11-13T03:19:01Z</time></trkpt><trkpt lat="22.25038833333333" lon="113.94757666666668"><ele>529.3</ele><time>2025-11-13T03:19:14Z</time></trkpt><trkpt lat="22.250408333333333" lon="113.94755333333333"><ele>530.0</ele><time>2025-11-13T03:19:19Z</time></trkpt><trkpt lat="22.250420000000002" lon="113.94753666666665"><ele>530.4</ele><time>2025-11-13T03:19:21Z</time></trkpt><trkpt lat="22.250428333333335" lon="113.94751666666667"><ele>531.2</ele><time>2025-11-13T03:19:24Z</time></trkpt><trkpt lat="22.250411666666665" lon="113.94750333333334"><ele>536.8</ele><time>2025-11-13T03:20:29Z</time></trkpt><trkpt lat="22.250408333333333" lon="113.94748"><ele>537.0</ele><time>2025-11-13T03:20:32Z</time></trkpt><trkpt lat="22.250414999999997" lon="113.94746166666667"><ele>537.3</ele><time>2025-11-13T03:20:35Z</time></trkpt><trkpt lat="22.250435" lon="113.947475"><ele>537.6</ele><time>2025-11-13T03:20:42Z</time></trkpt><trkpt lat="22.250443333333337" lon="113.94749500000002"><ele>537.4</ele><time>2025-11-13T03:20:44Z</time></trkpt><trkpt lat="22.250496666666663" lon="113.94755500000001"><ele>535.8</ele><time>2025-11-13T03:20:57Z</time></trkpt><trkpt lat="22.250525" lon="113.94759166666667"><ele>533.9</ele><time>2025-11-13T03:21:48Z</time></trkpt><trkpt lat="22.25054" lon="113.94764666666667"><ele>534.5</ele><time>2025-11-13T03:22:09Z</time></trkpt><trkpt lat="22.250560000000004" lon="113.94765166666666"><ele>534.2</ele><time>2025-11-13T03:22:12Z</time></trkpt><trkpt lat="22.250575000000005" lon="113.94763499999999"><ele>533.7</ele><time>2025-11-13T03:22:17Z</time></trkpt><trkpt lat="22.250594999999997" lon="113.94763166666668"><ele>533.1</ele><time>2025-11-13T03:22:20Z</time></trkpt><trkpt lat="22.250615" lon="113.94761666666666"><ele>532.6</ele><time>2025-11-13T03:22:24Z</time></trkpt><trkpt lat="22.250636666666665" lon="113.94760333333333"><ele>532.3</ele><time>2025-11-13T03:22:27Z</time></trkpt><trkpt lat="22.25066" lon="113.94759666666666"><ele>532.0</ele><time>2025-11-13T03:22:30Z</time></trkpt><trkpt lat="22.250680000000003" lon="113.94759166666667"><ele>531.8</ele><time>2025-11-13T03:22:33Z</time></trkpt><trkpt lat="22.250698333333336" lon="113.94758500000002"><ele>531.7</ele><time>2025-11-13T03:22:44Z</time></trkpt><trkpt lat="22.250715" lon="113.94757499999999"><ele>531.9</ele><time>2025-11-13T03:23:00Z</time></trkpt><trkpt lat="22.2507" lon="113.94758666666667"><ele>531.4</ele><time>2025-11-13T03:23:04Z</time></trkpt><trkpt lat="22.25071833333333" lon="113.94756333333335"><ele>524.2</ele><time>2025-11-13T03:24:28Z</time></trkpt><trkpt lat="22.250741666666666" lon="113.94756333333335"><ele>524.4</ele><time>2025-11-13T03:24:30Z</time></trkpt><trkpt lat="22.25076166666667" lon="113.94757166666668"><ele>524.7</ele><time>2025-11-13T03:24:33Z</time></trkpt><trkpt lat="22.250781666666665" lon="113.94757833333333"><ele>525.0</ele><time>2025-11-13T03:24:35Z</time></trkpt><trkpt lat="22.250825000000003" lon="113.94755166666667"><ele>527.7</ele><time>2025-11-13T03:24:58Z</time></trkpt><trkpt lat="22.250826666666665" lon="113.94752333333332"><ele>527.9</ele><time>2025-11-13T03:25:03Z</time></trkpt><trkpt lat="22.25085" lon="113.94752666666666"><ele>528.5</ele><time>2025-11-13T03:25:06Z</time></trkpt><trkpt lat="22.250864999999997" lon="113.94753999999999"><ele>529.3</ele><time>2025-11-13T03:25:09Z</time></trkpt><trkpt lat="22.250874999999997" lon="113.947565"><ele>529.9</ele><time>2025-11-13T03:25:11Z</time></trkpt><trkpt lat="22.250886666666663" lon="113.94759"><ele>530.9</ele><time>2025-11-13T03:25:14Z</time></trkpt><trkpt lat="22.250901666666664" lon="113.94760833333333"><ele>532.6</ele><time>2025-11-13T03:25:24Z</time></trkpt><trkpt lat="22.250915000000003" lon="113.94762166666666"><ele>532.8</ele><time>2025-11-13T03:25:27Z</time></trkpt><trkpt lat="22.250915000000003" lon="113.94765000000001"><ele>533.6</ele><time>2025-11-13T03:25:41Z</time></trkpt><trkpt lat="22.250923333333336" lon="113.94767500000002"><ele>533.4</ele><time>2025-11-13T03:25:44Z</time></trkpt><trkpt lat="22.250946666666664" lon="113.94768833333335"><ele>533.8</ele><time>2025-11-13T03:25:47Z</time></trkpt><trkpt lat="22.250951666666666" lon="113.947715"><ele>536.0</ele><time>2025-11-13T03:25:51Z</time></trkpt><trkpt lat="22.250958333333333" lon="113.94773833333332"><ele>537.3</ele><time>2025-11-13T03:25:55Z</time></trkpt><trkpt lat="22.250963333333335" lon="113.94776500000002"><ele>539.6</ele><time>2025-11-13T03:26:00Z</time></trkpt><trkpt lat="22.25097" lon="113.94778333333333"><ele>540.2</ele><time>2025-11-13T03:26:04Z</time></trkpt><trkpt lat="22.250994999999996" lon="113.947785"><ele>540.5</ele><time>2025-11-13T03:26:08Z</time></trkpt><trkpt lat="22.25101666666667" lon="113.947785"><ele>540.6</ele><time>2025-11-13T03:26:11Z</time></trkpt><trkpt lat="22.251033333333332" lon="113.94780333333334"><ele>541.2</ele><time>2025-11-13T03:26:16Z</time></trkpt><trkpt lat="22.251044999999998" lon="113.94782500000001"><ele>541.1</ele><time>2025-11-13T03:26:19Z</time></trkpt><trkpt lat="22.251056666666667" lon="113.94784"><ele>541.2</ele><time>2025-11-13T03:26:21Z</time></trkpt><trkpt lat="22.251071666666668" lon="113.94785500000002"><ele>541.6</ele><time>2025-11-13T03:26:24Z</time></trkpt><trkpt lat="22.251081666666664" lon="113.94787166666669"><ele>541.7</ele><time>2025-11-13T03:26:26Z</time></trkpt><trkpt lat="22.251095000000003" lon="113.94789"><ele>541.9</ele><time>2025-11-13T03:26:28Z</time></trkpt><trkpt lat="22.251111666666663" lon="113.94790666666668"><ele>542.1</ele><time>2025-11-13T03:26:30Z</time></trkpt><trkpt lat="22.251118333333338" lon="113.947925"><ele>542.4</ele><time>2025-11-13T03:26:32Z</time></trkpt><trkpt lat="22.251134999999998" lon="113.94793999999999"><ele>542.5</ele><time>2025-11-13T03:26:35Z</time></trkpt><trkpt lat="22.25115166666667" lon="113.94795666666666"><ele>543.2</ele><time>2025-11-13T03:26:46Z</time></trkpt><trkpt lat="22.25116666666667" lon="113.94797500000001"><ele>543.2</ele><time>2025-11-13T03:26:49Z</time></trkpt><trkpt lat="22.251191666666667" lon="113.94798333333334"><ele>543.0</ele><time>2025-11-13T03:26:52Z</time></trkpt><trkpt lat="22.25121166666667" lon="113.94799166666665"><ele>542.9</ele><time>2025-11-13T03:26:55Z</time></trkpt><trkpt lat="22.251230000000003" lon="113.94800500000001"><ele>543.6</ele><time>2025-11-13T03:26:59Z</time></trkpt><trkpt lat="22.251248333333333" lon="113.94801666666666"><ele>544.2</ele><time>2025-11-13T03:27:03Z</time></trkpt><trkpt lat="22.251266666666666" lon="113.94803166666667"><ele>544.4</ele><time>2025-11-13T03:27:06Z</time></trkpt><trkpt lat="22.25128666666667" lon="113.94804166666667"><ele>544.5</ele><time>2025-11-13T03:27:09Z</time></trkpt><trkpt lat="22.251308333333334" lon="113.94804833333335"><ele>544.5</ele><time>2025-11-13T03:27:12Z</time></trkpt><trkpt lat="22.251326666666667" lon="113.94805999999998"><ele>544.9</ele><time>2025-11-13T03:27:15Z</time></trkpt><trkpt lat="22.25134666666667" lon="113.94806833333332"><ele>545.1</ele><time>2025-11-13T03:27:18Z</time></trkpt><trkpt lat="22.251371666666667" lon="113.94807666666665"><ele>545.5</ele><time>2025-11-13T03:27:21Z</time></trkpt><trkpt lat="22.25138833333333" lon="113.94808666666668"><ele>545.9</ele><time>2025-11-13T03:27:23Z</time></trkpt><trkpt lat="22.25140666666667" lon="113.94810166666666"><ele>546.3</ele><time>2025-11-13T03:27:26Z</time></trkpt><trkpt lat="22.251413333333335" lon="113.94812333333333"><ele>546.7</ele><time>2025-11-13T03:27:29Z</time></trkpt><trkpt lat="22.251425" lon="113.94814"><ele>547.7</ele><time>2025-11-13T03:27:35Z</time></trkpt><trkpt lat="22.251444999999997" lon="113.94814666666667"><ele>549.0</ele><time>2025-11-13T03:27:40Z</time></trkpt><trkpt lat="22.25146333333333" lon="113.94815500000001"><ele>549.6</ele><time>2025-11-13T03:27:43Z</time></trkpt><trkpt lat="22.25148166666667" lon="113.94814666666667"><ele>550.5</ele><time>2025-11-13T03:27:49Z</time></trkpt><trkpt lat="22.25147666666667" lon="113.94812666666667"><ele>551.0</ele><time>2025-11-13T03:27:55Z</time></trkpt><trkpt lat="22.251465" lon="113.94814333333333"><ele>551.7</ele><time>2025-11-13T03:28:01Z</time></trkpt><trkpt lat="22.251485000000002" lon="113.94813500000001"><ele>552.1</ele><time>2025-11-13T03:28:21Z</time></trkpt><trkpt lat="22.251503333333336" lon="113.94813666666666"><ele>551.6</ele><time>2025-11-13T03:28:25Z</time></trkpt><trkpt lat="22.251525" lon="113.94813666666666"><ele>551.4</ele><time>2025-11-13T03:28:28Z</time></trkpt><trkpt lat="22.25154166666667" lon="113.94814833333334"><ele>551.8</ele><time>2025-11-13T03:28:31Z</time></trkpt><trkpt lat="22.251564999999996" lon="113.94816333333334"><ele>551.8</ele><time>2025-11-13T03:28:35Z</time></trkpt><trkpt lat="22.251581666666667" lon="113.94817666666668"><ele>551.6</ele><time>2025-11-13T03:28:37Z</time></trkpt><trkpt lat="22.251593333333336" lon="113.94819166666666"><ele>551.5</ele><time>2025-11-13T03:28:39Z</time></trkpt><trkpt lat="22.25161333333333" lon="113.9482"><ele>551.2</ele><time>2025-11-13T03:28:41Z</time></trkpt><trkpt lat="22.251636666666666" lon="113.94820333333334"><ele>550.9</ele><time>2025-11-13T03:28:43Z</time></trkpt><trkpt lat="22.25165666666667" lon="113.94822166666667"><ele>550.5</ele><time>2025-11-13T03:28:46Z</time></trkpt><trkpt lat="22.251675" lon="113.94823833333334"><ele>549.9</ele><time>2025-11-13T03:28:49Z</time></trkpt><trkpt lat="22.251695" lon="113.94823666666667"><ele>549.2</ele><time>2025-11-13T03:28:53Z</time></trkpt><trkpt lat="22.251713333333335" lon="113.94823166666666"><ele>548.3</ele><time>2025-11-13T03:28:56Z</time></trkpt><trkpt lat="22.25173333333333" lon="113.94823833333334"><ele>547.5</ele><time>2025-11-13T03:29:00Z</time></trkpt><trkpt lat="22.251753333333333" lon="113.948235"><ele>546.9</ele><time>2025-11-13T03:29:04Z</time></trkpt><trkpt lat="22.251771666666667" lon="113.94823"><ele>545.7</ele><time>2025-11-13T03:29:08Z</time></trkpt><trkpt lat="22.251786666666664" lon="113.94821833333332"><ele>545.0</ele><time>2025-11-13T03:29:12Z</time></trkpt><trkpt lat="22.25180833333333" lon="113.94821666666667"><ele>543.8</ele><time>2025-11-13T03:29:17Z</time></trkpt><trkpt lat="22.251828333333332" lon="113.94821166666667"><ele>542.8</ele><time>2025-11-13T03:29:21Z</time></trkpt><trkpt lat="22.251846666666665" lon="113.9482"><ele>541.7</ele><time>2025-11-13T03:29:26Z</time></trkpt><trkpt lat="22.251865" lon="113.94819166666666"><ele>540.9</ele><time>2025-11-13T03:29:30Z</time></trkpt><trkpt lat="22.25188166666667" lon="113.94818166666667"><ele>540.4</ele><time>2025-11-13T03:29:33Z</time></trkpt><trkpt lat="22.2519" lon="113.94818333333333"><ele>539.6</ele><time>2025-11-13T03:29:36Z</time></trkpt><trkpt lat="22.251918333333332" lon="113.94818500000001"><ele>538.8</ele><time>2025-11-13T03:29:39Z</time></trkpt><trkpt lat="22.251933333333334" lon="113.948165"><ele>538.2</ele><time>2025-11-13T03:29:42Z</time></trkpt><trkpt lat="22.251953333333336" lon="113.94815666666666"><ele>537.2</ele><time>2025-11-13T03:29:46Z</time></trkpt><trkpt lat="22.251938333333335" lon="113.94818333333333"><ele>536.0</ele><time>2025-11-13T03:30:01Z</time></trkpt><trkpt lat="22.25195833333333" lon="113.94814666666667"><ele>536.2</ele><time>2025-11-13T03:30:15Z</time></trkpt><trkpt lat="22.251981666666666" lon="113.94814999999998"><ele>535.9</ele><time>2025-11-13T03:30:17Z</time></trkpt><trkpt lat="22.25200333333333" lon="113.94815333333332"><ele>535.4</ele><time>2025-11-13T03:30:19Z</time></trkpt><trkpt lat="22.252025000000003" lon="113.94816166666666"><ele>534.9</ele><time>2025-11-13T03:30:22Z</time></trkpt><trkpt lat="22.252026666666666" lon="113.94818333333333"><ele>534.0</ele><time>2025-11-13T03:30:26Z</time></trkpt><trkpt lat="22.252040000000004" lon="113.94819833333334"><ele>532.4</ele><time>2025-11-13T03:30:32Z</time></trkpt><trkpt lat="22.252070000000003" lon="113.94820666666668"><ele>531.6</ele><time>2025-11-13T03:30:37Z</time></trkpt><trkpt lat="22.252086666666667" lon="113.94821666666667"><ele>531.4</ele><time>2025-11-13T03:30:40Z</time></trkpt><trkpt lat="22.252104999999997" lon="113.94821333333333"><ele>531.3</ele><time>2025-11-13T03:30:43Z</time></trkpt><trkpt lat="22.252113333333334" lon="113.94823333333333"><ele>530.8</ele><time>2025-11-13T03:30:48Z</time></trkpt><trkpt lat="22.252149999999997" lon="113.94826833333333"><ele>529.7</ele><time>2025-11-13T03:30:56Z</time></trkpt><trkpt lat="22.25216833333333" lon="113.94826499999999"><ele>529.6</ele><time>2025-11-13T03:30:59Z</time></trkpt><trkpt lat="22.252188333333333" lon="113.94827"><ele>529.4</ele><time>2025-11-13T03:31:02Z</time></trkpt><trkpt lat="22.252211666666668" lon="113.94827333333333"><ele>528.7</ele><time>2025-11-13T03:31:07Z</time></trkpt><trkpt lat="22.252235000000002" lon="113.94828166666666"><ele>527.7</ele><time>2025-11-13T03:31:12Z</time></trkpt><trkpt lat="22.252253333333336" lon="113.94828833333334"><ele>526.3</ele><time>2025-11-13T03:31:15Z</time></trkpt><trkpt lat="22.25227166666667" lon="113.94829999999999"><ele>525.1</ele><time>2025-11-13T03:31:19Z</time></trkpt><trkpt lat="22.25236333333333" lon="113.94830666666667"><ele>521.4</ele><time>2025-11-13T03:31:41Z</time></trkpt><trkpt lat="22.252471666666665" lon="113.948325"><ele>517.8</ele><time>2025-11-13T03:32:07Z</time></trkpt><trkpt lat="22.252526666666668" lon="113.94832166666666"><ele>520.2</ele><time>2025-11-13T03:33:13Z</time></trkpt><trkpt lat="22.252523333333336" lon="113.94834166666666"><ele>519.7</ele><time>2025-11-13T03:33:16Z</time></trkpt><trkpt lat="22.252536666666668" lon="113.94832166666666"><ele>520.0</ele><time>2025-11-13T03:33:27Z</time></trkpt><trkpt lat="22.252554999999997" lon="113.94837000000001"><ele>523.2</ele><time>2025-11-13T03:34:38Z</time></trkpt><trkpt lat="22.252568333333336" lon="113.94838499999999"><ele>523.1</ele><time>2025-11-13T03:35:07Z</time></trkpt><trkpt lat="22.252638333333334" lon="113.94845"><ele>522.0</ele><time>2025-11-13T03:36:00Z</time></trkpt><trkpt lat="22.252623333333336" lon="113.94846666666666"><ele>523.1</ele><time>2025-11-13T03:36:35Z</time></trkpt><trkpt lat="22.252625" lon="113.94844666666668"><ele>524.4</ele><time>2025-11-13T03:37:02Z</time></trkpt><trkpt lat="22.252615" lon="113.94842833333333"><ele>524.9</ele><time>2025-11-13T03:37:08Z</time></trkpt><trkpt lat="22.252596666666665" lon="113.94841333333333"><ele>524.6</ele><time>2025-11-13T03:37:15Z</time></trkpt><trkpt lat="22.252536666666668" lon="113.94834833333334"><ele>523.7</ele><time>2025-11-13T03:37:52Z</time></trkpt><trkpt lat="22.25252833333333" lon="113.94829166666665"><ele>521.4</ele><time>2025-11-13T03:38:12Z</time></trkpt><trkpt lat="22.25254166666667" lon="113.94827333333333"><ele>521.0</ele><time>2025-11-13T03:38:18Z</time></trkpt><trkpt lat="22.252551666666665" lon="113.94825333333334"><ele>521.0</ele><time>2025-11-13T03:38:23Z</time></trkpt><trkpt lat="22.25257333333333" lon="113.94823999999998"><ele>520.7</ele><time>2025-11-13T03:38:29Z</time></trkpt><trkpt lat="22.25261833333333" lon="113.94824166666668"><ele>521.8</ele><time>2025-11-13T03:39:19Z</time></trkpt><trkpt lat="22.252681666666664" lon="113.94825833333334"><ele>522.4</ele><time>2025-11-13T03:39:44Z</time></trkpt><trkpt lat="22.252695000000003" lon="113.94831666666666"><ele>522.5</ele><time>2025-11-13T03:40:06Z</time></trkpt><trkpt lat="22.252733333333335" lon="113.94836500000001"><ele>523.4</ele><time>2025-11-13T03:40:19Z</time></trkpt><trkpt lat="22.252778333333335" lon="113.94843833333334"><ele>539.6</ele><time>2025-11-13T03:42:00Z</time></trkpt><trkpt lat="22.252806666666668" lon="113.94847166666665"><ele>541.4</ele><time>2025-11-13T03:42:14Z</time></trkpt><trkpt lat="22.25282666666667" lon="113.94846666666666"><ele>542.1</ele><time>2025-11-13T03:42:17Z</time></trkpt><trkpt lat="22.252838333333337" lon="113.94845166666667"><ele>544.0</ele><time>2025-11-13T03:42:23Z</time></trkpt><trkpt lat="22.252838333333337" lon="113.94843"><ele>544.5</ele><time>2025-11-13T03:42:26Z</time></trkpt><trkpt lat="22.252866666666666" lon="113.94847"><ele>544.4</ele><time>2025-11-13T03:43:04Z</time></trkpt><trkpt lat="22.25286833333333" lon="113.94844166666665"><ele>544.7</ele><time>2025-11-13T03:43:09Z</time></trkpt><trkpt lat="22.25287166666667" lon="113.94852999999999"><ele>551.2</ele><time>2025-11-13T03:45:42Z</time></trkpt><trkpt lat="22.252971666666667" lon="113.948555"><ele>550.4</ele><time>2025-11-13T03:46:18Z</time></trkpt><trkpt lat="22.252983333333336" lon="113.94854"><ele>550.3</ele><time>2025-11-13T03:46:21Z</time></trkpt><trkpt lat="22.25298833333333" lon="113.94851666666666"><ele>550.5</ele><time>2025-11-13T03:46:26Z</time></trkpt><trkpt lat="22.253083333333333" lon="113.94853499999999"><ele>555.5</ele><time>2025-11-13T03:47:17Z</time></trkpt><trkpt lat="22.253181666666666" lon="113.94855333333335"><ele>562.8</ele><time>2025-11-13T03:48:05Z</time></trkpt><trkpt lat="22.253255" lon="113.94863"><ele>568.8</ele><time>2025-11-13T03:48:47Z</time></trkpt><trkpt lat="22.253286666666668" lon="113.94858833333335"><ele>581.3</ele><time>2025-11-13T03:50:00Z</time></trkpt><trkpt lat="22.253305" lon="113.94858500000001"><ele>581.7</ele><time>2025-11-13T03:50:05Z</time></trkpt><trkpt lat="22.25339166666667" lon="113.94861999999999"><ele>585.8</ele><time>2025-11-13T03:51:16Z</time></trkpt><trkpt lat="22.25347" lon="113.94858333333335"><ele>591.2</ele><time>2025-11-13T03:51:55Z</time></trkpt><trkpt lat="22.253486666666664" lon="113.94857500000002"><ele>591.2</ele><time>2025-11-13T03:51:58Z</time></trkpt><trkpt lat="22.253496666666667" lon="113.94855833333334"><ele>595.1</ele><time>2025-11-13T03:52:20Z</time></trkpt><trkpt lat="22.253493333333335" lon="113.94858166666667"><ele>595.9</ele><time>2025-11-13T03:52:27Z</time></trkpt><trkpt lat="22.253503333333335" lon="113.94860166666668"><ele>595.7</ele><time>2025-11-13T03:52:41Z</time></trkpt><trkpt lat="22.253521666666664" lon="113.94860666666666"><ele>595.7</ele><time>2025-11-13T03:52:48Z</time></trkpt><trkpt lat="22.253551666666667" lon="113.948615"><ele>596.1</ele><time>2025-11-13T03:52:58Z</time></trkpt><trkpt lat="22.25357" lon="113.94862666666668"><ele>596.5</ele><time>2025-11-13T03:53:02Z</time></trkpt><trkpt lat="22.253586666666667" lon="113.94863666666667"><ele>596.8</ele><time>2025-11-13T03:53:06Z</time></trkpt><trkpt lat="22.253608333333332" lon="113.94865"><ele>597.1</ele><time>2025-11-13T03:53:10Z</time></trkpt><trkpt lat="22.253623333333334" lon="113.94866166666667"><ele>597.2</ele><time>2025-11-13T03:53:13Z</time></trkpt><trkpt lat="22.253643333333336" lon="113.94867333333335"><ele>597.3</ele><time>2025-11-13T03:53:18Z</time></trkpt><trkpt lat="22.253665" lon="113.94868333333334"><ele>597.7</ele><time>2025-11-13T03:53:23Z</time></trkpt><trkpt lat="22.253686666666667" lon="113.94869500000001"><ele>597.7</ele><time>2025-11-13T03:53:27Z</time></trkpt><trkpt lat="22.25370666666667" lon="113.9487"><ele>597.7</ele><time>2025-11-13T03:53:30Z</time></trkpt><trkpt lat="22.25372333333333" lon="113.94870999999999"><ele>597.7</ele><time>2025-11-13T03:53:35Z</time></trkpt><trkpt lat="22.25374" lon="113.94871833333333"><ele>597.7</ele><time>2025-11-13T03:53:40Z</time></trkpt><trkpt lat="22.253753333333332" lon="113.948735"><ele>598.2</ele><time>2025-11-13T03:53:46Z</time></trkpt><trkpt lat="22.253764999999998" lon="113.94875166666667"><ele>598.0</ele><time>2025-11-13T03:53:50Z</time></trkpt><trkpt lat="22.253786666666663" lon="113.94876166666667"><ele>597.5</ele><time>2025-11-13T03:53:54Z</time></trkpt><trkpt lat="22.253805000000003" lon="113.94876500000001"><ele>597.7</ele><time>2025-11-13T03:53:58Z</time></trkpt><trkpt lat="22.253823333333337" lon="113.94876333333335"><ele>597.9</ele><time>2025-11-13T03:54:02Z</time></trkpt><trkpt lat="22.253843333333332" lon="113.94876500000001"><ele>598.4</ele><time>2025-11-13T03:54:08Z</time></trkpt><trkpt lat="22.25385833333333" lon="113.94877999999999"><ele>599.9</ele><time>2025-11-13T03:54:16Z</time></trkpt><trkpt lat="22.253890000000002" lon="113.94879"><ele>600.8</ele><time>2025-11-13T03:54:27Z</time></trkpt><trkpt lat="22.253911666666667" lon="113.94879166666666"><ele>601.2</ele><time>2025-11-13T03:54:31Z</time></trkpt><trkpt lat="22.25393166666667" lon="113.948795"><ele>601.5</ele><time>2025-11-13T03:54:36Z</time></trkpt><trkpt lat="22.25395" lon="113.94880666666668"><ele>601.9</ele><time>2025-11-13T03:54:41Z</time></trkpt><trkpt lat="22.253965" lon="113.94882333333335"><ele>603.0</ele><time>2025-11-13T03:54:46Z</time></trkpt><trkpt lat="22.253980000000002" lon="113.94884166666667"><ele>604.0</ele><time>2025-11-13T03:54:50Z</time></trkpt><trkpt lat="22.254001666666667" lon="113.94884833333332"><ele>605.0</ele><time>2025-11-13T03:54:56Z</time></trkpt><trkpt lat="22.25402166666667" lon="113.94885666666666"><ele>605.8</ele><time>2025-11-13T03:55:01Z</time></trkpt><trkpt lat="22.25403833333333" lon="113.94886666666667"><ele>606.3</ele><time>2025-11-13T03:55:06Z</time></trkpt><trkpt lat="22.25405166666667" lon="113.94888166666667"><ele>606.7</ele><time>2025-11-13T03:55:13Z</time></trkpt><trkpt lat="22.25406666666667" lon="113.948895"><ele>607.2</ele><time>2025-11-13T03:55:18Z</time></trkpt><trkpt lat="22.254085" lon="113.94890500000001"><ele>608.4</ele><time>2025-11-13T03:55:24Z</time></trkpt><trkpt lat="22.254104999999996" lon="113.94890666666667"><ele>609.5</ele><time>2025-11-13T03:55:32Z</time></trkpt><trkpt lat="22.254121666666666" lon="113.94891666666666"><ele>610.7</ele><time>2025-11-13T03:55:39Z</time></trkpt><trkpt lat="22.25414" lon="113.94892999999999"><ele>611.5</ele><time>2025-11-13T03:55:45Z</time></trkpt><trkpt lat="22.25415333333334" lon="113.94894333333335"><ele>612.0</ele><time>2025-11-13T03:55:49Z</time></trkpt><trkpt lat="22.254160000000002" lon="113.94896166666668"><ele>613.5</ele><time>2025-11-13T03:55:57Z</time></trkpt><trkpt lat="22.254181666666668" lon="113.94895833333334"><ele>614.8</ele><time>2025-11-13T03:56:05Z</time></trkpt><trkpt lat="22.254265" lon="113.94901666666668"><ele>619.4</ele><time>2025-11-13T03:56:40Z</time></trkpt><trkpt lat="22.254341666666665" lon="113.94908833333332"><ele>625.8</ele><time>2025-11-13T03:57:21Z</time></trkpt><trkpt lat="22.25436666666667" lon="113.94911666666667"><ele>627.0</ele><time>2025-11-13T03:57:29Z</time></trkpt><trkpt lat="22.25438166666667" lon="113.94912833333335"><ele>627.7</ele><time>2025-11-13T03:57:34Z</time></trkpt><trkpt lat="22.254388333333335" lon="113.94916333333335"><ele>630.2</ele><time>2025-11-13T03:57:46Z</time></trkpt><trkpt lat="22.254436666666667" lon="113.94925833333333"><ele>638.3</ele><time>2025-11-13T03:58:22Z</time></trkpt><trkpt lat="22.25444333333333" lon="113.94928166666665"><ele>639.4</ele><time>2025-11-13T03:58:30Z</time></trkpt><trkpt lat="22.25445333333333" lon="113.94929833333332"><ele>640.4</ele><time>2025-11-13T03:58:35Z</time></trkpt><trkpt lat="22.254463333333334" lon="113.94931666666668"><ele>642.1</ele><time>2025-11-13T03:58:49Z</time></trkpt><trkpt lat="22.25448666666667" lon="113.94931833333334"><ele>642.7</ele><time>2025-11-13T03:58:54Z</time></trkpt><trkpt lat="22.2545" lon="113.94933666666665"><ele>643.8</ele><time>2025-11-13T03:59:01Z</time></trkpt><trkpt lat="22.25451333333333" lon="113.94935"><ele>644.4</ele><time>2025-11-13T03:59:07Z</time></trkpt><trkpt lat="22.254515" lon="113.94937166666665"><ele>645.3</ele><time>2025-11-13T03:59:12Z</time></trkpt><trkpt lat="22.25453166666667" lon="113.94938333333333"><ele>646.0</ele><time>2025-11-13T03:59:17Z</time></trkpt><trkpt lat="22.25454666666667" lon="113.94940166666666"><ele>646.1</ele><time>2025-11-13T03:59:22Z</time></trkpt><trkpt lat="22.254556666666666" lon="113.94941833333333"><ele>646.2</ele><time>2025-11-13T03:59:26Z</time></trkpt><trkpt lat="22.254571666666667" lon="113.94943166666665"><ele>646.6</ele><time>2025-11-13T03:59:31Z</time></trkpt><trkpt lat="22.25458833333333" lon="113.94944166666667"><ele>647.1</ele><time>2025-11-13T03:59:36Z</time></trkpt><trkpt lat="22.25460666666667" lon="113.94945166666666"><ele>647.9</ele><time>2025-11-13T03:59:47Z</time></trkpt><trkpt lat="22.25466666666667" lon="113.94952666666669"><ele>648.5</ele><time>2025-11-13T04:00:18Z</time></trkpt><trkpt lat="22.25474" lon="113.94959333333333"><ele>653.1</ele><time>2025-11-13T04:00:53Z</time></trkpt><trkpt lat="22.254761666666663" lon="113.94963666666666"><ele>656.6</ele><time>2025-11-13T04:01:09Z</time></trkpt><trkpt lat="22.25476666666667" lon="113.94969"><ele>659.2</ele><time>2025-11-13T04:01:27Z</time></trkpt><trkpt lat="22.254775000000002" lon="113.94971333333334"><ele>659.9</ele><time>2025-11-13T04:01:32Z</time></trkpt><trkpt lat="22.254866666666665" lon="113.94976833333334"><ele>665.7</ele><time>2025-11-13T04:02:25Z</time></trkpt><trkpt lat="22.254905" lon="113.94984833333335"><ele>672.1</ele><time>2025-11-13T04:03:08Z</time></trkpt><trkpt lat="22.254923333333334" lon="113.94985"><ele>672.2</ele><time>2025-11-13T04:03:12Z</time></trkpt><trkpt lat="22.254941666666664" lon="113.949855"><ele>672.7</ele><time>2025-11-13T04:03:18Z</time></trkpt><trkpt lat="22.25502333333333" lon="113.94988666666669"><ele>680.3</ele><time>2025-11-13T04:04:14Z</time></trkpt><trkpt lat="22.255076666666664" lon="113.94996333333332"><ele>684.8</ele><time>2025-11-13T04:04:43Z</time></trkpt><trkpt lat="22.255108333333336" lon="113.95006166666666"><ele>692.0</ele><time>2025-11-13T04:05:37Z</time></trkpt><trkpt lat="22.255156666666668" lon="113.95016833333332"><ele>699.7</ele><time>2025-11-13T04:06:50Z</time></trkpt><trkpt lat="22.255213333333337" lon="113.95026666666666"><ele>705.7</ele><time>2025-11-13T04:07:39Z</time></trkpt><trkpt lat="22.255225000000003" lon="113.95032166666667"><ele>708.9</ele><time>2025-11-13T04:08:00Z</time></trkpt><trkpt lat="22.255256666666664" lon="113.95036333333334"><ele>714.3</ele><time>2025-11-13T04:08:38Z</time></trkpt><trkpt lat="22.255238333333335" lon="113.95035666666666"><ele>718.0</ele><time>2025-11-13T04:08:58Z</time></trkpt><trkpt lat="22.255253333333332" lon="113.95038000000001"><ele>720.3</ele><time>2025-11-13T04:11:31Z</time></trkpt><trkpt lat="22.25532333333333" lon="113.95045999999999"><ele>719.5</ele><time>2025-11-13T04:12:15Z</time></trkpt><trkpt lat="22.25534" lon="113.95047500000001"><ele>719.7</ele><time>2025-11-13T04:12:19Z</time></trkpt><trkpt lat="22.255358333333334" lon="113.95048666666668"><ele>720.3</ele><time>2025-11-13T04:12:24Z</time></trkpt><trkpt lat="22.255391666666664" lon="113.95054333333334"><ele>724.0</ele><time>2025-11-13T04:12:48Z</time></trkpt><trkpt lat="22.25544166666667" lon="113.95064166666667"><ele>730.2</ele><time>2025-11-13T04:13:22Z</time></trkpt><trkpt lat="22.255443333333332" lon="113.95066166666666"><ele>730.9</ele><time>2025-11-13T04:13:26Z</time></trkpt><trkpt lat="22.255454999999998" lon="113.95067833333333"><ele>731.6</ele><time>2025-11-13T04:13:32Z</time></trkpt><trkpt lat="22.255454999999998" lon="113.95069833333334"><ele>732.5</ele><time>2025-11-13T04:13:36Z</time></trkpt><trkpt lat="22.255509999999997" lon="113.95076666666667"><ele>736.0</ele><time>2025-11-13T04:14:01Z</time></trkpt><trkpt lat="22.255528333333338" lon="113.95077166666667"><ele>736.4</ele><time>2025-11-13T04:14:06Z</time></trkpt><trkpt lat="22.25556" lon="113.95081166666665"><ele>738.3</ele><time>2025-11-13T04:14:26Z</time></trkpt><trkpt lat="22.255611666666663" lon="113.95089000000002"><ele>742.1</ele><time>2025-11-13T04:14:54Z</time></trkpt><trkpt lat="22.25562166666667" lon="113.95090833333333"><ele>742.4</ele><time>2025-11-13T04:14:57Z</time></trkpt><trkpt lat="22.25562166666667" lon="113.95092833333335"><ele>743.4</ele><time>2025-11-13T04:15:03Z</time></trkpt><trkpt lat="22.255695" lon="113.95099833333333"><ele>750.7</ele><time>2025-11-13T04:15:59Z</time></trkpt><trkpt lat="22.255706666666665" lon="113.95103666666667"><ele>752.8</ele><time>2025-11-13T04:16:10Z</time></trkpt><trkpt lat="22.255749999999995" lon="113.95106333333334"><ele>754.6</ele><time>2025-11-13T04:16:28Z</time></trkpt><trkpt lat="22.255753333333338" lon="113.95111999999999"><ele>760.2</ele><time>2025-11-13T04:16:59Z</time></trkpt><trkpt lat="22.25574333333333" lon="113.95114666666665"><ele>761.2</ele><time>2025-11-13T04:17:06Z</time></trkpt><trkpt lat="22.25575666666667" lon="113.95123166666666"><ele>763.2</ele><time>2025-11-13T04:17:29Z</time></trkpt><trkpt lat="22.255753333333338" lon="113.95125166666666"><ele>763.9</ele><time>2025-11-13T04:17:35Z</time></trkpt><trkpt lat="22.25577" lon="113.95136333333333"><ele>769.5</ele><time>2025-11-13T04:18:32Z</time></trkpt><trkpt lat="22.255793333333333" lon="113.95145833333332"><ele>774.0</ele><time>2025-11-13T04:19:22Z</time></trkpt><trkpt lat="22.255785" lon="113.95147999999999"><ele>774.7</ele><time>2025-11-13T04:19:25Z</time></trkpt><trkpt lat="22.255778333333335" lon="113.95149833333335"><ele>775.7</ele><time>2025-11-13T04:19:30Z</time></trkpt><trkpt lat="22.255760000000002" lon="113.95151333333334"><ele>777.2</ele><time>2025-11-13T04:19:35Z</time></trkpt><trkpt lat="22.255736666666667" lon="113.95154666666667"><ele>779.3</ele><time>2025-11-13T04:19:49Z</time></trkpt><trkpt lat="22.255718333333334" lon="113.95159833333334"><ele>780.9</ele><time>2025-11-13T04:20:05Z</time></trkpt><trkpt lat="22.255718333333334" lon="113.95162166666665"><ele>781.4</ele><time>2025-11-13T04:20:10Z</time></trkpt><trkpt lat="22.255713333333333" lon="113.95167000000001"><ele>788.3</ele><time>2025-11-13T04:21:49Z</time></trkpt><trkpt lat="22.255704999999995" lon="113.95168833333334"><ele>788.3</ele><time>2025-11-13T04:21:52Z</time></trkpt><trkpt lat="22.255689999999998" lon="113.95170000000002"><ele>788.0</ele><time>2025-11-13T04:21:55Z</time></trkpt><trkpt lat="22.25568333333333" lon="113.95172"><ele>788.0</ele><time>2025-11-13T04:21:58Z</time></trkpt><trkpt lat="22.255673333333334" lon="113.95174"><ele>787.7</ele><time>2025-11-13T04:22:08Z</time></trkpt><trkpt lat="22.25566666666667" lon="113.95176333333332"><ele>787.6</ele><time>2025-11-13T04:22:13Z</time></trkpt><trkpt lat="22.25565166666667" lon="113.95177833333334"><ele>787.7</ele><time>2025-11-13T04:22:16Z</time></trkpt><trkpt lat="22.255631666666666" lon="113.95179000000002"><ele>787.6</ele><time>2025-11-13T04:22:21Z</time></trkpt><trkpt lat="22.255616666666665" lon="113.95180166666665"><ele>787.5</ele><time>2025-11-13T04:22:26Z</time></trkpt><trkpt lat="22.255599999999998" lon="113.95181666666667"><ele>787.4</ele><time>2025-11-13T04:22:31Z</time></trkpt><trkpt lat="22.255580000000002" lon="113.95182166666667"><ele>786.9</ele><time>2025-11-13T04:22:35Z</time></trkpt><trkpt lat="22.25556166666667" lon="113.95182166666667"><ele>786.3</ele><time>2025-11-13T04:22:39Z</time></trkpt><trkpt lat="22.255550000000003" lon="113.95184333333333"><ele>785.9</ele><time>2025-11-13T04:22:43Z</time></trkpt><trkpt lat="22.255524999999995" lon="113.95187"><ele>785.7</ele><time>2025-11-13T04:22:57Z</time></trkpt><trkpt lat="22.255485" lon="113.95189333333335"><ele>785.8</ele><time>2025-11-13T04:23:12Z</time></trkpt><trkpt lat="22.25547" lon="113.95190666666667"><ele>785.2</ele><time>2025-11-13T04:23:15Z</time></trkpt><trkpt lat="22.255450000000003" lon="113.95190499999998"><ele>785.0</ele><time>2025-11-13T04:23:18Z</time></trkpt><trkpt lat="22.25543" lon="113.95191166666667"><ele>784.9</ele><time>2025-11-13T04:23:21Z</time></trkpt><trkpt lat="22.255409999999998" lon="113.95191666666666"><ele>784.8</ele><time>2025-11-13T04:23:25Z</time></trkpt><trkpt lat="22.255391666666664" lon="113.95192666666665"><ele>784.4</ele><time>2025-11-13T04:23:31Z</time></trkpt><trkpt lat="22.255375000000004" lon="113.95194000000001"><ele>784.4</ele><time>2025-11-13T04:23:34Z</time></trkpt><trkpt lat="22.255366666666667" lon="113.95196166666668"><ele>784.4</ele><time>2025-11-13T04:23:38Z</time></trkpt><trkpt lat="22.255348333333338" lon="113.95196833333333"><ele>784.4</ele><time>2025-11-13T04:23:46Z</time></trkpt><trkpt lat="22.25533833333333" lon="113.95198666666666"><ele>784.2</ele><time>2025-11-13T04:23:57Z</time></trkpt><trkpt lat="22.25532333333333" lon="113.95200833333335"><ele>784.4</ele><time>2025-11-13T04:24:03Z</time></trkpt><trkpt lat="22.25529166666667" lon="113.952015"><ele>785.2</ele><time>2025-11-13T04:24:14Z</time></trkpt><trkpt lat="22.255273333333335" lon="113.95200333333332"><ele>785.1</ele><time>2025-11-13T04:24:18Z</time></trkpt><trkpt lat="22.255251666666663" lon="113.95199499999998"><ele>785.0</ele><time>2025-11-13T04:24:21Z</time></trkpt><trkpt lat="22.25523333333333" lon="113.95198"><ele>784.8</ele><time>2025-11-13T04:24:25Z</time></trkpt><trkpt lat="22.255213333333337" lon="113.95199"><ele>784.8</ele><time>2025-11-13T04:24:30Z</time></trkpt><trkpt lat="22.255195000000004" lon="113.95199833333332"><ele>784.7</ele><time>2025-11-13T04:24:34Z</time></trkpt><trkpt lat="22.255175" lon="113.95200500000001"><ele>784.3</ele><time>2025-11-13T04:24:39Z</time></trkpt><trkpt lat="22.255181666666665" lon="113.95202333333333"><ele>779.1</ele><time>2025-11-13T04:25:57Z</time></trkpt><trkpt lat="22.25520333333333" lon="113.95201833333334"><ele>779.2</ele><time>2025-11-13T04:26:01Z</time></trkpt><trkpt lat="22.255223333333333" lon="113.95201333333334"><ele>779.4</ele><time>2025-11-13T04:26:07Z</time></trkpt><trkpt lat="22.255243333333336" lon="113.95201833333334"><ele>779.5</ele><time>2025-11-13T04:26:11Z</time></trkpt><trkpt lat="22.25526" lon="113.95202833333333"><ele>779.5</ele><time>2025-11-13T04:26:15Z</time></trkpt><trkpt lat="22.255283333333335" lon="113.95203500000001"><ele>779.9</ele><time>2025-11-13T04:26:23Z</time></trkpt><trkpt lat="22.255305" lon="113.95202666666667"><ele>780.3</ele><time>2025-11-13T04:26:26Z</time></trkpt><trkpt lat="22.255325000000003" lon="113.95202166666668"><ele>780.5</ele><time>2025-11-13T04:26:31Z</time></trkpt><trkpt lat="22.25538" lon="113.95201"><ele>783.3</ele><time>2025-11-13T04:27:02Z</time></trkpt><trkpt lat="22.255398333333332" lon="113.95202333333333"><ele>783.6</ele><time>2025-11-13T04:27:08Z</time></trkpt><trkpt lat="22.255431666666663" lon="113.95201333333334"><ele>785.0</ele><time>2025-11-13T04:27:20Z</time></trkpt><trkpt lat="22.255450000000003" lon="113.95201833333334"><ele>786.6</ele><time>2025-11-13T04:27:28Z</time></trkpt><trkpt lat="22.255481666666665" lon="113.95202166666668"><ele>787.5</ele><time>2025-11-13T04:27:41Z</time></trkpt><trkpt lat="22.255498333333335" lon="113.95201166666666"><ele>787.7</ele><time>2025-11-13T04:27:45Z</time></trkpt><trkpt lat="22.25551666666667" lon="113.95201999999999"><ele>788.0</ele><time>2025-11-13T04:27:51Z</time></trkpt><trkpt lat="22.255580000000002" lon="113.95205833333333"><ele>789.7</ele><time>2025-11-13T04:28:12Z</time></trkpt><trkpt lat="22.255598333333335" lon="113.95205833333333"><ele>790.1</ele><time>2025-11-13T04:28:16Z</time></trkpt><trkpt lat="22.255613333333333" lon="113.95207166666665"><ele>790.8</ele><time>2025-11-13T04:28:23Z</time></trkpt><trkpt lat="22.255631666666666" lon="113.95207833333333"><ele>791.0</ele><time>2025-11-13T04:28:27Z</time></trkpt><trkpt lat="22.25565166666667" lon="113.95208666666667"><ele>791.3</ele><time>2025-11-13T04:28:32Z</time></trkpt><trkpt lat="22.255674999999997" lon="113.95208833333332"><ele>791.5</ele><time>2025-11-13T04:28:38Z</time></trkpt><trkpt lat="22.255695" lon="113.95209166666667"><ele>791.8</ele><time>2025-11-13T04:28:43Z</time></trkpt><trkpt lat="22.25571166666667" lon="113.95210333333334"><ele>792.3</ele><time>2025-11-13T04:28:48Z</time></trkpt><trkpt lat="22.255723333333336" lon="113.95212166666667"><ele>792.8</ele><time>2025-11-13T04:28:55Z</time></trkpt><trkpt lat="22.255738333333337" lon="113.95214333333334"><ele>793.3</ele><time>2025-11-13T04:29:00Z</time></trkpt><trkpt lat="22.255753333333338" lon="113.95216166666665"><ele>793.7</ele><time>2025-11-13T04:29:05Z</time></trkpt><trkpt lat="22.255766666666666" lon="113.95217833333332"><ele>794.4</ele><time>2025-11-13T04:29:13Z</time></trkpt><trkpt lat="22.255785" lon="113.95219"><ele>795.0</ele><time>2025-11-13T04:29:18Z</time></trkpt><trkpt lat="22.25580166666667" lon="113.95219833333334"><ele>795.6</ele><time>2025-11-13T04:29:22Z</time></trkpt><trkpt lat="22.255823333333336" lon="113.95220333333333"><ele>796.3</ele><time>2025-11-13T04:29:27Z</time></trkpt><trkpt lat="22.25584333333334" lon="113.95220499999999"><ele>797.1</ele><time>2025-11-13T04:29:32Z</time></trkpt><trkpt lat="22.255854999999997" lon="113.95222333333335"><ele>799.1</ele><time>2025-11-13T04:29:43Z</time></trkpt><trkpt lat="22.255873333333337" lon="113.95222166666666"><ele>799.4</ele><time>2025-11-13T04:29:47Z</time></trkpt><trkpt lat="22.255895000000002" lon="113.952225"><ele>799.4</ele><time>2025-11-13T04:29:51Z</time></trkpt><trkpt lat="22.255911666666666" lon="113.95223333333334"><ele>800.4</ele><time>2025-11-13T04:29:59Z</time></trkpt><trkpt lat="22.255928333333333" lon="113.95224166666667"><ele>800.8</ele><time>2025-11-13T04:30:04Z</time></trkpt><trkpt lat="22.256006666666668" lon="113.95228333333334"><ele>805.3</ele><time>2025-11-13T04:30:31Z</time></trkpt><trkpt lat="22.256025" lon="113.95227666666666"><ele>806.1</ele><time>2025-11-13T04:30:37Z</time></trkpt><trkpt lat="22.25604333333333" lon="113.95228"><ele>806.9</ele><time>2025-11-13T04:30:44Z</time></trkpt><trkpt lat="22.256064999999996" lon="113.95227666666666"><ele>807.7</ele><time>2025-11-13T04:30:50Z</time></trkpt><trkpt lat="22.25608666666667" lon="113.95226"><ele>808.6</ele><time>2025-11-13T04:30:56Z</time></trkpt><trkpt lat="22.25613333333333" lon="113.95228"><ele>811.2</ele><time>2025-11-13T04:31:15Z</time></trkpt><trkpt lat="22.256153333333334" lon="113.95228166666666"><ele>812.2</ele><time>2025-11-13T04:31:20Z</time></trkpt><trkpt lat="22.256193333333332" lon="113.95230333333332"><ele>814.6</ele><time>2025-11-13T04:31:32Z</time></trkpt><trkpt lat="22.256205" lon="113.95231833333334"><ele>815.3</ele><time>2025-11-13T04:31:37Z</time></trkpt><trkpt lat="22.256241666666664" lon="113.95234666666666"><ele>817.6</ele><time>2025-11-13T04:31:51Z</time></trkpt><trkpt lat="22.25626333333333" lon="113.95234333333335"><ele>818.1</ele><time>2025-11-13T04:31:55Z</time></trkpt><trkpt lat="22.256285000000002" lon="113.95233666666667"><ele>818.4</ele><time>2025-11-13T04:31:59Z</time></trkpt><trkpt lat="22.256303333333335" lon="113.95234"><ele>818.8</ele><time>2025-11-13T04:32:05Z</time></trkpt><trkpt lat="22.25632333333333" lon="113.95234166666665"><ele>819.5</ele><time>2025-11-13T04:32:10Z</time></trkpt><trkpt lat="22.256343333333334" lon="113.95234333333335"><ele>820.0</ele><time>2025-11-13T04:32:14Z</time></trkpt><trkpt lat="22.256363333333336" lon="113.95234333333335"><ele>820.2</ele><time>2025-11-13T04:32:18Z</time></trkpt><trkpt lat="22.256381666666666" lon="113.95234666666666"><ele>820.5</ele><time>2025-11-13T04:32:22Z</time></trkpt><trkpt lat="22.2564" lon="113.95234166666665"><ele>823.9</ele><time>2025-11-13T04:32:39Z</time></trkpt><trkpt lat="22.256420000000002" lon="113.95233666666667"><ele>826.5</ele><time>2025-11-13T04:32:54Z</time></trkpt><trkpt lat="22.25644833333333" lon="113.95232499999999"><ele>826.5</ele><time>2025-11-13T04:33:07Z</time></trkpt><trkpt lat="22.25645833333333" lon="113.95230666666666"><ele>827.1</ele><time>2025-11-13T04:33:12Z</time></trkpt><trkpt lat="22.256475000000002" lon="113.95231666666665"><ele>827.9</ele><time>2025-11-13T04:33:16Z</time></trkpt><trkpt lat="22.256495000000005" lon="113.95232666666668"><ele>828.7</ele><time>2025-11-13T04:33:20Z</time></trkpt><trkpt lat="22.256513333333334" lon="113.95233833333332"><ele>829.7</ele><time>2025-11-13T04:33:25Z</time></trkpt><trkpt lat="22.256529999999998" lon="113.95234666666666"><ele>829.9</ele><time>2025-11-13T04:33:28Z</time></trkpt><trkpt lat="22.25654833333333" lon="113.95234666666666"><ele>829.8</ele><time>2025-11-13T04:33:32Z</time></trkpt><trkpt lat="22.256570000000004" lon="113.95235"><ele>829.8</ele><time>2025-11-13T04:33:35Z</time></trkpt><trkpt lat="22.25659" lon="113.95235"><ele>830.2</ele><time>2025-11-13T04:33:41Z</time></trkpt><trkpt lat="22.25662333333333" lon="113.95232499999999"><ele>831.2</ele><time>2025-11-13T04:33:58Z</time></trkpt><trkpt lat="22.25664" lon="113.952315"><ele>831.2</ele><time>2025-11-13T04:34:01Z</time></trkpt><trkpt lat="22.256660000000004" lon="113.95231166666666"><ele>831.4</ele><time>2025-11-13T04:34:05Z</time></trkpt><trkpt lat="22.256678333333337" lon="113.95231666666665"><ele>831.9</ele><time>2025-11-13T04:34:09Z</time></trkpt><trkpt lat="22.256696666666667" lon="113.952315"><ele>832.4</ele><time>2025-11-13T04:34:13Z</time></trkpt><trkpt lat="22.256725" lon="113.952315"><ele>834.0</ele><time>2025-11-13T04:34:35Z</time></trkpt><trkpt lat="22.25674333333333" lon="113.95231833333334"><ele>833.8</ele><time>2025-11-13T04:34:39Z</time></trkpt><trkpt lat="22.256763333333332" lon="113.95231333333335"><ele>834.4</ele><time>2025-11-13T04:34:44Z</time></trkpt><trkpt lat="22.25678833333333" lon="113.95229333333333"><ele>838.0</ele><time>2025-11-13T04:35:16Z</time></trkpt><trkpt lat="22.256808333333332" lon="113.95228999999999"><ele>838.1</ele><time>2025-11-13T04:35:19Z</time></trkpt><trkpt lat="22.256823333333333" lon="113.95230500000001"><ele>838.4</ele><time>2025-11-13T04:35:22Z</time></trkpt><trkpt lat="22.256843333333336" lon="113.95231166666666"><ele>838.2</ele><time>2025-11-13T04:35:27Z</time></trkpt><trkpt lat="22.25686166666667" lon="113.95231166666666"><ele>838.6</ele><time>2025-11-13T04:35:31Z</time></trkpt><trkpt lat="22.256881666666665" lon="113.95232"><ele>839.1</ele><time>2025-11-13T04:35:36Z</time></trkpt><trkpt lat="22.25690666666667" lon="113.95233000000002"><ele>839.2</ele><time>2025-11-13T04:35:40Z</time></trkpt><trkpt lat="22.256925000000003" lon="113.95233000000002"><ele>839.3</ele><time>2025-11-13T04:35:43Z</time></trkpt><trkpt lat="22.256945000000005" lon="113.95233166666667"><ele>839.5</ele><time>2025-11-13T04:35:46Z</time></trkpt><trkpt lat="22.256961666666665" lon="113.95234"><ele>839.6</ele><time>2025-11-13T04:35:50Z</time></trkpt><trkpt lat="22.25698" lon="113.95233833333332"><ele>839.7</ele><time>2025-11-13T04:35:54Z</time></trkpt><trkpt lat="22.257" lon="113.95233666666667"><ele>839.9</ele><time>2025-11-13T04:35:58Z</time></trkpt><trkpt lat="22.257015000000003" lon="113.95232333333334"><ele>840.5</ele><time>2025-11-13T04:36:03Z</time></trkpt><trkpt lat="22.25702833333333" lon="113.95230833333332"><ele>841.2</ele><time>2025-11-13T04:36:08Z</time></trkpt><trkpt lat="22.25704166666667" lon="113.95229499999999"><ele>841.9</ele><time>2025-11-13T04:36:11Z</time></trkpt><trkpt lat="22.257060000000003" lon="113.95228"><ele>842.8</ele><time>2025-11-13T04:36:15Z</time></trkpt><trkpt lat="22.25707" lon="113.95230166666667"><ele>844.4</ele><time>2025-11-13T04:36:20Z</time></trkpt><trkpt lat="22.25707" lon="113.95232833333333"><ele>845.7</ele><time>2025-11-13T04:36:24Z</time></trkpt><trkpt lat="22.257079999999995" lon="113.952345"><ele>845.8</ele><time>2025-11-13T04:36:37Z</time></trkpt><trkpt lat="22.257096666666666" lon="113.95235666666667"><ele>845.7</ele><time>2025-11-13T04:36:40Z</time></trkpt><trkpt lat="22.25711833333333" lon="113.95236500000001"><ele>845.4</ele><time>2025-11-13T04:36:45Z</time></trkpt><trkpt lat="22.257135" lon="113.95237666666665"><ele>846.0</ele><time>2025-11-13T04:36:48Z</time></trkpt><trkpt lat="22.25714833333333" lon="113.95239166666667"><ele>846.4</ele><time>2025-11-13T04:36:53Z</time></trkpt><trkpt lat="22.257166666666663" lon="113.95239500000001"><ele>846.1</ele><time>2025-11-13T04:36:56Z</time></trkpt><trkpt lat="22.257184999999996" lon="113.95239333333332"><ele>845.9</ele><time>2025-11-13T04:36:59Z</time></trkpt><trkpt lat="22.257205" lon="113.95240166666666"><ele>845.7</ele><time>2025-11-13T04:37:02Z</time></trkpt><trkpt lat="22.25721" lon="113.95242666666667"><ele>846.6</ele><time>2025-11-13T04:37:07Z</time></trkpt><trkpt lat="22.25720833333333" lon="113.95244666666667"><ele>847.3</ele><time>2025-11-13T04:37:11Z</time></trkpt><trkpt lat="22.257211666666663" lon="113.95246666666665"><ele>850.3</ele><time>2025-11-13T04:37:23Z</time></trkpt><trkpt lat="22.257201666666667" lon="113.95249166666666"><ele>850.4</ele><time>2025-11-13T04:37:28Z</time></trkpt><trkpt lat="22.257228333333334" lon="113.95253333333334"><ele>852.8</ele><time>2025-11-13T04:37:48Z</time></trkpt><trkpt lat="22.257213333333333" lon="113.95254833333333"><ele>853.4</ele><time>2025-11-13T04:37:51Z</time></trkpt><trkpt lat="22.25721" lon="113.95257000000001"><ele>854.7</ele><time>2025-11-13T04:37:58Z</time></trkpt><trkpt lat="22.257213333333333" lon="113.95259"><ele>854.5</ele><time>2025-11-13T04:38:04Z</time></trkpt><trkpt lat="22.257236666666667" lon="113.95260333333333"><ele>854.8</ele><time>2025-11-13T04:38:36Z</time></trkpt><trkpt lat="22.257243333333335" lon="113.95262333333334"><ele>854.7</ele><time>2025-11-13T04:38:42Z</time></trkpt><trkpt lat="22.257240000000003" lon="113.95264333333334"><ele>855.2</ele><time>2025-11-13T04:38:46Z</time></trkpt><trkpt lat="22.257240000000003" lon="113.95266833333332"><ele>856.4</ele><time>2025-11-13T04:38:52Z</time></trkpt><trkpt lat="22.257243333333335" lon="113.95268833333333"><ele>857.5</ele><time>2025-11-13T04:38:58Z</time></trkpt><trkpt lat="22.257246666666667" lon="113.95271333333334"><ele>857.6</ele><time>2025-11-13T04:39:02Z</time></trkpt><trkpt lat="22.25725" lon="113.95273333333334"><ele>858.3</ele><time>2025-11-13T04:39:06Z</time></trkpt><trkpt lat="22.25725166666667" lon="113.95275500000001"><ele>859.8</ele><time>2025-11-13T04:39:11Z</time></trkpt><trkpt lat="22.257258333333333" lon="113.95277833333333"><ele>860.5</ele><time>2025-11-13T04:39:17Z</time></trkpt><trkpt lat="22.257273333333334" lon="113.95279166666666"><ele>862.7</ele><time>2025-11-13T04:39:29Z</time></trkpt><trkpt lat="22.257286666666666" lon="113.95280833333332"><ele>862.8</ele><time>2025-11-13T04:39:32Z</time></trkpt><trkpt lat="22.25729666666667" lon="113.95282833333334"><ele>863.3</ele><time>2025-11-13T04:39:35Z</time></trkpt><trkpt lat="22.257285000000003" lon="113.95284666666666"><ele>864.0</ele><time>2025-11-13T04:39:38Z</time></trkpt><trkpt lat="22.257281666666668" lon="113.95286833333333"><ele>865.1</ele><time>2025-11-13T04:39:43Z</time></trkpt><trkpt lat="22.257279999999998" lon="113.95284833333332"><ele>866.0</ele><time>2025-11-13T04:39:53Z</time></trkpt><trkpt lat="22.257259999999995" lon="113.95286"><ele>865.5</ele><time>2025-11-13T04:40:00Z</time></trkpt><trkpt lat="22.257234999999998" lon="113.95285833333334"><ele>866.0</ele><time>2025-11-13T04:40:07Z</time></trkpt><trkpt lat="22.257231666666666" lon="113.95283666666667"><ele>865.3</ele><time>2025-11-13T04:40:32Z</time></trkpt><trkpt lat="22.25722166666667" lon="113.95282"><ele>865.7</ele><time>2025-11-13T04:40:36Z</time></trkpt><trkpt lat="22.257223333333332" lon="113.95279666666666"><ele>865.9</ele><time>2025-11-13T04:40:41Z</time></trkpt><trkpt lat="22.25723833333333" lon="113.95281000000001"><ele>865.2</ele><time>2025-11-13T04:41:23Z</time></trkpt><trkpt lat="22.257241666666665" lon="113.952835"><ele>864.9</ele><time>2025-11-13T04:41:27Z</time></trkpt><trkpt lat="22.257246666666667" lon="113.952855"><ele>864.9</ele><time>2025-11-13T04:41:31Z</time></trkpt><trkpt lat="22.257259999999995" lon="113.95287166666667"><ele>864.5</ele><time>2025-11-13T04:41:34Z</time></trkpt><trkpt lat="22.257281666666668" lon="113.95287666666667"><ele>863.5</ele><time>2025-11-13T04:41:44Z</time></trkpt><trkpt lat="22.257293333333337" lon="113.95289499999998"><ele>863.2</ele><time>2025-11-13T04:41:48Z</time></trkpt><trkpt lat="22.25729666666667" lon="113.952915"><ele>862.8</ele><time>2025-11-13T04:41:52Z</time></trkpt><trkpt lat="22.2573" lon="113.95293833333332"><ele>862.5</ele><time>2025-11-13T04:41:56Z</time></trkpt><trkpt lat="22.257315000000002" lon="113.95295499999999"><ele>862.0</ele><time>2025-11-13T04:42:00Z</time></trkpt><trkpt lat="22.257323333333336" lon="113.95297333333335"><ele>861.5</ele><time>2025-11-13T04:42:03Z</time></trkpt><trkpt lat="22.257330000000003" lon="113.95299666666666"><ele>860.9</ele><time>2025-11-13T04:42:06Z</time></trkpt><trkpt lat="22.25735166666667" lon="113.953005"><ele>860.2</ele><time>2025-11-13T04:42:10Z</time></trkpt><trkpt lat="22.25737333333333" lon="113.95300666666665"><ele>859.7</ele><time>2025-11-13T04:42:13Z</time></trkpt><trkpt lat="22.257391666666663" lon="113.95301666666667"><ele>859.1</ele><time>2025-11-13T04:42:16Z</time></trkpt><trkpt lat="22.25740166666667" lon="113.95303833333334"><ele>858.4</ele><time>2025-11-13T04:42:20Z</time></trkpt><trkpt lat="22.257398333333338" lon="113.95306000000001"><ele>857.9</ele><time>2025-11-13T04:42:23Z</time></trkpt><trkpt lat="22.25739" lon="113.95308000000001"><ele>857.9</ele><time>2025-11-13T04:42:29Z</time></trkpt><trkpt lat="22.257383333333337" lon="113.95309999999999"><ele>857.5</ele><time>2025-11-13T04:42:32Z</time></trkpt><trkpt lat="22.257375000000003" lon="113.95312"><ele>857.1</ele><time>2025-11-13T04:42:35Z</time></trkpt><trkpt lat="22.257363333333334" lon="113.95313499999999"><ele>858.1</ele><time>2025-11-13T04:42:55Z</time></trkpt><trkpt lat="22.25735666666667" lon="113.95315333333335"><ele>858.2</ele><time>2025-11-13T04:42:58Z</time></trkpt><trkpt lat="22.257346666666663" lon="113.95316999999999"><ele>857.5</ele><time>2025-11-13T04:43:16Z</time></trkpt><trkpt lat="22.25734" lon="113.95318999999999"><ele>857.5</ele><time>2025-11-13T04:43:19Z</time></trkpt><trkpt lat="22.257331666666666" lon="113.95321166666666"><ele>856.9</ele><time>2025-11-13T04:43:24Z</time></trkpt><trkpt lat="22.257336666666667" lon="113.95323333333333"><ele>855.9</ele><time>2025-11-13T04:43:27Z</time></trkpt><trkpt lat="22.257338333333337" lon="113.95325499999998"><ele>855.5</ele><time>2025-11-13T04:43:29Z</time></trkpt><trkpt lat="22.257338333333337" lon="113.95327999999999"><ele>854.6</ele><time>2025-11-13T04:43:31Z</time></trkpt><trkpt lat="22.257338333333337" lon="113.9533"><ele>854.1</ele><time>2025-11-13T04:43:33Z</time></trkpt><trkpt lat="22.257361666666664" lon="113.95329166666667"><ele>852.5</ele><time>2025-11-13T04:43:37Z</time></trkpt><trkpt lat="22.257379999999998" lon="113.95329666666666"><ele>852.4</ele><time>2025-11-13T04:43:42Z</time></trkpt><trkpt lat="22.2574" lon="113.95330333333335"><ele>852.2</ele><time>2025-11-13T04:43:46Z</time></trkpt><trkpt lat="22.257423333333335" lon="113.95330166666666"><ele>851.6</ele><time>2025-11-13T04:43:50Z</time></trkpt><trkpt lat="22.257448333333333" lon="113.95329833333332"><ele>851.6</ele><time>2025-11-13T04:43:54Z</time></trkpt><trkpt lat="22.257468333333335" lon="113.95328166666668"><ele>851.4</ele><time>2025-11-13T04:44:00Z</time></trkpt><trkpt lat="22.257484999999996" lon="113.95327333333334"><ele>851.3</ele><time>2025-11-13T04:44:02Z</time></trkpt><trkpt lat="22.257501666666666" lon="113.95325166666667"><ele>851.0</ele><time>2025-11-13T04:44:05Z</time></trkpt><trkpt lat="22.25752" lon="113.95324000000001"><ele>850.9</ele><time>2025-11-13T04:44:08Z</time></trkpt><trkpt lat="22.257540000000002" lon="113.95323666666667"><ele>849.9</ele><time>2025-11-13T04:44:12Z</time></trkpt><trkpt lat="22.257565" lon="113.95322999999999"><ele>849.3</ele><time>2025-11-13T04:44:16Z</time></trkpt><trkpt lat="22.257586666666665" lon="113.95322999999999"><ele>848.6</ele><time>2025-11-13T04:44:19Z</time></trkpt><trkpt lat="22.257596666666668" lon="113.95325333333334"><ele>848.7</ele><time>2025-11-13T04:44:22Z</time></trkpt><trkpt lat="22.25759333333333" lon="113.95327333333334"><ele>848.5</ele><time>2025-11-13T04:44:26Z</time></trkpt><trkpt lat="22.257604999999998" lon="113.95328999999998"><ele>849.1</ele><time>2025-11-13T04:44:33Z</time></trkpt><trkpt lat="22.257634999999997" lon="113.95326833333333"><ele>849.2</ele><time>2025-11-13T04:45:25Z</time></trkpt><trkpt lat="22.257646666666666" lon="113.95325333333334"><ele>850.2</ele><time>2025-11-13T04:46:01Z</time></trkpt><trkpt lat="22.25766833333333" lon="113.95327166666667"><ele>849.7</ele><time>2025-11-13T04:46:05Z</time></trkpt><trkpt lat="22.257645000000004" lon="113.95327666666665"><ele>851.3</ele><time>2025-11-13T04:46:11Z</time></trkpt><trkpt lat="22.257634999999997" lon="113.95329500000001"><ele>851.5</ele><time>2025-11-13T04:46:15Z</time></trkpt></trkseg><trkseg><trkpt lat="22.25764333333333" lon="113.95327333333334"><ele>844.6</ele><time>2025-11-13T05:02:20Z</time></trkpt><trkpt lat="22.25764333333333" lon="113.95325333333334"><ele>844.5</ele><time>2025-11-13T05:02:26Z</time></trkpt><trkpt lat="22.25766666666667" lon="113.95320166666667"><ele>844.8</ele><time>2025-11-13T05:02:52Z</time></trkpt><trkpt lat="22.25765666666667" lon="113.95318333333334"><ele>845.0</ele><time>2025-11-13T05:02:55Z</time></trkpt><trkpt lat="22.257646666666666" lon="113.95316333333334"><ele>845.5</ele><time>2025-11-13T05:02:59Z</time></trkpt><trkpt lat="22.257634999999997" lon="113.953145"><ele>845.6</ele><time>2025-11-13T05:03:04Z</time></trkpt><trkpt lat="22.257651666666668" lon="113.95313333333334"><ele>845.2</ele><time>2025-11-13T05:03:09Z</time></trkpt><trkpt lat="22.25768333333333" lon="113.95314833333332"><ele>843.4</ele><time>2025-11-13T05:03:32Z</time></trkpt><trkpt lat="22.257708333333333" lon="113.95315166666666"><ele>842.5</ele><time>2025-11-13T05:03:42Z</time></trkpt><trkpt lat="22.25773333333333" lon="113.95314833333332"><ele>842.9</ele><time>2025-11-13T05:03:59Z</time></trkpt><trkpt lat="22.25775833333333" lon="113.95315000000001"><ele>842.3</ele><time>2025-11-13T05:04:04Z</time></trkpt><trkpt lat="22.25777833333333" lon="113.95315000000001"><ele>841.4</ele><time>2025-11-13T05:04:08Z</time></trkpt><trkpt lat="22.257798333333334" lon="113.95315166666666"><ele>840.5</ele><time>2025-11-13T05:04:12Z</time></trkpt><trkpt lat="22.257816666666667" lon="113.95316499999998"><ele>840.3</ele><time>2025-11-13T05:04:15Z</time></trkpt><trkpt lat="22.25783666666667" lon="113.95316833333332"><ele>839.2</ele><time>2025-11-13T05:04:19Z</time></trkpt><trkpt lat="22.257856666666665" lon="113.95317166666668"><ele>838.2</ele><time>2025-11-13T05:04:23Z</time></trkpt><trkpt lat="22.257870000000004" lon="113.953185"><ele>837.5</ele><time>2025-11-13T05:04:26Z</time></trkpt><trkpt lat="22.25789166666667" lon="113.95319833333333"><ele>836.2</ele><time>2025-11-13T05:04:30Z</time></trkpt><trkpt lat="22.257904999999997" lon="113.95321333333335"><ele>834.8</ele><time>2025-11-13T05:04:34Z</time></trkpt><trkpt lat="22.257918333333336" lon="113.95322666666668"><ele>833.9</ele><time>2025-11-13T05:04:38Z</time></trkpt><trkpt lat="22.257934999999996" lon="113.953235"><ele>832.7</ele><time>2025-11-13T05:04:42Z</time></trkpt><trkpt lat="22.257960000000004" lon="113.95324166666666"><ele>831.2</ele><time>2025-11-13T05:04:47Z</time></trkpt><trkpt lat="22.257978333333334" lon="113.95324000000001"><ele>830.3</ele><time>2025-11-13T05:04:50Z</time></trkpt><trkpt lat="22.257994999999998" lon="113.95325333333334"><ele>829.2</ele><time>2025-11-13T05:04:54Z</time></trkpt><trkpt lat="22.25801333333333" lon="113.95326500000002"><ele>828.6</ele><time>2025-11-13T05:04:58Z</time></trkpt><trkpt lat="22.25803166666667" lon="113.95327666666665"><ele>828.3</ele><time>2025-11-13T05:05:03Z</time></trkpt><trkpt lat="22.258055" lon="113.95326500000002"><ele>830.3</ele><time>2025-11-13T05:05:40Z</time></trkpt><trkpt lat="22.258098333333336" lon="113.95328166666668"><ele>831.3</ele><time>2025-11-13T05:05:56Z</time></trkpt><trkpt lat="22.258096666666667" lon="113.95331333333334"><ele>827.8</ele><time>2025-11-13T05:06:45Z</time></trkpt><trkpt lat="22.25814666666667" lon="113.95331"><ele>825.6</ele><time>2025-11-13T05:07:34Z</time></trkpt><trkpt lat="22.258168333333334" lon="113.95331666666668"><ele>825.2</ele><time>2025-11-13T05:07:38Z</time></trkpt><trkpt lat="22.258188333333337" lon="113.95331333333334"><ele>824.3</ele><time>2025-11-13T05:07:43Z</time></trkpt><trkpt lat="22.258208333333332" lon="113.95331499999999"><ele>823.1</ele><time>2025-11-13T05:07:50Z</time></trkpt><trkpt lat="22.258226666666662" lon="113.953325"><ele>821.8</ele><time>2025-11-13T05:07:56Z</time></trkpt><trkpt lat="22.258245000000002" lon="113.95333000000001"><ele>820.5</ele><time>2025-11-13T05:08:02Z</time></trkpt><trkpt lat="22.258264999999998" lon="113.95333166666666"><ele>819.2</ele><time>2025-11-13T05:08:08Z</time></trkpt><trkpt lat="22.258285" lon="113.95334"><ele>816.8</ele><time>2025-11-13T05:08:25Z</time></trkpt><trkpt lat="22.258308333333336" lon="113.95334333333334"><ele>816.3</ele><time>2025-11-13T05:08:29Z</time></trkpt><trkpt lat="22.25832666666667" lon="113.95335166666668"><ele>815.4</ele><time>2025-11-13T05:08:35Z</time></trkpt><trkpt lat="22.258345000000002" lon="113.95335333333333"><ele>814.5</ele><time>2025-11-13T05:08:43Z</time></trkpt><trkpt lat="22.258365000000005" lon="113.95335666666666"><ele>812.7</ele><time>2025-11-13T05:08:50Z</time></trkpt><trkpt lat="22.258388333333333" lon="113.95335833333333"><ele>810.6</ele><time>2025-11-13T05:09:01Z</time></trkpt><trkpt lat="22.25843166666667" lon="113.95335500000002"><ele>806.5</ele><time>2025-11-13T05:09:23Z</time></trkpt><trkpt lat="22.25845" lon="113.95335333333333"><ele>805.7</ele><time>2025-11-13T05:09:29Z</time></trkpt><trkpt lat="22.25847666666667" lon="113.95334666666668"><ele>803.7</ele><time>2025-11-13T05:09:39Z</time></trkpt><trkpt lat="22.258495" lon="113.95334499999998"><ele>802.2</ele><time>2025-11-13T05:09:46Z</time></trkpt><trkpt lat="22.258513333333333" lon="113.95335500000002"><ele>801.4</ele><time>2025-11-13T05:09:52Z</time></trkpt><trkpt lat="22.258581666666668" lon="113.95328999999998"><ele>794.6</ele><time>2025-11-13T05:10:43Z</time></trkpt><trkpt lat="22.258626666666668" lon="113.95329666666666"><ele>790.9</ele><time>2025-11-13T05:11:14Z</time></trkpt><trkpt lat="22.258645" lon="113.95329500000001"><ele>789.5</ele><time>2025-11-13T05:11:21Z</time></trkpt><trkpt lat="22.258666666666667" lon="113.95319833333333"><ele>785.4</ele><time>2025-11-13T05:11:55Z</time></trkpt><trkpt lat="22.258758333333336" lon="113.95321"><ele>779.8</ele><time>2025-11-13T05:12:38Z</time></trkpt><trkpt lat="22.258813333333332" lon="113.95329500000001"><ele>772.4</ele><time>2025-11-13T05:13:32Z</time></trkpt><trkpt lat="22.258844999999997" lon="113.95336666666665"><ele>770.8</ele><time>2025-11-13T05:13:51Z</time></trkpt><trkpt lat="22.258874999999996" lon="113.95342000000001"><ele>768.8</ele><time>2025-11-13T05:14:11Z</time></trkpt><trkpt lat="22.25894333333333" lon="113.95338500000001"><ele>765.6</ele><time>2025-11-13T05:14:36Z</time></trkpt><trkpt lat="22.25900166666667" lon="113.9534"><ele>758.7</ele><time>2025-11-13T05:15:28Z</time></trkpt><trkpt lat="22.259008333333334" lon="113.95342000000001"><ele>758.4</ele><time>2025-11-13T05:15:32Z</time></trkpt><trkpt lat="22.259024999999998" lon="113.95343"><ele>758.2</ele><time>2025-11-13T05:15:38Z</time></trkpt><trkpt lat="22.25912" lon="113.95341666666667"><ele>755.7</ele><time>2025-11-13T05:16:11Z</time></trkpt><trkpt lat="22.259140000000002" lon="113.95342000000001"><ele>755.2</ele><time>2025-11-13T05:16:14Z</time></trkpt><trkpt lat="22.259161666666667" lon="113.95343"><ele>754.5</ele><time>2025-11-13T05:16:18Z</time></trkpt><trkpt lat="22.25917833333333" lon="113.95343833333332"><ele>753.4</ele><time>2025-11-13T05:16:23Z</time></trkpt><trkpt lat="22.259200000000003" lon="113.95342833333333"><ele>751.3</ele><time>2025-11-13T05:16:43Z</time></trkpt><trkpt lat="22.25921333333333" lon="113.95344166666668"><ele>750.0</ele><time>2025-11-13T05:16:53Z</time></trkpt><trkpt lat="22.25925666666667" lon="113.95344166666668"><ele>748.5</ele><time>2025-11-13T05:17:15Z</time></trkpt><trkpt lat="22.25931166666667" lon="113.95345833333334"><ele>746.2</ele><time>2025-11-13T05:17:31Z</time></trkpt><trkpt lat="22.259324999999997" lon="113.95347333333332"><ele>745.5</ele><time>2025-11-13T05:17:35Z</time></trkpt><trkpt lat="22.25934666666667" lon="113.95347500000001"><ele>744.6</ele><time>2025-11-13T05:17:39Z</time></trkpt><trkpt lat="22.259365000000003" lon="113.95346333333333"><ele>743.9</ele><time>2025-11-13T05:17:42Z</time></trkpt><trkpt lat="22.259386666666668" lon="113.95346166666668"><ele>742.7</ele><time>2025-11-13T05:17:48Z</time></trkpt><trkpt lat="22.259408333333333" lon="113.95346833333333"><ele>741.8</ele><time>2025-11-13T05:17:52Z</time></trkpt><trkpt lat="22.259428333333336" lon="113.95345999999999"><ele>740.8</ele><time>2025-11-13T05:17:56Z</time></trkpt><trkpt lat="22.259459999999997" lon="113.95343666666668"><ele>739.4</ele><time>2025-11-13T05:18:03Z</time></trkpt><trkpt lat="22.259470000000004" lon="113.95341833333332"><ele>738.7</ele><time>2025-11-13T05:18:07Z</time></trkpt><trkpt lat="22.259483333333332" lon="113.9534"><ele>737.9</ele><time>2025-11-13T05:18:11Z</time></trkpt><trkpt lat="22.259513333333334" lon="113.95336666666665"><ele>735.2</ele><time>2025-11-13T05:18:36Z</time></trkpt><trkpt lat="22.259543333333333" lon="113.953365"><ele>732.0</ele><time>2025-11-13T05:18:55Z</time></trkpt><trkpt lat="22.259560000000004" lon="113.95335500000002"><ele>731.5</ele><time>2025-11-13T05:18:59Z</time></trkpt><trkpt lat="22.259636666666665" lon="113.95333833333333"><ele>725.4</ele><time>2025-11-13T05:19:35Z</time></trkpt><trkpt lat="22.259650000000004" lon="113.95331833333333"><ele>724.9</ele><time>2025-11-13T05:19:39Z</time></trkpt><trkpt lat="22.259745" lon="113.953325"><ele>714.8</ele><time>2025-11-13T05:20:33Z</time></trkpt><trkpt lat="22.25977833333333" lon="113.95327666666665"><ele>704.0</ele><time>2025-11-13T05:22:10Z</time></trkpt><trkpt lat="22.259861666666666" lon="113.95332833333332"><ele>698.3</ele><time>2025-11-13T05:23:12Z</time></trkpt><trkpt lat="22.259878333333337" lon="113.95331833333333"><ele>697.7</ele><time>2025-11-13T05:23:15Z</time></trkpt><trkpt lat="22.25994166666667" lon="113.95324833333333"><ele>694.0</ele><time>2025-11-13T05:23:49Z</time></trkpt><trkpt lat="22.260023333333333" lon="113.95331666666668"><ele>687.7</ele><time>2025-11-13T05:24:38Z</time></trkpt><trkpt lat="22.26006" lon="113.95334166666667"><ele>686.8</ele><time>2025-11-13T05:24:47Z</time></trkpt><trkpt lat="22.260074999999997" lon="113.95333000000001"><ele>686.0</ele><time>2025-11-13T05:24:50Z</time></trkpt><trkpt lat="22.260133333333336" lon="113.95325499999998"><ele>676.2</ele><time>2025-11-13T05:25:48Z</time></trkpt><trkpt lat="22.260233333333336" lon="113.95323166666667"><ele>668.7</ele><time>2025-11-13T05:26:44Z</time></trkpt><trkpt lat="22.26033333333333" lon="113.95321666666665"><ele>659.4</ele><time>2025-11-13T05:27:59Z</time></trkpt><trkpt lat="22.260426666666664" lon="113.95317833333333"><ele>651.9</ele><time>2025-11-13T05:28:51Z</time></trkpt><trkpt lat="22.260473333333334" lon="113.95317833333333"><ele>647.9</ele><time>2025-11-13T05:29:16Z</time></trkpt><trkpt lat="22.260495" lon="113.95317833333333"><ele>646.8</ele><time>2025-11-13T05:29:22Z</time></trkpt><trkpt lat="22.260581666666667" lon="113.95323333333333"><ele>642.3</ele><time>2025-11-13T05:30:05Z</time></trkpt><trkpt lat="22.260675" lon="113.95324666666666"><ele>634.7</ele><time>2025-11-13T05:30:57Z</time></trkpt><trkpt lat="22.26077666666667" lon="113.95326333333333"><ele>625.3</ele><time>2025-11-13T05:31:51Z</time></trkpt><trkpt lat="22.26085666666667" lon="113.95319999999998"><ele>620.6</ele><time>2025-11-13T05:32:27Z</time></trkpt><trkpt lat="22.260905" lon="113.95315833333333"><ele>617.1</ele><time>2025-11-13T05:32:50Z</time></trkpt><trkpt lat="22.26100166666667" lon="113.95315333333335"><ele>610.8</ele><time>2025-11-13T05:33:28Z</time></trkpt><trkpt lat="22.261100000000003" lon="113.953155"><ele>604.2</ele><time>2025-11-13T05:34:23Z</time></trkpt><trkpt lat="22.26112333333333" lon="113.95313499999999"><ele>603.3</ele><time>2025-11-13T05:34:28Z</time></trkpt><trkpt lat="22.261205000000004" lon="113.95315166666666"><ele>595.8</ele><time>2025-11-13T05:35:22Z</time></trkpt><trkpt lat="22.261306666666663" lon="113.953125"><ele>592.4</ele><time>2025-11-13T05:35:50Z</time></trkpt><trkpt lat="22.26132" lon="113.95315333333335"><ele>591.0</ele><time>2025-11-13T05:35:59Z</time></trkpt><trkpt lat="22.261421666666667" lon="113.95318333333334"><ele>588.3</ele><time>2025-11-13T05:36:22Z</time></trkpt><trkpt lat="22.26143833333333" lon="113.95317500000002"><ele>587.9</ele><time>2025-11-13T05:36:25Z</time></trkpt><trkpt lat="22.261456666666664" lon="113.95317833333333"><ele>587.2</ele><time>2025-11-13T05:36:30Z</time></trkpt><trkpt lat="22.261550000000003" lon="113.95317333333332"><ele>585.3</ele><time>2025-11-13T05:36:47Z</time></trkpt><trkpt lat="22.26157" lon="113.95316999999999"><ele>585.2</ele><time>2025-11-13T05:36:49Z</time></trkpt><trkpt lat="22.261611666666667" lon="113.95316166666667"><ele>584.1</ele><time>2025-11-13T05:36:55Z</time></trkpt><trkpt lat="22.26163" lon="113.95316333333334"><ele>583.3</ele><time>2025-11-13T05:36:58Z</time></trkpt><trkpt lat="22.261653333333335" lon="113.95316"><ele>582.1</ele><time>2025-11-13T05:37:02Z</time></trkpt><trkpt lat="22.26169333333333" lon="113.95316499999998"><ele>580.6</ele><time>2025-11-13T05:37:11Z</time></trkpt><trkpt lat="22.261715000000002" lon="113.95315833333333"><ele>579.9</ele><time>2025-11-13T05:37:14Z</time></trkpt><trkpt lat="22.261734999999998" lon="113.95315000000001"><ele>579.5</ele><time>2025-11-13T05:37:17Z</time></trkpt><trkpt lat="22.261758333333333" lon="113.95313499999999"><ele>579.2</ele><time>2025-11-13T05:37:20Z</time></trkpt><trkpt lat="22.261776666666666" lon="113.95313166666668"><ele>578.7</ele><time>2025-11-13T05:37:23Z</time></trkpt><trkpt lat="22.261795" lon="113.95312833333334"><ele>578.8</ele><time>2025-11-13T05:37:25Z</time></trkpt><trkpt lat="22.261863333333334" lon="113.95307833333332"><ele>579.4</ele><time>2025-11-13T05:38:05Z</time></trkpt><trkpt lat="22.261885" lon="113.95306666666666"><ele>578.3</ele><time>2025-11-13T05:38:09Z</time></trkpt><trkpt lat="22.261903333333333" lon="113.95305833333332"><ele>577.4</ele><time>2025-11-13T05:38:12Z</time></trkpt><trkpt lat="22.261924999999998" lon="113.95304833333333"><ele>576.5</ele><time>2025-11-13T05:38:15Z</time></trkpt><trkpt lat="22.261948333333333" lon="113.95304"><ele>575.7</ele><time>2025-11-13T05:38:18Z</time></trkpt><trkpt lat="22.26196" lon="113.95302333333332"><ele>574.6</ele><time>2025-11-13T05:38:23Z</time></trkpt><trkpt lat="22.26197833333333" lon="113.95302166666667"><ele>573.9</ele><time>2025-11-13T05:38:27Z</time></trkpt><trkpt lat="22.261998333333334" lon="113.95302000000001"><ele>573.2</ele><time>2025-11-13T05:38:30Z</time></trkpt><trkpt lat="22.26202" lon="113.95301833333333"><ele>573.0</ele><time>2025-11-13T05:38:32Z</time></trkpt><trkpt lat="22.262040000000002" lon="113.95300333333334"><ele>572.4</ele><time>2025-11-13T05:38:35Z</time></trkpt><trkpt lat="22.262058333333336" lon="113.95298499999998"><ele>571.7</ele><time>2025-11-13T05:38:38Z</time></trkpt><trkpt lat="22.26207833333334" lon="113.95298333333334"><ele>570.9</ele><time>2025-11-13T05:38:41Z</time></trkpt><trkpt lat="22.262101666666663" lon="113.952975"><ele>569.9</ele><time>2025-11-13T05:38:45Z</time></trkpt><trkpt lat="22.262121666666665" lon="113.95296000000002"><ele>569.1</ele><time>2025-11-13T05:38:50Z</time></trkpt><trkpt lat="22.26214" lon="113.95295333333334"><ele>568.5</ele><time>2025-11-13T05:38:53Z</time></trkpt><trkpt lat="22.26215666666667" lon="113.952945"><ele>567.9</ele><time>2025-11-13T05:38:58Z</time></trkpt><trkpt lat="22.262176666666665" lon="113.95295166666668"><ele>566.8</ele><time>2025-11-13T05:39:06Z</time></trkpt><trkpt lat="22.26220166666667" lon="113.95295333333334"><ele>565.6</ele><time>2025-11-13T05:39:11Z</time></trkpt><trkpt lat="22.262220000000003" lon="113.95296166666667"><ele>564.7</ele><time>2025-11-13T05:39:18Z</time></trkpt><trkpt lat="22.262245" lon="113.952945"><ele>563.0</ele><time>2025-11-13T05:39:30Z</time></trkpt><trkpt lat="22.262265000000003" lon="113.952945"><ele>563.1</ele><time>2025-11-13T05:39:38Z</time></trkpt><trkpt lat="22.262283333333336" lon="113.95294"><ele>562.5</ele><time>2025-11-13T05:39:44Z</time></trkpt><trkpt lat="22.262301666666666" lon="113.95294"><ele>561.9</ele><time>2025-11-13T05:39:48Z</time></trkpt><trkpt lat="22.26232166666667" lon="113.95293500000001"><ele>560.5</ele><time>2025-11-13T05:39:56Z</time></trkpt><trkpt lat="22.262335" lon="113.95291999999999"><ele>559.8</ele><time>2025-11-13T05:40:01Z</time></trkpt><trkpt lat="22.262355000000003" lon="113.95292333333333"><ele>559.0</ele><time>2025-11-13T05:40:08Z</time></trkpt><trkpt lat="22.26242666666667" lon="113.95291333333334"><ele>555.1</ele><time>2025-11-13T05:40:53Z</time></trkpt><trkpt lat="22.262445000000003" lon="113.95290500000002"><ele>554.7</ele><time>2025-11-13T05:40:57Z</time></trkpt><trkpt lat="22.262449999999998" lon="113.952885"><ele>554.2</ele><time>2025-11-13T05:41:04Z</time></trkpt><trkpt lat="22.26245833333333" lon="113.95286666666668"><ele>553.4</ele><time>2025-11-13T05:41:09Z</time></trkpt><trkpt lat="22.262473333333332" lon="113.952855"><ele>552.2</ele><time>2025-11-13T05:41:18Z</time></trkpt><trkpt lat="22.262485" lon="113.95283833333333"><ele>551.7</ele><time>2025-11-13T05:41:23Z</time></trkpt><trkpt lat="22.2625" lon="113.95282333333334"><ele>551.0</ele><time>2025-11-13T05:41:27Z</time></trkpt><trkpt lat="22.26250333333333" lon="113.95280333333334"><ele>549.9</ele><time>2025-11-13T05:41:32Z</time></trkpt><trkpt lat="22.262494999999998" lon="113.952785"><ele>548.3</ele><time>2025-11-13T05:41:45Z</time></trkpt><trkpt lat="22.262488333333334" lon="113.95276"><ele>547.5</ele><time>2025-11-13T05:41:53Z</time></trkpt><trkpt lat="22.262485" lon="113.95273999999999"><ele>545.8</ele><time>2025-11-13T05:42:02Z</time></trkpt><trkpt lat="22.26250166666667" lon="113.95270000000001"><ele>543.2</ele><time>2025-11-13T05:42:17Z</time></trkpt><trkpt lat="22.262506666666663" lon="113.95267833333334"><ele>542.7</ele><time>2025-11-13T05:42:20Z</time></trkpt><trkpt lat="22.262520000000002" lon="113.95266166666667"><ele>541.9</ele><time>2025-11-13T05:42:25Z</time></trkpt><trkpt lat="22.262535000000003" lon="113.95264999999999"><ele>540.9</ele><time>2025-11-13T05:42:31Z</time></trkpt><trkpt lat="22.26254833333333" lon="113.95263500000001"><ele>539.6</ele><time>2025-11-13T05:42:36Z</time></trkpt><trkpt lat="22.262563333333333" lon="113.95262333333334"><ele>539.1</ele><time>2025-11-13T05:42:40Z</time></trkpt><trkpt lat="22.262584999999998" lon="113.95262333333334"><ele>537.7</ele><time>2025-11-13T05:42:49Z</time></trkpt><trkpt lat="22.26260333333333" lon="113.95262"><ele>536.6</ele><time>2025-11-13T05:42:57Z</time></trkpt><trkpt lat="22.262614999999997" lon="113.952605"><ele>535.5</ele><time>2025-11-13T05:43:03Z</time></trkpt><trkpt lat="22.262628333333335" lon="113.95259166666668"><ele>534.8</ele><time>2025-11-13T05:43:07Z</time></trkpt><trkpt lat="22.262673333333336" lon="113.95255999999999"><ele>533.3</ele><time>2025-11-13T05:43:22Z</time></trkpt><trkpt lat="22.262688333333337" lon="113.95254166666668"><ele>532.9</ele><time>2025-11-13T05:43:26Z</time></trkpt><trkpt lat="22.262704999999997" lon="113.95253"><ele>532.1</ele><time>2025-11-13T05:43:32Z</time></trkpt><trkpt lat="22.262725" lon="113.95248833333332"><ele>530.5</ele><time>2025-11-13T05:43:43Z</time></trkpt><trkpt lat="22.262716666666666" lon="113.95255666666665"><ele>527.0</ele><time>2025-11-13T05:44:31Z</time></trkpt><trkpt lat="22.26272666666667" lon="113.95251166666667"><ele>522.8</ele><time>2025-11-13T05:45:43Z</time></trkpt><trkpt lat="22.26270833333333" lon="113.95251666666667"><ele>522.8</ele><time>2025-11-13T05:45:45Z</time></trkpt><trkpt lat="22.262688333333337" lon="113.95251333333333"><ele>522.2</ele><time>2025-11-13T05:45:48Z</time></trkpt><trkpt lat="22.262704999999997" lon="113.95250499999999"><ele>522.1</ele><time>2025-11-13T05:45:54Z</time></trkpt><trkpt lat="22.262706666666666" lon="113.95253"><ele>525.6</ele><time>2025-11-13T05:47:01Z</time></trkpt><trkpt lat="22.26272333333333" lon="113.952555"><ele>527.5</ele><time>2025-11-13T05:48:33Z</time></trkpt><trkpt lat="22.262674999999998" lon="113.95258166666666"><ele>523.9</ele><time>2025-11-13T05:50:26Z</time></trkpt><trkpt lat="22.262735" lon="113.95251666666667"><ele>522.4</ele><time>2025-11-13T05:53:24Z</time></trkpt><trkpt lat="22.262776666666664" lon="113.95251000000002"><ele>521.3</ele><time>2025-11-13T05:55:54Z</time></trkpt><trkpt lat="22.262796666666667" lon="113.95249666666665"><ele>521.2</ele><time>2025-11-13T05:55:58Z</time></trkpt><trkpt lat="22.262808333333336" lon="113.95247166666668"><ele>521.0</ele><time>2025-11-13T05:56:02Z</time></trkpt><trkpt lat="22.262811666666668" lon="113.95245000000001"><ele>521.0</ele><time>2025-11-13T05:56:05Z</time></trkpt><trkpt lat="22.262815" lon="113.95242833333332"><ele>520.4</ele><time>2025-11-13T05:56:10Z</time></trkpt><trkpt lat="22.262815" lon="113.95240833333334"><ele>519.6</ele><time>2025-11-13T05:56:14Z</time></trkpt><trkpt lat="22.262851666666666" lon="113.95238666666667"><ele>518.3</ele><time>2025-11-13T05:56:23Z</time></trkpt><trkpt lat="22.26287333333333" lon="113.95237666666665"><ele>517.2</ele><time>2025-11-13T05:56:29Z</time></trkpt><trkpt lat="22.262855" lon="113.95239166666667"><ele>517.5</ele><time>2025-11-13T05:56:58Z</time></trkpt><trkpt lat="22.262838333333335" lon="113.95240833333334"><ele>517.4</ele><time>2025-11-13T05:57:01Z</time></trkpt><trkpt lat="22.26282" lon="113.95241666666668"><ele>517.3</ele><time>2025-11-13T05:57:07Z</time></trkpt><trkpt lat="22.262821666666664" lon="113.95243666666666"><ele>517.6</ele><time>2025-11-13T05:57:11Z</time></trkpt><trkpt lat="22.262815" lon="113.95245666666666"><ele>518.1</ele><time>2025-11-13T05:57:15Z</time></trkpt><trkpt lat="22.26281333333333" lon="113.95247833333333"><ele>518.4</ele><time>2025-11-13T05:57:18Z</time></trkpt><trkpt lat="22.262809999999998" lon="113.95250166666668"><ele>518.8</ele><time>2025-11-13T05:57:21Z</time></trkpt><trkpt lat="22.26279833333333" lon="113.95251666666667"><ele>519.4</ele><time>2025-11-13T05:57:26Z</time></trkpt><trkpt lat="22.26277333333333" lon="113.95252333333335"><ele>520.0</ele><time>2025-11-13T05:57:31Z</time></trkpt><trkpt lat="22.262755000000002" lon="113.95252833333333"><ele>520.5</ele><time>2025-11-13T05:57:34Z</time></trkpt><trkpt lat="22.262735" lon="113.95252833333333"><ele>521.0</ele><time>2025-11-13T05:57:38Z</time></trkpt><trkpt lat="22.262761666666666" lon="113.95250499999999"><ele>524.0</ele><time>2025-11-13T05:58:20Z</time></trkpt><trkpt lat="22.26278166666667" lon="113.9525"><ele>523.8</ele><time>2025-11-13T05:58:23Z</time></trkpt><trkpt lat="22.262803333333334" lon="113.95248666666666"><ele>523.3</ele><time>2025-11-13T05:58:27Z</time></trkpt><trkpt lat="22.262809999999998" lon="113.95246833333334"><ele>523.2</ele><time>2025-11-13T05:58:30Z</time></trkpt><trkpt lat="22.262818333333332" lon="113.95245000000001"><ele>523.3</ele><time>2025-11-13T05:58:33Z</time></trkpt><trkpt lat="22.26282833333333" lon="113.95242833333332"><ele>523.1</ele><time>2025-11-13T05:58:37Z</time></trkpt><trkpt lat="22.26283" lon="113.95240666666665"><ele>522.7</ele><time>2025-11-13T05:58:45Z</time></trkpt><trkpt lat="22.262855" lon="113.95238666666667"><ele>522.0</ele><time>2025-11-13T05:58:50Z</time></trkpt><trkpt lat="22.26287333333333" lon="113.95237666666665"><ele>521.7</ele><time>2025-11-13T05:58:53Z</time></trkpt><trkpt lat="22.262890000000002" lon="113.95236833333333"><ele>521.2</ele><time>2025-11-13T05:58:57Z</time></trkpt><trkpt lat="22.26291" lon="113.95237666666665"><ele>520.2</ele><time>2025-11-13T05:59:03Z</time></trkpt><trkpt lat="22.262928333333335" lon="113.95237"><ele>519.7</ele><time>2025-11-13T05:59:07Z</time></trkpt><trkpt lat="22.262946666666668" lon="113.95236166666668"><ele>518.6</ele><time>2025-11-13T05:59:12Z</time></trkpt><trkpt lat="22.26296333333333" lon="113.95235333333333"><ele>518.0</ele><time>2025-11-13T05:59:15Z</time></trkpt><trkpt lat="22.262973333333335" lon="113.95233666666667"><ele>517.0</ele><time>2025-11-13T05:59:19Z</time></trkpt><trkpt lat="22.262996666666663" lon="113.95232833333333"><ele>516.1</ele><time>2025-11-13T05:59:23Z</time></trkpt><trkpt lat="22.263015000000003" lon="113.95232833333333"><ele>515.3</ele><time>2025-11-13T05:59:26Z</time></trkpt><trkpt lat="22.263033333333336" lon="113.95231666666665"><ele>514.2</ele><time>2025-11-13T05:59:31Z</time></trkpt><trkpt lat="22.263053333333332" lon="113.95231333333335"><ele>513.2</ele><time>2025-11-13T05:59:35Z</time></trkpt><trkpt lat="22.263071666666665" lon="113.95231333333335"><ele>512.1</ele><time>2025-11-13T05:59:40Z</time></trkpt><trkpt lat="22.263091666666664" lon="113.95230500000001"><ele>511.5</ele><time>2025-11-13T05:59:43Z</time></trkpt><trkpt lat="22.26311333333333" lon="113.95231666666665"><ele>510.79999999999995</ele><time>2025-11-13T05:59:46Z</time></trkpt><trkpt lat="22.26312833333333" lon="113.95233333333333"><ele>510.4</ele><time>2025-11-13T05:59:48Z</time></trkpt><trkpt lat="22.263146666666664" lon="113.95234666666666"><ele>509.9</ele><time>2025-11-13T05:59:51Z</time></trkpt><trkpt lat="22.263166666666667" lon="113.95236833333333"><ele>509.5</ele><time>2025-11-13T05:59:54Z</time></trkpt><trkpt lat="22.263175" lon="113.95239166666667"><ele>509.1</ele><time>2025-11-13T05:59:57Z</time></trkpt><trkpt lat="22.263181666666664" lon="113.95241333333334"><ele>508.9</ele><time>2025-11-13T05:59:59Z</time></trkpt><trkpt lat="22.263195000000003" lon="113.952435"><ele>508.5</ele><time>2025-11-13T06:00:02Z</time></trkpt><trkpt lat="22.263201666666667" lon="113.95245333333332"><ele>508.1</ele><time>2025-11-13T06:00:04Z</time></trkpt><trkpt lat="22.26321833333333" lon="113.95246999999999"><ele>507.4</ele><time>2025-11-13T06:00:12Z</time></trkpt><trkpt lat="22.263236666666664" lon="113.95249"><ele>507.6</ele><time>2025-11-13T06:00:25Z</time></trkpt><trkpt lat="22.263241666666666" lon="113.95251166666667"><ele>507.0</ele><time>2025-11-13T06:00:27Z</time></trkpt><trkpt lat="22.263266666666663" lon="113.952525"><ele>504.6</ele><time>2025-11-13T06:00:36Z</time></trkpt><trkpt lat="22.263278333333332" lon="113.95254666666666"><ele>504.9</ele><time>2025-11-13T06:00:39Z</time></trkpt><trkpt lat="22.26329333333333" lon="113.95256333333333"><ele>504.6</ele><time>2025-11-13T06:00:42Z</time></trkpt><trkpt lat="22.263298333333335" lon="113.952585"><ele>503.9</ele><time>2025-11-13T06:00:46Z</time></trkpt><trkpt lat="22.263323333333332" lon="113.95259499999999"><ele>503.5</ele><time>2025-11-13T06:00:51Z</time></trkpt><trkpt lat="22.263333333333335" lon="113.95261166666666"><ele>503.4</ele><time>2025-11-13T06:00:54Z</time></trkpt><trkpt lat="22.26335" lon="113.95262666666667"><ele>503.3</ele><time>2025-11-13T06:00:58Z</time></trkpt><trkpt lat="22.263365" lon="113.95264333333334"><ele>503.2</ele><time>2025-11-13T06:01:01Z</time></trkpt><trkpt lat="22.263386666666666" lon="113.95265333333333"><ele>503.2</ele><time>2025-11-13T06:01:04Z</time></trkpt><trkpt lat="22.263406666666665" lon="113.95266166666667"><ele>503.2</ele><time>2025-11-13T06:01:07Z</time></trkpt><trkpt lat="22.26342833333333" lon="113.95266833333332"><ele>503.1</ele><time>2025-11-13T06:01:10Z</time></trkpt><trkpt lat="22.263445" lon="113.95268"><ele>502.8</ele><time>2025-11-13T06:01:12Z</time></trkpt><trkpt lat="22.263464999999997" lon="113.95269000000002"><ele>502.4</ele><time>2025-11-13T06:01:15Z</time></trkpt><trkpt lat="22.263483333333337" lon="113.95269833333332"><ele>501.6</ele><time>2025-11-13T06:01:19Z</time></trkpt><trkpt lat="22.263508333333334" lon="113.95270333333335"><ele>501.2</ele><time>2025-11-13T06:01:23Z</time></trkpt><trkpt lat="22.263528333333337" lon="113.95270166666666"><ele>501.1</ele><time>2025-11-13T06:01:25Z</time></trkpt><trkpt lat="22.26354666666667" lon="113.95270166666666"><ele>500.7</ele><time>2025-11-13T06:01:28Z</time></trkpt><trkpt lat="22.26356333333333" lon="113.95272000000001"><ele>500.4</ele><time>2025-11-13T06:01:30Z</time></trkpt><trkpt lat="22.263586666666665" lon="113.952735"><ele>500.2</ele><time>2025-11-13T06:01:32Z</time></trkpt><trkpt lat="22.26360833333333" lon="113.952745"><ele>500.0</ele><time>2025-11-13T06:01:34Z</time></trkpt><trkpt lat="22.263631666666665" lon="113.95275000000001"><ele>499.1</ele><time>2025-11-13T06:01:37Z</time></trkpt><trkpt lat="22.263648333333336" lon="113.95276166666666"><ele>497.9</ele><time>2025-11-13T06:01:41Z</time></trkpt><trkpt lat="22.263665" lon="113.95277333333334"><ele>497.1</ele><time>2025-11-13T06:01:44Z</time></trkpt><trkpt lat="22.263683333333333" lon="113.95277166666668"><ele>496.7</ele><time>2025-11-13T06:01:46Z</time></trkpt><trkpt lat="22.263704999999998" lon="113.95277"><ele>496.2</ele><time>2025-11-13T06:01:49Z</time></trkpt><trkpt lat="22.263721666666665" lon="113.95276"><ele>495.7</ele><time>2025-11-13T06:01:51Z</time></trkpt><trkpt lat="22.26374" lon="113.95275333333332"><ele>495.2</ele><time>2025-11-13T06:01:53Z</time></trkpt><trkpt lat="22.26376" lon="113.95273999999999"><ele>494.3</ele><time>2025-11-13T06:01:57Z</time></trkpt><trkpt lat="22.263779999999997" lon="113.95272666666666"><ele>493.2</ele><time>2025-11-13T06:02:01Z</time></trkpt><trkpt lat="22.263796666666668" lon="113.95271"><ele>491.9</ele><time>2025-11-13T06:02:05Z</time></trkpt><trkpt lat="22.26381666666667" lon="113.952705"><ele>491.0</ele><time>2025-11-13T06:02:08Z</time></trkpt><trkpt lat="22.26383333333333" lon="113.95269666666667"><ele>490.1</ele><time>2025-11-13T06:02:10Z</time></trkpt><trkpt lat="22.263854999999996" lon="113.95268499999999"><ele>489.2</ele><time>2025-11-13T06:02:13Z</time></trkpt><trkpt lat="22.26387833333333" lon="113.95268"><ele>488.4</ele><time>2025-11-13T06:02:17Z</time></trkpt><trkpt lat="22.263893333333332" lon="113.95266833333332"><ele>488.2</ele><time>2025-11-13T06:02:19Z</time></trkpt><trkpt lat="22.263914999999997" lon="113.95266000000001"><ele>488.3</ele><time>2025-11-13T06:02:22Z</time></trkpt><trkpt lat="22.263928333333336" lon="113.95263833333333"><ele>488.1</ele><time>2025-11-13T06:02:28Z</time></trkpt><trkpt lat="22.26394" lon="113.95262166666667"><ele>487.5</ele><time>2025-11-13T06:02:33Z</time></trkpt><trkpt lat="22.263958333333335" lon="113.95261"><ele>485.8</ele><time>2025-11-13T06:02:42Z</time></trkpt><trkpt lat="22.263983333333332" lon="113.952585"><ele>485.5</ele><time>2025-11-13T06:02:48Z</time></trkpt><trkpt lat="22.264006666666667" lon="113.95258"><ele>484.6</ele><time>2025-11-13T06:02:52Z</time></trkpt><trkpt lat="22.264028333333332" lon="113.95256666666667"><ele>483.7</ele><time>2025-11-13T06:02:55Z</time></trkpt><trkpt lat="22.264051666666667" lon="113.95255833333334"><ele>483.1</ele><time>2025-11-13T06:02:58Z</time></trkpt><trkpt lat="22.26405666666667" lon="113.95253833333332"><ele>481.6</ele><time>2025-11-13T06:03:06Z</time></trkpt><trkpt lat="22.264075000000002" lon="113.95250499999999"><ele>479.8</ele><time>2025-11-13T06:03:23Z</time></trkpt><trkpt lat="22.264088333333333" lon="113.95249"><ele>479.4</ele><time>2025-11-13T06:03:26Z</time></trkpt><trkpt lat="22.26410333333333" lon="113.95247166666668"><ele>478.5</ele><time>2025-11-13T06:03:34Z</time></trkpt><trkpt lat="22.264118333333332" lon="113.95245333333332"><ele>478.1</ele><time>2025-11-13T06:03:37Z</time></trkpt><trkpt lat="22.26413" lon="113.95243666666666"><ele>477.9</ele><time>2025-11-13T06:03:41Z</time></trkpt><trkpt lat="22.264135000000003" lon="113.95241499999999"><ele>477.3</ele><time>2025-11-13T06:03:45Z</time></trkpt><trkpt lat="22.264141666666667" lon="113.95239666666666"><ele>476.7</ele><time>2025-11-13T06:03:49Z</time></trkpt><trkpt lat="22.264091666666666" lon="113.95230500000001"><ele>473.5</ele><time>2025-11-13T06:04:14Z</time></trkpt><trkpt lat="22.2641" lon="113.95228666666665"><ele>473.2</ele><time>2025-11-13T06:04:17Z</time></trkpt><trkpt lat="22.264105000000004" lon="113.95226499999998"><ele>472.7</ele><time>2025-11-13T06:04:21Z</time></trkpt><trkpt lat="22.264115" lon="113.952245"><ele>472.1</ele><time>2025-11-13T06:04:25Z</time></trkpt><trkpt lat="22.264133333333334" lon="113.95223166666668"><ele>471.3</ele><time>2025-11-13T06:04:29Z</time></trkpt><trkpt lat="22.264150000000004" lon="113.95221833333332"><ele>469.8</ele><time>2025-11-13T06:04:38Z</time></trkpt><trkpt lat="22.26419333333333" lon="113.952195"><ele>468.0</ele><time>2025-11-13T06:04:51Z</time></trkpt><trkpt lat="22.26419333333333" lon="113.95217499999998"><ele>466.9</ele><time>2025-11-13T06:05:01Z</time></trkpt><trkpt lat="22.264214999999997" lon="113.95216833333333"><ele>466.1</ele><time>2025-11-13T06:05:07Z</time></trkpt><trkpt lat="22.264229999999998" lon="113.95214833333333"><ele>465.1</ele><time>2025-11-13T06:05:13Z</time></trkpt><trkpt lat="22.264253333333333" lon="113.95212666666666"><ele>463.9</ele><time>2025-11-13T06:05:23Z</time></trkpt><trkpt lat="22.26426666666667" lon="113.95211333333333"><ele>463.1</ele><time>2025-11-13T06:05:28Z</time></trkpt><trkpt lat="22.264276666666667" lon="113.95209666666666"><ele>462.3</ele><time>2025-11-13T06:05:32Z</time></trkpt><trkpt lat="22.26429166666667" lon="113.95208333333333"><ele>460.8</ele><time>2025-11-13T06:05:39Z</time></trkpt><trkpt lat="22.26431166666667" lon="113.95206666666667"><ele>459.7</ele><time>2025-11-13T06:05:43Z</time></trkpt><trkpt lat="22.264325" lon="113.95205166666668"><ele>459.2</ele><time>2025-11-13T06:05:45Z</time></trkpt><trkpt lat="22.264345000000002" lon="113.95204166666666"><ele>457.4</ele><time>2025-11-13T06:05:51Z</time></trkpt><trkpt lat="22.264361666666666" lon="113.95203000000001"><ele>456.5</ele><time>2025-11-13T06:05:55Z</time></trkpt><trkpt lat="22.264364999999998" lon="113.95201"><ele>455.5</ele><time>2025-11-13T06:05:59Z</time></trkpt><trkpt lat="22.264385" lon="113.95200000000001"><ele>454.3</ele><time>2025-11-13T06:06:04Z</time></trkpt><trkpt lat="22.264403333333334" lon="113.95199499999998"><ele>453.6</ele><time>2025-11-13T06:06:07Z</time></trkpt><trkpt lat="22.26441833333333" lon="113.95198333333335"><ele>453.0</ele><time>2025-11-13T06:06:11Z</time></trkpt><trkpt lat="22.264431666666663" lon="113.95197000000002"><ele>452.7</ele><time>2025-11-13T06:06:14Z</time></trkpt><trkpt lat="22.264445000000002" lon="113.95195166666666"><ele>452.1</ele><time>2025-11-13T06:06:17Z</time></trkpt><trkpt lat="22.26446333333333" lon="113.95194500000001"><ele>451.0</ele><time>2025-11-13T06:06:21Z</time></trkpt><trkpt lat="22.264478333333333" lon="113.95192666666665"><ele>450.4</ele><time>2025-11-13T06:06:23Z</time></trkpt><trkpt lat="22.264491666666665" lon="113.95191000000001"><ele>449.3</ele><time>2025-11-13T06:06:26Z</time></trkpt><trkpt lat="22.264515" lon="113.95191666666666"><ele>447.2</ele><time>2025-11-13T06:06:33Z</time></trkpt><trkpt lat="22.264540000000004" lon="113.95190166666667"><ele>446.8</ele><time>2025-11-13T06:06:37Z</time></trkpt><trkpt lat="22.264556666666667" lon="113.95189333333335"><ele>446.6</ele><time>2025-11-13T06:06:39Z</time></trkpt><trkpt lat="22.264570000000003" lon="113.95188000000002"><ele>446.1</ele><time>2025-11-13T06:06:42Z</time></trkpt><trkpt lat="22.264586666666666" lon="113.95187"><ele>445.5</ele><time>2025-11-13T06:06:45Z</time></trkpt><trkpt lat="22.264601666666668" lon="113.95185333333332"><ele>445.1</ele><time>2025-11-13T06:06:48Z</time></trkpt><trkpt lat="22.26460666666667" lon="113.95183166666666"><ele>443.9</ele><time>2025-11-13T06:06:54Z</time></trkpt><trkpt lat="22.26459" lon="113.95183999999999"><ele>443.4</ele><time>2025-11-13T06:07:21Z</time></trkpt><trkpt lat="22.264598333333332" lon="113.95181833333332"><ele>443.1</ele><time>2025-11-13T06:07:24Z</time></trkpt><trkpt lat="22.264603333333337" lon="113.951795"><ele>442.8</ele><time>2025-11-13T06:07:27Z</time></trkpt><trkpt lat="22.264611666666664" lon="113.95176833333335"><ele>442.6</ele><time>2025-11-13T06:07:30Z</time></trkpt><trkpt lat="22.264621666666667" lon="113.95174666666665"><ele>442.2</ele><time>2025-11-13T06:07:34Z</time></trkpt><trkpt lat="22.26462333333333" lon="113.95172666666667"><ele>441.8</ele><time>2025-11-13T06:07:36Z</time></trkpt><trkpt lat="22.264630000000004" lon="113.951705"><ele>441.2</ele><time>2025-11-13T06:07:39Z</time></trkpt><trkpt lat="22.264635" lon="113.95168166666666"><ele>440.4</ele><time>2025-11-13T06:07:43Z</time></trkpt><trkpt lat="22.264625000000002" lon="113.95166333333333"><ele>440.1</ele><time>2025-11-13T06:07:49Z</time></trkpt><trkpt lat="22.264621666666667" lon="113.95163666666667"><ele>439.7</ele><time>2025-11-13T06:07:53Z</time></trkpt><trkpt lat="22.264621666666667" lon="113.95161000000002"><ele>439.3</ele><time>2025-11-13T06:07:56Z</time></trkpt><trkpt lat="22.26461" lon="113.95159166666666"><ele>438.8</ele><time>2025-11-13T06:07:59Z</time></trkpt><trkpt lat="22.26460833333333" lon="113.95156999999999"><ele>438.2</ele><time>2025-11-13T06:08:06Z</time></trkpt><trkpt lat="22.264586666666666" lon="113.95153166666665"><ele>437.5</ele><time>2025-11-13T06:08:12Z</time></trkpt><trkpt lat="22.264568333333333" lon="113.95144833333333"><ele>438.1</ele><time>2025-11-13T06:08:59Z</time></trkpt><trkpt lat="22.264581666666665" lon="113.95143166666666"><ele>437.7</ele><time>2025-11-13T06:09:03Z</time></trkpt><trkpt lat="22.26459333333333" lon="113.95141166666666"><ele>437.3</ele><time>2025-11-13T06:09:07Z</time></trkpt><trkpt lat="22.264605" lon="113.95139166666668"><ele>436.6</ele><time>2025-11-13T06:09:11Z</time></trkpt><trkpt lat="22.264585000000004" lon="113.951345"><ele>434.1</ele><time>2025-11-13T06:09:26Z</time></trkpt><trkpt lat="22.264585000000004" lon="113.95132333333335"><ele>433.5</ele><time>2025-11-13T06:09:29Z</time></trkpt><trkpt lat="22.264603333333337" lon="113.95132333333335"><ele>432.6</ele><time>2025-11-13T06:09:35Z</time></trkpt><trkpt lat="22.26461" lon="113.95125833333334"><ele>429.9</ele><time>2025-11-13T06:10:06Z</time></trkpt><trkpt lat="22.264633333333336" lon="113.95115"><ele>423.3</ele><time>2025-11-13T06:10:47Z</time></trkpt><trkpt lat="22.264618333333335" lon="113.95109166666667"><ele>418.0</ele><time>2025-11-13T06:11:25Z</time></trkpt><trkpt lat="22.264633333333336" lon="113.95107666666667"><ele>417.4</ele><time>2025-11-13T06:11:32Z</time></trkpt><trkpt lat="22.264631666666666" lon="113.95109666666667"><ele>416.1</ele><time>2025-11-13T06:11:39Z</time></trkpt><trkpt lat="22.26465" lon="113.95110500000001"><ele>415.8</ele><time>2025-11-13T06:11:41Z</time></trkpt><trkpt lat="22.264671666666665" lon="113.95110333333332"><ele>415.1</ele><time>2025-11-13T06:11:46Z</time></trkpt><trkpt lat="22.264691666666668" lon="113.95111333333334"><ele>414.9</ele><time>2025-11-13T06:11:49Z</time></trkpt><trkpt lat="22.264708333333335" lon="113.95110166666667"><ele>415.0</ele><time>2025-11-13T06:11:54Z</time></trkpt><trkpt lat="22.26472833333333" lon="113.95110833333335"><ele>415.3</ele><time>2025-11-13T06:12:00Z</time></trkpt><trkpt lat="22.264748333333333" lon="113.95111666666665"><ele>415.1</ele><time>2025-11-13T06:12:03Z</time></trkpt><trkpt lat="22.264751666666665" lon="113.95113666666666"><ele>414.5</ele><time>2025-11-13T06:12:06Z</time></trkpt><trkpt lat="22.264776666666663" lon="113.95114166666666"><ele>413.7</ele><time>2025-11-13T06:12:11Z</time></trkpt><trkpt lat="22.264796666666665" lon="113.95113500000001"><ele>412.9</ele><time>2025-11-13T06:12:14Z</time></trkpt><trkpt lat="22.264813333333336" lon="113.951145"><ele>412.1</ele><time>2025-11-13T06:12:17Z</time></trkpt><trkpt lat="22.264833333333332" lon="113.951145"><ele>411.3</ele><time>2025-11-13T06:12:21Z</time></trkpt><trkpt lat="22.26484833333333" lon="113.95116000000002"><ele>408.7</ele><time>2025-11-13T06:12:31Z</time></trkpt><trkpt lat="22.264884999999996" lon="113.95119500000001"><ele>408.2</ele><time>2025-11-13T06:12:42Z</time></trkpt><trkpt lat="22.264928333333334" lon="113.95123666666665"><ele>409.9</ele><time>2025-11-13T06:12:58Z</time></trkpt><trkpt lat="22.26495166666667" lon="113.95130333333333"><ele>413.6</ele><time>2025-11-13T06:13:19Z</time></trkpt><trkpt lat="22.264965" lon="113.95131833333335"><ele>414.0</ele><time>2025-11-13T06:13:22Z</time></trkpt><trkpt lat="22.264979999999998" lon="113.95133499999999"><ele>416.0</ele><time>2025-11-13T06:13:33Z</time></trkpt><trkpt lat="22.264985000000003" lon="113.95135666666665"><ele>416.7</ele><time>2025-11-13T06:13:37Z</time></trkpt><trkpt lat="22.264986666666665" lon="113.95138166666666"><ele>417.3</ele><time>2025-11-13T06:13:40Z</time></trkpt><trkpt lat="22.264978333333335" lon="113.95140166666667"><ele>417.4</ele><time>2025-11-13T06:13:45Z</time></trkpt><trkpt lat="22.264959999999995" lon="113.95140833333335"><ele>417.9</ele><time>2025-11-13T06:13:51Z</time></trkpt><trkpt lat="22.264923333333332" lon="113.9515"><ele>418.1</ele><time>2025-11-13T06:15:01Z</time></trkpt><trkpt lat="22.264911666666663" lon="113.95151499999999"><ele>418.4</ele><time>2025-11-13T06:15:04Z</time></trkpt><trkpt lat="22.264896666666665" lon="113.95152666666667"><ele>418.8</ele><time>2025-11-13T06:15:09Z</time></trkpt><trkpt lat="22.264905" lon="113.95157833333333"><ele>419.9</ele><time>2025-11-13T06:15:36Z</time></trkpt><trkpt lat="22.26490666666667" lon="113.95160833333333"><ele>421.2</ele><time>2025-11-13T06:15:43Z</time></trkpt><trkpt lat="22.26490666666667" lon="113.95163166666667"><ele>422.0</ele><time>2025-11-13T06:15:46Z</time></trkpt><trkpt lat="22.264895000000003" lon="113.95165333333334"><ele>423.9</ele><time>2025-11-13T06:15:55Z</time></trkpt><trkpt lat="22.264868333333332" lon="113.95175333333333"><ele>429.1</ele><time>2025-11-13T06:16:21Z</time></trkpt><trkpt lat="22.264869999999995" lon="113.95179333333333"><ele>430.3</ele><time>2025-11-13T06:16:29Z</time></trkpt><trkpt lat="22.264871666666668" lon="113.95181666666667"><ele>430.6</ele><time>2025-11-13T06:16:32Z</time></trkpt><trkpt lat="22.264873333333338" lon="113.95183999999999"><ele>431.1</ele><time>2025-11-13T06:16:37Z</time></trkpt><trkpt lat="22.264881666666664" lon="113.95185833333335"><ele>431.4</ele><time>2025-11-13T06:16:41Z</time></trkpt><trkpt lat="22.264886666666666" lon="113.95188166666667"><ele>431.6</ele><time>2025-11-13T06:16:43Z</time></trkpt><trkpt lat="22.264899999999997" lon="113.95190833333332"><ele>432.0</ele><time>2025-11-13T06:16:46Z</time></trkpt><trkpt lat="22.264914999999995" lon="113.95192666666665"><ele>432.5</ele><time>2025-11-13T06:16:48Z</time></trkpt><trkpt lat="22.264926666666664" lon="113.95194500000001"><ele>433.1</ele><time>2025-11-13T06:16:55Z</time></trkpt><trkpt lat="22.26493833333333" lon="113.95196"><ele>434.9</ele><time>2025-11-13T06:17:04Z</time></trkpt><trkpt lat="22.264941666666665" lon="113.95198166666665"><ele>435.3</ele><time>2025-11-13T06:17:10Z</time></trkpt><trkpt lat="22.264956666666663" lon="113.95200833333335"><ele>434.6</ele><time>2025-11-13T06:17:14Z</time></trkpt><trkpt lat="22.264958333333333" lon="113.95203000000001"><ele>434.3</ele><time>2025-11-13T06:17:17Z</time></trkpt><trkpt lat="22.264973333333334" lon="113.95204833333334"><ele>434.3</ele><time>2025-11-13T06:17:20Z</time></trkpt><trkpt lat="22.264991666666667" lon="113.95205666666668"><ele>434.4</ele><time>2025-11-13T06:17:26Z</time></trkpt><trkpt lat="22.264991666666667" lon="113.95208499999998"><ele>435.5</ele><time>2025-11-13T06:17:31Z</time></trkpt><trkpt lat="22.264985000000003" lon="113.952105"><ele>435.7</ele><time>2025-11-13T06:17:34Z</time></trkpt><trkpt lat="22.264976666666666" lon="113.95212500000001"><ele>435.9</ele><time>2025-11-13T06:17:38Z</time></trkpt><trkpt lat="22.264959999999995" lon="113.95213666666665"><ele>436.1</ele><time>2025-11-13T06:17:41Z</time></trkpt><trkpt lat="22.264958333333333" lon="113.95216333333335"><ele>436.3</ele><time>2025-11-13T06:17:45Z</time></trkpt><trkpt lat="22.264948333333336" lon="113.95219333333334"><ele>436.3</ele><time>2025-11-13T06:17:48Z</time></trkpt><trkpt lat="22.264936666666667" lon="113.95221333333332"><ele>436.1</ele><time>2025-11-13T06:17:50Z</time></trkpt><trkpt lat="22.264925" lon="113.95223"><ele>436.2</ele><time>2025-11-13T06:17:52Z</time></trkpt><trkpt lat="22.264914999999995" lon="113.95224666666667"><ele>436.1</ele><time>2025-11-13T06:17:54Z</time></trkpt><trkpt lat="22.26490833333333" lon="113.95227666666666"><ele>435.9</ele><time>2025-11-13T06:17:57Z</time></trkpt><trkpt lat="22.26490666666667" lon="113.95229666666667"><ele>435.8</ele><time>2025-11-13T06:17:59Z</time></trkpt><trkpt lat="22.264911666666663" lon="113.95232"><ele>435.6</ele><time>2025-11-13T06:18:02Z</time></trkpt><trkpt lat="22.264911666666663" lon="113.952345"><ele>435.4</ele><time>2025-11-13T06:18:05Z</time></trkpt><trkpt lat="22.264916666666668" lon="113.95236500000001"><ele>435.3</ele><time>2025-11-13T06:18:07Z</time></trkpt><trkpt lat="22.264928333333334" lon="113.95238666666667"><ele>435.3</ele><time>2025-11-13T06:18:10Z</time></trkpt><trkpt lat="22.264940000000003" lon="113.95240833333334"><ele>435.1</ele><time>2025-11-13T06:18:14Z</time></trkpt><trkpt lat="22.26495" lon="113.95243"><ele>435.1</ele><time>2025-11-13T06:18:17Z</time></trkpt><trkpt lat="22.26495166666667" lon="113.95245666666666"><ele>434.9</ele><time>2025-11-13T06:18:20Z</time></trkpt><trkpt lat="22.264959999999995" lon="113.95247833333333"><ele>434.8</ele><time>2025-11-13T06:18:22Z</time></trkpt><trkpt lat="22.264971666666664" lon="113.95249333333335"><ele>434.8</ele><time>2025-11-13T06:18:24Z</time></trkpt><trkpt lat="22.264971666666664" lon="113.95252"><ele>434.7</ele><time>2025-11-13T06:18:27Z</time></trkpt><trkpt lat="22.265006666666668" lon="113.95255166666666"><ele>439.3</ele><time>2025-11-13T06:21:23Z</time></trkpt><trkpt lat="22.264988333333335" lon="113.95254000000001"><ele>439.7</ele><time>2025-11-13T06:21:30Z</time></trkpt><trkpt lat="22.265033333333335" lon="113.95255166666666"><ele>439.7</ele><time>2025-11-13T06:22:05Z</time></trkpt><trkpt lat="22.265053333333338" lon="113.95256833333333"><ele>439.7</ele><time>2025-11-13T06:22:08Z</time></trkpt><trkpt lat="22.265061666666664" lon="113.95259"><ele>439.8</ele><time>2025-11-13T06:22:11Z</time></trkpt><trkpt lat="22.265053333333338" lon="113.95261"><ele>439.6</ele><time>2025-11-13T06:22:15Z</time></trkpt><trkpt lat="22.265049999999995" lon="113.95263666666666"><ele>439.4</ele><time>2025-11-13T06:22:18Z</time></trkpt><trkpt lat="22.26505666666667" lon="113.95266333333332"><ele>439.2</ele><time>2025-11-13T06:22:21Z</time></trkpt><trkpt lat="22.265061666666664" lon="113.95268666666668"><ele>438.8</ele><time>2025-11-13T06:22:24Z</time></trkpt><trkpt lat="22.265071666666667" lon="113.95270666666666"><ele>438.4</ele><time>2025-11-13T06:22:27Z</time></trkpt><trkpt lat="22.265079999999998" lon="113.95272500000002"><ele>438.4</ele><time>2025-11-13T06:22:30Z</time></trkpt><trkpt lat="22.265078333333335" lon="113.95274833333333"><ele>438.1</ele><time>2025-11-13T06:22:33Z</time></trkpt><trkpt lat="22.265083333333337" lon="113.95277499999999"><ele>437.4</ele><time>2025-11-13T06:22:36Z</time></trkpt><trkpt lat="22.26509666666667" lon="113.952795"><ele>436.9</ele><time>2025-11-13T06:22:39Z</time></trkpt><trkpt lat="22.2651" lon="113.95281666666666"><ele>436.6</ele><time>2025-11-13T06:22:41Z</time></trkpt><trkpt lat="22.265108333333334" lon="113.95284166666667"><ele>436.3</ele><time>2025-11-13T06:22:44Z</time></trkpt><trkpt lat="22.265124999999998" lon="113.95286333333334"><ele>436.2</ele><time>2025-11-13T06:22:46Z</time></trkpt><trkpt lat="22.265135" lon="113.95288000000001"><ele>436.2</ele><time>2025-11-13T06:22:48Z</time></trkpt><trkpt lat="22.265153333333334" lon="113.95289333333334"><ele>435.9</ele><time>2025-11-13T06:22:51Z</time></trkpt><trkpt lat="22.265173333333337" lon="113.95289333333334"><ele>435.9</ele><time>2025-11-13T06:22:55Z</time></trkpt><trkpt lat="22.265154999999996" lon="113.95289833333332"><ele>436.3</ele><time>2025-11-13T06:23:02Z</time></trkpt><trkpt lat="22.265161666666668" lon="113.95287000000002"><ele>436.5</ele><time>2025-11-13T06:23:07Z</time></trkpt><trkpt lat="22.26517833333333" lon="113.95285833333334"><ele>436.7</ele><time>2025-11-13T06:23:09Z</time></trkpt><trkpt lat="22.265196666666665" lon="113.952855"><ele>437.4</ele><time>2025-11-13T06:23:11Z</time></trkpt><trkpt lat="22.265214999999998" lon="113.95285"><ele>438.3</ele><time>2025-11-13T06:23:13Z</time></trkpt><trkpt lat="22.26523166666667" lon="113.95284000000001"><ele>438.8</ele><time>2025-11-13T06:23:15Z</time></trkpt><trkpt lat="22.265248333333336" lon="113.95282333333334"><ele>439.0</ele><time>2025-11-13T06:23:17Z</time></trkpt><trkpt lat="22.265265" lon="113.95281166666668"><ele>438.9</ele><time>2025-11-13T06:23:20Z</time></trkpt><trkpt lat="22.26528166666667" lon="113.9528"><ele>439.0</ele><time>2025-11-13T06:23:22Z</time></trkpt><trkpt lat="22.265296666666668" lon="113.95278833333332"><ele>439.0</ele><time>2025-11-13T06:23:24Z</time></trkpt><trkpt lat="22.265318333333333" lon="113.95277"><ele>438.9</ele><time>2025-11-13T06:23:26Z</time></trkpt><trkpt lat="22.265334999999997" lon="113.95275666666666"><ele>439.1</ele><time>2025-11-13T06:23:28Z</time></trkpt><trkpt lat="22.265355" lon="113.952735"><ele>439.3</ele><time>2025-11-13T06:23:30Z</time></trkpt><trkpt lat="22.265378333333334" lon="113.95272500000002"><ele>439.6</ele><time>2025-11-13T06:23:33Z</time></trkpt><trkpt lat="22.265396666666668" lon="113.95272000000001"><ele>439.7</ele><time>2025-11-13T06:23:35Z</time></trkpt><trkpt lat="22.26541666666667" lon="113.95271333333334"><ele>439.6</ele><time>2025-11-13T06:23:37Z</time></trkpt><trkpt lat="22.265436666666666" lon="113.95270833333333"><ele>439.5</ele><time>2025-11-13T06:23:40Z</time></trkpt><trkpt lat="22.26546" lon="113.95269666666667"><ele>439.2</ele><time>2025-11-13T06:23:42Z</time></trkpt><trkpt lat="22.265484999999998" lon="113.95269000000002"><ele>439.3</ele><time>2025-11-13T06:23:44Z</time></trkpt><trkpt lat="22.26550333333333" lon="113.95268333333334"><ele>439.1</ele><time>2025-11-13T06:23:46Z</time></trkpt><trkpt lat="22.26552333333333" lon="113.95268"><ele>438.5</ele><time>2025-11-13T06:23:48Z</time></trkpt><trkpt lat="22.265543333333333" lon="113.95267666666665"><ele>437.8</ele><time>2025-11-13T06:23:50Z</time></trkpt><trkpt lat="22.265565" lon="113.95268"><ele>437.3</ele><time>2025-11-13T06:23:52Z</time></trkpt><trkpt lat="22.265583333333332" lon="113.95269333333333"><ele>436.8</ele><time>2025-11-13T06:23:54Z</time></trkpt><trkpt lat="22.265604999999997" lon="113.95270333333335"><ele>436.6</ele><time>2025-11-13T06:23:56Z</time></trkpt><trkpt lat="22.26563" lon="113.95270666666666"><ele>436.5</ele><time>2025-11-13T06:23:58Z</time></trkpt><trkpt lat="22.265648333333335" lon="113.95270166666666"><ele>436.8</ele><time>2025-11-13T06:24:00Z</time></trkpt><trkpt lat="22.265673333333332" lon="113.95271333333334"><ele>436.9</ele><time>2025-11-13T06:24:03Z</time></trkpt><trkpt lat="22.265696666666667" lon="113.95271833333332"><ele>437.2</ele><time>2025-11-13T06:24:06Z</time></trkpt><trkpt lat="22.265715" lon="113.95272666666666"><ele>437.3</ele><time>2025-11-13T06:24:08Z</time></trkpt><trkpt lat="22.265739999999997" lon="113.95273999999999"><ele>437.3</ele><time>2025-11-13T06:24:10Z</time></trkpt><trkpt lat="22.26576166666667" lon="113.95275500000001"><ele>437.1</ele><time>2025-11-13T06:24:12Z</time></trkpt><trkpt lat="22.265783333333335" lon="113.95277"><ele>437.0</ele><time>2025-11-13T06:24:14Z</time></trkpt><trkpt lat="22.265805" lon="113.95277833333333"><ele>436.8</ele><time>2025-11-13T06:24:16Z</time></trkpt><trkpt lat="22.265828333333335" lon="113.95276833333334"><ele>436.5</ele><time>2025-11-13T06:24:19Z</time></trkpt><trkpt lat="22.26584833333333" lon="113.95277499999999"><ele>435.8</ele><time>2025-11-13T06:24:23Z</time></trkpt><trkpt lat="22.26586666666667" lon="113.95278333333333"><ele>435.1</ele><time>2025-11-13T06:24:27Z</time></trkpt><trkpt lat="22.265888333333336" lon="113.95278166666667"><ele>434.5</ele><time>2025-11-13T06:24:30Z</time></trkpt><trkpt lat="22.26590666666667" lon="113.95277499999999"><ele>433.8</ele><time>2025-11-13T06:24:33Z</time></trkpt><trkpt lat="22.265925" lon="113.95277166666668"><ele>433.3</ele><time>2025-11-13T06:24:36Z</time></trkpt><trkpt lat="22.265945000000002" lon="113.95276666666665"><ele>432.5</ele><time>2025-11-13T06:24:39Z</time></trkpt><trkpt lat="22.265964999999998" lon="113.95275333333332"><ele>431.6</ele><time>2025-11-13T06:24:43Z</time></trkpt><trkpt lat="22.26598" lon="113.95273999999999"><ele>430.9</ele><time>2025-11-13T06:24:47Z</time></trkpt><trkpt lat="22.265998333333332" lon="113.95273333333334"><ele>430.1</ele><time>2025-11-13T06:24:51Z</time></trkpt><trkpt lat="22.266015" lon="113.95271666666667"><ele>429.2</ele><time>2025-11-13T06:24:55Z</time></trkpt><trkpt lat="22.266023333333337" lon="113.95269833333332"><ele>428.3</ele><time>2025-11-13T06:24:58Z</time></trkpt><trkpt lat="22.266035000000002" lon="113.95268166666668"><ele>427.1</ele><time>2025-11-13T06:25:02Z</time></trkpt><trkpt lat="22.266053333333335" lon="113.95267"><ele>424.4</ele><time>2025-11-13T06:25:12Z</time></trkpt><trkpt lat="22.26607166666667" lon="113.95266500000001"><ele>422.8</ele><time>2025-11-13T06:25:19Z</time></trkpt><trkpt lat="22.266091666666664" lon="113.95265666666667"><ele>421.7</ele><time>2025-11-13T06:25:24Z</time></trkpt><trkpt lat="22.26610833333333" lon="113.95264833333334"><ele>420.7</ele><time>2025-11-13T06:25:29Z</time></trkpt><trkpt lat="22.266129999999997" lon="113.95264"><ele>420.2</ele><time>2025-11-13T06:25:33Z</time></trkpt><trkpt lat="22.26615" lon="113.95264"><ele>419.6</ele><time>2025-11-13T06:25:37Z</time></trkpt><trkpt lat="22.266170000000002" lon="113.95263166666668"><ele>418.9</ele><time>2025-11-13T06:25:42Z</time></trkpt><trkpt lat="22.266188333333336" lon="113.95262666666667"><ele>418.5</ele><time>2025-11-13T06:25:46Z</time></trkpt><trkpt lat="22.26620833333333" lon="113.95263500000001"><ele>417.8</ele><time>2025-11-13T06:25:50Z</time></trkpt><trkpt lat="22.266226666666665" lon="113.95264"><ele>416.9</ele><time>2025-11-13T06:25:54Z</time></trkpt><trkpt lat="22.266245000000005" lon="113.95264166666666"><ele>415.8</ele><time>2025-11-13T06:25:58Z</time></trkpt><trkpt lat="22.26626666666667" lon="113.95264833333334"><ele>414.7</ele><time>2025-11-13T06:26:03Z</time></trkpt><trkpt lat="22.266285" lon="113.95264999999999"><ele>413.9</ele><time>2025-11-13T06:26:07Z</time></trkpt><trkpt lat="22.266305000000003" lon="113.952645"><ele>413.2</ele><time>2025-11-13T06:26:10Z</time></trkpt><trkpt lat="22.266325" lon="113.95263833333333"><ele>412.0</ele><time>2025-11-13T06:26:14Z</time></trkpt><trkpt lat="22.266346666666664" lon="113.95263666666666"><ele>411.2</ele><time>2025-11-13T06:26:17Z</time></trkpt><trkpt lat="22.266363333333334" lon="113.95264666666665"><ele>410.4</ele><time>2025-11-13T06:26:20Z</time></trkpt><trkpt lat="22.266380000000005" lon="113.95265666666667"><ele>409.5</ele><time>2025-11-13T06:26:24Z</time></trkpt><trkpt lat="22.266399999999997" lon="113.95266666666666"><ele>408.7</ele><time>2025-11-13T06:26:27Z</time></trkpt><trkpt lat="22.266421666666663" lon="113.95267666666665"><ele>407.2</ele><time>2025-11-13T06:26:32Z</time></trkpt><trkpt lat="22.266443333333335" lon="113.95267833333334"><ele>405.9</ele><time>2025-11-13T06:26:37Z</time></trkpt><trkpt lat="22.266465" lon="113.95268499999999"><ele>404.6</ele><time>2025-11-13T06:26:41Z</time></trkpt><trkpt lat="22.266486666666665" lon="113.95268333333334"><ele>402.7</ele><time>2025-11-13T06:26:47Z</time></trkpt><trkpt lat="22.26650833333333" lon="113.95269166666667"><ele>401.9</ele><time>2025-11-13T06:26:50Z</time></trkpt><trkpt lat="22.266526666666664" lon="113.95270333333335"><ele>400.6</ele><time>2025-11-13T06:26:55Z</time></trkpt><trkpt lat="22.266538333333333" lon="113.95271833333332"><ele>399.2</ele><time>2025-11-13T06:27:00Z</time></trkpt><trkpt lat="22.266556666666663" lon="113.95271166666667"><ele>398.7</ele><time>2025-11-13T06:27:04Z</time></trkpt><trkpt lat="22.266576666666666" lon="113.95272166666668"><ele>397.7</ele><time>2025-11-13T06:27:08Z</time></trkpt><trkpt lat="22.26659666666667" lon="113.95272833333333"><ele>396.5</ele><time>2025-11-13T06:27:13Z</time></trkpt><trkpt lat="22.266615" lon="113.95273999999999"><ele>395.5</ele><time>2025-11-13T06:27:18Z</time></trkpt><trkpt lat="22.266636666666667" lon="113.952745"><ele>394.7</ele><time>2025-11-13T06:27:21Z</time></trkpt><trkpt lat="22.266655" lon="113.95274666666667"><ele>393.9</ele><time>2025-11-13T06:27:27Z</time></trkpt><trkpt lat="22.266694999999995" lon="113.95274666666667"><ele>392.9</ele><time>2025-11-13T06:27:41Z</time></trkpt><trkpt lat="22.26671666666667" lon="113.95275000000001"><ele>392.4</ele><time>2025-11-13T06:27:46Z</time></trkpt><trkpt lat="22.266735" lon="113.95275666666666"><ele>392.1</ele><time>2025-11-13T06:27:51Z</time></trkpt><trkpt lat="22.266754999999996" lon="113.95276"><ele>391.8</ele><time>2025-11-13T06:27:55Z</time></trkpt><trkpt lat="22.26677666666667" lon="113.95276333333335"><ele>391.5</ele><time>2025-11-13T06:28:00Z</time></trkpt><trkpt lat="22.266795000000002" lon="113.95276833333334"><ele>391.0</ele><time>2025-11-13T06:28:03Z</time></trkpt><trkpt lat="22.266810000000003" lon="113.95278333333333"><ele>390.8</ele><time>2025-11-13T06:28:07Z</time></trkpt><trkpt lat="22.266829999999995" lon="113.95278000000002"><ele>390.3</ele><time>2025-11-13T06:28:11Z</time></trkpt><trkpt lat="22.266849999999998" lon="113.95278166666667"><ele>389.6</ele><time>2025-11-13T06:28:15Z</time></trkpt><trkpt lat="22.26687" lon="113.95278333333333"><ele>388.5</ele><time>2025-11-13T06:28:20Z</time></trkpt><trkpt lat="22.266891666666666" lon="113.95277833333333"><ele>387.6</ele><time>2025-11-13T06:28:24Z</time></trkpt><trkpt lat="22.26691333333333" lon="113.95277499999999"><ele>386.8</ele><time>2025-11-13T06:28:27Z</time></trkpt><trkpt lat="22.266931666666665" lon="113.95277666666668"><ele>385.9</ele><time>2025-11-13T06:28:32Z</time></trkpt><trkpt lat="22.266949999999998" lon="113.95277833333333"><ele>385.6</ele><time>2025-11-13T06:28:35Z</time></trkpt><trkpt lat="22.26696833333333" lon="113.95279333333335"><ele>385.0</ele><time>2025-11-13T06:28:39Z</time></trkpt><trkpt lat="22.266994999999998" lon="113.95279000000001"><ele>384.1</ele><time>2025-11-13T06:28:44Z</time></trkpt><trkpt lat="22.267008333333333" lon="113.95277666666668"><ele>383.3</ele><time>2025-11-13T06:28:47Z</time></trkpt><trkpt lat="22.267024999999997" lon="113.95278666666667"><ele>382.5</ele><time>2025-11-13T06:28:51Z</time></trkpt><trkpt lat="22.267041666666668" lon="113.95277833333333"><ele>381.2</ele><time>2025-11-13T06:28:56Z</time></trkpt><trkpt lat="22.26705833333333" lon="113.95276833333334"><ele>380.7</ele><time>2025-11-13T06:28:59Z</time></trkpt><trkpt lat="22.26707666666667" lon="113.95276333333335"><ele>380.1</ele><time>2025-11-13T06:29:02Z</time></trkpt><trkpt lat="22.26709333333333" lon="113.952745"><ele>379.8</ele><time>2025-11-13T06:29:05Z</time></trkpt><trkpt lat="22.267114999999997" lon="113.95274666666667"><ele>378.7</ele><time>2025-11-13T06:29:13Z</time></trkpt><trkpt lat="22.26713333333333" lon="113.95274666666667"><ele>378.1</ele><time>2025-11-13T06:29:18Z</time></trkpt><trkpt lat="22.267153333333333" lon="113.95275166666667"><ele>377.4</ele><time>2025-11-13T06:29:21Z</time></trkpt><trkpt lat="22.267174999999998" lon="113.95276333333335"><ele>376.3</ele><time>2025-11-13T06:29:25Z</time></trkpt><trkpt lat="22.26719166666667" lon="113.95277166666668"><ele>375.3</ele><time>2025-11-13T06:29:29Z</time></trkpt><trkpt lat="22.267213333333334" lon="113.95277333333334"><ele>374.5</ele><time>2025-11-13T06:29:32Z</time></trkpt><trkpt lat="22.267234999999996" lon="113.95277833333333"><ele>373.7</ele><time>2025-11-13T06:29:35Z</time></trkpt><trkpt lat="22.267255" lon="113.95277666666668"><ele>372.9</ele><time>2025-11-13T06:29:38Z</time></trkpt><trkpt lat="22.267273333333332" lon="113.95277"><ele>372.0</ele><time>2025-11-13T06:29:41Z</time></trkpt><trkpt lat="22.26729833333333" lon="113.95276666666665"><ele>371.1</ele><time>2025-11-13T06:29:44Z</time></trkpt><trkpt lat="22.267323333333334" lon="113.95276"><ele>370.3</ele><time>2025-11-13T06:29:47Z</time></trkpt><trkpt lat="22.267350000000004" lon="113.95275666666666"><ele>369.6</ele><time>2025-11-13T06:29:50Z</time></trkpt><trkpt lat="22.26737166666667" lon="113.95276166666666"><ele>369.2</ele><time>2025-11-13T06:29:52Z</time></trkpt><trkpt lat="22.267395000000004" lon="113.95277"><ele>368.7</ele><time>2025-11-13T06:29:54Z</time></trkpt><trkpt lat="22.267413333333334" lon="113.95278000000002"><ele>368.4</ele><time>2025-11-13T06:29:56Z</time></trkpt><trkpt lat="22.267436666666672" lon="113.95279833333333"><ele>368.1</ele><time>2025-11-13T06:29:59Z</time></trkpt><trkpt lat="22.26745" lon="113.95281500000002"><ele>367.9</ele><time>2025-11-13T06:30:02Z</time></trkpt><trkpt lat="22.267468333333333" lon="113.95282666666665"><ele>367.4</ele><time>2025-11-13T06:30:05Z</time></trkpt><trkpt lat="22.267488333333336" lon="113.95284000000001"><ele>367.0</ele><time>2025-11-13T06:30:07Z</time></trkpt><trkpt lat="22.26750666666667" lon="113.95284666666666"><ele>366.5</ele><time>2025-11-13T06:30:10Z</time></trkpt><trkpt lat="22.26752333333333" lon="113.95286"><ele>366.0</ele><time>2025-11-13T06:30:12Z</time></trkpt><trkpt lat="22.267543333333332" lon="113.95287333333333"><ele>365.5</ele><time>2025-11-13T06:30:15Z</time></trkpt><trkpt lat="22.267558333333334" lon="113.95288666666666"><ele>365.1</ele><time>2025-11-13T06:30:17Z</time></trkpt><trkpt lat="22.26758166666667" lon="113.95289666666667"><ele>364.5</ele><time>2025-11-13T06:30:20Z</time></trkpt><trkpt lat="22.267603333333334" lon="113.95290500000002"><ele>363.8</ele><time>2025-11-13T06:30:23Z</time></trkpt><trkpt lat="22.267623333333336" lon="113.95291833333334"><ele>363.1</ele><time>2025-11-13T06:30:26Z</time></trkpt><trkpt lat="22.26764166666667" lon="113.95292833333333"><ele>362.3</ele><time>2025-11-13T06:30:29Z</time></trkpt><trkpt lat="22.267661666666662" lon="113.95293666666666"><ele>361.4</ele><time>2025-11-13T06:30:32Z</time></trkpt><trkpt lat="22.267681666666665" lon="113.95295333333334"><ele>360.5</ele><time>2025-11-13T06:30:36Z</time></trkpt><trkpt lat="22.26770333333333" lon="113.952975"><ele>359.9</ele><time>2025-11-13T06:30:39Z</time></trkpt><trkpt lat="22.26771666666667" lon="113.95299333333332"><ele>359.6</ele><time>2025-11-13T06:30:41Z</time></trkpt><trkpt lat="22.267726666666665" lon="113.95300999999999"><ele>359.3</ele><time>2025-11-13T06:30:43Z</time></trkpt><trkpt lat="22.267741666666666" lon="113.95302166666667"><ele>358.9</ele><time>2025-11-13T06:30:45Z</time></trkpt><trkpt lat="22.26776" lon="113.95304166666668"><ele>358.6</ele><time>2025-11-13T06:30:47Z</time></trkpt><trkpt lat="22.267774999999997" lon="113.95305833333332"><ele>358.2</ele><time>2025-11-13T06:30:49Z</time></trkpt><trkpt lat="22.26779333333333" lon="113.95307166666667"><ele>357.6</ele><time>2025-11-13T06:30:52Z</time></trkpt><trkpt lat="22.267813333333333" lon="113.95308666666666"><ele>357.1</ele><time>2025-11-13T06:30:55Z</time></trkpt><trkpt lat="22.267833333333336" lon="113.95309833333334"><ele>356.7</ele><time>2025-11-13T06:30:57Z</time></trkpt><trkpt lat="22.267858333333333" lon="113.95310833333333"><ele>356.1</ele><time>2025-11-13T06:30:59Z</time></trkpt><trkpt lat="22.267875000000004" lon="113.95312"><ele>355.6</ele><time>2025-11-13T06:31:01Z</time></trkpt><trkpt lat="22.267891666666667" lon="113.95313166666668"><ele>355.0</ele><time>2025-11-13T06:31:03Z</time></trkpt><trkpt lat="22.267905000000003" lon="113.953155"><ele>354.1</ele><time>2025-11-13T06:31:07Z</time></trkpt><trkpt lat="22.267916666666665" lon="113.95317666666666"><ele>353.5</ele><time>2025-11-13T06:31:10Z</time></trkpt><trkpt lat="22.26793" lon="113.95318999999999"><ele>353.2</ele><time>2025-11-13T06:31:12Z</time></trkpt><trkpt lat="22.267951666666665" lon="113.95319833333333"><ele>352.4</ele><time>2025-11-13T06:31:15Z</time></trkpt><trkpt lat="22.26797333333333" lon="113.95321333333335"><ele>351.8</ele><time>2025-11-13T06:31:18Z</time></trkpt><trkpt lat="22.267998333333335" lon="113.95322"><ele>351.1</ele><time>2025-11-13T06:31:21Z</time></trkpt><trkpt lat="22.268016666666668" lon="113.95322499999999"><ele>350.7</ele><time>2025-11-13T06:31:23Z</time></trkpt><trkpt lat="22.268038333333333" lon="113.95321833333334"><ele>350.0</ele><time>2025-11-13T06:31:26Z</time></trkpt><trkpt lat="22.268061666666668" lon="113.95322"><ele>349.6</ele><time>2025-11-13T06:31:29Z</time></trkpt><trkpt lat="22.268081666666664" lon="113.95322"><ele>349.3</ele><time>2025-11-13T06:31:31Z</time></trkpt><trkpt lat="22.26811" lon="113.95322166666668"><ele>348.9</ele><time>2025-11-13T06:31:33Z</time></trkpt><trkpt lat="22.268131666666665" lon="113.95322"><ele>348.4</ele><time>2025-11-13T06:31:35Z</time></trkpt><trkpt lat="22.26815333333333" lon="113.95322499999999"><ele>347.9</ele><time>2025-11-13T06:31:37Z</time></trkpt><trkpt lat="22.268178333333335" lon="113.95322833333333"><ele>347.5</ele><time>2025-11-13T06:31:39Z</time></trkpt><trkpt lat="22.268201666666663" lon="113.95322666666668"><ele>347.0</ele><time>2025-11-13T06:31:41Z</time></trkpt><trkpt lat="22.268219999999996" lon="113.95322499999999"><ele>346.4</ele><time>2025-11-13T06:31:43Z</time></trkpt><trkpt lat="22.26824166666667" lon="113.95322999999999"><ele>345.7</ele><time>2025-11-13T06:31:46Z</time></trkpt><trkpt lat="22.268264999999996" lon="113.95322833333333"><ele>345.4</ele><time>2025-11-13T06:31:48Z</time></trkpt><trkpt lat="22.26829" lon="113.953235"><ele>345.1</ele><time>2025-11-13T06:31:50Z</time></trkpt><trkpt lat="22.268313333333335" lon="113.95323833333332"><ele>344.9</ele><time>2025-11-13T06:31:52Z</time></trkpt><trkpt lat="22.26833333333333" lon="113.95323666666667"><ele>344.5</ele><time>2025-11-13T06:31:55Z</time></trkpt><trkpt lat="22.268353333333334" lon="113.95324000000001"><ele>344.2</ele><time>2025-11-13T06:31:57Z</time></trkpt><trkpt lat="22.268373333333336" lon="113.95323666666667"><ele>343.3</ele><time>2025-11-13T06:32:01Z</time></trkpt><trkpt lat="22.268395" lon="113.953235"><ele>342.5</ele><time>2025-11-13T06:32:08Z</time></trkpt><trkpt lat="22.268408333333333" lon="113.95321833333334"><ele>342.1</ele><time>2025-11-13T06:32:12Z</time></trkpt><trkpt lat="22.268426666666663" lon="113.95322999999999"><ele>340.9</ele><time>2025-11-13T06:32:18Z</time></trkpt><trkpt lat="22.268448333333335" lon="113.953235"><ele>340.4</ele><time>2025-11-13T06:32:22Z</time></trkpt><trkpt lat="22.268465" lon="113.95322499999999"><ele>340.2</ele><time>2025-11-13T06:32:26Z</time></trkpt><trkpt lat="22.268483333333332" lon="113.95321333333335"><ele>340.1</ele><time>2025-11-13T06:32:30Z</time></trkpt><trkpt lat="22.268489999999996" lon="113.95318999999999"><ele>339.7</ele><time>2025-11-13T06:32:34Z</time></trkpt><trkpt lat="22.268486666666664" lon="113.95316999999999"><ele>339.4</ele><time>2025-11-13T06:32:37Z</time></trkpt><trkpt lat="22.26849666666667" lon="113.95318666666665"><ele>338.6</ele><time>2025-11-13T06:32:46Z</time></trkpt><trkpt lat="22.268515" lon="113.95318166666667"><ele>338.0</ele><time>2025-11-13T06:32:49Z</time></trkpt><trkpt lat="22.268534999999996" lon="113.95316999999999"><ele>337.3</ele><time>2025-11-13T06:32:53Z</time></trkpt><trkpt lat="22.26855333333333" lon="113.95315666666666"><ele>336.8</ele><time>2025-11-13T06:32:56Z</time></trkpt><trkpt lat="22.26857166666667" lon="113.95314666666667"><ele>336.2</ele><time>2025-11-13T06:32:59Z</time></trkpt><trkpt lat="22.268588333333334" lon="113.95312833333334"><ele>335.7</ele><time>2025-11-13T06:33:02Z</time></trkpt><trkpt lat="22.26861166666667" lon="113.95311666666666"><ele>334.4</ele><time>2025-11-13T06:33:08Z</time></trkpt><trkpt lat="22.268629999999998" lon="113.95312"><ele>333.3</ele><time>2025-11-13T06:33:13Z</time></trkpt><trkpt lat="22.268651666666663" lon="113.95313"><ele>332.4</ele><time>2025-11-13T06:33:16Z</time></trkpt><trkpt lat="22.268671666666666" lon="113.95312833333334"><ele>331.6</ele><time>2025-11-13T06:33:20Z</time></trkpt><trkpt lat="22.26869166666667" lon="113.95312833333334"><ele>329.9</ele><time>2025-11-13T06:33:28Z</time></trkpt><trkpt lat="22.268708333333333" lon="113.95311666666666"><ele>328.5</ele><time>2025-11-13T06:33:33Z</time></trkpt><trkpt lat="22.268728333333335" lon="113.95311833333332"><ele>328.0</ele><time>2025-11-13T06:33:35Z</time></trkpt><trkpt lat="22.26874666666667" lon="113.95313166666668"><ele>326.8</ele><time>2025-11-13T06:33:40Z</time></trkpt><trkpt lat="22.268765" lon="113.95312166666666"><ele>325.4</ele><time>2025-11-13T06:33:45Z</time></trkpt><trkpt lat="22.26878" lon="113.95310833333333"><ele>324.2</ele><time>2025-11-13T06:33:49Z</time></trkpt><trkpt lat="22.26878333333333" lon="113.95308833333333"><ele>322.1</ele><time>2025-11-13T06:33:57Z</time></trkpt><trkpt lat="22.268843333333333" lon="113.95308000000001"><ele>319.2</ele><time>2025-11-13T06:34:08Z</time></trkpt><trkpt lat="22.268863333333336" lon="113.95307833333332"><ele>317.8</ele><time>2025-11-13T06:34:13Z</time></trkpt><trkpt lat="22.26888166666667" lon="113.95308500000002"><ele>316.0</ele><time>2025-11-13T06:34:18Z</time></trkpt><trkpt lat="22.26890166666667" lon="113.95307666666668"><ele>314.0</ele><time>2025-11-13T06:34:24Z</time></trkpt><trkpt lat="22.268933333333333" lon="113.95305333333333"><ele>311.7</ele><time>2025-11-13T06:34:33Z</time></trkpt><trkpt lat="22.268948333333334" lon="113.95304166666668"><ele>310.8</ele><time>2025-11-13T06:34:36Z</time></trkpt><trkpt lat="22.26897166666667" lon="113.953035"><ele>309.4</ele><time>2025-11-13T06:34:40Z</time></trkpt><trkpt lat="22.268995000000004" lon="113.95303333333335"><ele>308.3</ele><time>2025-11-13T06:34:44Z</time></trkpt><trkpt lat="22.269013333333337" lon="113.95303666666665"><ele>307.5</ele><time>2025-11-13T06:34:46Z</time></trkpt><trkpt lat="22.269031666666667" lon="113.95303166666666"><ele>306.6</ele><time>2025-11-13T06:34:48Z</time></trkpt><trkpt lat="22.269055" lon="113.95302666666666"><ele>304.9</ele><time>2025-11-13T06:34:52Z</time></trkpt><trkpt lat="22.269073333333335" lon="113.95301666666667"><ele>303.7</ele><time>2025-11-13T06:34:55Z</time></trkpt><trkpt lat="22.26909333333333" lon="113.95300666666665"><ele>302.4</ele><time>2025-11-13T06:34:58Z</time></trkpt><trkpt lat="22.26910833333333" lon="113.95299333333332"><ele>300.9</ele><time>2025-11-13T06:35:02Z</time></trkpt><trkpt lat="22.269128333333335" lon="113.95298499999998"><ele>299.4</ele><time>2025-11-13T06:35:06Z</time></trkpt><trkpt lat="22.269146666666664" lon="113.95297166666666"><ele>297.8</ele><time>2025-11-13T06:35:10Z</time></trkpt><trkpt lat="22.269164999999997" lon="113.95296833333332"><ele>296.1</ele><time>2025-11-13T06:35:15Z</time></trkpt><trkpt lat="22.26918333333333" lon="113.95296000000002"><ele>294.9</ele><time>2025-11-13T06:35:18Z</time></trkpt><trkpt lat="22.269206666666665" lon="113.95295333333334"><ele>293.6</ele><time>2025-11-13T06:35:21Z</time></trkpt><trkpt lat="22.269225" lon="113.95293833333332"><ele>292.6</ele><time>2025-11-13T06:35:23Z</time></trkpt><trkpt lat="22.26924166666667" lon="113.95291833333334"><ele>291.6</ele><time>2025-11-13T06:35:25Z</time></trkpt><trkpt lat="22.26926" lon="113.95290166666668"><ele>289.8</ele><time>2025-11-13T06:35:28Z</time></trkpt><trkpt lat="22.269283333333338" lon="113.95289333333334"><ele>288.2</ele><time>2025-11-13T06:35:31Z</time></trkpt><trkpt lat="22.269298333333335" lon="113.95288166666666"><ele>287.2</ele><time>2025-11-13T06:35:33Z</time></trkpt><trkpt lat="22.269315" lon="113.95287000000002"><ele>285.7</ele><time>2025-11-13T06:35:36Z</time></trkpt><trkpt lat="22.269338333333334" lon="113.95287000000002"><ele>284.3</ele><time>2025-11-13T06:35:40Z</time></trkpt><trkpt lat="22.269358333333336" lon="113.95286666666668"><ele>283.1</ele><time>2025-11-13T06:35:43Z</time></trkpt><trkpt lat="22.269381666666664" lon="113.95285666666665"><ele>281.9</ele><time>2025-11-13T06:35:47Z</time></trkpt><trkpt lat="22.269400000000005" lon="113.95285666666665"><ele>281.2</ele><time>2025-11-13T06:35:49Z</time></trkpt><trkpt lat="22.26942166666667" lon="113.95285333333335"><ele>280.0</ele><time>2025-11-13T06:35:52Z</time></trkpt><trkpt lat="22.269445000000005" lon="113.95284500000001"><ele>278.4</ele><time>2025-11-13T06:35:56Z</time></trkpt><trkpt lat="22.269468333333332" lon="113.95283833333333"><ele>277.3</ele><time>2025-11-13T06:35:59Z</time></trkpt><trkpt lat="22.269488333333335" lon="113.95283666666667"><ele>276.0</ele><time>2025-11-13T06:36:02Z</time></trkpt><trkpt lat="22.269508333333338" lon="113.95284166666667"><ele>274.7</ele><time>2025-11-13T06:36:05Z</time></trkpt><trkpt lat="22.26952833333333" lon="113.95283666666667"><ele>274.1</ele><time>2025-11-13T06:36:08Z</time></trkpt><trkpt lat="22.269553333333338" lon="113.95283666666667"><ele>273.2</ele><time>2025-11-13T06:36:11Z</time></trkpt><trkpt lat="22.269575" lon="113.95283333333333"><ele>272.2</ele><time>2025-11-13T06:36:15Z</time></trkpt><trkpt lat="22.269591666666663" lon="113.95282166666667"><ele>271.4</ele><time>2025-11-13T06:36:18Z</time></trkpt><trkpt lat="22.2696" lon="113.95280166666667"><ele>270.6</ele><time>2025-11-13T06:36:22Z</time></trkpt><trkpt lat="22.269611666666666" lon="113.95278666666667"><ele>269.9</ele><time>2025-11-13T06:36:26Z</time></trkpt><trkpt lat="22.269628333333337" lon="113.95277499999999"><ele>269.5</ele><time>2025-11-13T06:36:30Z</time></trkpt><trkpt lat="22.26963166666667" lon="113.95275500000001"><ele>268.7</ele><time>2025-11-13T06:36:34Z</time></trkpt><trkpt lat="22.269645" lon="113.95273"><ele>268.0</ele><time>2025-11-13T06:36:38Z</time></trkpt><trkpt lat="22.269653333333334" lon="113.95271166666667"><ele>267.6</ele><time>2025-11-13T06:36:40Z</time></trkpt><trkpt lat="22.26966333333333" lon="113.95269333333333"><ele>267.0</ele><time>2025-11-13T06:36:43Z</time></trkpt><trkpt lat="22.26968" lon="113.95268"><ele>265.8</ele><time>2025-11-13T06:36:48Z</time></trkpt><trkpt lat="22.269696666666665" lon="113.95267"><ele>264.7</ele><time>2025-11-13T06:36:52Z</time></trkpt><trkpt lat="22.269698333333334" lon="113.95264666666665"><ele>263.4</ele><time>2025-11-13T06:36:56Z</time></trkpt><trkpt lat="22.269705" lon="113.95261666666666"><ele>262.4</ele><time>2025-11-13T06:37:00Z</time></trkpt><trkpt lat="22.269718333333337" lon="113.95259499999999"><ele>261.5</ele><time>2025-11-13T06:37:03Z</time></trkpt><trkpt lat="22.26973333333334" lon="113.95257500000001"><ele>260.8</ele><time>2025-11-13T06:37:06Z</time></trkpt><trkpt lat="22.269740000000002" lon="113.95255166666666"><ele>260.1</ele><time>2025-11-13T06:37:08Z</time></trkpt><trkpt lat="22.26975" lon="113.95253166666667"><ele>259.3</ele><time>2025-11-13T06:37:11Z</time></trkpt><trkpt lat="22.269748333333336" lon="113.95251166666667"><ele>258.8</ele><time>2025-11-13T06:37:14Z</time></trkpt><trkpt lat="22.269729999999996" lon="113.952495"><ele>258.1</ele><time>2025-11-13T06:37:18Z</time></trkpt><trkpt lat="22.269746666666666" lon="113.95248166666667"><ele>255.89999999999998</ele><time>2025-11-13T06:37:26Z</time></trkpt><trkpt lat="22.26977" lon="113.95247333333333"><ele>255.10000000000002</ele><time>2025-11-13T06:37:29Z</time></trkpt><trkpt lat="22.269793333333336" lon="113.95245833333333"><ele>254.3</ele><time>2025-11-13T06:37:32Z</time></trkpt><trkpt lat="22.269815" lon="113.95245000000001"><ele>252.5</ele><time>2025-11-13T06:37:37Z</time></trkpt><trkpt lat="22.26984" lon="113.95244666666667"><ele>250.9</ele><time>2025-11-13T06:37:41Z</time></trkpt><trkpt lat="22.26986" lon="113.95244166666667"><ele>249.8</ele><time>2025-11-13T06:37:44Z</time></trkpt><trkpt lat="22.269878333333335" lon="113.95244"><ele>248.7</ele><time>2025-11-13T06:37:47Z</time></trkpt><trkpt lat="22.26989" lon="113.95242333333333"><ele>246.7</ele><time>2025-11-13T06:37:56Z</time></trkpt><trkpt lat="22.269905" lon="113.95241"><ele>246.3</ele><time>2025-11-13T06:37:59Z</time></trkpt><trkpt lat="22.269923333333335" lon="113.95239000000001"><ele>245.6</ele><time>2025-11-13T06:38:03Z</time></trkpt><trkpt lat="22.269928333333336" lon="113.95236833333333"><ele>244.7</ele><time>2025-11-13T06:38:06Z</time></trkpt><trkpt lat="22.269948333333332" lon="113.95235499999998"><ele>243.4</ele><time>2025-11-13T06:38:10Z</time></trkpt><trkpt lat="22.269966666666665" lon="113.95234166666665"><ele>242.2</ele><time>2025-11-13T06:38:13Z</time></trkpt><trkpt lat="22.269975" lon="113.95232"><ele>240.4</ele><time>2025-11-13T06:38:17Z</time></trkpt><trkpt lat="22.26999166666667" lon="113.95230666666666"><ele>239.1</ele><time>2025-11-13T06:38:21Z</time></trkpt><trkpt lat="22.270010000000003" lon="113.95228999999999"><ele>238.0</ele><time>2025-11-13T06:38:24Z</time></trkpt><trkpt lat="22.270028333333336" lon="113.95228999999999"><ele>236.6</ele><time>2025-11-13T06:38:28Z</time></trkpt><trkpt lat="22.270028333333336" lon="113.95226833333332"><ele>234.2</ele><time>2025-11-13T06:38:35Z</time></trkpt><trkpt lat="22.270018333333336" lon="113.95224666666667"><ele>233.1</ele><time>2025-11-13T06:38:40Z</time></trkpt><trkpt lat="22.270025" lon="113.95222"><ele>232.3</ele><time>2025-11-13T06:38:43Z</time></trkpt><trkpt lat="22.27004" lon="113.95219666666665"><ele>231.20000000000002</ele><time>2025-11-13T06:38:47Z</time></trkpt><trkpt lat="22.270046666666666" lon="113.95217499999998"><ele>230.3</ele><time>2025-11-13T06:38:50Z</time></trkpt><trkpt lat="22.270043333333334" lon="113.95215333333333"><ele>229.20000000000002</ele><time>2025-11-13T06:38:54Z</time></trkpt><trkpt lat="22.270043333333334" lon="113.95213333333335"><ele>228.1</ele><time>2025-11-13T06:38:58Z</time></trkpt><trkpt lat="22.270059999999997" lon="113.95212333333332"><ele>226.8</ele><time>2025-11-13T06:39:02Z</time></trkpt><trkpt lat="22.270076666666668" lon="113.95211499999999"><ele>225.9</ele><time>2025-11-13T06:39:05Z</time></trkpt><trkpt lat="22.27009666666667" lon="113.9521"><ele>225.0</ele><time>2025-11-13T06:39:09Z</time></trkpt><trkpt lat="22.270115" lon="113.95209000000001"><ele>224.20000000000002</ele><time>2025-11-13T06:39:12Z</time></trkpt><trkpt lat="22.270128333333332" lon="113.952075"><ele>223.5</ele><time>2025-11-13T06:39:14Z</time></trkpt><trkpt lat="22.27014166666667" lon="113.95205833333333"><ele>222.3</ele><time>2025-11-13T06:39:18Z</time></trkpt><trkpt lat="22.270136666666666" lon="113.95203833333335"><ele>220.8</ele><time>2025-11-13T06:39:23Z</time></trkpt><trkpt lat="22.27012666666667" lon="113.95201666666665"><ele>219.70000000000002</ele><time>2025-11-13T06:39:27Z</time></trkpt><trkpt lat="22.27011333333333" lon="113.95200333333332"><ele>218.0</ele><time>2025-11-13T06:39:31Z</time></trkpt><trkpt lat="22.27013" lon="113.95199499999998"><ele>217.20000000000002</ele><time>2025-11-13T06:39:33Z</time></trkpt><trkpt lat="22.270143333333333" lon="113.95197666666667"><ele>216.9</ele><time>2025-11-13T06:39:36Z</time></trkpt><trkpt lat="22.27014166666667" lon="113.951955"><ele>215.9</ele><time>2025-11-13T06:39:42Z</time></trkpt><trkpt lat="22.27012666666667" lon="113.95193333333333"><ele>215.1</ele><time>2025-11-13T06:39:46Z</time></trkpt><trkpt lat="22.27011333333333" lon="113.95191333333332"><ele>214.3</ele><time>2025-11-13T06:39:50Z</time></trkpt><trkpt lat="22.270091666666666" lon="113.95190833333332"><ele>213.5</ele><time>2025-11-13T06:39:55Z</time></trkpt><trkpt lat="22.270085" lon="113.95188833333334"><ele>211.9</ele><time>2025-11-13T06:40:01Z</time></trkpt><trkpt lat="22.270103333333335" lon="113.95186833333334"><ele>210.8</ele><time>2025-11-13T06:40:05Z</time></trkpt><trkpt lat="22.27012" lon="113.95185333333332"><ele>210.0</ele><time>2025-11-13T06:40:08Z</time></trkpt><trkpt lat="22.270125" lon="113.95183333333334"><ele>209.4</ele><time>2025-11-13T06:40:10Z</time></trkpt><trkpt lat="22.270125" lon="113.95181"><ele>208.9</ele><time>2025-11-13T06:40:13Z</time></trkpt><trkpt lat="22.270131666666664" lon="113.95178666666668"><ele>207.4</ele><time>2025-11-13T06:40:19Z</time></trkpt><trkpt lat="22.27014166666667" lon="113.95176166666667"><ele>206.0</ele><time>2025-11-13T06:40:23Z</time></trkpt><trkpt lat="22.27015333333333" lon="113.951745"><ele>205.0</ele><time>2025-11-13T06:40:27Z</time></trkpt><trkpt lat="22.270163333333336" lon="113.95172166666667"><ele>203.5</ele><time>2025-11-13T06:40:31Z</time></trkpt><trkpt lat="22.270181666666666" lon="113.95170833333334"><ele>201.3</ele><time>2025-11-13T06:40:37Z</time></trkpt><trkpt lat="22.270205" lon="113.95171166666665"><ele>199.9</ele><time>2025-11-13T06:40:41Z</time></trkpt><trkpt lat="22.27022833333333" lon="113.95171333333334"><ele>199.20000000000002</ele><time>2025-11-13T06:40:45Z</time></trkpt><trkpt lat="22.27025" lon="113.95171"><ele>198.20000000000002</ele><time>2025-11-13T06:40:48Z</time></trkpt><trkpt lat="22.270268333333334" lon="113.95170333333333"><ele>196.5</ele><time>2025-11-13T06:40:53Z</time></trkpt><trkpt lat="22.270286666666667" lon="113.95169166666668"><ele>194.5</ele><time>2025-11-13T06:40:59Z</time></trkpt><trkpt lat="22.270284999999998" lon="113.95167166666667"><ele>192.9</ele><time>2025-11-13T06:41:06Z</time></trkpt><trkpt lat="22.270280000000003" lon="113.95165166666666"><ele>192.3</ele><time>2025-11-13T06:41:10Z</time></trkpt><trkpt lat="22.270295" lon="113.95163499999998"><ele>191.1</ele><time>2025-11-13T06:41:21Z</time></trkpt><trkpt lat="22.270296666666663" lon="113.95160833333333"><ele>190.20000000000002</ele><time>2025-11-13T06:41:25Z</time></trkpt><trkpt lat="22.27030666666667" lon="113.95158666666666"><ele>189.5</ele><time>2025-11-13T06:41:28Z</time></trkpt><trkpt lat="22.270325000000003" lon="113.95157833333333"><ele>188.3</ele><time>2025-11-13T06:41:32Z</time></trkpt><trkpt lat="22.270341666666663" lon="113.95156833333334"><ele>187.5</ele><time>2025-11-13T06:41:35Z</time></trkpt><trkpt lat="22.270419999999998" lon="113.951565"><ele>180.8</ele><time>2025-11-13T06:42:02Z</time></trkpt><trkpt lat="22.27043833333333" lon="113.951565"><ele>180.1</ele><time>2025-11-13T06:42:04Z</time></trkpt><trkpt lat="22.270463333333335" lon="113.95155833333335"><ele>179.20000000000002</ele><time>2025-11-13T06:42:07Z</time></trkpt><trkpt lat="22.27048166666667" lon="113.95155500000001"><ele>178.6</ele><time>2025-11-13T06:42:10Z</time></trkpt><trkpt lat="22.270500000000002" lon="113.95156333333334"><ele>177.8</ele><time>2025-11-13T06:42:14Z</time></trkpt><trkpt lat="22.27051833333333" lon="113.95156666666665"><ele>177.0</ele><time>2025-11-13T06:42:17Z</time></trkpt><trkpt lat="22.270536666666665" lon="113.95156333333334"><ele>176.20000000000002</ele><time>2025-11-13T06:42:20Z</time></trkpt><trkpt lat="22.270556666666668" lon="113.95156166666666"><ele>174.8</ele><time>2025-11-13T06:42:25Z</time></trkpt><trkpt lat="22.270566666666664" lon="113.95154499999998"><ele>173.70000000000002</ele><time>2025-11-13T06:42:28Z</time></trkpt><trkpt lat="22.27058833333333" lon="113.95153833333333"><ele>172.3</ele><time>2025-11-13T06:42:32Z</time></trkpt><trkpt lat="22.270606666666662" lon="113.95153333333334"><ele>170.9</ele><time>2025-11-13T06:42:38Z</time></trkpt><trkpt lat="22.270641666666666" lon="113.95152166666666"><ele>168.4</ele><time>2025-11-13T06:42:51Z</time></trkpt><trkpt lat="22.270665" lon="113.95151499999999"><ele>167.5</ele><time>2025-11-13T06:42:55Z</time></trkpt><trkpt lat="22.270680000000002" lon="113.95149666666666"><ele>167.1</ele><time>2025-11-13T06:42:57Z</time></trkpt><trkpt lat="22.270686666666666" lon="113.95147666666665"><ele>166.6</ele><time>2025-11-13T06:42:59Z</time></trkpt><trkpt lat="22.270698333333332" lon="113.95145833333332"><ele>165.3</ele><time>2025-11-13T06:43:04Z</time></trkpt><trkpt lat="22.270698333333332" lon="113.95143666666667"><ele>164.6</ele><time>2025-11-13T06:43:07Z</time></trkpt><trkpt lat="22.270701666666664" lon="113.95141666666665"><ele>163.70000000000002</ele><time>2025-11-13T06:43:11Z</time></trkpt><trkpt lat="22.270758333333333" lon="113.95137666666666"><ele>160.0</ele><time>2025-11-13T06:43:24Z</time></trkpt><trkpt lat="22.270776666666666" lon="113.95137666666666"><ele>159.0</ele><time>2025-11-13T06:43:28Z</time></trkpt><trkpt lat="22.270815000000002" lon="113.95133499999999"><ele>156.8</ele><time>2025-11-13T06:43:40Z</time></trkpt><trkpt lat="22.27083" lon="113.95132"><ele>156.1</ele><time>2025-11-13T06:43:42Z</time></trkpt><trkpt lat="22.270846666666664" lon="113.95130499999999"><ele>155.1</ele><time>2025-11-13T06:43:46Z</time></trkpt><trkpt lat="22.270866666666667" lon="113.951295"><ele>153.6</ele><time>2025-11-13T06:43:52Z</time></trkpt><trkpt lat="22.27088666666667" lon="113.95128333333332"><ele>152.4</ele><time>2025-11-13T06:43:56Z</time></trkpt><trkpt lat="22.270908333333335" lon="113.95127499999998"><ele>151.6</ele><time>2025-11-13T06:43:59Z</time></trkpt><trkpt lat="22.270925000000002" lon="113.95126666666665"><ele>150.3</ele><time>2025-11-13T06:44:02Z</time></trkpt><trkpt lat="22.27094833333333" lon="113.95126333333334"><ele>149.20000000000002</ele><time>2025-11-13T06:44:05Z</time></trkpt><trkpt lat="22.270971666666664" lon="113.95126166666665"><ele>148.0</ele><time>2025-11-13T06:44:09Z</time></trkpt><trkpt lat="22.270991666666667" lon="113.95124666666668"><ele>146.6</ele><time>2025-11-13T06:44:14Z</time></trkpt><trkpt lat="22.270996666666665" lon="113.95122666666666"><ele>144.9</ele><time>2025-11-13T06:44:19Z</time></trkpt><trkpt lat="22.271013333333332" lon="113.95121166666668"><ele>143.4</ele><time>2025-11-13T06:44:23Z</time></trkpt><trkpt lat="22.271031666666666" lon="113.95120666666665"><ele>141.8</ele><time>2025-11-13T06:44:28Z</time></trkpt><trkpt lat="22.27105" lon="113.9512"><ele>140.1</ele><time>2025-11-13T06:44:32Z</time></trkpt><trkpt lat="22.271068333333332" lon="113.95119166666667"><ele>138.4</ele><time>2025-11-13T06:44:37Z</time></trkpt><trkpt lat="22.271090000000004" lon="113.95119000000001"><ele>137.6</ele><time>2025-11-13T06:44:40Z</time></trkpt><trkpt lat="22.27111166666667" lon="113.95118833333332"><ele>136.6</ele><time>2025-11-13T06:44:43Z</time></trkpt><trkpt lat="22.271131666666665" lon="113.95119833333335"><ele>134.70000000000002</ele><time>2025-11-13T06:44:48Z</time></trkpt><trkpt lat="22.271153333333338" lon="113.95119166666667"><ele>133.6</ele><time>2025-11-13T06:44:52Z</time></trkpt><trkpt lat="22.27117333333333" lon="113.95118666666667"><ele>132.20000000000002</ele><time>2025-11-13T06:44:56Z</time></trkpt><trkpt lat="22.271193333333333" lon="113.95117333333334"><ele>131.4</ele><time>2025-11-13T06:45:01Z</time></trkpt><trkpt lat="22.271211666666666" lon="113.951165"><ele>131.0</ele><time>2025-11-13T06:45:04Z</time></trkpt><trkpt lat="22.271226666666667" lon="113.95115"><ele>130.0</ele><time>2025-11-13T06:45:08Z</time></trkpt><trkpt lat="22.271239999999995" lon="113.95113166666667"><ele>129.5</ele><time>2025-11-13T06:45:11Z</time></trkpt><trkpt lat="22.271250000000002" lon="113.95111"><ele>128.5</ele><time>2025-11-13T06:45:15Z</time></trkpt><trkpt lat="22.271258333333336" lon="113.95109166666667"><ele>128.20000000000002</ele><time>2025-11-13T06:45:17Z</time></trkpt><trkpt lat="22.271265000000003" lon="113.95106166666667"><ele>127.6</ele><time>2025-11-13T06:45:20Z</time></trkpt><trkpt lat="22.271273333333337" lon="113.95104333333332"><ele>126.0</ele><time>2025-11-13T06:45:24Z</time></trkpt><trkpt lat="22.271293333333332" lon="113.95105166666666"><ele>124.2</ele><time>2025-11-13T06:45:28Z</time></trkpt><trkpt lat="22.271310000000003" lon="113.95106833333332"><ele>123.10000000000001</ele><time>2025-11-13T06:45:32Z</time></trkpt><trkpt lat="22.271333333333338" lon="113.95107333333333"><ele>122.2</ele><time>2025-11-13T06:45:35Z</time></trkpt><trkpt lat="22.27135333333333" lon="113.95107666666667"><ele>120.80000000000001</ele><time>2025-11-13T06:45:39Z</time></trkpt><trkpt lat="22.271378333333338" lon="113.95107666666667"><ele>119.4</ele><time>2025-11-13T06:45:43Z</time></trkpt><trkpt lat="22.271396666666668" lon="113.951075"><ele>118.60000000000001</ele><time>2025-11-13T06:45:45Z</time></trkpt><trkpt lat="22.271415" lon="113.95107333333333"><ele>118.0</ele><time>2025-11-13T06:45:47Z</time></trkpt><trkpt lat="22.271434999999997" lon="113.95107333333333"><ele>116.4</ele><time>2025-11-13T06:45:51Z</time></trkpt><trkpt lat="22.271455" lon="113.95106499999999"><ele>114.9</ele><time>2025-11-13T06:45:55Z</time></trkpt><trkpt lat="22.27146833333334" lon="113.95105166666666"><ele>113.10000000000001</ele><time>2025-11-13T06:46:00Z</time></trkpt><trkpt lat="22.271490000000004" lon="113.95103833333333"><ele>111.30000000000001</ele><time>2025-11-13T06:46:04Z</time></trkpt><trkpt lat="22.271509999999996" lon="113.95104833333335"><ele>109.80000000000001</ele><time>2025-11-13T06:46:07Z</time></trkpt><trkpt lat="22.271526666666666" lon="113.95105833333334"><ele>108.30000000000001</ele><time>2025-11-13T06:46:11Z</time></trkpt><trkpt lat="22.27155" lon="113.95106166666667"><ele>106.80000000000001</ele><time>2025-11-13T06:46:16Z</time></trkpt><trkpt lat="22.271573333333336" lon="113.95106166666667"><ele>106.0</ele><time>2025-11-13T06:46:19Z</time></trkpt><trkpt lat="22.271593333333332" lon="113.95105666666664"><ele>105.0</ele><time>2025-11-13T06:46:22Z</time></trkpt><trkpt lat="22.271610000000003" lon="113.95104833333335"><ele>104.10000000000001</ele><time>2025-11-13T06:46:25Z</time></trkpt><trkpt lat="22.271626666666666" lon="113.95103833333333"><ele>103.2</ele><time>2025-11-13T06:46:28Z</time></trkpt><trkpt lat="22.271641666666664" lon="113.95102666666668"><ele>101.60000000000001</ele><time>2025-11-13T06:46:32Z</time></trkpt><trkpt lat="22.271659999999997" lon="113.95102833333334"><ele>100.4</ele><time>2025-11-13T06:46:35Z</time></trkpt><trkpt lat="22.27167833333333" lon="113.95103166666668"><ele>99.4</ele><time>2025-11-13T06:46:38Z</time></trkpt><trkpt lat="22.271698333333333" lon="113.95103166666668"><ele>97.9</ele><time>2025-11-13T06:46:42Z</time></trkpt><trkpt lat="22.27171333333333" lon="113.95104333333332"><ele>96.30000000000001</ele><time>2025-11-13T06:46:46Z</time></trkpt><trkpt lat="22.271736666666666" lon="113.95104333333332"><ele>95.30000000000001</ele><time>2025-11-13T06:46:49Z</time></trkpt><trkpt lat="22.271755" lon="113.95103499999999"><ele>93.60000000000001</ele><time>2025-11-13T06:46:53Z</time></trkpt><trkpt lat="22.27177166666667" lon="113.95102666666668"><ele>93.10000000000001</ele><time>2025-11-13T06:46:56Z</time></trkpt><trkpt lat="22.271790000000003" lon="113.95102999999999"><ele>92.60000000000001</ele><time>2025-11-13T06:46:59Z</time></trkpt><trkpt lat="22.27181" lon="113.95103499999999"><ele>92.10000000000001</ele><time>2025-11-13T06:47:02Z</time></trkpt><trkpt lat="22.27183" lon="113.95104"><ele>91.2</ele><time>2025-11-13T06:47:06Z</time></trkpt><trkpt lat="22.27184666666667" lon="113.95102833333334"><ele>90.5</ele><time>2025-11-13T06:47:09Z</time></trkpt><trkpt lat="22.271865000000002" lon="113.95101500000001"><ele>89.60000000000001</ele><time>2025-11-13T06:47:12Z</time></trkpt><trkpt lat="22.271886666666667" lon="113.951025"><ele>88.4</ele><time>2025-11-13T06:47:16Z</time></trkpt><trkpt lat="22.271905" lon="113.95103333333333"><ele>87.4</ele><time>2025-11-13T06:47:20Z</time></trkpt><trkpt lat="22.27191833333333" lon="113.95101833333335"><ele>86.5</ele><time>2025-11-13T06:47:23Z</time></trkpt><trkpt lat="22.271929999999998" lon="113.951"><ele>85.60000000000001</ele><time>2025-11-13T06:47:26Z</time></trkpt><trkpt lat="22.27194833333333" lon="113.95099666666668"><ele>84.60000000000001</ele><time>2025-11-13T06:47:29Z</time></trkpt><trkpt lat="22.271973333333335" lon="113.950985"><ele>83.5</ele><time>2025-11-13T06:47:32Z</time></trkpt><trkpt lat="22.27199166666667" lon="113.95098166666666"><ele>82.7</ele><time>2025-11-13T06:47:34Z</time></trkpt><trkpt lat="22.27201166666667" lon="113.95098333333333"><ele>81.60000000000001</ele><time>2025-11-13T06:47:37Z</time></trkpt><trkpt lat="22.272021666666667" lon="113.95096666666669"><ele>80.60000000000001</ele><time>2025-11-13T06:47:40Z</time></trkpt><trkpt lat="22.272021666666667" lon="113.95094666666667"><ele>79.9</ele><time>2025-11-13T06:47:42Z</time></trkpt><trkpt lat="22.272033333333336" lon="113.95093"><ele>78.9</ele><time>2025-11-13T06:47:45Z</time></trkpt><trkpt lat="22.27204166666667" lon="113.95091"><ele>77.9</ele><time>2025-11-13T06:47:49Z</time></trkpt><trkpt lat="22.272045000000002" lon="113.95087833333334"><ele>76.9</ele><time>2025-11-13T06:48:07Z</time></trkpt><trkpt lat="22.27203833333333" lon="113.95085666666667"><ele>76.80000000000001</ele><time>2025-11-13T06:48:10Z</time></trkpt><trkpt lat="22.27204" lon="113.95083500000001"><ele>76.60000000000001</ele><time>2025-11-13T06:48:12Z</time></trkpt><trkpt lat="22.272030000000004" lon="113.95081166666665"><ele>76.30000000000001</ele><time>2025-11-13T06:48:15Z</time></trkpt><trkpt lat="22.27202333333333" lon="113.95079333333334"><ele>76.10000000000001</ele><time>2025-11-13T06:48:17Z</time></trkpt><trkpt lat="22.272006666666666" lon="113.95077500000001"><ele>75.80000000000001</ele><time>2025-11-13T06:48:20Z</time></trkpt><trkpt lat="22.27199333333333" lon="113.95075999999999"><ele>75.60000000000001</ele><time>2025-11-13T06:48:22Z</time></trkpt><trkpt lat="22.27197833333333" lon="113.95073833333332"><ele>75.5</ele><time>2025-11-13T06:48:24Z</time></trkpt><trkpt lat="22.271965" lon="113.950715"><ele>75.2</ele><time>2025-11-13T06:48:27Z</time></trkpt><trkpt lat="22.271958333333334" lon="113.95069166666666"><ele>75.0</ele><time>2025-11-13T06:48:29Z</time></trkpt><trkpt lat="22.271956666666664" lon="113.95066666666668"><ele>74.9</ele><time>2025-11-13T06:48:32Z</time></trkpt><trkpt lat="22.271955000000002" lon="113.95064333333333"><ele>74.60000000000001</ele><time>2025-11-13T06:48:39Z</time></trkpt><trkpt lat="22.27192" lon="113.95055666666667"><ele>75.2</ele><time>2025-11-13T06:49:02Z</time></trkpt><trkpt lat="22.27190333333333" lon="113.95054666666668"><ele>75.30000000000001</ele><time>2025-11-13T06:49:05Z</time></trkpt><trkpt lat="22.271884999999997" lon="113.95053166666666"><ele>75.4</ele><time>2025-11-13T06:49:09Z</time></trkpt><trkpt lat="22.271866666666664" lon="113.95051833333333"><ele>75.5</ele><time>2025-11-13T06:49:12Z</time></trkpt><trkpt lat="22.27184666666667" lon="113.95051"><ele>75.4</ele><time>2025-11-13T06:49:15Z</time></trkpt><trkpt lat="22.27183" lon="113.95048666666668"><ele>75.30000000000001</ele><time>2025-11-13T06:49:18Z</time></trkpt><trkpt lat="22.27181666666667" lon="113.95046499999998"><ele>75.10000000000001</ele><time>2025-11-13T06:49:20Z</time></trkpt><trkpt lat="22.271805000000004" lon="113.95044333333333"><ele>75.0</ele><time>2025-11-13T06:49:22Z</time></trkpt><trkpt lat="22.271791666666665" lon="113.95042333333335"><ele>74.9</ele><time>2025-11-13T06:49:25Z</time></trkpt><trkpt lat="22.271783333333328" lon="113.95040333333333"><ele>74.80000000000001</ele><time>2025-11-13T06:49:27Z</time></trkpt><trkpt lat="22.271773333333332" lon="113.95038666666666"><ele>74.80000000000001</ele><time>2025-11-13T06:49:29Z</time></trkpt><trkpt lat="22.27175833333333" lon="113.95037333333333"><ele>74.7</ele><time>2025-11-13T06:49:32Z</time></trkpt><trkpt lat="22.27174" lon="113.95035833333334"><ele>74.60000000000001</ele><time>2025-11-13T06:49:35Z</time></trkpt><trkpt lat="22.271725" lon="113.95034666666668"><ele>74.5</ele><time>2025-11-13T06:49:37Z</time></trkpt><trkpt lat="22.27171" lon="113.95033333333335"><ele>74.4</ele><time>2025-11-13T06:49:39Z</time></trkpt><trkpt lat="22.27169666666667" lon="113.95032"><ele>74.10000000000001</ele><time>2025-11-13T06:49:41Z</time></trkpt><trkpt lat="22.27167833333333" lon="113.95029666666666"><ele>73.9</ele><time>2025-11-13T06:49:43Z</time></trkpt><trkpt lat="22.271665" lon="113.95028333333333"><ele>73.80000000000001</ele><time>2025-11-13T06:49:45Z</time></trkpt><trkpt lat="22.27165166666667" lon="113.95026333333333"><ele>73.5</ele><time>2025-11-13T06:49:48Z</time></trkpt><trkpt lat="22.27164" lon="113.95024166666666"><ele>73.4</ele><time>2025-11-13T06:49:50Z</time></trkpt><trkpt lat="22.27163" lon="113.95021999999999"><ele>73.10000000000001</ele><time>2025-11-13T06:49:53Z</time></trkpt><trkpt lat="22.271626666666666" lon="113.95019499999998"><ele>72.9</ele><time>2025-11-13T06:49:56Z</time></trkpt><trkpt lat="22.27162" lon="113.95017166666666"><ele>72.60000000000001</ele><time>2025-11-13T06:50:00Z</time></trkpt><trkpt lat="22.271613333333335" lon="113.95015"><ele>72.2</ele><time>2025-11-13T06:50:03Z</time></trkpt><trkpt lat="22.27160333333334" lon="113.95013333333333"><ele>71.80000000000001</ele><time>2025-11-13T06:50:05Z</time></trkpt><trkpt lat="22.27159166666667" lon="113.95011333333332"><ele>71.5</ele><time>2025-11-13T06:50:07Z</time></trkpt><trkpt lat="22.271583333333336" lon="113.950085"><ele>71.4</ele><time>2025-11-13T06:50:09Z</time></trkpt><trkpt lat="22.271569999999997" lon="113.95006166666666"><ele>71.2</ele><time>2025-11-13T06:50:11Z</time></trkpt><trkpt lat="22.271556666666665" lon="113.95003833333334"><ele>70.80000000000001</ele><time>2025-11-13T06:50:14Z</time></trkpt><trkpt lat="22.27154666666667" lon="113.95001666666667"><ele>70.60000000000001</ele><time>2025-11-13T06:50:16Z</time></trkpt><trkpt lat="22.271535000000004" lon="113.94999666666666"><ele>70.5</ele><time>2025-11-13T06:50:18Z</time></trkpt><trkpt lat="22.271524999999997" lon="113.94997666666669"><ele>70.4</ele><time>2025-11-13T06:50:20Z</time></trkpt><trkpt lat="22.271518333333333" lon="113.94994999999999"><ele>70.10000000000001</ele><time>2025-11-13T06:50:22Z</time></trkpt><trkpt lat="22.271508333333333" lon="113.94992333333333"><ele>69.80000000000001</ele><time>2025-11-13T06:50:25Z</time></trkpt><trkpt lat="22.271508333333333" lon="113.94989833333332"><ele>69.60000000000001</ele><time>2025-11-13T06:50:27Z</time></trkpt><trkpt lat="22.2715" lon="113.94986666666667"><ele>69.4</ele><time>2025-11-13T06:50:29Z</time></trkpt><trkpt lat="22.271491666666666" lon="113.94984000000001"><ele>69.2</ele><time>2025-11-13T06:50:32Z</time></trkpt><trkpt lat="22.271486666666668" lon="113.94981666666666"><ele>68.9</ele><time>2025-11-13T06:50:34Z</time></trkpt><trkpt lat="22.271475000000002" lon="113.94979333333335"><ele>69.0</ele><time>2025-11-13T06:50:37Z</time></trkpt><trkpt lat="22.27147" lon="113.94977166666668"><ele>68.9</ele><time>2025-11-13T06:50:39Z</time></trkpt><trkpt lat="22.271455" lon="113.94975333333332"><ele>69.0</ele><time>2025-11-13T06:50:42Z</time></trkpt><trkpt lat="22.271441666666668" lon="113.94973999999999"><ele>68.9</ele><time>2025-11-13T06:50:44Z</time></trkpt><trkpt lat="22.271433333333334" lon="113.94972000000001"><ele>69.0</ele><time>2025-11-13T06:50:47Z</time></trkpt><trkpt lat="22.27142333333334" lon="113.94969666666665"><ele>69.10000000000001</ele><time>2025-11-13T06:50:50Z</time></trkpt><trkpt lat="22.27141166666667" lon="113.94967833333334"><ele>69.10000000000001</ele><time>2025-11-13T06:50:52Z</time></trkpt><trkpt lat="22.27139833333333" lon="113.94965500000002"><ele>69.2</ele><time>2025-11-13T06:50:55Z</time></trkpt><trkpt lat="22.271386666666665" lon="113.949635"><ele>69.2</ele><time>2025-11-13T06:50:57Z</time></trkpt><trkpt lat="22.271371666666663" lon="113.94960666666665"><ele>69.4</ele><time>2025-11-13T06:50:59Z</time></trkpt><trkpt lat="22.271365" lon="113.94958833333334"><ele>69.5</ele><time>2025-11-13T06:51:01Z</time></trkpt><trkpt lat="22.271355000000003" lon="113.94957166666667"><ele>69.4</ele><time>2025-11-13T06:51:03Z</time></trkpt><trkpt lat="22.271341666666665" lon="113.94955333333334"><ele>69.30000000000001</ele><time>2025-11-13T06:51:05Z</time></trkpt><trkpt lat="22.271331666666665" lon="113.94952666666669"><ele>69.4</ele><time>2025-11-13T06:51:07Z</time></trkpt><trkpt lat="22.27132166666667" lon="113.94950666666666"><ele>69.4</ele><time>2025-11-13T06:51:09Z</time></trkpt><trkpt lat="22.271306666666668" lon="113.94948500000001"><ele>69.2</ele><time>2025-11-13T06:51:12Z</time></trkpt><trkpt lat="22.271298333333334" lon="113.94946"><ele>69.10000000000001</ele><time>2025-11-13T06:51:15Z</time></trkpt><trkpt lat="22.271288333333338" lon="113.94943333333335"><ele>69.30000000000001</ele><time>2025-11-13T06:51:18Z</time></trkpt><trkpt lat="22.271281666666663" lon="113.94941500000002"><ele>69.4</ele><time>2025-11-13T06:51:20Z</time></trkpt><trkpt lat="22.271273333333337" lon="113.94939666666666"><ele>69.30000000000001</ele><time>2025-11-13T06:51:23Z</time></trkpt><trkpt lat="22.271265000000003" lon="113.94937833333333"><ele>69.0</ele><time>2025-11-13T06:51:25Z</time></trkpt><trkpt lat="22.271266666666666" lon="113.94935500000001"><ele>69.10000000000001</ele><time>2025-11-13T06:51:27Z</time></trkpt><trkpt lat="22.271259999999998" lon="113.94932500000002"><ele>69.30000000000001</ele><time>2025-11-13T06:51:29Z</time></trkpt><trkpt lat="22.271251666666664" lon="113.94929333333333"><ele>69.60000000000001</ele><time>2025-11-13T06:51:31Z</time></trkpt><trkpt lat="22.271248333333332" lon="113.94927000000001"><ele>69.7</ele><time>2025-11-13T06:51:33Z</time></trkpt><trkpt lat="22.271243333333338" lon="113.94924333333331"><ele>69.30000000000001</ele><time>2025-11-13T06:51:35Z</time></trkpt><trkpt lat="22.271235" lon="113.94921833333335"><ele>68.5</ele><time>2025-11-13T06:51:38Z</time></trkpt><trkpt lat="22.27123" lon="113.94919833333333"><ele>68.2</ele><time>2025-11-13T06:51:40Z</time></trkpt><trkpt lat="22.271220000000003" lon="113.94918166666666"><ele>67.5</ele><time>2025-11-13T06:51:42Z</time></trkpt><trkpt lat="22.271220000000003" lon="113.94915999999999"><ele>66.9</ele><time>2025-11-13T06:51:44Z</time></trkpt><trkpt lat="22.27121833333333" lon="113.94913999999999"><ele>66.60000000000001</ele><time>2025-11-13T06:51:46Z</time></trkpt><trkpt lat="22.27121833333333" lon="113.94911500000002"><ele>66.4</ele><time>2025-11-13T06:51:48Z</time></trkpt><trkpt lat="22.271206666666664" lon="113.94909166666666"><ele>66.30000000000001</ele><time>2025-11-13T06:51:51Z</time></trkpt><trkpt lat="22.271191666666663" lon="113.94907666666668"><ele>66.2</ele><time>2025-11-13T06:51:54Z</time></trkpt><trkpt lat="22.271181666666667" lon="113.94905833333333"><ele>65.7</ele><time>2025-11-13T06:51:56Z</time></trkpt><trkpt lat="22.27117333333333" lon="113.94903000000001"><ele>65.30000000000001</ele><time>2025-11-13T06:51:59Z</time></trkpt><trkpt lat="22.271168333333335" lon="113.94901"><ele>65.0</ele><time>2025-11-13T06:52:01Z</time></trkpt><trkpt lat="22.271151666666665" lon="113.94899"><ele>64.5</ele><time>2025-11-13T06:52:03Z</time></trkpt><trkpt lat="22.27114166666667" lon="113.94896833333333"><ele>63.99999999999999</ele><time>2025-11-13T06:52:05Z</time></trkpt><trkpt lat="22.271133333333335" lon="113.94894000000001"><ele>63.6</ele><time>2025-11-13T06:52:08Z</time></trkpt><trkpt lat="22.271126666666667" lon="113.94891833333334"><ele>63.1</ele><time>2025-11-13T06:52:10Z</time></trkpt><trkpt lat="22.27111166666667" lon="113.94889833333333"><ele>62.4</ele><time>2025-11-13T06:52:13Z</time></trkpt><trkpt lat="22.271103333333333" lon="113.94887833333333"><ele>61.8</ele><time>2025-11-13T06:52:15Z</time></trkpt><trkpt lat="22.271101666666663" lon="113.94885500000001"><ele>61.199999999999996</ele><time>2025-11-13T06:52:17Z</time></trkpt><trkpt lat="22.271101666666663" lon="113.94883499999999"><ele>61.199999999999996</ele><time>2025-11-13T06:52:19Z</time></trkpt><trkpt lat="22.271108333333338" lon="113.94881500000001"><ele>61.199999999999996</ele><time>2025-11-13T06:52:21Z</time></trkpt><trkpt lat="22.271116666666664" lon="113.94879166666666"><ele>61.0</ele><time>2025-11-13T06:52:23Z</time></trkpt><trkpt lat="22.271123333333335" lon="113.94876833333335"><ele>61.1</ele><time>2025-11-13T06:52:25Z</time></trkpt><trkpt lat="22.27112833333333" lon="113.94874499999999"><ele>61.1</ele><time>2025-11-13T06:52:27Z</time></trkpt><trkpt lat="22.271133333333335" lon="113.94872333333333"><ele>61.0</ele><time>2025-11-13T06:52:29Z</time></trkpt><trkpt lat="22.27114166666667" lon="113.948705"><ele>61.199999999999996</ele><time>2025-11-13T06:52:31Z</time></trkpt><trkpt lat="22.271146666666663" lon="113.948685"><ele>61.3</ele><time>2025-11-13T06:52:33Z</time></trkpt><trkpt lat="22.271149999999995" lon="113.94866500000002"><ele>61.6</ele><time>2025-11-13T06:52:35Z</time></trkpt><trkpt lat="22.27115666666667" lon="113.948645"><ele>62.6</ele><time>2025-11-13T06:52:38Z</time></trkpt><trkpt lat="22.271164999999996" lon="113.94862333333334"><ele>63.4</ele><time>2025-11-13T06:52:41Z</time></trkpt><trkpt lat="22.271171666666667" lon="113.94859999999998"><ele>63.9</ele><time>2025-11-13T06:52:44Z</time></trkpt><trkpt lat="22.271178333333335" lon="113.94858166666667"><ele>64.4</ele><time>2025-11-13T06:52:47Z</time></trkpt><trkpt lat="22.27119" lon="113.94856333333334"><ele>64.7</ele><time>2025-11-13T06:52:49Z</time></trkpt><trkpt lat="22.271205000000002" lon="113.94853833333333"><ele>64.9</ele><time>2025-11-13T06:52:52Z</time></trkpt><trkpt lat="22.271213333333336" lon="113.94851833333333"><ele>65.2</ele><time>2025-11-13T06:52:54Z</time></trkpt><trkpt lat="22.27121833333333" lon="113.94849333333335"><ele>65.2</ele><time>2025-11-13T06:52:56Z</time></trkpt><trkpt lat="22.271223333333335" lon="113.94847166666665"><ele>65.10000000000001</ele><time>2025-11-13T06:52:58Z</time></trkpt><trkpt lat="22.271226666666667" lon="113.94844666666668"><ele>64.60000000000001</ele><time>2025-11-13T06:53:01Z</time></trkpt><trkpt lat="22.271238333333333" lon="113.94842833333333"><ele>63.99999999999999</ele><time>2025-11-13T06:53:04Z</time></trkpt><trkpt lat="22.271254999999996" lon="113.94841333333333"><ele>63.4</ele><time>2025-11-13T06:53:06Z</time></trkpt><trkpt lat="22.271268333333335" lon="113.94839666666667"><ele>63.1</ele><time>2025-11-13T06:53:08Z</time></trkpt><trkpt lat="22.27128" lon="113.94836833333332"><ele>62.699999999999996</ele><time>2025-11-13T06:53:11Z</time></trkpt><trkpt lat="22.27129" lon="113.94835166666665"><ele>62.49999999999999</ele><time>2025-11-13T06:53:13Z</time></trkpt><trkpt lat="22.271296666666665" lon="113.94833166666668"><ele>62.199999999999996</ele><time>2025-11-13T06:53:15Z</time></trkpt><trkpt lat="22.271311666666666" lon="113.94831166666667"><ele>61.99999999999999</ele><time>2025-11-13T06:53:17Z</time></trkpt><trkpt lat="22.271326666666663" lon="113.94828833333334"><ele>61.6</ele><time>2025-11-13T06:53:19Z</time></trkpt><trkpt lat="22.271338333333333" lon="113.94827"><ele>61.1</ele><time>2025-11-13T06:53:21Z</time></trkpt><trkpt lat="22.271351666666668" lon="113.94825333333334"><ele>60.6</ele><time>2025-11-13T06:53:23Z</time></trkpt><trkpt lat="22.271363333333337" lon="113.94823333333333"><ele>60.199999999999996</ele><time>2025-11-13T06:53:25Z</time></trkpt><trkpt lat="22.271373333333333" lon="113.94821666666667"><ele>59.9</ele><time>2025-11-13T06:53:27Z</time></trkpt><trkpt lat="22.271389999999997" lon="113.94819666666666"><ele>59.6</ele><time>2025-11-13T06:53:30Z</time></trkpt><trkpt lat="22.271404999999998" lon="113.94816833333334"><ele>59.4</ele><time>2025-11-13T06:53:32Z</time></trkpt><trkpt lat="22.27141166666667" lon="113.94814666666667"><ele>59.199999999999996</ele><time>2025-11-13T06:53:34Z</time></trkpt><trkpt lat="22.27142666666667" lon="113.94812333333333"><ele>59.3</ele><time>2025-11-13T06:53:37Z</time></trkpt><trkpt lat="22.271448333333336" lon="113.94810333333335"><ele>58.8</ele><time>2025-11-13T06:53:40Z</time></trkpt><trkpt lat="22.271466666666665" lon="113.94809"><ele>58.5</ele><time>2025-11-13T06:53:43Z</time></trkpt><trkpt lat="22.271485" lon="113.94808166666665"><ele>58.3</ele><time>2025-11-13T06:53:45Z</time></trkpt><trkpt lat="22.271505" lon="113.94806333333332"><ele>58.3</ele><time>2025-11-13T06:53:47Z</time></trkpt><trkpt lat="22.271518333333333" lon="113.94805"><ele>58.3</ele><time>2025-11-13T06:53:49Z</time></trkpt><trkpt lat="22.271528333333336" lon="113.94802833333333"><ele>58.1</ele><time>2025-11-13T06:53:52Z</time></trkpt><trkpt lat="22.271545" lon="113.94801333333335"><ele>57.8</ele><time>2025-11-13T06:53:55Z</time></trkpt><trkpt lat="22.27156" lon="113.94799333333334"><ele>57.6</ele><time>2025-11-13T06:53:58Z</time></trkpt><trkpt lat="22.27157833333333" lon="113.94797333333332"><ele>57.199999999999996</ele><time>2025-11-13T06:54:00Z</time></trkpt><trkpt lat="22.271598333333333" lon="113.94795"><ele>56.9</ele><time>2025-11-13T06:54:02Z</time></trkpt><trkpt lat="22.271616666666667" lon="113.94793"><ele>56.9</ele><time>2025-11-13T06:54:04Z</time></trkpt><trkpt lat="22.271628333333336" lon="113.94791333333333"><ele>56.5</ele><time>2025-11-13T06:54:06Z</time></trkpt><trkpt lat="22.271646666666665" lon="113.94790499999999"><ele>56.3</ele><time>2025-11-13T06:54:08Z</time></trkpt><trkpt lat="22.27166666666667" lon="113.94789166666666"><ele>56.4</ele><time>2025-11-13T06:54:10Z</time></trkpt><trkpt lat="22.27168166666667" lon="113.947875"><ele>56.4</ele><time>2025-11-13T06:54:12Z</time></trkpt><trkpt lat="22.271701666666665" lon="113.94786333333334"><ele>55.9</ele><time>2025-11-13T06:54:15Z</time></trkpt><trkpt lat="22.271721666666668" lon="113.94784999999999"><ele>55.8</ele><time>2025-11-13T06:54:17Z</time></trkpt><trkpt lat="22.271743333333333" lon="113.94783833333334"><ele>55.8</ele><time>2025-11-13T06:54:19Z</time></trkpt><trkpt lat="22.27177" lon="113.94783166666666"><ele>55.9</ele><time>2025-11-13T06:54:22Z</time></trkpt><trkpt lat="22.271785" lon="113.94781166666668"><ele>55.8</ele><time>2025-11-13T06:54:25Z</time></trkpt><trkpt lat="22.2718" lon="113.94779833333332"><ele>55.6</ele><time>2025-11-13T06:54:28Z</time></trkpt><trkpt lat="22.271823333333334" lon="113.94779500000001"><ele>55.8</ele><time>2025-11-13T06:54:30Z</time></trkpt><trkpt lat="22.271838333333335" lon="113.94778"><ele>55.8</ele><time>2025-11-13T06:54:33Z</time></trkpt><trkpt lat="22.271856666666668" lon="113.94776666666667"><ele>56.0</ele><time>2025-11-13T06:54:36Z</time></trkpt><trkpt lat="22.271884999999997" lon="113.94775166666668"><ele>56.0</ele><time>2025-11-13T06:54:38Z</time></trkpt><trkpt lat="22.2719" lon="113.94773833333332"><ele>55.8</ele><time>2025-11-13T06:54:40Z</time></trkpt><trkpt lat="22.271914999999996" lon="113.94772666666668"><ele>55.6</ele><time>2025-11-13T06:54:42Z</time></trkpt><trkpt lat="22.27193333333333" lon="113.947715"><ele>55.5</ele><time>2025-11-13T06:54:45Z</time></trkpt><trkpt lat="22.271953333333332" lon="113.94771166666666"><ele>55.5</ele><time>2025-11-13T06:54:48Z</time></trkpt><trkpt lat="22.271971666666666" lon="113.94771333333334"><ele>55.4</ele><time>2025-11-13T06:54:50Z</time></trkpt><trkpt lat="22.27199666666667" lon="113.94771"><ele>55.3</ele><time>2025-11-13T06:54:53Z</time></trkpt><trkpt lat="22.272018333333335" lon="113.94770166666667"><ele>55.1</ele><time>2025-11-13T06:54:56Z</time></trkpt><trkpt lat="22.27204166666667" lon="113.94768833333335"><ele>54.8</ele><time>2025-11-13T06:54:59Z</time></trkpt><trkpt lat="22.272066666666667" lon="113.94767666666667"><ele>54.6</ele><time>2025-11-13T06:55:01Z</time></trkpt><trkpt lat="22.272085" lon="113.94766833333333"><ele>54.6</ele><time>2025-11-13T06:55:03Z</time></trkpt><trkpt lat="22.272103333333334" lon="113.94766833333333"><ele>54.699999999999996</ele><time>2025-11-13T06:55:05Z</time></trkpt><trkpt lat="22.27212666666667" lon="113.94766999999999"><ele>54.8</ele><time>2025-11-13T06:55:07Z</time></trkpt><trkpt lat="22.272148333333334" lon="113.94766333333334"><ele>54.9</ele><time>2025-11-13T06:55:09Z</time></trkpt><trkpt lat="22.27217333333333" lon="113.94765166666666"><ele>54.9</ele><time>2025-11-13T06:55:11Z</time></trkpt><trkpt lat="22.27220333333333" lon="113.94764500000001"><ele>55.0</ele><time>2025-11-13T06:55:14Z</time></trkpt><trkpt lat="22.272226666666665" lon="113.94763666666668"><ele>54.9</ele><time>2025-11-13T06:55:17Z</time></trkpt><trkpt lat="22.27225333333333" lon="113.94762833333334"><ele>54.699999999999996</ele><time>2025-11-13T06:55:20Z</time></trkpt><trkpt lat="22.272276666666667" lon="113.947625"><ele>54.6</ele><time>2025-11-13T06:55:22Z</time></trkpt><trkpt lat="22.27229333333333" lon="113.94761166666667"><ele>54.4</ele><time>2025-11-13T06:55:24Z</time></trkpt><trkpt lat="22.272315000000003" lon="113.9476"><ele>54.199999999999996</ele><time>2025-11-13T06:55:26Z</time></trkpt><trkpt lat="22.272334999999998" lon="113.94758833333331"><ele>53.8</ele><time>2025-11-13T06:55:28Z</time></trkpt><trkpt lat="22.27235333333333" lon="113.94757999999999"><ele>53.6</ele><time>2025-11-13T06:55:30Z</time></trkpt><trkpt lat="22.272371666666665" lon="113.94757166666668"><ele>53.4</ele><time>2025-11-13T06:55:32Z</time></trkpt><trkpt lat="22.2724" lon="113.94757333333334"><ele>53.199999999999996</ele><time>2025-11-13T06:55:34Z</time></trkpt><trkpt lat="22.272418333333334" lon="113.94757499999999"><ele>53.1</ele><time>2025-11-13T06:55:35Z</time></trkpt><trkpt lat="22.272436666666668" lon="113.94757499999999"><ele>53.1</ele><time>2025-11-13T06:55:36Z</time></trkpt><trkpt lat="22.272468333333336" lon="113.94756833333334"><ele>53.199999999999996</ele><time>2025-11-13T06:55:38Z</time></trkpt><trkpt lat="22.272496666666665" lon="113.94756833333334"><ele>53.3</ele><time>2025-11-13T06:55:40Z</time></trkpt><trkpt lat="22.27252" lon="113.94757333333334"><ele>53.5</ele><time>2025-11-13T06:55:42Z</time></trkpt><trkpt lat="22.272544999999997" lon="113.94757499999999"><ele>53.699999999999996</ele><time>2025-11-13T06:55:44Z</time></trkpt><trkpt lat="22.27256333333333" lon="113.94757499999999"><ele>54.0</ele><time>2025-11-13T06:55:46Z</time></trkpt><trkpt lat="22.272589999999997" lon="113.94757"><ele>53.5</ele><time>2025-11-13T06:55:49Z</time></trkpt><trkpt lat="22.272613333333332" lon="113.94757166666668"><ele>53.6</ele><time>2025-11-13T06:55:51Z</time></trkpt><trkpt lat="22.27263833333333" lon="113.947565"><ele>53.5</ele><time>2025-11-13T06:55:53Z</time></trkpt><trkpt lat="22.272659999999995" lon="113.94755333333333"><ele>53.4</ele><time>2025-11-13T06:55:55Z</time></trkpt><trkpt lat="22.272678333333335" lon="113.94754333333334"><ele>52.8</ele><time>2025-11-13T06:55:58Z</time></trkpt><trkpt lat="22.27269833333333" lon="113.94753999999999"><ele>52.4</ele><time>2025-11-13T06:56:00Z</time></trkpt><trkpt lat="22.272721666666666" lon="113.94753"><ele>51.9</ele><time>2025-11-13T06:56:03Z</time></trkpt><trkpt lat="22.27274333333333" lon="113.94751833333333"><ele>51.9</ele><time>2025-11-13T06:56:06Z</time></trkpt><trkpt lat="22.272761666666664" lon="113.94751333333333"><ele>51.6</ele><time>2025-11-13T06:56:08Z</time></trkpt><trkpt lat="22.272785" lon="113.94750666666665"><ele>51.4</ele><time>2025-11-13T06:56:10Z</time></trkpt><trkpt lat="22.272808333333334" lon="113.94749666666667"><ele>51.1</ele><time>2025-11-13T06:56:12Z</time></trkpt><trkpt lat="22.272826666666667" lon="113.94748666666668"><ele>50.4</ele><time>2025-11-13T06:56:14Z</time></trkpt><trkpt lat="22.27284666666667" lon="113.94747166666666"><ele>49.6</ele><time>2025-11-13T06:56:17Z</time></trkpt><trkpt lat="22.272869999999998" lon="113.94745666666668"><ele>49.3</ele><time>2025-11-13T06:56:19Z</time></trkpt><trkpt lat="22.27289166666667" lon="113.94744166666666"><ele>49.1</ele><time>2025-11-13T06:56:21Z</time></trkpt><trkpt lat="22.272903333333335" lon="113.94742166666668"><ele>49.0</ele><time>2025-11-13T06:56:23Z</time></trkpt><trkpt lat="22.272913333333335" lon="113.94739499999999"><ele>48.699999999999996</ele><time>2025-11-13T06:56:26Z</time></trkpt><trkpt lat="22.272926666666663" lon="113.94736833333333"><ele>48.699999999999996</ele><time>2025-11-13T06:56:28Z</time></trkpt><trkpt lat="22.272943333333334" lon="113.94735166666666"><ele>48.699999999999996</ele><time>2025-11-13T06:56:30Z</time></trkpt><trkpt lat="22.272961666666667" lon="113.94733"><ele>48.5</ele><time>2025-11-13T06:56:32Z</time></trkpt><trkpt lat="22.27297666666667" lon="113.94730499999999"><ele>48.4</ele><time>2025-11-13T06:56:34Z</time></trkpt><trkpt lat="22.272991666666666" lon="113.94728833333332"><ele>48.199999999999996</ele><time>2025-11-13T06:56:36Z</time></trkpt><trkpt lat="22.27301166666667" lon="113.94727999999999"><ele>47.8</ele><time>2025-11-13T06:56:40Z</time></trkpt><trkpt lat="22.273023333333338" lon="113.94726333333334"><ele>47.199999999999996</ele><time>2025-11-13T06:56:43Z</time></trkpt><trkpt lat="22.273033333333334" lon="113.94724166666668"><ele>46.3</ele><time>2025-11-13T06:56:46Z</time></trkpt><trkpt lat="22.273039999999998" lon="113.94721333333334"><ele>45.5</ele><time>2025-11-13T06:56:49Z</time></trkpt><trkpt lat="22.273048333333335" lon="113.94719333333333"><ele>44.9</ele><time>2025-11-13T06:56:51Z</time></trkpt><trkpt lat="22.273064999999995" lon="113.94717833333334"><ele>44.3</ele><time>2025-11-13T06:56:53Z</time></trkpt><trkpt lat="22.273083333333336" lon="113.94715833333333"><ele>44.0</ele><time>2025-11-13T06:56:55Z</time></trkpt><trkpt lat="22.273109999999996" lon="113.94714333333334"><ele>43.8</ele><time>2025-11-13T06:56:57Z</time></trkpt><trkpt lat="22.273131666666668" lon="113.94713500000002"><ele>43.6</ele><time>2025-11-13T06:56:59Z</time></trkpt><trkpt lat="22.273151666666664" lon="113.94711666666666"><ele>43.199999999999996</ele><time>2025-11-13T06:57:02Z</time></trkpt><trkpt lat="22.273175" lon="113.94709499999999"><ele>42.9</ele><time>2025-11-13T06:57:05Z</time></trkpt><trkpt lat="22.27319333333333" lon="113.94708"><ele>42.9</ele><time>2025-11-13T06:57:07Z</time></trkpt><trkpt lat="22.273213333333334" lon="113.94706666666667"><ele>43.1</ele><time>2025-11-13T06:57:10Z</time></trkpt><trkpt lat="22.27323333333333" lon="113.94706"><ele>43.3</ele><time>2025-11-13T06:57:12Z</time></trkpt><trkpt lat="22.273256666666665" lon="113.94705333333334"><ele>43.1</ele><time>2025-11-13T06:57:15Z</time></trkpt><trkpt lat="22.27327833333333" lon="113.94704833333331"><ele>43.1</ele><time>2025-11-13T06:57:17Z</time></trkpt><trkpt lat="22.273300000000003" lon="113.94703999999999"><ele>42.9</ele><time>2025-11-13T06:57:19Z</time></trkpt><trkpt lat="22.27332" lon="113.94703333333334"><ele>43.0</ele><time>2025-11-13T06:57:21Z</time></trkpt><trkpt lat="22.273345000000003" lon="113.94703"><ele>43.199999999999996</ele><time>2025-11-13T06:57:23Z</time></trkpt><trkpt lat="22.273365" lon="113.94702166666666"><ele>43.0</ele><time>2025-11-13T06:57:25Z</time></trkpt><trkpt lat="22.27338666666667" lon="113.94701666666667"><ele>43.4</ele><time>2025-11-13T06:57:28Z</time></trkpt><trkpt lat="22.273408333333336" lon="113.94700333333334"><ele>43.6</ele><time>2025-11-13T06:57:30Z</time></trkpt><trkpt lat="22.27343166666667" lon="113.94698666666666"><ele>43.4</ele><time>2025-11-13T06:57:33Z</time></trkpt><trkpt lat="22.273451666666666" lon="113.94698500000001"><ele>43.1</ele><time>2025-11-13T06:57:35Z</time></trkpt><trkpt lat="22.273468333333334" lon="113.94697666666667"><ele>42.5</ele><time>2025-11-13T06:57:37Z</time></trkpt><trkpt lat="22.273486666666667" lon="113.94696833333334"><ele>42.1</ele><time>2025-11-13T06:57:40Z</time></trkpt><trkpt lat="22.273508333333332" lon="113.94696833333334"><ele>41.9</ele><time>2025-11-13T06:57:42Z</time></trkpt><trkpt lat="22.273531666666667" lon="113.94696"><ele>41.4</ele><time>2025-11-13T06:57:44Z</time></trkpt><trkpt lat="22.273555" lon="113.94694999999999"><ele>41.1</ele><time>2025-11-13T06:57:46Z</time></trkpt><trkpt lat="22.27358" lon="113.94693833333334"><ele>41.0</ele><time>2025-11-13T06:57:49Z</time></trkpt><trkpt lat="22.273598333333332" lon="113.94691833333333"><ele>41.199999999999996</ele><time>2025-11-13T06:57:51Z</time></trkpt><trkpt lat="22.273616666666666" lon="113.946905"><ele>41.1</ele><time>2025-11-13T06:57:53Z</time></trkpt><trkpt lat="22.273633333333336" lon="113.94689166666667"><ele>41.0</ele><time>2025-11-13T06:57:55Z</time></trkpt><trkpt lat="22.273649999999996" lon="113.94687666666665"><ele>41.1</ele><time>2025-11-13T06:57:58Z</time></trkpt><trkpt lat="22.273663333333335" lon="113.94685"><ele>41.199999999999996</ele><time>2025-11-13T06:58:01Z</time></trkpt><trkpt lat="22.273678333333336" lon="113.94683000000002"><ele>41.3</ele><time>2025-11-13T06:58:03Z</time></trkpt><trkpt lat="22.27369666666667" lon="113.94680833333332"><ele>41.5</ele><time>2025-11-13T06:58:05Z</time></trkpt><trkpt lat="22.273715" lon="113.94679"><ele>41.4</ele><time>2025-11-13T06:58:07Z</time></trkpt><trkpt lat="22.273725" lon="113.94676333333334"><ele>41.199999999999996</ele><time>2025-11-13T06:58:11Z</time></trkpt><trkpt lat="22.273736666666665" lon="113.94674666666667"><ele>41.4</ele><time>2025-11-13T06:58:13Z</time></trkpt><trkpt lat="22.273754999999998" lon="113.94673166666668"><ele>41.4</ele><time>2025-11-13T06:58:15Z</time></trkpt><trkpt lat="22.27377166666667" lon="113.94670833333333"><ele>41.1</ele><time>2025-11-13T06:58:17Z</time></trkpt><trkpt lat="22.273783333333334" lon="113.94668833333331"><ele>40.9</ele><time>2025-11-13T06:58:20Z</time></trkpt><trkpt lat="22.273805" lon="113.94667333333334"><ele>40.6</ele><time>2025-11-13T06:58:23Z</time></trkpt><trkpt lat="22.273821666666663" lon="113.946655"><ele>40.5</ele><time>2025-11-13T06:58:25Z</time></trkpt><trkpt lat="22.273835000000002" lon="113.94663833333334"><ele>40.6</ele><time>2025-11-13T06:58:28Z</time></trkpt><trkpt lat="22.273851666666662" lon="113.94661833333333"><ele>40.8</ele><time>2025-11-13T06:58:31Z</time></trkpt><trkpt lat="22.273866666666663" lon="113.94659833333331"><ele>40.8</ele><time>2025-11-13T06:58:34Z</time></trkpt><trkpt lat="22.27387666666667" lon="113.94657833333333"><ele>40.699999999999996</ele><time>2025-11-13T06:58:36Z</time></trkpt><trkpt lat="22.273886666666666" lon="113.94655833333333"><ele>40.9</ele><time>2025-11-13T06:58:40Z</time></trkpt><trkpt lat="22.273895" lon="113.94653333333332"><ele>40.9</ele><time>2025-11-13T06:58:43Z</time></trkpt><trkpt lat="22.27389833333333" lon="113.94651"><ele>40.8</ele><time>2025-11-13T06:58:45Z</time></trkpt><trkpt lat="22.273900000000005" lon="113.94648333333335"><ele>40.6</ele><time>2025-11-13T06:58:48Z</time></trkpt><trkpt lat="22.273901666666667" lon="113.94645833333334"><ele>40.5</ele><time>2025-11-13T06:58:50Z</time></trkpt><trkpt lat="22.27390833333333" lon="113.94643166666668"><ele>40.5</ele><time>2025-11-13T06:58:52Z</time></trkpt><trkpt lat="22.273919999999997" lon="113.94641000000001"><ele>40.5</ele><time>2025-11-13T06:58:54Z</time></trkpt><trkpt lat="22.273930000000004" lon="113.94638666666667"><ele>40.4</ele><time>2025-11-13T06:58:56Z</time></trkpt><trkpt lat="22.273936666666668" lon="113.94636666666665"><ele>40.3</ele><time>2025-11-13T06:58:58Z</time></trkpt><trkpt lat="22.27394333333333" lon="113.94634333333333"><ele>40.0</ele><time>2025-11-13T06:59:00Z</time></trkpt><trkpt lat="22.27395166666667" lon="113.94632166666666"><ele>39.6</ele><time>2025-11-13T06:59:02Z</time></trkpt><trkpt lat="22.273970000000002" lon="113.94629166666667"><ele>39.199999999999996</ele><time>2025-11-13T06:59:05Z</time></trkpt><trkpt lat="22.273986666666662" lon="113.94627"><ele>38.8</ele><time>2025-11-13T06:59:07Z</time></trkpt><trkpt lat="22.273995" lon="113.94624166666667"><ele>37.8</ele><time>2025-11-13T06:59:10Z</time></trkpt><trkpt lat="22.274013333333333" lon="113.94623166666666"><ele>37.199999999999996</ele><time>2025-11-13T06:59:13Z</time></trkpt><trkpt lat="22.274021666666666" lon="113.94621166666666"><ele>36.6</ele><time>2025-11-13T06:59:16Z</time></trkpt><trkpt lat="22.274036666666667" lon="113.94618833333334"><ele>36.199999999999996</ele><time>2025-11-13T06:59:18Z</time></trkpt><trkpt lat="22.274048333333333" lon="113.94617333333332"><ele>36.1</ele><time>2025-11-13T06:59:19Z</time></trkpt><trkpt lat="22.274061666666665" lon="113.94614833333331"><ele>35.699999999999996</ele><time>2025-11-13T06:59:21Z</time></trkpt><trkpt lat="22.27407" lon="113.94612833333333"><ele>35.3</ele><time>2025-11-13T06:59:23Z</time></trkpt><trkpt lat="22.274081666666667" lon="113.94610166666668"><ele>34.9</ele><time>2025-11-13T06:59:26Z</time></trkpt><trkpt lat="22.274099999999997" lon="113.94608000000001"><ele>34.5</ele><time>2025-11-13T06:59:29Z</time></trkpt><trkpt lat="22.274116666666668" lon="113.94605833333331"><ele>34.3</ele><time>2025-11-13T06:59:32Z</time></trkpt><trkpt lat="22.274128333333337" lon="113.94604166666667"><ele>34.1</ele><time>2025-11-13T06:59:34Z</time></trkpt><trkpt lat="22.274143333333335" lon="113.94602000000002"><ele>34.1</ele><time>2025-11-13T06:59:36Z</time></trkpt><trkpt lat="22.274155000000004" lon="113.946"><ele>34.1</ele><time>2025-11-13T06:59:38Z</time></trkpt><trkpt lat="22.274161666666668" lon="113.94598166666668"><ele>33.9</ele><time>2025-11-13T06:59:40Z</time></trkpt><trkpt lat="22.274168333333332" lon="113.94595666666667"><ele>34.0</ele><time>2025-11-13T06:59:42Z</time></trkpt><trkpt lat="22.27416333333333" lon="113.94592833333333"><ele>34.0</ele><time>2025-11-13T06:59:44Z</time></trkpt><trkpt lat="22.274161666666668" lon="113.94590166666667"><ele>33.699999999999996</ele><time>2025-11-13T06:59:47Z</time></trkpt><trkpt lat="22.274165" lon="113.94588"><ele>33.6</ele><time>2025-11-13T06:59:49Z</time></trkpt><trkpt lat="22.274166666666662" lon="113.94586"><ele>33.3</ele><time>2025-11-13T06:59:52Z</time></trkpt><trkpt lat="22.274171666666668" lon="113.94583666666668"><ele>33.0</ele><time>2025-11-13T06:59:55Z</time></trkpt><trkpt lat="22.274181666666664" lon="113.94581166666667"><ele>33.0</ele><time>2025-11-13T06:59:58Z</time></trkpt><trkpt lat="22.274195000000002" lon="113.94578833333335"><ele>32.9</ele><time>2025-11-13T07:00:01Z</time></trkpt><trkpt lat="22.274206666666668" lon="113.94577333333334"><ele>32.699999999999996</ele><time>2025-11-13T07:00:03Z</time></trkpt><trkpt lat="22.274225" lon="113.94575833333334"><ele>32.6</ele><time>2025-11-13T07:00:06Z</time></trkpt><trkpt lat="22.274238333333333" lon="113.94574333333334"><ele>32.5</ele><time>2025-11-13T07:00:08Z</time></trkpt><trkpt lat="22.274251666666668" lon="113.94573"><ele>32.5</ele><time>2025-11-13T07:00:10Z</time></trkpt><trkpt lat="22.27426666666667" lon="113.94571666666667"><ele>32.4</ele><time>2025-11-13T07:00:12Z</time></trkpt><trkpt lat="22.274285000000003" lon="113.94569833333335"><ele>32.1</ele><time>2025-11-13T07:00:15Z</time></trkpt><trkpt lat="22.274288333333335" lon="113.94567333333335"><ele>32.199999999999996</ele><time>2025-11-13T07:00:18Z</time></trkpt><trkpt lat="22.274295" lon="113.94564833333334"><ele>32.8</ele><time>2025-11-13T07:00:20Z</time></trkpt><trkpt lat="22.274303333333332" lon="113.94563000000001"><ele>32.9</ele><time>2025-11-13T07:00:22Z</time></trkpt><trkpt lat="22.274321666666665" lon="113.94561833333334"><ele>33.5</ele><time>2025-11-13T07:00:25Z</time></trkpt><trkpt lat="22.27434" lon="113.94561"><ele>34.1</ele><time>2025-11-13T07:00:30Z</time></trkpt><trkpt lat="22.274379999999997" lon="113.94559499999998"><ele>38.699999999999996</ele><time>2025-11-13T07:01:03Z</time></trkpt><trkpt lat="22.274348333333332" lon="113.94556666666668"><ele>40.4</ele><time>2025-11-13T07:01:13Z</time></trkpt><trkpt lat="22.27437166666667" lon="113.94553166666668"><ele>40.699999999999996</ele><time>2025-11-13T07:01:23Z</time></trkpt><trkpt lat="22.274369999999998" lon="113.94551166666666"><ele>40.6</ele><time>2025-11-13T07:01:26Z</time></trkpt><trkpt lat="22.27437166666667" lon="113.945485"><ele>40.3</ele><time>2025-11-13T07:01:29Z</time></trkpt><trkpt lat="22.274373333333333" lon="113.94545666666666"><ele>40.199999999999996</ele><time>2025-11-13T07:01:32Z</time></trkpt><trkpt lat="22.274379999999997" lon="113.94543833333334"><ele>40.0</ele><time>2025-11-13T07:01:34Z</time></trkpt><trkpt lat="22.274391666666663" lon="113.94541666666667"><ele>39.699999999999996</ele><time>2025-11-13T07:01:36Z</time></trkpt><trkpt lat="22.274405" lon="113.94539166666667"><ele>39.699999999999996</ele><time>2025-11-13T07:01:38Z</time></trkpt><trkpt lat="22.274414999999998" lon="113.94537333333334"><ele>39.8</ele><time>2025-11-13T07:01:39Z</time></trkpt><trkpt lat="22.274421666666665" lon="113.94534666666665"><ele>39.699999999999996</ele><time>2025-11-13T07:01:42Z</time></trkpt><trkpt lat="22.274439999999995" lon="113.94532666666667"><ele>39.8</ele><time>2025-11-13T07:01:45Z</time></trkpt><trkpt lat="22.27444666666667" lon="113.94530333333333"><ele>40.3</ele><time>2025-11-13T07:01:48Z</time></trkpt><trkpt lat="22.274454999999996" lon="113.945285"><ele>40.4</ele><time>2025-11-13T07:01:50Z</time></trkpt><trkpt lat="22.274463333333333" lon="113.94525833333334"><ele>40.5</ele><time>2025-11-13T07:01:52Z</time></trkpt><trkpt lat="22.27447666666667" lon="113.94524000000001"><ele>40.699999999999996</ele><time>2025-11-13T07:01:54Z</time></trkpt><trkpt lat="22.274483333333333" lon="113.94522"><ele>40.5</ele><time>2025-11-13T07:01:56Z</time></trkpt><trkpt lat="22.274496666666664" lon="113.94520499999999"><ele>40.8</ele><time>2025-11-13T07:01:58Z</time></trkpt><trkpt lat="22.274504999999998" lon="113.94518166666667"><ele>40.9</ele><time>2025-11-13T07:02:01Z</time></trkpt><trkpt lat="22.274513333333335" lon="113.94516"><ele>40.5</ele><time>2025-11-13T07:02:04Z</time></trkpt><trkpt lat="22.274526666666663" lon="113.94514166666667"><ele>40.6</ele><time>2025-11-13T07:02:07Z</time></trkpt><trkpt lat="22.274541666666664" lon="113.94512166666667"><ele>40.6</ele><time>2025-11-13T07:02:10Z</time></trkpt><trkpt lat="22.274553333333333" lon="113.945105"><ele>40.6</ele><time>2025-11-13T07:02:12Z</time></trkpt><trkpt lat="22.27456666666667" lon="113.94508833333333"><ele>40.6</ele><time>2025-11-13T07:02:14Z</time></trkpt><trkpt lat="22.27458166666667" lon="113.94506833333335"><ele>40.4</ele><time>2025-11-13T07:02:17Z</time></trkpt><trkpt lat="22.274591666666666" lon="113.94504833333333"><ele>40.0</ele><time>2025-11-13T07:02:20Z</time></trkpt><trkpt lat="22.274604999999998" lon="113.94503166666667"><ele>40.0</ele><time>2025-11-13T07:02:22Z</time></trkpt><trkpt lat="22.274623333333338" lon="113.94501833333334"><ele>39.8</ele><time>2025-11-13T07:02:24Z</time></trkpt><trkpt lat="22.27464166666667" lon="113.945015"><ele>39.5</ele><time>2025-11-13T07:02:26Z</time></trkpt><trkpt lat="22.27466" lon="113.94500666666666"><ele>39.0</ele><time>2025-11-13T07:02:30Z</time></trkpt><trkpt lat="22.274681666666666" lon="113.94499666666667"><ele>38.5</ele><time>2025-11-13T07:02:33Z</time></trkpt><trkpt lat="22.274705" lon="113.94497833333335"><ele>38.0</ele><time>2025-11-13T07:02:36Z</time></trkpt><trkpt lat="22.274723333333334" lon="113.94496333333333"><ele>37.699999999999996</ele><time>2025-11-13T07:02:38Z</time></trkpt><trkpt lat="22.274738333333335" lon="113.944945"><ele>37.5</ele><time>2025-11-13T07:02:41Z</time></trkpt><trkpt lat="22.27475666666667" lon="113.94492999999999"><ele>37.4</ele><time>2025-11-13T07:02:43Z</time></trkpt><trkpt lat="22.274778333333334" lon="113.94492"><ele>37.3</ele><time>2025-11-13T07:02:45Z</time></trkpt><trkpt lat="22.27479333333333" lon="113.94490499999999"><ele>37.4</ele><time>2025-11-13T07:02:47Z</time></trkpt><trkpt lat="22.274813333333334" lon="113.94488666666666"><ele>37.3</ele><time>2025-11-13T07:02:49Z</time></trkpt><trkpt lat="22.274828333333335" lon="113.94487333333333"><ele>37.3</ele><time>2025-11-13T07:02:52Z</time></trkpt><trkpt lat="22.27484" lon="113.944855"><ele>37.1</ele><time>2025-11-13T07:02:55Z</time></trkpt><trkpt lat="22.27485" lon="113.94483833333334"><ele>37.1</ele><time>2025-11-13T07:02:58Z</time></trkpt><trkpt lat="22.27485166666667" lon="113.94481499999999"><ele>36.9</ele><time>2025-11-13T07:03:01Z</time></trkpt><trkpt lat="22.274861666666666" lon="113.94479500000001"><ele>36.6</ele><time>2025-11-13T07:03:04Z</time></trkpt><trkpt lat="22.27488" lon="113.94477666666668"><ele>36.1</ele><time>2025-11-13T07:03:07Z</time></trkpt><trkpt lat="22.274901666666665" lon="113.94476833333334"><ele>35.9</ele><time>2025-11-13T07:03:09Z</time></trkpt><trkpt lat="22.274915000000004" lon="113.94474833333334"><ele>35.6</ele><time>2025-11-13T07:03:12Z</time></trkpt><trkpt lat="22.274931666666664" lon="113.94473166666667"><ele>34.9</ele><time>2025-11-13T07:03:14Z</time></trkpt><trkpt lat="22.27494166666667" lon="113.944715"><ele>34.9</ele><time>2025-11-13T07:03:16Z</time></trkpt><trkpt lat="22.27494166666667" lon="113.94469333333333"><ele>34.8</ele><time>2025-11-13T07:03:19Z</time></trkpt><trkpt lat="22.274949999999997" lon="113.944675"><ele>34.5</ele><time>2025-11-13T07:03:23Z</time></trkpt><trkpt lat="22.27497333333333" lon="113.94467333333333"><ele>34.199999999999996</ele><time>2025-11-13T07:03:27Z</time></trkpt><trkpt lat="22.274990000000003" lon="113.94466499999999"><ele>34.0</ele><time>2025-11-13T07:03:30Z</time></trkpt><trkpt lat="22.275009999999998" lon="113.94465166666666"><ele>33.9</ele><time>2025-11-13T07:03:33Z</time></trkpt><trkpt lat="22.275023333333333" lon="113.94463333333333"><ele>33.6</ele><time>2025-11-13T07:03:35Z</time></trkpt><trkpt lat="22.275039999999997" lon="113.94462166666666"><ele>33.199999999999996</ele><time>2025-11-13T07:03:37Z</time></trkpt><trkpt lat="22.27505833333333" lon="113.94460333333333"><ele>32.8</ele><time>2025-11-13T07:03:40Z</time></trkpt><trkpt lat="22.27507333333333" lon="113.94458833333334"><ele>32.4</ele><time>2025-11-13T07:03:42Z</time></trkpt><trkpt lat="22.275091666666672" lon="113.94457333333334"><ele>32.199999999999996</ele><time>2025-11-13T07:03:44Z</time></trkpt><trkpt lat="22.2751" lon="113.94455500000001"><ele>32.1</ele><time>2025-11-13T07:03:46Z</time></trkpt><trkpt lat="22.275113333333334" lon="113.94453833333334"><ele>32.0</ele><time>2025-11-13T07:03:48Z</time></trkpt><trkpt lat="22.275128333333335" lon="113.94452000000001"><ele>31.6</ele><time>2025-11-13T07:03:51Z</time></trkpt><trkpt lat="22.275141666666666" lon="113.94450666666668"><ele>31.4</ele><time>2025-11-13T07:03:54Z</time></trkpt><trkpt lat="22.27516333333333" lon="113.9445"><ele>31.0</ele><time>2025-11-13T07:03:58Z</time></trkpt><trkpt lat="22.27518" lon="113.94448833333333"><ele>31.0</ele><time>2025-11-13T07:04:00Z</time></trkpt><trkpt lat="22.27516166666667" lon="113.94447999999998"><ele>31.799999999999997</ele><time>2025-11-13T07:04:05Z</time></trkpt><trkpt lat="22.275141666666666" lon="113.94447666666669"><ele>31.4</ele><time>2025-11-13T07:04:07Z</time></trkpt><trkpt lat="22.27514833333333" lon="113.94445499999999"><ele>31.9</ele><time>2025-11-13T07:04:16Z</time></trkpt><trkpt lat="22.27516666666667" lon="113.94444166666666"><ele>32.1</ele><time>2025-11-13T07:04:18Z</time></trkpt><trkpt lat="22.275183333333334" lon="113.94442833333332"><ele>31.699999999999996</ele><time>2025-11-13T07:04:20Z</time></trkpt><trkpt lat="22.275204999999996" lon="113.94442166666667"><ele>31.299999999999997</ele><time>2025-11-13T07:04:23Z</time></trkpt><trkpt lat="22.275228333333335" lon="113.94441666666668"><ele>31.4</ele><time>2025-11-13T07:04:25Z</time></trkpt><trkpt lat="22.275248333333334" lon="113.94441666666668"><ele>31.699999999999996</ele><time>2025-11-13T07:04:27Z</time></trkpt><trkpt lat="22.275273333333335" lon="113.944405"><ele>32.3</ele><time>2025-11-13T07:04:29Z</time></trkpt><trkpt lat="22.275293333333334" lon="113.94439166666668"><ele>33.3</ele><time>2025-11-13T07:04:31Z</time></trkpt><trkpt lat="22.275309999999998" lon="113.94438333333333"><ele>34.0</ele><time>2025-11-13T07:04:33Z</time></trkpt><trkpt lat="22.27532833333333" lon="113.94437"><ele>34.5</ele><time>2025-11-13T07:04:35Z</time></trkpt><trkpt lat="22.275339999999996" lon="113.94434666666666"><ele>34.9</ele><time>2025-11-13T07:04:37Z</time></trkpt><trkpt lat="22.275350000000003" lon="113.94433"><ele>35.0</ele><time>2025-11-13T07:04:40Z</time></trkpt><trkpt lat="22.27536166666666" lon="113.94431333333333"><ele>35.0</ele><time>2025-11-13T07:04:42Z</time></trkpt><trkpt lat="22.275380000000002" lon="113.94429"><ele>34.9</ele><time>2025-11-13T07:04:44Z</time></trkpt><trkpt lat="22.275396666666666" lon="113.94427666666667"><ele>34.8</ele><time>2025-11-13T07:04:46Z</time></trkpt><trkpt lat="22.27540666666666" lon="113.94425833333335"><ele>34.4</ele><time>2025-11-13T07:04:48Z</time></trkpt><trkpt lat="22.27541666666667" lon="113.94423499999999"><ele>34.1</ele><time>2025-11-13T07:04:51Z</time></trkpt><trkpt lat="22.275429999999997" lon="113.94422166666666"><ele>34.0</ele><time>2025-11-13T07:04:53Z</time></trkpt><trkpt lat="22.275443333333335" lon="113.94420166666666"><ele>34.0</ele><time>2025-11-13T07:04:55Z</time></trkpt><trkpt lat="22.27545" lon="113.94418166666668"><ele>34.0</ele><time>2025-11-13T07:04:59Z</time></trkpt><trkpt lat="22.27546" lon="113.94416333333332"><ele>33.8</ele><time>2025-11-13T07:05:02Z</time></trkpt><trkpt lat="22.275471666666665" lon="113.94414833333333"><ele>34.0</ele><time>2025-11-13T07:05:04Z</time></trkpt><trkpt lat="22.275489999999998" lon="113.94413166666666"><ele>34.4</ele><time>2025-11-13T07:05:07Z</time></trkpt><trkpt lat="22.275505" lon="113.94411666666669"><ele>34.4</ele><time>2025-11-13T07:05:09Z</time></trkpt><trkpt lat="22.275519999999997" lon="113.94409833333333"><ele>34.5</ele><time>2025-11-13T07:05:11Z</time></trkpt><trkpt lat="22.275519999999997" lon="113.94407333333332"><ele>34.4</ele><time>2025-11-13T07:05:13Z</time></trkpt><trkpt lat="22.275533333333335" lon="113.94406"><ele>34.1</ele><time>2025-11-13T07:05:15Z</time></trkpt><trkpt lat="22.275555" lon="113.94406"><ele>34.199999999999996</ele><time>2025-11-13T07:05:19Z</time></trkpt><trkpt lat="22.275570000000002" lon="113.94404833333334"><ele>32.1</ele><time>2025-11-13T07:05:41Z</time></trkpt><trkpt lat="22.275568333333332" lon="113.944025"><ele>31.5</ele><time>2025-11-13T07:05:46Z</time></trkpt><trkpt lat="22.275573333333334" lon="113.94399833333334"><ele>31.1</ele><time>2025-11-13T07:05:48Z</time></trkpt><trkpt lat="22.275586666666662" lon="113.94397166666667"><ele>31.1</ele><time>2025-11-13T07:05:50Z</time></trkpt><trkpt lat="22.275605000000002" lon="113.94394666666668"><ele>31.1</ele><time>2025-11-13T07:05:52Z</time></trkpt><trkpt lat="22.275609999999997" lon="113.94392"><ele>30.9</ele><time>2025-11-13T07:05:54Z</time></trkpt><trkpt lat="22.275609999999997" lon="113.94389333333332"><ele>30.699999999999996</ele><time>2025-11-13T07:05:56Z</time></trkpt><trkpt lat="22.27561166666667" lon="113.94386000000002"><ele>30.199999999999996</ele><time>2025-11-13T07:05:58Z</time></trkpt><trkpt lat="22.275609999999997" lon="113.94383833333335"><ele>29.7</ele><time>2025-11-13T07:06:00Z</time></trkpt><trkpt lat="22.275606666666665" lon="113.94381666666668"><ele>29.5</ele><time>2025-11-13T07:06:03Z</time></trkpt><trkpt lat="22.27561166666667" lon="113.94379333333333"><ele>29.2</ele><time>2025-11-13T07:06:06Z</time></trkpt><trkpt lat="22.275623333333336" lon="113.94377166666666"><ele>29.099999999999998</ele><time>2025-11-13T07:06:09Z</time></trkpt><trkpt lat="22.27564" lon="113.943745"><ele>28.799999999999997</ele><time>2025-11-13T07:06:12Z</time></trkpt><trkpt lat="22.275636666666667" lon="113.943725"><ele>28.7</ele><time>2025-11-13T07:06:16Z</time></trkpt><trkpt lat="22.275646666666663" lon="113.94369833333333"><ele>29.099999999999998</ele><time>2025-11-13T07:06:26Z</time></trkpt><trkpt lat="22.275665000000004" lon="113.94368000000001"><ele>28.799999999999997</ele><time>2025-11-13T07:06:29Z</time></trkpt><trkpt lat="22.27568833333333" lon="113.94366999999998"><ele>28.299999999999997</ele><time>2025-11-13T07:06:32Z</time></trkpt><trkpt lat="22.275710000000004" lon="113.943665"><ele>27.9</ele><time>2025-11-13T07:06:35Z</time></trkpt><trkpt lat="22.275723333333335" lon="113.94365166666667"><ele>27.799999999999997</ele><time>2025-11-13T07:06:38Z</time></trkpt><trkpt lat="22.275735" lon="113.943635"><ele>27.599999999999998</ele><time>2025-11-13T07:06:40Z</time></trkpt><trkpt lat="22.275753333333334" lon="113.94362833333335"><ele>27.4</ele><time>2025-11-13T07:06:43Z</time></trkpt><trkpt lat="22.275773333333337" lon="113.94362333333332"><ele>27.4</ele><time>2025-11-13T07:06:45Z</time></trkpt><trkpt lat="22.27579166666667" lon="113.94360999999999"><ele>27.7</ele><time>2025-11-13T07:06:47Z</time></trkpt><trkpt lat="22.27580833333333" lon="113.94359666666666"><ele>28.0</ele><time>2025-11-13T07:06:49Z</time></trkpt><trkpt lat="22.27582166666667" lon="113.94357999999998"><ele>28.299999999999997</ele><time>2025-11-13T07:06:51Z</time></trkpt><trkpt lat="22.275838333333333" lon="113.94356166666667"><ele>28.599999999999998</ele><time>2025-11-13T07:06:53Z</time></trkpt><trkpt lat="22.275855" lon="113.94353500000001"><ele>28.799999999999997</ele><time>2025-11-13T07:06:55Z</time></trkpt><trkpt lat="22.275865" lon="113.94351833333333"><ele>29.0</ele><time>2025-11-13T07:06:57Z</time></trkpt><trkpt lat="22.275883333333333" lon="113.94350333333333"><ele>29.799999999999997</ele><time>2025-11-13T07:07:00Z</time></trkpt><trkpt lat="22.275895" lon="113.943475"><ele>30.1</ele><time>2025-11-13T07:07:02Z</time></trkpt><trkpt lat="22.275904999999998" lon="113.94344166666666"><ele>30.0</ele><time>2025-11-13T07:07:04Z</time></trkpt><trkpt lat="22.275916666666664" lon="113.94342499999999"><ele>30.1</ele><time>2025-11-13T07:07:07Z</time></trkpt><trkpt lat="22.275931666666665" lon="113.94341166666666"><ele>30.1</ele><time>2025-11-13T07:07:09Z</time></trkpt><trkpt lat="22.275955" lon="113.94339666666669"><ele>30.1</ele><time>2025-11-13T07:07:12Z</time></trkpt><trkpt lat="22.275976666666665" lon="113.94338"><ele>30.0</ele><time>2025-11-13T07:07:14Z</time></trkpt><trkpt lat="22.275998333333337" lon="113.943365"><ele>29.7</ele><time>2025-11-13T07:07:17Z</time></trkpt><trkpt lat="22.276020000000003" lon="113.94335166666666"><ele>29.599999999999998</ele><time>2025-11-13T07:07:19Z</time></trkpt><trkpt lat="22.27603333333333" lon="113.94333333333334"><ele>29.299999999999997</ele><time>2025-11-13T07:07:22Z</time></trkpt><trkpt lat="22.276051666666664" lon="113.94331166666667"><ele>28.799999999999997</ele><time>2025-11-13T07:07:24Z</time></trkpt><trkpt lat="22.27606166666667" lon="113.943295"><ele>28.4</ele><time>2025-11-13T07:07:26Z</time></trkpt><trkpt lat="22.27607833333333" lon="113.94328166666668"><ele>28.099999999999998</ele><time>2025-11-13T07:07:28Z</time></trkpt><trkpt lat="22.276095" lon="113.94326833333335"><ele>28.0</ele><time>2025-11-13T07:07:30Z</time></trkpt><trkpt lat="22.276114999999997" lon="113.94324999999999"><ele>28.2</ele><time>2025-11-13T07:07:32Z</time></trkpt><trkpt lat="22.276116666666667" lon="113.94322500000001"><ele>27.9</ele><time>2025-11-13T07:07:35Z</time></trkpt><trkpt lat="22.276131666666668" lon="113.94320666666665"><ele>27.7</ele><time>2025-11-13T07:07:37Z</time></trkpt><trkpt lat="22.276146666666666" lon="113.94319500000002"><ele>27.5</ele><time>2025-11-13T07:07:39Z</time></trkpt><trkpt lat="22.27616833333333" lon="113.94318"><ele>27.2</ele><time>2025-11-13T07:07:41Z</time></trkpt><trkpt lat="22.276188333333334" lon="113.94316833333332"><ele>26.7</ele><time>2025-11-13T07:07:45Z</time></trkpt><trkpt lat="22.276208333333336" lon="113.94315666666668"><ele>26.099999999999998</ele><time>2025-11-13T07:07:47Z</time></trkpt><trkpt lat="22.276225" lon="113.94314000000001"><ele>26.0</ele><time>2025-11-13T07:07:50Z</time></trkpt><trkpt lat="22.276238333333335" lon="113.94312666666669"><ele>26.0</ele><time>2025-11-13T07:07:51Z</time></trkpt><trkpt lat="22.276253333333337" lon="113.94311"><ele>26.299999999999997</ele><time>2025-11-13T07:07:53Z</time></trkpt><trkpt lat="22.27625833333333" lon="113.94308833333335"><ele>27.099999999999998</ele><time>2025-11-13T07:07:55Z</time></trkpt><trkpt lat="22.276246666666665" lon="113.94307166666667"><ele>26.599999999999998</ele><time>2025-11-13T07:08:00Z</time></trkpt><trkpt lat="22.276266666666668" lon="113.94307666666667"><ele>26.299999999999997</ele><time>2025-11-13T07:08:05Z</time></trkpt><trkpt lat="22.276291666666665" lon="113.94307666666667"><ele>26.7</ele><time>2025-11-13T07:08:16Z</time></trkpt><trkpt lat="22.276308333333336" lon="113.94306"><ele>27.5</ele><time>2025-11-13T07:08:21Z</time></trkpt><trkpt lat="22.276321666666664" lon="113.94303666666669"><ele>27.7</ele><time>2025-11-13T07:08:23Z</time></trkpt><trkpt lat="22.276324999999996" lon="113.94301500000002"><ele>27.599999999999998</ele><time>2025-11-13T07:08:25Z</time></trkpt><trkpt lat="22.276335000000003" lon="113.94299833333335"><ele>27.5</ele><time>2025-11-13T07:08:30Z</time></trkpt><trkpt lat="22.27634333333333" lon="113.94297666666668"><ele>27.099999999999998</ele><time>2025-11-13T07:08:34Z</time></trkpt><trkpt lat="22.27635833333333" lon="113.94294999999998"><ele>27.0</ele><time>2025-11-13T07:08:36Z</time></trkpt><trkpt lat="22.276365000000002" lon="113.94293"><ele>26.799999999999997</ele><time>2025-11-13T07:08:39Z</time></trkpt><trkpt lat="22.276374999999998" lon="113.94290833333335"><ele>26.799999999999997</ele><time>2025-11-13T07:08:41Z</time></trkpt><trkpt lat="22.276380000000003" lon="113.94288499999999"><ele>27.5</ele><time>2025-11-13T07:08:44Z</time></trkpt><trkpt lat="22.27639166666667" lon="113.94287000000001"><ele>27.9</ele><time>2025-11-13T07:08:45Z</time></trkpt><trkpt lat="22.27640666666667" lon="113.94285333333333"><ele>28.299999999999997</ele><time>2025-11-13T07:08:46Z</time></trkpt><trkpt lat="22.276425000000003" lon="113.94283166666668"><ele>29.4</ele><time>2025-11-13T07:08:48Z</time></trkpt><trkpt lat="22.276435" lon="113.94281333333332"><ele>30.0</ele><time>2025-11-13T07:08:51Z</time></trkpt><trkpt lat="22.276445" lon="113.94279"><ele>30.0</ele><time>2025-11-13T07:08:53Z</time></trkpt><trkpt lat="22.276456666666665" lon="113.94276999999998"><ele>30.5</ele><time>2025-11-13T07:08:55Z</time></trkpt><trkpt lat="22.27646666666667" lon="113.94274333333333"><ele>27.299999999999997</ele><time>2025-11-13T07:09:05Z</time></trkpt><trkpt lat="22.27647833333333" lon="113.94272500000001"><ele>25.7</ele><time>2025-11-13T07:09:08Z</time></trkpt><trkpt lat="22.276495" lon="113.94271166666667"><ele>24.799999999999997</ele><time>2025-11-13T07:09:11Z</time></trkpt><trkpt lat="22.276513333333334" lon="113.94270666666668"><ele>24.599999999999998</ele><time>2025-11-13T07:09:13Z</time></trkpt><trkpt lat="22.276535" lon="113.94269666666666"><ele>24.7</ele><time>2025-11-13T07:09:15Z</time></trkpt><trkpt lat="22.276548333333334" lon="113.94268166666667"><ele>25.5</ele><time>2025-11-13T07:09:17Z</time></trkpt><trkpt lat="22.276558333333334" lon="113.94266333333334"><ele>25.9</ele><time>2025-11-13T07:09:19Z</time></trkpt><trkpt lat="22.27656833333333" lon="113.94264"><ele>26.4</ele><time>2025-11-13T07:09:21Z</time></trkpt><trkpt lat="22.276578333333337" lon="113.94262333333333"><ele>26.799999999999997</ele><time>2025-11-13T07:09:23Z</time></trkpt><trkpt lat="22.276594999999997" lon="113.94261166666665"><ele>27.2</ele><time>2025-11-13T07:09:26Z</time></trkpt><trkpt lat="22.27661666666667" lon="113.942605"><ele>28.0</ele><time>2025-11-13T07:09:34Z</time></trkpt><trkpt lat="22.276636666666665" lon="113.94259833333332"><ele>27.799999999999997</ele><time>2025-11-13T07:09:38Z</time></trkpt><trkpt lat="22.276650000000004" lon="113.942585"><ele>28.4</ele><time>2025-11-13T07:09:44Z</time></trkpt><trkpt lat="22.276633333333333" lon="113.94255999999999"><ele>28.5</ele><time>2025-11-13T07:09:47Z</time></trkpt><trkpt lat="22.27661666666667" lon="113.94255"><ele>28.5</ele><time>2025-11-13T07:09:52Z</time></trkpt><trkpt lat="22.276633333333333" lon="113.94255999999999"><ele>29.5</ele><time>2025-11-13T07:09:56Z</time></trkpt><trkpt lat="22.276633333333333" lon="113.94258333333333"><ele>30.299999999999997</ele><time>2025-11-13T07:10:00Z</time></trkpt><trkpt lat="22.276653333333336" lon="113.94257333333334"><ele>30.9</ele><time>2025-11-13T07:10:04Z</time></trkpt><trkpt lat="22.27664666666667" lon="113.942555"><ele>31.299999999999997</ele><time>2025-11-13T07:10:07Z</time></trkpt><trkpt lat="22.27667" lon="113.94259166666667"><ele>31.1</ele><time>2025-11-13T07:10:34Z</time></trkpt><trkpt lat="22.27667666666667" lon="113.94261166666665"><ele>30.9</ele><time>2025-11-13T07:10:36Z</time></trkpt><trkpt lat="22.27665833333333" lon="113.94260333333335"><ele>30.699999999999996</ele><time>2025-11-13T07:10:54Z</time></trkpt><trkpt lat="22.276638333333334" lon="113.94258166666665"><ele>30.699999999999996</ele><time>2025-11-13T07:10:58Z</time></trkpt><trkpt lat="22.276638333333334" lon="113.942555"><ele>30.0</ele><time>2025-11-13T07:11:00Z</time></trkpt><trkpt lat="22.27664666666667" lon="113.94252999999999"><ele>30.4</ele><time>2025-11-13T07:11:03Z</time></trkpt><trkpt lat="22.276666666666664" lon="113.94251666666666"><ele>29.7</ele><time>2025-11-13T07:11:06Z</time></trkpt><trkpt lat="22.276683333333335" lon="113.942495"><ele>29.0</ele><time>2025-11-13T07:11:09Z</time></trkpt><trkpt lat="22.27669166666667" lon="113.94247333333333"><ele>28.4</ele><time>2025-11-13T07:11:12Z</time></trkpt><trkpt lat="22.27670666666667" lon="113.94245833333335"><ele>28.099999999999998</ele><time>2025-11-13T07:11:15Z</time></trkpt><trkpt lat="22.27671833333333" lon="113.94244333333333"><ele>27.599999999999998</ele><time>2025-11-13T07:11:17Z</time></trkpt><trkpt lat="22.276729999999997" lon="113.94242333333335"><ele>27.299999999999997</ele><time>2025-11-13T07:11:19Z</time></trkpt><trkpt lat="22.276735" lon="113.94239999999999"><ele>27.5</ele><time>2025-11-13T07:11:22Z</time></trkpt><trkpt lat="22.276743333333336" lon="113.94237999999999"><ele>28.0</ele><time>2025-11-13T07:11:25Z</time></trkpt><trkpt lat="22.276755" lon="113.94236500000001"><ele>28.099999999999998</ele><time>2025-11-13T07:11:27Z</time></trkpt><trkpt lat="22.27676666666667" lon="113.94234166666665"><ele>28.099999999999998</ele><time>2025-11-13T07:11:30Z</time></trkpt><trkpt lat="22.276776666666667" lon="113.94232166666667"><ele>28.4</ele><time>2025-11-13T07:11:32Z</time></trkpt><trkpt lat="22.276781666666672" lon="113.9423"><ele>28.7</ele><time>2025-11-13T07:11:34Z</time></trkpt><trkpt lat="22.27679333333333" lon="113.94228166666666"><ele>28.9</ele><time>2025-11-13T07:11:36Z</time></trkpt><trkpt lat="22.276803333333337" lon="113.942265"><ele>28.299999999999997</ele><time>2025-11-13T07:11:38Z</time></trkpt><trkpt lat="22.276803333333337" lon="113.94223666666667"><ele>28.299999999999997</ele><time>2025-11-13T07:11:40Z</time></trkpt><trkpt lat="22.276805" lon="113.942215"><ele>27.599999999999998</ele><time>2025-11-13T07:11:44Z</time></trkpt><trkpt lat="22.276816666666665" lon="113.94219833333334"><ele>26.9</ele><time>2025-11-13T07:11:55Z</time></trkpt><trkpt lat="22.276830000000004" lon="113.94217833333332"><ele>27.299999999999997</ele><time>2025-11-13T07:11:58Z</time></trkpt><trkpt lat="22.276841666666662" lon="113.94216"><ele>27.799999999999997</ele><time>2025-11-13T07:12:01Z</time></trkpt><trkpt lat="22.27685333333333" lon="113.94213833333333"><ele>28.2</ele><time>2025-11-13T07:12:04Z</time></trkpt><trkpt lat="22.27687166666666" lon="113.94212166666667"><ele>28.7</ele><time>2025-11-13T07:12:07Z</time></trkpt><trkpt lat="22.276885" lon="113.94210666666667"><ele>29.2</ele><time>2025-11-13T07:12:10Z</time></trkpt><trkpt lat="22.27689666666667" lon="113.94208666666667"><ele>29.9</ele><time>2025-11-13T07:12:13Z</time></trkpt><trkpt lat="22.276909999999997" lon="113.94206666666666"><ele>30.6</ele><time>2025-11-13T07:12:16Z</time></trkpt><trkpt lat="22.276925" lon="113.94205166666667"><ele>31.1</ele><time>2025-11-13T07:12:19Z</time></trkpt><trkpt lat="22.27693" lon="113.94202500000002"><ele>31.199999999999996</ele><time>2025-11-13T07:12:22Z</time></trkpt><trkpt lat="22.27694" lon="113.94200666666666"><ele>31.199999999999996</ele><time>2025-11-13T07:12:25Z</time></trkpt><trkpt lat="22.276953333333335" lon="113.94199333333333"><ele>31.299999999999997</ele><time>2025-11-13T07:12:28Z</time></trkpt><trkpt lat="22.276965000000004" lon="113.941975"><ele>31.1</ele><time>2025-11-13T07:12:31Z</time></trkpt><trkpt lat="22.276978333333332" lon="113.941955"><ele>30.9</ele><time>2025-11-13T07:12:34Z</time></trkpt><trkpt lat="22.27699" lon="113.94193500000002"><ele>31.199999999999996</ele><time>2025-11-13T07:12:37Z</time></trkpt><trkpt lat="22.277001666666667" lon="113.94191166666666"><ele>31.799999999999997</ele><time>2025-11-13T07:12:40Z</time></trkpt><trkpt lat="22.277013333333336" lon="113.94188666666666"><ele>31.9</ele><time>2025-11-13T07:12:43Z</time></trkpt><trkpt lat="22.277023333333332" lon="113.94186999999998"><ele>32.0</ele><time>2025-11-13T07:12:45Z</time></trkpt><trkpt lat="22.277038333333333" lon="113.941855"><ele>31.9</ele><time>2025-11-13T07:12:47Z</time></trkpt><trkpt lat="22.27704833333333" lon="113.94183166666666"><ele>31.4</ele><time>2025-11-13T07:12:50Z</time></trkpt><trkpt lat="22.277056666666667" lon="113.94181333333333"><ele>31.0</ele><time>2025-11-13T07:12:52Z</time></trkpt><trkpt lat="22.277068333333332" lon="113.94179000000001"><ele>30.799999999999997</ele><time>2025-11-13T07:12:56Z</time></trkpt><trkpt lat="22.277066666666663" lon="113.94176999999999"><ele>30.799999999999997</ele><time>2025-11-13T07:12:59Z</time></trkpt><trkpt lat="22.27706" lon="113.94174999999998"><ele>30.799999999999997</ele><time>2025-11-13T07:13:03Z</time></trkpt><trkpt lat="22.277053333333335" lon="113.94173166666666"><ele>30.0</ele><time>2025-11-13T07:13:07Z</time></trkpt><trkpt lat="22.277068333333332" lon="113.94171833333333"><ele>29.099999999999998</ele><time>2025-11-13T07:13:10Z</time></trkpt><trkpt lat="22.277081666666664" lon="113.94169500000001"><ele>28.599999999999998</ele><time>2025-11-13T07:13:22Z</time></trkpt><trkpt lat="22.277089999999998" lon="113.941675"><ele>28.4</ele><time>2025-11-13T07:13:25Z</time></trkpt><trkpt lat="22.277089999999998" lon="113.941655"><ele>28.299999999999997</ele><time>2025-11-13T07:13:28Z</time></trkpt><trkpt lat="22.277085000000003" lon="113.94163333333333"><ele>29.0</ele><time>2025-11-13T07:13:39Z</time></trkpt><trkpt lat="22.27710833333333" lon="113.94165"><ele>28.7</ele><time>2025-11-13T07:14:04Z</time></trkpt><trkpt lat="22.277116666666664" lon="113.94166833333333"><ele>28.599999999999998</ele><time>2025-11-13T07:14:07Z</time></trkpt><trkpt lat="22.27712166666667" lon="113.94168999999998"><ele>28.2</ele><time>2025-11-13T07:14:10Z</time></trkpt><trkpt lat="22.27714166666666" lon="113.94171"><ele>27.7</ele><time>2025-11-13T07:14:14Z</time></trkpt><trkpt lat="22.277155" lon="113.94172333333333"><ele>27.5</ele><time>2025-11-13T07:14:16Z</time></trkpt><trkpt lat="22.277173333333334" lon="113.94173833333335"><ele>26.7</ele><time>2025-11-13T07:14:20Z</time></trkpt><trkpt lat="22.277191666666667" lon="113.94174666666667"><ele>26.799999999999997</ele><time>2025-11-13T07:14:23Z</time></trkpt><trkpt lat="22.277215" lon="113.941745"><ele>26.599999999999998</ele><time>2025-11-13T07:14:25Z</time></trkpt><trkpt lat="22.277233333333335" lon="113.94174333333333"><ele>26.5</ele><time>2025-11-13T07:14:27Z</time></trkpt><trkpt lat="22.277253333333338" lon="113.94173333333335"><ele>26.599999999999998</ele><time>2025-11-13T07:14:30Z</time></trkpt><trkpt lat="22.277269999999998" lon="113.94171"><ele>27.099999999999998</ele><time>2025-11-13T07:14:33Z</time></trkpt><trkpt lat="22.277295000000002" lon="113.94171"><ele>25.599999999999998</ele><time>2025-11-13T07:14:41Z</time></trkpt><trkpt lat="22.277321666666662" lon="113.94170833333334"><ele>26.599999999999998</ele><time>2025-11-13T07:14:44Z</time></trkpt><trkpt lat="22.277340000000002" lon="113.94171"><ele>27.4</ele><time>2025-11-13T07:14:46Z</time></trkpt><trkpt lat="22.277361666666668" lon="113.94170666666666"><ele>27.799999999999997</ele><time>2025-11-13T07:14:48Z</time></trkpt><trkpt lat="22.277383333333333" lon="113.94170166666666"><ele>28.799999999999997</ele><time>2025-11-13T07:14:51Z</time></trkpt><trkpt lat="22.277404999999998" lon="113.94169333333333"><ele>29.599999999999998</ele><time>2025-11-13T07:14:54Z</time></trkpt><trkpt lat="22.277428333333333" lon="113.94168333333333"><ele>30.1</ele><time>2025-11-13T07:14:57Z</time></trkpt><trkpt lat="22.277446666666666" lon="113.94167999999999"><ele>30.699999999999996</ele><time>2025-11-13T07:14:59Z</time></trkpt><trkpt lat="22.27746666666667" lon="113.94167666666665"><ele>31.0</ele><time>2025-11-13T07:15:01Z</time></trkpt><trkpt lat="22.277489999999997" lon="113.94167"><ele>31.199999999999996</ele><time>2025-11-13T07:15:04Z</time></trkpt><trkpt lat="22.27751333333333" lon="113.94167"><ele>31.299999999999997</ele><time>2025-11-13T07:15:07Z</time></trkpt><trkpt lat="22.277536666666666" lon="113.94167833333334"><ele>31.6</ele><time>2025-11-13T07:15:10Z</time></trkpt><trkpt lat="22.27755833333333" lon="113.94167999999999"><ele>31.199999999999996</ele><time>2025-11-13T07:15:14Z</time></trkpt><trkpt lat="22.277576666666665" lon="113.94167666666665"><ele>31.1</ele><time>2025-11-13T07:15:17Z</time></trkpt><trkpt lat="22.2776" lon="113.94167333333334"><ele>30.799999999999997</ele><time>2025-11-13T07:15:20Z</time></trkpt><trkpt lat="22.277624999999997" lon="113.94167"><ele>30.799999999999997</ele><time>2025-11-13T07:15:22Z</time></trkpt><trkpt lat="22.277645" lon="113.94166166666668"><ele>30.6</ele><time>2025-11-13T07:15:24Z</time></trkpt><trkpt lat="22.277671666666667" lon="113.94165666666667"><ele>30.4</ele><time>2025-11-13T07:15:26Z</time></trkpt><trkpt lat="22.27769" lon="113.94165666666667"><ele>30.199999999999996</ele><time>2025-11-13T07:15:28Z</time></trkpt><trkpt lat="22.277713333333335" lon="113.94164666666666"><ele>30.0</ele><time>2025-11-13T07:15:30Z</time></trkpt><trkpt lat="22.277735" lon="113.94163833333332"><ele>29.5</ele><time>2025-11-13T07:15:33Z</time></trkpt><trkpt lat="22.277756666666665" lon="113.94162666666668"><ele>28.599999999999998</ele><time>2025-11-13T07:15:36Z</time></trkpt><trkpt lat="22.277776666666668" lon="113.94161833333334"><ele>27.299999999999997</ele><time>2025-11-13T07:15:40Z</time></trkpt><trkpt lat="22.27779666666667" lon="113.94160833333332"><ele>26.0</ele><time>2025-11-13T07:15:43Z</time></trkpt><trkpt lat="22.277818333333336" lon="113.94160666666667"><ele>25.5</ele><time>2025-11-13T07:15:45Z</time></trkpt><trkpt lat="22.27784" lon="113.94159166666668"><ele>24.9</ele><time>2025-11-13T07:15:47Z</time></trkpt><trkpt lat="22.277853333333336" lon="113.94157833333333"><ele>24.299999999999997</ele><time>2025-11-13T07:15:49Z</time></trkpt><trkpt lat="22.277878333333334" lon="113.94156999999998"><ele>23.7</ele><time>2025-11-13T07:15:52Z</time></trkpt><trkpt lat="22.277906666666663" lon="113.941565"><ele>22.799999999999997</ele><time>2025-11-13T07:15:56Z</time></trkpt><trkpt lat="22.27793" lon="113.94155500000001"><ele>21.9</ele><time>2025-11-13T07:15:59Z</time></trkpt><trkpt lat="22.277951666666663" lon="113.94154833333332"><ele>21.4</ele><time>2025-11-13T07:16:01Z</time></trkpt><trkpt lat="22.27797333333333" lon="113.94154666666667"><ele>20.799999999999997</ele><time>2025-11-13T07:16:03Z</time></trkpt><trkpt lat="22.277996666666663" lon="113.94153833333333"><ele>20.7</ele><time>2025-11-13T07:16:06Z</time></trkpt><trkpt lat="22.278014999999996" lon="113.94154333333333"><ele>21.599999999999998</ele><time>2025-11-13T07:16:15Z</time></trkpt><trkpt lat="22.27803333333333" lon="113.94153333333334"><ele>22.4</ele><time>2025-11-13T07:16:19Z</time></trkpt><trkpt lat="22.27805" lon="113.941525"><ele>22.799999999999997</ele><time>2025-11-13T07:16:22Z</time></trkpt><trkpt lat="22.278068333333334" lon="113.94151833333332"><ele>22.799999999999997</ele><time>2025-11-13T07:16:25Z</time></trkpt><trkpt lat="22.278085" lon="113.94150999999998"><ele>23.0</ele><time>2025-11-13T07:16:28Z</time></trkpt><trkpt lat="22.278106666666666" lon="113.94149333333334"><ele>23.5</ele><time>2025-11-13T07:16:31Z</time></trkpt><trkpt lat="22.278121666666667" lon="113.94147833333334"><ele>23.5</ele><time>2025-11-13T07:16:33Z</time></trkpt><trkpt lat="22.27813666666667" lon="113.94146500000001"><ele>23.599999999999998</ele><time>2025-11-13T07:16:35Z</time></trkpt><trkpt lat="22.27815666666667" lon="113.94144999999999"><ele>23.799999999999997</ele><time>2025-11-13T07:16:38Z</time></trkpt><trkpt lat="22.27817" lon="113.94143000000001"><ele>24.0</ele><time>2025-11-13T07:16:41Z</time></trkpt><trkpt lat="22.27818333333333" lon="113.94141499999999"><ele>24.5</ele><time>2025-11-13T07:16:44Z</time></trkpt><trkpt lat="22.27819833333333" lon="113.94139166666668"><ele>24.799999999999997</ele><time>2025-11-13T07:16:47Z</time></trkpt><trkpt lat="22.278215" lon="113.941365"><ele>24.799999999999997</ele><time>2025-11-13T07:16:50Z</time></trkpt><trkpt lat="22.27823166666667" lon="113.94135666666668"><ele>24.7</ele><time>2025-11-13T07:16:52Z</time></trkpt><trkpt lat="22.278248333333334" lon="113.94134000000001"><ele>24.7</ele><time>2025-11-13T07:16:55Z</time></trkpt><trkpt lat="22.27826" lon="113.94132499999999"><ele>24.599999999999998</ele><time>2025-11-13T07:16:57Z</time></trkpt><trkpt lat="22.27827666666667" lon="113.94130500000001"><ele>24.299999999999997</ele><time>2025-11-13T07:16:59Z</time></trkpt><trkpt lat="22.27828833333333" lon="113.94129"><ele>24.0</ele><time>2025-11-13T07:17:01Z</time></trkpt><trkpt lat="22.27830833333333" lon="113.94127666666667"><ele>23.9</ele><time>2025-11-13T07:17:03Z</time></trkpt><trkpt lat="22.278323333333333" lon="113.94125333333335"><ele>23.599999999999998</ele><time>2025-11-13T07:17:05Z</time></trkpt><trkpt lat="22.27833333333333" lon="113.94123666666668"><ele>23.299999999999997</ele><time>2025-11-13T07:17:07Z</time></trkpt><trkpt lat="22.278343333333336" lon="113.94121666666666"><ele>22.799999999999997</ele><time>2025-11-13T07:17:09Z</time></trkpt><trkpt lat="22.278356666666664" lon="113.94119666666666"><ele>22.2</ele><time>2025-11-13T07:17:11Z</time></trkpt><trkpt lat="22.278368333333333" lon="113.94117833333333"><ele>21.599999999999998</ele><time>2025-11-13T07:17:13Z</time></trkpt><trkpt lat="22.278374999999997" lon="113.94115500000001"><ele>21.0</ele><time>2025-11-13T07:17:16Z</time></trkpt><trkpt lat="22.278386666666666" lon="113.94113666666665"><ele>20.4</ele><time>2025-11-13T07:17:18Z</time></trkpt><trkpt lat="22.278401666666664" lon="113.94111833333334"><ele>20.0</ele><time>2025-11-13T07:17:21Z</time></trkpt><trkpt lat="22.27841" lon="113.94109666666667"><ele>19.5</ele><time>2025-11-13T07:17:23Z</time></trkpt><trkpt lat="22.278426666666665" lon="113.94108333333334"><ele>19.2</ele><time>2025-11-13T07:17:25Z</time></trkpt><trkpt lat="22.27844" lon="113.94106833333332"><ele>18.599999999999998</ele><time>2025-11-13T07:17:28Z</time></trkpt><trkpt lat="22.27845166666667" lon="113.94105166666668"><ele>18.099999999999998</ele><time>2025-11-13T07:17:30Z</time></trkpt><trkpt lat="22.27845333333333" lon="113.941025"><ele>18.5</ele><time>2025-11-13T07:17:42Z</time></trkpt><trkpt lat="22.278470000000002" lon="113.941005"><ele>18.799999999999997</ele><time>2025-11-13T07:17:45Z</time></trkpt><trkpt lat="22.27848333333333" lon="113.94098333333335"><ele>18.9</ele><time>2025-11-13T07:17:48Z</time></trkpt><trkpt lat="22.278491666666664" lon="113.94095999999999"><ele>18.9</ele><time>2025-11-13T07:17:51Z</time></trkpt><trkpt lat="22.27849833333333" lon="113.94093666666667"><ele>18.9</ele><time>2025-11-13T07:17:54Z</time></trkpt><trkpt lat="22.278506666666665" lon="113.94091833333331"><ele>18.5</ele><time>2025-11-13T07:17:57Z</time></trkpt><trkpt lat="22.278525" lon="113.94089833333334"><ele>18.4</ele><time>2025-11-13T07:18:00Z</time></trkpt><trkpt lat="22.27854333333333" lon="113.94087999999998"><ele>18.5</ele><time>2025-11-13T07:18:03Z</time></trkpt><trkpt lat="22.278556666666667" lon="113.94086"><ele>18.799999999999997</ele><time>2025-11-13T07:18:06Z</time></trkpt><trkpt lat="22.278571666666668" lon="113.94083833333335"><ele>19.2</ele><time>2025-11-13T07:18:09Z</time></trkpt><trkpt lat="22.278591666666664" lon="113.94082333333333"><ele>19.7</ele><time>2025-11-13T07:18:12Z</time></trkpt><trkpt lat="22.278608333333334" lon="113.94080833333334"><ele>20.0</ele><time>2025-11-13T07:18:15Z</time></trkpt><trkpt lat="22.278621666666663" lon="113.94079333333333"><ele>20.4</ele><time>2025-11-13T07:18:18Z</time></trkpt><trkpt lat="22.27863333333333" lon="113.940775"><ele>20.5</ele><time>2025-11-13T07:18:21Z</time></trkpt><trkpt lat="22.278646666666667" lon="113.94075333333333"><ele>20.2</ele><time>2025-11-13T07:18:24Z</time></trkpt><trkpt lat="22.278658333333336" lon="113.94072999999999"><ele>20.099999999999998</ele><time>2025-11-13T07:18:27Z</time></trkpt><trkpt lat="22.278673333333337" lon="113.94071166666666"><ele>19.7</ele><time>2025-11-13T07:18:32Z</time></trkpt><trkpt lat="22.278689999999997" lon="113.94069666666668"><ele>19.5</ele><time>2025-11-13T07:18:34Z</time></trkpt><trkpt lat="22.278705" lon="113.940685"><ele>19.299999999999997</ele><time>2025-11-13T07:18:36Z</time></trkpt><trkpt lat="22.278728333333333" lon="113.94066999999998"><ele>19.0</ele><time>2025-11-13T07:18:39Z</time></trkpt><trkpt lat="22.278745000000004" lon="113.94065833333335"><ele>19.0</ele><time>2025-11-13T07:18:41Z</time></trkpt><trkpt lat="22.278761666666664" lon="113.94064166666666"><ele>18.7</ele><time>2025-11-13T07:18:43Z</time></trkpt><trkpt lat="22.278781666666667" lon="113.940625"><ele>18.5</ele><time>2025-11-13T07:18:45Z</time></trkpt><trkpt lat="22.278795" lon="113.94061000000002"><ele>18.099999999999998</ele><time>2025-11-13T07:18:47Z</time></trkpt><trkpt lat="22.278806666666664" lon="113.94059166666666"><ele>17.799999999999997</ele><time>2025-11-13T07:18:49Z</time></trkpt><trkpt lat="22.27882833333333" lon="113.94058166666667"><ele>17.5</ele><time>2025-11-13T07:18:51Z</time></trkpt><trkpt lat="22.278848333333332" lon="113.940575"><ele>17.2</ele><time>2025-11-13T07:18:53Z</time></trkpt><trkpt lat="22.278863333333334" lon="113.94055833333331"><ele>16.599999999999998</ele><time>2025-11-13T07:18:56Z</time></trkpt><trkpt lat="22.278881666666667" lon="113.94055000000002"><ele>16.2</ele><time>2025-11-13T07:18:58Z</time></trkpt><trkpt lat="22.278908333333334" lon="113.94054"><ele>15.6</ele><time>2025-11-13T07:19:00Z</time></trkpt><trkpt lat="22.278926666666667" lon="113.94051666666668"><ele>14.500000000000002</ele><time>2025-11-13T07:19:03Z</time></trkpt><trkpt lat="22.278941666666665" lon="113.94049333333332"><ele>14.000000000000002</ele><time>2025-11-13T07:19:05Z</time></trkpt><trkpt lat="22.278951666666664" lon="113.94047166666665"><ele>13.700000000000001</ele><time>2025-11-13T07:19:07Z</time></trkpt><trkpt lat="22.27896333333333" lon="113.94045666666668"><ele>13.200000000000001</ele><time>2025-11-13T07:19:09Z</time></trkpt><trkpt lat="22.27898" lon="113.94044833333334"><ele>12.8</ele><time>2025-11-13T07:19:11Z</time></trkpt><trkpt lat="22.279003333333335" lon="113.94044000000001"><ele>12.6</ele><time>2025-11-13T07:19:13Z</time></trkpt><trkpt lat="22.279026666666663" lon="113.94043333333333"><ele>12.4</ele><time>2025-11-13T07:19:16Z</time></trkpt><trkpt lat="22.279041666666664" lon="113.94041999999999"><ele>11.8</ele><time>2025-11-13T07:19:18Z</time></trkpt><trkpt lat="22.279056666666666" lon="113.94039833333333"><ele>11.5</ele><time>2025-11-13T07:19:20Z</time></trkpt><trkpt lat="22.27907" lon="113.94038333333334"><ele>11.4</ele><time>2025-11-13T07:19:22Z</time></trkpt><trkpt lat="22.279086666666664" lon="113.94036833333332"><ele>11.1</ele><time>2025-11-13T07:19:24Z</time></trkpt><trkpt lat="22.279104999999998" lon="113.94035666666666"><ele>11.0</ele><time>2025-11-13T07:19:26Z</time></trkpt><trkpt lat="22.279130000000002" lon="113.94036499999999"><ele>10.8</ele><time>2025-11-13T07:19:28Z</time></trkpt><trkpt lat="22.27915666666667" lon="113.94037166666666"><ele>10.6</ele><time>2025-11-13T07:19:30Z</time></trkpt><trkpt lat="22.279175000000002" lon="113.94037333333333"><ele>10.4</ele><time>2025-11-13T07:19:32Z</time></trkpt><trkpt lat="22.27920333333333" lon="113.940375"><ele>10.8</ele><time>2025-11-13T07:19:35Z</time></trkpt><trkpt lat="22.279221666666665" lon="113.94036666666668"><ele>11.0</ele><time>2025-11-13T07:19:38Z</time></trkpt><trkpt lat="22.27923333333333" lon="113.94035166666666"><ele>11.1</ele><time>2025-11-13T07:19:40Z</time></trkpt><trkpt lat="22.27924833333333" lon="113.94034000000002"><ele>11.1</ele><time>2025-11-13T07:19:42Z</time></trkpt><trkpt lat="22.279265000000002" lon="113.94032666666665"><ele>11.3</ele><time>2025-11-13T07:19:45Z</time></trkpt><trkpt lat="22.279283333333336" lon="113.94031333333332"><ele>11.200000000000001</ele><time>2025-11-13T07:19:47Z</time></trkpt><trkpt lat="22.279310000000002" lon="113.94030166666668"><ele>11.3</ele><time>2025-11-13T07:19:49Z</time></trkpt><trkpt lat="22.279331666666668" lon="113.940305"><ele>11.9</ele><time>2025-11-13T07:19:51Z</time></trkpt><trkpt lat="22.27934833333334" lon="113.94031333333332"><ele>12.6</ele><time>2025-11-13T07:19:53Z</time></trkpt><trkpt lat="22.27936833333333" lon="113.94032"><ele>13.3</ele><time>2025-11-13T07:19:56Z</time></trkpt><trkpt lat="22.27938166666667" lon="113.94033333333333"><ele>13.4</ele><time>2025-11-13T07:19:59Z</time></trkpt><trkpt lat="22.279398333333333" lon="113.94034333333333"><ele>14.1</ele><time>2025-11-13T07:20:02Z</time></trkpt><trkpt lat="22.279416666666666" lon="113.94036166666667"><ele>14.6</ele><time>2025-11-13T07:20:05Z</time></trkpt><trkpt lat="22.279431666666664" lon="113.94038333333334"><ele>14.4</ele><time>2025-11-13T07:20:08Z</time></trkpt><trkpt lat="22.279449999999997" lon="113.94040333333332"><ele>14.299999999999999</ele><time>2025-11-13T07:20:11Z</time></trkpt><trkpt lat="22.279463333333336" lon="113.94042333333333"><ele>14.200000000000001</ele><time>2025-11-13T07:20:14Z</time></trkpt><trkpt lat="22.279476666666664" lon="113.94044666666666"><ele>14.500000000000002</ele><time>2025-11-13T07:20:17Z</time></trkpt><trkpt lat="22.279491666666665" lon="113.94046833333331"><ele>15.000000000000002</ele><time>2025-11-13T07:20:20Z</time></trkpt><trkpt lat="22.279506666666666" lon="113.940485"><ele>15.200000000000001</ele><time>2025-11-13T07:20:23Z</time></trkpt><trkpt lat="22.279518333333332" lon="113.94050166666666"><ele>15.000000000000002</ele><time>2025-11-13T07:20:26Z</time></trkpt><trkpt lat="22.279533333333333" lon="113.94051833333333"><ele>14.6</ele><time>2025-11-13T07:20:29Z</time></trkpt><trkpt lat="22.279555" lon="113.940535"><ele>13.8</ele><time>2025-11-13T07:20:32Z</time></trkpt><trkpt lat="22.279566666666664" lon="113.940555"><ele>13.1</ele><time>2025-11-13T07:20:36Z</time></trkpt><trkpt lat="22.279584999999997" lon="113.94056333333334"><ele>12.700000000000001</ele><time>2025-11-13T07:20:38Z</time></trkpt><trkpt lat="22.279601666666668" lon="113.940575"><ele>12.4</ele><time>2025-11-13T07:20:40Z</time></trkpt><trkpt lat="22.279614999999996" lon="113.94059166666666"><ele>12.200000000000001</ele><time>2025-11-13T07:20:42Z</time></trkpt><trkpt lat="22.279635" lon="113.94061000000002"><ele>11.9</ele><time>2025-11-13T07:20:45Z</time></trkpt><trkpt lat="22.27964833333333" lon="113.94063166666668"><ele>11.9</ele><time>2025-11-13T07:20:48Z</time></trkpt><trkpt lat="22.279665" lon="113.94064333333333"><ele>12.0</ele><time>2025-11-13T07:20:50Z</time></trkpt><trkpt lat="22.279685000000004" lon="113.94065166666665"><ele>11.9</ele><time>2025-11-13T07:20:52Z</time></trkpt><trkpt lat="22.279703333333334" lon="113.94066999999998"><ele>12.3</ele><time>2025-11-13T07:20:55Z</time></trkpt><trkpt lat="22.279718333333335" lon="113.94068333333334"><ele>12.3</ele><time>2025-11-13T07:20:57Z</time></trkpt><trkpt lat="22.279735" lon="113.94070333333333"><ele>12.4</ele><time>2025-11-13T07:21:00Z</time></trkpt><trkpt lat="22.279748333333334" lon="113.94072333333334"><ele>12.200000000000001</ele><time>2025-11-13T07:21:03Z</time></trkpt><trkpt lat="22.279761666666666" lon="113.94073833333331"><ele>12.1</ele><time>2025-11-13T07:21:05Z</time></trkpt><trkpt lat="22.279778333333336" lon="113.94075166666669"><ele>12.0</ele><time>2025-11-13T07:21:07Z</time></trkpt><trkpt lat="22.27979833333333" lon="113.94076166666667"><ele>11.9</ele><time>2025-11-13T07:21:09Z</time></trkpt><trkpt lat="22.279815" lon="113.94077333333334"><ele>11.9</ele><time>2025-11-13T07:21:11Z</time></trkpt><trkpt lat="22.27983166666667" lon="113.94078333333333"><ele>11.700000000000001</ele><time>2025-11-13T07:21:13Z</time></trkpt><trkpt lat="22.279854999999998" lon="113.94079500000001"><ele>11.6</ele><time>2025-11-13T07:21:16Z</time></trkpt><trkpt lat="22.27987" lon="113.94080666666666"><ele>11.8</ele><time>2025-11-13T07:21:18Z</time></trkpt><trkpt lat="22.27989" lon="113.94082166666666"><ele>11.6</ele><time>2025-11-13T07:21:21Z</time></trkpt><trkpt lat="22.279913333333337" lon="113.94083166666665"><ele>11.4</ele><time>2025-11-13T07:21:24Z</time></trkpt><trkpt lat="22.279935000000002" lon="113.94084666666667"><ele>11.8</ele><time>2025-11-13T07:21:27Z</time></trkpt><trkpt lat="22.279951666666662" lon="113.94083666666666"><ele>13.0</ele><time>2025-11-13T07:21:35Z</time></trkpt><trkpt lat="22.279970000000002" lon="113.94085333333332"><ele>14.1</ele><time>2025-11-13T07:21:42Z</time></trkpt><trkpt lat="22.27996333333333" lon="113.94087166666668"><ele>14.4</ele><time>2025-11-13T07:21:46Z</time></trkpt><trkpt lat="22.279926666666665" lon="113.94086"><ele>18.799999999999997</ele><time>2025-11-13T07:23:35Z</time></trkpt><trkpt lat="22.279910000000005" lon="113.94084333333333"><ele>19.099999999999998</ele><time>2025-11-13T07:23:38Z</time></trkpt><trkpt lat="22.27992" lon="113.94082666666667"><ele>19.7</ele><time>2025-11-13T07:23:41Z</time></trkpt><trkpt lat="22.279929999999997" lon="113.94080833333334"><ele>20.599999999999998</ele><time>2025-11-13T07:23:44Z</time></trkpt><trkpt lat="22.279929999999997" lon="113.94078666666668"><ele>21.0</ele><time>2025-11-13T07:23:46Z</time></trkpt><trkpt lat="22.279935000000002" lon="113.94076500000001"><ele>21.599999999999998</ele><time>2025-11-13T07:23:48Z</time></trkpt><trkpt lat="22.279946666666667" lon="113.94074666666666"><ele>22.0</ele><time>2025-11-13T07:23:50Z</time></trkpt><trkpt lat="22.279956666666667" lon="113.94072166666668"><ele>22.2</ele><time>2025-11-13T07:23:52Z</time></trkpt><trkpt lat="22.279970000000002" lon="113.94069833333333"><ele>22.7</ele><time>2025-11-13T07:23:54Z</time></trkpt><trkpt lat="22.279988333333336" lon="113.94068166666666"><ele>22.5</ele><time>2025-11-13T07:23:56Z</time></trkpt><trkpt lat="22.280000000000005" lon="113.94066333333333"><ele>22.299999999999997</ele><time>2025-11-13T07:23:58Z</time></trkpt><trkpt lat="22.280013333333333" lon="113.94063999999999"><ele>22.5</ele><time>2025-11-13T07:24:00Z</time></trkpt><trkpt lat="22.280025000000002" lon="113.94062000000001"><ele>22.9</ele><time>2025-11-13T07:24:02Z</time></trkpt><trkpt lat="22.28004" lon="113.94060833333333"><ele>23.2</ele><time>2025-11-13T07:24:04Z</time></trkpt><trkpt lat="22.280060000000002" lon="113.94059333333334"><ele>24.299999999999997</ele><time>2025-11-13T07:24:07Z</time></trkpt><trkpt lat="22.280081666666668" lon="113.94059"><ele>24.599999999999998</ele><time>2025-11-13T07:24:09Z</time></trkpt><trkpt lat="22.28009833333333" lon="113.94058166666667"><ele>24.5</ele><time>2025-11-13T07:24:11Z</time></trkpt><trkpt lat="22.28011333333333" lon="113.94057"><ele>24.0</ele><time>2025-11-13T07:24:14Z</time></trkpt><trkpt lat="22.28013" lon="113.94056"><ele>23.599999999999998</ele><time>2025-11-13T07:24:17Z</time></trkpt><trkpt lat="22.280151666666665" lon="113.94054833333333"><ele>22.799999999999997</ele><time>2025-11-13T07:24:20Z</time></trkpt><trkpt lat="22.280166666666666" lon="113.94053666666666"><ele>22.099999999999998</ele><time>2025-11-13T07:24:23Z</time></trkpt><trkpt lat="22.28018833333333" lon="113.94052333333333"><ele>21.599999999999998</ele><time>2025-11-13T07:24:27Z</time></trkpt><trkpt lat="22.280208333333334" lon="113.94050999999999"><ele>21.0</ele><time>2025-11-13T07:24:30Z</time></trkpt><trkpt lat="22.28023" lon="113.94049833333332"><ele>20.599999999999998</ele><time>2025-11-13T07:24:33Z</time></trkpt><trkpt lat="22.28024833333333" lon="113.94048333333333"><ele>20.2</ele><time>2025-11-13T07:24:36Z</time></trkpt><trkpt lat="22.280268333333332" lon="113.940465"><ele>19.7</ele><time>2025-11-13T07:24:39Z</time></trkpt><trkpt lat="22.280281666666664" lon="113.94045166666668"><ele>19.4</ele><time>2025-11-13T07:24:41Z</time></trkpt><trkpt lat="22.280295000000002" lon="113.94043833333332"><ele>19.0</ele><time>2025-11-13T07:24:43Z</time></trkpt><trkpt lat="22.28030833333333" lon="113.94041999999999"><ele>18.599999999999998</ele><time>2025-11-13T07:24:46Z</time></trkpt><trkpt lat="22.280325" lon="113.94040500000001"><ele>18.4</ele><time>2025-11-13T07:24:49Z</time></trkpt><trkpt lat="22.280340000000002" lon="113.94039333333333"><ele>18.2</ele><time>2025-11-13T07:24:52Z</time></trkpt><trkpt lat="22.280355" lon="113.94038166666665"><ele>17.9</ele><time>2025-11-13T07:24:55Z</time></trkpt><trkpt lat="22.280371666666664" lon="113.94036833333332"><ele>17.7</ele><time>2025-11-13T07:24:58Z</time></trkpt><trkpt lat="22.280390000000004" lon="113.940355"><ele>17.599999999999998</ele><time>2025-11-13T07:25:01Z</time></trkpt><trkpt lat="22.280408333333337" lon="113.94034333333333"><ele>17.5</ele><time>2025-11-13T07:25:04Z</time></trkpt><trkpt lat="22.280424999999997" lon="113.94033499999999"><ele>17.4</ele><time>2025-11-13T07:25:08Z</time></trkpt><trkpt lat="22.28044166666667" lon="113.940325"><ele>17.0</ele><time>2025-11-13T07:25:12Z</time></trkpt><trkpt lat="22.280458333333332" lon="113.94031333333332"><ele>16.4</ele><time>2025-11-13T07:25:16Z</time></trkpt><trkpt lat="22.280476666666665" lon="113.94030166666668"><ele>16.099999999999998</ele><time>2025-11-13T07:25:20Z</time></trkpt><trkpt lat="22.280498333333338" lon="113.94029333333334"><ele>15.700000000000001</ele><time>2025-11-13T07:25:24Z</time></trkpt><trkpt lat="22.28051833333333" lon="113.94028166666666"><ele>15.6</ele><time>2025-11-13T07:25:27Z</time></trkpt><trkpt lat="22.280541666666668" lon="113.94026666666666"><ele>15.4</ele><time>2025-11-13T07:25:30Z</time></trkpt><trkpt lat="22.280558333333335" lon="113.94025500000001"><ele>15.500000000000002</ele><time>2025-11-13T07:25:32Z</time></trkpt><trkpt lat="22.280573333333336" lon="113.94024166666668"><ele>15.500000000000002</ele><time>2025-11-13T07:25:34Z</time></trkpt><trkpt lat="22.280586666666668" lon="113.94022833333332"><ele>15.799999999999999</ele><time>2025-11-13T07:25:36Z</time></trkpt><trkpt lat="22.280596666666664" lon="113.94021166666668"><ele>16.0</ele><time>2025-11-13T07:25:38Z</time></trkpt><trkpt lat="22.280611666666665" lon="113.94018666666668"><ele>16.2</ele><time>2025-11-13T07:25:41Z</time></trkpt><trkpt lat="22.280629999999995" lon="113.94017166666666"><ele>16.799999999999997</ele><time>2025-11-13T07:25:45Z</time></trkpt><trkpt lat="22.280646666666666" lon="113.94015833333333"><ele>17.0</ele><time>2025-11-13T07:25:48Z</time></trkpt><trkpt lat="22.280665" lon="113.94014666666665"><ele>17.2</ele><time>2025-11-13T07:25:51Z</time></trkpt><trkpt lat="22.280685000000002" lon="113.94013166666667"><ele>17.599999999999998</ele><time>2025-11-13T07:25:55Z</time></trkpt><trkpt lat="22.280704999999998" lon="113.940115"><ele>17.9</ele><time>2025-11-13T07:25:58Z</time></trkpt><trkpt lat="22.280723333333338" lon="113.94010000000002"><ele>18.299999999999997</ele><time>2025-11-13T07:26:00Z</time></trkpt><trkpt lat="22.280734999999996" lon="113.94007666666667"><ele>18.7</ele><time>2025-11-13T07:26:03Z</time></trkpt><trkpt lat="22.280746666666666" lon="113.94006166666668"><ele>19.0</ele><time>2025-11-13T07:26:05Z</time></trkpt><trkpt lat="22.280761666666663" lon="113.94004500000001"><ele>19.4</ele><time>2025-11-13T07:26:08Z</time></trkpt><trkpt lat="22.280776666666664" lon="113.94003333333333"><ele>19.599999999999998</ele><time>2025-11-13T07:26:11Z</time></trkpt><trkpt lat="22.280796666666667" lon="113.94002"><ele>19.4</ele><time>2025-11-13T07:26:16Z</time></trkpt><trkpt lat="22.280815" lon="113.94000499999999"><ele>19.299999999999997</ele><time>2025-11-13T07:26:19Z</time></trkpt><trkpt lat="22.280828333333336" lon="113.93999000000001"><ele>19.4</ele><time>2025-11-13T07:26:21Z</time></trkpt><trkpt lat="22.280841666666667" lon="113.93997499999999"><ele>19.4</ele><time>2025-11-13T07:26:23Z</time></trkpt><trkpt lat="22.28085666666667" lon="113.93996"><ele>19.299999999999997</ele><time>2025-11-13T07:26:26Z</time></trkpt><trkpt lat="22.280869999999997" lon="113.939945"><ele>19.0</ele><time>2025-11-13T07:26:29Z</time></trkpt><trkpt lat="22.280884999999998" lon="113.939925"><ele>18.7</ele><time>2025-11-13T07:26:32Z</time></trkpt><trkpt lat="22.280899999999995" lon="113.93991"><ele>18.599999999999998</ele><time>2025-11-13T07:26:34Z</time></trkpt><trkpt lat="22.280916666666666" lon="113.93989333333333"><ele>18.4</ele><time>2025-11-13T07:26:36Z</time></trkpt><trkpt lat="22.280929999999998" lon="113.939875"><ele>18.299999999999997</ele><time>2025-11-13T07:26:38Z</time></trkpt><trkpt lat="22.28095166666667" lon="113.93985333333333"><ele>18.0</ele><time>2025-11-13T07:26:41Z</time></trkpt><trkpt lat="22.280971666666666" lon="113.93983666666666"><ele>17.799999999999997</ele><time>2025-11-13T07:26:44Z</time></trkpt><trkpt lat="22.280985" lon="113.93982333333334"><ele>17.599999999999998</ele><time>2025-11-13T07:26:46Z</time></trkpt><trkpt lat="22.280998333333333" lon="113.93981000000001"><ele>17.5</ele><time>2025-11-13T07:26:48Z</time></trkpt><trkpt lat="22.281018333333336" lon="113.93978999999999"><ele>17.4</ele><time>2025-11-13T07:26:51Z</time></trkpt><trkpt lat="22.28104" lon="113.93977333333332"><ele>17.2</ele><time>2025-11-13T07:26:54Z</time></trkpt><trkpt lat="22.28105833333333" lon="113.93975666666665"><ele>16.799999999999997</ele><time>2025-11-13T07:26:56Z</time></trkpt><trkpt lat="22.28107333333333" lon="113.939745"><ele>16.299999999999997</ele><time>2025-11-13T07:26:58Z</time></trkpt><trkpt lat="22.281088333333333" lon="113.93973333333334"><ele>16.0</ele><time>2025-11-13T07:27:00Z</time></trkpt><trkpt lat="22.28110333333333" lon="113.93971666666667"><ele>15.6</ele><time>2025-11-13T07:27:02Z</time></trkpt><trkpt lat="22.28112" lon="113.93969833333334"><ele>15.200000000000001</ele><time>2025-11-13T07:27:04Z</time></trkpt><trkpt lat="22.28113166666667" lon="113.93968000000001"><ele>14.4</ele><time>2025-11-13T07:27:07Z</time></trkpt><trkpt lat="22.281146666666668" lon="113.93965833333331"><ele>14.000000000000002</ele><time>2025-11-13T07:27:10Z</time></trkpt><trkpt lat="22.281166666666664" lon="113.93964166666667"><ele>13.4</ele><time>2025-11-13T07:27:12Z</time></trkpt><trkpt lat="22.281184999999997" lon="113.93961833333333"><ele>13.3</ele><time>2025-11-13T07:27:15Z</time></trkpt><trkpt lat="22.281195000000004" lon="113.93960166666666"><ele>13.200000000000001</ele><time>2025-11-13T07:27:17Z</time></trkpt><trkpt lat="22.28120333333333" lon="113.93957833333334"><ele>13.1</ele><time>2025-11-13T07:27:20Z</time></trkpt><trkpt lat="22.28121666666667" lon="113.939565"><ele>13.200000000000001</ele><time>2025-11-13T07:27:26Z</time></trkpt><trkpt lat="22.281226666666665" lon="113.93953833333335"><ele>13.200000000000001</ele><time>2025-11-13T07:27:29Z</time></trkpt><trkpt lat="22.281243333333336" lon="113.93952833333333"><ele>13.0</ele><time>2025-11-13T07:27:33Z</time></trkpt><trkpt lat="22.281258333333334" lon="113.93951666666665"><ele>12.8</ele><time>2025-11-13T07:27:35Z</time></trkpt><trkpt lat="22.281273333333335" lon="113.93950000000001"><ele>12.6</ele><time>2025-11-13T07:27:37Z</time></trkpt><trkpt lat="22.281286666666666" lon="113.93948166666665"><ele>12.3</ele><time>2025-11-13T07:27:40Z</time></trkpt><trkpt lat="22.281298333333332" lon="113.93946499999998"><ele>12.0</ele><time>2025-11-13T07:27:42Z</time></trkpt><trkpt lat="22.281316666666665" lon="113.93944833333335"><ele>11.3</ele><time>2025-11-13T07:27:45Z</time></trkpt><trkpt lat="22.281331666666667" lon="113.93943166666668"><ele>10.5</ele><time>2025-11-13T07:27:49Z</time></trkpt><trkpt lat="22.281349999999996" lon="113.93942"><ele>10.3</ele><time>2025-11-13T07:27:52Z</time></trkpt><trkpt lat="22.28136833333333" lon="113.93940666666667"><ele>10.1</ele><time>2025-11-13T07:27:54Z</time></trkpt><trkpt lat="22.281385" lon="113.939395"><ele>9.9</ele><time>2025-11-13T07:27:56Z</time></trkpt><trkpt lat="22.281409999999997" lon="113.93938333333332"><ele>9.700000000000001</ele><time>2025-11-13T07:28:00Z</time></trkpt><trkpt lat="22.28143166666667" lon="113.939365"><ele>9.200000000000001</ele><time>2025-11-13T07:28:02Z</time></trkpt><trkpt lat="22.281453333333335" lon="113.93934499999999"><ele>8.8</ele><time>2025-11-13T07:28:04Z</time></trkpt><trkpt lat="22.28147333333333" lon="113.93933166666666"><ele>8.4</ele><time>2025-11-13T07:28:06Z</time></trkpt><trkpt lat="22.281493333333334" lon="113.93930999999999"><ele>7.800000000000001</ele><time>2025-11-13T07:28:09Z</time></trkpt><trkpt lat="22.281513333333336" lon="113.93929333333332"><ele>7.5</ele><time>2025-11-13T07:28:11Z</time></trkpt><trkpt lat="22.281533333333332" lon="113.93928333333334"><ele>7.300000000000001</ele><time>2025-11-13T07:28:13Z</time></trkpt><trkpt lat="22.281555000000004" lon="113.93927000000001"><ele>6.9</ele><time>2025-11-13T07:28:16Z</time></trkpt><trkpt lat="22.281570000000002" lon="113.93925833333333"><ele>6.6</ele><time>2025-11-13T07:28:18Z</time></trkpt><trkpt lat="22.281586666666666" lon="113.93924833333334"><ele>6.200000000000001</ele><time>2025-11-13T07:28:20Z</time></trkpt><trkpt lat="22.28160666666667" lon="113.93923833333335"><ele>5.800000000000001</ele><time>2025-11-13T07:28:23Z</time></trkpt><trkpt lat="22.281623333333332" lon="113.939225"><ele>5.6</ele><time>2025-11-13T07:28:25Z</time></trkpt><trkpt lat="22.281641666666662" lon="113.93921166666665"><ele>5.300000000000001</ele><time>2025-11-13T07:28:27Z</time></trkpt><trkpt lat="22.281661666666665" lon="113.93919833333332"><ele>5.1</ele><time>2025-11-13T07:28:29Z</time></trkpt><trkpt lat="22.281679999999998" lon="113.93918666666666"><ele>4.9</ele><time>2025-11-13T07:28:31Z</time></trkpt><trkpt lat="22.281690000000005" lon="113.93916833333333"><ele>4.800000000000001</ele><time>2025-11-13T07:28:33Z</time></trkpt><trkpt lat="22.281705000000002" lon="113.93915"><ele>4.6</ele><time>2025-11-13T07:28:35Z</time></trkpt><trkpt lat="22.281720000000004" lon="113.93912999999999"><ele>4.5</ele><time>2025-11-13T07:28:37Z</time></trkpt><trkpt lat="22.281731666666662" lon="113.93911333333332"><ele>4.5</ele><time>2025-11-13T07:28:38Z</time></trkpt><trkpt lat="22.28174333333333" lon="113.939085"><ele>4.5</ele><time>2025-11-13T07:28:40Z</time></trkpt><trkpt lat="22.281754999999997" lon="113.93906833333334"><ele>4.199999999999999</ele><time>2025-11-13T07:28:43Z</time></trkpt><trkpt lat="22.281775" lon="113.93905500000001"><ele>3.8000000000000003</ele><time>2025-11-13T07:28:45Z</time></trkpt><trkpt lat="22.281791666666663" lon="113.93903999999999"><ele>3.4999999999999996</ele><time>2025-11-13T07:28:47Z</time></trkpt><trkpt lat="22.281803333333333" lon="113.939025"><ele>2.9999999999999996</ele><time>2025-11-13T07:28:50Z</time></trkpt><trkpt lat="22.28181833333333" lon="113.939005"><ele>2.6999999999999997</ele><time>2025-11-13T07:28:52Z</time></trkpt><trkpt lat="22.28183166666667" lon="113.93898833333333"><ele>2.3000000000000003</ele><time>2025-11-13T07:28:54Z</time></trkpt><trkpt lat="22.281851666666665" lon="113.93896166666667"><ele>2.3000000000000003</ele><time>2025-11-13T07:28:56Z</time></trkpt><trkpt lat="22.281865" lon="113.938945"><ele>2.1999999999999997</ele><time>2025-11-13T07:28:58Z</time></trkpt><trkpt lat="22.28187666666667" lon="113.93892166666667"><ele>2.1999999999999997</ele><time>2025-11-13T07:29:01Z</time></trkpt><trkpt lat="22.281888333333335" lon="113.93889666666668"><ele>2.9</ele><time>2025-11-13T07:29:03Z</time></trkpt><trkpt lat="22.281906666666668" lon="113.93888"><ele>3.4999999999999996</ele><time>2025-11-13T07:29:05Z</time></trkpt><trkpt lat="22.281928333333333" lon="113.93886666666667"><ele>4.6</ele><time>2025-11-13T07:29:07Z</time></trkpt><trkpt lat="22.281951666666668" lon="113.93885666666665"><ele>5.6</ele><time>2025-11-13T07:29:10Z</time></trkpt><trkpt lat="22.281963333333337" lon="113.93883666666667"><ele>5.5</ele><time>2025-11-13T07:29:12Z</time></trkpt><trkpt lat="22.281978333333335" lon="113.93881833333334"><ele>6.1</ele><time>2025-11-13T07:29:14Z</time></trkpt><trkpt lat="22.281993333333336" lon="113.93879333333334"><ele>7.1</ele><time>2025-11-13T07:29:16Z</time></trkpt><trkpt lat="22.28201" lon="113.93876999999999"><ele>6.800000000000001</ele><time>2025-11-13T07:29:18Z</time></trkpt><trkpt lat="22.282028333333333" lon="113.938755"><ele>6.9</ele><time>2025-11-13T07:29:20Z</time></trkpt><trkpt lat="22.282045" lon="113.93874"><ele>7.4</ele><time>2025-11-13T07:29:22Z</time></trkpt><trkpt lat="22.282063333333333" lon="113.93872333333333"><ele>7.800000000000001</ele><time>2025-11-13T07:29:24Z</time></trkpt><trkpt lat="22.282085" lon="113.93870833333334"><ele>8.4</ele><time>2025-11-13T07:29:26Z</time></trkpt><trkpt lat="22.282103333333332" lon="113.93869000000001"><ele>8.8</ele><time>2025-11-13T07:29:28Z</time></trkpt><trkpt lat="22.282121666666665" lon="113.938675"><ele>9.8</ele><time>2025-11-13T07:29:30Z</time></trkpt><trkpt lat="22.282136666666663" lon="113.93865833333332"><ele>11.1</ele><time>2025-11-13T07:29:32Z</time></trkpt><trkpt lat="22.282156666666666" lon="113.93864166666665"><ele>12.3</ele><time>2025-11-13T07:29:34Z</time></trkpt><trkpt lat="22.282171666666667" lon="113.93862499999999"><ele>13.200000000000001</ele><time>2025-11-13T07:29:36Z</time></trkpt><trkpt lat="22.282183333333332" lon="113.93860833333335"><ele>13.9</ele><time>2025-11-13T07:29:38Z</time></trkpt><trkpt lat="22.282199999999996" lon="113.93860000000001"><ele>14.299999999999999</ele><time>2025-11-13T07:29:40Z</time></trkpt><trkpt lat="22.28222166666667" lon="113.93858666666665"><ele>15.299999999999999</ele><time>2025-11-13T07:29:43Z</time></trkpt><trkpt lat="22.282243333333334" lon="113.93857333333332"><ele>15.799999999999999</ele><time>2025-11-13T07:29:46Z</time></trkpt><trkpt lat="22.282261666666667" lon="113.93855833333333"><ele>16.4</ele><time>2025-11-13T07:29:49Z</time></trkpt><trkpt lat="22.282278333333338" lon="113.93854000000002"><ele>16.599999999999998</ele><time>2025-11-13T07:29:52Z</time></trkpt><trkpt lat="22.282300000000003" lon="113.93852333333334"><ele>17.0</ele><time>2025-11-13T07:29:55Z</time></trkpt><trkpt lat="22.282323333333338" lon="113.93850833333333"><ele>17.0</ele><time>2025-11-13T07:29:58Z</time></trkpt><trkpt lat="22.282343333333333" lon="113.938495"><ele>17.0</ele><time>2025-11-13T07:30:01Z</time></trkpt><trkpt lat="22.282363333333333" lon="113.93848166666666"><ele>16.9</ele><time>2025-11-13T07:30:04Z</time></trkpt><trkpt lat="22.282379999999996" lon="113.93846"><ele>16.9</ele><time>2025-11-13T07:30:07Z</time></trkpt><trkpt lat="22.282393333333335" lon="113.93844499999999"><ele>16.7</ele><time>2025-11-13T07:30:09Z</time></trkpt><trkpt lat="22.282408333333333" lon="113.93842333333332"><ele>16.0</ele><time>2025-11-13T07:30:11Z</time></trkpt><trkpt lat="22.282421666666664" lon="113.93840666666668"><ele>15.4</ele><time>2025-11-13T07:30:13Z</time></trkpt><trkpt lat="22.282436666666666" lon="113.93839166666666"><ele>15.000000000000002</ele><time>2025-11-13T07:30:15Z</time></trkpt><trkpt lat="22.282454999999995" lon="113.93837333333335"><ele>14.700000000000001</ele><time>2025-11-13T07:30:17Z</time></trkpt><trkpt lat="22.282471666666666" lon="113.93835499999999"><ele>14.299999999999999</ele><time>2025-11-13T07:30:19Z</time></trkpt><trkpt lat="22.282488333333337" lon="113.93833500000001"><ele>13.5</ele><time>2025-11-13T07:30:21Z</time></trkpt><trkpt lat="22.282499999999995" lon="113.938315"><ele>13.1</ele><time>2025-11-13T07:30:23Z</time></trkpt><trkpt lat="22.282516666666666" lon="113.93829833333332"><ele>12.700000000000001</ele><time>2025-11-13T07:30:25Z</time></trkpt><trkpt lat="22.282543333333333" lon="113.93828666666668"><ele>12.200000000000001</ele><time>2025-11-13T07:30:28Z</time></trkpt><trkpt lat="22.282556666666665" lon="113.93827333333333"><ele>11.4</ele><time>2025-11-13T07:30:30Z</time></trkpt><trkpt lat="22.282570000000003" lon="113.93825666666667"><ele>11.1</ele><time>2025-11-13T07:30:32Z</time></trkpt><trkpt lat="22.282585" lon="113.93824333333332"><ele>10.6</ele><time>2025-11-13T07:30:34Z</time></trkpt><trkpt lat="22.282598333333333" lon="113.93822666666668"><ele>10.5</ele><time>2025-11-13T07:30:36Z</time></trkpt><trkpt lat="22.282615000000003" lon="113.93821000000001"><ele>10.3</ele><time>2025-11-13T07:30:38Z</time></trkpt><trkpt lat="22.28263666666667" lon="113.938195"><ele>9.8</ele><time>2025-11-13T07:30:41Z</time></trkpt><trkpt lat="22.282648333333334" lon="113.93817333333332"><ele>9.6</ele><time>2025-11-13T07:30:43Z</time></trkpt><trkpt lat="22.28265333333333" lon="113.93814499999999"><ele>8.9</ele><time>2025-11-13T07:30:45Z</time></trkpt><trkpt lat="22.282675" lon="113.938135"><ele>8.0</ele><time>2025-11-13T07:30:49Z</time></trkpt><trkpt lat="22.282694999999997" lon="113.93814333333333"><ele>7.800000000000001</ele><time>2025-11-13T07:30:51Z</time></trkpt><trkpt lat="22.282715" lon="113.93814833333333"><ele>8.0</ele><time>2025-11-13T07:30:53Z</time></trkpt><trkpt lat="22.282738333333334" lon="113.93815666666666"><ele>8.3</ele><time>2025-11-13T07:30:55Z</time></trkpt><trkpt lat="22.282765" lon="113.93816833333334"><ele>8.8</ele><time>2025-11-13T07:30:58Z</time></trkpt><trkpt lat="22.282781666666665" lon="113.93817666666668"><ele>9.200000000000001</ele><time>2025-11-13T07:31:00Z</time></trkpt><trkpt lat="22.282801666666668" lon="113.93817666666668"><ele>9.6</ele><time>2025-11-13T07:31:02Z</time></trkpt><trkpt lat="22.282825000000003" lon="113.93816999999999"><ele>10.4</ele><time>2025-11-13T07:31:04Z</time></trkpt><trkpt lat="22.282845" lon="113.93816"><ele>11.9</ele><time>2025-11-13T07:31:06Z</time></trkpt><trkpt lat="22.282865" lon="113.93815000000001"><ele>13.4</ele><time>2025-11-13T07:31:09Z</time></trkpt><trkpt lat="22.28287833333333" lon="113.93817833333333"><ele>13.3</ele><time>2025-11-13T07:31:13Z</time></trkpt><trkpt lat="22.282870000000003" lon="113.93820166666667"><ele>13.3</ele><time>2025-11-13T07:31:14Z</time></trkpt><trkpt lat="22.28286333333333" lon="113.93822833333334"><ele>12.9</ele><time>2025-11-13T07:31:16Z</time></trkpt><trkpt lat="22.282870000000003" lon="113.93825"><ele>12.5</ele><time>2025-11-13T07:31:18Z</time></trkpt><trkpt lat="22.28288" lon="113.93827166666667"><ele>11.6</ele><time>2025-11-13T07:31:20Z</time></trkpt><trkpt lat="22.282891666666668" lon="113.93830000000001"><ele>11.0</ele><time>2025-11-13T07:31:23Z</time></trkpt><trkpt lat="22.282901666666664" lon="113.93832666666667"><ele>10.1</ele><time>2025-11-13T07:31:25Z</time></trkpt><trkpt lat="22.28290833333333" lon="113.93835333333332"><ele>8.9</ele><time>2025-11-13T07:31:27Z</time></trkpt><trkpt lat="22.28290833333333" lon="113.93838166666667"><ele>7.9</ele><time>2025-11-13T07:31:29Z</time></trkpt><trkpt lat="22.282916666666665" lon="113.93840666666668"><ele>7.5</ele><time>2025-11-13T07:31:32Z</time></trkpt><trkpt lat="22.282933333333336" lon="113.93841833333333"><ele>7.5</ele><time>2025-11-13T07:31:35Z</time></trkpt><trkpt lat="22.28294" lon="113.9384"><ele>7.0</ele><time>2025-11-13T07:31:39Z</time></trkpt><trkpt lat="22.28293833333333" lon="113.93838"><ele>7.1</ele><time>2025-11-13T07:31:43Z</time></trkpt><trkpt lat="22.282931666666666" lon="113.93835833333333"><ele>7.6</ele><time>2025-11-13T07:31:47Z</time></trkpt><trkpt lat="22.282921666666667" lon="113.93833666666666"><ele>8.1</ele><time>2025-11-13T07:31:50Z</time></trkpt><trkpt lat="22.282904999999996" lon="113.93832666666667"><ele>8.6</ele><time>2025-11-13T07:31:53Z</time></trkpt><trkpt lat="22.282885000000004" lon="113.93832166666668"><ele>9.3</ele><time>2025-11-13T07:31:55Z</time></trkpt><trkpt lat="22.282870000000003" lon="113.93830166666666"><ele>10.0</ele><time>2025-11-13T07:31:57Z</time></trkpt><trkpt lat="22.282853333333332" lon="113.93828333333335"><ele>11.0</ele><time>2025-11-13T07:31:59Z</time></trkpt><trkpt lat="22.282856666666664" lon="113.93825166666666"><ele>10.4</ele><time>2025-11-13T07:32:00Z</time></trkpt><trkpt lat="22.28284833333333" lon="113.93822666666668"><ele>10.8</ele><time>2025-11-13T07:32:02Z</time></trkpt><trkpt lat="22.282845" lon="113.93820333333333"><ele>10.6</ele><time>2025-11-13T07:32:04Z</time></trkpt><trkpt lat="22.282826666666665" lon="113.93818666666667"><ele>11.3</ele><time>2025-11-13T07:32:06Z</time></trkpt><trkpt lat="22.282811666666664" lon="113.93816166666666"><ele>11.9</ele><time>2025-11-13T07:32:08Z</time></trkpt><trkpt lat="22.282799999999998" lon="113.93814333333333"><ele>12.4</ele><time>2025-11-13T07:32:10Z</time></trkpt><trkpt lat="22.28278833333333" lon="113.93811833333332"><ele>13.3</ele><time>2025-11-13T07:32:12Z</time></trkpt><trkpt lat="22.28279" lon="113.93809166666666"><ele>14.000000000000002</ele><time>2025-11-13T07:32:14Z</time></trkpt><trkpt lat="22.282786666666667" lon="113.93806166666667"><ele>15.200000000000001</ele><time>2025-11-13T07:32:16Z</time></trkpt><trkpt lat="22.282793333333334" lon="113.93804333333334"><ele>14.1</ele><time>2025-11-13T07:32:17Z</time></trkpt><trkpt lat="22.28280833333333" lon="113.938015"><ele>13.0</ele><time>2025-11-13T07:32:19Z</time></trkpt><trkpt lat="22.282823333333333" lon="113.93799666666668"><ele>12.4</ele><time>2025-11-13T07:32:21Z</time></trkpt><trkpt lat="22.282840000000004" lon="113.93797833333335"><ele>12.200000000000001</ele><time>2025-11-13T07:32:23Z</time></trkpt><trkpt lat="22.282853333333332" lon="113.93796333333333"><ele>11.8</ele><time>2025-11-13T07:32:25Z</time></trkpt><trkpt lat="22.282868333333333" lon="113.93793833333332"><ele>11.4</ele><time>2025-11-13T07:32:28Z</time></trkpt><trkpt lat="22.28288" lon="113.93792"><ele>11.1</ele><time>2025-11-13T07:32:30Z</time></trkpt><trkpt lat="22.282898333333332" lon="113.93789833333334"><ele>10.8</ele><time>2025-11-13T07:32:33Z</time></trkpt><trkpt lat="22.282916666666665" lon="113.93788333333332"><ele>10.3</ele><time>2025-11-13T07:32:36Z</time></trkpt><trkpt lat="22.282935" lon="113.93786833333334"><ele>9.9</ele><time>2025-11-13T07:32:39Z</time></trkpt><trkpt lat="22.28295666666667" lon="113.93785333333332"><ele>9.8</ele><time>2025-11-13T07:32:42Z</time></trkpt><trkpt lat="22.282975000000004" lon="113.93783833333333"><ele>9.5</ele><time>2025-11-13T07:32:45Z</time></trkpt><trkpt lat="22.282993333333334" lon="113.93782333333333"><ele>8.8</ele><time>2025-11-13T07:32:48Z</time></trkpt><trkpt lat="22.283008333333335" lon="113.93780666666667"><ele>8.4</ele><time>2025-11-13T07:32:51Z</time></trkpt><trkpt lat="22.283023333333336" lon="113.93779"><ele>8.5</ele><time>2025-11-13T07:32:54Z</time></trkpt><trkpt lat="22.283039999999996" lon="113.93777333333334"><ele>8.6</ele><time>2025-11-13T07:32:57Z</time></trkpt><trkpt lat="22.283056666666667" lon="113.93775833333332"><ele>8.5</ele><time>2025-11-13T07:33:00Z</time></trkpt><trkpt lat="22.28307333333333" lon="113.93774166666665"><ele>8.4</ele><time>2025-11-13T07:33:03Z</time></trkpt><trkpt lat="22.28308666666667" lon="113.93772833333333"><ele>8.3</ele><time>2025-11-13T07:33:05Z</time></trkpt><trkpt lat="22.283099999999997" lon="113.93771"><ele>8.700000000000001</ele><time>2025-11-13T07:33:07Z</time></trkpt><trkpt lat="22.28312" lon="113.93769499999999"><ele>8.6</ele><time>2025-11-13T07:33:10Z</time></trkpt><trkpt lat="22.283135" lon="113.93768166666665"><ele>8.700000000000001</ele><time>2025-11-13T07:33:12Z</time></trkpt><trkpt lat="22.28315" lon="113.93766333333333"><ele>8.9</ele><time>2025-11-13T07:33:15Z</time></trkpt><trkpt lat="22.283165" lon="113.93764666666667"><ele>9.1</ele><time>2025-11-13T07:33:18Z</time></trkpt><trkpt lat="22.28318" lon="113.93762833333334"><ele>9.200000000000001</ele><time>2025-11-13T07:33:21Z</time></trkpt><trkpt lat="22.283198333333335" lon="113.93761500000001"><ele>9.200000000000001</ele><time>2025-11-13T07:33:24Z</time></trkpt><trkpt lat="22.283216666666664" lon="113.93759833333334"><ele>9.200000000000001</ele><time>2025-11-13T07:33:27Z</time></trkpt><trkpt lat="22.283233333333335" lon="113.93758666666666"><ele>9.1</ele><time>2025-11-13T07:33:30Z</time></trkpt><trkpt lat="22.283246666666667" lon="113.93757166666667"><ele>8.9</ele><time>2025-11-13T07:33:33Z</time></trkpt><trkpt lat="22.283260000000002" lon="113.93755833333334"><ele>8.6</ele><time>2025-11-13T07:33:36Z</time></trkpt><trkpt lat="22.283278333333335" lon="113.93754499999999"><ele>8.3</ele><time>2025-11-13T07:33:39Z</time></trkpt><trkpt lat="22.283295" lon="113.937535"><ele>8.1</ele><time>2025-11-13T07:33:42Z</time></trkpt><trkpt lat="22.283313333333332" lon="113.93754499999999"><ele>8.1</ele><time>2025-11-13T07:33:53Z</time></trkpt><trkpt lat="22.283326666666667" lon="113.93753166666666"><ele>8.1</ele><time>2025-11-13T07:33:55Z</time></trkpt><trkpt lat="22.283338333333337" lon="113.93750999999999"><ele>8.3</ele><time>2025-11-13T07:33:57Z</time></trkpt><trkpt lat="22.283345" lon="113.93748666666667"><ele>8.200000000000001</ele><time>2025-11-13T07:33:59Z</time></trkpt><trkpt lat="22.283353333333334" lon="113.93746333333333"><ele>8.0</ele><time>2025-11-13T07:34:01Z</time></trkpt><trkpt lat="22.283366666666666" lon="113.93744999999998"><ele>7.6</ele><time>2025-11-13T07:34:04Z</time></trkpt><trkpt lat="22.283358333333332" lon="113.93742833333333"><ele>8.4</ele><time>2025-11-13T07:34:11Z</time></trkpt><trkpt lat="22.283345" lon="113.93740333333332"><ele>8.6</ele><time>2025-11-13T07:34:14Z</time></trkpt><trkpt lat="22.283338333333337" lon="113.93738499999999"><ele>8.6</ele><time>2025-11-13T07:34:16Z</time></trkpt><trkpt lat="22.28332833333333" lon="113.93736500000001"><ele>8.9</ele><time>2025-11-13T07:34:18Z</time></trkpt><trkpt lat="22.283324999999998" lon="113.93734333333332"><ele>9.200000000000001</ele><time>2025-11-13T07:34:20Z</time></trkpt><trkpt lat="22.283321666666666" lon="113.93732"><ele>9.8</ele><time>2025-11-13T07:34:22Z</time></trkpt><trkpt lat="22.283315" lon="113.93729499999999"><ele>10.3</ele><time>2025-11-13T07:34:25Z</time></trkpt><trkpt lat="22.283313333333332" lon="113.93727333333332"><ele>10.6</ele><time>2025-11-13T07:34:27Z</time></trkpt><trkpt lat="22.283318333333334" lon="113.93725333333332"><ele>10.4</ele><time>2025-11-13T07:34:29Z</time></trkpt><trkpt lat="22.283320000000003" lon="113.93723166666665"><ele>10.4</ele><time>2025-11-13T07:34:32Z</time></trkpt><trkpt lat="22.283326666666667" lon="113.93721333333333"><ele>10.5</ele><time>2025-11-13T07:34:34Z</time></trkpt><trkpt lat="22.283335000000005" lon="113.93719166666666"><ele>10.4</ele><time>2025-11-13T07:34:36Z</time></trkpt><trkpt lat="22.28334333333333" lon="113.93717166666666"><ele>10.4</ele><time>2025-11-13T07:34:39Z</time></trkpt><trkpt lat="22.28334166666667" lon="113.93715166666668"><ele>10.6</ele><time>2025-11-13T07:34:41Z</time></trkpt><trkpt lat="22.283335000000005" lon="113.93713333333332"><ele>10.6</ele><time>2025-11-13T07:34:43Z</time></trkpt><trkpt lat="22.283331666666662" lon="113.93711"><ele>10.700000000000001</ele><time>2025-11-13T07:34:45Z</time></trkpt><trkpt lat="22.283335000000005" lon="113.93708166666666"><ele>10.5</ele><time>2025-11-13T07:34:48Z</time></trkpt><trkpt lat="22.28334166666667" lon="113.93705333333334"><ele>10.3</ele><time>2025-11-13T07:34:51Z</time></trkpt><trkpt lat="22.283351666666665" lon="113.93703"><ele>10.4</ele><time>2025-11-13T07:34:54Z</time></trkpt><trkpt lat="22.283366666666666" lon="113.93701166666666"><ele>10.5</ele><time>2025-11-13T07:34:56Z</time></trkpt><trkpt lat="22.283369999999998" lon="113.93698666666666"><ele>10.4</ele><time>2025-11-13T07:34:58Z</time></trkpt><trkpt lat="22.283380000000005" lon="113.93696666666668"><ele>10.4</ele><time>2025-11-13T07:35:00Z</time></trkpt><trkpt lat="22.283385" lon="113.93694500000001"><ele>10.4</ele><time>2025-11-13T07:35:02Z</time></trkpt><trkpt lat="22.283391666666663" lon="113.93692333333333"><ele>10.1</ele><time>2025-11-13T07:35:04Z</time></trkpt><trkpt lat="22.283405000000002" lon="113.9369"><ele>9.4</ele><time>2025-11-13T07:35:07Z</time></trkpt><trkpt lat="22.283414999999998" lon="113.93688166666668"><ele>8.8</ele><time>2025-11-13T07:35:09Z</time></trkpt><trkpt lat="22.28343333333333" lon="113.93686166666666"><ele>8.4</ele><time>2025-11-13T07:35:12Z</time></trkpt><trkpt lat="22.283450000000002" lon="113.93684666666668"><ele>8.5</ele><time>2025-11-13T07:35:15Z</time></trkpt><trkpt lat="22.283461666666668" lon="113.93683000000001"><ele>8.6</ele><time>2025-11-13T07:35:18Z</time></trkpt><trkpt lat="22.28347833333333" lon="113.93680833333335"><ele>9.0</ele><time>2025-11-13T07:35:21Z</time></trkpt><trkpt lat="22.283498333333334" lon="113.93679166666668"><ele>9.1</ele><time>2025-11-13T07:35:23Z</time></trkpt><trkpt lat="22.283515000000005" lon="113.93677833333335"><ele>9.1</ele><time>2025-11-13T07:35:25Z</time></trkpt><trkpt lat="22.283531666666665" lon="113.93676666666667"><ele>9.4</ele><time>2025-11-13T07:35:27Z</time></trkpt><trkpt lat="22.283551666666668" lon="113.93675499999999"><ele>9.8</ele><time>2025-11-13T07:35:29Z</time></trkpt><trkpt lat="22.283573333333333" lon="113.93674666666666"><ele>10.0</ele><time>2025-11-13T07:35:31Z</time></trkpt><trkpt lat="22.283595" lon="113.93674666666666"><ele>9.8</ele><time>2025-11-13T07:35:33Z</time></trkpt><trkpt lat="22.28361333333333" lon="113.93673833333332"><ele>9.5</ele><time>2025-11-13T07:35:35Z</time></trkpt><trkpt lat="22.283631666666665" lon="113.93672833333333"><ele>9.0</ele><time>2025-11-13T07:35:37Z</time></trkpt><trkpt lat="22.283653333333337" lon="113.93672"><ele>8.3</ele><time>2025-11-13T07:35:39Z</time></trkpt><trkpt lat="22.283678333333334" lon="113.93671666666665"><ele>7.5</ele><time>2025-11-13T07:35:41Z</time></trkpt><trkpt lat="22.2837" lon="113.936715"><ele>6.6</ele><time>2025-11-13T07:35:43Z</time></trkpt><trkpt lat="22.283720000000002" lon="113.93670833333333"><ele>5.800000000000001</ele><time>2025-11-13T07:35:45Z</time></trkpt><trkpt lat="22.283743333333337" lon="113.93670500000002"><ele>5.300000000000001</ele><time>2025-11-13T07:35:47Z</time></trkpt><trkpt lat="22.283768333333335" lon="113.93670500000002"><ele>4.800000000000001</ele><time>2025-11-13T07:35:49Z</time></trkpt><trkpt lat="22.283788333333337" lon="113.93670666666667"><ele>4.199999999999999</ele><time>2025-11-13T07:35:51Z</time></trkpt><trkpt lat="22.28380666666667" lon="113.93670333333333"><ele>3.6999999999999997</ele><time>2025-11-13T07:35:53Z</time></trkpt><trkpt lat="22.283825" lon="113.93670333333333"><ele>3.4999999999999996</ele><time>2025-11-13T07:35:55Z</time></trkpt><trkpt lat="22.283844999999996" lon="113.93670333333333"><ele>3.3000000000000003</ele><time>2025-11-13T07:35:57Z</time></trkpt><trkpt lat="22.28386833333333" lon="113.93670166666668"><ele>3.1999999999999997</ele><time>2025-11-13T07:35:59Z</time></trkpt><trkpt lat="22.283889999999996" lon="113.93670333333333"><ele>3.1999999999999997</ele><time>2025-11-13T07:36:01Z</time></trkpt><trkpt lat="22.28391" lon="113.936695"><ele>3.4</ele><time>2025-11-13T07:36:03Z</time></trkpt><trkpt lat="22.283923333333338" lon="113.93668166666666"><ele>3.3000000000000003</ele><time>2025-11-13T07:36:05Z</time></trkpt><trkpt lat="22.283939999999998" lon="113.93666166666665"><ele>3.4</ele><time>2025-11-13T07:36:07Z</time></trkpt><trkpt lat="22.283955" lon="113.93663999999998"><ele>3.8000000000000003</ele><time>2025-11-13T07:36:09Z</time></trkpt><trkpt lat="22.283966666666668" lon="113.93661666666667"><ele>3.9</ele><time>2025-11-13T07:36:11Z</time></trkpt><trkpt lat="22.283981666666666" lon="113.93659333333332"><ele>4.6</ele><time>2025-11-13T07:36:13Z</time></trkpt><trkpt lat="22.283996666666667" lon="113.93657166666665"><ele>5.199999999999999</ele><time>2025-11-13T07:36:15Z</time></trkpt><trkpt lat="22.28401666666667" lon="113.93655666666668"><ele>5.800000000000001</ele><time>2025-11-13T07:36:17Z</time></trkpt><trkpt lat="22.284029999999998" lon="113.93654166666666"><ele>6.1</ele><time>2025-11-13T07:36:19Z</time></trkpt><trkpt lat="22.284045" lon="113.93652833333333"><ele>6.6</ele><time>2025-11-13T07:36:21Z</time></trkpt><trkpt lat="22.28406166666667" lon="113.93651833333334"><ele>6.5</ele><time>2025-11-13T07:36:23Z</time></trkpt><trkpt lat="22.284088333333337" lon="113.936505"><ele>6.5</ele><time>2025-11-13T07:36:26Z</time></trkpt><trkpt lat="22.284111666666664" lon="113.93650000000001"><ele>7.0</ele><time>2025-11-13T07:36:28Z</time></trkpt><trkpt lat="22.284135" lon="113.93649833333332"><ele>7.200000000000001</ele><time>2025-11-13T07:36:30Z</time></trkpt><trkpt lat="22.284155000000002" lon="113.93649166666667"><ele>7.0</ele><time>2025-11-13T07:36:32Z</time></trkpt><trkpt lat="22.284176666666667" lon="113.93649333333333"><ele>6.9</ele><time>2025-11-13T07:36:34Z</time></trkpt><trkpt lat="22.28419666666667" lon="113.93650666666666"><ele>6.300000000000001</ele><time>2025-11-13T07:36:36Z</time></trkpt><trkpt lat="22.284213333333334" lon="113.93651999999999"><ele>5.6</ele><time>2025-11-13T07:36:39Z</time></trkpt><trkpt lat="22.28423" lon="113.93654333333333"><ele>5.6</ele><time>2025-11-13T07:36:42Z</time></trkpt><trkpt lat="22.28423666666667" lon="113.93656166666666"><ele>5.6</ele><time>2025-11-13T07:36:45Z</time></trkpt><trkpt lat="22.28425333333333" lon="113.93658500000001"><ele>5.5</ele><time>2025-11-13T07:36:48Z</time></trkpt><trkpt lat="22.284264999999998" lon="113.9366"><ele>5.300000000000001</ele><time>2025-11-13T07:36:50Z</time></trkpt><trkpt lat="22.28428" lon="113.93661166666668"><ele>5.1</ele><time>2025-11-13T07:36:52Z</time></trkpt><trkpt lat="22.284299999999998" lon="113.93661166666668"><ele>5.0</ele><time>2025-11-13T07:36:54Z</time></trkpt><trkpt lat="22.284323333333337" lon="113.93659833333335"><ele>5.1</ele><time>2025-11-13T07:36:57Z</time></trkpt><trkpt lat="22.284339999999997" lon="113.93659000000001"><ele>5.4</ele><time>2025-11-13T07:36:59Z</time></trkpt><trkpt lat="22.284356666666667" lon="113.93657833333333"><ele>5.6</ele><time>2025-11-13T07:37:01Z</time></trkpt><trkpt lat="22.28437333333333" lon="113.93656166666666"><ele>5.699999999999999</ele><time>2025-11-13T07:37:04Z</time></trkpt><trkpt lat="22.284386666666666" lon="113.93654833333333"><ele>5.699999999999999</ele><time>2025-11-13T07:37:06Z</time></trkpt><trkpt lat="22.28441" lon="113.936535"><ele>6.300000000000001</ele><time>2025-11-13T07:37:09Z</time></trkpt><trkpt lat="22.284429999999997" lon="113.93652166666668"><ele>6.5</ele><time>2025-11-13T07:37:11Z</time></trkpt><trkpt lat="22.28445166666667" lon="113.936505"><ele>6.700000000000001</ele><time>2025-11-13T07:37:13Z</time></trkpt><trkpt lat="22.284470000000002" lon="113.93648499999999"><ele>6.5</ele><time>2025-11-13T07:37:15Z</time></trkpt><trkpt lat="22.284483333333334" lon="113.93646666666667"><ele>6.300000000000001</ele><time>2025-11-13T07:37:17Z</time></trkpt><trkpt lat="22.28449333333333" lon="113.93644666666665"><ele>6.0</ele><time>2025-11-13T07:37:19Z</time></trkpt><trkpt lat="22.2845" lon="113.93642833333334"><ele>5.9</ele><time>2025-11-13T07:37:21Z</time></trkpt><trkpt lat="22.28451" lon="113.93640833333332"><ele>5.699999999999999</ele><time>2025-11-13T07:37:23Z</time></trkpt><trkpt lat="22.284513333333333" lon="113.93638666666666"><ele>5.6</ele><time>2025-11-13T07:37:25Z</time></trkpt><trkpt lat="22.284519999999997" lon="113.93636333333333"><ele>5.1</ele><time>2025-11-13T07:37:27Z</time></trkpt><trkpt lat="22.284536666666668" lon="113.93634166666668"><ele>5.5</ele><time>2025-11-13T07:37:44Z</time></trkpt><trkpt lat="22.28455166666667" lon="113.93632333333335"><ele>5.4</ele><time>2025-11-13T07:37:46Z</time></trkpt><trkpt lat="22.28457" lon="113.93630666666668"><ele>5.199999999999999</ele><time>2025-11-13T07:37:48Z</time></trkpt><trkpt lat="22.284591666666664" lon="113.93629166666666"><ele>4.9</ele><time>2025-11-13T07:37:50Z</time></trkpt><trkpt lat="22.284608333333335" lon="113.93627166666666"><ele>5.199999999999999</ele><time>2025-11-13T07:37:53Z</time></trkpt><trkpt lat="22.284611666666667" lon="113.93625166666668"><ele>6.5</ele><time>2025-11-13T07:38:01Z</time></trkpt><trkpt lat="22.28463" lon="113.93624666666668"><ele>5.9</ele><time>2025-11-13T07:38:05Z</time></trkpt><trkpt lat="22.284648333333333" lon="113.93623333333335"><ele>5.5</ele><time>2025-11-13T07:38:08Z</time></trkpt><trkpt lat="22.28465833333333" lon="113.93621666666668"><ele>5.4</ele><time>2025-11-13T07:38:10Z</time></trkpt><trkpt lat="22.284666666666666" lon="113.93619500000001"><ele>5.300000000000001</ele><time>2025-11-13T07:38:12Z</time></trkpt><trkpt lat="22.28467333333333" lon="113.936175"><ele>5.4</ele><time>2025-11-13T07:38:14Z</time></trkpt><trkpt lat="22.284681666666664" lon="113.93615"><ele>5.6</ele><time>2025-11-13T07:38:16Z</time></trkpt><trkpt lat="22.28468666666667" lon="113.93612666666668"><ele>5.6</ele><time>2025-11-13T07:38:18Z</time></trkpt><trkpt lat="22.284696666666665" lon="113.93610333333332"><ele>5.300000000000001</ele><time>2025-11-13T07:38:20Z</time></trkpt><trkpt lat="22.28470666666666" lon="113.93608166666667"><ele>5.199999999999999</ele><time>2025-11-13T07:38:22Z</time></trkpt><trkpt lat="22.28471833333333" lon="113.936065"><ele>5.199999999999999</ele><time>2025-11-13T07:38:24Z</time></trkpt><trkpt lat="22.284713333333336" lon="113.93604500000001"><ele>4.7</ele><time>2025-11-13T07:38:28Z</time></trkpt><trkpt lat="22.28473" lon="113.93603499999999"><ele>4.7</ele><time>2025-11-13T07:38:33Z</time></trkpt><trkpt lat="22.284736666666664" lon="113.93600999999998"><ele>4.8</ele><time>2025-11-13T07:38:35Z</time></trkpt><trkpt lat="22.284743333333335" lon="113.93598833333333"><ele>4.2</ele><time>2025-11-13T07:38:37Z</time></trkpt><trkpt lat="22.284755000000004" lon="113.93596833333335"><ele>2.7</ele><time>2025-11-13T07:38:40Z</time></trkpt><trkpt lat="22.284766666666663" lon="113.93595333333333"><ele>1.8999999999999995</ele><time>2025-11-13T07:38:43Z</time></trkpt><trkpt lat="22.28478" lon="113.93593666666666"><ele>1.8999999999999995</ele><time>2025-11-13T07:38:51Z</time></trkpt><trkpt lat="22.284783333333333" lon="113.93590333333334"><ele>2.5</ele><time>2025-11-13T07:38:59Z</time></trkpt><trkpt lat="22.284789999999997" lon="113.93588166666665"><ele>2.2</ele><time>2025-11-13T07:39:03Z</time></trkpt><trkpt lat="22.284805" lon="113.935905"><ele>3.3</ele><time>2025-11-13T07:39:23Z</time></trkpt><trkpt lat="22.28484166666666" lon="113.93590333333334"><ele>3.2</ele><time>2025-11-13T07:39:32Z</time></trkpt><trkpt lat="22.284881666666667" lon="113.93593333333335"><ele>2.8</ele><time>2025-11-13T07:39:34Z</time></trkpt><trkpt lat="22.284913333333332" lon="113.93595666666667"><ele>2.7</ele><time>2025-11-13T07:39:35Z</time></trkpt><trkpt lat="22.28493166666666" lon="113.93597333333334"><ele>2.5999999999999996</ele><time>2025-11-13T07:39:36Z</time></trkpt><trkpt lat="22.28494" lon="113.935995"><ele>2.2</ele><time>2025-11-13T07:39:38Z</time></trkpt><trkpt lat="22.284918333333334" lon="113.93600166666666"><ele>1.6999999999999997</ele><time>2025-11-13T07:39:39Z</time></trkpt><trkpt lat="22.284901666666663" lon="113.93601833333332"><ele>1.4</ele><time>2025-11-13T07:39:40Z</time></trkpt><trkpt lat="22.284893333333336" lon="113.93604833333332"><ele>0.7999999999999998</ele><time>2025-11-13T07:39:42Z</time></trkpt><trkpt lat="22.284879999999998" lon="113.93607833333333"><ele>0.5</ele><time>2025-11-13T07:39:44Z</time></trkpt><trkpt lat="22.28488333333333" lon="113.93611333333335"><ele>0.5</ele><time>2025-11-13T07:39:46Z</time></trkpt><trkpt lat="22.28488666666666" lon="113.93613333333333"><ele>0.5</ele><time>2025-11-13T07:39:47Z</time></trkpt><trkpt lat="22.28488666666666" lon="113.93615833333334"><ele>0.2999999999999998</ele><time>2025-11-13T07:39:49Z</time></trkpt><trkpt lat="22.284908333333338" lon="113.93615666666668"><ele>0.19999999999999973</ele><time>2025-11-13T07:39:50Z</time></trkpt><trkpt lat="22.284933333333335" lon="113.93616166666668"><ele>0.2999999999999998</ele><time>2025-11-13T07:39:51Z</time></trkpt><trkpt lat="22.284968333333335" lon="113.93616166666668"><ele>0.3999999999999999</ele><time>2025-11-13T07:39:52Z</time></trkpt><trkpt lat="22.28494333333333" lon="113.93612333333334"><ele>0.19999999999999973</ele><time>2025-11-13T07:39:53Z</time></trkpt><trkpt lat="22.28493166666666" lon="113.93609833333333"><ele>0.19999999999999973</ele><time>2025-11-13T07:39:54Z</time></trkpt><trkpt lat="22.284905000000002" lon="113.93605666666666"><ele>0.3999999999999999</ele><time>2025-11-13T07:39:56Z</time></trkpt><trkpt lat="22.284890000000004" lon="113.93603499999999"><ele>0.3999999999999999</ele><time>2025-11-13T07:39:57Z</time></trkpt><trkpt lat="22.28487" lon="113.93600999999998"><ele>0.3999999999999999</ele><time>2025-11-13T07:39:58Z</time></trkpt><trkpt lat="22.284856666666663" lon="113.935995"><ele>0.5</ele><time>2025-11-13T07:39:59Z</time></trkpt><trkpt lat="22.284830000000003" lon="113.93597999999999"><ele>0.5</ele><time>2025-11-13T07:40:00Z</time></trkpt><trkpt lat="22.284811666666663" lon="113.93597999999999"><ele>0.5</ele><time>2025-11-13T07:40:01Z</time></trkpt><trkpt lat="22.284788333333335" lon="113.93597833333334"><ele>0.5</ele><time>2025-11-13T07:40:02Z</time></trkpt><trkpt lat="22.284783333333333" lon="113.93594166666665"><ele>0.3999999999999999</ele><time>2025-11-13T07:40:03Z</time></trkpt><trkpt lat="22.28476" lon="113.935915"><ele>0.2999999999999998</ele><time>2025-11-13T07:40:04Z</time></trkpt><trkpt lat="22.284728333333337" lon="113.93588999999999"><ele>0.19999999999999973</ele><time>2025-11-13T07:40:06Z</time></trkpt><trkpt lat="22.284753333333335" lon="113.93588"><ele>0.19999999999999973</ele><time>2025-11-13T07:40:13Z</time></trkpt><trkpt lat="22.284773333333337" lon="113.93587833333335"><ele>0.19999999999999973</ele><time>2025-11-13T07:40:14Z</time></trkpt><trkpt lat="22.28479333333333" lon="113.93587666666666"><ele>0.2999999999999998</ele><time>2025-11-13T07:40:15Z</time></trkpt><trkpt lat="22.284818333333337" lon="113.93588166666665"><ele>0.2999999999999998</ele><time>2025-11-13T07:40:16Z</time></trkpt><trkpt lat="22.284846666666667" lon="113.93589166666668"><ele>0.19999999999999973</ele><time>2025-11-13T07:40:18Z</time></trkpt><trkpt lat="22.284868333333332" lon="113.93591666666667"><ele>0.5999999999999996</ele><time>2025-11-13T07:40:21Z</time></trkpt><trkpt lat="22.284878333333335" lon="113.93594"><ele>0.5999999999999996</ele><time>2025-11-13T07:40:23Z</time></trkpt><trkpt lat="22.28489666666667" lon="113.93594"><ele>1.7999999999999998</ele><time>2025-11-13T07:40:32Z</time></trkpt><trkpt lat="22.284875000000003" lon="113.93593000000001"><ele>3.2</ele><time>2025-11-13T07:40:41Z</time></trkpt><trkpt lat="22.284856666666663" lon="113.93592666666667"><ele>3.5</ele><time>2025-11-13T07:40:44Z</time></trkpt><trkpt lat="22.284785000000003" lon="113.93590333333334"><ele>5.2</ele><time>2025-11-13T07:40:58Z</time></trkpt><trkpt lat="22.28477666666667" lon="113.93588333333334"><ele>5.1</ele><time>2025-11-13T07:41:00Z</time></trkpt><trkpt lat="22.284768333333332" lon="113.93590333333334"><ele>4.3</ele><time>2025-11-13T07:41:14Z</time></trkpt><trkpt lat="22.284753333333335" lon="113.935915"><ele>4.7</ele><time>2025-11-13T07:41:16Z</time></trkpt><trkpt lat="22.28473" lon="113.93591166666666"><ele>5.1</ele><time>2025-11-13T07:41:19Z</time></trkpt><trkpt lat="22.284716666666668" lon="113.93589833333333"><ele>5.7</ele><time>2025-11-13T07:41:22Z</time></trkpt><trkpt lat="22.284691666666664" lon="113.93589666666666"><ele>5.7</ele><time>2025-11-13T07:41:25Z</time></trkpt><trkpt lat="22.28467333333333" lon="113.93588833333334"><ele>5.6</ele><time>2025-11-13T07:41:27Z</time></trkpt><trkpt lat="22.284653333333335" lon="113.93588"><ele>5.5</ele><time>2025-11-13T07:41:29Z</time></trkpt><trkpt lat="22.28462833333333" lon="113.93587333333335"><ele>5.8999999999999995</ele><time>2025-11-13T07:41:31Z</time></trkpt><trkpt lat="22.284608333333335" lon="113.93587333333335"><ele>6.3</ele><time>2025-11-13T07:41:33Z</time></trkpt><trkpt lat="22.28458666666667" lon="113.93587666666666"><ele>6.499999999999999</ele><time>2025-11-13T07:41:35Z</time></trkpt><trkpt lat="22.28456833333333" lon="113.93586166666667"><ele>6.999999999999999</ele><time>2025-11-13T07:41:38Z</time></trkpt><trkpt lat="22.284548333333337" lon="113.93585999999999"><ele>6.999999999999999</ele><time>2025-11-13T07:41:40Z</time></trkpt><trkpt lat="22.284531666666666" lon="113.93585"><ele>6.7</ele><time>2025-11-13T07:41:42Z</time></trkpt><trkpt lat="22.28450833333333" lon="113.93584833333334"><ele>6.6000000000000005</ele><time>2025-11-13T07:41:45Z</time></trkpt><trkpt lat="22.284489999999998" lon="113.93585333333334"><ele>6.6000000000000005</ele><time>2025-11-13T07:41:49Z</time></trkpt><trkpt lat="22.284468333333333" lon="113.93585333333334"><ele>6.6000000000000005</ele><time>2025-11-13T07:41:57Z</time></trkpt><trkpt lat="22.284446666666668" lon="113.93584666666666"><ele>5.999999999999999</ele><time>2025-11-13T07:42:00Z</time></trkpt><trkpt lat="22.28442166666667" lon="113.93583666666667"><ele>5.3</ele><time>2025-11-13T07:42:03Z</time></trkpt><trkpt lat="22.284405" lon="113.93581666666665"><ele>5.1</ele><time>2025-11-13T07:42:05Z</time></trkpt><trkpt lat="22.284384999999997" lon="113.93580166666668"><ele>5.0</ele><time>2025-11-13T07:42:07Z</time></trkpt><trkpt lat="22.28436" lon="113.93578666666666"><ele>5.1</ele><time>2025-11-13T07:42:09Z</time></trkpt><trkpt lat="22.284338333333334" lon="113.93577333333333"><ele>5.1</ele><time>2025-11-13T07:42:11Z</time></trkpt><trkpt lat="22.284315" lon="113.93575833333334"><ele>5.5</ele><time>2025-11-13T07:42:13Z</time></trkpt><trkpt lat="22.28430166666667" lon="113.93573999999998"><ele>5.8</ele><time>2025-11-13T07:42:15Z</time></trkpt><trkpt lat="22.284288333333333" lon="113.935725"><ele>6.3999999999999995</ele><time>2025-11-13T07:42:18Z</time></trkpt><trkpt lat="22.28427333333333" lon="113.93570666666668"><ele>6.999999999999999</ele><time>2025-11-13T07:42:21Z</time></trkpt><trkpt lat="22.284260000000003" lon="113.93569333333335"><ele>7.1000000000000005</ele><time>2025-11-13T07:42:24Z</time></trkpt><trkpt lat="22.284245000000002" lon="113.93567333333334"><ele>7.1000000000000005</ele><time>2025-11-13T07:42:27Z</time></trkpt><trkpt lat="22.28422833333333" lon="113.935665"><ele>7.1000000000000005</ele><time>2025-11-13T07:42:32Z</time></trkpt><trkpt lat="22.284209999999998" lon="113.93564666666667"><ele>7.1000000000000005</ele><time>2025-11-13T07:42:35Z</time></trkpt><trkpt lat="22.28419166666667" lon="113.93566000000001"><ele>6.999999999999999</ele><time>2025-11-13T07:42:40Z</time></trkpt><trkpt lat="22.284171666666666" lon="113.93567666666668"><ele>6.7</ele><time>2025-11-13T07:42:46Z</time></trkpt><trkpt lat="22.284155000000002" lon="113.93569666666666"><ele>6.6000000000000005</ele><time>2025-11-13T07:42:48Z</time></trkpt><trkpt lat="22.284135" lon="113.93570999999999"><ele>6.499999999999999</ele><time>2025-11-13T07:42:50Z</time></trkpt><trkpt lat="22.284114999999996" lon="113.93571833333333"><ele>6.499999999999999</ele><time>2025-11-13T07:42:52Z</time></trkpt><trkpt lat="22.28409" lon="113.93572999999999"><ele>6.3999999999999995</ele><time>2025-11-13T07:42:54Z</time></trkpt><trkpt lat="22.284080000000003" lon="113.935755"><ele>6.3999999999999995</ele><time>2025-11-13T07:42:57Z</time></trkpt><trkpt lat="22.284096666666663" lon="113.93576666666668"><ele>6.3</ele><time>2025-11-13T07:43:01Z</time></trkpt><trkpt lat="22.284123333333334" lon="113.93576666666668"><ele>5.7</ele><time>2025-11-13T07:43:08Z</time></trkpt><trkpt lat="22.284164999999998" lon="113.93576333333334"><ele>5.6</ele><time>2025-11-13T07:43:11Z</time></trkpt><trkpt lat="22.284143333333336" lon="113.93576166666665"><ele>5.8</ele><time>2025-11-13T07:43:18Z</time></trkpt><trkpt lat="22.284119999999998" lon="113.935755"><ele>5.8</ele><time>2025-11-13T07:43:19Z</time></trkpt><trkpt lat="22.284103333333338" lon="113.93574500000001"><ele>5.3</ele><time>2025-11-13T07:43:21Z</time></trkpt><trkpt lat="22.284065000000002" lon="113.935735"><ele>5.3</ele><time>2025-11-13T07:43:23Z</time></trkpt><trkpt lat="22.284083333333335" lon="113.93571833333333"><ele>12.100000000000001</ele><time>2025-11-13T07:43:35Z</time></trkpt><trkpt lat="22.284053333333336" lon="113.93571500000002"><ele>13.3</ele><time>2025-11-13T07:43:44Z</time></trkpt><trkpt lat="22.284035000000003" lon="113.93570999999999"><ele>13.600000000000001</ele><time>2025-11-13T07:43:46Z</time></trkpt><trkpt lat="22.28401" lon="113.93570666666668"><ele>14.100000000000001</ele><time>2025-11-13T07:43:49Z</time></trkpt><trkpt lat="22.283979999999996" lon="113.93570666666668"><ele>14.5</ele><time>2025-11-13T07:43:51Z</time></trkpt><trkpt lat="22.283961666666663" lon="113.93570999999999"><ele>14.5</ele><time>2025-11-13T07:43:52Z</time></trkpt><trkpt lat="22.28393" lon="113.93571666666666"><ele>14.3</ele><time>2025-11-13T07:43:54Z</time></trkpt><trkpt lat="22.28391" lon="113.93572"><ele>14.100000000000001</ele><time>2025-11-13T07:43:55Z</time></trkpt><trkpt lat="22.283891666666666" lon="113.93572333333334"><ele>13.600000000000001</ele><time>2025-11-13T07:43:57Z</time></trkpt><trkpt lat="22.283885" lon="113.93570333333334"><ele>12.0</ele><time>2025-11-13T07:44:04Z</time></trkpt><trkpt lat="22.283871666666663" lon="113.935685"><ele>10.0</ele><time>2025-11-13T07:44:29Z</time></trkpt><trkpt lat="22.28385166666667" lon="113.93569333333335"><ele>9.2</ele><time>2025-11-13T07:44:34Z</time></trkpt><trkpt lat="22.283831666666668" lon="113.93566666666666"><ele>8.5</ele><time>2025-11-13T07:45:02Z</time></trkpt><trkpt lat="22.283813333333335" lon="113.93565500000001"><ele>7.8</ele><time>2025-11-13T07:45:05Z</time></trkpt><trkpt lat="22.283795" lon="113.93562833333333"><ele>6.8</ele><time>2025-11-13T07:45:08Z</time></trkpt><trkpt lat="22.283773333333336" lon="113.93561333333334"><ele>6.8</ele><time>2025-11-13T07:45:10Z</time></trkpt><trkpt lat="22.283751666666664" lon="113.93560833333335"><ele>6.999999999999999</ele><time>2025-11-13T07:45:12Z</time></trkpt><trkpt lat="22.283726666666666" lon="113.93559666666667"><ele>7.499999999999999</ele><time>2025-11-13T07:45:14Z</time></trkpt><trkpt lat="22.283706666666664" lon="113.93558166666665"><ele>7.8999999999999995</ele><time>2025-11-13T07:45:16Z</time></trkpt><trkpt lat="22.283686666666668" lon="113.93556833333332"><ele>8.5</ele><time>2025-11-13T07:45:18Z</time></trkpt><trkpt lat="22.283673333333333" lon="113.93555166666665"><ele>8.7</ele><time>2025-11-13T07:45:20Z</time></trkpt><trkpt lat="22.28365666666667" lon="113.93553666666666"><ele>8.899999999999999</ele><time>2025-11-13T07:45:22Z</time></trkpt><trkpt lat="22.283646666666662" lon="113.93551666666666"><ele>8.7</ele><time>2025-11-13T07:45:24Z</time></trkpt><trkpt lat="22.283628333333333" lon="113.93549333333334"><ele>8.8</ele><time>2025-11-13T07:45:26Z</time></trkpt><trkpt lat="22.283619999999996" lon="113.93547166666667"><ele>9.100000000000001</ele><time>2025-11-13T07:45:28Z</time></trkpt><trkpt lat="22.28361333333333" lon="113.93545166666667"><ele>9.5</ele><time>2025-11-13T07:45:30Z</time></trkpt><trkpt lat="22.283606666666667" lon="113.935425"><ele>9.7</ele><time>2025-11-13T07:45:33Z</time></trkpt><trkpt lat="22.283595" lon="113.93540166666668"><ele>9.2</ele><time>2025-11-13T07:45:36Z</time></trkpt><trkpt lat="22.283586666666665" lon="113.93538166666667"><ele>8.600000000000001</ele><time>2025-11-13T07:45:38Z</time></trkpt><trkpt lat="22.283576666666665" lon="113.93536333333334"><ele>8.2</ele><time>2025-11-13T07:45:40Z</time></trkpt><trkpt lat="22.28356666666667" lon="113.935345"><ele>7.8</ele><time>2025-11-13T07:45:42Z</time></trkpt><trkpt lat="22.28356478125" lon="113.93528979638671" /><trkpt lat="22.28343878125" lon="113.93496579638672" /><trkpt lat="22.283296395599056" lon="113.93459854529105" /><trkpt lat="22.283371860371474" lon="113.93459278184372" /><trkpt lat="22.283396463556286" lon="113.9346449544081" /><trkpt lat="22.28339379540151" lon="113.93477131193498" /><trkpt lat="22.283453857231294" lon="113.93500456281306" /><trkpt lat="22.28356478125" lon="113.93528979638671" /><trkpt lat="22.28365478125" lon="113.93552179638672" /><trkpt lat="22.28370078125" lon="113.93555479638673" /><trkpt lat="22.28393578125" lon="113.93563679638672" /><trkpt lat="22.28423778125" lon="113.93569379638672" /><trkpt lat="22.28433078125" lon="113.93578679638672" /><trkpt lat="22.28440778125" lon="113.93581779638671" /><trkpt lat="22.28447978125" lon="113.93581779638671" /><trkpt lat="22.28472178125" lon="113.93593379638672" /><trkpt lat="22.28473178125" lon="113.93589979638672" /><trkpt lat="22.28477878125" lon="113.93586879638671" /><trkpt lat="22.28484278125" lon="113.93576879638672" /><trkpt lat="22.28500478125" lon="113.93558779638671" /><trkpt lat="22.28515678125" lon="113.93567579638672" /><trkpt lat="22.28520478125" lon="113.93563279638671" /><trkpt lat="22.28521107939731" lon="113.93562625806757" /><trkpt lat="22.28523078125" lon="113.93560579638672" /><trkpt lat="22.28526078125" lon="113.93557179638672" /><trkpt lat="22.285578018634276" lon="113.93530691113871" /><trkpt lat="22.285611666666668" lon="113.93531833333333"><ele>-2.0</ele><time>2025-11-13T08:22:40Z</time></trkpt><trkpt lat="22.28562833333334" lon="113.935305"><ele>-1.8000000000000003</ele><time>2025-11-13T08:22:42Z</time></trkpt><trkpt lat="22.285639999999997" lon="113.93528666666667"><ele>-2.1</ele><time>2025-11-13T08:22:44Z</time></trkpt><trkpt lat="22.285655" lon="113.93527"><ele>-2.1</ele><time>2025-11-13T08:22:47Z</time></trkpt><trkpt lat="22.28567333333334" lon="113.93524666666666"><ele>-0.7000000000000002</ele><time>2025-11-13T08:23:00Z</time></trkpt><trkpt lat="22.28569" lon="113.935235"><ele>-0.7000000000000002</ele><time>2025-11-13T08:23:02Z</time></trkpt><trkpt lat="22.285716666666666" lon="113.93522499999999"><ele>-0.8000000000000003</ele><time>2025-11-13T08:23:05Z</time></trkpt><trkpt lat="22.28573666666667" lon="113.93522166666668"><ele>-0.7000000000000002</ele><time>2025-11-13T08:23:07Z</time></trkpt><trkpt lat="22.285755" lon="113.93521833333334"><ele>-0.6000000000000001</ele><time>2025-11-13T08:23:11Z</time></trkpt><trkpt lat="22.285774999999997" lon="113.935215"><ele>-0.8000000000000003</ele><time>2025-11-13T08:23:17Z</time></trkpt><trkpt lat="22.285800000000002" lon="113.93521333333335"><ele>-2.0</ele><time>2025-11-13T08:23:24Z</time></trkpt><trkpt lat="22.285819999999998" lon="113.93520833333332"><ele>-2.0</ele><time>2025-11-13T08:23:26Z</time></trkpt><trkpt lat="22.285848333333334" lon="113.93519666666667"><ele>-1.9000000000000001</ele><time>2025-11-13T08:23:29Z</time></trkpt><trkpt lat="22.285864999999998" lon="113.93516833333334"><ele>-1.2000000000000002</ele><time>2025-11-13T08:23:31Z</time></trkpt><trkpt lat="22.285878333333336" lon="113.935145"><ele>0.3999999999999999</ele><time>2025-11-13T08:23:33Z</time></trkpt><trkpt lat="22.285891666666664" lon="113.93513166666668"><ele>1.8999999999999995</ele><time>2025-11-13T08:23:35Z</time></trkpt><trkpt lat="22.28591333333333" lon="113.93511500000001"><ele>3.5999999999999996</ele><time>2025-11-13T08:23:38Z</time></trkpt><trkpt lat="22.285936666666665" lon="113.93510666666667"><ele>4.7</ele><time>2025-11-13T08:23:41Z</time></trkpt><trkpt lat="22.285956666666667" lon="113.93509333333334"><ele>5.1</ele><time>2025-11-13T08:23:43Z</time></trkpt><trkpt lat="22.28597333333333" lon="113.93507666666667"><ele>5.2</ele><time>2025-11-13T08:23:45Z</time></trkpt><trkpt lat="22.28599" lon="113.93505833333332"><ele>5.5</ele><time>2025-11-13T08:23:48Z</time></trkpt><trkpt lat="22.28600333333333" lon="113.93503666666666"><ele>5.8</ele><time>2025-11-13T08:23:51Z</time></trkpt><trkpt lat="22.28602166666667" lon="113.93501333333333"><ele>5.8999999999999995</ele><time>2025-11-13T08:23:54Z</time></trkpt><trkpt lat="22.286035000000002" lon="113.93499333333332"><ele>5.999999999999999</ele><time>2025-11-13T08:23:57Z</time></trkpt><trkpt lat="22.28604833333333" lon="113.934975"><ele>5.8</ele><time>2025-11-13T08:23:59Z</time></trkpt><trkpt lat="22.28606166666667" lon="113.93495166666668"><ele>4.8</ele><time>2025-11-13T08:24:02Z</time></trkpt><trkpt lat="22.286074999999997" lon="113.93493500000001"><ele>4.1</ele><time>2025-11-13T08:24:04Z</time></trkpt><trkpt lat="22.286095" lon="113.93492499999999"><ele>3.3999999999999995</ele><time>2025-11-13T08:24:06Z</time></trkpt><trkpt lat="22.28611166666667" lon="113.93491"><ele>2.8</ele><time>2025-11-13T08:24:09Z</time></trkpt><trkpt lat="22.286130000000004" lon="113.934895"><ele>2.3999999999999995</ele><time>2025-11-13T08:24:12Z</time></trkpt><trkpt lat="22.286145" lon="113.93488333333335"><ele>1.8999999999999995</ele><time>2025-11-13T08:24:14Z</time></trkpt><trkpt lat="22.286163333333334" lon="113.93487833333332"><ele>-4.800000000000001</ele><time>2025-11-13T08:24:29Z</time></trkpt><trkpt lat="22.286193333333337" lon="113.93486666666668"><ele>-5.2</ele><time>2025-11-13T08:24:31Z</time></trkpt><trkpt lat="22.286206666666665" lon="113.93485333333335"><ele>-5.2</ele><time>2025-11-13T08:24:32Z</time></trkpt><trkpt lat="22.286218333333334" lon="113.93483333333333"><ele>-4.800000000000001</ele><time>2025-11-13T08:24:34Z</time></trkpt><trkpt lat="22.28622833333333" lon="113.93481333333332"><ele>-3.6</ele><time>2025-11-13T08:24:38Z</time></trkpt><trkpt lat="22.286231666666662" lon="113.93478833333332"><ele>-2.1</ele><time>2025-11-13T08:24:41Z</time></trkpt><trkpt lat="22.286231666666662" lon="113.93476000000001"><ele>-0.40000000000000013</ele><time>2025-11-13T08:24:44Z</time></trkpt><trkpt lat="22.28622833333333" lon="113.93473999999999"><ele>0.6999999999999997</ele><time>2025-11-13T08:24:46Z</time></trkpt><trkpt lat="22.286216666666665" lon="113.93472500000001"><ele>2.3</ele><time>2025-11-13T08:24:51Z</time></trkpt><trkpt lat="22.286238333333337" lon="113.93470333333335"><ele>1.5</ele><time>2025-11-13T08:25:01Z</time></trkpt><trkpt lat="22.28624" lon="113.93467666666666"><ele>1.2999999999999998</ele><time>2025-11-13T08:25:04Z</time></trkpt><trkpt lat="22.28624" lon="113.93465499999999"><ele>1.0999999999999996</ele><time>2025-11-13T08:25:06Z</time></trkpt><trkpt lat="22.286248333333333" lon="113.93462666666667"><ele>0.8999999999999999</ele><time>2025-11-13T08:25:09Z</time></trkpt><trkpt lat="22.286248333333333" lon="113.93460666666667"><ele>0.7999999999999998</ele><time>2025-11-13T08:25:11Z</time></trkpt><trkpt lat="22.286253333333335" lon="113.934585"><ele>0.3999999999999999</ele><time>2025-11-13T08:25:14Z</time></trkpt><trkpt lat="22.286263333333334" lon="113.93456499999999"><ele>-0.20000000000000018</ele><time>2025-11-13T08:25:17Z</time></trkpt><trkpt lat="22.286271666666668" lon="113.93454666666666"><ele>-0.40000000000000013</ele><time>2025-11-13T08:25:19Z</time></trkpt><trkpt lat="22.286275" lon="113.93452"><ele>-0.5000000000000002</ele><time>2025-11-13T08:25:22Z</time></trkpt><trkpt lat="22.28628" lon="113.9345"><ele>-0.8000000000000003</ele><time>2025-11-13T08:25:24Z</time></trkpt><trkpt lat="22.286281666666664" lon="113.93447999999998"><ele>-1.2000000000000002</ele><time>2025-11-13T08:25:26Z</time></trkpt><trkpt lat="22.286283333333337" lon="113.93445166666667"><ele>-1.5000000000000002</ele><time>2025-11-13T08:25:29Z</time></trkpt><trkpt lat="22.28628833333333" lon="113.93442833333332"><ele>-2.0</ele><time>2025-11-13T08:25:32Z</time></trkpt><trkpt lat="22.286295000000003" lon="113.934405"><ele>-2.3000000000000003</ele><time>2025-11-13T08:25:35Z</time></trkpt><trkpt lat="22.286293333333333" lon="113.93437999999999"><ele>-2.6</ele><time>2025-11-13T08:25:38Z</time></trkpt><trkpt lat="22.286298333333335" lon="113.934345"><ele>-4.5</ele><time>2025-11-13T08:25:52Z</time></trkpt><trkpt lat="22.286299999999997" lon="113.93431833333334"><ele>-4.5</ele><time>2025-11-13T08:25:55Z</time></trkpt><trkpt lat="22.286311666666666" lon="113.93430166666667"><ele>-4.2</ele><time>2025-11-13T08:26:03Z</time></trkpt><trkpt lat="22.286313333333336" lon="113.93427833333332"><ele>-2.6</ele><time>2025-11-13T08:26:42Z</time></trkpt><trkpt lat="22.286291666666664" lon="113.93427000000001"><ele>-1.7000000000000002</ele><time>2025-11-13T08:26:46Z</time></trkpt><trkpt lat="22.286276666666662" lon="113.93428166666666"><ele>-1.3000000000000003</ele><time>2025-11-13T08:26:49Z</time></trkpt><trkpt lat="22.286260000000002" lon="113.93429333333333"><ele>-1.1</ele><time>2025-11-13T08:26:52Z</time></trkpt><trkpt lat="22.286254999999997" lon="113.93427000000001"><ele>-0.40000000000000013</ele><time>2025-11-13T08:27:00Z</time></trkpt><trkpt lat="22.286278333333332" lon="113.93426333333333"><ele>-0.9000000000000001</ele><time>2025-11-13T08:27:08Z</time></trkpt><trkpt lat="22.286293333333333" lon="113.934245"><ele>-0.8000000000000003</ele><time>2025-11-13T08:27:11Z</time></trkpt><trkpt lat="22.286306666666665" lon="113.934225"><ele>-0.8000000000000003</ele><time>2025-11-13T08:27:14Z</time></trkpt><trkpt lat="22.286311666666666" lon="113.93419833333334"><ele>-1.1</ele><time>2025-11-13T08:27:17Z</time></trkpt><trkpt lat="22.286315" lon="113.93417833333334"><ele>-1.3000000000000003</ele><time>2025-11-13T08:27:19Z</time></trkpt><trkpt lat="22.286315" lon="113.93415333333333"><ele>-1.3000000000000003</ele><time>2025-11-13T08:27:22Z</time></trkpt><trkpt lat="22.286321666666662" lon="113.934135"><ele>-1.1</ele><time>2025-11-13T08:27:25Z</time></trkpt><trkpt lat="22.286336666666664" lon="113.93411833333333"><ele>-0.7000000000000002</ele><time>2025-11-13T08:27:28Z</time></trkpt><trkpt lat="22.28634833333333" lon="113.93410166666666"><ele>-0.10000000000000009</ele><time>2025-11-13T08:27:32Z</time></trkpt><trkpt lat="22.286361666666668" lon="113.93412333333332"><ele>-0.40000000000000013</ele><time>2025-11-13T08:28:33Z</time></trkpt><trkpt lat="22.286350000000002" lon="113.93414499999999"><ele>-1.1</ele><time>2025-11-13T08:28:37Z</time></trkpt><trkpt lat="22.286346666666667" lon="113.934165"><ele>-1.7000000000000002</ele><time>2025-11-13T08:28:40Z</time></trkpt><trkpt lat="22.286361666666668" lon="113.93417666666667"><ele>-2.5</ele><time>2025-11-13T08:28:43Z</time></trkpt><trkpt lat="22.286343333333335" lon="113.93417333333333"><ele>-2.2</ele><time>2025-11-13T08:30:08Z</time></trkpt><trkpt lat="22.286335" lon="113.93419166666666"><ele>-2.2</ele><time>2025-11-13T08:30:11Z</time></trkpt><trkpt lat="22.28631833333333" lon="113.93421000000002"><ele>-2.3000000000000003</ele><time>2025-11-13T08:30:14Z</time></trkpt><trkpt lat="22.286310000000004" lon="113.93422833333334"><ele>-2.5</ele><time>2025-11-13T08:30:16Z</time></trkpt><trkpt lat="22.286305000000002" lon="113.93425166666665"><ele>-2.7</ele><time>2025-11-13T08:30:18Z</time></trkpt><trkpt lat="22.28630333333333" lon="113.93427166666667"><ele>-2.7</ele><time>2025-11-13T08:30:20Z</time></trkpt><trkpt lat="22.28630333333333" lon="113.93429499999999"><ele>-2.9000000000000004</ele><time>2025-11-13T08:30:22Z</time></trkpt><trkpt lat="22.286308333333334" lon="113.93432499999999"><ele>-3.1</ele><time>2025-11-13T08:30:25Z</time></trkpt><trkpt lat="22.286315" lon="113.93434833333335"><ele>-3.2</ele><time>2025-11-13T08:30:27Z</time></trkpt><trkpt lat="22.286316666666668" lon="113.93436833333332"><ele>-3.2</ele><time>2025-11-13T08:30:29Z</time></trkpt><trkpt lat="22.286311666666666" lon="113.93439166666667"><ele>-3.2</ele><time>2025-11-13T08:30:31Z</time></trkpt><trkpt lat="22.286301666666667" lon="113.93440833333334"><ele>-3.6</ele><time>2025-11-13T08:30:34Z</time></trkpt><trkpt lat="22.28628833333333" lon="113.93443333333335"><ele>-5.300000000000001</ele><time>2025-11-13T08:30:38Z</time></trkpt><trkpt lat="22.286281666666664" lon="113.93445333333332"><ele>-5.800000000000001</ele><time>2025-11-13T08:30:41Z</time></trkpt><trkpt lat="22.286275" lon="113.93447333333333"><ele>-6.1</ele><time>2025-11-13T08:30:44Z</time></trkpt><trkpt lat="22.28627333333333" lon="113.93449833333334"><ele>-6.1</ele><time>2025-11-13T08:30:47Z</time></trkpt><trkpt lat="22.28627333333333" lon="113.934525"><ele>-6.4</ele><time>2025-11-13T08:30:50Z</time></trkpt><trkpt lat="22.28627333333333" lon="113.93454833333332"><ele>-6.7</ele><time>2025-11-13T08:30:53Z</time></trkpt><trkpt lat="22.286271666666668" lon="113.93457166666667"><ele>-7.1000000000000005</ele><time>2025-11-13T08:30:55Z</time></trkpt><trkpt lat="22.286271666666668" lon="113.93459166666668"><ele>-7.4</ele><time>2025-11-13T08:30:57Z</time></trkpt><trkpt lat="22.286271666666668" lon="113.93461333333335"><ele>-7.4</ele><time>2025-11-13T08:30:59Z</time></trkpt><trkpt lat="22.286275" lon="113.93463666666666"><ele>-7.3</ele><time>2025-11-13T08:31:01Z</time></trkpt><trkpt lat="22.286275" lon="113.93465666666667"><ele>-7.0</ele><time>2025-11-13T08:31:03Z</time></trkpt><trkpt lat="22.28628" lon="113.93468"><ele>-6.7</ele><time>2025-11-13T08:31:05Z</time></trkpt><trkpt lat="22.286295000000003" lon="113.93470333333335"><ele>-6.0</ele><time>2025-11-13T08:31:08Z</time></trkpt><trkpt lat="22.286301666666667" lon="113.93472166666668"><ele>-5.6</ele><time>2025-11-13T08:31:10Z</time></trkpt><trkpt lat="22.286313333333336" lon="113.93473666666665"><ele>-5.0</ele><time>2025-11-13T08:31:12Z</time></trkpt><trkpt lat="22.28633333333333" lon="113.93474666666667"><ele>-3.5</ele><time>2025-11-13T08:31:15Z</time></trkpt><trkpt lat="22.286351666666665" lon="113.93475333333332"><ele>-2.2</ele><time>2025-11-13T08:31:17Z</time></trkpt><trkpt lat="22.28637" lon="113.93476000000001"><ele>-1.4000000000000001</ele><time>2025-11-13T08:31:19Z</time></trkpt><trkpt lat="22.286396666666665" lon="113.93476333333335"><ele>-0.40000000000000013</ele><time>2025-11-13T08:31:22Z</time></trkpt><trkpt lat="22.28641" lon="113.93477833333333"><ele>0.2999999999999998</ele><time>2025-11-13T08:31:25Z</time></trkpt><trkpt lat="22.286426666666664" lon="113.93478833333332"><ele>0.5</ele><time>2025-11-13T08:31:31Z</time></trkpt><trkpt lat="22.286434999999997" lon="113.93480666666667"><ele>0.2999999999999998</ele><time>2025-11-13T08:31:35Z</time></trkpt><trkpt lat="22.286443333333334" lon="113.93482666666665"><ele>0.2999999999999998</ele><time>2025-11-13T08:31:38Z</time></trkpt><trkpt lat="22.286428333333333" lon="113.93484333333332"><ele>0.09999999999999964</ele><time>2025-11-13T08:31:41Z</time></trkpt><trkpt lat="22.286406666666668" lon="113.93484666666667"><ele>0.0</ele><time>2025-11-13T08:31:43Z</time></trkpt><trkpt lat="22.286388333333335" lon="113.93484166666667"><ele>-0.10000000000000009</ele><time>2025-11-13T08:31:45Z</time></trkpt><trkpt lat="22.286368333333332" lon="113.93483999999998"><ele>-0.40000000000000013</ele><time>2025-11-13T08:31:47Z</time></trkpt><trkpt lat="22.286391666666667" lon="113.93483666666667"><ele>-1.9000000000000001</ele><time>2025-11-13T08:31:52Z</time></trkpt><trkpt lat="22.286413333333332" lon="113.93482666666665"><ele>-2.3000000000000003</ele><time>2025-11-13T08:31:54Z</time></trkpt><trkpt lat="22.286431666666665" lon="113.93482166666666"><ele>-3.0</ele><time>2025-11-13T08:31:57Z</time></trkpt><trkpt lat="22.286425" lon="113.93484500000001"><ele>-3.4000000000000004</ele><time>2025-11-13T08:32:00Z</time></trkpt><trkpt lat="22.286416666666664" lon="113.93486499999999"><ele>-3.6</ele><time>2025-11-13T08:32:03Z</time></trkpt><trkpt lat="22.286434999999997" lon="113.93486333333334"><ele>-3.8000000000000003</ele><time>2025-11-13T08:32:11Z</time></trkpt><trkpt lat="22.286428333333333" lon="113.93482166666666"><ele>9.399999999999999</ele><time>2025-11-13T08:33:04Z</time></trkpt><trkpt lat="22.286428333333333" lon="113.93486999999999"><ele>-3.2</ele><time>2025-11-13T08:33:05Z</time></trkpt><trkpt lat="22.28642333333333" lon="113.93489833333334"><ele>-9.4</ele><time>2025-11-13T08:33:06Z</time></trkpt><trkpt lat="22.286436666666667" lon="113.93488333333335"><ele>-8.3</ele><time>2025-11-13T08:33:08Z</time></trkpt><trkpt lat="22.286443333333334" lon="113.93486499999999"><ele>-5.4</ele><time>2025-11-13T08:33:12Z</time></trkpt><trkpt lat="22.286446666666667" lon="113.93484500000001"><ele>-2.5</ele><time>2025-11-13T08:33:14Z</time></trkpt><trkpt lat="22.28646" lon="113.9348"><ele>-1.5000000000000002</ele><time>2025-11-13T08:33:21Z</time></trkpt><trkpt lat="22.286479999999997" lon="113.93478333333333"><ele>-1.1</ele><time>2025-11-13T08:33:23Z</time></trkpt><trkpt lat="22.286501666666663" lon="113.93477666666668"><ele>-0.9000000000000001</ele><time>2025-11-13T08:33:25Z</time></trkpt><trkpt lat="22.286523333333335" lon="113.93477166666668"><ele>-1.6</ele><time>2025-11-13T08:33:27Z</time></trkpt><trkpt lat="22.28654166666667" lon="113.93476666666666"><ele>-1.9000000000000001</ele><time>2025-11-13T08:33:30Z</time></trkpt><trkpt lat="22.286566666666666" lon="113.93476833333334"><ele>-2.6</ele><time>2025-11-13T08:33:33Z</time></trkpt><trkpt lat="22.28658833333333" lon="113.93477666666668"><ele>-3.3000000000000003</ele><time>2025-11-13T08:33:36Z</time></trkpt><trkpt lat="22.286605" lon="113.93479333333335"><ele>-3.9000000000000004</ele><time>2025-11-13T08:33:39Z</time></trkpt><trkpt lat="22.286621666666665" lon="113.93480166666669"><ele>-4.4</ele><time>2025-11-13T08:33:42Z</time></trkpt><trkpt lat="22.286641666666664" lon="113.93481333333332"><ele>-4.5</ele><time>2025-11-13T08:33:45Z</time></trkpt><trkpt lat="22.286666666666665" lon="113.93481833333333"><ele>-4.7</ele><time>2025-11-13T08:33:48Z</time></trkpt><trkpt lat="22.28668" lon="113.93483499999999"><ele>-4.7</ele><time>2025-11-13T08:33:51Z</time></trkpt><trkpt lat="22.28669166666667" lon="113.93485333333335"><ele>-4.800000000000001</ele><time>2025-11-13T08:33:54Z</time></trkpt><trkpt lat="22.286703333333335" lon="113.93486833333333"><ele>-4.5</ele><time>2025-11-13T08:33:57Z</time></trkpt><trkpt lat="22.286716666666667" lon="113.934885"><ele>-4.2</ele><time>2025-11-13T08:34:00Z</time></trkpt><trkpt lat="22.286729999999995" lon="113.93490666666666"><ele>-4.0</ele><time>2025-11-13T08:34:03Z</time></trkpt><trkpt lat="22.286749999999998" lon="113.93492666666667"><ele>-3.6</ele><time>2025-11-13T08:34:06Z</time></trkpt><trkpt lat="22.286771666666663" lon="113.93493666666667"><ele>-3.2</ele><time>2025-11-13T08:34:09Z</time></trkpt><trkpt lat="22.286783333333332" lon="113.93495333333334"><ele>-2.8000000000000003</ele><time>2025-11-13T08:34:12Z</time></trkpt><trkpt lat="22.28679833333333" lon="113.93497333333335"><ele>-2.7</ele><time>2025-11-13T08:34:15Z</time></trkpt><trkpt lat="22.28681166666667" lon="113.93499166666668"><ele>-2.2</ele><time>2025-11-13T08:34:18Z</time></trkpt><trkpt lat="22.286831666666664" lon="113.935005"><ele>-1.7000000000000002</ele><time>2025-11-13T08:34:21Z</time></trkpt><trkpt lat="22.28685666666667" lon="113.93501833333333"><ele>-1.3000000000000003</ele><time>2025-11-13T08:34:24Z</time></trkpt><trkpt lat="22.286873333333332" lon="113.93503333333335"><ele>-0.9000000000000001</ele><time>2025-11-13T08:34:26Z</time></trkpt><trkpt lat="22.286890000000003" lon="113.93504333333334"><ele>-0.5000000000000002</ele><time>2025-11-13T08:34:28Z</time></trkpt><trkpt lat="22.28690333333333" lon="113.935065"><ele>-0.20000000000000018</ele><time>2025-11-13T08:34:31Z</time></trkpt><trkpt lat="22.286921666666665" lon="113.93508166666668"><ele>0.19999999999999973</ele><time>2025-11-13T08:34:34Z</time></trkpt><trkpt lat="22.286941666666667" lon="113.93509999999999"><ele>-0.20000000000000018</ele><time>2025-11-13T08:34:37Z</time></trkpt><trkpt lat="22.28696" lon="113.93511166666667"><ele>-0.40000000000000013</ele><time>2025-11-13T08:34:39Z</time></trkpt><trkpt lat="22.286980000000003" lon="113.93512166666666"><ele>-0.5000000000000002</ele><time>2025-11-13T08:34:41Z</time></trkpt><trkpt lat="22.286998333333333" lon="113.93512833333334"><ele>-0.5000000000000002</ele><time>2025-11-13T08:34:43Z</time></trkpt><trkpt lat="22.28702333333333" lon="113.93513333333334"><ele>-0.20000000000000018</ele><time>2025-11-13T08:34:46Z</time></trkpt><trkpt lat="22.287043333333333" lon="113.93513833333333"><ele>0.2999999999999998</ele><time>2025-11-13T08:34:48Z</time></trkpt><trkpt lat="22.287066666666668" lon="113.935145"><ele>0.8999999999999999</ele><time>2025-11-13T08:34:51Z</time></trkpt><trkpt lat="22.28708166666667" lon="113.93513333333334"><ele>1.5999999999999996</ele><time>2025-11-13T08:34:55Z</time></trkpt><trkpt lat="22.287106666666666" lon="113.93514833333332"><ele>5.3</ele><time>2025-11-13T08:35:05Z</time></trkpt><trkpt lat="22.28713" lon="113.935155"><ele>5.1</ele><time>2025-11-13T08:35:07Z</time></trkpt><trkpt lat="22.287149999999997" lon="113.93515833333335"><ele>5.3</ele><time>2025-11-13T08:35:09Z</time></trkpt><trkpt lat="22.287175" lon="113.93515833333335"><ele>5.7</ele><time>2025-11-13T08:35:12Z</time></trkpt><trkpt lat="22.287201666666668" lon="113.93516833333334"><ele>6.2</ele><time>2025-11-13T08:35:15Z</time></trkpt><trkpt lat="22.28722" lon="113.93517500000002"><ele>6.499999999999999</ele><time>2025-11-13T08:35:17Z</time></trkpt><trkpt lat="22.287241666666667" lon="113.93518"><ele>6.6000000000000005</ele><time>2025-11-13T08:35:19Z</time></trkpt><trkpt lat="22.287263333333332" lon="113.93518166666667"><ele>6.6000000000000005</ele><time>2025-11-13T08:35:21Z</time></trkpt><trkpt lat="22.287284999999997" lon="113.93518666666665"><ele>6.6000000000000005</ele><time>2025-11-13T08:35:23Z</time></trkpt><trkpt lat="22.28730666666667" lon="113.935195"><ele>6.7</ele><time>2025-11-13T08:35:25Z</time></trkpt><trkpt lat="22.287326666666665" lon="113.93520333333332"><ele>6.6000000000000005</ele><time>2025-11-13T08:35:27Z</time></trkpt><trkpt lat="22.287346666666668" lon="113.935215"><ele>6.1000000000000005</ele><time>2025-11-13T08:35:29Z</time></trkpt><trkpt lat="22.28736666666667" lon="113.93522333333334"><ele>5.8999999999999995</ele><time>2025-11-13T08:35:31Z</time></trkpt><trkpt lat="22.287385000000004" lon="113.93523333333333"><ele>5.8999999999999995</ele><time>2025-11-13T08:35:33Z</time></trkpt><trkpt lat="22.287401666666664" lon="113.935245"><ele>5.8999999999999995</ele><time>2025-11-13T08:35:35Z</time></trkpt><trkpt lat="22.287418333333335" lon="113.935255"><ele>5.999999999999999</ele><time>2025-11-13T08:35:37Z</time></trkpt><trkpt lat="22.287443333333332" lon="113.93526666666666"><ele>5.7</ele><time>2025-11-13T08:35:40Z</time></trkpt><trkpt lat="22.287464999999997" lon="113.93527833333334"><ele>5.6</ele><time>2025-11-13T08:35:43Z</time></trkpt><trkpt lat="22.287481666666668" lon="113.93529333333332"><ele>5.3999999999999995</ele><time>2025-11-13T08:35:45Z</time></trkpt><trkpt lat="22.287491666666664" lon="113.93531666666668"><ele>4.8999999999999995</ele><time>2025-11-13T08:35:48Z</time></trkpt><trkpt lat="22.287509999999997" lon="113.93533166666666"><ele>3.8</ele><time>2025-11-13T08:35:51Z</time></trkpt><trkpt lat="22.287521666666667" lon="113.93534666666667"><ele>2.8</ele><time>2025-11-13T08:35:53Z</time></trkpt><trkpt lat="22.287533333333332" lon="113.93536166666667"><ele>2.0</ele><time>2025-11-13T08:35:55Z</time></trkpt><trkpt lat="22.287545" lon="113.93538166666667"><ele>1.5999999999999996</ele><time>2025-11-13T08:35:58Z</time></trkpt><trkpt lat="22.28756" lon="113.9354"><ele>0.8999999999999999</ele><time>2025-11-13T08:36:01Z</time></trkpt><trkpt lat="22.287575" lon="113.935415"><ele>0.5999999999999996</ele><time>2025-11-13T08:36:03Z</time></trkpt><trkpt lat="22.28759166666667" lon="113.935435"><ele>0.8999999999999999</ele><time>2025-11-13T08:36:06Z</time></trkpt><trkpt lat="22.287605" lon="113.93545"><ele>1.0999999999999996</ele><time>2025-11-13T08:36:08Z</time></trkpt><trkpt lat="22.28761833333333" lon="113.93546666666667"><ele>1.0</ele><time>2025-11-13T08:36:10Z</time></trkpt><trkpt lat="22.287631666666666" lon="113.93548000000001"><ele>0.7999999999999998</ele><time>2025-11-13T08:36:12Z</time></trkpt><trkpt lat="22.287641666666666" lon="113.935505"><ele>0.0</ele><time>2025-11-13T08:36:15Z</time></trkpt><trkpt lat="22.287655000000004" lon="113.93552166666665"><ele>-0.7000000000000002</ele><time>2025-11-13T08:36:17Z</time></trkpt><trkpt lat="22.287668333333333" lon="113.93553666666666"><ele>-1.5000000000000002</ele><time>2025-11-13T08:36:19Z</time></trkpt><trkpt lat="22.287685000000003" lon="113.93555833333333"><ele>-2.4000000000000004</ele><time>2025-11-13T08:36:22Z</time></trkpt><trkpt lat="22.287703333333337" lon="113.93557666666666"><ele>-2.7</ele><time>2025-11-13T08:36:25Z</time></trkpt><trkpt lat="22.287716666666665" lon="113.93559333333333"><ele>-2.7</ele><time>2025-11-13T08:36:27Z</time></trkpt><trkpt lat="22.287728333333334" lon="113.93561166666665"><ele>-2.8000000000000003</ele><time>2025-11-13T08:36:29Z</time></trkpt><trkpt lat="22.28774" lon="113.93563"><ele>-2.9000000000000004</ele><time>2025-11-13T08:36:31Z</time></trkpt><trkpt lat="22.28775333333333" lon="113.93564833333333"><ele>-2.8000000000000003</ele><time>2025-11-13T08:36:33Z</time></trkpt><trkpt lat="22.28776833333333" lon="113.93566833333334"><ele>-3.0</ele><time>2025-11-13T08:36:35Z</time></trkpt><trkpt lat="22.287779999999998" lon="113.93568833333332"><ele>-3.2</ele><time>2025-11-13T08:36:37Z</time></trkpt><trkpt lat="22.28779833333333" lon="113.93570666666668"><ele>-2.8000000000000003</ele><time>2025-11-13T08:36:39Z</time></trkpt><trkpt lat="22.287816666666664" lon="113.93572333333334"><ele>-2.4000000000000004</ele><time>2025-11-13T08:36:41Z</time></trkpt><trkpt lat="22.287835000000005" lon="113.93573999999998"><ele>-1.9000000000000001</ele><time>2025-11-13T08:36:43Z</time></trkpt><trkpt lat="22.287845" lon="113.93576833333333"><ele>-2.2</ele><time>2025-11-13T08:36:46Z</time></trkpt><trkpt lat="22.287854999999997" lon="113.93578833333335"><ele>-2.1</ele><time>2025-11-13T08:36:48Z</time></trkpt><trkpt lat="22.287875" lon="113.93580333333333"><ele>-2.0</ele><time>2025-11-13T08:36:50Z</time></trkpt><trkpt lat="22.287895000000002" lon="113.93581999999999"><ele>-2.0</ele><time>2025-11-13T08:36:52Z</time></trkpt><trkpt lat="22.287913333333336" lon="113.93583500000001"><ele>-2.2</ele><time>2025-11-13T08:36:54Z</time></trkpt><trkpt lat="22.28793" lon="113.93585333333334"><ele>-2.5</ele><time>2025-11-13T08:36:56Z</time></trkpt><trkpt lat="22.287943333333335" lon="113.93587000000001"><ele>-2.8000000000000003</ele><time>2025-11-13T08:36:58Z</time></trkpt><trkpt lat="22.28796333333333" lon="113.93588333333334"><ele>-2.7</ele><time>2025-11-13T08:37:00Z</time></trkpt><trkpt lat="22.287983333333333" lon="113.93589666666666"><ele>-2.5</ele><time>2025-11-13T08:37:02Z</time></trkpt><trkpt lat="22.288000000000004" lon="113.93590666666665"><ele>-2.3000000000000003</ele><time>2025-11-13T08:37:04Z</time></trkpt><trkpt lat="22.288013333333332" lon="113.93592166666667"><ele>-1.9000000000000001</ele><time>2025-11-13T08:37:06Z</time></trkpt><trkpt lat="22.288030000000003" lon="113.93593666666666"><ele>-1.7000000000000002</ele><time>2025-11-13T08:37:09Z</time></trkpt><trkpt lat="22.288043333333334" lon="113.93594999999999"><ele>-2.0</ele><time>2025-11-13T08:37:11Z</time></trkpt><trkpt lat="22.288061666666668" lon="113.93597"><ele>-2.3000000000000003</ele><time>2025-11-13T08:37:14Z</time></trkpt><trkpt lat="22.288085000000002" lon="113.93598666666666"><ele>-2.3000000000000003</ele><time>2025-11-13T08:37:17Z</time></trkpt><trkpt lat="22.2881" lon="113.93600166666666"><ele>-2.4000000000000004</ele><time>2025-11-13T08:37:19Z</time></trkpt><trkpt lat="22.288120000000003" lon="113.93602166666666"><ele>-2.5</ele><time>2025-11-13T08:37:22Z</time></trkpt><trkpt lat="22.288130000000002" lon="113.93603833333333"><ele>-2.7</ele><time>2025-11-13T08:37:24Z</time></trkpt><trkpt lat="22.288145" lon="113.93606"><ele>-2.9000000000000004</ele><time>2025-11-13T08:37:27Z</time></trkpt><trkpt lat="22.28816" lon="113.93608166666667"><ele>-3.1</ele><time>2025-11-13T08:37:30Z</time></trkpt><trkpt lat="22.288178333333335" lon="113.93609666666667"><ele>-3.3000000000000003</ele><time>2025-11-13T08:37:33Z</time></trkpt><trkpt lat="22.288195000000005" lon="113.93610666666667"><ele>-3.6</ele><time>2025-11-13T08:37:35Z</time></trkpt><trkpt lat="22.288210000000003" lon="113.93611833333334"><ele>-3.8000000000000003</ele><time>2025-11-13T08:37:37Z</time></trkpt><trkpt lat="22.288226666666667" lon="113.93612833333333"><ele>-4.1</ele><time>2025-11-13T08:37:39Z</time></trkpt><trkpt lat="22.288240000000005" lon="113.93615"><ele>-4.6</ele><time>2025-11-13T08:37:42Z</time></trkpt><trkpt lat="22.288255000000003" lon="113.93617333333334"><ele>-5.1</ele><time>2025-11-13T08:37:45Z</time></trkpt><trkpt lat="22.288266666666665" lon="113.93619666666667"><ele>-4.9</ele><time>2025-11-13T08:37:48Z</time></trkpt><trkpt lat="22.288281666666663" lon="113.93621666666668"><ele>-4.6</ele><time>2025-11-13T08:37:51Z</time></trkpt><trkpt lat="22.28829166666667" lon="113.93623666666666"><ele>-4.5</ele><time>2025-11-13T08:37:53Z</time></trkpt><trkpt lat="22.288306666666667" lon="113.93626"><ele>-4.1</ele><time>2025-11-13T08:37:56Z</time></trkpt><trkpt lat="22.288325" lon="113.93628166666667"><ele>-3.9000000000000004</ele><time>2025-11-13T08:37:59Z</time></trkpt><trkpt lat="22.28834" lon="113.93630499999999"><ele>-3.9000000000000004</ele><time>2025-11-13T08:38:02Z</time></trkpt><trkpt lat="22.288355000000003" lon="113.93633"><ele>-3.8000000000000003</ele><time>2025-11-13T08:38:05Z</time></trkpt><trkpt lat="22.28836666666667" lon="113.93634500000002"><ele>-3.8000000000000003</ele><time>2025-11-13T08:38:07Z</time></trkpt><trkpt lat="22.28838" lon="113.93635833333335"><ele>-3.7</ele><time>2025-11-13T08:38:09Z</time></trkpt><trkpt lat="22.28839833333333" lon="113.93636999999998"><ele>-3.9000000000000004</ele><time>2025-11-13T08:38:11Z</time></trkpt><trkpt lat="22.288416666666663" lon="113.93638000000001"><ele>-4.0</ele><time>2025-11-13T08:38:13Z</time></trkpt><trkpt lat="22.288441666666667" lon="113.93638833333334"><ele>-3.8000000000000003</ele><time>2025-11-13T08:38:16Z</time></trkpt><trkpt lat="22.288461666666663" lon="113.93640333333333"><ele>-3.8000000000000003</ele><time>2025-11-13T08:38:18Z</time></trkpt><trkpt lat="22.288479999999996" lon="113.93641333333335"><ele>-3.4000000000000004</ele><time>2025-11-13T08:38:20Z</time></trkpt><trkpt lat="22.288498333333337" lon="113.93642"><ele>-3.0</ele><time>2025-11-13T08:38:22Z</time></trkpt><trkpt lat="22.288518333333332" lon="113.936425"><ele>-2.5</ele><time>2025-11-13T08:38:24Z</time></trkpt><trkpt lat="22.288538333333335" lon="113.93642833333334"><ele>-1.8000000000000003</ele><time>2025-11-13T08:38:26Z</time></trkpt><trkpt lat="22.28855666666667" lon="113.93644166666667"><ele>-1.5000000000000002</ele><time>2025-11-13T08:38:28Z</time></trkpt><trkpt lat="22.288581666666666" lon="113.93645333333333"><ele>-1.4000000000000001</ele><time>2025-11-13T08:38:31Z</time></trkpt><trkpt lat="22.288598333333333" lon="113.93646500000001"><ele>-1.5000000000000002</ele><time>2025-11-13T08:38:33Z</time></trkpt><trkpt lat="22.288621666666668" lon="113.93646833333332"><ele>-1.6</ele><time>2025-11-13T08:38:36Z</time></trkpt><trkpt lat="22.288641666666663" lon="113.93646666666667"><ele>-1.9000000000000001</ele><time>2025-11-13T08:38:38Z</time></trkpt><trkpt lat="22.288663333333336" lon="113.93646833333332"><ele>-2.1</ele><time>2025-11-13T08:38:40Z</time></trkpt><trkpt lat="22.288688333333333" lon="113.93647666666666"><ele>-2.7</ele><time>2025-11-13T08:38:43Z</time></trkpt><trkpt lat="22.288706666666666" lon="113.93647666666666"><ele>-2.7</ele><time>2025-11-13T08:38:45Z</time></trkpt><trkpt lat="22.28873" lon="113.93648666666668"><ele>-2.6</ele><time>2025-11-13T08:38:48Z</time></trkpt><trkpt lat="22.288749999999997" lon="113.93649333333333"><ele>-2.4000000000000004</ele><time>2025-11-13T08:38:51Z</time></trkpt><trkpt lat="22.28877" lon="113.93649833333332"><ele>-2.9000000000000004</ele><time>2025-11-13T08:38:54Z</time></trkpt><trkpt lat="22.288794999999997" lon="113.93650833333335"><ele>-3.4000000000000004</ele><time>2025-11-13T08:38:57Z</time></trkpt><trkpt lat="22.28881333333333" lon="113.936515"><ele>-3.6</ele><time>2025-11-13T08:38:59Z</time></trkpt><trkpt lat="22.288838333333334" lon="113.93652500000002"><ele>-3.7</ele><time>2025-11-13T08:39:01Z</time></trkpt><trkpt lat="22.288856666666668" lon="113.93652833333333"><ele>-3.7</ele><time>2025-11-13T08:39:03Z</time></trkpt><trkpt lat="22.288881666666665" lon="113.93652833333333"><ele>-3.8000000000000003</ele><time>2025-11-13T08:39:06Z</time></trkpt><trkpt lat="22.288905" lon="113.936535"><ele>-3.9000000000000004</ele><time>2025-11-13T08:39:09Z</time></trkpt><trkpt lat="22.288929999999997" lon="113.93653333333332"><ele>-3.5</ele><time>2025-11-13T08:39:12Z</time></trkpt><trkpt lat="22.28895166666667" lon="113.93653833333335"><ele>-3.1</ele><time>2025-11-13T08:39:15Z</time></trkpt><trkpt lat="22.288970000000003" lon="113.93653666666665"><ele>-2.8000000000000003</ele><time>2025-11-13T08:39:17Z</time></trkpt><trkpt lat="22.288988333333336" lon="113.93653666666665"><ele>-2.2</ele><time>2025-11-13T08:39:19Z</time></trkpt><trkpt lat="22.289" lon="113.93655333333332"><ele>-2.3000000000000003</ele><time>2025-11-13T08:39:22Z</time></trkpt><trkpt lat="22.289001666666664" lon="113.93657666666668"><ele>-1.9000000000000001</ele><time>2025-11-13T08:39:26Z</time></trkpt><trkpt lat="22.289004999999996" lon="113.93660333333334"><ele>-2.1</ele><time>2025-11-13T08:39:29Z</time></trkpt><trkpt lat="22.28900833333333" lon="113.93663"><ele>-1.5000000000000002</ele><time>2025-11-13T08:39:32Z</time></trkpt><trkpt lat="22.28900666666667" lon="113.93665666666666"><ele>-0.6000000000000001</ele><time>2025-11-13T08:39:35Z</time></trkpt><trkpt lat="22.289003333333334" lon="113.93667833333332"><ele>-0.10000000000000009</ele><time>2025-11-13T08:39:38Z</time></trkpt><trkpt lat="22.288991666666668" lon="113.93665333333333"><ele>1.4</ele><time>2025-11-13T08:40:02Z</time></trkpt><trkpt lat="22.288985000000004" lon="113.93663166666666"><ele>1.2999999999999998</ele><time>2025-11-13T08:40:04Z</time></trkpt><trkpt lat="22.288986666666666" lon="113.93661166666668"><ele>1.0999999999999996</ele><time>2025-11-13T08:40:06Z</time></trkpt><trkpt lat="22.288998333333332" lon="113.936595"><ele>1.0999999999999996</ele><time>2025-11-13T08:40:08Z</time></trkpt><trkpt lat="22.289004999999996" lon="113.93657333333334"><ele>0.6999999999999997</ele><time>2025-11-13T08:40:10Z</time></trkpt><trkpt lat="22.289030000000004" lon="113.93656000000001"><ele>0.19999999999999973</ele><time>2025-11-13T08:40:13Z</time></trkpt><trkpt lat="22.289055" lon="113.93655833333332"><ele>0.09999999999999964</ele><time>2025-11-13T08:40:15Z</time></trkpt><trkpt lat="22.289076666666666" lon="113.93655666666668"><ele>0.19999999999999973</ele><time>2025-11-13T08:40:17Z</time></trkpt><trkpt lat="22.28909833333333" lon="113.93654833333333"><ele>0.09999999999999964</ele><time>2025-11-13T08:40:19Z</time></trkpt><trkpt lat="22.28911666666667" lon="113.93654166666666"><ele>0.09999999999999964</ele><time>2025-11-13T08:40:21Z</time></trkpt><trkpt lat="22.289135" lon="113.93653666666665"><ele>0.19999999999999973</ele><time>2025-11-13T08:40:23Z</time></trkpt><trkpt lat="22.289154999999997" lon="113.93653"><ele>0.5</ele><time>2025-11-13T08:40:25Z</time></trkpt><trkpt lat="22.289181666666664" lon="113.93652833333333"><ele>1.0</ele><time>2025-11-13T08:40:27Z</time></trkpt><trkpt lat="22.289196666666665" lon="113.93654833333333"><ele>0.5</ele><time>2025-11-13T08:40:34Z</time></trkpt><trkpt lat="22.28921666666667" lon="113.93655333333332"><ele>0.5</ele><time>2025-11-13T08:40:36Z</time></trkpt><trkpt lat="22.289240000000003" lon="113.93655666666668"><ele>0.3999999999999999</ele><time>2025-11-13T08:40:38Z</time></trkpt><trkpt lat="22.289265" lon="113.93655166666667"><ele>-0.10000000000000009</ele><time>2025-11-13T08:40:40Z</time></trkpt><trkpt lat="22.289286666666666" lon="113.93654666666667"><ele>-0.40000000000000013</ele><time>2025-11-13T08:40:42Z</time></trkpt><trkpt lat="22.289316666666664" lon="113.93653166666667"><ele>0.3999999999999999</ele><time>2025-11-13T08:40:45Z</time></trkpt><trkpt lat="22.28934" lon="113.93653833333335"><ele>0.5999999999999996</ele><time>2025-11-13T08:40:47Z</time></trkpt><trkpt lat="22.289361666666665" lon="113.93654833333333"><ele>0.19999999999999973</ele><time>2025-11-13T08:40:50Z</time></trkpt><trkpt lat="22.289379999999998" lon="113.93656000000001"><ele>0.09999999999999964</ele><time>2025-11-13T08:40:52Z</time></trkpt><trkpt lat="22.289405000000002" lon="113.93656166666666"><ele>-0.5000000000000002</ele><time>2025-11-13T08:40:54Z</time></trkpt><trkpt lat="22.289424999999998" lon="113.93656166666666"><ele>-0.9000000000000001</ele><time>2025-11-13T08:40:57Z</time></trkpt><trkpt lat="22.289445" lon="113.93656000000001"><ele>-1.4000000000000001</ele><time>2025-11-13T08:40:59Z</time></trkpt><trkpt lat="22.289469999999998" lon="113.93655500000001"><ele>-1.6</ele><time>2025-11-13T08:41:02Z</time></trkpt><trkpt lat="22.289496666666665" lon="113.93656000000001"><ele>-2.2</ele><time>2025-11-13T08:41:05Z</time></trkpt><trkpt lat="22.28952" lon="113.93656333333332"><ele>-2.2</ele><time>2025-11-13T08:41:08Z</time></trkpt><trkpt lat="22.289538333333333" lon="113.93656000000001"><ele>-2.1</ele><time>2025-11-13T08:41:10Z</time></trkpt><trkpt lat="22.289565" lon="113.93656000000001"><ele>-2.4000000000000004</ele><time>2025-11-13T08:41:12Z</time></trkpt><trkpt lat="22.289585000000002" lon="113.93656833333334"><ele>-2.3000000000000003</ele><time>2025-11-13T08:41:15Z</time></trkpt><trkpt lat="22.289611666666662" lon="113.93657833333333"><ele>-2.2</ele><time>2025-11-13T08:41:18Z</time></trkpt><trkpt lat="22.289631666666665" lon="113.93658500000001"><ele>-2.2</ele><time>2025-11-13T08:41:21Z</time></trkpt><trkpt lat="22.289651666666668" lon="113.93658666666667"><ele>-2.4000000000000004</ele><time>2025-11-13T08:41:23Z</time></trkpt><trkpt lat="22.289671666666663" lon="113.93658166666667"><ele>-2.8000000000000003</ele><time>2025-11-13T08:41:25Z</time></trkpt><trkpt lat="22.289695" lon="113.93657666666668"><ele>-3.5</ele><time>2025-11-13T08:41:28Z</time></trkpt><trkpt lat="22.28971333333333" lon="113.93657666666668"><ele>-3.7</ele><time>2025-11-13T08:41:30Z</time></trkpt><trkpt lat="22.289736666666666" lon="113.93658166666667"><ele>-3.7</ele><time>2025-11-13T08:41:32Z</time></trkpt><trkpt lat="22.289755" lon="113.93658166666667"><ele>-4.0</ele><time>2025-11-13T08:41:34Z</time></trkpt><trkpt lat="22.289773333333333" lon="113.93658166666667"><ele>-4.4</ele><time>2025-11-13T08:41:36Z</time></trkpt><trkpt lat="22.289796666666668" lon="113.93657833333333"><ele>-4.5</ele><time>2025-11-13T08:41:38Z</time></trkpt><trkpt lat="22.28981666666667" lon="113.93657499999999"><ele>-4.5</ele><time>2025-11-13T08:41:40Z</time></trkpt><trkpt lat="22.289838333333332" lon="113.93656666666666"><ele>-4.9</ele><time>2025-11-13T08:41:42Z</time></trkpt><trkpt lat="22.289858333333335" lon="113.93656666666666"><ele>-4.9</ele><time>2025-11-13T08:41:44Z</time></trkpt><trkpt lat="22.289883333333332" lon="113.93656666666666"><ele>-4.9</ele><time>2025-11-13T08:41:47Z</time></trkpt><trkpt lat="22.289904999999997" lon="113.93655666666668"><ele>-5.2</ele><time>2025-11-13T08:41:49Z</time></trkpt><trkpt lat="22.289926666666663" lon="113.93656000000001"><ele>-5.6</ele><time>2025-11-13T08:41:51Z</time></trkpt><trkpt lat="22.28995166666667" lon="113.93656333333332"><ele>-6.1</ele><time>2025-11-13T08:41:54Z</time></trkpt><trkpt lat="22.289971666666663" lon="113.93655666666668"><ele>-4.2</ele><time>2025-11-13T08:42:02Z</time></trkpt><trkpt lat="22.290001666666665" lon="113.93656333333332"><ele>-3.9000000000000004</ele><time>2025-11-13T08:42:04Z</time></trkpt><trkpt lat="22.290025" lon="113.93656666666666"><ele>-3.6</ele><time>2025-11-13T08:42:06Z</time></trkpt><trkpt lat="22.290048333333335" lon="113.93657"><ele>-3.4000000000000004</ele><time>2025-11-13T08:42:09Z</time></trkpt><trkpt lat="22.290066666666668" lon="113.93657666666668"><ele>-3.5</ele><time>2025-11-13T08:42:11Z</time></trkpt><trkpt lat="22.290084999999998" lon="113.93657666666668"><ele>-3.3000000000000003</ele><time>2025-11-13T08:42:13Z</time></trkpt><trkpt lat="22.290109999999995" lon="113.93657499999999"><ele>-4.0</ele><time>2025-11-13T08:42:16Z</time></trkpt><trkpt lat="22.290135000000003" lon="113.93657"><ele>-4.0</ele><time>2025-11-13T08:42:19Z</time></trkpt><trkpt lat="22.290153333333333" lon="113.93656333333332"><ele>-3.9000000000000004</ele><time>2025-11-13T08:42:21Z</time></trkpt><trkpt lat="22.290178333333333" lon="113.93656833333334"><ele>-4.1</ele><time>2025-11-13T08:42:24Z</time></trkpt><trkpt lat="22.290203333333338" lon="113.93656333333332"><ele>-4.1</ele><time>2025-11-13T08:42:27Z</time></trkpt><trkpt lat="22.29022166666667" lon="113.93656833333334"><ele>-4.2</ele><time>2025-11-13T08:42:29Z</time></trkpt><trkpt lat="22.290241666666663" lon="113.93656333333332"><ele>-4.4</ele><time>2025-11-13T08:42:32Z</time></trkpt><trkpt lat="22.290264999999998" lon="113.93655833333332"><ele>-4.2</ele><time>2025-11-13T08:42:35Z</time></trkpt><trkpt lat="22.290285" lon="113.93655666666668"><ele>-4.0</ele><time>2025-11-13T08:42:37Z</time></trkpt><trkpt lat="22.290303333333334" lon="113.93655333333332"><ele>-3.8000000000000003</ele><time>2025-11-13T08:42:39Z</time></trkpt><trkpt lat="22.290323333333337" lon="113.93656833333334"><ele>-2.8000000000000003</ele><time>2025-11-13T08:42:42Z</time></trkpt><trkpt lat="22.290343333333333" lon="113.93656833333334"><ele>-1.3000000000000003</ele><time>2025-11-13T08:42:48Z</time></trkpt><trkpt lat="22.290361666666666" lon="113.93657333333334"><ele>-0.7000000000000002</ele><time>2025-11-13T08:42:51Z</time></trkpt><trkpt lat="22.290378333333333" lon="113.93658166666667"><ele>-0.30000000000000027</ele><time>2025-11-13T08:42:54Z</time></trkpt><trkpt lat="22.290405000000003" lon="113.93657833333333"><ele>-0.20000000000000018</ele><time>2025-11-13T08:42:56Z</time></trkpt><trkpt lat="22.29041666666667" lon="113.936595"><ele>-0.40000000000000013</ele><time>2025-11-13T08:42:59Z</time></trkpt><trkpt lat="22.29042" lon="113.93661500000002"><ele>-0.30000000000000027</ele><time>2025-11-13T08:43:04Z</time></trkpt><trkpt lat="22.29043166666667" lon="113.93663"><ele>-0.6000000000000001</ele><time>2025-11-13T08:43:07Z</time></trkpt><trkpt lat="22.290438333333334" lon="113.93665166666666"><ele>-0.9000000000000001</ele><time>2025-11-13T08:43:09Z</time></trkpt><trkpt lat="22.290436666666665" lon="113.93667333333333"><ele>-1.0000000000000002</ele><time>2025-11-13T08:43:11Z</time></trkpt><trkpt lat="22.29045833333333" lon="113.93670166666668"><ele>-0.8000000000000003</ele><time>2025-11-13T08:43:14Z</time></trkpt><trkpt lat="22.290483333333334" lon="113.93671"><ele>-0.7000000000000002</ele><time>2025-11-13T08:43:16Z</time></trkpt><trkpt lat="22.29051833333333" lon="113.93670500000002"><ele>-0.9000000000000001</ele><time>2025-11-13T08:43:18Z</time></trkpt><trkpt lat="22.29053666666667" lon="113.93670333333333"><ele>-1.4000000000000001</ele><time>2025-11-13T08:43:19Z</time></trkpt><trkpt lat="22.290558333333333" lon="113.93670666666667"><ele>-1.7000000000000002</ele><time>2025-11-13T08:43:20Z</time></trkpt><trkpt lat="22.290586666666666" lon="113.93670333333333"><ele>-1.6</ele><time>2025-11-13T08:43:21Z</time></trkpt><trkpt lat="22.29060833333333" lon="113.93669833333334"><ele>-1.4000000000000001</ele><time>2025-11-13T08:43:22Z</time></trkpt><trkpt lat="22.290633333333336" lon="113.93669166666665"><ele>-1.8000000000000003</ele><time>2025-11-13T08:43:23Z</time></trkpt><trkpt lat="22.290648333333333" lon="113.93670833333333"><ele>0.6999999999999997</ele><time>2025-11-13T08:43:31Z</time></trkpt><trkpt lat="22.290666666666667" lon="113.93671666666665"><ele>1.4</ele><time>2025-11-13T08:43:35Z</time></trkpt><trkpt lat="22.290681666666668" lon="113.93673166666667"><ele>0.7999999999999998</ele><time>2025-11-13T08:43:38Z</time></trkpt><trkpt lat="22.290685" lon="113.93675166666665"><ele>1.2999999999999998</ele><time>2025-11-13T08:43:41Z</time></trkpt><trkpt lat="22.290703333333333" lon="113.93677000000001"><ele>1.4</ele><time>2025-11-13T08:43:44Z</time></trkpt><trkpt lat="22.290721666666666" lon="113.936785"><ele>1.0</ele><time>2025-11-13T08:43:46Z</time></trkpt><trkpt lat="22.290735" lon="113.93680666666666"><ele>0.2999999999999998</ele><time>2025-11-13T08:43:48Z</time></trkpt><trkpt lat="22.290753333333335" lon="113.93682333333332"><ele>0.19999999999999973</ele><time>2025-11-13T08:43:50Z</time></trkpt><trkpt lat="22.290768333333336" lon="113.936835"><ele>0.09999999999999964</ele><time>2025-11-13T08:43:52Z</time></trkpt><trkpt lat="22.29078666666667" lon="113.93684833333333"><ele>0.09999999999999964</ele><time>2025-11-13T08:43:55Z</time></trkpt><trkpt lat="22.29080333333333" lon="113.93686166666666"><ele>0.5</ele><time>2025-11-13T08:43:57Z</time></trkpt><trkpt lat="22.29082" lon="113.93687166666665"><ele>0.6999999999999997</ele><time>2025-11-13T08:43:59Z</time></trkpt><trkpt lat="22.29083333333333" lon="113.93688500000002"><ele>0.8999999999999999</ele><time>2025-11-13T08:44:01Z</time></trkpt><trkpt lat="22.29084833333333" lon="113.93690166666666"><ele>1.0</ele><time>2025-11-13T08:44:04Z</time></trkpt><trkpt lat="22.290868333333332" lon="113.93691666666668"><ele>1.0</ele><time>2025-11-13T08:44:08Z</time></trkpt><trkpt lat="22.290888333333335" lon="113.93693666666668"><ele>1.0</ele><time>2025-11-13T08:44:11Z</time></trkpt><trkpt lat="22.290903333333336" lon="113.93695166666666"><ele>0.8999999999999999</ele><time>2025-11-13T08:44:13Z</time></trkpt><trkpt lat="22.290916666666664" lon="113.93696666666668"><ele>0.5999999999999996</ele><time>2025-11-13T08:44:15Z</time></trkpt><trkpt lat="22.29093833333333" lon="113.93698333333332"><ele>0.0</ele><time>2025-11-13T08:44:18Z</time></trkpt><trkpt lat="22.290955" lon="113.93699999999998"><ele>-0.6000000000000001</ele><time>2025-11-13T08:44:20Z</time></trkpt><trkpt lat="22.290968333333332" lon="113.937015"><ele>-0.8000000000000003</ele><time>2025-11-13T08:44:22Z</time></trkpt><trkpt lat="22.290978333333335" lon="113.93703166666667"><ele>-1.0000000000000002</ele><time>2025-11-13T08:44:24Z</time></trkpt><trkpt lat="22.29099666666667" lon="113.93705166666665"><ele>-1.0000000000000002</ele><time>2025-11-13T08:44:27Z</time></trkpt><trkpt lat="22.291009999999996" lon="113.93706833333333"><ele>-0.7000000000000002</ele><time>2025-11-13T08:44:29Z</time></trkpt><trkpt lat="22.29103" lon="113.93708"><ele>-0.5000000000000002</ele><time>2025-11-13T08:44:31Z</time></trkpt><trkpt lat="22.291036666666667" lon="113.93710833333334"><ele>-0.5000000000000002</ele><time>2025-11-13T08:44:34Z</time></trkpt><trkpt lat="22.291050000000002" lon="113.93713166666666"><ele>-0.10000000000000009</ele><time>2025-11-13T08:44:37Z</time></trkpt><trkpt lat="22.291065000000003" lon="113.93715333333333"><ele>0.5999999999999996</ele><time>2025-11-13T08:44:40Z</time></trkpt><trkpt lat="22.291078333333335" lon="113.93716666666666"><ele>1.0</ele><time>2025-11-13T08:44:42Z</time></trkpt><trkpt lat="22.291091666666663" lon="113.93717999999998"><ele>1.1999999999999997</ele><time>2025-11-13T08:44:44Z</time></trkpt><trkpt lat="22.291103333333332" lon="113.937195"><ele>1.7999999999999998</ele><time>2025-11-13T08:44:46Z</time></trkpt><trkpt lat="22.291116666666667" lon="113.93720833333333"><ele>2.0999999999999996</ele><time>2025-11-13T08:44:48Z</time></trkpt><trkpt lat="22.29113166666667" lon="113.93722166666666"><ele>2.0999999999999996</ele><time>2025-11-13T08:44:50Z</time></trkpt><trkpt lat="22.291150000000002" lon="113.93723999999999"><ele>2.2</ele><time>2025-11-13T08:44:53Z</time></trkpt><trkpt lat="22.29116333333333" lon="113.93725666666666"><ele>2.2</ele><time>2025-11-13T08:44:55Z</time></trkpt><trkpt lat="22.29118" lon="113.93727666666668"><ele>2.0999999999999996</ele><time>2025-11-13T08:44:58Z</time></trkpt><trkpt lat="22.291193333333332" lon="113.93729"><ele>1.7999999999999998</ele><time>2025-11-13T08:45:00Z</time></trkpt><trkpt lat="22.291215000000005" lon="113.93730833333332"><ele>1.5</ele><time>2025-11-13T08:45:03Z</time></trkpt><trkpt lat="22.291231666666665" lon="113.937325"><ele>1.1999999999999997</ele><time>2025-11-13T08:45:05Z</time></trkpt><trkpt lat="22.291249999999998" lon="113.93734"><ele>1.0999999999999996</ele><time>2025-11-13T08:45:08Z</time></trkpt><trkpt lat="22.29126666666667" lon="113.93735"><ele>0.8999999999999999</ele><time>2025-11-13T08:45:10Z</time></trkpt><trkpt lat="22.291283333333332" lon="113.93736333333332"><ele>0.5999999999999996</ele><time>2025-11-13T08:45:12Z</time></trkpt><trkpt lat="22.291296666666668" lon="113.93738499999999"><ele>0.09999999999999964</ele><time>2025-11-13T08:45:15Z</time></trkpt><trkpt lat="22.29131" lon="113.93740166666666"><ele>-0.20000000000000018</ele><time>2025-11-13T08:45:18Z</time></trkpt><trkpt lat="22.29132666666667" lon="113.93741833333334"><ele>-0.6000000000000001</ele><time>2025-11-13T08:45:21Z</time></trkpt><trkpt lat="22.291345" lon="113.93743333333332"><ele>-0.6000000000000001</ele><time>2025-11-13T08:45:24Z</time></trkpt><trkpt lat="22.29135666666667" lon="113.93744833333334"><ele>-0.5000000000000002</ele><time>2025-11-13T08:45:26Z</time></trkpt><trkpt lat="22.291376666666665" lon="113.93746333333333"><ele>-0.40000000000000013</ele><time>2025-11-13T08:45:29Z</time></trkpt><trkpt lat="22.29139" lon="113.93747833333333"><ele>-0.40000000000000013</ele><time>2025-11-13T08:45:31Z</time></trkpt><trkpt lat="22.2914" lon="113.937495"><ele>-0.5000000000000002</ele><time>2025-11-13T08:45:33Z</time></trkpt><trkpt lat="22.291413333333335" lon="113.93750999999999"><ele>-0.5000000000000002</ele><time>2025-11-13T08:45:35Z</time></trkpt><trkpt lat="22.291428333333336" lon="113.93752333333332"><ele>-0.6000000000000001</ele><time>2025-11-13T08:45:37Z</time></trkpt><trkpt lat="22.291439999999998" lon="113.93754166666668"><ele>-0.6000000000000001</ele><time>2025-11-13T08:45:39Z</time></trkpt><trkpt lat="22.291458333333335" lon="113.93756333333334"><ele>-1.1</ele><time>2025-11-13T08:45:41Z</time></trkpt><trkpt lat="22.291473333333336" lon="113.93757499999998"><ele>-1.1</ele><time>2025-11-13T08:45:43Z</time></trkpt><trkpt lat="22.291484999999998" lon="113.937595"><ele>-1.4000000000000001</ele><time>2025-11-13T08:45:45Z</time></trkpt><trkpt lat="22.291503333333335" lon="113.93760833333333"><ele>-1.7000000000000002</ele><time>2025-11-13T08:45:47Z</time></trkpt><trkpt lat="22.29152" lon="113.93763166666668"><ele>-2.3000000000000003</ele><time>2025-11-13T08:45:50Z</time></trkpt><trkpt lat="22.29153666666667" lon="113.93765666666668"><ele>-2.3000000000000003</ele><time>2025-11-13T08:45:53Z</time></trkpt><trkpt lat="22.291544999999996" lon="113.937675"><ele>-2.3000000000000003</ele><time>2025-11-13T08:45:55Z</time></trkpt><trkpt lat="22.291558333333334" lon="113.93768833333334"><ele>-1.8000000000000003</ele><time>2025-11-13T08:45:57Z</time></trkpt><trkpt lat="22.291574999999998" lon="113.93770333333332"><ele>-1.0000000000000002</ele><time>2025-11-13T08:46:00Z</time></trkpt><trkpt lat="22.291591666666665" lon="113.93771666666667"><ele>-0.6000000000000001</ele><time>2025-11-13T08:46:02Z</time></trkpt><trkpt lat="22.291604999999997" lon="113.93773166666666"><ele>-0.20000000000000018</ele><time>2025-11-13T08:46:04Z</time></trkpt><trkpt lat="22.291619999999998" lon="113.93774666666668"><ele>0.09999999999999964</ele><time>2025-11-13T08:46:06Z</time></trkpt><trkpt lat="22.291636666666665" lon="113.93776333333332"><ele>0.0</ele><time>2025-11-13T08:46:08Z</time></trkpt><trkpt lat="22.291651666666667" lon="113.93777833333334"><ele>0.19999999999999973</ele><time>2025-11-13T08:46:10Z</time></trkpt><trkpt lat="22.291666666666668" lon="113.93779333333332"><ele>0.2999999999999998</ele><time>2025-11-13T08:46:12Z</time></trkpt><trkpt lat="22.291681666666666" lon="113.93780833333334"><ele>0.19999999999999973</ele><time>2025-11-13T08:46:14Z</time></trkpt><trkpt lat="22.291698333333336" lon="113.93782666666667"><ele>0.6999999999999997</ele><time>2025-11-13T08:46:17Z</time></trkpt><trkpt lat="22.291698333333336" lon="113.93785666666666"><ele>0.5</ele><time>2025-11-13T08:46:20Z</time></trkpt><trkpt lat="22.291706666666663" lon="113.93787666666667"><ele>0.5</ele><time>2025-11-13T08:46:22Z</time></trkpt><trkpt lat="22.291726666666666" lon="113.93789"><ele>1.0</ele><time>2025-11-13T08:46:24Z</time></trkpt><trkpt lat="22.291743333333336" lon="113.93789999999998"><ele>1.5</ele><time>2025-11-13T08:46:26Z</time></trkpt><trkpt lat="22.29176166666667" lon="113.93790666666668"><ele>1.4</ele><time>2025-11-13T08:46:28Z</time></trkpt><trkpt lat="22.291784999999997" lon="113.93791666666667"><ele>0.8999999999999999</ele><time>2025-11-13T08:46:31Z</time></trkpt><trkpt lat="22.291803333333338" lon="113.93792666666668"><ele>0.2999999999999998</ele><time>2025-11-13T08:46:34Z</time></trkpt><trkpt lat="22.291818333333335" lon="113.93795166666665"><ele>-0.5000000000000002</ele><time>2025-11-13T08:46:37Z</time></trkpt><trkpt lat="22.291835" lon="113.93796666666667"><ele>-0.6000000000000001</ele><time>2025-11-13T08:46:40Z</time></trkpt><trkpt lat="22.29185" lon="113.93798666666667"><ele>-0.6000000000000001</ele><time>2025-11-13T08:46:43Z</time></trkpt><trkpt lat="22.291864999999998" lon="113.93800666666667"><ele>-0.7000000000000002</ele><time>2025-11-13T08:46:46Z</time></trkpt><trkpt lat="22.291878333333337" lon="113.93802666666667"><ele>-0.8000000000000003</ele><time>2025-11-13T08:46:49Z</time></trkpt><trkpt lat="22.291895" lon="113.93804"><ele>-0.9000000000000001</ele><time>2025-11-13T08:46:52Z</time></trkpt><trkpt lat="22.291913333333333" lon="113.93806166666667"><ele>-0.9000000000000001</ele><time>2025-11-13T08:46:55Z</time></trkpt><trkpt lat="22.291921666666667" lon="113.93808166666668"><ele>-1.1</ele><time>2025-11-13T08:46:57Z</time></trkpt><trkpt lat="22.29193833333333" lon="113.9381"><ele>-1.0000000000000002</ele><time>2025-11-13T08:46:59Z</time></trkpt><trkpt lat="22.29195333333333" lon="113.93811666666667"><ele>-0.9000000000000001</ele><time>2025-11-13T08:47:01Z</time></trkpt><trkpt lat="22.29197166666667" lon="113.93812833333335"><ele>-0.8000000000000003</ele><time>2025-11-13T08:47:04Z</time></trkpt><trkpt lat="22.29198666666667" lon="113.93814666666667"><ele>-0.9000000000000001</ele><time>2025-11-13T08:47:06Z</time></trkpt><trkpt lat="22.291999999999998" lon="113.938165"><ele>-1.0000000000000002</ele><time>2025-11-13T08:47:08Z</time></trkpt><trkpt lat="22.292011666666667" lon="113.938185"><ele>-1.3000000000000003</ele><time>2025-11-13T08:47:10Z</time></trkpt><trkpt lat="22.292023333333336" lon="113.93820166666667"><ele>-1.7000000000000002</ele><time>2025-11-13T08:47:12Z</time></trkpt><trkpt lat="22.292039999999997" lon="113.93821666666666"><ele>-1.9000000000000001</ele><time>2025-11-13T08:47:14Z</time></trkpt><trkpt lat="22.29206" lon="113.93823499999999"><ele>-2.2</ele><time>2025-11-13T08:47:17Z</time></trkpt><trkpt lat="22.29207166666667" lon="113.93825333333334"><ele>-2.7</ele><time>2025-11-13T08:47:20Z</time></trkpt><trkpt lat="22.292084999999997" lon="113.93827333333333"><ele>-3.3000000000000003</ele><time>2025-11-13T08:47:23Z</time></trkpt><trkpt lat="22.292105" lon="113.93828833333333"><ele>-3.7</ele><time>2025-11-13T08:47:26Z</time></trkpt><trkpt lat="22.29211666666667" lon="113.93831166666665"><ele>-4.0</ele><time>2025-11-13T08:47:29Z</time></trkpt><trkpt lat="22.292128333333334" lon="113.93833500000001"><ele>-4.5</ele><time>2025-11-13T08:47:32Z</time></trkpt><trkpt lat="22.292143333333335" lon="113.93835166666668"><ele>-4.6</ele><time>2025-11-13T08:47:34Z</time></trkpt><trkpt lat="22.29215166666667" lon="113.93837333333335"><ele>-4.6</ele><time>2025-11-13T08:47:36Z</time></trkpt><trkpt lat="22.292165" lon="113.93839333333332"><ele>-4.4</ele><time>2025-11-13T08:47:38Z</time></trkpt><trkpt lat="22.292174999999997" lon="113.93840999999999"><ele>-4.300000000000001</ele><time>2025-11-13T08:47:40Z</time></trkpt><trkpt lat="22.292185000000003" lon="113.93842833333335"><ele>-4.0</ele><time>2025-11-13T08:47:42Z</time></trkpt><trkpt lat="22.2922" lon="113.93844499999999"><ele>-3.6</ele><time>2025-11-13T08:47:44Z</time></trkpt><trkpt lat="22.2922" lon="113.93847166666667"><ele>-4.300000000000001</ele><time>2025-11-13T08:47:47Z</time></trkpt><trkpt lat="22.292201666666664" lon="113.93849166666665"><ele>-4.1</ele><time>2025-11-13T08:47:49Z</time></trkpt><trkpt lat="22.2922" lon="113.93851500000001"><ele>-4.2</ele><time>2025-11-13T08:47:52Z</time></trkpt><trkpt lat="22.29219333333333" lon="113.93854166666667"><ele>-4.0</ele><time>2025-11-13T08:47:55Z</time></trkpt><trkpt lat="22.29218" lon="113.93856"><ele>-3.6</ele><time>2025-11-13T08:47:58Z</time></trkpt><trkpt lat="22.292173333333334" lon="113.93858166666665"><ele>-2.4000000000000004</ele><time>2025-11-13T08:48:01Z</time></trkpt><trkpt lat="22.292165" lon="113.93860000000001"><ele>-2.5</ele><time>2025-11-13T08:48:03Z</time></trkpt><trkpt lat="22.292158333333337" lon="113.93862166666668"><ele>-2.1</ele><time>2025-11-13T08:48:06Z</time></trkpt><trkpt lat="22.29214833333333" lon="113.93864666666666"><ele>-1.6</ele><time>2025-11-13T08:48:09Z</time></trkpt><trkpt lat="22.292141666666666" lon="113.93866833333335"><ele>-1.0000000000000002</ele><time>2025-11-13T08:48:11Z</time></trkpt><trkpt lat="22.292131666666666" lon="113.93868499999999"><ele>-0.5000000000000002</ele><time>2025-11-13T08:48:13Z</time></trkpt><trkpt lat="22.29211833333333" lon="113.938705"><ele>-0.10000000000000009</ele><time>2025-11-13T08:48:16Z</time></trkpt><trkpt lat="22.29211" lon="113.93872333333333"><ele>0.09999999999999964</ele><time>2025-11-13T08:48:18Z</time></trkpt><trkpt lat="22.292086666666666" lon="113.93873"><ele>0.2999999999999998</ele><time>2025-11-13T08:48:21Z</time></trkpt><trkpt lat="22.292068333333336" lon="113.93872833333334"><ele>0.5999999999999996</ele><time>2025-11-13T08:48:23Z</time></trkpt><trkpt lat="22.292050000000003" lon="113.93871666666668"><ele>1.1999999999999997</ele><time>2025-11-13T08:48:26Z</time></trkpt><trkpt lat="22.29202666666667" lon="113.93870666666665"><ele>1.1999999999999997</ele><time>2025-11-13T08:48:30Z</time></trkpt><trkpt lat="22.29200166666667" lon="113.93869666666666"><ele>1.5</ele><time>2025-11-13T08:48:34Z</time></trkpt><trkpt lat="22.29198666666667" lon="113.93868499999999"><ele>1.5999999999999996</ele><time>2025-11-13T08:48:36Z</time></trkpt><trkpt lat="22.29196833333333" lon="113.93867666666665"><ele>1.6999999999999997</ele><time>2025-11-13T08:48:38Z</time></trkpt><trkpt lat="22.29195333333333" lon="113.93866333333332"><ele>1.4</ele><time>2025-11-13T08:48:41Z</time></trkpt><trkpt lat="22.291945000000002" lon="113.93864166666665"><ele>0.5999999999999996</ele><time>2025-11-13T08:48:45Z</time></trkpt><trkpt lat="22.29193" lon="113.93861833333334"><ele>0.0</ele><time>2025-11-13T08:48:48Z</time></trkpt><trkpt lat="22.291913333333333" lon="113.93859499999999"><ele>-0.30000000000000027</ele><time>2025-11-13T08:48:51Z</time></trkpt><trkpt lat="22.291898333333332" lon="113.93856666666667"><ele>-0.8000000000000003</ele><time>2025-11-13T08:48:54Z</time></trkpt><trkpt lat="22.291886666666663" lon="113.93854833333334"><ele>-1.1</ele><time>2025-11-13T08:48:56Z</time></trkpt><trkpt lat="22.291876666666667" lon="113.93853166666668"><ele>-1.2000000000000002</ele><time>2025-11-13T08:48:58Z</time></trkpt><trkpt lat="22.291864999999998" lon="113.93851500000001"><ele>-1.3000000000000003</ele><time>2025-11-13T08:49:00Z</time></trkpt><trkpt lat="22.29185166666667" lon="113.93850166666668"><ele>-1.4000000000000001</ele><time>2025-11-13T08:49:02Z</time></trkpt><trkpt lat="22.291835" lon="113.93848333333332"><ele>-1.6</ele><time>2025-11-13T08:49:04Z</time></trkpt><trkpt lat="22.291823333333333" lon="113.93846666666668"><ele>-1.6</ele><time>2025-11-13T08:49:06Z</time></trkpt><trkpt lat="22.291813333333334" lon="113.93845000000002"><ele>-1.7000000000000002</ele><time>2025-11-13T08:49:08Z</time></trkpt><trkpt lat="22.2918" lon="113.938435"><ele>-1.8000000000000003</ele><time>2025-11-13T08:49:10Z</time></trkpt><trkpt lat="22.291784999999997" lon="113.93840999999999"><ele>-1.8000000000000003</ele><time>2025-11-13T08:49:13Z</time></trkpt><trkpt lat="22.291771666666666" lon="113.938395"><ele>-1.9000000000000001</ele><time>2025-11-13T08:49:15Z</time></trkpt><trkpt lat="22.291753333333336" lon="113.938375"><ele>-2.1</ele><time>2025-11-13T08:49:18Z</time></trkpt><trkpt lat="22.291736666666665" lon="113.938365"><ele>-2.0</ele><time>2025-11-13T08:49:20Z</time></trkpt><trkpt lat="22.29171666666667" lon="113.93835666666668"><ele>-2.1</ele><time>2025-11-13T08:49:22Z</time></trkpt><trkpt lat="22.291698333333336" lon="113.93834833333334"><ele>-2.2</ele><time>2025-11-13T08:49:25Z</time></trkpt><trkpt lat="22.291683333333335" lon="113.93832833333333"><ele>-2.3000000000000003</ele><time>2025-11-13T08:49:28Z</time></trkpt><trkpt lat="22.29167" lon="113.93831"><ele>-2.5</ele><time>2025-11-13T08:49:30Z</time></trkpt><trkpt lat="22.29165666666667" lon="113.93829166666667"><ele>-2.6</ele><time>2025-11-13T08:49:32Z</time></trkpt><trkpt lat="22.291645000000003" lon="113.93827333333333"><ele>-2.8000000000000003</ele><time>2025-11-13T08:49:34Z</time></trkpt><trkpt lat="22.291628333333332" lon="113.93825999999999"><ele>-3.0</ele><time>2025-11-13T08:49:36Z</time></trkpt><trkpt lat="22.29161" lon="113.93824166666667"><ele>-3.1</ele><time>2025-11-13T08:49:39Z</time></trkpt><trkpt lat="22.29159666666667" lon="113.93822833333334"><ele>-3.2</ele><time>2025-11-13T08:49:41Z</time></trkpt><trkpt lat="22.29158166666667" lon="113.93820833333332"><ele>-3.2</ele><time>2025-11-13T08:49:43Z</time></trkpt><trkpt lat="22.29157" lon="113.93819166666665"><ele>-3.3000000000000003</ele><time>2025-11-13T08:49:45Z</time></trkpt><trkpt lat="22.291559999999997" lon="113.93817333333332"><ele>-3.3000000000000003</ele><time>2025-11-13T08:49:47Z</time></trkpt><trkpt lat="22.291546666666665" lon="113.93815500000001"><ele>-3.2</ele><time>2025-11-13T08:49:50Z</time></trkpt><trkpt lat="22.291526666666662" lon="113.93813666666668"><ele>-3.0</ele><time>2025-11-13T08:49:53Z</time></trkpt><trkpt lat="22.291503333333335" lon="113.93812666666666"><ele>-2.9000000000000004</ele><time>2025-11-13T08:49:55Z</time></trkpt><trkpt lat="22.29148" lon="113.93811"><ele>-2.8000000000000003</ele><time>2025-11-13T08:49:58Z</time></trkpt><trkpt lat="22.291459999999997" lon="113.93811"><ele>-2.7</ele><time>2025-11-13T08:50:00Z</time></trkpt><trkpt lat="22.29144666666667" lon="113.93812333333332"><ele>-2.7</ele><time>2025-11-13T08:50:02Z</time></trkpt><trkpt lat="22.29143" lon="113.93813666666668"><ele>-2.6</ele><time>2025-11-13T08:50:05Z</time></trkpt><trkpt lat="22.291413333333335" lon="113.93814833333333"><ele>-2.5</ele><time>2025-11-13T08:50:07Z</time></trkpt><trkpt lat="22.291398333333337" lon="113.93816166666666"><ele>-2.5</ele><time>2025-11-13T08:50:09Z</time></trkpt><trkpt lat="22.291385" lon="113.93817666666668"><ele>-2.5</ele><time>2025-11-13T08:50:11Z</time></trkpt><trkpt lat="22.291373333333333" lon="113.93819166666665"><ele>-2.6</ele><time>2025-11-13T08:50:13Z</time></trkpt><trkpt lat="22.291361666666663" lon="113.93820666666667"><ele>-2.6</ele><time>2025-11-13T08:50:15Z</time></trkpt><trkpt lat="22.291341666666668" lon="113.938225"><ele>-2.7</ele><time>2025-11-13T08:50:18Z</time></trkpt><trkpt lat="22.29132666666667" lon="113.93823833333333"><ele>-2.9000000000000004</ele><time>2025-11-13T08:50:20Z</time></trkpt><trkpt lat="22.29131166666667" lon="113.93825"><ele>-3.0</ele><time>2025-11-13T08:50:22Z</time></trkpt><trkpt lat="22.291296666666668" lon="113.93826333333332"><ele>-3.1</ele><time>2025-11-13T08:50:24Z</time></trkpt><trkpt lat="22.291279999999997" lon="113.938275"><ele>-3.0</ele><time>2025-11-13T08:50:26Z</time></trkpt><trkpt lat="22.29126833333333" lon="113.93829"><ele>-3.0</ele><time>2025-11-13T08:50:28Z</time></trkpt><trkpt lat="22.291251666666668" lon="113.93830666666666"><ele>-3.1</ele><time>2025-11-13T08:50:30Z</time></trkpt><trkpt lat="22.291233333333334" lon="113.938315"><ele>-3.3000000000000003</ele><time>2025-11-13T08:50:32Z</time></trkpt><trkpt lat="22.291215000000005" lon="113.93832499999999"><ele>-3.3000000000000003</ele><time>2025-11-13T08:50:34Z</time></trkpt><trkpt lat="22.291196666666664" lon="113.93833833333335"><ele>-3.6</ele><time>2025-11-13T08:50:36Z</time></trkpt><trkpt lat="22.29118" lon="113.93834833333334"><ele>-4.1</ele><time>2025-11-13T08:50:38Z</time></trkpt><trkpt lat="22.291159999999998" lon="113.93835833333333"><ele>-3.0</ele><time>2025-11-13T08:50:42Z</time></trkpt><trkpt lat="22.291161666666667" lon="113.93833500000001"><ele>-0.5000000000000002</ele><time>2025-11-13T08:50:53Z</time></trkpt><trkpt lat="22.29114666666667" lon="113.93832333333333"><ele>-0.30000000000000027</ele><time>2025-11-13T08:50:59Z</time></trkpt><trkpt lat="22.29117666666667" lon="113.93833833333335"><ele>1.0</ele><time>2025-11-13T08:51:15Z</time></trkpt><trkpt lat="22.291181666666663" lon="113.93831333333334"><ele>1.6999999999999997</ele><time>2025-11-13T08:51:18Z</time></trkpt><trkpt lat="22.291198333333334" lon="113.93830333333332"><ele>1.7999999999999998</ele><time>2025-11-13T08:51:22Z</time></trkpt><trkpt lat="22.291216666666667" lon="113.93829499999998"><ele>1.2999999999999998</ele><time>2025-11-13T08:51:25Z</time></trkpt><trkpt lat="22.291196666666664" lon="113.93829833333332"><ele>0.5999999999999996</ele><time>2025-11-13T08:51:29Z</time></trkpt><trkpt lat="22.29117833333333" lon="113.93830166666666"><ele>0.5</ele><time>2025-11-13T08:51:33Z</time></trkpt><trkpt lat="22.291148333333332" lon="113.93831333333334"><ele>0.2999999999999998</ele><time>2025-11-13T08:51:38Z</time></trkpt><trkpt lat="22.291143333333334" lon="113.93833333333332"><ele>0.2999999999999998</ele><time>2025-11-13T08:51:39Z</time></trkpt><trkpt lat="22.29114666666667" lon="113.93835499999999"><ele>0.19999999999999973</ele><time>2025-11-13T08:51:40Z</time></trkpt><trkpt lat="22.29113166666667" lon="113.93837"><ele>-0.10000000000000009</ele><time>2025-11-13T08:51:43Z</time></trkpt><trkpt lat="22.291098333333334" lon="113.93835333333332"><ele>0.8999999999999999</ele><time>2025-11-13T08:51:52Z</time></trkpt><trkpt lat="22.291080000000004" lon="113.93835166666668"><ele>1.4</ele><time>2025-11-13T08:51:53Z</time></trkpt><trkpt lat="22.291054999999997" lon="113.93834333333334"><ele>2.5999999999999996</ele><time>2025-11-13T08:51:55Z</time></trkpt><trkpt lat="22.29103" lon="113.93833500000001"><ele>3.8</ele><time>2025-11-13T08:51:57Z</time></trkpt><trkpt lat="22.291009999999996" lon="113.93833000000001"><ele>4.3999999999999995</ele><time>2025-11-13T08:51:59Z</time></trkpt><trkpt lat="22.290988333333335" lon="113.93834666666667"><ele>5.1</ele><time>2025-11-13T08:52:02Z</time></trkpt><trkpt lat="22.29096666666667" lon="113.93835666666668"><ele>6.0</ele><time>2025-11-13T08:52:05Z</time></trkpt><trkpt lat="22.29095333333333" lon="113.93837"><ele>6.200000000000001</ele><time>2025-11-13T08:52:07Z</time></trkpt><trkpt lat="22.29094" lon="113.93838333333333"><ele>5.800000000000001</ele><time>2025-11-13T08:52:09Z</time></trkpt><trkpt lat="22.290925" lon="113.938395"><ele>5.5</ele><time>2025-11-13T08:52:11Z</time></trkpt><trkpt lat="22.29090833333333" lon="113.93840999999999"><ele>5.300000000000001</ele><time>2025-11-13T08:52:13Z</time></trkpt><trkpt lat="22.290895" lon="113.93842666666666"><ele>5.5</ele><time>2025-11-13T08:52:15Z</time></trkpt><trkpt lat="22.290878333333332" lon="113.93844499999999"><ele>5.699999999999999</ele><time>2025-11-13T08:52:18Z</time></trkpt><trkpt lat="22.290858333333336" lon="113.93846"><ele>6.0</ele><time>2025-11-13T08:52:20Z</time></trkpt><trkpt lat="22.29083666666667" lon="113.938465"><ele>5.800000000000001</ele><time>2025-11-13T08:52:22Z</time></trkpt><trkpt lat="22.29081833333333" lon="113.93847833333332"><ele>5.699999999999999</ele><time>2025-11-13T08:52:26Z</time></trkpt><trkpt lat="22.290801666666667" lon="113.93849333333334"><ele>6.200000000000001</ele><time>2025-11-13T08:52:29Z</time></trkpt><trkpt lat="22.29078666666667" lon="113.93851500000001"><ele>5.9</ele><time>2025-11-13T08:52:32Z</time></trkpt><trkpt lat="22.290771666666668" lon="113.93853499999999"><ele>5.4</ele><time>2025-11-13T08:52:35Z</time></trkpt><trkpt lat="22.290765000000004" lon="113.93855333333335"><ele>5.0</ele><time>2025-11-13T08:52:37Z</time></trkpt><trkpt lat="22.290756666666667" lon="113.93857166666666"><ele>4.800000000000001</ele><time>2025-11-13T08:52:39Z</time></trkpt><trkpt lat="22.29074166666667" lon="113.93858333333334"><ele>4.5</ele><time>2025-11-13T08:52:41Z</time></trkpt><trkpt lat="22.290716666666672" lon="113.93859833333333"><ele>4.4</ele><time>2025-11-13T08:52:44Z</time></trkpt><trkpt lat="22.2907" lon="113.93860833333335"><ele>4.1</ele><time>2025-11-13T08:52:46Z</time></trkpt><trkpt lat="22.29068333333333" lon="113.93861666666665"><ele>3.8000000000000003</ele><time>2025-11-13T08:52:48Z</time></trkpt><trkpt lat="22.290664999999997" lon="113.938635"><ele>3.9999999999999996</ele><time>2025-11-13T08:52:51Z</time></trkpt><trkpt lat="22.290655" lon="113.93865166666667"><ele>4.199999999999999</ele><time>2025-11-13T08:52:53Z</time></trkpt><trkpt lat="22.290630000000004" lon="113.93866000000001"><ele>4.6</ele><time>2025-11-13T08:52:56Z</time></trkpt><trkpt lat="22.290613333333333" lon="113.938675"><ele>4.800000000000001</ele><time>2025-11-13T08:52:58Z</time></trkpt><trkpt lat="22.2906" lon="113.93869166666667"><ele>5.0</ele><time>2025-11-13T08:53:00Z</time></trkpt><trkpt lat="22.290586666666666" lon="113.93870833333334"><ele>4.9</ele><time>2025-11-13T08:53:02Z</time></trkpt><trkpt lat="22.290574999999997" lon="113.938725"><ele>4.699999999999999</ele><time>2025-11-13T08:53:04Z</time></trkpt><trkpt lat="22.29056666666667" lon="113.93874833333332"><ele>4.4</ele><time>2025-11-13T08:53:06Z</time></trkpt><trkpt lat="22.290555" lon="113.938765"><ele>4.300000000000001</ele><time>2025-11-13T08:53:08Z</time></trkpt><trkpt lat="22.290541666666666" lon="113.93878166666667"><ele>4.1</ele><time>2025-11-13T08:53:10Z</time></trkpt><trkpt lat="22.290529999999997" lon="113.93879833333334"><ele>3.6</ele><time>2025-11-13T08:53:12Z</time></trkpt><trkpt lat="22.29051833333333" lon="113.93882166666666"><ele>3.3000000000000003</ele><time>2025-11-13T08:53:15Z</time></trkpt><trkpt lat="22.290501666666668" lon="113.93883666666667"><ele>2.9999999999999996</ele><time>2025-11-13T08:53:17Z</time></trkpt><trkpt lat="22.290484999999997" lon="113.938855"><ele>2.8000000000000003</ele><time>2025-11-13T08:53:19Z</time></trkpt><trkpt lat="22.290469999999996" lon="113.93886666666667"><ele>2.4999999999999996</ele><time>2025-11-13T08:53:21Z</time></trkpt><trkpt lat="22.290453333333335" lon="113.93888"><ele>1.9999999999999996</ele><time>2025-11-13T08:53:23Z</time></trkpt><trkpt lat="22.290433333333333" lon="113.93889499999999"><ele>1.6</ele><time>2025-11-13T08:53:25Z</time></trkpt><trkpt lat="22.29042" lon="113.93890833333334"><ele>1.1999999999999997</ele><time>2025-11-13T08:53:27Z</time></trkpt><trkpt lat="22.290399999999998" lon="113.93891833333333"><ele>1.0</ele><time>2025-11-13T08:53:29Z</time></trkpt><trkpt lat="22.29038166666667" lon="113.93893333333332"><ele>0.6000000000000001</ele><time>2025-11-13T08:53:32Z</time></trkpt><trkpt lat="22.290363333333335" lon="113.938945"><ele>0.2999999999999998</ele><time>2025-11-13T08:53:35Z</time></trkpt><trkpt lat="22.290349999999997" lon="113.93895833333333"><ele>0.3999999999999999</ele><time>2025-11-13T08:53:37Z</time></trkpt><trkpt lat="22.290338333333338" lon="113.93897333333334"><ele>0.5</ele><time>2025-11-13T08:53:39Z</time></trkpt><trkpt lat="22.29032833333333" lon="113.93899000000002"><ele>0.6999999999999997</ele><time>2025-11-13T08:53:41Z</time></trkpt><trkpt lat="22.290316666666666" lon="113.93900666666666"><ele>1.1999999999999997</ele><time>2025-11-13T08:53:43Z</time></trkpt><trkpt lat="22.290303333333334" lon="113.93902000000001"><ele>1.4</ele><time>2025-11-13T08:53:45Z</time></trkpt><trkpt lat="22.29028333333333" lon="113.93902666666666"><ele>1.7999999999999998</ele><time>2025-11-13T08:53:48Z</time></trkpt><trkpt lat="22.290263333333336" lon="113.93903833333334"><ele>1.9999999999999996</ele><time>2025-11-13T08:53:51Z</time></trkpt><trkpt lat="22.290244999999995" lon="113.93905000000001"><ele>2.1</ele><time>2025-11-13T08:53:53Z</time></trkpt><trkpt lat="22.290225000000003" lon="113.93906333333334"><ele>1.7999999999999998</ele><time>2025-11-13T08:53:56Z</time></trkpt><trkpt lat="22.29020666666667" lon="113.93906999999999"><ele>0.7999999999999998</ele><time>2025-11-13T08:53:59Z</time></trkpt><trkpt lat="22.290195" lon="113.93908833333334"><ele>-0.20000000000000018</ele><time>2025-11-13T08:54:02Z</time></trkpt><trkpt lat="22.290180000000003" lon="113.93910166666667"><ele>-0.5</ele><time>2025-11-13T08:54:04Z</time></trkpt><trkpt lat="22.290163333333332" lon="113.93912166666665"><ele>-0.6000000000000001</ele><time>2025-11-13T08:54:06Z</time></trkpt><trkpt lat="22.29015" lon="113.93914666666666"><ele>-0.5</ele><time>2025-11-13T08:54:08Z</time></trkpt><trkpt lat="22.290138333333335" lon="113.93916666666668"><ele>-0.7000000000000002</ele><time>2025-11-13T08:54:10Z</time></trkpt><trkpt lat="22.290126666666666" lon="113.93918166666666"><ele>-1.1</ele><time>2025-11-13T08:54:12Z</time></trkpt><trkpt lat="22.290108333333333" lon="113.93920000000001"><ele>-1.5</ele><time>2025-11-13T08:54:14Z</time></trkpt><trkpt lat="22.290094999999997" lon="113.93921333333334"><ele>-1.7000000000000002</ele><time>2025-11-13T08:54:15Z</time></trkpt><trkpt lat="22.290081666666666" lon="113.93922833333333"><ele>-1.9000000000000001</ele><time>2025-11-13T08:54:16Z</time></trkpt><trkpt lat="22.290063333333332" lon="113.93925666666668"><ele>-2.3000000000000003</ele><time>2025-11-13T08:54:18Z</time></trkpt><trkpt lat="22.290049999999997" lon="113.93927166666666"><ele>-2.4</ele><time>2025-11-13T08:54:19Z</time></trkpt><trkpt lat="22.290028333333332" lon="113.93928499999998"><ele>-2.7</ele><time>2025-11-13T08:54:21Z</time></trkpt><trkpt lat="22.290006666666667" lon="113.93929000000001"><ele>-3.1</ele><time>2025-11-13T08:54:23Z</time></trkpt><trkpt lat="22.289985" lon="113.939275"><ele>-3.6</ele><time>2025-11-13T08:54:26Z</time></trkpt><trkpt lat="22.28997" lon="113.93926000000002"><ele>-4.0</ele><time>2025-11-13T08:54:28Z</time></trkpt><trkpt lat="22.289929999999995" lon="113.93926666666667"><ele>-4.1</ele><time>2025-11-13T08:54:30Z</time></trkpt><trkpt lat="22.289910000000003" lon="113.93925333333333"><ele>-4.4</ele><time>2025-11-13T08:54:32Z</time></trkpt><trkpt lat="22.289898333333333" lon="113.93923666666666"><ele>-4.0</ele><time>2025-11-13T08:54:34Z</time></trkpt><trkpt lat="22.289868333333335" lon="113.93922333333333"><ele>-3.4000000000000004</ele><time>2025-11-13T08:54:37Z</time></trkpt><trkpt lat="22.28985" lon="113.93920666666666"><ele>-2.9000000000000004</ele><time>2025-11-13T08:54:40Z</time></trkpt><trkpt lat="22.289838333333332" lon="113.93922166666668"><ele>-2.3000000000000003</ele><time>2025-11-13T08:54:42Z</time></trkpt><trkpt lat="22.28983333333333" lon="113.93920166666666"><ele>-2.1</ele><time>2025-11-13T08:54:45Z</time></trkpt><trkpt lat="22.289814999999997" lon="113.93920000000001"><ele>-1.7000000000000002</ele><time>2025-11-13T08:54:47Z</time></trkpt><trkpt lat="22.289818333333333" lon="113.93921999999999"><ele>-0.5</ele><time>2025-11-13T08:55:02Z</time></trkpt><trkpt lat="22.28980333333333" lon="113.93924333333334"><ele>-0.20000000000000018</ele><time>2025-11-13T08:55:08Z</time></trkpt><trkpt lat="22.289796666666668" lon="113.93926166666667"><ele>0.0</ele><time>2025-11-13T08:55:10Z</time></trkpt><trkpt lat="22.289786666666668" lon="113.93927833333333"><ele>0.19999999999999973</ele><time>2025-11-13T08:55:12Z</time></trkpt><trkpt lat="22.289768333333335" lon="113.93929333333332"><ele>0.19999999999999973</ele><time>2025-11-13T08:55:15Z</time></trkpt><trkpt lat="22.289748333333332" lon="113.93931166666668"><ele>0.10000000000000009</ele><time>2025-11-13T08:55:18Z</time></trkpt><trkpt lat="22.289731666666665" lon="113.93933333333334"><ele>-0.10000000000000009</ele><time>2025-11-13T08:55:21Z</time></trkpt><trkpt lat="22.289723333333335" lon="113.93935166666667"><ele>-0.20000000000000018</ele><time>2025-11-13T08:55:22Z</time></trkpt><trkpt lat="22.289705000000005" lon="113.93937499999998"><ele>-0.10000000000000009</ele><time>2025-11-13T08:55:24Z</time></trkpt><trkpt lat="22.289695" lon="113.939395"><ele>0.10000000000000009</ele><time>2025-11-13T08:55:26Z</time></trkpt><trkpt lat="22.28968166666667" lon="113.93941500000001"><ele>0.2999999999999998</ele><time>2025-11-13T08:55:28Z</time></trkpt><trkpt lat="22.289675000000003" lon="113.93943666666668"><ele>0.6000000000000001</ele><time>2025-11-13T08:55:31Z</time></trkpt><trkpt lat="22.28966666666667" lon="113.93945833333333"><ele>0.6999999999999997</ele><time>2025-11-13T08:55:33Z</time></trkpt><trkpt lat="22.289655" lon="113.93948"><ele>1.0</ele><time>2025-11-13T08:55:36Z</time></trkpt><trkpt lat="22.289640000000002" lon="113.93950166666667"><ele>1.1</ele><time>2025-11-13T08:55:39Z</time></trkpt><trkpt lat="22.289628333333333" lon="113.93951833333334"><ele>1.1999999999999997</ele><time>2025-11-13T08:55:41Z</time></trkpt><trkpt lat="22.289611666666662" lon="113.93953833333335"><ele>1.4</ele><time>2025-11-13T08:55:43Z</time></trkpt><trkpt lat="22.289596666666665" lon="113.93955833333332"><ele>1.6999999999999997</ele><time>2025-11-13T08:55:45Z</time></trkpt><trkpt lat="22.289593333333332" lon="113.93957999999999"><ele>1.7999999999999998</ele><time>2025-11-13T08:55:47Z</time></trkpt><trkpt lat="22.289593333333332" lon="113.93960833333334"><ele>2.1999999999999997</ele><time>2025-11-13T08:55:49Z</time></trkpt><trkpt lat="22.289588333333334" lon="113.93963333333335"><ele>2.4</ele><time>2025-11-13T08:55:51Z</time></trkpt><trkpt lat="22.289581666666663" lon="113.93965666666666"><ele>2.4999999999999996</ele><time>2025-11-13T08:55:53Z</time></trkpt><trkpt lat="22.289566666666662" lon="113.93967333333333"><ele>2.9</ele><time>2025-11-13T08:55:55Z</time></trkpt><trkpt lat="22.289544999999997" lon="113.93969166666666"><ele>3.1</ele><time>2025-11-13T08:55:57Z</time></trkpt><trkpt lat="22.289526666666667" lon="113.93971166666667"><ele>3.1</ele><time>2025-11-13T08:55:59Z</time></trkpt><trkpt lat="22.289513333333336" lon="113.93973"><ele>3.1</ele><time>2025-11-13T08:56:01Z</time></trkpt><trkpt lat="22.289506666666664" lon="113.93974833333331"><ele>3.1999999999999997</ele><time>2025-11-13T08:56:03Z</time></trkpt><trkpt lat="22.289495000000002" lon="113.93977166666667"><ele>3.3000000000000003</ele><time>2025-11-13T08:56:06Z</time></trkpt><trkpt lat="22.289476666666662" lon="113.93978666666665"><ele>3.1999999999999997</ele><time>2025-11-13T08:56:08Z</time></trkpt><trkpt lat="22.289458333333332" lon="113.939805"><ele>3.3000000000000003</ele><time>2025-11-13T08:56:11Z</time></trkpt><trkpt lat="22.28944333333333" lon="113.93982499999998"><ele>3.1999999999999997</ele><time>2025-11-13T08:56:14Z</time></trkpt><trkpt lat="22.289431666666662" lon="113.93984"><ele>3.3000000000000003</ele><time>2025-11-13T08:56:16Z</time></trkpt><trkpt lat="22.289415" lon="113.93985333333333"><ele>3.6</ele><time>2025-11-13T08:56:18Z</time></trkpt><trkpt lat="22.2894" lon="113.93986500000001"><ele>3.8000000000000003</ele><time>2025-11-13T08:56:20Z</time></trkpt><trkpt lat="22.289381666666667" lon="113.93987666666665"><ele>3.9</ele><time>2025-11-13T08:56:22Z</time></trkpt><trkpt lat="22.289356666666663" lon="113.93988666666668"><ele>4.1</ele><time>2025-11-13T08:56:24Z</time></trkpt><trkpt lat="22.28933833333333" lon="113.939895"><ele>4.199999999999999</ele><time>2025-11-13T08:56:26Z</time></trkpt><trkpt lat="22.289316666666664" lon="113.939905"><ele>4.300000000000001</ele><time>2025-11-13T08:56:28Z</time></trkpt><trkpt lat="22.28929333333333" lon="113.93991666666668"><ele>4.5</ele><time>2025-11-13T08:56:30Z</time></trkpt><trkpt lat="22.289274999999996" lon="113.93994166666668"><ele>4.300000000000001</ele><time>2025-11-13T08:56:32Z</time></trkpt><trkpt lat="22.28926166666667" lon="113.93996666666665"><ele>4.6</ele><time>2025-11-13T08:56:34Z</time></trkpt><trkpt lat="22.28925" lon="113.93998666666667"><ele>5.199999999999999</ele><time>2025-11-13T08:56:36Z</time></trkpt><trkpt lat="22.289244999999998" lon="113.94000833333332"><ele>5.5</ele><time>2025-11-13T08:56:38Z</time></trkpt><trkpt lat="22.289238333333333" lon="113.94003833333333"><ele>5.699999999999999</ele><time>2025-11-13T08:56:40Z</time></trkpt><trkpt lat="22.289233333333332" lon="113.94006499999999"><ele>5.800000000000001</ele><time>2025-11-13T08:56:42Z</time></trkpt><trkpt lat="22.289226666666664" lon="113.94008833333334"><ele>6.0</ele><time>2025-11-13T08:56:44Z</time></trkpt><trkpt lat="22.28922" lon="113.94011333333334"><ele>6.4</ele><time>2025-11-13T08:56:46Z</time></trkpt><trkpt lat="22.28920833333333" lon="113.94013833333332"><ele>7.0</ele><time>2025-11-13T08:56:48Z</time></trkpt><trkpt lat="22.289198333333335" lon="113.94016333333333"><ele>7.4</ele><time>2025-11-13T08:56:50Z</time></trkpt><trkpt lat="22.289184999999996" lon="113.94019000000002"><ele>7.700000000000001</ele><time>2025-11-13T08:56:52Z</time></trkpt><trkpt lat="22.289171666666668" lon="113.94021333333333"><ele>8.200000000000001</ele><time>2025-11-13T08:56:54Z</time></trkpt><trkpt lat="22.28916166666667" lon="113.94023999999999"><ele>8.700000000000001</ele><time>2025-11-13T08:56:56Z</time></trkpt><trkpt lat="22.289151666666665" lon="113.94026333333335"><ele>9.3</ele><time>2025-11-13T08:56:58Z</time></trkpt><trkpt lat="22.28914333333333" lon="113.94029"><ele>10.3</ele><time>2025-11-13T08:57:00Z</time></trkpt><trkpt lat="22.289136666666664" lon="113.94031666666666"><ele>10.9</ele><time>2025-11-13T08:57:02Z</time></trkpt><trkpt lat="22.289139999999996" lon="113.94034333333333"><ele>11.1</ele><time>2025-11-13T08:57:04Z</time></trkpt><trkpt lat="22.28914166666667" lon="113.94036666666668"><ele>10.8</ele><time>2025-11-13T08:57:06Z</time></trkpt><trkpt lat="22.289135" lon="113.94038833333335"><ele>11.0</ele><time>2025-11-13T08:57:08Z</time></trkpt><trkpt lat="22.28912833333333" lon="113.94041"><ele>11.1</ele><time>2025-11-13T08:57:10Z</time></trkpt><trkpt lat="22.289120000000004" lon="113.94043333333333"><ele>11.0</ele><time>2025-11-13T08:57:12Z</time></trkpt><trkpt lat="22.289109999999997" lon="113.94045499999999"><ele>10.8</ele><time>2025-11-13T08:57:14Z</time></trkpt><trkpt lat="22.28910166666667" lon="113.940475"><ele>10.6</ele><time>2025-11-13T08:57:16Z</time></trkpt><trkpt lat="22.28909833333333" lon="113.94050333333334"><ele>10.3</ele><time>2025-11-13T08:57:19Z</time></trkpt><trkpt lat="22.28909666666667" lon="113.94052666666667"><ele>9.9</ele><time>2025-11-13T08:57:21Z</time></trkpt><trkpt lat="22.289091666666664" lon="113.94055166666666"><ele>9.700000000000001</ele><time>2025-11-13T08:57:23Z</time></trkpt><trkpt lat="22.28908" lon="113.94057333333333"><ele>9.3</ele><time>2025-11-13T08:57:26Z</time></trkpt><trkpt lat="22.28908333333333" lon="113.940595"><ele>8.200000000000001</ele><time>2025-11-13T08:57:31Z</time></trkpt><trkpt lat="22.28909" lon="113.94061666666667"><ele>8.3</ele><time>2025-11-13T08:57:33Z</time></trkpt><trkpt lat="22.28908666666667" lon="113.94063999999999"><ele>7.9</ele><time>2025-11-13T08:57:38Z</time></trkpt><trkpt lat="22.28908333333333" lon="113.94066666666667"><ele>8.0</ele><time>2025-11-13T08:57:40Z</time></trkpt><trkpt lat="22.289088333333332" lon="113.94068999999999"><ele>8.1</ele><time>2025-11-13T08:57:42Z</time></trkpt><trkpt lat="22.28909666666667" lon="113.940715"><ele>8.200000000000001</ele><time>2025-11-13T08:57:45Z</time></trkpt><trkpt lat="22.2891" lon="113.94073833333331"><ele>8.200000000000001</ele><time>2025-11-13T08:57:47Z</time></trkpt><trkpt lat="22.289106666666665" lon="113.94077"><ele>8.0</ele><time>2025-11-13T08:57:49Z</time></trkpt><trkpt lat="22.28911333333333" lon="113.94079333333333"><ele>7.9</ele><time>2025-11-13T08:57:51Z</time></trkpt><trkpt lat="22.28913" lon="113.94081499999999"><ele>7.4</ele><time>2025-11-13T08:57:54Z</time></trkpt><trkpt lat="22.28914333333333" lon="113.940845"><ele>7.300000000000001</ele><time>2025-11-13T08:57:56Z</time></trkpt><trkpt lat="22.28914666666667" lon="113.94087833333333"><ele>7.300000000000001</ele><time>2025-11-13T08:57:58Z</time></trkpt><trkpt lat="22.289150000000003" lon="113.94090999999999"><ele>7.300000000000001</ele><time>2025-11-13T08:58:00Z</time></trkpt><trkpt lat="22.289156666666667" lon="113.94092833333335"><ele>7.300000000000001</ele><time>2025-11-13T08:58:02Z</time></trkpt><trkpt lat="22.28916166666667" lon="113.94095"><ele>6.9</ele><time>2025-11-13T08:58:05Z</time></trkpt><trkpt lat="22.28916" lon="113.94097500000001"><ele>6.700000000000001</ele><time>2025-11-13T08:58:09Z</time></trkpt><trkpt lat="22.289166666666667" lon="113.94099333333334"><ele>6.5</ele><time>2025-11-13T08:58:14Z</time></trkpt><trkpt lat="22.28917333333333" lon="113.94101500000001"><ele>6.200000000000001</ele><time>2025-11-13T08:58:24Z</time></trkpt></trkseg></trk></gpx>