<?xml version='1.0' encoding='UTF-8' ?><gpx version="1.1" creator="HikingTrailHK" xsi:schemaLocation="http://www.topografix.com/GPX/1/1 http://www.topografix.com/GPX/1/1/gpx.xsd" xmlns="http://www.topografix.com/GPX/1/1" xmlns:xsi="http://www.w3.org/2001/XMLSchema-instance"><metadata><name>觀景山 @ 2026-03-23 11:24:19</name><desc></desc></metadata><wpt lat="22.29371" lon="113.93455833333334"><ele>59.199999999999996</ele><time>2026-03-23T04:31:26Z</time><name>油桶景</name></wpt><wpt lat="22.296100000000003" lon="113.93517333333332"><ele>7.2</ele><time>2026-03-23T05:03:09Z</time><name>白色柱</name></wpt><wpt lat="22.28341833333333" lon="113.92664666666666"><ele>-1.3000000000000003</ele><time>2026-03-23T07:21:59Z</time><name>墳地</name></wpt><wpt lat="22.284058333333338" lon="113.92598333333332"><ele>2.8</ele><time>2026-03-23T07:23:25Z</time><name>澗</name></wpt><wpt lat="22.284333333333333" lon="113.92583833333335"><ele>1.5</ele><time>2026-03-23T07:24:19Z</time><name>地界石</name></wpt><wpt lat="22.28482166666667" lon="113.92426500000002"><ele>29.1</ele><time>2026-03-23T07:32:47Z</time><name>岩壁</name></wpt><wpt lat="22.285096666666664" lon="113.92344166666665"><ele>46.0</ele><time>2026-03-23T07:39:05Z</time><name>岩壁</name></wpt><wpt lat="22.284083333333335" lon="113.92211999999999"><ele>152.4</ele><time>2026-03-23T07:59:14Z</time><name>岩壁</name></wpt><wpt lat="22.281304999999996" lon="113.92335499999999"><ele>195.60000000000002</ele><time>2026-03-23T08:45:00Z</time><name>大岩</name></wpt><wpt lat="22.279555" lon="113.93257666666665"><ele>0.8999999999999999</ele><time>2026-03-23T09:19:04Z</time><name>農莊</name></wpt><wpt lat="22.279415000000004" lon="113.93471833333334"><ele>0.7999999999999998</ele><time>2026-03-23T09:29:49Z</time><name>小船</name></wpt><trk><trkseg><trkpt lat="22.290068333333338" lon="113.939275"><ele>12.1</ele><time>2026-03-23T03:24:19Z</time></trkpt><trkpt lat="22.29008666666667" lon="113.93928"><ele>12.3</ele><time>2026-03-23T03:24:22Z</time></trkpt><trkpt lat="22.29010333333333" lon="113.93925333333333"><ele>12.1</ele><time>2026-03-23T03:24:25Z</time></trkpt><trkpt lat="22.290123333333334" lon="113.93921333333334"><ele>11.9</ele><time>2026-03-23T03:24:27Z</time></trkpt><trkpt lat="22.290133333333333" lon="113.93919333333334"><ele>11.700000000000001</ele><time>2026-03-23T03:24:28Z</time></trkpt><trkpt lat="22.29014833333333" lon="113.93916499999999"><ele>11.200000000000001</ele><time>2026-03-23T03:24:30Z</time></trkpt><trkpt lat="22.290163333333332" lon="113.93914333333332"><ele>10.6</ele><time>2026-03-23T03:24:32Z</time></trkpt><trkpt lat="22.290184999999997" lon="113.93912166666665"><ele>10.0</ele><time>2026-03-23T03:24:34Z</time></trkpt><trkpt lat="22.290199999999995" lon="113.93910833333332"><ele>9.5</ele><time>2026-03-23T03:24:35Z</time></trkpt><trkpt lat="22.290223333333333" lon="113.93909000000001"><ele>8.700000000000001</ele><time>2026-03-23T03:24:37Z</time></trkpt><trkpt lat="22.29024" lon="113.93906999999999"><ele>8.1</ele><time>2026-03-23T03:24:40Z</time></trkpt><trkpt lat="22.290256666666664" lon="113.93905000000001"><ele>7.5</ele><time>2026-03-23T03:24:42Z</time></trkpt><trkpt lat="22.290278333333337" lon="113.93903333333334"><ele>7.1</ele><time>2026-03-23T03:24:44Z</time></trkpt><trkpt lat="22.290300000000002" lon="113.93901"><ele>6.5</ele><time>2026-03-23T03:24:46Z</time></trkpt><trkpt lat="22.290313333333334" lon="113.93899000000002"><ele>6.0</ele><time>2026-03-23T03:24:48Z</time></trkpt><trkpt lat="22.290331666666663" lon="113.93897666666665"><ele>5.4</ele><time>2026-03-23T03:24:51Z</time></trkpt><trkpt lat="22.290349999999997" lon="113.93895499999999"><ele>5.0</ele><time>2026-03-23T03:24:53Z</time></trkpt><trkpt lat="22.29037166666667" lon="113.93894333333334"><ele>4.699999999999999</ele><time>2026-03-23T03:24:55Z</time></trkpt><trkpt lat="22.29038666666667" lon="113.93892666666667"><ele>4.6</ele><time>2026-03-23T03:24:57Z</time></trkpt><trkpt lat="22.29039833333333" lon="113.93890333333333"><ele>4.800000000000001</ele><time>2026-03-23T03:25:00Z</time></trkpt><trkpt lat="22.290415" lon="113.938885"><ele>4.800000000000001</ele><time>2026-03-23T03:25:02Z</time></trkpt><trkpt lat="22.29043" lon="113.93886166666668"><ele>4.800000000000001</ele><time>2026-03-23T03:25:04Z</time></trkpt><trkpt lat="22.290453333333335" lon="113.93884000000001"><ele>4.5</ele><time>2026-03-23T03:25:06Z</time></trkpt><trkpt lat="22.290466666666664" lon="113.93881333333333"><ele>4.4</ele><time>2026-03-23T03:25:10Z</time></trkpt><trkpt lat="22.290483333333334" lon="113.93880166666668"><ele>4.5</ele><time>2026-03-23T03:25:12Z</time></trkpt><trkpt lat="22.29050333333333" lon="113.93878666666666"><ele>4.4</ele><time>2026-03-23T03:25:14Z</time></trkpt><trkpt lat="22.29051666666667" lon="113.93877166666668"><ele>4.4</ele><time>2026-03-23T03:25:16Z</time></trkpt><trkpt lat="22.290526666666665" lon="113.938755"><ele>4.300000000000001</ele><time>2026-03-23T03:25:18Z</time></trkpt><trkpt lat="22.29053666666667" lon="113.93873333333335"><ele>3.9999999999999996</ele><time>2026-03-23T03:25:20Z</time></trkpt><trkpt lat="22.29055333333333" lon="113.93872000000002"><ele>3.6999999999999997</ele><time>2026-03-23T03:25:22Z</time></trkpt><trkpt lat="22.290570000000002" lon="113.93870833333334"><ele>3.3000000000000003</ele><time>2026-03-23T03:25:24Z</time></trkpt><trkpt lat="22.29057833333333" lon="113.93868499999999"><ele>2.1999999999999997</ele><time>2026-03-23T03:25:27Z</time></trkpt><trkpt lat="22.290589999999998" lon="113.93866833333335"><ele>1.6</ele><time>2026-03-23T03:25:29Z</time></trkpt><trkpt lat="22.29061" lon="113.93865"><ele>1.1999999999999997</ele><time>2026-03-23T03:25:32Z</time></trkpt><trkpt lat="22.290625" lon="113.93863833333334"><ele>0.6000000000000001</ele><time>2026-03-23T03:25:34Z</time></trkpt><trkpt lat="22.29064" lon="113.93862166666668"><ele>0.0</ele><time>2026-03-23T03:25:36Z</time></trkpt><trkpt lat="22.290658333333333" lon="113.93861"><ele>-0.40000000000000013</ele><time>2026-03-23T03:25:38Z</time></trkpt><trkpt lat="22.290675000000004" lon="113.93859166666668"><ele>-0.20000000000000018</ele><time>2026-03-23T03:25:40Z</time></trkpt><trkpt lat="22.290688333333332" lon="113.93857666666666"><ele>0.0</ele><time>2026-03-23T03:25:42Z</time></trkpt><trkpt lat="22.29070166666667" lon="113.93855"><ele>0.0</ele><time>2026-03-23T03:25:45Z</time></trkpt><trkpt lat="22.290715" lon="113.93852833333334"><ele>-0.10000000000000009</ele><time>2026-03-23T03:25:47Z</time></trkpt><trkpt lat="22.290725" lon="113.93851000000001"><ele>0.5</ele><time>2026-03-23T03:25:49Z</time></trkpt><trkpt lat="22.29072833333333" lon="113.93849"><ele>0.7999999999999998</ele><time>2026-03-23T03:25:51Z</time></trkpt><trkpt lat="22.290716666666672" lon="113.938465"><ele>1.1</ele><time>2026-03-23T03:25:54Z</time></trkpt><trkpt lat="22.290703333333333" lon="113.93843666666668"><ele>2.1999999999999997</ele><time>2026-03-23T03:25:56Z</time></trkpt><trkpt lat="22.29068" lon="113.93842500000001"><ele>3.4</ele><time>2026-03-23T03:25:58Z</time></trkpt><trkpt lat="22.29068666666667" lon="113.93839833333335"><ele>5.800000000000001</ele><time>2026-03-23T03:26:02Z</time></trkpt><trkpt lat="22.29070166666667" lon="113.93842666666666"><ele>7.5</ele><time>2026-03-23T03:26:09Z</time></trkpt><trkpt lat="22.290723333333336" lon="113.93843833333334"><ele>7.0</ele><time>2026-03-23T03:26:11Z</time></trkpt><trkpt lat="22.290738333333334" lon="113.93845000000002"><ele>6.9</ele><time>2026-03-23T03:26:12Z</time></trkpt><trkpt lat="22.29077" lon="113.93845333333333"><ele>5.9</ele><time>2026-03-23T03:26:14Z</time></trkpt><trkpt lat="22.29079" lon="113.93843666666668"><ele>4.699999999999999</ele><time>2026-03-23T03:26:17Z</time></trkpt><trkpt lat="22.290810000000004" lon="113.93842333333332"><ele>4.300000000000001</ele><time>2026-03-23T03:26:19Z</time></trkpt><trkpt lat="22.29083333333333" lon="113.93839833333335"><ele>3.8000000000000003</ele><time>2026-03-23T03:26:21Z</time></trkpt><trkpt lat="22.290853333333335" lon="113.93838"><ele>3.4999999999999996</ele><time>2026-03-23T03:26:23Z</time></trkpt><trkpt lat="22.290873333333334" lon="113.93835833333333"><ele>3.1</ele><time>2026-03-23T03:26:25Z</time></trkpt><trkpt lat="22.290900000000004" lon="113.93834166666666"><ele>2.9999999999999996</ele><time>2026-03-23T03:26:27Z</time></trkpt><trkpt lat="22.290919999999996" lon="113.93832833333333"><ele>3.3000000000000003</ele><time>2026-03-23T03:26:29Z</time></trkpt><trkpt lat="22.290934999999998" lon="113.93831666666668"><ele>3.3</ele><time>2026-03-23T03:26:32Z</time></trkpt><trkpt lat="22.29095166666667" lon="113.93830833333335"><ele>3.2</ele><time>2026-03-23T03:26:34Z</time></trkpt><trkpt lat="22.29098333333333" lon="113.938305"><ele>3.0999999999999996</ele><time>2026-03-23T03:26:36Z</time></trkpt><trkpt lat="22.291009999999996" lon="113.93830666666666"><ele>3.0999999999999996</ele><time>2026-03-23T03:26:38Z</time></trkpt><trkpt lat="22.29103" lon="113.93831333333334"><ele>3.0999999999999996</ele><time>2026-03-23T03:26:40Z</time></trkpt><trkpt lat="22.291053333333334" lon="113.93831999999999"><ele>3.5</ele><time>2026-03-23T03:26:43Z</time></trkpt><trkpt lat="22.291075" lon="113.93834"><ele>3.8</ele><time>2026-03-23T03:26:46Z</time></trkpt><trkpt lat="22.29108833333333" lon="113.93836333333333"><ele>3.8</ele><time>2026-03-23T03:26:48Z</time></trkpt><trkpt lat="22.291099999999997" lon="113.93838499999998"><ele>3.6</ele><time>2026-03-23T03:26:53Z</time></trkpt><trkpt lat="22.291103333333332" lon="113.93840999999999"><ele>3.6</ele><time>2026-03-23T03:26:56Z</time></trkpt><trkpt lat="22.29108666666667" lon="113.93842333333332"><ele>3.6</ele><time>2026-03-23T03:26:59Z</time></trkpt><trkpt lat="22.291071666666667" lon="113.93843833333334"><ele>3.4999999999999996</ele><time>2026-03-23T03:27:01Z</time></trkpt><trkpt lat="22.291081666666667" lon="113.93842000000001"><ele>2.6</ele><time>2026-03-23T03:27:07Z</time></trkpt><trkpt lat="22.291091666666663" lon="113.938395"><ele>2.4</ele><time>2026-03-23T03:27:09Z</time></trkpt><trkpt lat="22.291103333333332" lon="113.93838"><ele>2.0</ele><time>2026-03-23T03:27:11Z</time></trkpt><trkpt lat="22.291116666666667" lon="113.93836166666667"><ele>1.7999999999999998</ele><time>2026-03-23T03:27:14Z</time></trkpt><trkpt lat="22.291128333333337" lon="113.93833666666666"><ele>2.0999999999999996</ele><time>2026-03-23T03:27:17Z</time></trkpt><trkpt lat="22.291148333333332" lon="113.93833333333332"><ele>1.6999999999999997</ele><time>2026-03-23T03:27:39Z</time></trkpt><trkpt lat="22.291165" lon="113.93832166666668"><ele>2.3</ele><time>2026-03-23T03:27:43Z</time></trkpt><trkpt lat="22.291183333333333" lon="113.93831666666668"><ele>2.3999999999999995</ele><time>2026-03-23T03:27:45Z</time></trkpt><trkpt lat="22.291161666666667" lon="113.93829"><ele>1.8999999999999995</ele><time>2026-03-23T03:27:50Z</time></trkpt><trkpt lat="22.291140000000002" lon="113.938285"><ele>1.5</ele><time>2026-03-23T03:27:52Z</time></trkpt><trkpt lat="22.291123333333335" lon="113.938275"><ele>1.6999999999999997</ele><time>2026-03-23T03:27:54Z</time></trkpt><trkpt lat="22.29111833333333" lon="113.93829499999998"><ele>2.2</ele><time>2026-03-23T03:28:01Z</time></trkpt><trkpt lat="22.291135" lon="113.93831333333334"><ele>3.8999999999999995</ele><time>2026-03-23T03:28:08Z</time></trkpt><trkpt lat="22.291151666666664" lon="113.93832333333333"><ele>4.3999999999999995</ele><time>2026-03-23T03:28:12Z</time></trkpt><trkpt lat="22.291173333333337" lon="113.938315"><ele>4.6</ele><time>2026-03-23T03:28:14Z</time></trkpt><trkpt lat="22.291200000000003" lon="113.93830833333335"><ele>4.7</ele><time>2026-03-23T03:28:17Z</time></trkpt><trkpt lat="22.29122" lon="113.93830166666666"><ele>4.7</ele><time>2026-03-23T03:28:20Z</time></trkpt><trkpt lat="22.291240000000002" lon="113.938285"><ele>5.0</ele><time>2026-03-23T03:28:22Z</time></trkpt><trkpt lat="22.291260000000005" lon="113.93826666666668"><ele>5.2</ele><time>2026-03-23T03:28:24Z</time></trkpt><trkpt lat="22.29128166666667" lon="113.93824666666666"><ele>5.5</ele><time>2026-03-23T03:28:26Z</time></trkpt><trkpt lat="22.291305000000005" lon="113.93822666666668"><ele>5.1</ele><time>2026-03-23T03:28:29Z</time></trkpt><trkpt lat="22.291320000000002" lon="113.93820666666667"><ele>4.8</ele><time>2026-03-23T03:28:31Z</time></trkpt><trkpt lat="22.291335000000004" lon="113.93819"><ele>4.6</ele><time>2026-03-23T03:28:33Z</time></trkpt><trkpt lat="22.291348333333335" lon="113.93817333333332"><ele>4.5</ele><time>2026-03-23T03:28:35Z</time></trkpt><trkpt lat="22.291368333333335" lon="113.93815500000001"><ele>4.1</ele><time>2026-03-23T03:28:38Z</time></trkpt><trkpt lat="22.29137166666667" lon="113.938135"><ele>3.8999999999999995</ele><time>2026-03-23T03:28:40Z</time></trkpt><trkpt lat="22.291361666666663" lon="113.93811"><ele>3.5</ele><time>2026-03-23T03:28:43Z</time></trkpt><trkpt lat="22.291345" lon="113.93809333333333"><ele>3.0999999999999996</ele><time>2026-03-23T03:28:46Z</time></trkpt><trkpt lat="22.291331666666665" lon="113.93807"><ele>2.2</ele><time>2026-03-23T03:28:50Z</time></trkpt><trkpt lat="22.291346666666662" lon="113.93808333333332"><ele>1.2999999999999998</ele><time>2026-03-23T03:28:58Z</time></trkpt><trkpt lat="22.291363333333333" lon="113.93806500000001"><ele>2.3</ele><time>2026-03-23T03:29:04Z</time></trkpt><trkpt lat="22.291375000000002" lon="113.93804666666668"><ele>2.8999999999999995</ele><time>2026-03-23T03:29:09Z</time></trkpt><trkpt lat="22.291363333333333" lon="113.93807166666666"><ele>3.0999999999999996</ele><time>2026-03-23T03:29:16Z</time></trkpt><trkpt lat="22.29136" lon="113.93809166666666"><ele>2.8999999999999995</ele><time>2026-03-23T03:29:18Z</time></trkpt><trkpt lat="22.291339999999998" lon="113.93807666666667"><ele>3.3</ele><time>2026-03-23T03:29:24Z</time></trkpt><trkpt lat="22.29131333333333" lon="113.93806833333335"><ele>3.7</ele><time>2026-03-23T03:29:27Z</time></trkpt><trkpt lat="22.291296666666668" lon="113.93804999999999"><ele>3.5999999999999996</ele><time>2026-03-23T03:29:29Z</time></trkpt><trkpt lat="22.29128166666667" lon="113.93803333333332"><ele>3.3</ele><time>2026-03-23T03:29:31Z</time></trkpt><trkpt lat="22.291273333333333" lon="113.938015"><ele>3.0</ele><time>2026-03-23T03:29:34Z</time></trkpt><trkpt lat="22.29126666666667" lon="113.93799166666668"><ele>2.2</ele><time>2026-03-23T03:29:40Z</time></trkpt><trkpt lat="22.29125333333333" lon="113.93797"><ele>2.0999999999999996</ele><time>2026-03-23T03:29:43Z</time></trkpt><trkpt lat="22.291245000000004" lon="113.93795"><ele>2.2</ele><time>2026-03-23T03:29:45Z</time></trkpt><trkpt lat="22.291234999999997" lon="113.93792333333334"><ele>2.5</ele><time>2026-03-23T03:29:47Z</time></trkpt><trkpt lat="22.291234999999997" lon="113.93789833333334"><ele>2.8</ele><time>2026-03-23T03:29:49Z</time></trkpt><trkpt lat="22.291260000000005" lon="113.93789999999998"><ele>4.0</ele><time>2026-03-23T03:29:52Z</time></trkpt><trkpt lat="22.291278333333334" lon="113.93791333333333"><ele>4.7</ele><time>2026-03-23T03:29:54Z</time></trkpt><trkpt lat="22.291294999999998" lon="113.93793"><ele>5.2</ele><time>2026-03-23T03:29:56Z</time></trkpt><trkpt lat="22.29131333333333" lon="113.93794833333335"><ele>5.6</ele><time>2026-03-23T03:29:58Z</time></trkpt><trkpt lat="22.291328333333333" lon="113.93796666666667"><ele>5.8</ele><time>2026-03-23T03:30:00Z</time></trkpt><trkpt lat="22.29134333333333" lon="113.93798"><ele>5.8</ele><time>2026-03-23T03:30:02Z</time></trkpt><trkpt lat="22.291345" lon="113.93795833333334"><ele>6.1000000000000005</ele><time>2026-03-23T03:30:06Z</time></trkpt><trkpt lat="22.291335000000004" lon="113.93793333333333"><ele>6.1000000000000005</ele><time>2026-03-23T03:30:08Z</time></trkpt><trkpt lat="22.291316666666663" lon="113.937915"><ele>5.8999999999999995</ele><time>2026-03-23T03:30:10Z</time></trkpt><trkpt lat="22.291294999999998" lon="113.93789833333334"><ele>6.2</ele><time>2026-03-23T03:30:12Z</time></trkpt><trkpt lat="22.291275000000002" lon="113.93788333333332"><ele>6.7</ele><time>2026-03-23T03:30:14Z</time></trkpt><trkpt lat="22.291258333333335" lon="113.93786999999999"><ele>7.1000000000000005</ele><time>2026-03-23T03:30:17Z</time></trkpt><trkpt lat="22.291243333333334" lon="113.93785333333332"><ele>7.3</ele><time>2026-03-23T03:30:20Z</time></trkpt><trkpt lat="22.29122166666667" lon="113.93784499999998"><ele>7.6000000000000005</ele><time>2026-03-23T03:30:23Z</time></trkpt><trkpt lat="22.291204999999998" lon="113.93782833333334"><ele>7.8</ele><time>2026-03-23T03:30:25Z</time></trkpt><trkpt lat="22.291189999999997" lon="113.93780666666667"><ele>7.8999999999999995</ele><time>2026-03-23T03:30:27Z</time></trkpt><trkpt lat="22.291175" lon="113.93779"><ele>7.999999999999999</ele><time>2026-03-23T03:30:29Z</time></trkpt><trkpt lat="22.291161666666667" lon="113.93777"><ele>8.100000000000001</ele><time>2026-03-23T03:30:31Z</time></trkpt><trkpt lat="22.291151666666664" lon="113.93775333333333"><ele>8.100000000000001</ele><time>2026-03-23T03:30:33Z</time></trkpt><trkpt lat="22.291135" lon="113.93772499999999"><ele>8.2</ele><time>2026-03-23T03:30:35Z</time></trkpt><trkpt lat="22.291121666666662" lon="113.93770166666667"><ele>8.3</ele><time>2026-03-23T03:30:37Z</time></trkpt><trkpt lat="22.291116666666667" lon="113.93768166666665"><ele>8.100000000000001</ele><time>2026-03-23T03:30:39Z</time></trkpt><trkpt lat="22.291106666666664" lon="113.93766333333333"><ele>8.2</ele><time>2026-03-23T03:30:41Z</time></trkpt><trkpt lat="22.29108833333333" lon="113.93764000000002"><ele>7.999999999999999</ele><time>2026-03-23T03:30:43Z</time></trkpt><trkpt lat="22.291071666666667" lon="113.93762166666666"><ele>8.2</ele><time>2026-03-23T03:30:45Z</time></trkpt><trkpt lat="22.291054999999997" lon="113.93761333333332"><ele>8.5</ele><time>2026-03-23T03:30:47Z</time></trkpt><trkpt lat="22.291038333333336" lon="113.93760166666668"><ele>8.7</ele><time>2026-03-23T03:30:49Z</time></trkpt><trkpt lat="22.291023333333335" lon="113.93758666666666"><ele>8.8</ele><time>2026-03-23T03:30:51Z</time></trkpt><trkpt lat="22.291008333333334" lon="113.93756833333333"><ele>9.3</ele><time>2026-03-23T03:30:53Z</time></trkpt><trkpt lat="22.29099833333333" lon="113.93754666666668"><ele>9.600000000000001</ele><time>2026-03-23T03:30:55Z</time></trkpt><trkpt lat="22.290990000000004" lon="113.93752500000001"><ele>9.7</ele><time>2026-03-23T03:30:57Z</time></trkpt><trkpt lat="22.290975000000003" lon="113.937505"><ele>9.600000000000001</ele><time>2026-03-23T03:30:59Z</time></trkpt><trkpt lat="22.290964999999996" lon="113.93748666666667"><ele>9.7</ele><time>2026-03-23T03:31:01Z</time></trkpt><trkpt lat="22.29095333333333" lon="113.93746166666666"><ele>9.8</ele><time>2026-03-23T03:31:04Z</time></trkpt><trkpt lat="22.290946666666667" lon="113.93744333333333"><ele>9.899999999999999</ele><time>2026-03-23T03:31:06Z</time></trkpt><trkpt lat="22.290928333333333" lon="113.93742333333333"><ele>9.8</ele><time>2026-03-23T03:31:09Z</time></trkpt><trkpt lat="22.290919999999996" lon="113.93740166666666"><ele>9.8</ele><time>2026-03-23T03:31:11Z</time></trkpt><trkpt lat="22.29090833333333" lon="113.93737833333334"><ele>9.8</ele><time>2026-03-23T03:31:13Z</time></trkpt><trkpt lat="22.29089666666666" lon="113.93735999999998"><ele>9.8</ele><time>2026-03-23T03:31:15Z</time></trkpt><trkpt lat="22.290886666666665" lon="113.93733500000002"><ele>9.8</ele><time>2026-03-23T03:31:17Z</time></trkpt><trkpt lat="22.29087666666667" lon="113.93731833333335"><ele>9.399999999999999</ele><time>2026-03-23T03:31:19Z</time></trkpt><trkpt lat="22.290868333333332" lon="113.93729499999999"><ele>9.0</ele><time>2026-03-23T03:31:21Z</time></trkpt><trkpt lat="22.29086" lon="113.93727166666667"><ele>8.2</ele><time>2026-03-23T03:31:23Z</time></trkpt><trkpt lat="22.290853333333335" lon="113.93725166666667"><ele>7.8</ele><time>2026-03-23T03:31:25Z</time></trkpt><trkpt lat="22.290843333333335" lon="113.93722833333335"><ele>7.499999999999999</ele><time>2026-03-23T03:31:27Z</time></trkpt><trkpt lat="22.290835" lon="113.93720333333334"><ele>7.2</ele><time>2026-03-23T03:31:29Z</time></trkpt><trkpt lat="22.290828333333334" lon="113.93717833333334"><ele>6.999999999999999</ele><time>2026-03-23T03:31:31Z</time></trkpt><trkpt lat="22.29082" lon="113.93715333333333"><ele>6.8</ele><time>2026-03-23T03:31:33Z</time></trkpt><trkpt lat="22.290808333333334" lon="113.93713000000001"><ele>6.499999999999999</ele><time>2026-03-23T03:31:35Z</time></trkpt><trkpt lat="22.290793333333333" lon="113.937105"><ele>5.999999999999999</ele><time>2026-03-23T03:31:37Z</time></trkpt><trkpt lat="22.290783333333334" lon="113.93708333333333"><ele>5.999999999999999</ele><time>2026-03-23T03:31:39Z</time></trkpt><trkpt lat="22.29077333333333" lon="113.93706166666668"><ele>6.1000000000000005</ele><time>2026-03-23T03:31:41Z</time></trkpt><trkpt lat="22.290763333333334" lon="113.93704333333332"><ele>6.3999999999999995</ele><time>2026-03-23T03:31:43Z</time></trkpt><trkpt lat="22.290751666666665" lon="113.93701833333334"><ele>6.1000000000000005</ele><time>2026-03-23T03:31:45Z</time></trkpt><trkpt lat="22.29074333333333" lon="113.93699166666666"><ele>6.2</ele><time>2026-03-23T03:31:47Z</time></trkpt><trkpt lat="22.29073166666667" lon="113.93696666666668"><ele>5.8999999999999995</ele><time>2026-03-23T03:31:49Z</time></trkpt><trkpt lat="22.290721666666666" lon="113.93693666666668"><ele>5.7</ele><time>2026-03-23T03:31:51Z</time></trkpt><trkpt lat="22.290716666666672" lon="113.93690666666667"><ele>5.5</ele><time>2026-03-23T03:31:53Z</time></trkpt><trkpt lat="22.290706666666665" lon="113.93688333333333"><ele>5.6</ele><time>2026-03-23T03:31:55Z</time></trkpt><trkpt lat="22.290693333333333" lon="113.93686166666666"><ele>5.2</ele><time>2026-03-23T03:31:57Z</time></trkpt><trkpt lat="22.290688333333332" lon="113.93684"><ele>4.8</ele><time>2026-03-23T03:31:59Z</time></trkpt><trkpt lat="22.29068" lon="113.93681833333333"><ele>4.8</ele><time>2026-03-23T03:32:01Z</time></trkpt><trkpt lat="22.290675000000004" lon="113.93679500000002"><ele>4.8</ele><time>2026-03-23T03:32:03Z</time></trkpt><trkpt lat="22.290666666666667" lon="113.93677166666666"><ele>4.8</ele><time>2026-03-23T03:32:05Z</time></trkpt><trkpt lat="22.29065333333333" lon="113.93675166666665"><ele>4.8</ele><time>2026-03-23T03:32:07Z</time></trkpt><trkpt lat="22.29064" lon="113.93673666666668"><ele>4.6</ele><time>2026-03-23T03:32:09Z</time></trkpt><trkpt lat="22.290630000000004" lon="113.936715"><ele>4.5</ele><time>2026-03-23T03:32:11Z</time></trkpt><trkpt lat="22.290618333333335" lon="113.93668833333335"><ele>4.6</ele><time>2026-03-23T03:32:13Z</time></trkpt><trkpt lat="22.29061166666667" lon="113.93671333333332"><ele>4.8</ele><time>2026-03-23T03:32:21Z</time></trkpt><trkpt lat="22.29056666666667" lon="113.93672"><ele>3.5999999999999996</ele><time>2026-03-23T03:32:35Z</time></trkpt><trkpt lat="22.290543333333336" lon="113.93671"><ele>3.5999999999999996</ele><time>2026-03-23T03:32:38Z</time></trkpt><trkpt lat="22.290525000000002" lon="113.93671166666667"><ele>3.7</ele><time>2026-03-23T03:32:45Z</time></trkpt><trkpt lat="22.290498333333336" lon="113.93671833333335"><ele>5.0</ele><time>2026-03-23T03:33:02Z</time></trkpt><trkpt lat="22.290478333333333" lon="113.93671833333335"><ele>4.7</ele><time>2026-03-23T03:33:08Z</time></trkpt><trkpt lat="22.290454999999998" lon="113.93671166666667"><ele>4.6</ele><time>2026-03-23T03:33:12Z</time></trkpt><trkpt lat="22.29043166666667" lon="113.93670833333333"><ele>4.7</ele><time>2026-03-23T03:33:15Z</time></trkpt><trkpt lat="22.29041333333333" lon="113.93670166666668"><ele>4.7</ele><time>2026-03-23T03:33:17Z</time></trkpt><trkpt lat="22.290391666666665" lon="113.93670833333333"><ele>4.6</ele><time>2026-03-23T03:33:21Z</time></trkpt><trkpt lat="22.29037" lon="113.93671166666667"><ele>4.6</ele><time>2026-03-23T03:33:24Z</time></trkpt><trkpt lat="22.290348333333334" lon="113.93671"><ele>4.7</ele><time>2026-03-23T03:33:27Z</time></trkpt><trkpt lat="22.290321666666667" lon="113.936715"><ele>4.2</ele><time>2026-03-23T03:33:31Z</time></trkpt><trkpt lat="22.290348333333334" lon="113.93671833333335"><ele>3.8999999999999995</ele><time>2026-03-23T03:33:39Z</time></trkpt><trkpt lat="22.290366666666667" lon="113.93671333333332"><ele>3.8999999999999995</ele><time>2026-03-23T03:33:41Z</time></trkpt><trkpt lat="22.290385" lon="113.93670666666667"><ele>4.1</ele><time>2026-03-23T03:33:45Z</time></trkpt><trkpt lat="22.290396666666666" lon="113.93669166666665"><ele>4.7</ele><time>2026-03-23T03:33:49Z</time></trkpt><trkpt lat="22.29038666666667" lon="113.93667500000001"><ele>5.3</ele><time>2026-03-23T03:33:53Z</time></trkpt><trkpt lat="22.290385" lon="113.93665000000001"><ele>5.6</ele><time>2026-03-23T03:33:57Z</time></trkpt><trkpt lat="22.29036833333333" lon="113.93663"><ele>5.8999999999999995</ele><time>2026-03-23T03:34:00Z</time></trkpt><trkpt lat="22.290354999999998" lon="113.93664333333332"><ele>6.1000000000000005</ele><time>2026-03-23T03:34:02Z</time></trkpt><trkpt lat="22.290351666666666" lon="113.93666666666668"><ele>6.3</ele><time>2026-03-23T03:34:04Z</time></trkpt><trkpt lat="22.290346666666665" lon="113.93668833333335"><ele>6.6000000000000005</ele><time>2026-03-23T03:34:06Z</time></trkpt><trkpt lat="22.290338333333338" lon="113.93671"><ele>6.8999999999999995</ele><time>2026-03-23T03:34:08Z</time></trkpt><trkpt lat="22.290323333333337" lon="113.93672333333333"><ele>7.1000000000000005</ele><time>2026-03-23T03:34:10Z</time></trkpt><trkpt lat="22.290319999999998" lon="113.93674333333333"><ele>7.3999999999999995</ele><time>2026-03-23T03:34:12Z</time></trkpt><trkpt lat="22.290313333333334" lon="113.93676333333333"><ele>7.8999999999999995</ele><time>2026-03-23T03:34:14Z</time></trkpt><trkpt lat="22.29032833333333" lon="113.93678333333334"><ele>8.3</ele><time>2026-03-23T03:34:16Z</time></trkpt><trkpt lat="22.290346666666665" lon="113.93676833333332"><ele>8.8</ele><time>2026-03-23T03:34:18Z</time></trkpt><trkpt lat="22.290375" lon="113.93674333333333"><ele>9.0</ele><time>2026-03-23T03:34:19Z</time></trkpt><trkpt lat="22.290396666666666" lon="113.93672999999998"><ele>9.2</ele><time>2026-03-23T03:34:20Z</time></trkpt><trkpt lat="22.290408333333335" lon="113.93671166666667"><ele>9.2</ele><time>2026-03-23T03:34:21Z</time></trkpt><trkpt lat="22.29042666666667" lon="113.93669333333334"><ele>9.399999999999999</ele><time>2026-03-23T03:34:22Z</time></trkpt><trkpt lat="22.290445" lon="113.93668000000001"><ele>9.399999999999999</ele><time>2026-03-23T03:34:24Z</time></trkpt><trkpt lat="22.290465" lon="113.93667833333332"><ele>9.100000000000001</ele><time>2026-03-23T03:34:26Z</time></trkpt><trkpt lat="22.290486666666666" lon="113.936685"><ele>8.600000000000001</ele><time>2026-03-23T03:34:27Z</time></trkpt><trkpt lat="22.29052166666667" lon="113.93669333333334"><ele>7.8999999999999995</ele><time>2026-03-23T03:34:29Z</time></trkpt><trkpt lat="22.29055166666667" lon="113.93670333333333"><ele>7.2</ele><time>2026-03-23T03:34:31Z</time></trkpt><trkpt lat="22.290571666666665" lon="113.93671666666665"><ele>7.1000000000000005</ele><time>2026-03-23T03:34:33Z</time></trkpt><trkpt lat="22.290591666666668" lon="113.93672666666667"><ele>7.3999999999999995</ele><time>2026-03-23T03:34:35Z</time></trkpt><trkpt lat="22.290615000000003" lon="113.93673166666667"><ele>8.2</ele><time>2026-03-23T03:34:38Z</time></trkpt><trkpt lat="22.29059333333333" lon="113.93671666666665"><ele>7.7</ele><time>2026-03-23T03:34:44Z</time></trkpt><trkpt lat="22.29058166666667" lon="113.93669999999999"><ele>7.6000000000000005</ele><time>2026-03-23T03:34:46Z</time></trkpt><trkpt lat="22.290565" lon="113.936715"><ele>7.499999999999999</ele><time>2026-03-23T03:34:50Z</time></trkpt><trkpt lat="22.290573333333334" lon="113.93674000000001"><ele>7.3999999999999995</ele><time>2026-03-23T03:34:53Z</time></trkpt><trkpt lat="22.290585000000004" lon="113.93675499999999"><ele>7.6000000000000005</ele><time>2026-03-23T03:34:55Z</time></trkpt><trkpt lat="22.2906" lon="113.936775"><ele>7.499999999999999</ele><time>2026-03-23T03:34:57Z</time></trkpt><trkpt lat="22.29060833333333" lon="113.93679666666667"><ele>7.8</ele><time>2026-03-23T03:35:00Z</time></trkpt><trkpt lat="22.290603333333333" lon="113.93681833333333"><ele>8.3</ele><time>2026-03-23T03:35:04Z</time></trkpt><trkpt lat="22.29059833333333" lon="113.93684166666665"><ele>9.0</ele><time>2026-03-23T03:35:07Z</time></trkpt><trkpt lat="22.29059666666667" lon="113.93686666666666"><ele>9.3</ele><time>2026-03-23T03:35:10Z</time></trkpt><trkpt lat="22.29059666666667" lon="113.93689166666667"><ele>9.7</ele><time>2026-03-23T03:35:13Z</time></trkpt><trkpt lat="22.2906" lon="113.93692333333333"><ele>10.3</ele><time>2026-03-23T03:35:17Z</time></trkpt><trkpt lat="22.290603333333333" lon="113.93694500000001"><ele>10.600000000000001</ele><time>2026-03-23T03:35:19Z</time></trkpt><trkpt lat="22.290589999999998" lon="113.93696166666665"><ele>10.600000000000001</ele><time>2026-03-23T03:35:22Z</time></trkpt><trkpt lat="22.290574999999997" lon="113.93697500000002"><ele>10.5</ele><time>2026-03-23T03:35:24Z</time></trkpt><trkpt lat="22.290556666666664" lon="113.93698666666666"><ele>10.100000000000001</ele><time>2026-03-23T03:35:29Z</time></trkpt><trkpt lat="22.29053333333333" lon="113.93697166666668"><ele>9.399999999999999</ele><time>2026-03-23T03:35:32Z</time></trkpt><trkpt lat="22.29052166666667" lon="113.93695333333332"><ele>9.0</ele><time>2026-03-23T03:35:34Z</time></trkpt><trkpt lat="22.29050833333333" lon="113.93693"><ele>8.7</ele><time>2026-03-23T03:35:36Z</time></trkpt><trkpt lat="22.29050333333333" lon="113.93690666666667"><ele>8.399999999999999</ele><time>2026-03-23T03:35:38Z</time></trkpt><trkpt lat="22.290501666666668" lon="113.93688166666668"><ele>8.100000000000001</ele><time>2026-03-23T03:35:40Z</time></trkpt><trkpt lat="22.290498333333336" lon="113.93685333333333"><ele>7.8999999999999995</ele><time>2026-03-23T03:35:42Z</time></trkpt><trkpt lat="22.290499999999998" lon="113.93682833333332"><ele>7.7</ele><time>2026-03-23T03:35:44Z</time></trkpt><trkpt lat="22.290499999999998" lon="113.9368"><ele>7.8</ele><time>2026-03-23T03:35:47Z</time></trkpt><trkpt lat="22.29050666666667" lon="113.93677166666666"><ele>7.499999999999999</ele><time>2026-03-23T03:35:49Z</time></trkpt><trkpt lat="22.290513333333333" lon="113.93674166666666"><ele>7.2</ele><time>2026-03-23T03:35:51Z</time></trkpt><trkpt lat="22.29051833333333" lon="113.93671166666667"><ele>7.3</ele><time>2026-03-23T03:35:54Z</time></trkpt><trkpt lat="22.290525000000002" lon="113.93668833333335"><ele>7.3</ele><time>2026-03-23T03:35:56Z</time></trkpt><trkpt lat="22.290531666666666" lon="113.93666166666665"><ele>7.1000000000000005</ele><time>2026-03-23T03:35:59Z</time></trkpt><trkpt lat="22.29053333333333" lon="113.93663166666666"><ele>6.8</ele><time>2026-03-23T03:36:02Z</time></trkpt><trkpt lat="22.290540000000004" lon="113.93660666666668"><ele>6.7</ele><time>2026-03-23T03:36:04Z</time></trkpt><trkpt lat="22.29054833333333" lon="113.93657999999999"><ele>6.8999999999999995</ele><time>2026-03-23T03:36:06Z</time></trkpt><trkpt lat="22.290559999999996" lon="113.93656333333332"><ele>6.8999999999999995</ele><time>2026-03-23T03:36:08Z</time></trkpt><trkpt lat="22.29055" lon="113.93654"><ele>8.2</ele><time>2026-03-23T03:36:17Z</time></trkpt><trkpt lat="22.290555" lon="113.936515"><ele>7.8</ele><time>2026-03-23T03:36:19Z</time></trkpt><trkpt lat="22.29056333333333" lon="113.93648666666668"><ele>7.1000000000000005</ele><time>2026-03-23T03:36:22Z</time></trkpt><trkpt lat="22.290571666666665" lon="113.93645666666667"><ele>6.7</ele><time>2026-03-23T03:36:24Z</time></trkpt><trkpt lat="22.29058" lon="113.93642999999999"><ele>6.499999999999999</ele><time>2026-03-23T03:36:26Z</time></trkpt><trkpt lat="22.290586666666666" lon="113.93640333333333"><ele>6.7</ele><time>2026-03-23T03:36:29Z</time></trkpt><trkpt lat="22.290586666666666" lon="113.93637833333332"><ele>7.1000000000000005</ele><time>2026-03-23T03:36:31Z</time></trkpt><trkpt lat="22.290591666666668" lon="113.93635833333335"><ele>7.2</ele><time>2026-03-23T03:36:33Z</time></trkpt><trkpt lat="22.29059666666667" lon="113.93633166666665"><ele>7.6000000000000005</ele><time>2026-03-23T03:36:36Z</time></trkpt><trkpt lat="22.290601666666664" lon="113.93630833333333"><ele>8.3</ele><time>2026-03-23T03:36:38Z</time></trkpt><trkpt lat="22.29060666666667" lon="113.93628333333332"><ele>8.7</ele><time>2026-03-23T03:36:40Z</time></trkpt><trkpt lat="22.290615000000003" lon="113.93626"><ele>8.899999999999999</ele><time>2026-03-23T03:36:42Z</time></trkpt><trkpt lat="22.290621666666667" lon="113.93623666666666"><ele>9.3</ele><time>2026-03-23T03:36:44Z</time></trkpt><trkpt lat="22.290625" lon="113.93621"><ele>9.7</ele><time>2026-03-23T03:36:46Z</time></trkpt><trkpt lat="22.29062666666667" lon="113.93618833333333"><ele>9.899999999999999</ele><time>2026-03-23T03:36:48Z</time></trkpt><trkpt lat="22.290633333333336" lon="113.93616500000002"><ele>9.7</ele><time>2026-03-23T03:36:50Z</time></trkpt><trkpt lat="22.29064" lon="113.93614666666666"><ele>9.5</ele><time>2026-03-23T03:36:52Z</time></trkpt><trkpt lat="22.29064166666667" lon="113.93611666666666"><ele>9.7</ele><time>2026-03-23T03:36:55Z</time></trkpt><trkpt lat="22.290646666666664" lon="113.93609666666667"><ele>9.5</ele><time>2026-03-23T03:36:57Z</time></trkpt><trkpt lat="22.290649999999996" lon="113.93607500000002"><ele>9.5</ele><time>2026-03-23T03:36:59Z</time></trkpt><trkpt lat="22.29065333333333" lon="113.93605166666666"><ele>9.600000000000001</ele><time>2026-03-23T03:37:01Z</time></trkpt><trkpt lat="22.290658333333333" lon="113.93602666666666"><ele>10.100000000000001</ele><time>2026-03-23T03:37:03Z</time></trkpt><trkpt lat="22.290664999999997" lon="113.93600333333333"><ele>10.5</ele><time>2026-03-23T03:37:05Z</time></trkpt><trkpt lat="22.29067" lon="113.93598333333333"><ele>10.7</ele><time>2026-03-23T03:37:07Z</time></trkpt><trkpt lat="22.290675000000004" lon="113.93596333333335"><ele>10.5</ele><time>2026-03-23T03:37:09Z</time></trkpt><trkpt lat="22.29068333333333" lon="113.93594"><ele>10.3</ele><time>2026-03-23T03:37:11Z</time></trkpt><trkpt lat="22.290688333333332" lon="113.93591666666667"><ele>10.2</ele><time>2026-03-23T03:37:13Z</time></trkpt><trkpt lat="22.290693333333333" lon="113.93589666666666"><ele>9.8</ele><time>2026-03-23T03:37:15Z</time></trkpt><trkpt lat="22.29069833333333" lon="113.93587333333335"><ele>9.3</ele><time>2026-03-23T03:37:17Z</time></trkpt><trkpt lat="22.290703333333333" lon="113.93585166666665"><ele>8.8</ele><time>2026-03-23T03:37:19Z</time></trkpt><trkpt lat="22.290708333333335" lon="113.93582833333333"><ele>8.600000000000001</ele><time>2026-03-23T03:37:21Z</time></trkpt><trkpt lat="22.290718333333334" lon="113.93579833333334"><ele>8.3</ele><time>2026-03-23T03:37:24Z</time></trkpt><trkpt lat="22.290723333333336" lon="113.93577666666667"><ele>7.8999999999999995</ele><time>2026-03-23T03:37:26Z</time></trkpt><trkpt lat="22.29073" lon="113.93575333333335"><ele>7.3999999999999995</ele><time>2026-03-23T03:37:28Z</time></trkpt><trkpt lat="22.290736666666664" lon="113.93573166666665"><ele>7.3</ele><time>2026-03-23T03:37:30Z</time></trkpt><trkpt lat="22.29074166666667" lon="113.93570833333334"><ele>7.499999999999999</ele><time>2026-03-23T03:37:32Z</time></trkpt><trkpt lat="22.29074666666667" lon="113.93568666666667"><ele>7.6000000000000005</ele><time>2026-03-23T03:37:34Z</time></trkpt><trkpt lat="22.290751666666665" lon="113.935665"><ele>7.7</ele><time>2026-03-23T03:37:36Z</time></trkpt><trkpt lat="22.290756666666667" lon="113.93564166666665"><ele>8.100000000000001</ele><time>2026-03-23T03:37:38Z</time></trkpt><trkpt lat="22.290763333333334" lon="113.93561999999999"><ele>8.8</ele><time>2026-03-23T03:37:40Z</time></trkpt><trkpt lat="22.29077" lon="113.935595"><ele>9.2</ele><time>2026-03-23T03:37:42Z</time></trkpt><trkpt lat="22.290775" lon="113.93557000000001"><ele>9.5</ele><time>2026-03-23T03:37:44Z</time></trkpt><trkpt lat="22.29077666666667" lon="113.93554833333334"><ele>9.7</ele><time>2026-03-23T03:37:46Z</time></trkpt><trkpt lat="22.290778333333332" lon="113.93552333333334"><ele>10.2</ele><time>2026-03-23T03:37:48Z</time></trkpt><trkpt lat="22.290783333333334" lon="113.93549499999999"><ele>10.399999999999999</ele><time>2026-03-23T03:37:50Z</time></trkpt><trkpt lat="22.29078833333333" lon="113.93546999999998"><ele>10.5</ele><time>2026-03-23T03:37:52Z</time></trkpt><trkpt lat="22.290795000000003" lon="113.93544500000002"><ele>10.399999999999999</ele><time>2026-03-23T03:37:54Z</time></trkpt><trkpt lat="22.290801666666667" lon="113.93542000000001"><ele>10.100000000000001</ele><time>2026-03-23T03:37:56Z</time></trkpt><trkpt lat="22.290808333333334" lon="113.93539666666666"><ele>9.7</ele><time>2026-03-23T03:37:58Z</time></trkpt><trkpt lat="22.290813333333336" lon="113.93537333333333"><ele>9.5</ele><time>2026-03-23T03:38:00Z</time></trkpt><trkpt lat="22.29082" lon="113.935345"><ele>9.600000000000001</ele><time>2026-03-23T03:38:02Z</time></trkpt><trkpt lat="22.290826666666664" lon="113.93531666666668"><ele>10.100000000000001</ele><time>2026-03-23T03:38:04Z</time></trkpt><trkpt lat="22.29083333333333" lon="113.93528833333333"><ele>10.399999999999999</ele><time>2026-03-23T03:38:06Z</time></trkpt><trkpt lat="22.290840000000003" lon="113.93525833333334"><ele>10.399999999999999</ele><time>2026-03-23T03:38:08Z</time></trkpt><trkpt lat="22.29085" lon="113.93523166666667"><ele>10.3</ele><time>2026-03-23T03:38:10Z</time></trkpt><trkpt lat="22.290856666666667" lon="113.93520500000001"><ele>10.100000000000001</ele><time>2026-03-23T03:38:12Z</time></trkpt><trkpt lat="22.29086333333333" lon="113.93517833333333"><ele>9.7</ele><time>2026-03-23T03:38:14Z</time></trkpt><trkpt lat="22.29086666666667" lon="113.93515000000001"><ele>9.399999999999999</ele><time>2026-03-23T03:38:16Z</time></trkpt><trkpt lat="22.290871666666664" lon="113.93512166666666"><ele>9.2</ele><time>2026-03-23T03:38:18Z</time></trkpt><trkpt lat="22.290878333333332" lon="113.93509166666666"><ele>9.3</ele><time>2026-03-23T03:38:20Z</time></trkpt><trkpt lat="22.290885000000003" lon="113.93506666666666"><ele>9.0</ele><time>2026-03-23T03:38:22Z</time></trkpt><trkpt lat="22.290895" lon="113.93504"><ele>8.8</ele><time>2026-03-23T03:38:24Z</time></trkpt><trkpt lat="22.290901666666667" lon="113.93501166666668"><ele>8.5</ele><time>2026-03-23T03:38:26Z</time></trkpt><trkpt lat="22.290906666666668" lon="113.934985"><ele>8.3</ele><time>2026-03-23T03:38:28Z</time></trkpt><trkpt lat="22.290911666666663" lon="113.93495833333333"><ele>8.3</ele><time>2026-03-23T03:38:30Z</time></trkpt><trkpt lat="22.290915000000002" lon="113.93493166666667"><ele>8.5</ele><time>2026-03-23T03:38:32Z</time></trkpt><trkpt lat="22.29092166666667" lon="113.93490500000001"><ele>8.399999999999999</ele><time>2026-03-23T03:38:34Z</time></trkpt><trkpt lat="22.290926666666664" lon="113.93488"><ele>8.2</ele><time>2026-03-23T03:38:36Z</time></trkpt><trkpt lat="22.290933333333335" lon="113.934855"><ele>7.8999999999999995</ele><time>2026-03-23T03:38:38Z</time></trkpt><trkpt lat="22.29094" lon="113.93483333333333"><ele>7.6000000000000005</ele><time>2026-03-23T03:38:40Z</time></trkpt><trkpt lat="22.290945000000004" lon="113.93481166666668"><ele>7.3</ele><time>2026-03-23T03:38:42Z</time></trkpt><trkpt lat="22.29095" lon="113.93478833333332"><ele>6.8999999999999995</ele><time>2026-03-23T03:38:44Z</time></trkpt><trkpt lat="22.290956666666663" lon="113.93476166666666"><ele>7.3</ele><time>2026-03-23T03:38:46Z</time></trkpt><trkpt lat="22.290961666666664" lon="113.93473333333334"><ele>7.6000000000000005</ele><time>2026-03-23T03:38:48Z</time></trkpt><trkpt lat="22.29097" lon="113.934705"><ele>7.8</ele><time>2026-03-23T03:38:50Z</time></trkpt><trkpt lat="22.290976666666666" lon="113.934675"><ele>8.2</ele><time>2026-03-23T03:38:52Z</time></trkpt><trkpt lat="22.29098333333333" lon="113.934645"><ele>8.8</ele><time>2026-03-23T03:38:54Z</time></trkpt><trkpt lat="22.290988333333335" lon="113.934615"><ele>9.0</ele><time>2026-03-23T03:38:56Z</time></trkpt><trkpt lat="22.290995" lon="113.93458666666666"><ele>8.8</ele><time>2026-03-23T03:38:58Z</time></trkpt><trkpt lat="22.291" lon="113.93456333333333"><ele>8.7</ele><time>2026-03-23T03:39:00Z</time></trkpt><trkpt lat="22.291003333333332" lon="113.93453666666667"><ele>8.8</ele><time>2026-03-23T03:39:02Z</time></trkpt><trkpt lat="22.291008333333334" lon="113.93451166666667"><ele>9.0</ele><time>2026-03-23T03:39:04Z</time></trkpt><trkpt lat="22.29101166666667" lon="113.93449000000001"><ele>9.5</ele><time>2026-03-23T03:39:06Z</time></trkpt><trkpt lat="22.291015" lon="113.93446333333334"><ele>9.7</ele><time>2026-03-23T03:39:08Z</time></trkpt><trkpt lat="22.291020000000003" lon="113.93443666666666"><ele>9.7</ele><time>2026-03-23T03:39:10Z</time></trkpt><trkpt lat="22.291024999999998" lon="113.93441166666668"><ele>9.600000000000001</ele><time>2026-03-23T03:39:12Z</time></trkpt><trkpt lat="22.29103" lon="113.93438499999999"><ele>9.7</ele><time>2026-03-23T03:39:14Z</time></trkpt><trkpt lat="22.291035000000004" lon="113.93436000000001"><ele>9.8</ele><time>2026-03-23T03:39:16Z</time></trkpt><trkpt lat="22.29104" lon="113.934335"><ele>10.0</ele><time>2026-03-23T03:39:18Z</time></trkpt><trkpt lat="22.291046666666663" lon="113.93431166666666"><ele>9.899999999999999</ele><time>2026-03-23T03:39:20Z</time></trkpt><trkpt lat="22.291050000000002" lon="113.93428833333334"><ele>9.600000000000001</ele><time>2026-03-23T03:39:22Z</time></trkpt><trkpt lat="22.291054999999997" lon="113.93426333333333"><ele>9.600000000000001</ele><time>2026-03-23T03:39:24Z</time></trkpt><trkpt lat="22.29106" lon="113.93424000000002"><ele>9.7</ele><time>2026-03-23T03:39:26Z</time></trkpt><trkpt lat="22.291066666666666" lon="113.93421500000001"><ele>9.600000000000001</ele><time>2026-03-23T03:39:28Z</time></trkpt><trkpt lat="22.29107333333333" lon="113.93418833333332"><ele>9.5</ele><time>2026-03-23T03:39:30Z</time></trkpt><trkpt lat="22.291078333333335" lon="113.93416333333334"><ele>9.3</ele><time>2026-03-23T03:39:32Z</time></trkpt><trkpt lat="22.291083333333336" lon="113.93413666666666"><ele>9.100000000000001</ele><time>2026-03-23T03:39:34Z</time></trkpt><trkpt lat="22.29108666666667" lon="113.93411333333333"><ele>8.7</ele><time>2026-03-23T03:39:36Z</time></trkpt><trkpt lat="22.291093333333333" lon="113.93408833333334"><ele>8.100000000000001</ele><time>2026-03-23T03:39:38Z</time></trkpt><trkpt lat="22.291099999999997" lon="113.93406166666666"><ele>7.8</ele><time>2026-03-23T03:39:40Z</time></trkpt><trkpt lat="22.291108333333334" lon="113.93403666666667"><ele>7.6000000000000005</ele><time>2026-03-23T03:39:42Z</time></trkpt><trkpt lat="22.29112" lon="113.93401166666666"><ele>7.3</ele><time>2026-03-23T03:39:44Z</time></trkpt><trkpt lat="22.291126666666667" lon="113.93398666666666"><ele>7.6000000000000005</ele><time>2026-03-23T03:39:46Z</time></trkpt><trkpt lat="22.29113" lon="113.93396"><ele>7.6000000000000005</ele><time>2026-03-23T03:39:48Z</time></trkpt><trkpt lat="22.29113333333333" lon="113.93393333333333"><ele>7.6000000000000005</ele><time>2026-03-23T03:39:50Z</time></trkpt><trkpt lat="22.291138333333333" lon="113.93391000000001"><ele>7.6000000000000005</ele><time>2026-03-23T03:39:52Z</time></trkpt><trkpt lat="22.291143333333334" lon="113.933885"><ele>7.499999999999999</ele><time>2026-03-23T03:39:54Z</time></trkpt><trkpt lat="22.291148333333332" lon="113.93385833333332"><ele>7.3999999999999995</ele><time>2026-03-23T03:39:56Z</time></trkpt><trkpt lat="22.291156666666666" lon="113.93383"><ele>7.1000000000000005</ele><time>2026-03-23T03:39:58Z</time></trkpt><trkpt lat="22.291165" lon="113.93380499999999"><ele>6.6000000000000005</ele><time>2026-03-23T03:40:00Z</time></trkpt><trkpt lat="22.291173333333337" lon="113.93377833333334"><ele>6.3</ele><time>2026-03-23T03:40:02Z</time></trkpt><trkpt lat="22.291183333333333" lon="113.93375333333333"><ele>6.3999999999999995</ele><time>2026-03-23T03:40:04Z</time></trkpt><trkpt lat="22.291189999999997" lon="113.93372666666667"><ele>6.3999999999999995</ele><time>2026-03-23T03:40:06Z</time></trkpt><trkpt lat="22.291198333333334" lon="113.93370000000002"><ele>6.499999999999999</ele><time>2026-03-23T03:40:08Z</time></trkpt><trkpt lat="22.291204999999998" lon="113.93367333333332"><ele>6.8</ele><time>2026-03-23T03:40:10Z</time></trkpt><trkpt lat="22.291206666666668" lon="113.93364500000001"><ele>6.8999999999999995</ele><time>2026-03-23T03:40:12Z</time></trkpt><trkpt lat="22.291213333333335" lon="113.93361833333331"><ele>7.1000000000000005</ele><time>2026-03-23T03:40:14Z</time></trkpt><trkpt lat="22.29122166666667" lon="113.933595"><ele>7.499999999999999</ele><time>2026-03-23T03:40:16Z</time></trkpt><trkpt lat="22.291231666666665" lon="113.93361333333333"><ele>6.999999999999999</ele><time>2026-03-23T03:40:26Z</time></trkpt><trkpt lat="22.291261666666667" lon="113.93362666666665"><ele>8.100000000000001</ele><time>2026-03-23T03:40:38Z</time></trkpt><trkpt lat="22.291273333333333" lon="113.93355166666667"><ele>10.3</ele><time>2026-03-23T03:41:35Z</time></trkpt><trkpt lat="22.291265" lon="113.93352333333333"><ele>10.2</ele><time>2026-03-23T03:41:38Z</time></trkpt><trkpt lat="22.291255" lon="113.93349500000001"><ele>10.399999999999999</ele><time>2026-03-23T03:41:40Z</time></trkpt><trkpt lat="22.291248333333336" lon="113.93346500000001"><ele>10.399999999999999</ele><time>2026-03-23T03:41:42Z</time></trkpt><trkpt lat="22.291249999999998" lon="113.93344"><ele>10.600000000000001</ele><time>2026-03-23T03:41:44Z</time></trkpt><trkpt lat="22.29126833333333" lon="113.93342666666668"><ele>10.7</ele><time>2026-03-23T03:41:47Z</time></trkpt><trkpt lat="22.291285000000002" lon="113.93343666666667"><ele>10.600000000000001</ele><time>2026-03-23T03:41:49Z</time></trkpt><trkpt lat="22.291293333333336" lon="113.93345833333333"><ele>10.7</ele><time>2026-03-23T03:41:52Z</time></trkpt><trkpt lat="22.291279999999997" lon="113.93343833333331"><ele>11.100000000000001</ele><time>2026-03-23T03:41:59Z</time></trkpt><trkpt lat="22.291276666666665" lon="113.93341333333335"><ele>10.7</ele><time>2026-03-23T03:42:03Z</time></trkpt><trkpt lat="22.291288333333334" lon="113.93339666666667"><ele>9.600000000000001</ele><time>2026-03-23T03:42:06Z</time></trkpt><trkpt lat="22.291291666666666" lon="113.93337333333332"><ele>8.600000000000001</ele><time>2026-03-23T03:42:09Z</time></trkpt><trkpt lat="22.291293333333336" lon="113.93334833333331"><ele>7.999999999999999</ele><time>2026-03-23T03:42:11Z</time></trkpt><trkpt lat="22.291301666666662" lon="113.93332333333335"><ele>6.2</ele><time>2026-03-23T03:42:14Z</time></trkpt><trkpt lat="22.29131" lon="113.933295"><ele>6.1000000000000005</ele><time>2026-03-23T03:42:17Z</time></trkpt><trkpt lat="22.291320000000002" lon="113.93325833333334"><ele>5.7</ele><time>2026-03-23T03:42:19Z</time></trkpt><trkpt lat="22.29132666666667" lon="113.93323833333334"><ele>5.5</ele><time>2026-03-23T03:42:20Z</time></trkpt><trkpt lat="22.291328333333333" lon="113.93321833333333"><ele>5.2</ele><time>2026-03-23T03:42:21Z</time></trkpt><trkpt lat="22.291335000000004" lon="113.93318666666667"><ele>5.1</ele><time>2026-03-23T03:42:23Z</time></trkpt><trkpt lat="22.291338333333336" lon="113.93316000000002"><ele>5.1</ele><time>2026-03-23T03:42:25Z</time></trkpt><trkpt lat="22.291341666666668" lon="113.93313500000001"><ele>5.1</ele><time>2026-03-23T03:42:27Z</time></trkpt><trkpt lat="22.291350000000005" lon="113.93311"><ele>5.2</ele><time>2026-03-23T03:42:29Z</time></trkpt><trkpt lat="22.291361666666663" lon="113.93308166666665"><ele>5.5</ele><time>2026-03-23T03:42:31Z</time></trkpt><trkpt lat="22.291369999999997" lon="113.93305000000001"><ele>6.1000000000000005</ele><time>2026-03-23T03:42:33Z</time></trkpt><trkpt lat="22.291376666666665" lon="113.93302"><ele>6.999999999999999</ele><time>2026-03-23T03:42:35Z</time></trkpt><trkpt lat="22.291378333333334" lon="113.93299166666665"><ele>7.3999999999999995</ele><time>2026-03-23T03:42:37Z</time></trkpt><trkpt lat="22.291385" lon="113.932965"><ele>7.7</ele><time>2026-03-23T03:42:39Z</time></trkpt><trkpt lat="22.291393333333335" lon="113.93293666666665"><ele>7.6000000000000005</ele><time>2026-03-23T03:42:41Z</time></trkpt><trkpt lat="22.291396666666667" lon="113.93291166666668"><ele>7.3</ele><time>2026-03-23T03:42:43Z</time></trkpt><trkpt lat="22.2914" lon="113.93288499999998"><ele>7.3</ele><time>2026-03-23T03:42:45Z</time></trkpt><trkpt lat="22.291405" lon="113.93286333333332"><ele>7.3</ele><time>2026-03-23T03:42:47Z</time></trkpt><trkpt lat="22.291405" lon="113.93284166666666"><ele>5.8999999999999995</ele><time>2026-03-23T03:43:10Z</time></trkpt><trkpt lat="22.291424999999997" lon="113.93282166666668"><ele>5.8999999999999995</ele><time>2026-03-23T03:43:12Z</time></trkpt><trkpt lat="22.291436666666662" lon="113.93278666666666"><ele>5.7</ele><time>2026-03-23T03:43:14Z</time></trkpt><trkpt lat="22.291435" lon="113.93275999999999"><ele>5.7</ele><time>2026-03-23T03:43:16Z</time></trkpt><trkpt lat="22.291438333333335" lon="113.93272999999999"><ele>5.6</ele><time>2026-03-23T03:43:18Z</time></trkpt><trkpt lat="22.291439999999998" lon="113.93270333333334"><ele>5.5</ele><time>2026-03-23T03:43:20Z</time></trkpt><trkpt lat="22.291451666666664" lon="113.93268000000002"><ele>5.3999999999999995</ele><time>2026-03-23T03:43:22Z</time></trkpt><trkpt lat="22.291459999999997" lon="113.93265666666666"><ele>5.8</ele><time>2026-03-23T03:43:24Z</time></trkpt><trkpt lat="22.291468333333334" lon="113.93263166666665"><ele>5.5</ele><time>2026-03-23T03:43:27Z</time></trkpt><trkpt lat="22.291469999999997" lon="113.93261"><ele>5.8999999999999995</ele><time>2026-03-23T03:43:29Z</time></trkpt><trkpt lat="22.291463333333333" lon="113.93259166666667"><ele>5.999999999999999</ele><time>2026-03-23T03:43:38Z</time></trkpt><trkpt lat="22.291458333333335" lon="113.93257"><ele>5.7</ele><time>2026-03-23T03:43:40Z</time></trkpt><trkpt lat="22.291465000000002" lon="113.93254333333334"><ele>5.3999999999999995</ele><time>2026-03-23T03:43:43Z</time></trkpt><trkpt lat="22.291473333333336" lon="113.93252499999998"><ele>4.6</ele><time>2026-03-23T03:43:46Z</time></trkpt><trkpt lat="22.29149166666667" lon="113.93252833333332"><ele>5.0</ele><time>2026-03-23T03:43:50Z</time></trkpt><trkpt lat="22.291503333333335" lon="113.93254499999999"><ele>5.1</ele><time>2026-03-23T03:43:52Z</time></trkpt><trkpt lat="22.29150666666667" lon="113.93256500000001"><ele>5.3</ele><time>2026-03-23T03:43:54Z</time></trkpt><trkpt lat="22.29150666666667" lon="113.93259333333332"><ele>5.3999999999999995</ele><time>2026-03-23T03:43:57Z</time></trkpt><trkpt lat="22.291511666666665" lon="113.93261833333332"><ele>5.5</ele><time>2026-03-23T03:44:00Z</time></trkpt><trkpt lat="22.291525" lon="113.93263666666665"><ele>5.8999999999999995</ele><time>2026-03-23T03:44:04Z</time></trkpt><trkpt lat="22.291541666666664" lon="113.93265000000001"><ele>6.3999999999999995</ele><time>2026-03-23T03:44:09Z</time></trkpt><trkpt lat="22.291559999999997" lon="113.93265833333335"><ele>6.3999999999999995</ele><time>2026-03-23T03:44:14Z</time></trkpt><trkpt lat="22.291571666666663" lon="113.93267666666667"><ele>6.8</ele><time>2026-03-23T03:44:20Z</time></trkpt><trkpt lat="22.291574999999998" lon="113.93269833333333"><ele>7.3</ele><time>2026-03-23T03:44:24Z</time></trkpt><trkpt lat="22.291591666666665" lon="113.932715"><ele>7.8</ele><time>2026-03-23T03:44:28Z</time></trkpt><trkpt lat="22.291594999999997" lon="113.932735"><ele>8.3</ele><time>2026-03-23T03:44:31Z</time></trkpt><trkpt lat="22.29159666666667" lon="113.932755"><ele>8.7</ele><time>2026-03-23T03:44:34Z</time></trkpt><trkpt lat="22.291589999999996" lon="113.93277666666667"><ele>9.100000000000001</ele><time>2026-03-23T03:44:37Z</time></trkpt><trkpt lat="22.291600000000003" lon="113.93279499999998"><ele>9.600000000000001</ele><time>2026-03-23T03:44:42Z</time></trkpt><trkpt lat="22.291618333333336" lon="113.932805"><ele>9.8</ele><time>2026-03-23T03:44:45Z</time></trkpt><trkpt lat="22.291631666666664" lon="113.93282166666668"><ele>10.2</ele><time>2026-03-23T03:44:49Z</time></trkpt><trkpt lat="22.291648333333335" lon="113.93283166666667"><ele>11.0</ele><time>2026-03-23T03:44:58Z</time></trkpt><trkpt lat="22.291666666666668" lon="113.93284"><ele>11.7</ele><time>2026-03-23T03:45:01Z</time></trkpt><trkpt lat="22.291678333333333" lon="113.93285499999999"><ele>12.2</ele><time>2026-03-23T03:45:04Z</time></trkpt><trkpt lat="22.291688333333333" lon="113.93287166666666"><ele>12.8</ele><time>2026-03-23T03:45:09Z</time></trkpt><trkpt lat="22.291688333333333" lon="113.93289166666666"><ele>13.5</ele><time>2026-03-23T03:45:16Z</time></trkpt><trkpt lat="22.291681666666666" lon="113.93291333333333"><ele>13.8</ele><time>2026-03-23T03:45:22Z</time></trkpt><trkpt lat="22.291666666666668" lon="113.93293666666665"><ele>13.8</ele><time>2026-03-23T03:45:26Z</time></trkpt><trkpt lat="22.291643333333333" lon="113.93295666666667"><ele>13.8</ele><time>2026-03-23T03:45:29Z</time></trkpt><trkpt lat="22.29163" lon="113.93298166666666"><ele>14.0</ele><time>2026-03-23T03:45:31Z</time></trkpt><trkpt lat="22.29162666666667" lon="113.93300333333333"><ele>14.2</ele><time>2026-03-23T03:45:33Z</time></trkpt><trkpt lat="22.29161333333333" lon="113.93301833333335"><ele>14.400000000000002</ele><time>2026-03-23T03:45:35Z</time></trkpt><trkpt lat="22.291604999999997" lon="113.93304000000002"><ele>14.3</ele><time>2026-03-23T03:45:37Z</time></trkpt><trkpt lat="22.29159666666667" lon="113.93306499999998"><ele>14.600000000000001</ele><time>2026-03-23T03:45:39Z</time></trkpt><trkpt lat="22.291589999999996" lon="113.933095"><ele>14.900000000000002</ele><time>2026-03-23T03:45:41Z</time></trkpt><trkpt lat="22.291588333333333" lon="113.93312166666668"><ele>15.2</ele><time>2026-03-23T03:45:43Z</time></trkpt><trkpt lat="22.29158166666667" lon="113.933145"><ele>15.400000000000002</ele><time>2026-03-23T03:45:45Z</time></trkpt><trkpt lat="22.291573333333336" lon="113.93317499999999"><ele>15.900000000000002</ele><time>2026-03-23T03:45:47Z</time></trkpt><trkpt lat="22.291566666666668" lon="113.93319500000001"><ele>16.400000000000002</ele><time>2026-03-23T03:45:49Z</time></trkpt><trkpt lat="22.291565" lon="113.93321499999999"><ele>16.7</ele><time>2026-03-23T03:45:54Z</time></trkpt><trkpt lat="22.291603333333335" lon="113.93326333333334"><ele>17.6</ele><time>2026-03-23T03:46:13Z</time></trkpt><trkpt lat="22.291625" lon="113.93326"><ele>17.7</ele><time>2026-03-23T03:46:16Z</time></trkpt><trkpt lat="22.29166" lon="113.933255"><ele>21.1</ele><time>2026-03-23T03:46:33Z</time></trkpt><trkpt lat="22.291673333333332" lon="113.93324166666667"><ele>21.900000000000002</ele><time>2026-03-23T03:46:35Z</time></trkpt><trkpt lat="22.2917" lon="113.93324833333332"><ele>26.900000000000002</ele><time>2026-03-23T03:47:26Z</time></trkpt><trkpt lat="22.29171" lon="113.93327333333333"><ele>26.3</ele><time>2026-03-23T03:47:30Z</time></trkpt><trkpt lat="22.291723333333334" lon="113.93328833333335"><ele>26.5</ele><time>2026-03-23T03:47:32Z</time></trkpt><trkpt lat="22.291735000000003" lon="113.93330333333333"><ele>26.3</ele><time>2026-03-23T03:47:34Z</time></trkpt><trkpt lat="22.291741666666667" lon="113.93332166666666"><ele>26.1</ele><time>2026-03-23T03:47:37Z</time></trkpt><trkpt lat="22.291755" lon="113.93333499999999"><ele>26.3</ele><time>2026-03-23T03:47:41Z</time></trkpt><trkpt lat="22.291769999999996" lon="113.93334666666667"><ele>27.1</ele><time>2026-03-23T03:47:45Z</time></trkpt><trkpt lat="22.29179166666667" lon="113.93338833333334"><ele>30.7</ele><time>2026-03-23T03:47:55Z</time></trkpt><trkpt lat="22.291803333333338" lon="113.93340666666667"><ele>32.099999999999994</ele><time>2026-03-23T03:47:58Z</time></trkpt><trkpt lat="22.291819999999998" lon="113.93342166666667"><ele>32.9</ele><time>2026-03-23T03:48:01Z</time></trkpt><trkpt lat="22.291826666666665" lon="113.93344"><ele>33.699999999999996</ele><time>2026-03-23T03:48:04Z</time></trkpt><trkpt lat="22.291835" lon="113.93346333333332"><ele>34.4</ele><time>2026-03-23T03:48:07Z</time></trkpt><trkpt lat="22.291843333333336" lon="113.93348666666667"><ele>35.099999999999994</ele><time>2026-03-23T03:48:11Z</time></trkpt><trkpt lat="22.29185166666667" lon="113.933505"><ele>35.9</ele><time>2026-03-23T03:48:15Z</time></trkpt><trkpt lat="22.291859999999996" lon="113.93352333333333"><ele>36.5</ele><time>2026-03-23T03:48:18Z</time></trkpt><trkpt lat="22.29186666666667" lon="113.933545"><ele>37.099999999999994</ele><time>2026-03-23T03:48:22Z</time></trkpt><trkpt lat="22.291870000000003" lon="113.933565"><ele>38.0</ele><time>2026-03-23T03:48:27Z</time></trkpt><trkpt lat="22.29188166666667" lon="113.93358166666667"><ele>38.9</ele><time>2026-03-23T03:48:32Z</time></trkpt><trkpt lat="22.29188166666667" lon="113.93360333333334"><ele>39.4</ele><time>2026-03-23T03:48:37Z</time></trkpt><trkpt lat="22.29188333333333" lon="113.93362499999999"><ele>39.699999999999996</ele><time>2026-03-23T03:48:42Z</time></trkpt><trkpt lat="22.29189" lon="113.93364333333332"><ele>39.9</ele><time>2026-03-23T03:48:47Z</time></trkpt><trkpt lat="22.291900000000002" lon="113.93365999999999"><ele>39.9</ele><time>2026-03-23T03:48:50Z</time></trkpt><trkpt lat="22.291906666666666" lon="113.93368666666666"><ele>40.4</ele><time>2026-03-23T03:48:54Z</time></trkpt><trkpt lat="22.29191166666667" lon="113.93371"><ele>40.8</ele><time>2026-03-23T03:48:58Z</time></trkpt><trkpt lat="22.291923333333337" lon="113.93373000000001"><ele>41.3</ele><time>2026-03-23T03:49:03Z</time></trkpt><trkpt lat="22.29193833333333" lon="113.93374833333334"><ele>41.8</ele><time>2026-03-23T03:49:07Z</time></trkpt><trkpt lat="22.29195333333333" lon="113.93376166666667"><ele>42.4</ele><time>2026-03-23T03:49:10Z</time></trkpt><trkpt lat="22.29197333333333" lon="113.93377333333335"><ele>42.9</ele><time>2026-03-23T03:49:13Z</time></trkpt><trkpt lat="22.291996666666666" lon="113.93378333333334"><ele>43.099999999999994</ele><time>2026-03-23T03:49:16Z</time></trkpt><trkpt lat="22.29202" lon="113.93379333333333"><ele>43.4</ele><time>2026-03-23T03:49:19Z</time></trkpt><trkpt lat="22.292036666666665" lon="113.93380666666665"><ele>43.699999999999996</ele><time>2026-03-23T03:49:21Z</time></trkpt><trkpt lat="22.292050000000003" lon="113.93382166666667"><ele>44.199999999999996</ele><time>2026-03-23T03:49:23Z</time></trkpt><trkpt lat="22.29206333333333" lon="113.93383666666665"><ele>44.699999999999996</ele><time>2026-03-23T03:49:25Z</time></trkpt><trkpt lat="22.292075" lon="113.93385333333332"><ele>45.4</ele><time>2026-03-23T03:49:27Z</time></trkpt><trkpt lat="22.292096666666666" lon="113.93387"><ele>46.699999999999996</ele><time>2026-03-23T03:49:30Z</time></trkpt><trkpt lat="22.292113333333337" lon="113.93388166666666"><ele>48.099999999999994</ele><time>2026-03-23T03:49:33Z</time></trkpt><trkpt lat="22.292115" lon="113.93390333333333"><ele>49.3</ele><time>2026-03-23T03:49:38Z</time></trkpt><trkpt lat="22.29210833333333" lon="113.93392166666666"><ele>50.199999999999996</ele><time>2026-03-23T03:49:43Z</time></trkpt><trkpt lat="22.292128333333334" lon="113.93391833333332"><ele>50.3</ele><time>2026-03-23T03:50:07Z</time></trkpt><trkpt lat="22.292146666666667" lon="113.933925"><ele>50.199999999999996</ele><time>2026-03-23T03:50:09Z</time></trkpt><trkpt lat="22.292170000000002" lon="113.93393499999999"><ele>49.9</ele><time>2026-03-23T03:50:11Z</time></trkpt><trkpt lat="22.292189999999998" lon="113.93394166666667"><ele>49.9</ele><time>2026-03-23T03:50:12Z</time></trkpt><trkpt lat="22.29221166666667" lon="113.93395000000001"><ele>49.9</ele><time>2026-03-23T03:50:14Z</time></trkpt><trkpt lat="22.292236666666668" lon="113.93395833333334"><ele>49.9</ele><time>2026-03-23T03:50:17Z</time></trkpt><trkpt lat="22.29225166666667" lon="113.93397333333333"><ele>50.3</ele><time>2026-03-23T03:50:19Z</time></trkpt><trkpt lat="22.29227166666667" lon="113.93398499999999"><ele>51.599999999999994</ele><time>2026-03-23T03:50:22Z</time></trkpt><trkpt lat="22.29229" lon="113.93399666666667"><ele>52.099999999999994</ele><time>2026-03-23T03:50:25Z</time></trkpt><trkpt lat="22.292308333333335" lon="113.93400500000001"><ele>53.199999999999996</ele><time>2026-03-23T03:50:30Z</time></trkpt><trkpt lat="22.292324999999998" lon="113.934015"><ele>54.0</ele><time>2026-03-23T03:50:34Z</time></trkpt><trkpt lat="22.29234166666667" lon="113.93402333333333"><ele>54.3</ele><time>2026-03-23T03:50:38Z</time></trkpt><trkpt lat="22.29236166666667" lon="113.93403166666667"><ele>54.3</ele><time>2026-03-23T03:50:42Z</time></trkpt><trkpt lat="22.29238" lon="113.93403833333332"><ele>54.699999999999996</ele><time>2026-03-23T03:50:46Z</time></trkpt><trkpt lat="22.29239166666667" lon="113.93405333333334"><ele>54.8</ele><time>2026-03-23T03:50:50Z</time></trkpt><trkpt lat="22.292393333333333" lon="113.93407833333335"><ele>54.3</ele><time>2026-03-23T03:50:54Z</time></trkpt><trkpt lat="22.292413333333336" lon="113.93409333333332"><ele>54.099999999999994</ele><time>2026-03-23T03:50:58Z</time></trkpt><trkpt lat="22.29243" lon="113.93410166666666"><ele>54.099999999999994</ele><time>2026-03-23T03:51:01Z</time></trkpt><trkpt lat="22.292446666666667" lon="113.93411166666668"><ele>54.599999999999994</ele><time>2026-03-23T03:51:05Z</time></trkpt><trkpt lat="22.29246" lon="113.93412500000001"><ele>55.199999999999996</ele><time>2026-03-23T03:51:08Z</time></trkpt><trkpt lat="22.29247" lon="113.93414333333334"><ele>55.699999999999996</ele><time>2026-03-23T03:51:11Z</time></trkpt><trkpt lat="22.292481666666664" lon="113.93416"><ele>55.9</ele><time>2026-03-23T03:51:13Z</time></trkpt><trkpt lat="22.292500000000004" lon="113.93417333333333"><ele>56.3</ele><time>2026-03-23T03:51:16Z</time></trkpt><trkpt lat="22.292515" lon="113.93418833333332"><ele>56.599999999999994</ele><time>2026-03-23T03:51:18Z</time></trkpt><trkpt lat="22.292526666666664" lon="113.93420333333333"><ele>56.8</ele><time>2026-03-23T03:51:20Z</time></trkpt><trkpt lat="22.29253833333333" lon="113.93422333333335"><ele>57.099999999999994</ele><time>2026-03-23T03:51:22Z</time></trkpt><trkpt lat="22.29255333333333" lon="113.93424166666667"><ele>57.3</ele><time>2026-03-23T03:51:25Z</time></trkpt><trkpt lat="22.29256833333333" lon="113.93425833333335"><ele>57.3</ele><time>2026-03-23T03:51:27Z</time></trkpt><trkpt lat="22.292585" lon="113.93428"><ele>57.699999999999996</ele><time>2026-03-23T03:51:30Z</time></trkpt><trkpt lat="22.292595" lon="113.93429833333333"><ele>57.8</ele><time>2026-03-23T03:51:32Z</time></trkpt><trkpt lat="22.292613333333332" lon="113.93430500000001"><ele>57.9</ele><time>2026-03-23T03:51:34Z</time></trkpt><trkpt lat="22.292624999999997" lon="113.93432333333334"><ele>57.9</ele><time>2026-03-23T03:51:37Z</time></trkpt><trkpt lat="22.292646666666663" lon="113.93434"><ele>57.8</ele><time>2026-03-23T03:51:40Z</time></trkpt><trkpt lat="22.292663333333333" lon="113.934355"><ele>57.699999999999996</ele><time>2026-03-23T03:51:43Z</time></trkpt><trkpt lat="22.292681666666667" lon="113.93435833333334"><ele>57.599999999999994</ele><time>2026-03-23T03:51:45Z</time></trkpt><trkpt lat="22.29270166666667" lon="113.93436833333332"><ele>57.599999999999994</ele><time>2026-03-23T03:51:47Z</time></trkpt><trkpt lat="22.29272166666666" lon="113.93438166666668"><ele>58.099999999999994</ele><time>2026-03-23T03:51:49Z</time></trkpt><trkpt lat="22.292740000000002" lon="113.93439333333332"><ele>59.0</ele><time>2026-03-23T03:51:52Z</time></trkpt><trkpt lat="22.292759999999998" lon="113.93440666666666"><ele>58.599999999999994</ele><time>2026-03-23T03:51:58Z</time></trkpt><trkpt lat="22.292773333333336" lon="113.93442333333333"><ele>58.699999999999996</ele><time>2026-03-23T03:52:00Z</time></trkpt><trkpt lat="22.29279" lon="113.934445"><ele>59.0</ele><time>2026-03-23T03:52:03Z</time></trkpt><trkpt lat="22.29279" lon="113.934465"><ele>58.099999999999994</ele><time>2026-03-23T03:52:05Z</time></trkpt><trkpt lat="22.292804999999998" lon="113.93448666666667"><ele>57.599999999999994</ele><time>2026-03-23T03:52:09Z</time></trkpt><trkpt lat="22.29282166666667" lon="113.93450499999999"><ele>57.3</ele><time>2026-03-23T03:52:11Z</time></trkpt><trkpt lat="22.292838333333332" lon="113.93452666666666"><ele>57.3</ele><time>2026-03-23T03:52:13Z</time></trkpt><trkpt lat="22.292856666666662" lon="113.93455"><ele>57.599999999999994</ele><time>2026-03-23T03:52:15Z</time></trkpt><trkpt lat="22.29287" lon="113.93456999999998"><ele>57.9</ele><time>2026-03-23T03:52:17Z</time></trkpt><trkpt lat="22.292891666666666" lon="113.93458000000001"><ele>58.099999999999994</ele><time>2026-03-23T03:52:20Z</time></trkpt><trkpt lat="22.29291166666667" lon="113.93459"><ele>58.3</ele><time>2026-03-23T03:52:22Z</time></trkpt><trkpt lat="22.292931666666664" lon="113.93461333333335"><ele>58.4</ele><time>2026-03-23T03:52:24Z</time></trkpt><trkpt lat="22.292951666666667" lon="113.93463333333332"><ele>58.3</ele><time>2026-03-23T03:52:26Z</time></trkpt><trkpt lat="22.29297" lon="113.93465499999999"><ele>58.0</ele><time>2026-03-23T03:52:28Z</time></trkpt><trkpt lat="22.29299" lon="113.93467166666666"><ele>57.599999999999994</ele><time>2026-03-23T03:52:30Z</time></trkpt><trkpt lat="22.293009999999995" lon="113.93467833333334"><ele>57.0</ele><time>2026-03-23T03:52:32Z</time></trkpt><trkpt lat="22.293031666666668" lon="113.93467666666666"><ele>56.4</ele><time>2026-03-23T03:52:34Z</time></trkpt><trkpt lat="22.293051666666663" lon="113.93467666666666"><ele>55.5</ele><time>2026-03-23T03:52:36Z</time></trkpt><trkpt lat="22.293073333333336" lon="113.934675"><ele>54.9</ele><time>2026-03-23T03:52:38Z</time></trkpt><trkpt lat="22.293096666666663" lon="113.934675"><ele>54.4</ele><time>2026-03-23T03:52:40Z</time></trkpt><trkpt lat="22.293118333333336" lon="113.93467666666666"><ele>54.199999999999996</ele><time>2026-03-23T03:52:42Z</time></trkpt><trkpt lat="22.29314" lon="113.93467666666666"><ele>54.199999999999996</ele><time>2026-03-23T03:52:44Z</time></trkpt><trkpt lat="22.293166666666668" lon="113.93467666666666"><ele>54.5</ele><time>2026-03-23T03:52:47Z</time></trkpt><trkpt lat="22.293189999999996" lon="113.93467333333335"><ele>54.199999999999996</ele><time>2026-03-23T03:52:49Z</time></trkpt><trkpt lat="22.293215" lon="113.934675"><ele>54.199999999999996</ele><time>2026-03-23T03:52:51Z</time></trkpt><trkpt lat="22.293234999999996" lon="113.93467166666666"><ele>54.699999999999996</ele><time>2026-03-23T03:52:53Z</time></trkpt><trkpt lat="22.293256666666668" lon="113.93467333333335"><ele>54.9</ele><time>2026-03-23T03:52:55Z</time></trkpt><trkpt lat="22.293279999999996" lon="113.93466833333332"><ele>55.199999999999996</ele><time>2026-03-23T03:52:57Z</time></trkpt><trkpt lat="22.293305" lon="113.93466333333332"><ele>55.3</ele><time>2026-03-23T03:53:00Z</time></trkpt><trkpt lat="22.293326666666665" lon="113.93465999999998"><ele>55.4</ele><time>2026-03-23T03:53:02Z</time></trkpt><trkpt lat="22.293351666666663" lon="113.93465499999999"><ele>55.199999999999996</ele><time>2026-03-23T03:53:04Z</time></trkpt><trkpt lat="22.293375" lon="113.93465166666668"><ele>55.199999999999996</ele><time>2026-03-23T03:53:06Z</time></trkpt><trkpt lat="22.29339333333333" lon="113.93464999999999"><ele>55.3</ele><time>2026-03-23T03:53:08Z</time></trkpt><trkpt lat="22.293413333333334" lon="113.93465166666668"><ele>55.599999999999994</ele><time>2026-03-23T03:53:10Z</time></trkpt><trkpt lat="22.293431666666667" lon="113.93465333333333"><ele>56.099999999999994</ele><time>2026-03-23T03:53:12Z</time></trkpt><trkpt lat="22.29345" lon="113.93465499999999"><ele>56.699999999999996</ele><time>2026-03-23T03:53:15Z</time></trkpt><trkpt lat="22.293474999999997" lon="113.93465666666667"><ele>57.199999999999996</ele><time>2026-03-23T03:53:18Z</time></trkpt><trkpt lat="22.293498333333332" lon="113.93466833333332"><ele>57.4</ele><time>2026-03-23T03:53:21Z</time></trkpt><trkpt lat="22.293515000000003" lon="113.93467833333334"><ele>57.9</ele><time>2026-03-23T03:53:23Z</time></trkpt><trkpt lat="22.293536666666668" lon="113.93467666666666"><ele>58.699999999999996</ele><time>2026-03-23T03:53:26Z</time></trkpt><trkpt lat="22.293561666666665" lon="113.93468499999999"><ele>59.199999999999996</ele><time>2026-03-23T03:53:29Z</time></trkpt><trkpt lat="22.29358333333333" lon="113.93469166666667"><ele>59.599999999999994</ele><time>2026-03-23T03:53:31Z</time></trkpt><trkpt lat="22.293605000000003" lon="113.93469333333333"><ele>59.5</ele><time>2026-03-23T03:53:34Z</time></trkpt><trkpt lat="22.293625" lon="113.93470333333335"><ele>59.4</ele><time>2026-03-23T03:53:36Z</time></trkpt><trkpt lat="22.293650000000003" lon="113.93471333333333"><ele>59.199999999999996</ele><time>2026-03-23T03:53:39Z</time></trkpt><trkpt lat="22.293668333333336" lon="113.93472166666668"><ele>59.3</ele><time>2026-03-23T03:53:41Z</time></trkpt><trkpt lat="22.293686666666666" lon="113.93473"><ele>59.5</ele><time>2026-03-23T03:53:44Z</time></trkpt><trkpt lat="22.293705" lon="113.93473999999999"><ele>59.699999999999996</ele><time>2026-03-23T03:53:46Z</time></trkpt><trkpt lat="22.29372" lon="113.93475333333332"><ele>59.8</ele><time>2026-03-23T03:53:48Z</time></trkpt><trkpt lat="22.293740000000003" lon="113.93476333333335"><ele>59.8</ele><time>2026-03-23T03:53:50Z</time></trkpt><trkpt lat="22.29375333333333" lon="113.93477999999999"><ele>60.199999999999996</ele><time>2026-03-23T03:53:54Z</time></trkpt><trkpt lat="22.293771666666665" lon="113.93481166666668"><ele>61.199999999999996</ele><time>2026-03-23T03:54:04Z</time></trkpt><trkpt lat="22.293795" lon="113.93482166666666"><ele>60.0</ele><time>2026-03-23T03:54:12Z</time></trkpt><trkpt lat="22.29381" lon="113.93484500000001"><ele>60.099999999999994</ele><time>2026-03-23T03:54:14Z</time></trkpt><trkpt lat="22.293825000000002" lon="113.93487333333333"><ele>60.099999999999994</ele><time>2026-03-23T03:54:16Z</time></trkpt><trkpt lat="22.29384" lon="113.93489166666669"><ele>60.3</ele><time>2026-03-23T03:54:18Z</time></trkpt><trkpt lat="22.293861666666665" lon="113.93490333333332"><ele>60.5</ele><time>2026-03-23T03:54:20Z</time></trkpt><trkpt lat="22.29388333333333" lon="113.93491999999999"><ele>60.699999999999996</ele><time>2026-03-23T03:54:22Z</time></trkpt><trkpt lat="22.293905000000002" lon="113.93492166666668"><ele>60.3</ele><time>2026-03-23T03:54:28Z</time></trkpt><trkpt lat="22.293926666666668" lon="113.93491166666666"><ele>60.3</ele><time>2026-03-23T03:54:31Z</time></trkpt><trkpt lat="22.29394666666667" lon="113.93490500000001"><ele>60.3</ele><time>2026-03-23T03:54:34Z</time></trkpt><trkpt lat="22.293965000000004" lon="113.93490666666666"><ele>60.599999999999994</ele><time>2026-03-23T03:54:37Z</time></trkpt><trkpt lat="22.29398" lon="113.93491999999999"><ele>60.8</ele><time>2026-03-23T03:54:41Z</time></trkpt><trkpt lat="22.293953333333334" lon="113.93490166666668"><ele>64.6</ele><time>2026-03-23T03:55:06Z</time></trkpt><trkpt lat="22.29394333333333" lon="113.93491833333334"><ele>63.3</ele><time>2026-03-23T03:55:14Z</time></trkpt><trkpt lat="22.293923333333336" lon="113.93491999999999"><ele>62.8</ele><time>2026-03-23T03:55:19Z</time></trkpt><trkpt lat="22.293905000000002" lon="113.93492499999999"><ele>62.3</ele><time>2026-03-23T03:55:22Z</time></trkpt><trkpt lat="22.293905000000002" lon="113.93494666666666"><ele>62.599999999999994</ele><time>2026-03-23T03:55:27Z</time></trkpt><trkpt lat="22.29391666666667" lon="113.93496833333332"><ele>63.099999999999994</ele><time>2026-03-23T03:55:31Z</time></trkpt><trkpt lat="22.29393" lon="113.93498666666667"><ele>63.7</ele><time>2026-03-23T03:55:34Z</time></trkpt><trkpt lat="22.29393166666667" lon="113.93500666666665"><ele>63.8</ele><time>2026-03-23T03:55:38Z</time></trkpt><trkpt lat="22.293945" lon="113.93503000000001"><ele>63.599999999999994</ele><time>2026-03-23T03:55:41Z</time></trkpt><trkpt lat="22.293951666666665" lon="113.93504999999999"><ele>63.8</ele><time>2026-03-23T03:55:43Z</time></trkpt><trkpt lat="22.293960000000002" lon="113.93507666666667"><ele>63.8</ele><time>2026-03-23T03:55:45Z</time></trkpt><trkpt lat="22.293971666666668" lon="113.93510166666668"><ele>63.89999999999999</ele><time>2026-03-23T03:55:48Z</time></trkpt><trkpt lat="22.29397833333333" lon="113.93512666666666"><ele>64.1</ele><time>2026-03-23T03:55:50Z</time></trkpt><trkpt lat="22.29398833333333" lon="113.93515000000001"><ele>64.1</ele><time>2026-03-23T03:55:52Z</time></trkpt><trkpt lat="22.293995000000002" lon="113.93517333333332"><ele>64.0</ele><time>2026-03-23T03:55:54Z</time></trkpt><trkpt lat="22.294001666666666" lon="113.93519333333333"><ele>64.0</ele><time>2026-03-23T03:55:56Z</time></trkpt><trkpt lat="22.294005000000002" lon="113.93521333333335"><ele>64.1</ele><time>2026-03-23T03:55:58Z</time></trkpt><trkpt lat="22.294005000000002" lon="113.93523833333332"><ele>64.39999999999999</ele><time>2026-03-23T03:56:01Z</time></trkpt><trkpt lat="22.294008333333334" lon="113.93526166666668"><ele>64.3</ele><time>2026-03-23T03:56:04Z</time></trkpt><trkpt lat="22.29402" lon="113.93528166666668"><ele>64.39999999999999</ele><time>2026-03-23T03:56:06Z</time></trkpt><trkpt lat="22.29401833333333" lon="113.93530166666666"><ele>64.7</ele><time>2026-03-23T03:56:08Z</time></trkpt><trkpt lat="22.294016666666668" lon="113.935325"><ele>65.0</ele><time>2026-03-23T03:56:12Z</time></trkpt><trkpt lat="22.294021666666662" lon="113.935345"><ele>65.1</ele><time>2026-03-23T03:56:16Z</time></trkpt><trkpt lat="22.294028333333337" lon="113.93536666666665"><ele>65.1</ele><time>2026-03-23T03:56:19Z</time></trkpt><trkpt lat="22.294038333333333" lon="113.93538500000001"><ele>65.0</ele><time>2026-03-23T03:56:22Z</time></trkpt><trkpt lat="22.294051666666665" lon="113.93539833333334"><ele>65.1</ele><time>2026-03-23T03:56:25Z</time></trkpt><trkpt lat="22.294066666666662" lon="113.935415"><ele>65.3</ele><time>2026-03-23T03:56:28Z</time></trkpt><trkpt lat="22.29407833333333" lon="113.93543333333334"><ele>65.2</ele><time>2026-03-23T03:56:31Z</time></trkpt><trkpt lat="22.294058333333336" lon="113.93544166666668"><ele>68.0</ele><time>2026-03-23T03:56:43Z</time></trkpt><trkpt lat="22.294043333333335" lon="113.93543"><ele>67.6</ele><time>2026-03-23T03:56:45Z</time></trkpt><trkpt lat="22.294028333333337" lon="113.93540999999999"><ele>67.39999999999999</ele><time>2026-03-23T03:56:47Z</time></trkpt><trkpt lat="22.294016666666668" lon="113.935395"><ele>66.89999999999999</ele><time>2026-03-23T03:56:49Z</time></trkpt><trkpt lat="22.293998333333334" lon="113.93538166666667"><ele>66.39999999999999</ele><time>2026-03-23T03:56:51Z</time></trkpt><trkpt lat="22.29397833333333" lon="113.93538333333332"><ele>65.3</ele><time>2026-03-23T03:56:55Z</time></trkpt><trkpt lat="22.293985" lon="113.93540499999999"><ele>66.6</ele><time>2026-03-23T03:57:16Z</time></trkpt><trkpt lat="22.29400666666667" lon="113.93540666666668"><ele>66.1</ele><time>2026-03-23T03:57:20Z</time></trkpt><trkpt lat="22.294028333333337" lon="113.93539666666666"><ele>66.1</ele><time>2026-03-23T03:57:23Z</time></trkpt><trkpt lat="22.294046666666667" lon="113.93539000000001"><ele>65.39999999999999</ele><time>2026-03-23T03:57:25Z</time></trkpt><trkpt lat="22.29407" lon="113.93540333333334"><ele>65.2</ele><time>2026-03-23T03:57:27Z</time></trkpt><trkpt lat="22.294085000000003" lon="113.93541666666667"><ele>64.8</ele><time>2026-03-23T03:57:29Z</time></trkpt><trkpt lat="22.294106666666668" lon="113.935435"><ele>64.2</ele><time>2026-03-23T03:57:32Z</time></trkpt><trkpt lat="22.294128333333333" lon="113.93544833333333"><ele>64.2</ele><time>2026-03-23T03:57:34Z</time></trkpt><trkpt lat="22.29415" lon="113.93546166666665"><ele>64.5</ele><time>2026-03-23T03:57:36Z</time></trkpt><trkpt lat="22.294175000000003" lon="113.93548000000001"><ele>64.7</ele><time>2026-03-23T03:57:38Z</time></trkpt><trkpt lat="22.294201666666662" lon="113.93549833333333"><ele>64.89999999999999</ele><time>2026-03-23T03:57:40Z</time></trkpt><trkpt lat="22.294224999999997" lon="113.93551333333335"><ele>65.0</ele><time>2026-03-23T03:57:42Z</time></trkpt><trkpt lat="22.294245" lon="113.93552"><ele>65.0</ele><time>2026-03-23T03:57:45Z</time></trkpt><trkpt lat="22.29424333333333" lon="113.93549666666668"><ele>64.0</ele><time>2026-03-23T03:57:58Z</time></trkpt><trkpt lat="22.29425666666667" lon="113.93551000000001"><ele>62.89999999999999</ele><time>2026-03-23T03:58:08Z</time></trkpt><trkpt lat="22.29425666666667" lon="113.93548833333334"><ele>62.5</ele><time>2026-03-23T03:58:11Z</time></trkpt><trkpt lat="22.294275000000003" lon="113.93548833333334"><ele>62.5</ele><time>2026-03-23T03:58:12Z</time></trkpt><trkpt lat="22.294293333333332" lon="113.93548833333334"><ele>62.599999999999994</ele><time>2026-03-23T03:58:13Z</time></trkpt><trkpt lat="22.294313333333335" lon="113.93549"><ele>63.3</ele><time>2026-03-23T03:58:15Z</time></trkpt><trkpt lat="22.294335" lon="113.935485"><ele>63.89999999999999</ele><time>2026-03-23T03:58:21Z</time></trkpt><trkpt lat="22.294313333333335" lon="113.93548833333334"><ele>66.7</ele><time>2026-03-23T03:59:04Z</time></trkpt><trkpt lat="22.294296666666664" lon="113.93547666666667"><ele>67.1</ele><time>2026-03-23T03:59:06Z</time></trkpt><trkpt lat="22.294275000000003" lon="113.93546666666667"><ele>67.6</ele><time>2026-03-23T03:59:08Z</time></trkpt><trkpt lat="22.294255" lon="113.935465"><ele>67.8</ele><time>2026-03-23T03:59:10Z</time></trkpt><trkpt lat="22.294246666666663" lon="113.93543999999999"><ele>68.7</ele><time>2026-03-23T03:59:15Z</time></trkpt><trkpt lat="22.294236666666666" lon="113.93542333333335"><ele>68.2</ele><time>2026-03-23T03:59:27Z</time></trkpt><trkpt lat="22.294221666666665" lon="113.93540999999999"><ele>68.7</ele><time>2026-03-23T03:59:34Z</time></trkpt><trkpt lat="22.29422833333333" lon="113.93543999999999"><ele>67.3</ele><time>2026-03-23T03:59:41Z</time></trkpt><trkpt lat="22.29425" lon="113.93545"><ele>66.89999999999999</ele><time>2026-03-23T03:59:43Z</time></trkpt><trkpt lat="22.294261666666664" lon="113.93546666666667"><ele>66.8</ele><time>2026-03-23T03:59:45Z</time></trkpt><trkpt lat="22.294251666666664" lon="113.93548333333335"><ele>66.89999999999999</ele><time>2026-03-23T03:59:47Z</time></trkpt><trkpt lat="22.294245" lon="113.93550166666667"><ele>67.7</ele><time>2026-03-23T03:59:49Z</time></trkpt><trkpt lat="22.294230000000002" lon="113.93551833333335"><ele>66.3</ele><time>2026-03-23T03:59:56Z</time></trkpt><trkpt lat="22.294276666666665" lon="113.93552"><ele>60.9</ele><time>2026-03-23T04:01:28Z</time></trkpt><trkpt lat="22.29425833333333" lon="113.93551833333335"><ele>66.5</ele><time>2026-03-23T04:04:05Z</time></trkpt></trkseg><trkseg><trkpt lat="22.294171666666664" lon="113.93546833333333"><ele>68.5</ele><time>2026-03-23T04:20:41Z</time></trkpt><trkpt lat="22.294165" lon="113.93544666666666"><ele>68.3</ele><time>2026-03-23T04:20:44Z</time></trkpt><trkpt lat="22.294141666666665" lon="113.93544166666668"><ele>70.3</ele><time>2026-03-23T04:20:46Z</time></trkpt><trkpt lat="22.294185000000002" lon="113.93553166666668"><ele>71.5</ele><time>2026-03-23T04:21:15Z</time></trkpt><trkpt lat="22.29421166666667" lon="113.935525"><ele>57.099999999999994</ele><time>2026-03-23T04:27:40Z</time></trkpt><trkpt lat="22.294191666666666" lon="113.93552666666668"><ele>56.4</ele><time>2026-03-23T04:27:44Z</time></trkpt><trkpt lat="22.29417" lon="113.93551333333335"><ele>57.0</ele><time>2026-03-23T04:27:46Z</time></trkpt><trkpt lat="22.294151666666668" lon="113.93551333333335"><ele>58.0</ele><time>2026-03-23T04:27:48Z</time></trkpt><trkpt lat="22.294131666666665" lon="113.93550666666667"><ele>59.099999999999994</ele><time>2026-03-23T04:27:51Z</time></trkpt><trkpt lat="22.294116666666664" lon="113.93549166666665"><ele>60.099999999999994</ele><time>2026-03-23T04:27:54Z</time></trkpt><trkpt lat="22.294100000000004" lon="113.93547833333332"><ele>60.599999999999994</ele><time>2026-03-23T04:27:56Z</time></trkpt><trkpt lat="22.294075" lon="113.93546833333333"><ele>61.4</ele><time>2026-03-23T04:27:59Z</time></trkpt><trkpt lat="22.294059999999998" lon="113.93545333333334"><ele>61.699999999999996</ele><time>2026-03-23T04:28:01Z</time></trkpt><trkpt lat="22.294041666666665" lon="113.93543999999999"><ele>62.0</ele><time>2026-03-23T04:28:03Z</time></trkpt><trkpt lat="22.29402" lon="113.935425"><ele>62.3</ele><time>2026-03-23T04:28:06Z</time></trkpt><trkpt lat="22.294008333333334" lon="113.93540333333334"><ele>62.7</ele><time>2026-03-23T04:28:09Z</time></trkpt><trkpt lat="22.293999999999997" lon="113.93538500000001"><ele>63.099999999999994</ele><time>2026-03-23T04:28:11Z</time></trkpt><trkpt lat="22.29399166666667" lon="113.93536166666667"><ele>63.7</ele><time>2026-03-23T04:28:14Z</time></trkpt><trkpt lat="22.293993333333333" lon="113.93534166666669"><ele>63.8</ele><time>2026-03-23T04:28:16Z</time></trkpt><trkpt lat="22.293996666666665" lon="113.93532166666667"><ele>63.89999999999999</ele><time>2026-03-23T04:28:18Z</time></trkpt><trkpt lat="22.293996666666665" lon="113.93529500000001"><ele>63.599999999999994</ele><time>2026-03-23T04:28:21Z</time></trkpt><trkpt lat="22.293995000000002" lon="113.93527"><ele>63.0</ele><time>2026-03-23T04:28:24Z</time></trkpt><trkpt lat="22.29399" lon="113.93524666666666"><ele>62.7</ele><time>2026-03-23T04:28:26Z</time></trkpt><trkpt lat="22.293985" lon="113.935215"><ele>62.0</ele><time>2026-03-23T04:28:29Z</time></trkpt><trkpt lat="22.293975" lon="113.93519166666668"><ele>61.599999999999994</ele><time>2026-03-23T04:28:31Z</time></trkpt><trkpt lat="22.293968333333336" lon="113.93517333333332"><ele>61.0</ele><time>2026-03-23T04:28:33Z</time></trkpt><trkpt lat="22.293963333333334" lon="113.93515333333335"><ele>60.5</ele><time>2026-03-23T04:28:35Z</time></trkpt><trkpt lat="22.293954999999997" lon="113.935125"><ele>59.9</ele><time>2026-03-23T04:28:38Z</time></trkpt><trkpt lat="22.293951666666665" lon="113.93510333333333"><ele>59.4</ele><time>2026-03-23T04:28:40Z</time></trkpt><trkpt lat="22.293945" lon="113.935075"><ele>58.8</ele><time>2026-03-23T04:28:43Z</time></trkpt><trkpt lat="22.29394166666667" lon="113.93505166666667"><ele>58.599999999999994</ele><time>2026-03-23T04:28:45Z</time></trkpt><trkpt lat="22.29394" lon="113.93502333333332"><ele>58.9</ele><time>2026-03-23T04:28:47Z</time></trkpt><trkpt lat="22.29393166666667" lon="113.93499500000001"><ele>59.0</ele><time>2026-03-23T04:28:51Z</time></trkpt><trkpt lat="22.29391333333333" lon="113.93498999999998"><ele>58.8</ele><time>2026-03-23T04:28:54Z</time></trkpt><trkpt lat="22.29389833333333" lon="113.93497333333335"><ele>59.4</ele><time>2026-03-23T04:28:59Z</time></trkpt><trkpt lat="22.29388833333333" lon="113.93495"><ele>60.099999999999994</ele><time>2026-03-23T04:29:01Z</time></trkpt><trkpt lat="22.293873333333334" lon="113.93492999999998"><ele>60.5</ele><time>2026-03-23T04:29:04Z</time></trkpt><trkpt lat="22.29385666666667" lon="113.93491"><ele>61.199999999999996</ele><time>2026-03-23T04:29:07Z</time></trkpt><trkpt lat="22.29384333333333" lon="113.93489333333333"><ele>61.4</ele><time>2026-03-23T04:29:09Z</time></trkpt><trkpt lat="22.293834999999998" lon="113.93487333333333"><ele>61.3</ele><time>2026-03-23T04:29:11Z</time></trkpt><trkpt lat="22.29382333333333" lon="113.93485666666666"><ele>61.0</ele><time>2026-03-23T04:29:13Z</time></trkpt><trkpt lat="22.29381166666667" lon="113.93484166666667"><ele>60.699999999999996</ele><time>2026-03-23T04:29:15Z</time></trkpt><trkpt lat="22.2938" lon="113.93482666666665"><ele>60.4</ele><time>2026-03-23T04:29:18Z</time></trkpt><trkpt lat="22.293786666666666" lon="113.93480833333334"><ele>59.8</ele><time>2026-03-23T04:29:23Z</time></trkpt><trkpt lat="22.293785000000003" lon="113.93478833333332"><ele>59.599999999999994</ele><time>2026-03-23T04:29:26Z</time></trkpt><trkpt lat="22.293786666666666" lon="113.93475833333332"><ele>59.3</ele><time>2026-03-23T04:29:29Z</time></trkpt><trkpt lat="22.293783333333334" lon="113.934735"><ele>58.9</ele><time>2026-03-23T04:29:32Z</time></trkpt><trkpt lat="22.293774999999997" lon="113.934715"><ele>58.599999999999994</ele><time>2026-03-23T04:29:35Z</time></trkpt><trkpt lat="22.293765" lon="113.93469833333332"><ele>58.3</ele><time>2026-03-23T04:29:38Z</time></trkpt><trkpt lat="22.29376166666667" lon="113.93467833333334"><ele>57.8</ele><time>2026-03-23T04:29:44Z</time></trkpt><trkpt lat="22.293758333333336" lon="113.93465666666667"><ele>57.3</ele><time>2026-03-23T04:29:51Z</time></trkpt><trkpt lat="22.293743333333335" lon="113.93464166666666"><ele>56.3</ele><time>2026-03-23T04:29:58Z</time></trkpt><trkpt lat="22.29373666666667" lon="113.93462333333333"><ele>56.099999999999994</ele><time>2026-03-23T04:30:01Z</time></trkpt><trkpt lat="22.293695000000003" lon="113.93458166666666"><ele>54.199999999999996</ele><time>2026-03-23T04:30:47Z</time></trkpt><trkpt lat="22.293699999999998" lon="113.93455999999999"><ele>55.599999999999994</ele><time>2026-03-23T04:30:53Z</time></trkpt><trkpt lat="22.29371" lon="113.93450666666668"><ele>64.39999999999999</ele><time>2026-03-23T04:32:24Z</time></trkpt><trkpt lat="22.293681666666664" lon="113.93451666666667"><ele>64.1</ele><time>2026-03-23T04:33:15Z</time></trkpt><trkpt lat="22.293699999999998" lon="113.93452166666665"><ele>64.1</ele><time>2026-03-23T04:33:19Z</time></trkpt><trkpt lat="22.29366333333333" lon="113.93452333333335"><ele>60.9</ele><time>2026-03-23T04:33:52Z</time></trkpt><trkpt lat="22.29370333333333" lon="113.93454500000001"><ele>60.599999999999994</ele><time>2026-03-23T04:34:17Z</time></trkpt><trkpt lat="22.293713333333336" lon="113.93456833333333"><ele>60.599999999999994</ele><time>2026-03-23T04:34:21Z</time></trkpt><trkpt lat="22.293725000000002" lon="113.934585"><ele>60.5</ele><time>2026-03-23T04:34:25Z</time></trkpt><trkpt lat="22.293726666666664" lon="113.934605"><ele>60.5</ele><time>2026-03-23T04:34:31Z</time></trkpt><trkpt lat="22.293740000000003" lon="113.93466166666667"><ele>59.599999999999994</ele><time>2026-03-23T04:34:45Z</time></trkpt><trkpt lat="22.293735" lon="113.93468166666668"><ele>59.5</ele><time>2026-03-23T04:34:47Z</time></trkpt><trkpt lat="22.293723333333332" lon="113.93470166666665"><ele>59.199999999999996</ele><time>2026-03-23T04:34:49Z</time></trkpt><trkpt lat="22.29371833333333" lon="113.93472166666668"><ele>59.099999999999994</ele><time>2026-03-23T04:34:51Z</time></trkpt><trkpt lat="22.293696666666666" lon="113.93472666666666"><ele>58.3</ele><time>2026-03-23T04:34:58Z</time></trkpt><trkpt lat="22.29367333333333" lon="113.93471833333334"><ele>57.599999999999994</ele><time>2026-03-23T04:35:02Z</time></trkpt><trkpt lat="22.293653333333335" lon="113.93470666666666"><ele>57.099999999999994</ele><time>2026-03-23T04:35:04Z</time></trkpt><trkpt lat="22.29363" lon="113.93469833333332"><ele>56.599999999999994</ele><time>2026-03-23T04:35:06Z</time></trkpt><trkpt lat="22.293611666666667" lon="113.934695"><ele>56.199999999999996</ele><time>2026-03-23T04:35:08Z</time></trkpt><trkpt lat="22.293591666666664" lon="113.93468999999999"><ele>55.699999999999996</ele><time>2026-03-23T04:35:10Z</time></trkpt><trkpt lat="22.293564999999997" lon="113.93468499999999"><ele>55.4</ele><time>2026-03-23T04:35:12Z</time></trkpt><trkpt lat="22.29354166666667" lon="113.93468"><ele>55.099999999999994</ele><time>2026-03-23T04:35:14Z</time></trkpt><trkpt lat="22.29352333333333" lon="113.93467833333334"><ele>54.8</ele><time>2026-03-23T04:35:16Z</time></trkpt><trkpt lat="22.293501666666664" lon="113.93467666666666"><ele>54.199999999999996</ele><time>2026-03-23T04:35:18Z</time></trkpt><trkpt lat="22.29348" lon="113.93467166666666"><ele>53.8</ele><time>2026-03-23T04:35:20Z</time></trkpt><trkpt lat="22.293455" lon="113.93466333333332"><ele>53.3</ele><time>2026-03-23T04:35:22Z</time></trkpt><trkpt lat="22.293429999999997" lon="113.93466166666667"><ele>52.8</ele><time>2026-03-23T04:35:24Z</time></trkpt><trkpt lat="22.293405" lon="113.93465833333333"><ele>51.9</ele><time>2026-03-23T04:35:27Z</time></trkpt><trkpt lat="22.293384999999997" lon="113.93466166666667"><ele>51.3</ele><time>2026-03-23T04:35:29Z</time></trkpt><trkpt lat="22.293365" lon="113.93465833333333"><ele>50.3</ele><time>2026-03-23T04:35:31Z</time></trkpt><trkpt lat="22.293343333333336" lon="113.93465499999999"><ele>49.5</ele><time>2026-03-23T04:35:33Z</time></trkpt><trkpt lat="22.293313333333337" lon="113.93465499999999"><ele>48.9</ele><time>2026-03-23T04:35:35Z</time></trkpt><trkpt lat="22.293291666666665" lon="113.93465999999998"><ele>48.599999999999994</ele><time>2026-03-23T04:35:37Z</time></trkpt><trkpt lat="22.293263333333336" lon="113.93466333333332"><ele>48.4</ele><time>2026-03-23T04:35:40Z</time></trkpt><trkpt lat="22.29324" lon="113.93466166666667"><ele>48.199999999999996</ele><time>2026-03-23T04:35:42Z</time></trkpt><trkpt lat="22.293216666666662" lon="113.93466500000001"><ele>48.099999999999994</ele><time>2026-03-23T04:35:44Z</time></trkpt><trkpt lat="22.29319666666667" lon="113.93466833333332"><ele>48.0</ele><time>2026-03-23T04:35:46Z</time></trkpt><trkpt lat="22.293173333333336" lon="113.93467000000001"><ele>47.5</ele><time>2026-03-23T04:35:49Z</time></trkpt><trkpt lat="22.293144999999996" lon="113.93467666666666"><ele>46.9</ele><time>2026-03-23T04:35:52Z</time></trkpt><trkpt lat="22.29312" lon="113.934675"><ele>46.8</ele><time>2026-03-23T04:35:54Z</time></trkpt><trkpt lat="22.293095" lon="113.93467333333335"><ele>46.699999999999996</ele><time>2026-03-23T04:35:56Z</time></trkpt><trkpt lat="22.293073333333336" lon="113.934675"><ele>46.8</ele><time>2026-03-23T04:35:58Z</time></trkpt><trkpt lat="22.293053333333333" lon="113.93466833333332"><ele>47.0</ele><time>2026-03-23T04:36:01Z</time></trkpt><trkpt lat="22.293031666666668" lon="113.93466500000001"><ele>46.8</ele><time>2026-03-23T04:36:04Z</time></trkpt><trkpt lat="22.293013333333338" lon="113.93465999999998"><ele>46.599999999999994</ele><time>2026-03-23T04:36:06Z</time></trkpt><trkpt lat="22.292994999999998" lon="113.93465666666667"><ele>46.4</ele><time>2026-03-23T04:36:08Z</time></trkpt><trkpt lat="22.292976666666664" lon="113.93465999999998"><ele>46.3</ele><time>2026-03-23T04:36:10Z</time></trkpt><trkpt lat="22.29295833333333" lon="113.93465999999998"><ele>46.199999999999996</ele><time>2026-03-23T04:36:12Z</time></trkpt><trkpt lat="22.29294333333333" lon="113.93464833333334"><ele>46.199999999999996</ele><time>2026-03-23T04:36:14Z</time></trkpt><trkpt lat="22.29292666666667" lon="113.93463666666666"><ele>46.199999999999996</ele><time>2026-03-23T04:36:16Z</time></trkpt><trkpt lat="22.292905000000005" lon="113.93462333333333"><ele>46.199999999999996</ele><time>2026-03-23T04:36:19Z</time></trkpt><trkpt lat="22.292893333333335" lon="113.93460833333332"><ele>46.5</ele><time>2026-03-23T04:36:22Z</time></trkpt><trkpt lat="22.292893333333335" lon="113.93458666666666"><ele>46.8</ele><time>2026-03-23T04:36:27Z</time></trkpt><trkpt lat="22.292873333333333" lon="113.93457333333332"><ele>47.099999999999994</ele><time>2026-03-23T04:36:30Z</time></trkpt><trkpt lat="22.292856666666662" lon="113.93456166666668"><ele>47.5</ele><time>2026-03-23T04:36:33Z</time></trkpt><trkpt lat="22.292843333333334" lon="113.93454666666666"><ele>48.199999999999996</ele><time>2026-03-23T04:36:35Z</time></trkpt><trkpt lat="22.292826666666663" lon="113.93452666666666"><ele>48.8</ele><time>2026-03-23T04:36:38Z</time></trkpt><trkpt lat="22.292813333333335" lon="113.93451333333333"><ele>48.699999999999996</ele><time>2026-03-23T04:36:40Z</time></trkpt><trkpt lat="22.29279166666667" lon="113.93449666666666"><ele>49.0</ele><time>2026-03-23T04:36:43Z</time></trkpt><trkpt lat="22.29277666666667" lon="113.93447999999998"><ele>49.0</ele><time>2026-03-23T04:36:45Z</time></trkpt><trkpt lat="22.29276333333333" lon="113.93445333333332"><ele>49.4</ele><time>2026-03-23T04:36:48Z</time></trkpt><trkpt lat="22.292745" lon="113.93443166666665"><ele>49.4</ele><time>2026-03-23T04:36:50Z</time></trkpt><trkpt lat="22.292726666666667" lon="113.93441833333333"><ele>49.5</ele><time>2026-03-23T04:36:52Z</time></trkpt><trkpt lat="22.292711666666666" lon="113.93440166666666"><ele>49.699999999999996</ele><time>2026-03-23T04:36:54Z</time></trkpt><trkpt lat="22.292693333333332" lon="113.93438166666668"><ele>49.699999999999996</ele><time>2026-03-23T04:36:56Z</time></trkpt><trkpt lat="22.292671666666667" lon="113.93436666666666"><ele>49.099999999999994</ele><time>2026-03-23T04:36:59Z</time></trkpt><trkpt lat="22.292655" lon="113.93435666666667"><ele>48.699999999999996</ele><time>2026-03-23T04:37:01Z</time></trkpt><trkpt lat="22.292636666666667" lon="113.93434833333335"><ele>48.0</ele><time>2026-03-23T04:37:04Z</time></trkpt><trkpt lat="22.29261166666667" lon="113.934335"><ele>47.9</ele><time>2026-03-23T04:37:07Z</time></trkpt><trkpt lat="22.292596666666668" lon="113.93432333333334"><ele>47.699999999999996</ele><time>2026-03-23T04:37:09Z</time></trkpt><trkpt lat="22.292579999999997" lon="113.93430500000001"><ele>47.699999999999996</ele><time>2026-03-23T04:37:12Z</time></trkpt><trkpt lat="22.29256833333333" lon="113.93428666666665"><ele>47.699999999999996</ele><time>2026-03-23T04:37:14Z</time></trkpt><trkpt lat="22.29255" lon="113.93427333333332"><ele>47.8</ele><time>2026-03-23T04:37:17Z</time></trkpt><trkpt lat="22.29253833333333" lon="113.93425833333335"><ele>47.699999999999996</ele><time>2026-03-23T04:37:19Z</time></trkpt><trkpt lat="22.292528333333333" lon="113.93424166666667"><ele>47.699999999999996</ele><time>2026-03-23T04:37:21Z</time></trkpt><trkpt lat="22.292515" lon="113.93422666666666"><ele>47.9</ele><time>2026-03-23T04:37:23Z</time></trkpt><trkpt lat="22.292500000000004" lon="113.93421500000001"><ele>47.9</ele><time>2026-03-23T04:37:25Z</time></trkpt><trkpt lat="22.292483333333333" lon="113.93419833333334"><ele>47.699999999999996</ele><time>2026-03-23T04:37:28Z</time></trkpt><trkpt lat="22.292466666666662" lon="113.93417833333334"><ele>47.599999999999994</ele><time>2026-03-23T04:37:31Z</time></trkpt><trkpt lat="22.292456666666666" lon="113.93416"><ele>47.599999999999994</ele><time>2026-03-23T04:37:33Z</time></trkpt><trkpt lat="22.292444999999997" lon="113.93414"><ele>47.8</ele><time>2026-03-23T04:37:35Z</time></trkpt><trkpt lat="22.29243333333333" lon="113.93411833333333"><ele>47.8</ele><time>2026-03-23T04:37:37Z</time></trkpt><trkpt lat="22.292423333333332" lon="113.9341"><ele>48.0</ele><time>2026-03-23T04:37:40Z</time></trkpt><trkpt lat="22.292405" lon="113.93408666666667"><ele>48.099999999999994</ele><time>2026-03-23T04:37:44Z</time></trkpt><trkpt lat="22.29238666666667" lon="113.93408"><ele>47.9</ele><time>2026-03-23T04:37:47Z</time></trkpt><trkpt lat="22.292371666666668" lon="113.93406833333331"><ele>47.699999999999996</ele><time>2026-03-23T04:37:49Z</time></trkpt><trkpt lat="22.292350000000003" lon="113.93405333333334"><ele>47.199999999999996</ele><time>2026-03-23T04:37:52Z</time></trkpt><trkpt lat="22.292333333333332" lon="113.934045"><ele>47.0</ele><time>2026-03-23T04:37:54Z</time></trkpt><trkpt lat="22.29231666666667" lon="113.93402833333333"><ele>47.099999999999994</ele><time>2026-03-23T04:37:57Z</time></trkpt><trkpt lat="22.292295" lon="113.93401833333334"><ele>47.199999999999996</ele><time>2026-03-23T04:38:00Z</time></trkpt><trkpt lat="22.292278333333336" lon="113.93401"><ele>47.3</ele><time>2026-03-23T04:38:02Z</time></trkpt><trkpt lat="22.292255" lon="113.93400000000001"><ele>47.8</ele><time>2026-03-23T04:38:05Z</time></trkpt><trkpt lat="22.29223833333333" lon="113.93399"><ele>47.9</ele><time>2026-03-23T04:38:07Z</time></trkpt><trkpt lat="22.292221666666666" lon="113.93397666666667"><ele>48.0</ele><time>2026-03-23T04:38:09Z</time></trkpt><trkpt lat="22.292205" lon="113.93396166666668"><ele>47.8</ele><time>2026-03-23T04:38:11Z</time></trkpt><trkpt lat="22.292188333333335" lon="113.93395000000001"><ele>47.599999999999994</ele><time>2026-03-23T04:38:13Z</time></trkpt><trkpt lat="22.292168333333333" lon="113.93394166666667"><ele>47.199999999999996</ele><time>2026-03-23T04:38:15Z</time></trkpt><trkpt lat="22.29214833333333" lon="113.93392999999999"><ele>46.599999999999994</ele><time>2026-03-23T04:38:17Z</time></trkpt><trkpt lat="22.292128333333334" lon="113.933925"><ele>46.4</ele><time>2026-03-23T04:38:19Z</time></trkpt><trkpt lat="22.29210666666667" lon="113.93392"><ele>46.099999999999994</ele><time>2026-03-23T04:38:22Z</time></trkpt><trkpt lat="22.292083333333334" lon="113.93390666666667"><ele>45.599999999999994</ele><time>2026-03-23T04:38:25Z</time></trkpt><trkpt lat="22.29207" lon="113.93389"><ele>44.599999999999994</ele><time>2026-03-23T04:38:28Z</time></trkpt><trkpt lat="22.292051666666666" lon="113.93387499999999"><ele>43.9</ele><time>2026-03-23T04:38:31Z</time></trkpt><trkpt lat="22.292033333333332" lon="113.93386000000001"><ele>43.5</ele><time>2026-03-23T04:38:33Z</time></trkpt><trkpt lat="22.29201333333333" lon="113.93384166666668"><ele>43.0</ele><time>2026-03-23T04:38:36Z</time></trkpt><trkpt lat="22.291991666666664" lon="113.93382333333332"><ele>42.599999999999994</ele><time>2026-03-23T04:38:39Z</time></trkpt><trkpt lat="22.291976666666663" lon="113.93381166666668"><ele>42.3</ele><time>2026-03-23T04:38:41Z</time></trkpt><trkpt lat="22.291960000000003" lon="113.9338"><ele>41.9</ele><time>2026-03-23T04:38:43Z</time></trkpt><trkpt lat="22.291943333333332" lon="113.93378333333334"><ele>41.3</ele><time>2026-03-23T04:38:46Z</time></trkpt><trkpt lat="22.291933333333336" lon="113.93376666666667"><ele>40.8</ele><time>2026-03-23T04:38:49Z</time></trkpt><trkpt lat="22.291916666666665" lon="113.93375333333333"><ele>40.4</ele><time>2026-03-23T04:38:52Z</time></trkpt><trkpt lat="22.29189666666667" lon="113.93373666666666"><ele>39.9</ele><time>2026-03-23T04:38:55Z</time></trkpt><trkpt lat="22.29189" lon="113.93371666666665"><ele>39.0</ele><time>2026-03-23T04:39:00Z</time></trkpt><trkpt lat="22.291893333333338" lon="113.93369333333334"><ele>38.199999999999996</ele><time>2026-03-23T04:39:07Z</time></trkpt><trkpt lat="22.291886666666663" lon="113.93366833333333"><ele>37.8</ele><time>2026-03-23T04:39:11Z</time></trkpt><trkpt lat="22.291885" lon="113.93364333333332"><ele>37.4</ele><time>2026-03-23T04:39:14Z</time></trkpt><trkpt lat="22.29188" lon="113.93362333333334"><ele>37.0</ele><time>2026-03-23T04:39:18Z</time></trkpt><trkpt lat="22.291868333333333" lon="113.93360833333332"><ele>36.699999999999996</ele><time>2026-03-23T04:39:22Z</time></trkpt><trkpt lat="22.291856666666664" lon="113.93358833333332"><ele>36.3</ele><time>2026-03-23T04:39:25Z</time></trkpt><trkpt lat="22.291845" lon="113.93357166666668"><ele>35.5</ele><time>2026-03-23T04:39:29Z</time></trkpt><trkpt lat="22.291835" lon="113.93355500000001"><ele>34.599999999999994</ele><time>2026-03-23T04:39:32Z</time></trkpt><trkpt lat="22.291825000000003" lon="113.93353333333334"><ele>33.599999999999994</ele><time>2026-03-23T04:39:35Z</time></trkpt><trkpt lat="22.291816666666666" lon="113.93351499999999"><ele>32.5</ele><time>2026-03-23T04:39:38Z</time></trkpt><trkpt lat="22.291805" lon="113.93349000000002"><ele>31.400000000000002</ele><time>2026-03-23T04:39:41Z</time></trkpt><trkpt lat="22.291798333333336" lon="113.93346166666667"><ele>30.8</ele><time>2026-03-23T04:39:44Z</time></trkpt><trkpt lat="22.29179333333333" lon="113.93344"><ele>30.2</ele><time>2026-03-23T04:39:46Z</time></trkpt><trkpt lat="22.291788333333336" lon="113.93341666666666"><ele>29.7</ele><time>2026-03-23T04:39:48Z</time></trkpt><trkpt lat="22.291778333333333" lon="113.93339166666668"><ele>28.8</ele><time>2026-03-23T04:39:51Z</time></trkpt><trkpt lat="22.29176166666667" lon="113.93337333333332"><ele>28.0</ele><time>2026-03-23T04:39:54Z</time></trkpt><trkpt lat="22.291745" lon="113.93336"><ele>27.1</ele><time>2026-03-23T04:39:57Z</time></trkpt><trkpt lat="22.291724999999996" lon="113.93334666666667"><ele>26.400000000000002</ele><time>2026-03-23T04:40:00Z</time></trkpt><trkpt lat="22.291708333333336" lon="113.93333166666667"><ele>25.7</ele><time>2026-03-23T04:40:03Z</time></trkpt><trkpt lat="22.291691666666665" lon="113.93331333333332"><ele>24.8</ele><time>2026-03-23T04:40:07Z</time></trkpt><trkpt lat="22.291678333333333" lon="113.93329166666666"><ele>24.1</ele><time>2026-03-23T04:40:10Z</time></trkpt><trkpt lat="22.291665" lon="113.93327666666667"><ele>23.400000000000002</ele><time>2026-03-23T04:40:12Z</time></trkpt><trkpt lat="22.291649999999997" lon="113.93325833333334"><ele>22.8</ele><time>2026-03-23T04:40:14Z</time></trkpt><trkpt lat="22.291633333333333" lon="113.93323833333334"><ele>22.5</ele><time>2026-03-23T04:40:16Z</time></trkpt><trkpt lat="22.291616666666663" lon="113.93325166666666"><ele>21.3</ele><time>2026-03-23T04:40:20Z</time></trkpt><trkpt lat="22.291601666666665" lon="113.93326666666665"><ele>19.3</ele><time>2026-03-23T04:40:25Z</time></trkpt><trkpt lat="22.29158166666667" lon="113.93327"><ele>18.0</ele><time>2026-03-23T04:40:29Z</time></trkpt><trkpt lat="22.291558333333334" lon="113.93326666666665"><ele>16.8</ele><time>2026-03-23T04:40:33Z</time></trkpt><trkpt lat="22.29153666666667" lon="113.93327"><ele>15.5</ele><time>2026-03-23T04:40:37Z</time></trkpt><trkpt lat="22.291518333333336" lon="113.933275"><ele>14.2</ele><time>2026-03-23T04:40:41Z</time></trkpt><trkpt lat="22.291495" lon="113.93327666666667"><ele>12.7</ele><time>2026-03-23T04:40:46Z</time></trkpt><trkpt lat="22.291496666666664" lon="113.933255"><ele>11.2</ele><time>2026-03-23T04:40:53Z</time></trkpt><trkpt lat="22.291511666666665" lon="113.93324333333334"><ele>11.100000000000001</ele><time>2026-03-23T04:40:55Z</time></trkpt><trkpt lat="22.291525" lon="113.93322500000001"><ele>11.0</ele><time>2026-03-23T04:40:57Z</time></trkpt><trkpt lat="22.291541666666664" lon="113.93320166666666"><ele>10.8</ele><time>2026-03-23T04:41:00Z</time></trkpt><trkpt lat="22.291553333333333" lon="113.93318"><ele>10.5</ele><time>2026-03-23T04:41:02Z</time></trkpt><trkpt lat="22.291561666666666" lon="113.93316000000002"><ele>10.399999999999999</ele><time>2026-03-23T04:41:04Z</time></trkpt><trkpt lat="22.29157" lon="113.93314000000001"><ele>10.2</ele><time>2026-03-23T04:41:06Z</time></trkpt><trkpt lat="22.291574999999998" lon="113.93311333333334"><ele>9.899999999999999</ele><time>2026-03-23T04:41:09Z</time></trkpt><trkpt lat="22.291585" lon="113.93309333333333"><ele>9.7</ele><time>2026-03-23T04:41:11Z</time></trkpt><trkpt lat="22.291589999999996" lon="113.93306333333334"><ele>9.5</ele><time>2026-03-23T04:41:14Z</time></trkpt><trkpt lat="22.291594999999997" lon="113.93303666666667"><ele>9.3</ele><time>2026-03-23T04:41:17Z</time></trkpt><trkpt lat="22.291594999999997" lon="113.93301500000001"><ele>9.100000000000001</ele><time>2026-03-23T04:41:22Z</time></trkpt><trkpt lat="22.291589999999996" lon="113.93299166666665"><ele>9.100000000000001</ele><time>2026-03-23T04:41:26Z</time></trkpt><trkpt lat="22.291601666666665" lon="113.93297499999998"><ele>9.600000000000001</ele><time>2026-03-23T04:41:30Z</time></trkpt><trkpt lat="22.29161333333333" lon="113.93295166666667"><ele>9.8</ele><time>2026-03-23T04:41:33Z</time></trkpt><trkpt lat="22.291616666666663" lon="113.93293166666666"><ele>10.0</ele><time>2026-03-23T04:41:36Z</time></trkpt><trkpt lat="22.291621666666668" lon="113.93290833333334"><ele>10.2</ele><time>2026-03-23T04:41:39Z</time></trkpt><trkpt lat="22.29162666666667" lon="113.93288166666667"><ele>10.5</ele><time>2026-03-23T04:41:42Z</time></trkpt><trkpt lat="22.29162666666667" lon="113.93286166666667"><ele>10.5</ele><time>2026-03-23T04:41:44Z</time></trkpt><trkpt lat="22.291604999999997" lon="113.93284333333334"><ele>10.3</ele><time>2026-03-23T04:41:47Z</time></trkpt><trkpt lat="22.291591666666665" lon="113.93283000000001"><ele>10.5</ele><time>2026-03-23T04:41:50Z</time></trkpt><trkpt lat="22.29156833333333" lon="113.93282166666668"><ele>10.7</ele><time>2026-03-23T04:41:53Z</time></trkpt><trkpt lat="22.291546666666665" lon="113.93281833333334"><ele>10.7</ele><time>2026-03-23T04:41:55Z</time></trkpt><trkpt lat="22.29152333333333" lon="113.93281833333334"><ele>10.5</ele><time>2026-03-23T04:41:57Z</time></trkpt><trkpt lat="22.291504999999997" lon="113.93281666666665"><ele>10.399999999999999</ele><time>2026-03-23T04:41:58Z</time></trkpt><trkpt lat="22.291483333333336" lon="113.93281666666665"><ele>10.100000000000001</ele><time>2026-03-23T04:42:00Z</time></trkpt><trkpt lat="22.291466666666665" lon="113.93280666666666"><ele>9.7</ele><time>2026-03-23T04:42:05Z</time></trkpt><trkpt lat="22.291471666666666" lon="113.93278333333335"><ele>9.5</ele><time>2026-03-23T04:42:09Z</time></trkpt><trkpt lat="22.291465000000002" lon="113.93276333333333"><ele>9.3</ele><time>2026-03-23T04:42:15Z</time></trkpt><trkpt lat="22.291454999999996" lon="113.93274333333332"><ele>9.3</ele><time>2026-03-23T04:42:20Z</time></trkpt><trkpt lat="22.29146166666667" lon="113.93269166666666"><ele>7.2</ele><time>2026-03-23T04:42:37Z</time></trkpt><trkpt lat="22.29145" lon="113.93267499999999"><ele>6.7</ele><time>2026-03-23T04:42:40Z</time></trkpt><trkpt lat="22.291486666666668" lon="113.93264833333333"><ele>-0.40000000000000013</ele><time>2026-03-23T04:43:25Z</time></trkpt><trkpt lat="22.291501666666665" lon="113.93263"><ele>0.0</ele><time>2026-03-23T04:43:31Z</time></trkpt><trkpt lat="22.291514999999997" lon="113.93260833333333"><ele>-0.20000000000000018</ele><time>2026-03-23T04:43:34Z</time></trkpt><trkpt lat="22.291508333333333" lon="113.93257999999999"><ele>-0.8000000000000003</ele><time>2026-03-23T04:43:37Z</time></trkpt><trkpt lat="22.291496666666664" lon="113.93256000000001"><ele>-1.6</ele><time>2026-03-23T04:43:39Z</time></trkpt><trkpt lat="22.29148" lon="113.93253833333334"><ele>-2.2</ele><time>2026-03-23T04:43:41Z</time></trkpt><trkpt lat="22.291468333333334" lon="113.93252333333334"><ele>-2.4000000000000004</ele><time>2026-03-23T04:43:46Z</time></trkpt><trkpt lat="22.291468333333334" lon="113.93250333333332"><ele>-0.9000000000000001</ele><time>2026-03-23T04:44:07Z</time></trkpt><trkpt lat="22.291469999999997" lon="113.93248166666666"><ele>-0.9000000000000001</ele><time>2026-03-23T04:44:09Z</time></trkpt><trkpt lat="22.291473333333336" lon="113.93245999999999"><ele>-1.0000000000000002</ele><time>2026-03-23T04:44:11Z</time></trkpt><trkpt lat="22.291481666666662" lon="113.93243666666667"><ele>-1.2000000000000002</ele><time>2026-03-23T04:44:14Z</time></trkpt><trkpt lat="22.291486666666668" lon="113.93241166666667"><ele>-1.5000000000000002</ele><time>2026-03-23T04:44:17Z</time></trkpt><trkpt lat="22.291495" lon="113.93239"><ele>-1.5000000000000002</ele><time>2026-03-23T04:44:19Z</time></trkpt><trkpt lat="22.291498333333333" lon="113.93236999999999"><ele>-1.4000000000000001</ele><time>2026-03-23T04:44:21Z</time></trkpt><trkpt lat="22.291501666666665" lon="113.93235000000001"><ele>-1.1</ele><time>2026-03-23T04:44:23Z</time></trkpt><trkpt lat="22.291503333333335" lon="113.93232833333334"><ele>-1.3000000000000003</ele><time>2026-03-23T04:44:25Z</time></trkpt><trkpt lat="22.29150666666667" lon="113.932305"><ele>-1.1</ele><time>2026-03-23T04:44:27Z</time></trkpt><trkpt lat="22.291511666666665" lon="113.93228166666668"><ele>-0.8000000000000003</ele><time>2026-03-23T04:44:29Z</time></trkpt><trkpt lat="22.291521666666668" lon="113.93225333333334"><ele>-0.7000000000000002</ele><time>2026-03-23T04:44:32Z</time></trkpt><trkpt lat="22.291526666666662" lon="113.93223333333331"><ele>-0.8000000000000003</ele><time>2026-03-23T04:44:34Z</time></trkpt><trkpt lat="22.291531666666668" lon="113.93221"><ele>-1.4000000000000001</ele><time>2026-03-23T04:44:37Z</time></trkpt><trkpt lat="22.29153833333333" lon="113.93219166666668"><ele>-1.7000000000000002</ele><time>2026-03-23T04:44:39Z</time></trkpt><trkpt lat="22.29153666666667" lon="113.93217000000001"><ele>-1.9000000000000001</ele><time>2026-03-23T04:44:41Z</time></trkpt><trkpt lat="22.29153833333333" lon="113.93214666666667"><ele>-2.5</ele><time>2026-03-23T04:44:43Z</time></trkpt><trkpt lat="22.291543333333333" lon="113.93211666666666"><ele>-2.8000000000000003</ele><time>2026-03-23T04:44:46Z</time></trkpt><trkpt lat="22.291548333333335" lon="113.93209"><ele>-2.7</ele><time>2026-03-23T04:44:49Z</time></trkpt><trkpt lat="22.291556666666665" lon="113.932065"><ele>-2.5</ele><time>2026-03-23T04:44:52Z</time></trkpt><trkpt lat="22.291565" lon="113.93204666666666"><ele>-2.7</ele><time>2026-03-23T04:44:54Z</time></trkpt><trkpt lat="22.291576666666668" lon="113.93202500000001"><ele>-3.3000000000000003</ele><time>2026-03-23T04:44:57Z</time></trkpt><trkpt lat="22.291585" lon="113.93200499999999"><ele>-3.2</ele><time>2026-03-23T04:44:59Z</time></trkpt><trkpt lat="22.29159666666667" lon="113.93198666666667"><ele>-3.0</ele><time>2026-03-23T04:45:01Z</time></trkpt><trkpt lat="22.291611666666668" lon="113.93197"><ele>-2.6</ele><time>2026-03-23T04:45:03Z</time></trkpt><trkpt lat="22.29162666666667" lon="113.93195666666666"><ele>-2.6</ele><time>2026-03-23T04:45:05Z</time></trkpt><trkpt lat="22.291643333333333" lon="113.93194333333334"><ele>-2.6</ele><time>2026-03-23T04:45:07Z</time></trkpt><trkpt lat="22.29165666666667" lon="113.93193000000001"><ele>-2.6</ele><time>2026-03-23T04:45:09Z</time></trkpt><trkpt lat="22.291668333333337" lon="113.93191333333334"><ele>-2.7</ele><time>2026-03-23T04:45:11Z</time></trkpt><trkpt lat="22.29168666666667" lon="113.93189833333332"><ele>-2.2</ele><time>2026-03-23T04:45:14Z</time></trkpt><trkpt lat="22.291706666666663" lon="113.93188666666668"><ele>-2.3000000000000003</ele><time>2026-03-23T04:45:16Z</time></trkpt><trkpt lat="22.291733333333333" lon="113.93187833333334"><ele>-2.3000000000000003</ele><time>2026-03-23T04:45:18Z</time></trkpt><trkpt lat="22.291751666666663" lon="113.93187833333334"><ele>-2.3000000000000003</ele><time>2026-03-23T04:45:20Z</time></trkpt><trkpt lat="22.291771666666666" lon="113.93187000000002"><ele>-2.0</ele><time>2026-03-23T04:45:22Z</time></trkpt><trkpt lat="22.29179166666667" lon="113.93186166666668"><ele>-1.7000000000000002</ele><time>2026-03-23T04:45:24Z</time></trkpt><trkpt lat="22.291814999999996" lon="113.93186499999999"><ele>-1.7000000000000002</ele><time>2026-03-23T04:45:26Z</time></trkpt><trkpt lat="22.29183833333333" lon="113.93186499999999"><ele>-1.7000000000000002</ele><time>2026-03-23T04:45:28Z</time></trkpt><trkpt lat="22.291856666666664" lon="113.93186499999999"><ele>-1.8000000000000003</ele><time>2026-03-23T04:45:30Z</time></trkpt><trkpt lat="22.291878333333337" lon="113.93186666666666"><ele>-1.2000000000000002</ele><time>2026-03-23T04:45:32Z</time></trkpt><trkpt lat="22.291900000000002" lon="113.93186666666666"><ele>-1.0000000000000002</ele><time>2026-03-23T04:45:34Z</time></trkpt><trkpt lat="22.291923333333337" lon="113.93186833333333"><ele>-1.0000000000000002</ele><time>2026-03-23T04:45:36Z</time></trkpt><trkpt lat="22.291949999999996" lon="113.93187166666667"><ele>-1.3000000000000003</ele><time>2026-03-23T04:45:38Z</time></trkpt><trkpt lat="22.29197" lon="113.93187833333334"><ele>-1.6</ele><time>2026-03-23T04:45:40Z</time></trkpt><trkpt lat="22.291990000000002" lon="113.93188"><ele>-1.9000000000000001</ele><time>2026-03-23T04:45:42Z</time></trkpt><trkpt lat="22.292011666666667" lon="113.931885"><ele>-2.2</ele><time>2026-03-23T04:45:44Z</time></trkpt><trkpt lat="22.292033333333332" lon="113.93189"><ele>-2.5</ele><time>2026-03-23T04:45:46Z</time></trkpt><trkpt lat="22.29206" lon="113.93189333333333"><ele>-3.0</ele><time>2026-03-23T04:45:48Z</time></trkpt><trkpt lat="22.29208833333333" lon="113.93189333333333"><ele>-3.6</ele><time>2026-03-23T04:45:50Z</time></trkpt><trkpt lat="22.29210833333333" lon="113.93189333333333"><ele>-3.9000000000000004</ele><time>2026-03-23T04:45:52Z</time></trkpt><trkpt lat="22.29213333333333" lon="113.93190333333332"><ele>-4.300000000000001</ele><time>2026-03-23T04:45:55Z</time></trkpt><trkpt lat="22.29214833333333" lon="113.93191499999999"><ele>-4.6</ele><time>2026-03-23T04:45:57Z</time></trkpt><trkpt lat="22.292168333333333" lon="113.93193166666667"><ele>-5.0</ele><time>2026-03-23T04:46:00Z</time></trkpt><trkpt lat="22.292185000000003" lon="113.93194833333334"><ele>-4.9</ele><time>2026-03-23T04:46:04Z</time></trkpt><trkpt lat="22.292203333333337" lon="113.93196000000002"><ele>-4.7</ele><time>2026-03-23T04:46:06Z</time></trkpt><trkpt lat="22.292221666666666" lon="113.93197"><ele>-4.5</ele><time>2026-03-23T04:46:09Z</time></trkpt><trkpt lat="22.29224333333333" lon="113.93196000000002"><ele>-4.1</ele><time>2026-03-23T04:46:13Z</time></trkpt><trkpt lat="22.29226833333333" lon="113.93195333333333"><ele>-3.8000000000000003</ele><time>2026-03-23T04:46:16Z</time></trkpt><trkpt lat="22.29228833333333" lon="113.93195666666666"><ele>-3.6</ele><time>2026-03-23T04:46:17Z</time></trkpt><trkpt lat="22.292308333333335" lon="113.93193666666666"><ele>-3.3000000000000003</ele><time>2026-03-23T04:46:19Z</time></trkpt><trkpt lat="22.292311666666667" lon="113.93189499999998"><ele>-3.4000000000000004</ele><time>2026-03-23T04:46:21Z</time></trkpt><trkpt lat="22.292333333333332" lon="113.93189333333333"><ele>-3.2</ele><time>2026-03-23T04:46:23Z</time></trkpt><trkpt lat="22.292354999999997" lon="113.93188333333335"><ele>-2.6</ele><time>2026-03-23T04:46:25Z</time></trkpt><trkpt lat="22.292378333333332" lon="113.93190166666666"><ele>-2.1</ele><time>2026-03-23T04:46:27Z</time></trkpt><trkpt lat="22.292396666666665" lon="113.93190333333332"><ele>-1.9000000000000001</ele><time>2026-03-23T04:46:31Z</time></trkpt><trkpt lat="22.292406666666672" lon="113.93192333333333"><ele>-1.9000000000000001</ele><time>2026-03-23T04:46:34Z</time></trkpt><trkpt lat="22.29243" lon="113.93193166666667"><ele>-1.6</ele><time>2026-03-23T04:46:36Z</time></trkpt><trkpt lat="22.292458333333336" lon="113.93194166666666"><ele>-1.2000000000000002</ele><time>2026-03-23T04:46:38Z</time></trkpt><trkpt lat="22.292481666666664" lon="113.93195166666668"><ele>-2.3000000000000003</ele><time>2026-03-23T04:46:40Z</time></trkpt><trkpt lat="22.292500000000004" lon="113.93195833333333"><ele>-2.8000000000000003</ele><time>2026-03-23T04:46:41Z</time></trkpt><trkpt lat="22.29252333333333" lon="113.93197"><ele>-3.1</ele><time>2026-03-23T04:46:43Z</time></trkpt><trkpt lat="22.292548333333336" lon="113.93198333333333"><ele>-3.3000000000000003</ele><time>2026-03-23T04:46:45Z</time></trkpt><trkpt lat="22.29257" lon="113.93198833333332"><ele>-3.8000000000000003</ele><time>2026-03-23T04:46:46Z</time></trkpt><trkpt lat="22.292601666666663" lon="113.93199666666666"><ele>-3.8000000000000003</ele><time>2026-03-23T04:46:48Z</time></trkpt><trkpt lat="22.29263" lon="113.93200833333334"><ele>-3.7</ele><time>2026-03-23T04:46:50Z</time></trkpt><trkpt lat="22.292658333333332" lon="113.93201833333333"><ele>-3.8000000000000003</ele><time>2026-03-23T04:46:52Z</time></trkpt><trkpt lat="22.292685" lon="113.93202500000001"><ele>-3.7</ele><time>2026-03-23T04:46:54Z</time></trkpt><trkpt lat="22.292708333333334" lon="113.93203"><ele>-3.6</ele><time>2026-03-23T04:46:56Z</time></trkpt><trkpt lat="22.29273" lon="113.93203999999999"><ele>-3.4000000000000004</ele><time>2026-03-23T04:46:58Z</time></trkpt><trkpt lat="22.292755000000003" lon="113.93204666666666"><ele>-3.2</ele><time>2026-03-23T04:47:00Z</time></trkpt><trkpt lat="22.29277833333333" lon="113.93205166666667"><ele>-3.0</ele><time>2026-03-23T04:47:02Z</time></trkpt><trkpt lat="22.292800000000003" lon="113.93205833333334"><ele>-2.8000000000000003</ele><time>2026-03-23T04:47:04Z</time></trkpt><trkpt lat="22.29282166666667" lon="113.932065"><ele>-2.4000000000000004</ele><time>2026-03-23T04:47:06Z</time></trkpt><trkpt lat="22.292843333333334" lon="113.93207166666667"><ele>-2.3000000000000003</ele><time>2026-03-23T04:47:08Z</time></trkpt><trkpt lat="22.292865" lon="113.93207666666667"><ele>-2.6</ele><time>2026-03-23T04:47:10Z</time></trkpt><trkpt lat="22.292885000000002" lon="113.93208166666666"><ele>-2.4000000000000004</ele><time>2026-03-23T04:47:12Z</time></trkpt><trkpt lat="22.292901666666662" lon="113.93209666666668"><ele>-2.0</ele><time>2026-03-23T04:47:14Z</time></trkpt><trkpt lat="22.292920000000002" lon="113.93211166666667"><ele>-2.0</ele><time>2026-03-23T04:47:16Z</time></trkpt><trkpt lat="22.292938333333336" lon="113.932125"><ele>-3.0</ele><time>2026-03-23T04:47:19Z</time></trkpt><trkpt lat="22.29295666666667" lon="113.93214333333331"><ele>-4.1</ele><time>2026-03-23T04:47:22Z</time></trkpt><trkpt lat="22.29297" lon="113.93215666666669"><ele>-4.6</ele><time>2026-03-23T04:47:24Z</time></trkpt><trkpt lat="22.29299" lon="113.93216833333332"><ele>-5.5</ele><time>2026-03-23T04:47:26Z</time></trkpt><trkpt lat="22.293013333333338" lon="113.93218"><ele>-6.3</ele><time>2026-03-23T04:47:28Z</time></trkpt><trkpt lat="22.293035" lon="113.93219166666668"><ele>-7.0</ele><time>2026-03-23T04:47:30Z</time></trkpt><trkpt lat="22.293051666666663" lon="113.93220166666667"><ele>-7.4</ele><time>2026-03-23T04:47:32Z</time></trkpt><trkpt lat="22.293073333333336" lon="113.932215"><ele>-7.7</ele><time>2026-03-23T04:47:35Z</time></trkpt><trkpt lat="22.293088333333337" lon="113.93222666666666"><ele>-8.2</ele><time>2026-03-23T04:47:37Z</time></trkpt><trkpt lat="22.293111666666665" lon="113.93223166666667"><ele>-8.8</ele><time>2026-03-23T04:47:39Z</time></trkpt><trkpt lat="22.293135" lon="113.93223833333334"><ele>-9.100000000000001</ele><time>2026-03-23T04:47:41Z</time></trkpt><trkpt lat="22.293155000000002" lon="113.93224833333333"><ele>-9.4</ele><time>2026-03-23T04:47:43Z</time></trkpt><trkpt lat="22.293173333333336" lon="113.93226000000001"><ele>-10.0</ele><time>2026-03-23T04:47:45Z</time></trkpt><trkpt lat="22.293191666666665" lon="113.93226333333332"><ele>-10.5</ele><time>2026-03-23T04:47:47Z</time></trkpt><trkpt lat="22.29321333333333" lon="113.932265"><ele>-10.7</ele><time>2026-03-23T04:47:49Z</time></trkpt><trkpt lat="22.293231666666664" lon="113.93227166666665"><ele>-11.0</ele><time>2026-03-23T04:47:51Z</time></trkpt><trkpt lat="22.293248333333334" lon="113.93228166666668"><ele>-11.0</ele><time>2026-03-23T04:47:53Z</time></trkpt><trkpt lat="22.29327166666667" lon="113.93229666666666"><ele>-11.3</ele><time>2026-03-23T04:47:57Z</time></trkpt><trkpt lat="22.293291666666665" lon="113.93230833333334"><ele>-11.0</ele><time>2026-03-23T04:48:00Z</time></trkpt><trkpt lat="22.293315" lon="113.93232000000002"><ele>-11.0</ele><time>2026-03-23T04:48:03Z</time></trkpt><trkpt lat="22.293338333333335" lon="113.93231833333333"><ele>-11.100000000000001</ele><time>2026-03-23T04:48:05Z</time></trkpt><trkpt lat="22.293356666666668" lon="113.932325"><ele>-10.899999999999999</ele><time>2026-03-23T04:48:07Z</time></trkpt><trkpt lat="22.293375" lon="113.932335"><ele>-10.600000000000001</ele><time>2026-03-23T04:48:09Z</time></trkpt><trkpt lat="22.293396666666663" lon="113.93234666666667"><ele>-10.5</ele><time>2026-03-23T04:48:12Z</time></trkpt><trkpt lat="22.29342166666667" lon="113.93235000000001"><ele>-10.0</ele><time>2026-03-23T04:48:14Z</time></trkpt><trkpt lat="22.293441666666663" lon="113.93235833333334"><ele>-9.4</ele><time>2026-03-23T04:48:16Z</time></trkpt><trkpt lat="22.29346333333334" lon="113.93236833333334"><ele>-8.9</ele><time>2026-03-23T04:48:18Z</time></trkpt><trkpt lat="22.29348333333333" lon="113.93237833333333"><ele>-8.0</ele><time>2026-03-23T04:48:20Z</time></trkpt><trkpt lat="22.293503333333334" lon="113.93238833333335"><ele>-8.0</ele><time>2026-03-23T04:48:22Z</time></trkpt><trkpt lat="22.29352333333333" lon="113.93239833333334"><ele>-7.8</ele><time>2026-03-23T04:48:24Z</time></trkpt><trkpt lat="22.293546666666664" lon="113.93240833333333"><ele>-7.3</ele><time>2026-03-23T04:48:26Z</time></trkpt><trkpt lat="22.293564999999997" lon="113.93242166666666"><ele>-6.9</ele><time>2026-03-23T04:48:28Z</time></trkpt><trkpt lat="22.29358333333333" lon="113.93243666666667"><ele>-6.5</ele><time>2026-03-23T04:48:30Z</time></trkpt><trkpt lat="22.29360166666667" lon="113.93245333333334"><ele>-6.3</ele><time>2026-03-23T04:48:32Z</time></trkpt><trkpt lat="22.293621666666663" lon="113.93246833333333"><ele>-5.800000000000001</ele><time>2026-03-23T04:48:34Z</time></trkpt><trkpt lat="22.293638333333334" lon="113.93247666666666"><ele>-5.4</ele><time>2026-03-23T04:48:36Z</time></trkpt><trkpt lat="22.293653333333335" lon="113.93248999999999"><ele>-5.4</ele><time>2026-03-23T04:48:38Z</time></trkpt><trkpt lat="22.29367333333333" lon="113.93249666666667"><ele>-5.300000000000001</ele><time>2026-03-23T04:48:40Z</time></trkpt><trkpt lat="22.293695000000003" lon="113.93251000000001"><ele>-5.1</ele><time>2026-03-23T04:48:42Z</time></trkpt><trkpt lat="22.29371833333333" lon="113.93252499999998"><ele>-4.9</ele><time>2026-03-23T04:48:45Z</time></trkpt><trkpt lat="22.29373666666667" lon="113.93253666666666"><ele>-5.1</ele><time>2026-03-23T04:48:47Z</time></trkpt><trkpt lat="22.293756666666663" lon="113.93254833333334"><ele>-5.0</ele><time>2026-03-23T04:48:49Z</time></trkpt><trkpt lat="22.29377833333333" lon="113.93256500000001"><ele>-4.6</ele><time>2026-03-23T04:48:51Z</time></trkpt><trkpt lat="22.293791666666667" lon="113.93258166666668"><ele>-4.6</ele><time>2026-03-23T04:48:53Z</time></trkpt><trkpt lat="22.293813333333333" lon="113.93259833333335"><ele>-4.7</ele><time>2026-03-23T04:48:55Z</time></trkpt><trkpt lat="22.293834999999998" lon="113.93261499999998"><ele>-4.800000000000001</ele><time>2026-03-23T04:48:57Z</time></trkpt><trkpt lat="22.29385666666667" lon="113.93263666666665"><ele>-4.5</ele><time>2026-03-23T04:48:59Z</time></trkpt><trkpt lat="22.293878333333335" lon="113.93265166666667"><ele>-4.6</ele><time>2026-03-23T04:49:01Z</time></trkpt><trkpt lat="22.293893333333337" lon="113.93266666666665"><ele>-4.800000000000001</ele><time>2026-03-23T04:49:03Z</time></trkpt><trkpt lat="22.293915000000002" lon="113.93268166666667"><ele>-4.9</ele><time>2026-03-23T04:49:05Z</time></trkpt><trkpt lat="22.293936666666664" lon="113.93269666666666"><ele>-5.0</ele><time>2026-03-23T04:49:07Z</time></trkpt><trkpt lat="22.293956666666666" lon="113.93270833333332"><ele>-5.0</ele><time>2026-03-23T04:49:09Z</time></trkpt><trkpt lat="22.29397666666667" lon="113.93271666666666"><ele>-5.1</ele><time>2026-03-23T04:49:11Z</time></trkpt><trkpt lat="22.293993333333333" lon="113.93272499999999"><ele>-5.4</ele><time>2026-03-23T04:49:13Z</time></trkpt><trkpt lat="22.294008333333334" lon="113.93273666666667"><ele>-5.4</ele><time>2026-03-23T04:49:15Z</time></trkpt><trkpt lat="22.294025" lon="113.93275166666666"><ele>-5.5</ele><time>2026-03-23T04:49:17Z</time></trkpt><trkpt lat="22.294044999999997" lon="113.93276166666668"><ele>-5.5</ele><time>2026-03-23T04:49:20Z</time></trkpt><trkpt lat="22.294066666666662" lon="113.93277000000002"><ele>-5.800000000000001</ele><time>2026-03-23T04:49:22Z</time></trkpt><trkpt lat="22.294083333333333" lon="113.93278166666666"><ele>-5.800000000000001</ele><time>2026-03-23T04:49:24Z</time></trkpt><trkpt lat="22.294096666666665" lon="113.93280000000001"><ele>-5.9</ele><time>2026-03-23T04:49:26Z</time></trkpt><trkpt lat="22.294111666666662" lon="113.93281166666665"><ele>-5.9</ele><time>2026-03-23T04:49:28Z</time></trkpt><trkpt lat="22.294140000000002" lon="113.93281999999999"><ele>-5.800000000000001</ele><time>2026-03-23T04:49:30Z</time></trkpt><trkpt lat="22.29416" lon="113.93283500000001"><ele>-5.9</ele><time>2026-03-23T04:49:32Z</time></trkpt><trkpt lat="22.294176666666665" lon="113.93285166666668"><ele>-6.1</ele><time>2026-03-23T04:49:34Z</time></trkpt><trkpt lat="22.2942" lon="113.93287000000001"><ele>-5.9</ele><time>2026-03-23T04:49:36Z</time></trkpt><trkpt lat="22.294216666666664" lon="113.93288499999998"><ele>-6.2</ele><time>2026-03-23T04:49:38Z</time></trkpt><trkpt lat="22.294236666666666" lon="113.93289666666666"><ele>-6.1</ele><time>2026-03-23T04:49:40Z</time></trkpt><trkpt lat="22.29425666666667" lon="113.93291166666668"><ele>-5.7</ele><time>2026-03-23T04:49:42Z</time></trkpt><trkpt lat="22.294283333333336" lon="113.93292166666667"><ele>-5.2</ele><time>2026-03-23T04:49:44Z</time></trkpt><trkpt lat="22.294314999999997" lon="113.93293333333334"><ele>-4.6</ele><time>2026-03-23T04:49:46Z</time></trkpt><trkpt lat="22.294335" lon="113.93294166666668"><ele>-4.300000000000001</ele><time>2026-03-23T04:49:48Z</time></trkpt><trkpt lat="22.294356666666665" lon="113.93295000000002"><ele>-4.1</ele><time>2026-03-23T04:49:50Z</time></trkpt><trkpt lat="22.29437833333333" lon="113.93296000000001"><ele>-4.0</ele><time>2026-03-23T04:49:52Z</time></trkpt><trkpt lat="22.294400000000003" lon="113.93297333333334"><ele>-3.7</ele><time>2026-03-23T04:49:54Z</time></trkpt><trkpt lat="22.29442166666667" lon="113.93298666666666"><ele>-3.7</ele><time>2026-03-23T04:49:56Z</time></trkpt><trkpt lat="22.294441666666664" lon="113.93299833333334"><ele>-3.7</ele><time>2026-03-23T04:49:58Z</time></trkpt><trkpt lat="22.294460000000004" lon="113.93301000000001"><ele>-3.7</ele><time>2026-03-23T04:50:00Z</time></trkpt><trkpt lat="22.294483333333332" lon="113.93302"><ele>-3.8000000000000003</ele><time>2026-03-23T04:50:02Z</time></trkpt><trkpt lat="22.294506666666667" lon="113.93303166666668"><ele>-3.7</ele><time>2026-03-23T04:50:04Z</time></trkpt><trkpt lat="22.29452666666667" lon="113.933045"><ele>-3.9000000000000004</ele><time>2026-03-23T04:50:06Z</time></trkpt><trkpt lat="22.294546666666665" lon="113.93305833333334"><ele>-3.7</ele><time>2026-03-23T04:50:08Z</time></trkpt><trkpt lat="22.294564999999995" lon="113.93307166666666"><ele>-3.8000000000000003</ele><time>2026-03-23T04:50:10Z</time></trkpt><trkpt lat="22.294584999999998" lon="113.93308333333334"><ele>-3.7</ele><time>2026-03-23T04:50:12Z</time></trkpt><trkpt lat="22.294606666666663" lon="113.93309333333333"><ele>-3.7</ele><time>2026-03-23T04:50:14Z</time></trkpt><trkpt lat="22.294628333333335" lon="113.93310666666666"><ele>-3.8000000000000003</ele><time>2026-03-23T04:50:16Z</time></trkpt><trkpt lat="22.29464666666667" lon="113.93311999999999"><ele>-4.1</ele><time>2026-03-23T04:50:18Z</time></trkpt><trkpt lat="22.294663333333332" lon="113.93313666666667"><ele>-4.5</ele><time>2026-03-23T04:50:20Z</time></trkpt><trkpt lat="22.294681666666666" lon="113.93314833333334"><ele>-4.800000000000001</ele><time>2026-03-23T04:50:22Z</time></trkpt><trkpt lat="22.294701666666665" lon="113.93315833333332"><ele>-4.800000000000001</ele><time>2026-03-23T04:50:24Z</time></trkpt><trkpt lat="22.294721666666668" lon="113.93317166666665"><ele>-4.4</ele><time>2026-03-23T04:50:26Z</time></trkpt><trkpt lat="22.29474" lon="113.933185"><ele>-4.1</ele><time>2026-03-23T04:50:28Z</time></trkpt><trkpt lat="22.294756666666665" lon="113.93319833333335"><ele>-4.2</ele><time>2026-03-23T04:50:30Z</time></trkpt><trkpt lat="22.294771666666666" lon="113.93320999999999"><ele>-4.5</ele><time>2026-03-23T04:50:32Z</time></trkpt><trkpt lat="22.294791666666665" lon="113.93322000000002"><ele>-4.7</ele><time>2026-03-23T04:50:34Z</time></trkpt><trkpt lat="22.294811666666668" lon="113.93323666666666"><ele>-4.6</ele><time>2026-03-23T04:50:36Z</time></trkpt><trkpt lat="22.29483" lon="113.93325166666666"><ele>-4.5</ele><time>2026-03-23T04:50:38Z</time></trkpt><trkpt lat="22.294849999999997" lon="113.93326499999999"><ele>-4.4</ele><time>2026-03-23T04:50:40Z</time></trkpt><trkpt lat="22.29487333333333" lon="113.93327666666667"><ele>-4.2</ele><time>2026-03-23T04:50:42Z</time></trkpt><trkpt lat="22.294896666666666" lon="113.93328833333335"><ele>-3.8000000000000003</ele><time>2026-03-23T04:50:44Z</time></trkpt><trkpt lat="22.29491833333333" lon="113.93330166666668"><ele>-3.3000000000000003</ele><time>2026-03-23T04:50:46Z</time></trkpt><trkpt lat="22.294939999999997" lon="113.93331166666667"><ele>-3.0</ele><time>2026-03-23T04:50:48Z</time></trkpt><trkpt lat="22.294958333333337" lon="113.93332166666666"><ele>-2.6</ele><time>2026-03-23T04:50:50Z</time></trkpt><trkpt lat="22.29497666666667" lon="113.93333499999999"><ele>-2.4000000000000004</ele><time>2026-03-23T04:50:52Z</time></trkpt><trkpt lat="22.29499333333333" lon="113.93334666666667"><ele>-2.1</ele><time>2026-03-23T04:50:54Z</time></trkpt><trkpt lat="22.295013333333333" lon="113.93335833333335"><ele>-1.7000000000000002</ele><time>2026-03-23T04:50:56Z</time></trkpt><trkpt lat="22.295028333333335" lon="113.93337000000001"><ele>-1.6</ele><time>2026-03-23T04:50:58Z</time></trkpt><trkpt lat="22.295048333333337" lon="113.93338166666666"><ele>-1.1</ele><time>2026-03-23T04:51:00Z</time></trkpt><trkpt lat="22.29506666666667" lon="113.93339166666668"><ele>-1.1</ele><time>2026-03-23T04:51:02Z</time></trkpt><trkpt lat="22.29509" lon="113.93340666666667"><ele>-0.9000000000000001</ele><time>2026-03-23T04:51:05Z</time></trkpt><trkpt lat="22.295108333333328" lon="113.93341833333334"><ele>-0.8000000000000003</ele><time>2026-03-23T04:51:07Z</time></trkpt><trkpt lat="22.295125" lon="113.93343000000002"><ele>-0.6000000000000001</ele><time>2026-03-23T04:51:09Z</time></trkpt><trkpt lat="22.29514166666667" lon="113.93344166666665"><ele>-0.9000000000000001</ele><time>2026-03-23T04:51:11Z</time></trkpt><trkpt lat="22.295160000000003" lon="113.93345333333333"><ele>-1.1</ele><time>2026-03-23T04:51:13Z</time></trkpt><trkpt lat="22.295176666666666" lon="113.93346500000001"><ele>-1.1</ele><time>2026-03-23T04:51:15Z</time></trkpt><trkpt lat="22.295194999999996" lon="113.93347333333334"><ele>-0.9000000000000001</ele><time>2026-03-23T04:51:17Z</time></trkpt><trkpt lat="22.295220000000004" lon="113.93348166666668"><ele>-1.1</ele><time>2026-03-23T04:51:20Z</time></trkpt><trkpt lat="22.295238333333334" lon="113.93349000000002"><ele>-1.0000000000000002</ele><time>2026-03-23T04:51:22Z</time></trkpt><trkpt lat="22.295256666666667" lon="113.93349833333332"><ele>-0.7000000000000002</ele><time>2026-03-23T04:51:24Z</time></trkpt><trkpt lat="22.295275" lon="113.93350166666666"><ele>-0.6000000000000001</ele><time>2026-03-23T04:51:26Z</time></trkpt><trkpt lat="22.295293333333333" lon="113.93351"><ele>-0.8000000000000003</ele><time>2026-03-23T04:51:28Z</time></trkpt><trkpt lat="22.29532" lon="113.93351833333332"><ele>-0.7000000000000002</ele><time>2026-03-23T04:51:30Z</time></trkpt><trkpt lat="22.29534833333333" lon="113.93352000000002"><ele>-0.6000000000000001</ele><time>2026-03-23T04:51:32Z</time></trkpt><trkpt lat="22.29538" lon="113.93352166666666"><ele>-0.30000000000000027</ele><time>2026-03-23T04:51:34Z</time></trkpt><trkpt lat="22.295400000000004" lon="113.93353166666665"><ele>0.19999999999999973</ele><time>2026-03-23T04:51:36Z</time></trkpt><trkpt lat="22.295413333333332" lon="113.93355166666667"><ele>0.09999999999999964</ele><time>2026-03-23T04:51:39Z</time></trkpt><trkpt lat="22.295421666666666" lon="113.93357833333333"><ele>-0.40000000000000013</ele><time>2026-03-23T04:51:42Z</time></trkpt><trkpt lat="22.295425" lon="113.9336"><ele>-1.0000000000000002</ele><time>2026-03-23T04:51:44Z</time></trkpt><trkpt lat="22.29545666666667" lon="113.93360833333332"><ele>-1.5000000000000002</ele><time>2026-03-23T04:51:47Z</time></trkpt><trkpt lat="22.29548666666667" lon="113.93360833333332"><ele>-1.5000000000000002</ele><time>2026-03-23T04:51:49Z</time></trkpt><trkpt lat="22.295511666666666" lon="113.9336"><ele>-1.4000000000000001</ele><time>2026-03-23T04:51:51Z</time></trkpt><trkpt lat="22.295526666666667" lon="113.93358000000002"><ele>-1.7000000000000002</ele><time>2026-03-23T04:51:54Z</time></trkpt><trkpt lat="22.295523333333335" lon="113.9336"><ele>-1.1</ele><time>2026-03-23T04:52:09Z</time></trkpt><trkpt lat="22.29553" lon="113.93361833333331"><ele>-0.8000000000000003</ele><time>2026-03-23T04:52:11Z</time></trkpt><trkpt lat="22.295511666666666" lon="113.93361833333331"><ele>0.0</ele><time>2026-03-23T04:52:24Z</time></trkpt><trkpt lat="22.295505000000002" lon="113.93364000000001"><ele>-0.30000000000000027</ele><time>2026-03-23T04:52:27Z</time></trkpt><trkpt lat="22.29551333333333" lon="113.93367333333332"><ele>-0.10000000000000009</ele><time>2026-03-23T04:52:30Z</time></trkpt><trkpt lat="22.295503333333333" lon="113.93370166666666"><ele>0.09999999999999964</ele><time>2026-03-23T04:52:32Z</time></trkpt><trkpt lat="22.29548833333333" lon="113.93372333333333"><ele>-0.10000000000000009</ele><time>2026-03-23T04:52:34Z</time></trkpt><trkpt lat="22.29548666666667" lon="113.93374666666665"><ele>-0.20000000000000018</ele><time>2026-03-23T04:52:37Z</time></trkpt><trkpt lat="22.295490000000004" lon="113.93376833333332"><ele>-0.40000000000000013</ele><time>2026-03-23T04:52:39Z</time></trkpt><trkpt lat="22.295495" lon="113.93379000000002"><ele>-0.5000000000000002</ele><time>2026-03-23T04:52:41Z</time></trkpt><trkpt lat="22.2955" lon="113.93381333333333"><ele>-0.40000000000000013</ele><time>2026-03-23T04:52:43Z</time></trkpt><trkpt lat="22.295503333333333" lon="113.93383999999999"><ele>-0.10000000000000009</ele><time>2026-03-23T04:52:46Z</time></trkpt><trkpt lat="22.29551333333333" lon="113.93385833333332"><ele>0.0</ele><time>2026-03-23T04:52:48Z</time></trkpt><trkpt lat="22.295518333333334" lon="113.93388666666667"><ele>0.3999999999999999</ele><time>2026-03-23T04:52:51Z</time></trkpt><trkpt lat="22.295526666666667" lon="113.933905"><ele>0.5</ele><time>2026-03-23T04:52:53Z</time></trkpt><trkpt lat="22.295536666666667" lon="113.933925"><ele>0.8999999999999999</ele><time>2026-03-23T04:52:55Z</time></trkpt><trkpt lat="22.295538333333337" lon="113.93394500000001"><ele>1.1999999999999997</ele><time>2026-03-23T04:52:57Z</time></trkpt><trkpt lat="22.29554666666667" lon="113.93396833333333"><ele>1.1999999999999997</ele><time>2026-03-23T04:52:59Z</time></trkpt><trkpt lat="22.295556666666666" lon="113.93398499999999"><ele>1.0</ele><time>2026-03-23T04:53:01Z</time></trkpt><trkpt lat="22.29557333333333" lon="113.93400000000001"><ele>0.8999999999999999</ele><time>2026-03-23T04:53:03Z</time></trkpt><trkpt lat="22.295585" lon="113.93402499999999"><ele>1.0</ele><time>2026-03-23T04:53:05Z</time></trkpt><trkpt lat="22.295598333333334" lon="113.93405333333334"><ele>0.7999999999999998</ele><time>2026-03-23T04:53:07Z</time></trkpt><trkpt lat="22.295613333333336" lon="113.93407666666666"><ele>0.8999999999999999</ele><time>2026-03-23T04:53:09Z</time></trkpt><trkpt lat="22.295626666666667" lon="113.9341"><ele>1.0</ele><time>2026-03-23T04:53:11Z</time></trkpt><trkpt lat="22.295640000000002" lon="113.93411833333333"><ele>0.8999999999999999</ele><time>2026-03-23T04:53:13Z</time></trkpt><trkpt lat="22.295655000000004" lon="113.93413333333335"><ele>0.8999999999999999</ele><time>2026-03-23T04:53:15Z</time></trkpt><trkpt lat="22.29566833333333" lon="113.93414833333333"><ele>0.5</ele><time>2026-03-23T04:53:17Z</time></trkpt><trkpt lat="22.29568" lon="113.93416666666666"><ele>-0.20000000000000018</ele><time>2026-03-23T04:53:19Z</time></trkpt><trkpt lat="22.295695000000002" lon="113.93418166666667"><ele>-0.6000000000000001</ele><time>2026-03-23T04:53:21Z</time></trkpt><trkpt lat="22.295703333333336" lon="113.93420166666668"><ele>-0.8000000000000003</ele><time>2026-03-23T04:53:23Z</time></trkpt><trkpt lat="22.295715000000005" lon="113.93422166666666"><ele>-1.3000000000000003</ele><time>2026-03-23T04:53:26Z</time></trkpt><trkpt lat="22.295728333333333" lon="113.93423499999999"><ele>-1.2000000000000002</ele><time>2026-03-23T04:53:28Z</time></trkpt><trkpt lat="22.295733333333335" lon="113.934255"><ele>-2.0</ele><time>2026-03-23T04:53:31Z</time></trkpt><trkpt lat="22.295745000000004" lon="113.93427666666666"><ele>-2.1</ele><time>2026-03-23T04:53:34Z</time></trkpt><trkpt lat="22.295760000000005" lon="113.93429666666667"><ele>-2.2</ele><time>2026-03-23T04:53:37Z</time></trkpt><trkpt lat="22.295775000000003" lon="113.93431833333334"><ele>-2.1</ele><time>2026-03-23T04:53:40Z</time></trkpt><trkpt lat="22.295786666666665" lon="113.934335"><ele>-1.7000000000000002</ele><time>2026-03-23T04:53:42Z</time></trkpt><trkpt lat="22.295805000000005" lon="113.93433666666667"><ele>-1.5000000000000002</ele><time>2026-03-23T04:53:46Z</time></trkpt><trkpt lat="22.295826666666667" lon="113.93432166666668"><ele>-1.4000000000000001</ele><time>2026-03-23T04:53:49Z</time></trkpt><trkpt lat="22.295846666666662" lon="113.93430833333332"><ele>-1.1</ele><time>2026-03-23T04:53:51Z</time></trkpt><trkpt lat="22.295861666666664" lon="113.93429666666667"><ele>-1.1</ele><time>2026-03-23T04:53:53Z</time></trkpt><trkpt lat="22.295881666666666" lon="113.93429666666667"><ele>-1.0000000000000002</ele><time>2026-03-23T04:53:56Z</time></trkpt><trkpt lat="22.29590166666667" lon="113.93429333333333"><ele>-0.9000000000000001</ele><time>2026-03-23T04:53:58Z</time></trkpt><trkpt lat="22.295920000000002" lon="113.93429333333333"><ele>-0.8000000000000003</ele><time>2026-03-23T04:54:00Z</time></trkpt><trkpt lat="22.295925000000004" lon="113.93427333333332"><ele>-1.1</ele><time>2026-03-23T04:54:07Z</time></trkpt><trkpt lat="22.295925000000004" lon="113.93425333333334"><ele>-1.7000000000000002</ele><time>2026-03-23T04:54:11Z</time></trkpt><trkpt lat="22.295920000000002" lon="113.93422833333334"><ele>-1.6</ele><time>2026-03-23T04:54:14Z</time></trkpt><trkpt lat="22.295906666666664" lon="113.93420499999999"><ele>-0.9000000000000001</ele><time>2026-03-23T04:54:17Z</time></trkpt><trkpt lat="22.295898333333337" lon="113.93418666666666"><ele>0.5</ele><time>2026-03-23T04:54:20Z</time></trkpt><trkpt lat="22.295886666666668" lon="113.934165"><ele>1.0999999999999996</ele><time>2026-03-23T04:54:24Z</time></trkpt><trkpt lat="22.295869999999997" lon="113.93415666666667"><ele>2.2</ele><time>2026-03-23T04:54:28Z</time></trkpt><trkpt lat="22.295878333333334" lon="113.93413666666666"><ele>4.3</ele><time>2026-03-23T04:54:41Z</time></trkpt><trkpt lat="22.295898333333337" lon="113.93413833333334"><ele>4.7</ele><time>2026-03-23T04:54:45Z</time></trkpt><trkpt lat="22.295955000000003" lon="113.93420333333333"><ele>2.7</ele><time>2026-03-23T04:58:11Z</time></trkpt><trkpt lat="22.295973333333336" lon="113.93420666666667"><ele>-3.7</ele><time>2026-03-23T05:00:17Z</time></trkpt><trkpt lat="22.29596333333333" lon="113.93424166666667"><ele>-2.2</ele><time>2026-03-23T05:00:35Z</time></trkpt><trkpt lat="22.295935" lon="113.93425666666666"><ele>-2.3000000000000003</ele><time>2026-03-23T05:00:38Z</time></trkpt><trkpt lat="22.295911666666665" lon="113.93427166666667"><ele>-2.2</ele><time>2026-03-23T05:00:40Z</time></trkpt><trkpt lat="22.295893333333332" lon="113.93428833333334"><ele>-2.2</ele><time>2026-03-23T05:00:42Z</time></trkpt><trkpt lat="22.295875000000002" lon="113.93430833333332"><ele>-2.2</ele><time>2026-03-23T05:00:44Z</time></trkpt><trkpt lat="22.295863333333333" lon="113.93432833333333"><ele>-2.3000000000000003</ele><time>2026-03-23T05:00:47Z</time></trkpt><trkpt lat="22.295853333333337" lon="113.93434833333335"><ele>-2.3000000000000003</ele><time>2026-03-23T05:00:49Z</time></trkpt><trkpt lat="22.295838333333336" lon="113.93436500000001"><ele>-2.3000000000000003</ele><time>2026-03-23T05:00:51Z</time></trkpt><trkpt lat="22.295830000000002" lon="113.93438499999999"><ele>-2.5</ele><time>2026-03-23T05:00:53Z</time></trkpt><trkpt lat="22.295831666666665" lon="113.93440833333334"><ele>-2.5</ele><time>2026-03-23T05:00:56Z</time></trkpt><trkpt lat="22.295830000000002" lon="113.93443166666665"><ele>-2.4000000000000004</ele><time>2026-03-23T05:00:58Z</time></trkpt><trkpt lat="22.295831666666665" lon="113.93445500000001"><ele>-2.3000000000000003</ele><time>2026-03-23T05:01:00Z</time></trkpt><trkpt lat="22.29584" lon="113.93447666666667"><ele>-2.5</ele><time>2026-03-23T05:01:02Z</time></trkpt><trkpt lat="22.295848333333332" lon="113.93450666666668"><ele>-2.5</ele><time>2026-03-23T05:01:04Z</time></trkpt><trkpt lat="22.295850000000005" lon="113.93453166666669"><ele>-2.6</ele><time>2026-03-23T05:01:06Z</time></trkpt><trkpt lat="22.295863333333333" lon="113.93454833333332"><ele>-2.7</ele><time>2026-03-23T05:01:08Z</time></trkpt><trkpt lat="22.295875000000002" lon="113.93457666666667"><ele>-2.7</ele><time>2026-03-23T05:01:11Z</time></trkpt><trkpt lat="22.295893333333332" lon="113.93460166666667"><ele>-2.9000000000000004</ele><time>2026-03-23T05:01:14Z</time></trkpt><trkpt lat="22.2959" lon="113.93462833333334"><ele>-2.7</ele><time>2026-03-23T05:01:16Z</time></trkpt><trkpt lat="22.295908333333333" lon="113.93465333333333"><ele>-2.5</ele><time>2026-03-23T05:01:18Z</time></trkpt><trkpt lat="22.295916666666667" lon="113.93468"><ele>-2.3000000000000003</ele><time>2026-03-23T05:01:20Z</time></trkpt><trkpt lat="22.295928333333336" lon="113.93469666666667"><ele>-1.9000000000000001</ele><time>2026-03-23T05:01:22Z</time></trkpt><trkpt lat="22.295941666666668" lon="113.93471833333334"><ele>-1.5000000000000002</ele><time>2026-03-23T05:01:24Z</time></trkpt><trkpt lat="22.29594666666667" lon="113.93474333333333"><ele>-1.2000000000000002</ele><time>2026-03-23T05:01:26Z</time></trkpt><trkpt lat="22.295953333333333" lon="113.93476333333335"><ele>-0.9000000000000001</ele><time>2026-03-23T05:01:28Z</time></trkpt><trkpt lat="22.295970000000004" lon="113.93477833333333"><ele>-0.6000000000000001</ele><time>2026-03-23T05:01:30Z</time></trkpt><trkpt lat="22.295981666666663" lon="113.93479833333335"><ele>-0.20000000000000018</ele><time>2026-03-23T05:01:32Z</time></trkpt><trkpt lat="22.295988333333337" lon="113.93482166666666"><ele>0.19999999999999973</ele><time>2026-03-23T05:01:34Z</time></trkpt><trkpt lat="22.295996666666664" lon="113.93484166666667"><ele>0.3999999999999999</ele><time>2026-03-23T05:01:36Z</time></trkpt><trkpt lat="22.296003333333335" lon="113.93486166666668"><ele>0.7999999999999998</ele><time>2026-03-23T05:01:38Z</time></trkpt><trkpt lat="22.29600833333333" lon="113.93488166666666"><ele>0.8999999999999999</ele><time>2026-03-23T05:01:40Z</time></trkpt><trkpt lat="22.296004999999997" lon="113.93490500000001"><ele>1.0</ele><time>2026-03-23T05:01:42Z</time></trkpt><trkpt lat="22.296006666666667" lon="113.93493166666667"><ele>0.8999999999999999</ele><time>2026-03-23T05:01:44Z</time></trkpt><trkpt lat="22.296015000000004" lon="113.93495499999999"><ele>0.8999999999999999</ele><time>2026-03-23T05:01:46Z</time></trkpt><trkpt lat="22.296028333333332" lon="113.934975"><ele>0.5999999999999996</ele><time>2026-03-23T05:01:48Z</time></trkpt><trkpt lat="22.296041666666664" lon="113.93499500000001"><ele>0.19999999999999973</ele><time>2026-03-23T05:01:50Z</time></trkpt><trkpt lat="22.296049999999997" lon="113.93501499999999"><ele>-0.20000000000000018</ele><time>2026-03-23T05:01:52Z</time></trkpt><trkpt lat="22.296055000000003" lon="113.935035"><ele>-0.20000000000000018</ele><time>2026-03-23T05:01:54Z</time></trkpt><trkpt lat="22.296063333333336" lon="113.93506833333335"><ele>-0.40000000000000013</ele><time>2026-03-23T05:01:57Z</time></trkpt><trkpt lat="22.29606666666667" lon="113.93509333333334"><ele>-0.30000000000000027</ele><time>2026-03-23T05:01:59Z</time></trkpt><trkpt lat="22.29606833333333" lon="113.93512000000001"><ele>-0.30000000000000027</ele><time>2026-03-23T05:02:03Z</time></trkpt><trkpt lat="22.296056666666665" lon="113.935105"><ele>0.19999999999999973</ele><time>2026-03-23T05:02:12Z</time></trkpt><trkpt lat="22.296088333333334" lon="113.93512166666666"><ele>3.0</ele><time>2026-03-23T05:02:31Z</time></trkpt><trkpt lat="22.296104999999997" lon="113.93514166666667"><ele>3.3</ele><time>2026-03-23T05:02:33Z</time></trkpt><trkpt lat="22.29611" lon="113.93516166666669"><ele>3.0999999999999996</ele><time>2026-03-23T05:02:36Z</time></trkpt><trkpt lat="22.296094999999998" lon="113.93517500000002"><ele>3.5</ele><time>2026-03-23T05:02:41Z</time></trkpt><trkpt lat="22.296104999999997" lon="113.93519166666668"><ele>8.100000000000001</ele><time>2026-03-23T05:03:13Z</time></trkpt><trkpt lat="22.29611333333333" lon="113.93521000000001"><ele>7.8999999999999995</ele><time>2026-03-23T05:03:15Z</time></trkpt><trkpt lat="22.296119999999995" lon="113.93523666666667"><ele>7.3999999999999995</ele><time>2026-03-23T05:03:18Z</time></trkpt><trkpt lat="22.29612666666667" lon="113.93525666666667"><ele>6.6000000000000005</ele><time>2026-03-23T05:03:21Z</time></trkpt><trkpt lat="22.296128333333332" lon="113.93527666666665"><ele>6.2</ele><time>2026-03-23T05:03:23Z</time></trkpt><trkpt lat="22.296134999999996" lon="113.93530833333334"><ele>5.8</ele><time>2026-03-23T05:03:25Z</time></trkpt><trkpt lat="22.296146666666665" lon="113.935325"><ele>4.3999999999999995</ele><time>2026-03-23T05:03:28Z</time></trkpt><trkpt lat="22.29616" lon="113.93534999999999"><ele>4.2</ele><time>2026-03-23T05:03:30Z</time></trkpt><trkpt lat="22.29617166666667" lon="113.93537333333333"><ele>4.3</ele><time>2026-03-23T05:03:32Z</time></trkpt><trkpt lat="22.296178333333334" lon="113.9354"><ele>4.5</ele><time>2026-03-23T05:03:35Z</time></trkpt><trkpt lat="22.296175" lon="113.935425"><ele>4.2</ele><time>2026-03-23T05:03:37Z</time></trkpt><trkpt lat="22.29617166666667" lon="113.93544666666666"><ele>4.0</ele><time>2026-03-23T05:03:40Z</time></trkpt><trkpt lat="22.296175" lon="113.93547833333332"><ele>3.5</ele><time>2026-03-23T05:03:43Z</time></trkpt><trkpt lat="22.296179999999996" lon="113.93549833333333"><ele>3.3</ele><time>2026-03-23T05:03:45Z</time></trkpt><trkpt lat="22.296181666666666" lon="113.93552"><ele>3.0999999999999996</ele><time>2026-03-23T05:03:47Z</time></trkpt><trkpt lat="22.296184999999998" lon="113.93554666666665"><ele>2.8</ele><time>2026-03-23T05:03:49Z</time></trkpt><trkpt lat="22.29618833333333" lon="113.93557000000001"><ele>3.0</ele><time>2026-03-23T05:03:51Z</time></trkpt><trkpt lat="22.296184999999998" lon="113.93558999999999"><ele>3.3</ele><time>2026-03-23T05:03:53Z</time></trkpt><trkpt lat="22.296179999999996" lon="113.93561166666665"><ele>3.3999999999999995</ele><time>2026-03-23T05:03:55Z</time></trkpt><trkpt lat="22.296176666666664" lon="113.935635"><ele>3.3999999999999995</ele><time>2026-03-23T05:03:58Z</time></trkpt><trkpt lat="22.29617166666667" lon="113.93565500000001"><ele>3.3999999999999995</ele><time>2026-03-23T05:04:00Z</time></trkpt><trkpt lat="22.296179999999996" lon="113.93567999999999"><ele>3.3</ele><time>2026-03-23T05:04:03Z</time></trkpt><trkpt lat="22.296190000000003" lon="113.93569833333335"><ele>3.0999999999999996</ele><time>2026-03-23T05:04:05Z</time></trkpt><trkpt lat="22.296198333333336" lon="113.93572333333334"><ele>2.8</ele><time>2026-03-23T05:04:08Z</time></trkpt><trkpt lat="22.2962" lon="113.93574666666667"><ele>2.0</ele><time>2026-03-23T05:04:10Z</time></trkpt><trkpt lat="22.296193333333335" lon="113.93576833333333"><ele>1.5999999999999996</ele><time>2026-03-23T05:04:12Z</time></trkpt><trkpt lat="22.296179999999996" lon="113.935785"><ele>0.5</ele><time>2026-03-23T05:04:14Z</time></trkpt><trkpt lat="22.29617" lon="113.93580500000002"><ele>0.09999999999999964</ele><time>2026-03-23T05:04:17Z</time></trkpt><trkpt lat="22.296163333333332" lon="113.93583166666667"><ele>-0.30000000000000027</ele><time>2026-03-23T05:04:20Z</time></trkpt><trkpt lat="22.29615666666667" lon="113.93585"><ele>0.7999999999999998</ele><time>2026-03-23T05:04:24Z</time></trkpt><trkpt lat="22.29618833333333" lon="113.93583500000001"><ele>5.1</ele><time>2026-03-23T05:04:36Z</time></trkpt><trkpt lat="22.296181666666666" lon="113.935815"><ele>5.3</ele><time>2026-03-23T05:04:39Z</time></trkpt><trkpt lat="22.296176666666664" lon="113.93578666666666"><ele>4.8999999999999995</ele><time>2026-03-23T05:04:42Z</time></trkpt><trkpt lat="22.296183333333335" lon="113.93576333333334"><ele>4.5</ele><time>2026-03-23T05:04:44Z</time></trkpt><trkpt lat="22.296191666666665" lon="113.93574333333332"><ele>4.1</ele><time>2026-03-23T05:04:46Z</time></trkpt><trkpt lat="22.296198333333336" lon="113.93572"><ele>3.7</ele><time>2026-03-23T05:04:49Z</time></trkpt><trkpt lat="22.296213333333338" lon="113.93570166666665"><ele>3.3999999999999995</ele><time>2026-03-23T05:04:52Z</time></trkpt><trkpt lat="22.296231666666667" lon="113.93568666666667"><ele>3.2</ele><time>2026-03-23T05:04:55Z</time></trkpt><trkpt lat="22.296256666666668" lon="113.93567499999999"><ele>3.5</ele><time>2026-03-23T05:04:58Z</time></trkpt><trkpt lat="22.296269999999996" lon="113.93565666666667"><ele>3.8999999999999995</ele><time>2026-03-23T05:05:09Z</time></trkpt><trkpt lat="22.296298333333333" lon="113.93565166666667"><ele>3.3</ele><time>2026-03-23T05:05:11Z</time></trkpt><trkpt lat="22.296310000000002" lon="113.93566833333334"><ele>2.5999999999999996</ele><time>2026-03-23T05:05:14Z</time></trkpt><trkpt lat="22.296296666666663" lon="113.93568166666667"><ele>2.5</ele><time>2026-03-23T05:05:20Z</time></trkpt><trkpt lat="22.29629" lon="113.93566333333335"><ele>3.3</ele><time>2026-03-23T05:05:25Z</time></trkpt><trkpt lat="22.296303333333338" lon="113.93564666666667"><ele>2.5</ele><time>2026-03-23T05:05:27Z</time></trkpt><trkpt lat="22.296326666666666" lon="113.93562833333333"><ele>2.8</ele><time>2026-03-23T05:05:29Z</time></trkpt><trkpt lat="22.29635166666667" lon="113.93562666666666"><ele>2.8</ele><time>2026-03-23T05:05:31Z</time></trkpt><trkpt lat="22.296378333333337" lon="113.93562500000002"><ele>1.5999999999999996</ele><time>2026-03-23T05:05:33Z</time></trkpt><trkpt lat="22.296404999999996" lon="113.93562666666666"><ele>0.19999999999999973</ele><time>2026-03-23T05:05:35Z</time></trkpt><trkpt lat="22.29642666666667" lon="113.93562500000002"><ele>-0.10000000000000009</ele><time>2026-03-23T05:05:37Z</time></trkpt><trkpt lat="22.29645833333333" lon="113.93562500000002"><ele>-0.6000000000000001</ele><time>2026-03-23T05:05:39Z</time></trkpt><trkpt lat="22.29648166666667" lon="113.93562166666668"><ele>-1.1</ele><time>2026-03-23T05:05:41Z</time></trkpt><trkpt lat="22.296506666666666" lon="113.93561666666668"><ele>-1.0000000000000002</ele><time>2026-03-23T05:05:44Z</time></trkpt><trkpt lat="22.29652666666667" lon="113.93561666666668"><ele>-1.3000000000000003</ele><time>2026-03-23T05:05:46Z</time></trkpt><trkpt lat="22.296546666666668" lon="113.93561999999999"><ele>-1.5000000000000002</ele><time>2026-03-23T05:05:49Z</time></trkpt><trkpt lat="22.296568333333333" lon="113.93562333333333"><ele>-1.5000000000000002</ele><time>2026-03-23T05:05:52Z</time></trkpt><trkpt lat="22.296591666666668" lon="113.93561666666668"><ele>-1.3000000000000003</ele><time>2026-03-23T05:05:55Z</time></trkpt><trkpt lat="22.296614999999996" lon="113.93561333333334"><ele>-1.3000000000000003</ele><time>2026-03-23T05:05:57Z</time></trkpt><trkpt lat="22.29663333333333" lon="113.93560833333335"><ele>-1.5000000000000002</ele><time>2026-03-23T05:05:59Z</time></trkpt><trkpt lat="22.296655" lon="113.93560166666666"><ele>-1.6</ele><time>2026-03-23T05:06:02Z</time></trkpt><trkpt lat="22.296671666666665" lon="113.93558666666668"><ele>-1.6</ele><time>2026-03-23T05:06:05Z</time></trkpt><trkpt lat="22.296668333333333" lon="113.93556333333332"><ele>-1.6</ele><time>2026-03-23T05:06:08Z</time></trkpt><trkpt lat="22.296658333333333" lon="113.935545"><ele>-1.7000000000000002</ele><time>2026-03-23T05:06:11Z</time></trkpt><trkpt lat="22.296644999999998" lon="113.93553166666668"><ele>-2.0</ele><time>2026-03-23T05:06:15Z</time></trkpt><trkpt lat="22.296629999999997" lon="113.93551333333335"><ele>-1.9000000000000001</ele><time>2026-03-23T05:06:20Z</time></trkpt><trkpt lat="22.296636666666668" lon="113.93548666666666"><ele>-2.5</ele><time>2026-03-23T05:06:24Z</time></trkpt><trkpt lat="22.29665" lon="113.93546666666667"><ele>-3.5</ele><time>2026-03-23T05:06:28Z</time></trkpt><trkpt lat="22.296670000000002" lon="113.93546166666665"><ele>-4.0</ele><time>2026-03-23T05:06:42Z</time></trkpt><trkpt lat="22.29665" lon="113.93544500000002"><ele>-4.0</ele><time>2026-03-23T05:06:44Z</time></trkpt><trkpt lat="22.296631666666666" lon="113.93543333333334"><ele>-3.5</ele><time>2026-03-23T05:06:48Z</time></trkpt><trkpt lat="22.296644999999998" lon="113.93541666666667"><ele>-0.40000000000000013</ele><time>2026-03-23T05:07:11Z</time></trkpt><trkpt lat="22.29666666666667" lon="113.93542166666666"><ele>-0.30000000000000027</ele><time>2026-03-23T05:07:13Z</time></trkpt><trkpt lat="22.296686666666666" lon="113.935415"><ele>-0.40000000000000013</ele><time>2026-03-23T05:07:15Z</time></trkpt><trkpt lat="22.29669833333333" lon="113.93539333333335"><ele>-0.7000000000000002</ele><time>2026-03-23T05:07:19Z</time></trkpt><trkpt lat="22.296681666666668" lon="113.93537999999998"><ele>-1.8000000000000003</ele><time>2026-03-23T05:07:23Z</time></trkpt><trkpt lat="22.296668333333333" lon="113.93536"><ele>-3.8000000000000003</ele><time>2026-03-23T05:07:33Z</time></trkpt><trkpt lat="22.296656666666664" lon="113.93534166666669"><ele>-3.5</ele><time>2026-03-23T05:07:35Z</time></trkpt><trkpt lat="22.29663833333333" lon="113.93532666666667"><ele>-3.2</ele><time>2026-03-23T05:07:37Z</time></trkpt><trkpt lat="22.29662166666667" lon="113.93531499999999"><ele>-3.0</ele><time>2026-03-23T05:07:39Z</time></trkpt><trkpt lat="22.296605" lon="113.93530666666666"><ele>-2.2</ele><time>2026-03-23T05:07:42Z</time></trkpt><trkpt lat="22.29659" lon="113.93532333333333"><ele>0.6999999999999997</ele><time>2026-03-23T05:08:04Z</time></trkpt><trkpt lat="22.29660666666667" lon="113.93529500000001"><ele>1.0</ele><time>2026-03-23T05:08:23Z</time></trkpt><trkpt lat="22.296584999999997" lon="113.93528999999998"><ele>1.0</ele><time>2026-03-23T05:08:26Z</time></trkpt><trkpt lat="22.29657166666667" lon="113.93527"><ele>0.5</ele><time>2026-03-23T05:08:29Z</time></trkpt><trkpt lat="22.296546666666668" lon="113.93528833333333"><ele>-1.3000000000000003</ele><time>2026-03-23T05:09:39Z</time></trkpt><trkpt lat="22.296535000000002" lon="113.93527"><ele>-1.2000000000000002</ele><time>2026-03-23T05:09:41Z</time></trkpt><trkpt lat="22.29651666666667" lon="113.93526166666668"><ele>-1.0000000000000002</ele><time>2026-03-23T05:09:49Z</time></trkpt><trkpt lat="22.296508333333335" lon="113.93527999999999"><ele>-1.9000000000000001</ele><time>2026-03-23T05:10:00Z</time></trkpt><trkpt lat="22.296485" lon="113.93527166666667"><ele>-0.40000000000000013</ele><time>2026-03-23T05:10:22Z</time></trkpt><trkpt lat="22.296466666666667" lon="113.93527"><ele>0.3999999999999999</ele><time>2026-03-23T05:10:28Z</time></trkpt><trkpt lat="22.296490000000002" lon="113.93527"><ele>0.5999999999999996</ele><time>2026-03-23T05:10:37Z</time></trkpt><trkpt lat="22.29651666666667" lon="113.93526833333333"><ele>0.6999999999999997</ele><time>2026-03-23T05:10:40Z</time></trkpt><trkpt lat="22.296533333333333" lon="113.93525333333334"><ele>0.2999999999999998</ele><time>2026-03-23T05:10:44Z</time></trkpt><trkpt lat="22.296545" lon="113.93523333333333"><ele>-0.10000000000000009</ele><time>2026-03-23T05:10:46Z</time></trkpt><trkpt lat="22.296551666666666" lon="113.93521000000001"><ele>-0.6000000000000001</ele><time>2026-03-23T05:10:48Z</time></trkpt><trkpt lat="22.296558333333337" lon="113.93518666666665"><ele>-1.1</ele><time>2026-03-23T05:10:51Z</time></trkpt><trkpt lat="22.296558333333337" lon="113.93516"><ele>-1.6</ele><time>2026-03-23T05:10:54Z</time></trkpt><trkpt lat="22.29656" lon="113.93513999999999"><ele>-1.6</ele><time>2026-03-23T05:10:56Z</time></trkpt><trkpt lat="22.296565" lon="113.93511833333332"><ele>-1.4000000000000001</ele><time>2026-03-23T05:11:03Z</time></trkpt><trkpt lat="22.296566666666664" lon="113.93509333333334"><ele>0.0</ele><time>2026-03-23T05:11:59Z</time></trkpt><trkpt lat="22.296568333333333" lon="113.93507333333334"><ele>0.09999999999999964</ele><time>2026-03-23T05:12:01Z</time></trkpt><trkpt lat="22.296575" lon="113.935055"><ele>0.2999999999999998</ele><time>2026-03-23T05:12:03Z</time></trkpt><trkpt lat="22.296586666666666" lon="113.93503666666666"><ele>1.0</ele><time>2026-03-23T05:12:08Z</time></trkpt><trkpt lat="22.29657166666667" lon="113.93501333333333"><ele>1.5999999999999996</ele><time>2026-03-23T05:12:59Z</time></trkpt><trkpt lat="22.296554999999998" lon="113.93499333333332"><ele>1.6999999999999997</ele><time>2026-03-23T05:13:02Z</time></trkpt><trkpt lat="22.296536666666665" lon="113.93498"><ele>1.7999999999999998</ele><time>2026-03-23T05:13:05Z</time></trkpt><trkpt lat="22.296515" lon="113.93497166666666"><ele>1.5999999999999996</ele><time>2026-03-23T05:13:08Z</time></trkpt><trkpt lat="22.296498333333336" lon="113.93496166666667"><ele>1.6999999999999997</ele><time>2026-03-23T05:13:10Z</time></trkpt><trkpt lat="22.29648166666667" lon="113.93494833333334"><ele>1.1999999999999997</ele><time>2026-03-23T05:13:14Z</time></trkpt><trkpt lat="22.29647333333333" lon="113.93491833333334"><ele>1.0</ele><time>2026-03-23T05:13:17Z</time></trkpt><trkpt lat="22.296476666666663" lon="113.934895"><ele>1.0</ele><time>2026-03-23T05:13:19Z</time></trkpt><trkpt lat="22.29648166666667" lon="113.93487333333333"><ele>1.1999999999999997</ele><time>2026-03-23T05:13:22Z</time></trkpt><trkpt lat="22.296483333333338" lon="113.93485166666666"><ele>1.2999999999999998</ele><time>2026-03-23T05:13:26Z</time></trkpt><trkpt lat="22.296505000000003" lon="113.93485333333335"><ele>-1.3000000000000003</ele><time>2026-03-23T05:13:38Z</time></trkpt><trkpt lat="22.296508333333335" lon="113.93482999999999"><ele>-1.5000000000000002</ele><time>2026-03-23T05:14:38Z</time></trkpt><trkpt lat="22.296501666666668" lon="113.93481166666668"><ele>-1.2000000000000002</ele><time>2026-03-23T05:14:43Z</time></trkpt><trkpt lat="22.296515" lon="113.93479166666665"><ele>-1.3000000000000003</ele><time>2026-03-23T05:14:46Z</time></trkpt><trkpt lat="22.296506666666666" lon="113.93476166666666"><ele>-4.1</ele><time>2026-03-23T05:15:29Z</time></trkpt><trkpt lat="22.296506666666666" lon="113.93473999999999"><ele>-3.8000000000000003</ele><time>2026-03-23T05:15:31Z</time></trkpt><trkpt lat="22.296515" lon="113.93471999999998"><ele>-3.0</ele><time>2026-03-23T05:15:34Z</time></trkpt><trkpt lat="22.29651666666667" lon="113.934695"><ele>-2.6</ele><time>2026-03-23T05:15:47Z</time></trkpt><trkpt lat="22.296494999999997" lon="113.93471166666669"><ele>-3.7</ele><time>2026-03-23T05:15:58Z</time></trkpt><trkpt lat="22.296488333333333" lon="113.93468999999999"><ele>-3.6</ele><time>2026-03-23T05:16:03Z</time></trkpt><trkpt lat="22.29648166666667" lon="113.93467166666666"><ele>-4.2</ele><time>2026-03-23T05:16:13Z</time></trkpt><trkpt lat="22.29645833333333" lon="113.93465333333333"><ele>-4.1</ele><time>2026-03-23T05:16:17Z</time></trkpt><trkpt lat="22.296438333333338" lon="113.93462999999998"><ele>-4.1</ele><time>2026-03-23T05:16:19Z</time></trkpt><trkpt lat="22.296421666666667" lon="113.934605"><ele>-4.300000000000001</ele><time>2026-03-23T05:16:21Z</time></trkpt><trkpt lat="22.296406666666666" lon="113.93458333333335"><ele>-4.800000000000001</ele><time>2026-03-23T05:16:24Z</time></trkpt><trkpt lat="22.296393333333338" lon="113.93456333333333"><ele>-5.2</ele><time>2026-03-23T05:16:26Z</time></trkpt><trkpt lat="22.29638166666667" lon="113.93454166666668"><ele>-5.9</ele><time>2026-03-23T05:16:28Z</time></trkpt><trkpt lat="22.296364999999998" lon="113.93452833333335"><ele>-5.5</ele><time>2026-03-23T05:16:31Z</time></trkpt><trkpt lat="22.29635" lon="113.934515"><ele>-5.5</ele><time>2026-03-23T05:16:33Z</time></trkpt><trkpt lat="22.29633666666667" lon="113.93449333333335"><ele>-5.4</ele><time>2026-03-23T05:16:35Z</time></trkpt><trkpt lat="22.296325000000003" lon="113.93446999999999"><ele>-5.4</ele><time>2026-03-23T05:16:37Z</time></trkpt><trkpt lat="22.296314999999996" lon="113.93444833333334"><ele>-5.1</ele><time>2026-03-23T05:16:39Z</time></trkpt><trkpt lat="22.296310000000002" lon="113.93442166666667"><ele>-4.9</ele><time>2026-03-23T05:16:41Z</time></trkpt><trkpt lat="22.296296666666663" lon="113.93439666666667"><ele>-4.5</ele><time>2026-03-23T05:16:43Z</time></trkpt><trkpt lat="22.29629333333333" lon="113.93437666666665"><ele>-4.2</ele><time>2026-03-23T05:16:45Z</time></trkpt><trkpt lat="22.296280000000003" lon="113.93435166666669"><ele>-4.0</ele><time>2026-03-23T05:16:48Z</time></trkpt><trkpt lat="22.296263333333332" lon="113.93434"><ele>-3.9000000000000004</ele><time>2026-03-23T05:16:50Z</time></trkpt><trkpt lat="22.296241666666667" lon="113.93434166666665"><ele>-3.2</ele><time>2026-03-23T05:16:53Z</time></trkpt><trkpt lat="22.296235000000003" lon="113.93436000000001"><ele>-2.5</ele><time>2026-03-23T05:16:59Z</time></trkpt><trkpt lat="22.296254999999995" lon="113.93438999999998"><ele>-2.8000000000000003</ele><time>2026-03-23T05:17:24Z</time></trkpt><trkpt lat="22.296253333333333" lon="113.93441"><ele>-2.8000000000000003</ele><time>2026-03-23T05:17:26Z</time></trkpt><trkpt lat="22.29624833333333" lon="113.93443"><ele>-2.9000000000000004</ele><time>2026-03-23T05:17:29Z</time></trkpt><trkpt lat="22.296245" lon="113.93445500000001"><ele>-2.9000000000000004</ele><time>2026-03-23T05:17:31Z</time></trkpt><trkpt lat="22.29624666666667" lon="113.93447499999999"><ele>-2.8000000000000003</ele><time>2026-03-23T05:17:33Z</time></trkpt><trkpt lat="22.296253333333333" lon="113.93449833333334"><ele>-2.5</ele><time>2026-03-23T05:17:35Z</time></trkpt><trkpt lat="22.296245" lon="113.93452333333335"><ele>-2.1</ele><time>2026-03-23T05:17:37Z</time></trkpt><trkpt lat="22.296231666666667" lon="113.93453833333334"><ele>-1.5000000000000002</ele><time>2026-03-23T05:17:40Z</time></trkpt><trkpt lat="22.296228333333335" lon="113.93456166666668"><ele>-1.2000000000000002</ele><time>2026-03-23T05:17:42Z</time></trkpt><trkpt lat="22.296215" lon="113.93458166666666"><ele>-0.6000000000000001</ele><time>2026-03-23T05:17:46Z</time></trkpt><trkpt lat="22.296218333333332" lon="113.934605"><ele>-0.20000000000000018</ele><time>2026-03-23T05:17:48Z</time></trkpt><trkpt lat="22.296221666666664" lon="113.934625"><ele>0.19999999999999973</ele><time>2026-03-23T05:17:50Z</time></trkpt><trkpt lat="22.296218333333332" lon="113.934645"><ele>0.5999999999999996</ele><time>2026-03-23T05:17:52Z</time></trkpt><trkpt lat="22.296211666666668" lon="113.93466333333332"><ele>0.6999999999999997</ele><time>2026-03-23T05:17:54Z</time></trkpt><trkpt lat="22.296206666666663" lon="113.93469166666667"><ele>1.0</ele><time>2026-03-23T05:17:57Z</time></trkpt><trkpt lat="22.29620333333333" lon="113.93471166666669"><ele>1.1999999999999997</ele><time>2026-03-23T05:17:59Z</time></trkpt><trkpt lat="22.296196666666667" lon="113.93473999999999"><ele>2.0</ele><time>2026-03-23T05:18:02Z</time></trkpt><trkpt lat="22.29618833333333" lon="113.93476166666666"><ele>2.3999999999999995</ele><time>2026-03-23T05:18:04Z</time></trkpt><trkpt lat="22.296178333333334" lon="113.93478166666667"><ele>2.5</ele><time>2026-03-23T05:18:06Z</time></trkpt><trkpt lat="22.296166666666668" lon="113.93479833333335"><ele>2.8999999999999995</ele><time>2026-03-23T05:18:08Z</time></trkpt><trkpt lat="22.296161666666663" lon="113.93482"><ele>3.0999999999999996</ele><time>2026-03-23T05:18:10Z</time></trkpt><trkpt lat="22.29616" lon="113.93484500000001"><ele>2.8</ele><time>2026-03-23T05:18:12Z</time></trkpt><trkpt lat="22.29615833333333" lon="113.93486833333333"><ele>2.5999999999999996</ele><time>2026-03-23T05:18:14Z</time></trkpt><trkpt lat="22.296151666666667" lon="113.934895"><ele>2.3</ele><time>2026-03-23T05:18:17Z</time></trkpt><trkpt lat="22.296153333333336" lon="113.93491666666665"><ele>1.6999999999999997</ele><time>2026-03-23T05:18:19Z</time></trkpt><trkpt lat="22.29616" lon="113.93494333333335"><ele>1.2999999999999998</ele><time>2026-03-23T05:18:22Z</time></trkpt><trkpt lat="22.29617" lon="113.93497"><ele>0.5</ele><time>2026-03-23T05:18:25Z</time></trkpt><trkpt lat="22.296178333333334" lon="113.93498999999998"><ele>-0.10000000000000009</ele><time>2026-03-23T05:18:27Z</time></trkpt><trkpt lat="22.296186666666667" lon="113.93501166666668"><ele>-0.6000000000000001</ele><time>2026-03-23T05:18:29Z</time></trkpt><trkpt lat="22.296193333333335" lon="113.93503833333334"><ele>-1.2000000000000002</ele><time>2026-03-23T05:18:32Z</time></trkpt><trkpt lat="22.2962" lon="113.93506000000001"><ele>-1.6</ele><time>2026-03-23T05:18:34Z</time></trkpt><trkpt lat="22.296206666666663" lon="113.93508166666668"><ele>-1.9000000000000001</ele><time>2026-03-23T05:18:36Z</time></trkpt><trkpt lat="22.296213333333338" lon="113.93510833333333"><ele>-2.4000000000000004</ele><time>2026-03-23T05:18:39Z</time></trkpt><trkpt lat="22.296218333333332" lon="113.93513166666668"><ele>-2.5</ele><time>2026-03-23T05:18:41Z</time></trkpt><trkpt lat="22.296224999999996" lon="113.93515666666666"><ele>-2.7</ele><time>2026-03-23T05:18:43Z</time></trkpt><trkpt lat="22.29623333333333" lon="113.93517500000002"><ele>-2.9000000000000004</ele><time>2026-03-23T05:18:45Z</time></trkpt><trkpt lat="22.296239999999997" lon="113.935195"><ele>-2.9000000000000004</ele><time>2026-03-23T05:18:47Z</time></trkpt><trkpt lat="22.29624666666667" lon="113.93521833333334"><ele>-3.0</ele><time>2026-03-23T05:18:49Z</time></trkpt><trkpt lat="22.296254999999995" lon="113.93523833333332"><ele>-3.2</ele><time>2026-03-23T05:18:51Z</time></trkpt><trkpt lat="22.296269999999996" lon="113.93525166666669"><ele>-3.2</ele><time>2026-03-23T05:18:53Z</time></trkpt><trkpt lat="22.296283333333335" lon="113.93526666666666"><ele>-3.0</ele><time>2026-03-23T05:18:55Z</time></trkpt><trkpt lat="22.296295" lon="113.935285"><ele>-2.9000000000000004</ele><time>2026-03-23T05:18:57Z</time></trkpt><trkpt lat="22.296303333333338" lon="113.93531"><ele>-2.7</ele><time>2026-03-23T05:18:59Z</time></trkpt><trkpt lat="22.296326666666666" lon="113.93531"><ele>-1.9000000000000001</ele><time>2026-03-23T05:19:05Z</time></trkpt><trkpt lat="22.296333333333337" lon="113.93528666666667"><ele>-2.5</ele><time>2026-03-23T05:19:08Z</time></trkpt><trkpt lat="22.29635" lon="113.93527"><ele>-2.6</ele><time>2026-03-23T05:19:10Z</time></trkpt><trkpt lat="22.296364999999998" lon="113.935255"><ele>-2.9000000000000004</ele><time>2026-03-23T05:19:12Z</time></trkpt><trkpt lat="22.29638333333333" lon="113.93524833333335"><ele>-3.7</ele><time>2026-03-23T05:19:15Z</time></trkpt><trkpt lat="22.296401666666664" lon="113.93524166666666"><ele>-4.9</ele><time>2026-03-23T05:19:21Z</time></trkpt><trkpt lat="22.296421666666667" lon="113.93523833333332"><ele>-5.6</ele><time>2026-03-23T05:19:25Z</time></trkpt><trkpt lat="22.29644166666667" lon="113.93524166666666"><ele>-5.800000000000001</ele><time>2026-03-23T05:19:28Z</time></trkpt><trkpt lat="22.296456666666668" lon="113.93525333333334"><ele>-6.2</ele><time>2026-03-23T05:19:31Z</time></trkpt><trkpt lat="22.296463333333335" lon="113.93527666666665"><ele>-6.4</ele><time>2026-03-23T05:19:34Z</time></trkpt><trkpt lat="22.296488333333333" lon="113.93527999999999"><ele>-6.6000000000000005</ele><time>2026-03-23T05:19:38Z</time></trkpt><trkpt lat="22.296511666666667" lon="113.93528166666668"><ele>-6.8</ele><time>2026-03-23T05:19:41Z</time></trkpt><trkpt lat="22.296535000000002" lon="113.93527666666665"><ele>-7.2</ele><time>2026-03-23T05:19:44Z</time></trkpt><trkpt lat="22.296553333333335" lon="113.93526333333332"><ele>-7.7</ele><time>2026-03-23T05:19:47Z</time></trkpt><trkpt lat="22.29656166666667" lon="113.93524333333335"><ele>-7.8</ele><time>2026-03-23T05:19:49Z</time></trkpt><trkpt lat="22.296565" lon="113.93521666666666"><ele>-8.600000000000001</ele><time>2026-03-23T05:19:51Z</time></trkpt><trkpt lat="22.29657333333334" lon="113.935195"><ele>-9.2</ele><time>2026-03-23T05:19:53Z</time></trkpt><trkpt lat="22.296591666666668" lon="113.93517666666666"><ele>-9.4</ele><time>2026-03-23T05:19:56Z</time></trkpt><trkpt lat="22.29661" lon="113.93517833333333"><ele>-9.600000000000001</ele><time>2026-03-23T05:19:58Z</time></trkpt><trkpt lat="22.296629999999997" lon="113.935195"><ele>-9.600000000000001</ele><time>2026-03-23T05:20:01Z</time></trkpt><trkpt lat="22.296640000000004" lon="113.93522"><ele>-9.9</ele><time>2026-03-23T05:20:04Z</time></trkpt><trkpt lat="22.296646666666668" lon="113.93524000000001"><ele>-9.9</ele><time>2026-03-23T05:20:06Z</time></trkpt><trkpt lat="22.29665333333333" lon="113.93525999999999"><ele>-9.9</ele><time>2026-03-23T05:20:08Z</time></trkpt><trkpt lat="22.29666166666667" lon="113.93527833333334"><ele>-10.0</ele><time>2026-03-23T05:20:10Z</time></trkpt><trkpt lat="22.296676666666666" lon="113.93530166666666"><ele>-10.0</ele><time>2026-03-23T05:20:12Z</time></trkpt><trkpt lat="22.296691666666668" lon="113.93532166666667"><ele>-9.5</ele><time>2026-03-23T05:20:14Z</time></trkpt><trkpt lat="22.296703333333333" lon="113.93533666666666"><ele>-8.7</ele><time>2026-03-23T05:20:16Z</time></trkpt><trkpt lat="22.29670833333333" lon="113.93535833333333"><ele>-8.0</ele><time>2026-03-23T05:20:18Z</time></trkpt><trkpt lat="22.29671" lon="113.93537833333333"><ele>-7.9</ele><time>2026-03-23T05:20:20Z</time></trkpt><trkpt lat="22.29669333333333" lon="113.9354"><ele>-8.4</ele><time>2026-03-23T05:20:23Z</time></trkpt><trkpt lat="22.296676666666666" lon="113.93541666666667"><ele>-8.3</ele><time>2026-03-23T05:20:25Z</time></trkpt><trkpt lat="22.29666333333333" lon="113.93543333333334"><ele>-8.2</ele><time>2026-03-23T05:20:27Z</time></trkpt><trkpt lat="22.296656666666664" lon="113.93545166666667"><ele>-8.5</ele><time>2026-03-23T05:20:29Z</time></trkpt><trkpt lat="22.296655" lon="113.93547166666667"><ele>-8.4</ele><time>2026-03-23T05:20:31Z</time></trkpt><trkpt lat="22.29666166666667" lon="113.93549833333333"><ele>-8.4</ele><time>2026-03-23T05:20:34Z</time></trkpt><trkpt lat="22.296659999999996" lon="113.93552666666668"><ele>-8.2</ele><time>2026-03-23T05:20:37Z</time></trkpt><trkpt lat="22.296656666666664" lon="113.935555"><ele>-8.2</ele><time>2026-03-23T05:20:40Z</time></trkpt><trkpt lat="22.29665333333333" lon="113.935575"><ele>-8.100000000000001</ele><time>2026-03-23T05:20:42Z</time></trkpt><trkpt lat="22.296641666666666" lon="113.93559666666667"><ele>-7.7</ele><time>2026-03-23T05:20:45Z</time></trkpt><trkpt lat="22.296613333333333" lon="113.93560000000001"><ele>-7.5</ele><time>2026-03-23T05:20:48Z</time></trkpt><trkpt lat="22.29659333333333" lon="113.93559833333332"><ele>-7.6000000000000005</ele><time>2026-03-23T05:20:50Z</time></trkpt><trkpt lat="22.296568333333333" lon="113.93560333333335"><ele>-7.5</ele><time>2026-03-23T05:20:52Z</time></trkpt><trkpt lat="22.296546666666668" lon="113.93560333333335"><ele>-7.4</ele><time>2026-03-23T05:20:54Z</time></trkpt><trkpt lat="22.296524999999995" lon="113.93560666666666"><ele>-7.3</ele><time>2026-03-23T05:20:56Z</time></trkpt><trkpt lat="22.296499999999998" lon="113.93561"><ele>-7.4</ele><time>2026-03-23T05:20:58Z</time></trkpt><trkpt lat="22.296475" lon="113.93561"><ele>-7.5</ele><time>2026-03-23T05:21:00Z</time></trkpt><trkpt lat="22.296451666666666" lon="113.935615"><ele>-8.0</ele><time>2026-03-23T05:21:03Z</time></trkpt><trkpt lat="22.29642833333333" lon="113.93561666666668"><ele>-8.3</ele><time>2026-03-23T05:21:05Z</time></trkpt><trkpt lat="22.296400000000002" lon="113.93561999999999"><ele>-8.7</ele><time>2026-03-23T05:21:08Z</time></trkpt><trkpt lat="22.29636833333333" lon="113.93561333333334"><ele>-8.7</ele><time>2026-03-23T05:21:11Z</time></trkpt><trkpt lat="22.29635" lon="113.93560833333335"><ele>-8.8</ele><time>2026-03-23T05:21:13Z</time></trkpt><trkpt lat="22.296328333333335" lon="113.935605"><ele>-8.9</ele><time>2026-03-23T05:21:16Z</time></trkpt><trkpt lat="22.29630666666667" lon="113.935605"><ele>-8.9</ele><time>2026-03-23T05:21:18Z</time></trkpt><trkpt lat="22.296281666666665" lon="113.935605"><ele>-9.0</ele><time>2026-03-23T05:21:21Z</time></trkpt><trkpt lat="22.29626166666667" lon="113.93560833333335"><ele>-9.0</ele><time>2026-03-23T05:21:23Z</time></trkpt><trkpt lat="22.296241666666667" lon="113.93559833333332"><ele>-8.8</ele><time>2026-03-23T05:21:25Z</time></trkpt><trkpt lat="22.29621666666667" lon="113.93558499999999"><ele>-8.600000000000001</ele><time>2026-03-23T05:21:27Z</time></trkpt><trkpt lat="22.29620166666667" lon="113.93557333333335"><ele>-8.4</ele><time>2026-03-23T05:21:29Z</time></trkpt><trkpt lat="22.296179999999996" lon="113.93556500000001"><ele>-8.100000000000001</ele><time>2026-03-23T05:21:32Z</time></trkpt><trkpt lat="22.29616" lon="113.93555333333333"><ele>-8.3</ele><time>2026-03-23T05:21:36Z</time></trkpt><trkpt lat="22.296153333333336" lon="113.93553166666668"><ele>-8.5</ele><time>2026-03-23T05:21:39Z</time></trkpt><trkpt lat="22.296148333333335" lon="113.93550333333333"><ele>-8.7</ele><time>2026-03-23T05:21:42Z</time></trkpt><trkpt lat="22.296136666666666" lon="113.93547666666667"><ele>-9.2</ele><time>2026-03-23T05:21:46Z</time></trkpt><trkpt lat="22.29612666666667" lon="113.93544833333333"><ele>-9.5</ele><time>2026-03-23T05:21:49Z</time></trkpt><trkpt lat="22.296119999999995" lon="113.93541833333332"><ele>-9.5</ele><time>2026-03-23T05:21:51Z</time></trkpt><trkpt lat="22.29611" lon="113.935395"><ele>-9.5</ele><time>2026-03-23T05:21:54Z</time></trkpt><trkpt lat="22.296103333333335" lon="113.93537666666667"><ele>-9.7</ele><time>2026-03-23T05:21:56Z</time></trkpt><trkpt lat="22.296093333333335" lon="113.93534666666667"><ele>-9.600000000000001</ele><time>2026-03-23T05:21:59Z</time></trkpt><trkpt lat="22.296090000000003" lon="113.93531333333334"><ele>-9.8</ele><time>2026-03-23T05:22:01Z</time></trkpt><trkpt lat="22.296085" lon="113.93528166666668"><ele>-9.7</ele><time>2026-03-23T05:22:03Z</time></trkpt><trkpt lat="22.296076666666668" lon="113.93526333333332"><ele>-9.8</ele><time>2026-03-23T05:22:04Z</time></trkpt><trkpt lat="22.296073333333332" lon="113.93524166666666"><ele>-9.600000000000001</ele><time>2026-03-23T05:22:07Z</time></trkpt><trkpt lat="22.296075000000005" lon="113.93522"><ele>-8.7</ele><time>2026-03-23T05:22:10Z</time></trkpt><trkpt lat="22.296073333333332" lon="113.93519999999998"><ele>-6.3</ele><time>2026-03-23T05:22:17Z</time></trkpt><trkpt lat="22.29607" lon="113.93518"><ele>-4.9</ele><time>2026-03-23T05:22:24Z</time></trkpt><trkpt lat="22.296075000000005" lon="113.93513999999999"><ele>1.1999999999999997</ele><time>2026-03-23T05:23:17Z</time></trkpt><trkpt lat="22.29606666666667" lon="113.93512000000001"><ele>0.8999999999999999</ele><time>2026-03-23T05:23:21Z</time></trkpt><trkpt lat="22.296056666666665" lon="113.93509833333334"><ele>0.8999999999999999</ele><time>2026-03-23T05:23:23Z</time></trkpt><trkpt lat="22.296045000000003" lon="113.93507333333334"><ele>0.6999999999999997</ele><time>2026-03-23T05:23:25Z</time></trkpt><trkpt lat="22.296031666666668" lon="113.93504999999999"><ele>0.0</ele><time>2026-03-23T05:23:28Z</time></trkpt><trkpt lat="22.296026666666663" lon="113.93503000000001"><ele>-0.20000000000000018</ele><time>2026-03-23T05:23:30Z</time></trkpt><trkpt lat="22.29602333333333" lon="113.93500833333334"><ele>-0.8000000000000003</ele><time>2026-03-23T05:23:33Z</time></trkpt><trkpt lat="22.296021666666668" lon="113.93498833333334"><ele>-1.2000000000000002</ele><time>2026-03-23T05:23:35Z</time></trkpt><trkpt lat="22.296018333333336" lon="113.93496333333333"><ele>-1.2000000000000002</ele><time>2026-03-23T05:23:37Z</time></trkpt><trkpt lat="22.29600833333333" lon="113.934945"><ele>-1.6</ele><time>2026-03-23T05:23:39Z</time></trkpt><trkpt lat="22.296001666666665" lon="113.93492333333333"><ele>-1.8000000000000003</ele><time>2026-03-23T05:23:41Z</time></trkpt><trkpt lat="22.29599333333333" lon="113.93490333333332"><ele>-1.8000000000000003</ele><time>2026-03-23T05:23:43Z</time></trkpt><trkpt lat="22.295983333333332" lon="113.934885"><ele>-1.8000000000000003</ele><time>2026-03-23T05:23:45Z</time></trkpt><trkpt lat="22.295975" lon="113.93485666666666"><ele>-1.6</ele><time>2026-03-23T05:23:47Z</time></trkpt><trkpt lat="22.29596333333333" lon="113.93483333333333"><ele>-1.4000000000000001</ele><time>2026-03-23T05:23:49Z</time></trkpt><trkpt lat="22.295955000000003" lon="113.93481500000001"><ele>-1.0000000000000002</ele><time>2026-03-23T05:23:51Z</time></trkpt><trkpt lat="22.29595" lon="113.93479"><ele>-0.5000000000000002</ele><time>2026-03-23T05:23:53Z</time></trkpt><trkpt lat="22.295943333333337" lon="113.93476666666666"><ele>-0.30000000000000027</ele><time>2026-03-23T05:23:55Z</time></trkpt><trkpt lat="22.295935" lon="113.93474333333333"><ele>-0.40000000000000013</ele><time>2026-03-23T05:23:57Z</time></trkpt><trkpt lat="22.295928333333336" lon="113.93472500000001"><ele>-0.5000000000000002</ele><time>2026-03-23T05:23:59Z</time></trkpt><trkpt lat="22.295921666666665" lon="113.93470666666666"><ele>-0.9000000000000001</ele><time>2026-03-23T05:24:01Z</time></trkpt><trkpt lat="22.295916666666667" lon="113.93468499999999"><ele>-1.4000000000000001</ele><time>2026-03-23T05:24:03Z</time></trkpt><trkpt lat="22.295913333333335" lon="113.93466500000001"><ele>-1.6</ele><time>2026-03-23T05:24:05Z</time></trkpt><trkpt lat="22.295906666666664" lon="113.93464666666665"><ele>-1.7000000000000002</ele><time>2026-03-23T05:24:07Z</time></trkpt><trkpt lat="22.2959" lon="113.93461666666666"><ele>-1.6</ele><time>2026-03-23T05:24:10Z</time></trkpt><trkpt lat="22.295891666666662" lon="113.93459833333333"><ele>-1.6</ele><time>2026-03-23T05:24:12Z</time></trkpt><trkpt lat="22.295885" lon="113.93457666666667"><ele>-1.4000000000000001</ele><time>2026-03-23T05:24:14Z</time></trkpt><trkpt lat="22.295878333333334" lon="113.934555"><ele>-1.6</ele><time>2026-03-23T05:24:16Z</time></trkpt><trkpt lat="22.295875000000002" lon="113.934535"><ele>-1.7000000000000002</ele><time>2026-03-23T05:24:18Z</time></trkpt><trkpt lat="22.295868333333335" lon="113.93451666666667"><ele>-1.6</ele><time>2026-03-23T05:24:20Z</time></trkpt><trkpt lat="22.29586" lon="113.93449666666666"><ele>-1.7000000000000002</ele><time>2026-03-23T05:24:22Z</time></trkpt><trkpt lat="22.295846666666662" lon="113.93447833333333"><ele>-1.9000000000000001</ele><time>2026-03-23T05:24:24Z</time></trkpt><trkpt lat="22.295836666666666" lon="113.93445833333332"><ele>-2.0</ele><time>2026-03-23T05:24:26Z</time></trkpt><trkpt lat="22.295824999999997" lon="113.93443666666666"><ele>-2.1</ele><time>2026-03-23T05:24:28Z</time></trkpt><trkpt lat="22.29581166666667" lon="113.93442166666667"><ele>-2.3000000000000003</ele><time>2026-03-23T05:24:30Z</time></trkpt><trkpt lat="22.295795" lon="113.93440666666666"><ele>-2.8000000000000003</ele><time>2026-03-23T05:24:32Z</time></trkpt><trkpt lat="22.295779999999997" lon="113.93438333333333"><ele>-3.1</ele><time>2026-03-23T05:24:34Z</time></trkpt><trkpt lat="22.295763333333337" lon="113.93436166666667"><ele>-3.8000000000000003</ele><time>2026-03-23T05:24:37Z</time></trkpt><trkpt lat="22.295748333333336" lon="113.93435"><ele>-4.2</ele><time>2026-03-23T05:24:39Z</time></trkpt><trkpt lat="22.295736666666667" lon="113.93433000000002"><ele>-4.6</ele><time>2026-03-23T05:24:41Z</time></trkpt><trkpt lat="22.29572333333333" lon="113.93430833333332"><ele>-4.9</ele><time>2026-03-23T05:24:43Z</time></trkpt><trkpt lat="22.29570833333333" lon="113.93428666666665"><ele>-5.2</ele><time>2026-03-23T05:24:45Z</time></trkpt><trkpt lat="22.295696666666664" lon="113.934265"><ele>-5.5</ele><time>2026-03-23T05:24:47Z</time></trkpt><trkpt lat="22.295686666666665" lon="113.93424000000002"><ele>-5.800000000000001</ele><time>2026-03-23T05:24:49Z</time></trkpt><trkpt lat="22.295673333333337" lon="113.934225"><ele>-6.1</ele><time>2026-03-23T05:24:51Z</time></trkpt><trkpt lat="22.295658333333336" lon="113.93421000000002"><ele>-6.2</ele><time>2026-03-23T05:24:53Z</time></trkpt><trkpt lat="22.295643333333334" lon="113.93419166666666"><ele>-6.3</ele><time>2026-03-23T05:24:55Z</time></trkpt><trkpt lat="22.29563166666667" lon="113.93417"><ele>-6.2</ele><time>2026-03-23T05:24:57Z</time></trkpt><trkpt lat="22.295621666666662" lon="113.93414833333333"><ele>-6.1</ele><time>2026-03-23T05:24:59Z</time></trkpt><trkpt lat="22.29560333333333" lon="113.93413666666666"><ele>-6.0</ele><time>2026-03-23T05:25:02Z</time></trkpt><trkpt lat="22.29558833333333" lon="113.93410999999999"><ele>-5.7</ele><time>2026-03-23T05:25:05Z</time></trkpt><trkpt lat="22.295575" lon="113.93408333333333"><ele>-5.7</ele><time>2026-03-23T05:25:07Z</time></trkpt><trkpt lat="22.295556666666666" lon="113.93406666666667"><ele>-5.800000000000001</ele><time>2026-03-23T05:25:10Z</time></trkpt><trkpt lat="22.29554166666667" lon="113.93404666666666"><ele>-5.9</ele><time>2026-03-23T05:25:12Z</time></trkpt><trkpt lat="22.29553333333333" lon="113.93402666666667"><ele>-6.0</ele><time>2026-03-23T05:25:14Z</time></trkpt><trkpt lat="22.295524999999998" lon="113.93399833333334"><ele>-6.0</ele><time>2026-03-23T05:25:16Z</time></trkpt><trkpt lat="22.29551333333333" lon="113.93397000000002"><ele>-6.1</ele><time>2026-03-23T05:25:18Z</time></trkpt><trkpt lat="22.295503333333333" lon="113.93395166666666"><ele>-6.2</ele><time>2026-03-23T05:25:20Z</time></trkpt><trkpt lat="22.29549833333333" lon="113.933925"><ele>-6.5</ele><time>2026-03-23T05:25:23Z</time></trkpt><trkpt lat="22.29548833333333" lon="113.93390833333333"><ele>-6.8</ele><time>2026-03-23T05:25:25Z</time></trkpt><trkpt lat="22.295478333333335" lon="113.93388166666666"><ele>-6.9</ele><time>2026-03-23T05:25:27Z</time></trkpt><trkpt lat="22.29546833333333" lon="113.93385500000001"><ele>-7.1000000000000005</ele><time>2026-03-23T05:25:29Z</time></trkpt><trkpt lat="22.295461666666665" lon="113.93383166666666"><ele>-7.3</ele><time>2026-03-23T05:25:31Z</time></trkpt><trkpt lat="22.29544333333333" lon="113.93381166666668"><ele>-7.5</ele><time>2026-03-23T05:25:34Z</time></trkpt><trkpt lat="22.295434999999998" lon="113.93378499999999"><ele>-8.4</ele><time>2026-03-23T05:25:37Z</time></trkpt><trkpt lat="22.295436666666667" lon="113.93376166666667"><ele>-9.4</ele><time>2026-03-23T05:25:39Z</time></trkpt><trkpt lat="22.295436666666667" lon="113.93373000000001"><ele>-9.8</ele><time>2026-03-23T05:25:41Z</time></trkpt><trkpt lat="22.295434999999998" lon="113.93370000000002"><ele>-10.3</ele><time>2026-03-23T05:25:43Z</time></trkpt><trkpt lat="22.295421666666666" lon="113.93368166666666"><ele>-10.7</ele><time>2026-03-23T05:25:45Z</time></trkpt><trkpt lat="22.29540833333333" lon="113.933655"><ele>-11.2</ele><time>2026-03-23T05:25:47Z</time></trkpt><trkpt lat="22.295395" lon="113.93362333333334"><ele>-11.2</ele><time>2026-03-23T05:25:49Z</time></trkpt><trkpt lat="22.29538166666667" lon="113.93359666666666"><ele>-11.3</ele><time>2026-03-23T05:25:51Z</time></trkpt><trkpt lat="22.29536333333333" lon="113.93358000000002"><ele>-11.5</ele><time>2026-03-23T05:25:53Z</time></trkpt><trkpt lat="22.295340000000003" lon="113.93356333333334"><ele>-11.7</ele><time>2026-03-23T05:25:55Z</time></trkpt><trkpt lat="22.29531833333333" lon="113.93355333333332"><ele>-12.100000000000001</ele><time>2026-03-23T05:25:57Z</time></trkpt><trkpt lat="22.295298333333335" lon="113.93354833333333"><ele>-12.600000000000001</ele><time>2026-03-23T05:26:00Z</time></trkpt><trkpt lat="22.295278333333332" lon="113.93354666666667"><ele>-13.3</ele><time>2026-03-23T05:26:02Z</time></trkpt><trkpt lat="22.295256666666667" lon="113.93353666666665"><ele>-13.7</ele><time>2026-03-23T05:26:04Z</time></trkpt><trkpt lat="22.29523166666667" lon="113.93353"><ele>-14.100000000000001</ele><time>2026-03-23T05:26:06Z</time></trkpt><trkpt lat="22.295208333333335" lon="113.933525"><ele>-14.5</ele><time>2026-03-23T05:26:09Z</time></trkpt><trkpt lat="22.29518666666667" lon="113.93352000000002"><ele>-14.899999999999999</ele><time>2026-03-23T05:26:11Z</time></trkpt><trkpt lat="22.29517" lon="113.93351"><ele>-15.399999999999999</ele><time>2026-03-23T05:26:13Z</time></trkpt><trkpt lat="22.295148333333334" lon="113.93349666666667"><ele>-16.2</ele><time>2026-03-23T05:26:15Z</time></trkpt><trkpt lat="22.295131666666666" lon="113.93348499999999"><ele>-16.4</ele><time>2026-03-23T05:26:17Z</time></trkpt><trkpt lat="22.29511" lon="113.93347"><ele>-16.3</ele><time>2026-03-23T05:26:19Z</time></trkpt><trkpt lat="22.295088333333336" lon="113.93345"><ele>-16.3</ele><time>2026-03-23T05:26:21Z</time></trkpt><trkpt lat="22.29506666666667" lon="113.93343166666666"><ele>-16.5</ele><time>2026-03-23T05:26:23Z</time></trkpt><trkpt lat="22.295040000000004" lon="113.93341333333335"><ele>-16.2</ele><time>2026-03-23T05:26:25Z</time></trkpt><trkpt lat="22.29501833333334" lon="113.93340000000002"><ele>-15.3</ele><time>2026-03-23T05:26:27Z</time></trkpt><trkpt lat="22.294991666666668" lon="113.93338666666665"><ele>-14.600000000000001</ele><time>2026-03-23T05:26:29Z</time></trkpt><trkpt lat="22.294965" lon="113.93337166666667"><ele>-14.0</ele><time>2026-03-23T05:26:31Z</time></trkpt><trkpt lat="22.294939999999997" lon="113.93335499999999"><ele>-13.8</ele><time>2026-03-23T05:26:33Z</time></trkpt><trkpt lat="22.294923333333333" lon="113.93334000000002"><ele>-13.2</ele><time>2026-03-23T05:26:35Z</time></trkpt><trkpt lat="22.294908333333336" lon="113.93332833333334"><ele>-12.399999999999999</ele><time>2026-03-23T05:26:37Z</time></trkpt><trkpt lat="22.29488666666667" lon="113.93331666666667"><ele>-11.600000000000001</ele><time>2026-03-23T05:26:39Z</time></trkpt><trkpt lat="22.294861666666666" lon="113.93329833333334"><ele>-11.2</ele><time>2026-03-23T05:26:41Z</time></trkpt><trkpt lat="22.294836666666665" lon="113.93328500000001"><ele>-10.899999999999999</ele><time>2026-03-23T05:26:43Z</time></trkpt><trkpt lat="22.294811666666668" lon="113.93327666666667"><ele>-10.0</ele><time>2026-03-23T05:26:46Z</time></trkpt><trkpt lat="22.294791666666665" lon="113.93326333333334"><ele>-9.4</ele><time>2026-03-23T05:26:48Z</time></trkpt><trkpt lat="22.294771666666666" lon="113.93324666666668"><ele>-9.100000000000001</ele><time>2026-03-23T05:26:50Z</time></trkpt><trkpt lat="22.294758333333334" lon="113.93323333333335"><ele>-8.9</ele><time>2026-03-23T05:26:52Z</time></trkpt><trkpt lat="22.294735" lon="113.93322166666667"><ele>-8.100000000000001</ele><time>2026-03-23T05:26:55Z</time></trkpt><trkpt lat="22.294718333333336" lon="113.93320999999999"><ele>-8.0</ele><time>2026-03-23T05:26:57Z</time></trkpt><trkpt lat="22.294698333333333" lon="113.93320166666666"><ele>-7.8</ele><time>2026-03-23T05:26:59Z</time></trkpt><trkpt lat="22.294674999999998" lon="113.93319166666667"><ele>-7.5</ele><time>2026-03-23T05:27:02Z</time></trkpt><trkpt lat="22.294658333333338" lon="113.93317833333334"><ele>-7.4</ele><time>2026-03-23T05:27:04Z</time></trkpt><trkpt lat="22.294636666666666" lon="113.93316333333333"><ele>-7.4</ele><time>2026-03-23T05:27:06Z</time></trkpt><trkpt lat="22.294620000000002" lon="113.93315166666667"><ele>-7.4</ele><time>2026-03-23T05:27:08Z</time></trkpt><trkpt lat="22.294598333333337" lon="113.93313833333335"><ele>-7.3</ele><time>2026-03-23T05:27:10Z</time></trkpt><trkpt lat="22.294575000000002" lon="113.93312333333333"><ele>-7.4</ele><time>2026-03-23T05:27:12Z</time></trkpt><trkpt lat="22.29455666666667" lon="113.93311"><ele>-7.5</ele><time>2026-03-23T05:27:14Z</time></trkpt><trkpt lat="22.294539999999998" lon="113.93308999999999"><ele>-6.9</ele><time>2026-03-23T05:27:17Z</time></trkpt><trkpt lat="22.294528333333332" lon="113.933075"><ele>-7.0</ele><time>2026-03-23T05:27:20Z</time></trkpt><trkpt lat="22.29451333333333" lon="113.93305833333334"><ele>-6.9</ele><time>2026-03-23T05:27:26Z</time></trkpt><trkpt lat="22.294494999999998" lon="113.93304000000002"><ele>-5.4</ele><time>2026-03-23T05:27:46Z</time></trkpt><trkpt lat="22.294475000000002" lon="113.93303166666668"><ele>-5.7</ele><time>2026-03-23T05:27:48Z</time></trkpt><trkpt lat="22.294451666666667" lon="113.93301000000001"><ele>-6.1</ele><time>2026-03-23T05:27:50Z</time></trkpt><trkpt lat="22.29443666666667" lon="113.93299833333334"><ele>-6.5</ele><time>2026-03-23T05:27:52Z</time></trkpt><trkpt lat="22.294418333333336" lon="113.933005"><ele>-6.7</ele><time>2026-03-23T05:27:54Z</time></trkpt><trkpt lat="22.294398333333334" lon="113.93299666666665"><ele>-6.8</ele><time>2026-03-23T05:27:56Z</time></trkpt><trkpt lat="22.29438" lon="113.93298833333334"><ele>-6.7</ele><time>2026-03-23T05:27:58Z</time></trkpt><trkpt lat="22.294361666666667" lon="113.93297666666668"><ele>-6.4</ele><time>2026-03-23T05:28:00Z</time></trkpt><trkpt lat="22.294343333333337" lon="113.93296333333335"><ele>-6.1</ele><time>2026-03-23T05:28:02Z</time></trkpt><trkpt lat="22.294325000000004" lon="113.93295333333332"><ele>-5.9</ele><time>2026-03-23T05:28:04Z</time></trkpt><trkpt lat="22.294303333333332" lon="113.93294333333333"><ele>-5.300000000000001</ele><time>2026-03-23T05:28:07Z</time></trkpt><trkpt lat="22.294286666666668" lon="113.93293166666666"><ele>-5.0</ele><time>2026-03-23T05:28:09Z</time></trkpt><trkpt lat="22.294266666666665" lon="113.93291666666667"><ele>-4.7</ele><time>2026-03-23T05:28:11Z</time></trkpt><trkpt lat="22.29425" lon="113.93290333333334"><ele>-4.5</ele><time>2026-03-23T05:28:13Z</time></trkpt><trkpt lat="22.294231666666665" lon="113.93289166666666"><ele>-4.6</ele><time>2026-03-23T05:28:15Z</time></trkpt><trkpt lat="22.294215" lon="113.93288166666667"><ele>-4.6</ele><time>2026-03-23T05:28:17Z</time></trkpt><trkpt lat="22.29419833333333" lon="113.93286666666667"><ele>-4.5</ele><time>2026-03-23T05:28:19Z</time></trkpt><trkpt lat="22.294181666666667" lon="113.93285499999999"><ele>-4.7</ele><time>2026-03-23T05:28:21Z</time></trkpt><trkpt lat="22.29416666666667" lon="113.93284333333334"><ele>-5.300000000000001</ele><time>2026-03-23T05:28:23Z</time></trkpt><trkpt lat="22.294148333333336" lon="113.93283166666667"><ele>-5.5</ele><time>2026-03-23T05:28:25Z</time></trkpt><trkpt lat="22.294133333333335" lon="113.93281666666665"><ele>-5.5</ele><time>2026-03-23T05:28:27Z</time></trkpt><trkpt lat="22.294116666666664" lon="113.932805"><ele>-5.6</ele><time>2026-03-23T05:28:29Z</time></trkpt><trkpt lat="22.29409333333333" lon="113.93279166666667"><ele>-6.0</ele><time>2026-03-23T05:28:32Z</time></trkpt><trkpt lat="22.294075" lon="113.93277666666667"><ele>-5.9</ele><time>2026-03-23T05:28:34Z</time></trkpt><trkpt lat="22.294051666666665" lon="113.93276166666668"><ele>-6.4</ele><time>2026-03-23T05:28:37Z</time></trkpt><trkpt lat="22.294035" lon="113.93275"><ele>-6.5</ele><time>2026-03-23T05:28:39Z</time></trkpt><trkpt lat="22.29401833333333" lon="113.93273833333333"><ele>-6.3</ele><time>2026-03-23T05:28:41Z</time></trkpt><trkpt lat="22.29400333333333" lon="113.93272666666665"><ele>-5.800000000000001</ele><time>2026-03-23T05:28:43Z</time></trkpt><trkpt lat="22.293981666666664" lon="113.93271166666666"><ele>-4.9</ele><time>2026-03-23T05:28:46Z</time></trkpt><trkpt lat="22.293965000000004" lon="113.93270166666667"><ele>-4.300000000000001</ele><time>2026-03-23T05:28:48Z</time></trkpt><trkpt lat="22.29394666666667" lon="113.93269333333335"><ele>-4.0</ele><time>2026-03-23T05:28:50Z</time></trkpt><trkpt lat="22.29392833333333" lon="113.93268166666667"><ele>-4.1</ele><time>2026-03-23T05:28:52Z</time></trkpt><trkpt lat="22.293911666666666" lon="113.93266999999999"><ele>-3.7</ele><time>2026-03-23T05:28:54Z</time></trkpt><trkpt lat="22.29389833333333" lon="113.93265666666666"><ele>-3.6</ele><time>2026-03-23T05:28:56Z</time></trkpt><trkpt lat="22.293879999999998" lon="113.93265000000001"><ele>-3.8000000000000003</ele><time>2026-03-23T05:28:58Z</time></trkpt><trkpt lat="22.293860000000002" lon="113.93264166666668"><ele>-3.8000000000000003</ele><time>2026-03-23T05:29:00Z</time></trkpt><trkpt lat="22.29384" lon="113.93262666666666"><ele>-3.6</ele><time>2026-03-23T05:29:02Z</time></trkpt><trkpt lat="22.293821666666666" lon="113.93262666666666"><ele>-3.5</ele><time>2026-03-23T05:29:05Z</time></trkpt><trkpt lat="22.293805" lon="113.93261833333332"><ele>-3.7</ele><time>2026-03-23T05:29:07Z</time></trkpt><trkpt lat="22.293783333333334" lon="113.932605"><ele>-3.6</ele><time>2026-03-23T05:29:09Z</time></trkpt><trkpt lat="22.293755" lon="113.93260333333335"><ele>-3.7</ele><time>2026-03-23T05:29:12Z</time></trkpt><trkpt lat="22.293731666666666" lon="113.93259666666667"><ele>-4.2</ele><time>2026-03-23T05:29:14Z</time></trkpt><trkpt lat="22.293713333333336" lon="113.93258333333333"><ele>-4.300000000000001</ele><time>2026-03-23T05:29:16Z</time></trkpt><trkpt lat="22.293698333333335" lon="113.93257166666666"><ele>-4.5</ele><time>2026-03-23T05:29:18Z</time></trkpt><trkpt lat="22.293680000000002" lon="113.93257166666666"><ele>-5.1</ele><time>2026-03-23T05:29:21Z</time></trkpt><trkpt lat="22.29366333333333" lon="113.93255666666667"><ele>-5.4</ele><time>2026-03-23T05:29:23Z</time></trkpt><trkpt lat="22.29364333333333" lon="113.93253833333334"><ele>-5.6</ele><time>2026-03-23T05:29:25Z</time></trkpt><trkpt lat="22.293625" lon="113.93253000000001"><ele>-5.800000000000001</ele><time>2026-03-23T05:29:27Z</time></trkpt><trkpt lat="22.293605000000003" lon="113.93252166666667"><ele>-6.3</ele><time>2026-03-23T05:29:29Z</time></trkpt><trkpt lat="22.29358666666667" lon="113.93251166666666"><ele>-6.9</ele><time>2026-03-23T05:29:31Z</time></trkpt><trkpt lat="22.293566666666667" lon="113.93250000000002"><ele>-7.1000000000000005</ele><time>2026-03-23T05:29:33Z</time></trkpt><trkpt lat="22.293548333333334" lon="113.93248333333334"><ele>-7.3</ele><time>2026-03-23T05:29:35Z</time></trkpt><trkpt lat="22.29353" lon="113.93247333333332"><ele>-7.3</ele><time>2026-03-23T05:29:38Z</time></trkpt><trkpt lat="22.293515000000003" lon="113.93246166666668"><ele>-7.3</ele><time>2026-03-23T05:29:40Z</time></trkpt><trkpt lat="22.293495" lon="113.93245166666665"><ele>-7.5</ele><time>2026-03-23T05:29:42Z</time></trkpt><trkpt lat="22.293474999999997" lon="113.93243666666667"><ele>-7.7</ele><time>2026-03-23T05:29:44Z</time></trkpt><trkpt lat="22.29345" lon="113.932425"><ele>-7.7</ele><time>2026-03-23T05:29:47Z</time></trkpt><trkpt lat="22.293429999999997" lon="113.93241333333332"><ele>-7.7</ele><time>2026-03-23T05:29:49Z</time></trkpt><trkpt lat="22.293408333333332" lon="113.93240333333333"><ele>-7.7</ele><time>2026-03-23T05:29:51Z</time></trkpt><trkpt lat="22.293384999999997" lon="113.93239166666666"><ele>-7.9</ele><time>2026-03-23T05:29:53Z</time></trkpt><trkpt lat="22.293363333333332" lon="113.93238500000001"><ele>-8.100000000000001</ele><time>2026-03-23T05:29:56Z</time></trkpt><trkpt lat="22.293343333333336" lon="113.93237666666667"><ele>-8.5</ele><time>2026-03-23T05:29:58Z</time></trkpt><trkpt lat="22.293318333333332" lon="113.93236666666665"><ele>-8.7</ele><time>2026-03-23T05:30:01Z</time></trkpt><trkpt lat="22.293296666666667" lon="113.932355"><ele>-8.9</ele><time>2026-03-23T05:30:03Z</time></trkpt><trkpt lat="22.29327166666667" lon="113.93234166666667"><ele>-9.100000000000001</ele><time>2026-03-23T05:30:05Z</time></trkpt><trkpt lat="22.293243333333333" lon="113.93233666666666"><ele>-9.100000000000001</ele><time>2026-03-23T05:30:08Z</time></trkpt><trkpt lat="22.293221666666668" lon="113.93232666666667"><ele>-9.3</ele><time>2026-03-23T05:30:10Z</time></trkpt><trkpt lat="22.293198333333333" lon="113.93232000000002"><ele>-9.3</ele><time>2026-03-23T05:30:12Z</time></trkpt><trkpt lat="22.293173333333336" lon="113.93230999999999"><ele>-9.4</ele><time>2026-03-23T05:30:14Z</time></trkpt><trkpt lat="22.29314833333334" lon="113.9323"><ele>-9.4</ele><time>2026-03-23T05:30:16Z</time></trkpt><trkpt lat="22.293126666666662" lon="113.9323"><ele>-9.5</ele><time>2026-03-23T05:30:18Z</time></trkpt><trkpt lat="22.293101666666665" lon="113.93229000000001"><ele>-9.7</ele><time>2026-03-23T05:30:20Z</time></trkpt><trkpt lat="22.293084999999998" lon="113.93228166666668"><ele>-9.8</ele><time>2026-03-23T05:30:22Z</time></trkpt><trkpt lat="22.293058333333338" lon="113.93227833333334"><ele>-10.0</ele><time>2026-03-23T05:30:25Z</time></trkpt><trkpt lat="22.293041666666667" lon="113.93226833333334"><ele>-10.0</ele><time>2026-03-23T05:30:27Z</time></trkpt><trkpt lat="22.293035" lon="113.93224666666669"><ele>-10.899999999999999</ele><time>2026-03-23T05:30:32Z</time></trkpt><trkpt lat="22.293008333333333" lon="113.93223166666667"><ele>-8.100000000000001</ele><time>2026-03-23T05:30:59Z</time></trkpt><trkpt lat="22.292993333333335" lon="113.93221999999999"><ele>-8.2</ele><time>2026-03-23T05:31:01Z</time></trkpt><trkpt lat="22.292973333333332" lon="113.93221"><ele>-8.3</ele><time>2026-03-23T05:31:03Z</time></trkpt><trkpt lat="22.292955" lon="113.93220166666667"><ele>-8.4</ele><time>2026-03-23T05:31:05Z</time></trkpt><trkpt lat="22.292935000000003" lon="113.93219833333333"><ele>-8.4</ele><time>2026-03-23T05:31:07Z</time></trkpt><trkpt lat="22.29291166666667" lon="113.93219333333333"><ele>-8.4</ele><time>2026-03-23T05:31:09Z</time></trkpt><trkpt lat="22.292891666666666" lon="113.93218833333334"><ele>-8.3</ele><time>2026-03-23T05:31:11Z</time></trkpt><trkpt lat="22.292871666666663" lon="113.932175"><ele>-8.2</ele><time>2026-03-23T05:31:13Z</time></trkpt><trkpt lat="22.29285333333333" lon="113.93216166666667"><ele>-8.0</ele><time>2026-03-23T05:31:16Z</time></trkpt><trkpt lat="22.292830000000002" lon="113.93214666666667"><ele>-7.9</ele><time>2026-03-23T05:31:18Z</time></trkpt><trkpt lat="22.292811666666662" lon="113.93213333333333"><ele>-7.8</ele><time>2026-03-23T05:31:20Z</time></trkpt><trkpt lat="22.29279" lon="113.93212166666666"><ele>-7.7</ele><time>2026-03-23T05:31:22Z</time></trkpt><trkpt lat="22.292768333333335" lon="113.93211000000001"><ele>-7.4</ele><time>2026-03-23T05:31:24Z</time></trkpt><trkpt lat="22.29275" lon="113.93210833333333"><ele>-7.0</ele><time>2026-03-23T05:31:26Z</time></trkpt><trkpt lat="22.292723333333335" lon="113.93209833333334"><ele>-6.7</ele><time>2026-03-23T05:31:28Z</time></trkpt><trkpt lat="22.292703333333332" lon="113.93208833333334"><ele>-6.6000000000000005</ele><time>2026-03-23T05:31:30Z</time></trkpt><trkpt lat="22.292680000000004" lon="113.93207333333334"><ele>-6.4</ele><time>2026-03-23T05:31:32Z</time></trkpt><trkpt lat="22.292661666666664" lon="113.93206"><ele>-6.2</ele><time>2026-03-23T05:31:34Z</time></trkpt><trkpt lat="22.29264166666667" lon="113.93205166666667"><ele>-6.0</ele><time>2026-03-23T05:31:36Z</time></trkpt><trkpt lat="22.292623333333335" lon="113.93204166666668"><ele>-5.800000000000001</ele><time>2026-03-23T05:31:38Z</time></trkpt><trkpt lat="22.292605000000002" lon="113.93203166666666"><ele>-5.9</ele><time>2026-03-23T05:31:40Z</time></trkpt><trkpt lat="22.29258666666666" lon="113.93202166666667"><ele>-5.800000000000001</ele><time>2026-03-23T05:31:42Z</time></trkpt><trkpt lat="22.29256833333333" lon="113.93200999999999"><ele>-5.800000000000001</ele><time>2026-03-23T05:31:44Z</time></trkpt><trkpt lat="22.29255" lon="113.93200333333334"><ele>-5.5</ele><time>2026-03-23T05:31:46Z</time></trkpt><trkpt lat="22.292531666666665" lon="113.931995"><ele>-5.0</ele><time>2026-03-23T05:31:48Z</time></trkpt><trkpt lat="22.292511666666663" lon="113.93198833333332"><ele>-4.7</ele><time>2026-03-23T05:31:50Z</time></trkpt><trkpt lat="22.292491666666667" lon="113.93198499999998"><ele>-4.4</ele><time>2026-03-23T05:31:52Z</time></trkpt><trkpt lat="22.292471666666664" lon="113.93198499999998"><ele>-3.9000000000000004</ele><time>2026-03-23T05:31:54Z</time></trkpt><trkpt lat="22.292444999999997" lon="113.93198499999998"><ele>-3.4000000000000004</ele><time>2026-03-23T05:31:57Z</time></trkpt><trkpt lat="22.29242166666667" lon="113.93198499999998"><ele>-2.8000000000000003</ele><time>2026-03-23T05:31:59Z</time></trkpt><trkpt lat="22.292399999999997" lon="113.93198666666667"><ele>-2.3000000000000003</ele><time>2026-03-23T05:32:01Z</time></trkpt><trkpt lat="22.292378333333332" lon="113.93199000000001"><ele>-1.9000000000000001</ele><time>2026-03-23T05:32:03Z</time></trkpt><trkpt lat="22.29236166666667" lon="113.93200166666665"><ele>-1.4000000000000001</ele><time>2026-03-23T05:32:05Z</time></trkpt><trkpt lat="22.29234" lon="113.93200499999999"><ele>-0.40000000000000013</ele><time>2026-03-23T05:32:08Z</time></trkpt><trkpt lat="22.292318333333334" lon="113.93200666666668"><ele>0.09999999999999964</ele><time>2026-03-23T05:32:10Z</time></trkpt><trkpt lat="22.292291666666664" lon="113.93200333333334"><ele>0.5999999999999996</ele><time>2026-03-23T05:32:12Z</time></trkpt><trkpt lat="22.29227166666667" lon="113.93200666666668"><ele>1.2999999999999998</ele><time>2026-03-23T05:32:14Z</time></trkpt><trkpt lat="22.292248333333337" lon="113.93200833333334"><ele>2.0</ele><time>2026-03-23T05:32:16Z</time></trkpt><trkpt lat="22.292225" lon="113.93201833333333"><ele>2.7</ele><time>2026-03-23T05:32:18Z</time></trkpt><trkpt lat="22.2922" lon="113.93202000000001"><ele>3.8999999999999995</ele><time>2026-03-23T05:32:21Z</time></trkpt><trkpt lat="22.29218" lon="113.93201333333333"><ele>4.8</ele><time>2026-03-23T05:32:23Z</time></trkpt><trkpt lat="22.292174999999997" lon="113.93199166666666"><ele>6.7</ele><time>2026-03-23T05:32:27Z</time></trkpt><trkpt lat="22.292183333333334" lon="113.93196666666667"><ele>9.3</ele><time>2026-03-23T05:32:33Z</time></trkpt><trkpt lat="22.29218" lon="113.93194333333334"><ele>10.5</ele><time>2026-03-23T05:32:36Z</time></trkpt><trkpt lat="22.292176666666666" lon="113.93191833333334"><ele>11.8</ele><time>2026-03-23T05:32:39Z</time></trkpt><trkpt lat="22.292158333333337" lon="113.93190833333334"><ele>12.7</ele><time>2026-03-23T05:32:41Z</time></trkpt><trkpt lat="22.29213666666667" lon="113.93191833333334"><ele>18.5</ele><time>2026-03-23T05:32:58Z</time></trkpt><trkpt lat="22.29211833333333" lon="113.93191499999999"><ele>19.2</ele><time>2026-03-23T05:33:00Z</time></trkpt><trkpt lat="22.292098333333335" lon="113.93191"><ele>19.7</ele><time>2026-03-23T05:33:02Z</time></trkpt><trkpt lat="22.29207166666667" lon="113.93190166666666"><ele>20.3</ele><time>2026-03-23T05:33:04Z</time></trkpt><trkpt lat="22.292041666666666" lon="113.93190000000001"><ele>21.0</ele><time>2026-03-23T05:33:06Z</time></trkpt><trkpt lat="22.29201333333333" lon="113.93190666666666"><ele>21.3</ele><time>2026-03-23T05:33:07Z</time></trkpt><trkpt lat="22.29200166666667" lon="113.93192166666668"><ele>21.900000000000002</ele><time>2026-03-23T05:33:09Z</time></trkpt><trkpt lat="22.292041666666666" lon="113.93193166666667"><ele>22.400000000000002</ele><time>2026-03-23T05:33:11Z</time></trkpt><trkpt lat="22.292053333333335" lon="113.93195166666668"><ele>24.7</ele><time>2026-03-23T05:33:19Z</time></trkpt><trkpt lat="22.292056666666667" lon="113.93198166666667"><ele>25.0</ele><time>2026-03-23T05:33:20Z</time></trkpt><trkpt lat="22.29206333333333" lon="113.93200666666668"><ele>25.7</ele><time>2026-03-23T05:33:22Z</time></trkpt><trkpt lat="22.292081666666665" lon="113.93200666666668"><ele>25.2</ele><time>2026-03-23T05:33:30Z</time></trkpt><trkpt lat="22.292098333333335" lon="113.93199666666666"><ele>25.1</ele><time>2026-03-23T05:33:32Z</time></trkpt><trkpt lat="22.292158333333337" lon="113.93195499999999"><ele>24.3</ele><time>2026-03-23T05:33:33Z</time></trkpt><trkpt lat="22.292219999999997" lon="113.93190000000001"><ele>22.400000000000002</ele><time>2026-03-23T05:33:34Z</time></trkpt><trkpt lat="22.29228833333333" lon="113.93186333333333"><ele>20.900000000000002</ele><time>2026-03-23T05:33:35Z</time></trkpt><trkpt lat="22.292338333333337" lon="113.93182333333334"><ele>18.1</ele><time>2026-03-23T05:33:36Z</time></trkpt><trkpt lat="22.292383333333337" lon="113.93179166666665"><ele>16.2</ele><time>2026-03-23T05:33:37Z</time></trkpt><trkpt lat="22.292440000000003" lon="113.93176833333334"><ele>15.0</ele><time>2026-03-23T05:33:38Z</time></trkpt><trkpt lat="22.292486666666665" lon="113.93175166666667"><ele>13.900000000000002</ele><time>2026-03-23T05:33:39Z</time></trkpt><trkpt lat="22.292516666666664" lon="113.93173666666668"><ele>12.8</ele><time>2026-03-23T05:33:40Z</time></trkpt><trkpt lat="22.29254" lon="113.931725"><ele>12.100000000000001</ele><time>2026-03-23T05:33:41Z</time></trkpt><trkpt lat="22.292561666666664" lon="113.93171833333332"><ele>10.899999999999999</ele><time>2026-03-23T05:33:42Z</time></trkpt><trkpt lat="22.292581666666667" lon="113.93171333333333"><ele>9.8</ele><time>2026-03-23T05:33:43Z</time></trkpt><trkpt lat="22.2926" lon="113.93170833333333"><ele>8.899999999999999</ele><time>2026-03-23T05:33:44Z</time></trkpt><trkpt lat="22.29263166666666" lon="113.93169666666667"><ele>7.7</ele><time>2026-03-23T05:33:46Z</time></trkpt><trkpt lat="22.292651666666664" lon="113.93168333333332"><ele>6.1000000000000005</ele><time>2026-03-23T05:33:48Z</time></trkpt><trkpt lat="22.292663333333333" lon="113.93166166666667"><ele>4.3999999999999995</ele><time>2026-03-23T05:33:51Z</time></trkpt><trkpt lat="22.292635000000004" lon="113.93165333333333"><ele>-1.0000000000000002</ele><time>2026-03-23T05:34:14Z</time></trkpt><trkpt lat="22.292613333333332" lon="113.93166000000001"><ele>-0.6000000000000001</ele><time>2026-03-23T05:34:17Z</time></trkpt><trkpt lat="22.292591666666667" lon="113.93166833333335"><ele>-0.7000000000000002</ele><time>2026-03-23T05:34:19Z</time></trkpt><trkpt lat="22.29256" lon="113.93167833333334"><ele>-0.8000000000000003</ele><time>2026-03-23T05:34:21Z</time></trkpt><trkpt lat="22.29254" lon="113.93168666666666"><ele>-1.0000000000000002</ele><time>2026-03-23T05:34:23Z</time></trkpt><trkpt lat="22.292525" lon="113.93170666666668"><ele>-1.1</ele><time>2026-03-23T05:34:26Z</time></trkpt><trkpt lat="22.292528333333333" lon="113.93172833333334"><ele>-0.7000000000000002</ele><time>2026-03-23T05:34:29Z</time></trkpt><trkpt lat="22.292498333333334" lon="113.93172666666666"><ele>0.0</ele><time>2026-03-23T05:34:33Z</time></trkpt><trkpt lat="22.29247833333333" lon="113.93172166666666"><ele>0.19999999999999973</ele><time>2026-03-23T05:34:34Z</time></trkpt><trkpt lat="22.292416666666668" lon="113.93171333333333"><ele>0.3999999999999999</ele><time>2026-03-23T05:34:36Z</time></trkpt><trkpt lat="22.292395000000003" lon="113.93171666666667"><ele>0.5999999999999996</ele><time>2026-03-23T05:34:37Z</time></trkpt><trkpt lat="22.292366666666666" lon="113.93172666666666"><ele>1.0999999999999996</ele><time>2026-03-23T05:34:39Z</time></trkpt><trkpt lat="22.29234666666667" lon="113.93173833333334"><ele>1.6999999999999997</ele><time>2026-03-23T05:34:41Z</time></trkpt><trkpt lat="22.29232833333333" lon="113.93175166666667"><ele>2.3</ele><time>2026-03-23T05:34:43Z</time></trkpt><trkpt lat="22.29231666666667" lon="113.93177666666666"><ele>2.8999999999999995</ele><time>2026-03-23T05:34:45Z</time></trkpt><trkpt lat="22.292295" lon="113.93179166666665"><ele>4.3</ele><time>2026-03-23T05:34:49Z</time></trkpt><trkpt lat="22.292275000000004" lon="113.93181333333332"><ele>4.7</ele><time>2026-03-23T05:34:50Z</time></trkpt><trkpt lat="22.292261666666665" lon="113.9318"><ele>5.1</ele><time>2026-03-23T05:34:51Z</time></trkpt><trkpt lat="22.29223833333333" lon="113.931765"><ele>6.3</ele><time>2026-03-23T05:34:54Z</time></trkpt><trkpt lat="22.292219999999997" lon="113.93175000000001"><ele>6.7</ele><time>2026-03-23T05:34:55Z</time></trkpt><trkpt lat="22.292189999999998" lon="113.93178833333334"><ele>7.1000000000000005</ele><time>2026-03-23T05:34:56Z</time></trkpt><trkpt lat="22.292129999999997" lon="113.93182333333334"><ele>7.6000000000000005</ele><time>2026-03-23T05:34:57Z</time></trkpt><trkpt lat="22.29207333333333" lon="113.93179"><ele>7.999999999999999</ele><time>2026-03-23T05:34:58Z</time></trkpt><trkpt lat="22.292015" lon="113.931785"><ele>8.399999999999999</ele><time>2026-03-23T05:34:59Z</time></trkpt><trkpt lat="22.291961666666666" lon="113.93180666666667"><ele>8.8</ele><time>2026-03-23T05:35:00Z</time></trkpt><trkpt lat="22.291900000000002" lon="113.93179166666665"><ele>9.2</ele><time>2026-03-23T05:35:01Z</time></trkpt><trkpt lat="22.291835" lon="113.93181333333332"><ele>9.8</ele><time>2026-03-23T05:35:02Z</time></trkpt><trkpt lat="22.291816666666666" lon="113.93181833333334"><ele>10.399999999999999</ele><time>2026-03-23T05:35:03Z</time></trkpt><trkpt lat="22.29179" lon="113.93182333333334"><ele>11.0</ele><time>2026-03-23T05:35:04Z</time></trkpt><trkpt lat="22.291728333333335" lon="113.93183333333333"><ele>11.600000000000001</ele><time>2026-03-23T05:35:05Z</time></trkpt><trkpt lat="22.291663333333336" lon="113.93184166666667"><ele>12.100000000000001</ele><time>2026-03-23T05:35:06Z</time></trkpt><trkpt lat="22.291600000000003" lon="113.93182166666665"><ele>12.399999999999999</ele><time>2026-03-23T05:35:07Z</time></trkpt><trkpt lat="22.291574999999998" lon="113.93180833333332"><ele>13.399999999999999</ele><time>2026-03-23T05:35:09Z</time></trkpt><trkpt lat="22.29154" lon="113.931815"><ele>14.100000000000001</ele><time>2026-03-23T05:35:11Z</time></trkpt><trkpt lat="22.291638333333335" lon="113.93181166666666"><ele>13.0</ele><time>2026-03-23T05:35:12Z</time></trkpt><trkpt lat="22.291683333333335" lon="113.931795"><ele>12.399999999999999</ele><time>2026-03-23T05:35:14Z</time></trkpt><trkpt lat="22.29171666666667" lon="113.93176999999999"><ele>13.100000000000001</ele><time>2026-03-23T05:35:17Z</time></trkpt><trkpt lat="22.291735000000003" lon="113.93175666666666"><ele>13.0</ele><time>2026-03-23T05:35:18Z</time></trkpt><trkpt lat="22.29176166666667" lon="113.93173"><ele>13.3</ele><time>2026-03-23T05:35:20Z</time></trkpt><trkpt lat="22.291780000000003" lon="113.93171333333333"><ele>13.7</ele><time>2026-03-23T05:35:21Z</time></trkpt><trkpt lat="22.291795" lon="113.93169333333331"><ele>13.100000000000001</ele><time>2026-03-23T05:35:23Z</time></trkpt><trkpt lat="22.29181" lon="113.93168166666668"><ele>12.399999999999999</ele><time>2026-03-23T05:35:26Z</time></trkpt><trkpt lat="22.291784999999997" lon="113.93168333333332"><ele>11.100000000000001</ele><time>2026-03-23T05:35:30Z</time></trkpt><trkpt lat="22.29176166666667" lon="113.93166666666666"><ele>10.5</ele><time>2026-03-23T05:35:33Z</time></trkpt><trkpt lat="22.291741666666667" lon="113.93165499999999"><ele>10.100000000000001</ele><time>2026-03-23T05:35:35Z</time></trkpt><trkpt lat="22.29172" lon="113.93164999999999"><ele>9.7</ele><time>2026-03-23T05:35:37Z</time></trkpt><trkpt lat="22.29170166666667" lon="113.931635"><ele>8.8</ele><time>2026-03-23T05:35:40Z</time></trkpt><trkpt lat="22.291684999999998" lon="113.93162333333333"><ele>8.399999999999999</ele><time>2026-03-23T05:35:42Z</time></trkpt><trkpt lat="22.291665" lon="113.93161333333335"><ele>7.999999999999999</ele><time>2026-03-23T05:35:44Z</time></trkpt><trkpt lat="22.291646666666665" lon="113.931605"><ele>7.2</ele><time>2026-03-23T05:35:46Z</time></trkpt><trkpt lat="22.291628333333332" lon="113.93160333333331"><ele>6.499999999999999</ele><time>2026-03-23T05:35:48Z</time></trkpt><trkpt lat="22.291606666666667" lon="113.93159833333333"><ele>6.2</ele><time>2026-03-23T05:35:50Z</time></trkpt><trkpt lat="22.291586666666664" lon="113.93158999999999"><ele>5.3999999999999995</ele><time>2026-03-23T05:35:52Z</time></trkpt><trkpt lat="22.291559999999997" lon="113.93158666666668"><ele>3.0999999999999996</ele><time>2026-03-23T05:35:56Z</time></trkpt><trkpt lat="22.29154" lon="113.93158666666668"><ele>2.3</ele><time>2026-03-23T05:35:58Z</time></trkpt><trkpt lat="22.291516666666666" lon="113.931585"><ele>1.5999999999999996</ele><time>2026-03-23T05:36:00Z</time></trkpt><trkpt lat="22.291496666666664" lon="113.93157500000001"><ele>0.5999999999999996</ele><time>2026-03-23T05:36:03Z</time></trkpt><trkpt lat="22.291475" lon="113.93157000000001"><ele>0.0</ele><time>2026-03-23T05:36:05Z</time></trkpt><trkpt lat="22.291454999999996" lon="113.93156166666668"><ele>-0.6000000000000001</ele><time>2026-03-23T05:36:07Z</time></trkpt><trkpt lat="22.29143" lon="113.93156166666668"><ele>-1.4000000000000001</ele><time>2026-03-23T05:36:10Z</time></trkpt><trkpt lat="22.29140333333333" lon="113.93155999999999"><ele>-2.0</ele><time>2026-03-23T05:36:12Z</time></trkpt><trkpt lat="22.291381666666666" lon="113.93155499999999"><ele>-2.5</ele><time>2026-03-23T05:36:14Z</time></trkpt><trkpt lat="22.29135833333333" lon="113.93154833333334"><ele>-3.4000000000000004</ele><time>2026-03-23T05:36:17Z</time></trkpt><trkpt lat="22.291341666666668" lon="113.93154000000001"><ele>-3.8000000000000003</ele><time>2026-03-23T05:36:19Z</time></trkpt><trkpt lat="22.291321666666665" lon="113.93153333333333"><ele>-4.6</ele><time>2026-03-23T05:36:21Z</time></trkpt><trkpt lat="22.291301666666662" lon="113.93153"><ele>-5.1</ele><time>2026-03-23T05:36:24Z</time></trkpt><trkpt lat="22.291285000000002" lon="113.93150833333333"><ele>-5.800000000000001</ele><time>2026-03-23T05:36:27Z</time></trkpt><trkpt lat="22.291271666666663" lon="113.93149"><ele>-6.5</ele><time>2026-03-23T05:36:30Z</time></trkpt><trkpt lat="22.291260000000005" lon="113.93146333333334"><ele>-7.0</ele><time>2026-03-23T05:36:33Z</time></trkpt><trkpt lat="22.29125333333333" lon="113.93144499999998"><ele>-7.6000000000000005</ele><time>2026-03-23T05:36:35Z</time></trkpt><trkpt lat="22.291246666666666" lon="113.93142333333331"><ele>-8.5</ele><time>2026-03-23T05:36:38Z</time></trkpt><trkpt lat="22.291248333333336" lon="113.93140166666666"><ele>-9.0</ele><time>2026-03-23T05:36:40Z</time></trkpt><trkpt lat="22.291251666666668" lon="113.93138166666668"><ele>-9.4</ele><time>2026-03-23T05:36:42Z</time></trkpt><trkpt lat="22.291256666666662" lon="113.93135499999998"><ele>-9.8</ele><time>2026-03-23T05:36:45Z</time></trkpt><trkpt lat="22.291265" lon="113.931335"><ele>-10.100000000000001</ele><time>2026-03-23T05:36:47Z</time></trkpt><trkpt lat="22.291271666666663" lon="113.93131"><ele>-10.5</ele><time>2026-03-23T05:36:49Z</time></trkpt><trkpt lat="22.291283333333332" lon="113.93128333333334"><ele>-10.600000000000001</ele><time>2026-03-23T05:36:52Z</time></trkpt><trkpt lat="22.29129833333333" lon="113.93126166666667"><ele>-10.5</ele><time>2026-03-23T05:36:54Z</time></trkpt><trkpt lat="22.29131333333333" lon="113.93124000000002"><ele>-10.399999999999999</ele><time>2026-03-23T05:36:56Z</time></trkpt><trkpt lat="22.29132666666667" lon="113.93122"><ele>-10.5</ele><time>2026-03-23T05:36:58Z</time></trkpt><trkpt lat="22.291338333333336" lon="113.93119333333334"><ele>-9.9</ele><time>2026-03-23T05:37:01Z</time></trkpt><trkpt lat="22.291351666666667" lon="113.93117166666667"><ele>-9.7</ele><time>2026-03-23T05:37:03Z</time></trkpt><trkpt lat="22.291361666666663" lon="113.93115000000002"><ele>-9.5</ele><time>2026-03-23T05:37:05Z</time></trkpt><trkpt lat="22.291373333333333" lon="113.93112333333332"><ele>-9.3</ele><time>2026-03-23T05:37:08Z</time></trkpt><trkpt lat="22.29139" lon="113.93110499999999"><ele>-9.2</ele><time>2026-03-23T05:37:10Z</time></trkpt><trkpt lat="22.291405" lon="113.93108333333333"><ele>-9.0</ele><time>2026-03-23T05:37:12Z</time></trkpt><trkpt lat="22.291414999999997" lon="113.93106333333331"><ele>-8.8</ele><time>2026-03-23T05:37:14Z</time></trkpt><trkpt lat="22.291428333333336" lon="113.931045"><ele>-8.7</ele><time>2026-03-23T05:37:16Z</time></trkpt><trkpt lat="22.291443333333337" lon="113.93102666666667"><ele>-8.7</ele><time>2026-03-23T05:37:18Z</time></trkpt><trkpt lat="22.291453333333333" lon="113.93100833333334"><ele>-8.600000000000001</ele><time>2026-03-23T05:37:20Z</time></trkpt><trkpt lat="22.291463333333333" lon="113.93098833333333"><ele>-8.4</ele><time>2026-03-23T05:37:22Z</time></trkpt><trkpt lat="22.291471666666666" lon="113.93097000000002"><ele>-8.3</ele><time>2026-03-23T05:37:24Z</time></trkpt><trkpt lat="22.29148" lon="113.93095166666666"><ele>-8.3</ele><time>2026-03-23T05:37:26Z</time></trkpt><trkpt lat="22.29149" lon="113.93093333333333"><ele>-7.9</ele><time>2026-03-23T05:37:28Z</time></trkpt><trkpt lat="22.29149" lon="113.93090833333332"><ele>-6.9</ele><time>2026-03-23T05:37:32Z</time></trkpt><trkpt lat="22.291476666666668" lon="113.93089499999999"><ele>-6.7</ele><time>2026-03-23T05:37:34Z</time></trkpt><trkpt lat="22.29145" lon="113.93088833333334"><ele>-6.6000000000000005</ele><time>2026-03-23T05:37:36Z</time></trkpt><trkpt lat="22.291431666666668" lon="113.93088333333331"><ele>-6.7</ele><time>2026-03-23T05:37:37Z</time></trkpt><trkpt lat="22.2914" lon="113.93087166666668"><ele>-7.0</ele><time>2026-03-23T05:37:39Z</time></trkpt><trkpt lat="22.29139" lon="113.93085166666667"><ele>-7.3</ele><time>2026-03-23T05:37:41Z</time></trkpt><trkpt lat="22.291376666666665" lon="113.93082833333334"><ele>-7.4</ele><time>2026-03-23T05:37:43Z</time></trkpt><trkpt lat="22.291355" lon="113.93082166666666"><ele>-7.9</ele><time>2026-03-23T05:37:46Z</time></trkpt><trkpt lat="22.291341666666668" lon="113.93079333333331"><ele>-8.2</ele><time>2026-03-23T05:37:49Z</time></trkpt><trkpt lat="22.291320000000002" lon="113.93077333333333"><ele>-8.5</ele><time>2026-03-23T05:37:51Z</time></trkpt><trkpt lat="22.291296666666668" lon="113.93075833333333"><ele>-8.8</ele><time>2026-03-23T05:37:53Z</time></trkpt><trkpt lat="22.291276666666665" lon="113.93074666666668"><ele>-9.100000000000001</ele><time>2026-03-23T05:37:55Z</time></trkpt><trkpt lat="22.291256666666662" lon="113.93073333333332"><ele>-9.5</ele><time>2026-03-23T05:37:57Z</time></trkpt><trkpt lat="22.291240000000002" lon="113.93072166666667"><ele>-9.9</ele><time>2026-03-23T05:37:59Z</time></trkpt><trkpt lat="22.29122" lon="113.93071"><ele>-10.0</ele><time>2026-03-23T05:38:01Z</time></trkpt><trkpt lat="22.291201666666666" lon="113.93069666666666"><ele>-9.8</ele><time>2026-03-23T05:38:03Z</time></trkpt><trkpt lat="22.291189999999997" lon="113.93068"><ele>-9.7</ele><time>2026-03-23T05:38:07Z</time></trkpt><trkpt lat="22.291166666666662" lon="113.93067"><ele>-9.2</ele><time>2026-03-23T05:38:15Z</time></trkpt><trkpt lat="22.29114666666667" lon="113.93066666666667"><ele>-9.100000000000001</ele><time>2026-03-23T05:38:17Z</time></trkpt><trkpt lat="22.291123333333335" lon="113.93066166666668"><ele>-8.7</ele><time>2026-03-23T05:38:19Z</time></trkpt><trkpt lat="22.291103333333332" lon="113.93066333333333"><ele>-8.5</ele><time>2026-03-23T05:38:21Z</time></trkpt><trkpt lat="22.291111666666666" lon="113.93070666666667"><ele>-7.3</ele><time>2026-03-23T05:38:53Z</time></trkpt><trkpt lat="22.291106666666664" lon="113.930735"><ele>-7.1000000000000005</ele><time>2026-03-23T05:38:56Z</time></trkpt><trkpt lat="22.291093333333333" lon="113.93076333333332"><ele>-6.9</ele><time>2026-03-23T05:38:59Z</time></trkpt><trkpt lat="22.29109" lon="113.93078500000001"><ele>-6.8</ele><time>2026-03-23T05:39:01Z</time></trkpt><trkpt lat="22.29108666666667" lon="113.93080499999999"><ele>-6.7</ele><time>2026-03-23T05:39:03Z</time></trkpt><trkpt lat="22.291080000000004" lon="113.93083"><ele>-6.4</ele><time>2026-03-23T05:39:06Z</time></trkpt><trkpt lat="22.29107666666666" lon="113.93085"><ele>-6.0</ele><time>2026-03-23T05:39:08Z</time></trkpt><trkpt lat="22.291093333333333" lon="113.93086166666666"><ele>-5.7</ele><time>2026-03-23T05:39:15Z</time></trkpt><trkpt lat="22.29107333333333" lon="113.93088666666667"><ele>-5.0</ele><time>2026-03-23T05:39:22Z</time></trkpt><trkpt lat="22.291061666666664" lon="113.93091000000001"><ele>-4.800000000000001</ele><time>2026-03-23T05:39:25Z</time></trkpt><trkpt lat="22.29105666666667" lon="113.93093333333333"><ele>-4.7</ele><time>2026-03-23T05:39:27Z</time></trkpt><trkpt lat="22.291046666666663" lon="113.93095666666667"><ele>-5.0</ele><time>2026-03-23T05:39:29Z</time></trkpt><trkpt lat="22.291035000000004" lon="113.93097333333331"><ele>-4.9</ele><time>2026-03-23T05:39:31Z</time></trkpt><trkpt lat="22.291024999999998" lon="113.93099500000001"><ele>-5.2</ele><time>2026-03-23T05:39:33Z</time></trkpt><trkpt lat="22.291018333333334" lon="113.93101499999999"><ele>-5.300000000000001</ele><time>2026-03-23T05:39:35Z</time></trkpt><trkpt lat="22.291021666666666" lon="113.93103500000001"><ele>-5.300000000000001</ele><time>2026-03-23T05:39:37Z</time></trkpt><trkpt lat="22.291013333333332" lon="113.93106666666667"><ele>-5.7</ele><time>2026-03-23T05:39:40Z</time></trkpt><trkpt lat="22.291" lon="113.93108166666667"><ele>-6.2</ele><time>2026-03-23T05:39:42Z</time></trkpt><trkpt lat="22.291" lon="113.93110499999999"><ele>-5.300000000000001</ele><time>2026-03-23T05:39:44Z</time></trkpt><trkpt lat="22.290993333333336" lon="113.93112833333335"><ele>-4.7</ele><time>2026-03-23T05:39:46Z</time></trkpt><trkpt lat="22.290985" lon="113.93114833333333"><ele>-4.1</ele><time>2026-03-23T05:39:48Z</time></trkpt><trkpt lat="22.290976666666666" lon="113.93116833333333"><ele>-4.300000000000001</ele><time>2026-03-23T05:39:50Z</time></trkpt><trkpt lat="22.290973333333334" lon="113.93118833333334"><ele>-4.9</ele><time>2026-03-23T05:39:53Z</time></trkpt><trkpt lat="22.290956666666663" lon="113.93119833333334"><ele>-5.1</ele><time>2026-03-23T05:39:59Z</time></trkpt><trkpt lat="22.29095166666667" lon="113.93122166666666"><ele>-4.6</ele><time>2026-03-23T05:40:02Z</time></trkpt><trkpt lat="22.29093833333333" lon="113.93125166666665"><ele>-4.5</ele><time>2026-03-23T05:40:05Z</time></trkpt><trkpt lat="22.290930000000003" lon="113.93128166666665"><ele>-4.6</ele><time>2026-03-23T05:40:07Z</time></trkpt><trkpt lat="22.290923333333332" lon="113.93130166666667"><ele>-4.7</ele><time>2026-03-23T05:40:10Z</time></trkpt><trkpt lat="22.290915000000002" lon="113.93132499999999"><ele>-4.5</ele><time>2026-03-23T05:40:12Z</time></trkpt><trkpt lat="22.29090833333333" lon="113.93135166666667"><ele>-4.6</ele><time>2026-03-23T05:40:14Z</time></trkpt><trkpt lat="22.29091" lon="113.93137499999999"><ele>-4.7</ele><time>2026-03-23T05:40:16Z</time></trkpt><trkpt lat="22.29090833333333" lon="113.93139833333335"><ele>-4.800000000000001</ele><time>2026-03-23T05:40:19Z</time></trkpt><trkpt lat="22.290895" lon="113.931425"><ele>-4.7</ele><time>2026-03-23T05:40:21Z</time></trkpt><trkpt lat="22.29089333333333" lon="113.93145333333332"><ele>-4.5</ele><time>2026-03-23T05:40:24Z</time></trkpt><trkpt lat="22.290891666666667" lon="113.93147499999999"><ele>-4.5</ele><time>2026-03-23T05:40:26Z</time></trkpt><trkpt lat="22.290895" lon="113.93150333333332"><ele>-4.4</ele><time>2026-03-23T05:40:28Z</time></trkpt><trkpt lat="22.290898333333335" lon="113.93153666666667"><ele>-4.6</ele><time>2026-03-23T05:40:30Z</time></trkpt><trkpt lat="22.29091" lon="113.93155333333334"><ele>-4.5</ele><time>2026-03-23T05:40:33Z</time></trkpt><trkpt lat="22.290928333333333" lon="113.93157333333332"><ele>-4.6</ele><time>2026-03-23T05:40:35Z</time></trkpt><trkpt lat="22.29095" lon="113.93158333333334"><ele>-4.6</ele><time>2026-03-23T05:40:37Z</time></trkpt><trkpt lat="22.29097" lon="113.93159499999999"><ele>-4.4</ele><time>2026-03-23T05:40:39Z</time></trkpt><trkpt lat="22.29098666666666" lon="113.93161166666665"><ele>-4.7</ele><time>2026-03-23T05:40:41Z</time></trkpt><trkpt lat="22.291006666666664" lon="113.93162499999998"><ele>-4.7</ele><time>2026-03-23T05:40:43Z</time></trkpt><trkpt lat="22.29103" lon="113.93164166666665"><ele>-4.1</ele><time>2026-03-23T05:40:46Z</time></trkpt><trkpt lat="22.291051666666664" lon="113.93166000000001"><ele>-4.2</ele><time>2026-03-23T05:40:49Z</time></trkpt><trkpt lat="22.291053333333334" lon="113.93168833333333"><ele>-3.9000000000000004</ele><time>2026-03-23T05:40:52Z</time></trkpt><trkpt lat="22.291053333333334" lon="113.93171499999998"><ele>-3.7</ele><time>2026-03-23T05:40:54Z</time></trkpt><trkpt lat="22.29105666666667" lon="113.93174499999999"><ele>-3.4000000000000004</ele><time>2026-03-23T05:40:56Z</time></trkpt><trkpt lat="22.291053333333334" lon="113.93176666666668"><ele>-2.8000000000000003</ele><time>2026-03-23T05:40:59Z</time></trkpt><trkpt lat="22.291051666666664" lon="113.93178833333334"><ele>-2.5</ele><time>2026-03-23T05:41:01Z</time></trkpt><trkpt lat="22.291046666666663" lon="113.93181166666666"><ele>-2.5</ele><time>2026-03-23T05:41:03Z</time></trkpt><trkpt lat="22.291035000000004" lon="113.93183333333333"><ele>-2.3000000000000003</ele><time>2026-03-23T05:41:06Z</time></trkpt><trkpt lat="22.291015" lon="113.93184666666666"><ele>-2.1</ele><time>2026-03-23T05:41:08Z</time></trkpt><trkpt lat="22.290991666666667" lon="113.93185333333334"><ele>-2.2</ele><time>2026-03-23T05:41:10Z</time></trkpt><trkpt lat="22.29096666666667" lon="113.93186499999999"><ele>-2.5</ele><time>2026-03-23T05:41:13Z</time></trkpt><trkpt lat="22.29095" lon="113.931875"><ele>-2.6</ele><time>2026-03-23T05:41:15Z</time></trkpt><trkpt lat="22.290930000000003" lon="113.931885"><ele>-2.5</ele><time>2026-03-23T05:41:17Z</time></trkpt><trkpt lat="22.290911666666663" lon="113.93189833333332"><ele>-2.4000000000000004</ele><time>2026-03-23T05:41:20Z</time></trkpt><trkpt lat="22.290911666666663" lon="113.93192166666668"><ele>-2.0</ele><time>2026-03-23T05:41:24Z</time></trkpt><trkpt lat="22.290926666666664" lon="113.931945"><ele>-1.6</ele><time>2026-03-23T05:41:27Z</time></trkpt><trkpt lat="22.29094" lon="113.93197166666666"><ele>-1.3000000000000003</ele><time>2026-03-23T05:41:30Z</time></trkpt><trkpt lat="22.290946666666667" lon="113.93199333333332"><ele>-1.0000000000000002</ele><time>2026-03-23T05:41:32Z</time></trkpt><trkpt lat="22.290956666666663" lon="113.93201333333333"><ele>-0.8000000000000003</ele><time>2026-03-23T05:41:34Z</time></trkpt><trkpt lat="22.290975000000003" lon="113.93202333333332"><ele>-1.3000000000000003</ele><time>2026-03-23T05:41:37Z</time></trkpt><trkpt lat="22.290958333333332" lon="113.93204166666668"><ele>-0.10000000000000009</ele><time>2026-03-23T05:41:55Z</time></trkpt><trkpt lat="22.290948333333336" lon="113.93208333333332"><ele>1.4</ele><time>2026-03-23T05:42:26Z</time></trkpt><trkpt lat="22.29095333333333" lon="113.93210333333333"><ele>1.6999999999999997</ele><time>2026-03-23T05:42:28Z</time></trkpt><trkpt lat="22.290958333333332" lon="113.93212333333334"><ele>1.8999999999999995</ele><time>2026-03-23T05:42:30Z</time></trkpt><trkpt lat="22.290968333333332" lon="113.93214166666667"><ele>2.0999999999999996</ele><time>2026-03-23T05:42:32Z</time></trkpt><trkpt lat="22.290985" lon="113.93216"><ele>2.3999999999999995</ele><time>2026-03-23T05:42:35Z</time></trkpt><trkpt lat="22.291003333333332" lon="113.93216666666667"><ele>2.5</ele><time>2026-03-23T05:42:38Z</time></trkpt><trkpt lat="22.291024999999998" lon="113.93216499999998"><ele>2.7</ele><time>2026-03-23T05:42:42Z</time></trkpt><trkpt lat="22.291008333333334" lon="113.93218166666665"><ele>3.7</ele><time>2026-03-23T05:42:55Z</time></trkpt><trkpt lat="22.291003333333332" lon="113.93220333333332"><ele>3.5999999999999996</ele><time>2026-03-23T05:42:59Z</time></trkpt><trkpt lat="22.290995" lon="113.93222333333333"><ele>3.2</ele><time>2026-03-23T05:43:03Z</time></trkpt><trkpt lat="22.29095166666667" lon="113.93227166666665"><ele>2.2</ele><time>2026-03-23T05:44:16Z</time></trkpt><trkpt lat="22.290981666666667" lon="113.93229333333332"><ele>2.7</ele><time>2026-03-23T05:45:04Z</time></trkpt><trkpt lat="22.29099833333333" lon="113.93230666666665"><ele>2.5999999999999996</ele><time>2026-03-23T05:45:08Z</time></trkpt><trkpt lat="22.290981666666667" lon="113.93229333333332"><ele>1.0</ele><time>2026-03-23T05:46:18Z</time></trkpt><trkpt lat="22.290968333333332" lon="113.93227166666665"><ele>0.3999999999999999</ele><time>2026-03-23T05:46:22Z</time></trkpt><trkpt lat="22.290971666666664" lon="113.93224333333335"><ele>0.09999999999999964</ele><time>2026-03-23T05:46:25Z</time></trkpt><trkpt lat="22.290979999999998" lon="113.93221999999999"><ele>0.19999999999999973</ele><time>2026-03-23T05:46:27Z</time></trkpt><trkpt lat="22.290991666666667" lon="113.93219666666667"><ele>0.5</ele><time>2026-03-23T05:46:29Z</time></trkpt><trkpt lat="22.290990000000004" lon="113.93217333333332"><ele>0.7999999999999998</ele><time>2026-03-23T05:46:31Z</time></trkpt><trkpt lat="22.290971666666664" lon="113.93215166666666"><ele>1.0</ele><time>2026-03-23T05:46:34Z</time></trkpt><trkpt lat="22.290958333333332" lon="113.932125"><ele>0.8999999999999999</ele><time>2026-03-23T05:46:36Z</time></trkpt><trkpt lat="22.290960000000002" lon="113.93210166666668"><ele>0.5999999999999996</ele><time>2026-03-23T05:46:39Z</time></trkpt><trkpt lat="22.29097" lon="113.93207666666667"><ele>0.2999999999999998</ele><time>2026-03-23T05:46:42Z</time></trkpt><trkpt lat="22.29097" lon="113.93205166666667"><ele>-0.20000000000000018</ele><time>2026-03-23T05:46:45Z</time></trkpt><trkpt lat="22.290955" lon="113.93203333333334"><ele>-0.6000000000000001</ele><time>2026-03-23T05:46:47Z</time></trkpt><trkpt lat="22.29093833333333" lon="113.93201166666668"><ele>-0.8000000000000003</ele><time>2026-03-23T05:46:50Z</time></trkpt><trkpt lat="22.290918333333334" lon="113.93199333333332"><ele>-0.8000000000000003</ele><time>2026-03-23T05:46:52Z</time></trkpt><trkpt lat="22.290903333333336" lon="113.931975"><ele>-0.9000000000000001</ele><time>2026-03-23T05:46:54Z</time></trkpt><trkpt lat="22.29088166666667" lon="113.931965"><ele>-0.9000000000000001</ele><time>2026-03-23T05:46:56Z</time></trkpt><trkpt lat="22.290861666666668" lon="113.93196000000002"><ele>-0.8000000000000003</ele><time>2026-03-23T05:46:58Z</time></trkpt><trkpt lat="22.290840000000003" lon="113.93195833333333"><ele>-1.0000000000000002</ele><time>2026-03-23T05:47:00Z</time></trkpt><trkpt lat="22.290816666666668" lon="113.93195166666668"><ele>-1.3000000000000003</ele><time>2026-03-23T05:47:02Z</time></trkpt><trkpt lat="22.290796666666665" lon="113.93195499999999"><ele>-2.0</ele><time>2026-03-23T05:47:04Z</time></trkpt><trkpt lat="22.290778333333332" lon="113.93195499999999"><ele>-2.7</ele><time>2026-03-23T05:47:06Z</time></trkpt><trkpt lat="22.290756666666667" lon="113.93195166666668"><ele>-3.0</ele><time>2026-03-23T05:47:08Z</time></trkpt><trkpt lat="22.290738333333334" lon="113.93194833333334"><ele>-3.4000000000000004</ele><time>2026-03-23T05:47:10Z</time></trkpt><trkpt lat="22.290720000000004" lon="113.93194833333334"><ele>-3.7</ele><time>2026-03-23T05:47:12Z</time></trkpt><trkpt lat="22.2907" lon="113.93194666666668"><ele>-4.0</ele><time>2026-03-23T05:47:14Z</time></trkpt><trkpt lat="22.290681666666668" lon="113.93194166666666"><ele>-4.300000000000001</ele><time>2026-03-23T05:47:16Z</time></trkpt><trkpt lat="22.290661666666665" lon="113.931945"><ele>-4.4</ele><time>2026-03-23T05:47:24Z</time></trkpt><trkpt lat="22.290685" lon="113.931965"><ele>-4.6</ele><time>2026-03-23T05:47:34Z</time></trkpt><trkpt lat="22.290708333333335" lon="113.93195833333333"><ele>-4.7</ele><time>2026-03-23T05:47:37Z</time></trkpt><trkpt lat="22.290726666666668" lon="113.93196166666667"><ele>-4.7</ele><time>2026-03-23T05:47:41Z</time></trkpt><trkpt lat="22.29072833333333" lon="113.93194166666666"><ele>-5.1</ele><time>2026-03-23T05:47:45Z</time></trkpt><trkpt lat="22.29075833333333" lon="113.93195833333333"><ele>-0.20000000000000018</ele><time>2026-03-23T05:58:33Z</time></trkpt><trkpt lat="22.290771666666668" lon="113.93197333333335"><ele>-0.10000000000000009</ele><time>2026-03-23T05:58:35Z</time></trkpt><trkpt lat="22.29078" lon="113.93199166666666"><ele>-0.10000000000000009</ele><time>2026-03-23T05:58:37Z</time></trkpt><trkpt lat="22.29078" lon="113.93201166666668"><ele>-0.10000000000000009</ele><time>2026-03-23T05:58:39Z</time></trkpt><trkpt lat="22.29077666666667" lon="113.93203666666668"><ele>0.0</ele><time>2026-03-23T05:58:42Z</time></trkpt><trkpt lat="22.29077333333333" lon="113.932065"><ele>0.09999999999999964</ele><time>2026-03-23T05:58:45Z</time></trkpt><trkpt lat="22.290775" lon="113.932085"><ele>0.19999999999999973</ele><time>2026-03-23T05:58:48Z</time></trkpt><trkpt lat="22.290781666666664" lon="113.93211166666667"><ele>0.2999999999999998</ele><time>2026-03-23T05:58:51Z</time></trkpt><trkpt lat="22.290783333333334" lon="113.93213833333333"><ele>0.2999999999999998</ele><time>2026-03-23T05:58:53Z</time></trkpt><trkpt lat="22.290781666666664" lon="113.93216333333334"><ele>0.3999999999999999</ele><time>2026-03-23T05:58:56Z</time></trkpt><trkpt lat="22.290783333333334" lon="113.93218333333334"><ele>0.5</ele><time>2026-03-23T05:58:58Z</time></trkpt><trkpt lat="22.29079" lon="113.93220833333335"><ele>0.6999999999999997</ele><time>2026-03-23T05:59:01Z</time></trkpt><trkpt lat="22.290798333333335" lon="113.93222833333333"><ele>0.8999999999999999</ele><time>2026-03-23T05:59:03Z</time></trkpt><trkpt lat="22.290811666666666" lon="113.93224666666669"><ele>1.0</ele><time>2026-03-23T05:59:05Z</time></trkpt><trkpt lat="22.290826666666664" lon="113.93226333333332"><ele>1.1999999999999997</ele><time>2026-03-23T05:59:07Z</time></trkpt><trkpt lat="22.290851666666672" lon="113.93226833333334"><ele>1.5</ele><time>2026-03-23T05:59:10Z</time></trkpt><trkpt lat="22.290871666666664" lon="113.93227"><ele>1.6999999999999997</ele><time>2026-03-23T05:59:12Z</time></trkpt><trkpt lat="22.290891666666667" lon="113.93227333333334"><ele>1.7999999999999998</ele><time>2026-03-23T05:59:14Z</time></trkpt><trkpt lat="22.290913333333332" lon="113.93227999999999"><ele>2.0</ele><time>2026-03-23T05:59:17Z</time></trkpt><trkpt lat="22.290930000000003" lon="113.93229166666667"><ele>2.2</ele><time>2026-03-23T05:59:19Z</time></trkpt><trkpt lat="22.29095166666667" lon="113.93229666666666"><ele>2.3999999999999995</ele><time>2026-03-23T05:59:22Z</time></trkpt><trkpt lat="22.29097" lon="113.93228833333333"><ele>0.19999999999999973</ele><time>2026-03-23T05:59:52Z</time></trkpt><trkpt lat="22.290991666666667" lon="113.93229833333335"><ele>0.2999999999999998</ele><time>2026-03-23T05:59:55Z</time></trkpt><trkpt lat="22.291008333333334" lon="113.93230666666665"><ele>0.2999999999999998</ele><time>2026-03-23T05:59:57Z</time></trkpt><trkpt lat="22.29102833333333" lon="113.93232000000002"><ele>0.5</ele><time>2026-03-23T05:59:59Z</time></trkpt><trkpt lat="22.291050000000002" lon="113.932325"><ele>0.5</ele><time>2026-03-23T06:00:01Z</time></trkpt><trkpt lat="22.291068333333335" lon="113.93234666666667"><ele>0.3999999999999999</ele><time>2026-03-23T06:00:04Z</time></trkpt><trkpt lat="22.291085" lon="113.93235833333334"><ele>0.5</ele><time>2026-03-23T06:00:07Z</time></trkpt><trkpt lat="22.291103333333332" lon="113.93236833333334"><ele>0.5</ele><time>2026-03-23T06:00:13Z</time></trkpt><trkpt lat="22.29113" lon="113.932375"><ele>0.6999999999999997</ele><time>2026-03-23T06:00:15Z</time></trkpt><trkpt lat="22.291156666666666" lon="113.93238166666667"><ele>0.6999999999999997</ele><time>2026-03-23T06:00:17Z</time></trkpt><trkpt lat="22.291186666666665" lon="113.93237833333333"><ele>1.0999999999999996</ele><time>2026-03-23T06:00:19Z</time></trkpt><trkpt lat="22.291211666666662" lon="113.93238166666667"><ele>1.4</ele><time>2026-03-23T06:00:21Z</time></trkpt><trkpt lat="22.291233333333334" lon="113.93239833333334"><ele>1.7999999999999998</ele><time>2026-03-23T06:00:24Z</time></trkpt><trkpt lat="22.291248333333336" lon="113.93241000000002"><ele>3.0999999999999996</ele><time>2026-03-23T06:00:31Z</time></trkpt><trkpt lat="22.29123666666667" lon="113.93244000000001"><ele>3.0</ele><time>2026-03-23T06:00:42Z</time></trkpt><trkpt lat="22.29122333333333" lon="113.93246666666667"><ele>2.8999999999999995</ele><time>2026-03-23T06:00:45Z</time></trkpt><trkpt lat="22.29121" lon="113.93248666666665"><ele>2.8999999999999995</ele><time>2026-03-23T06:00:47Z</time></trkpt><trkpt lat="22.291198333333334" lon="113.93251333333335"><ele>2.8</ele><time>2026-03-23T06:00:49Z</time></trkpt><trkpt lat="22.29119166666667" lon="113.93253666666666"><ele>2.8999999999999995</ele><time>2026-03-23T06:00:51Z</time></trkpt><trkpt lat="22.291193333333332" lon="113.93256500000001"><ele>2.8999999999999995</ele><time>2026-03-23T06:00:53Z</time></trkpt><trkpt lat="22.291195000000002" lon="113.93258499999999"><ele>3.0999999999999996</ele><time>2026-03-23T06:00:55Z</time></trkpt><trkpt lat="22.291201666666666" lon="113.93260666666666"><ele>3.2</ele><time>2026-03-23T06:00:57Z</time></trkpt><trkpt lat="22.29121" lon="113.932625"><ele>3.5999999999999996</ele><time>2026-03-23T06:00:59Z</time></trkpt><trkpt lat="22.291211666666662" lon="113.93264666666667"><ele>4.1</ele><time>2026-03-23T06:01:01Z</time></trkpt><trkpt lat="22.291211666666662" lon="113.93267166666668"><ele>4.2</ele><time>2026-03-23T06:01:04Z</time></trkpt><trkpt lat="22.291203333333335" lon="113.93269000000001"><ele>4.3999999999999995</ele><time>2026-03-23T06:01:06Z</time></trkpt><trkpt lat="22.291196666666664" lon="113.93271333333333"><ele>4.6</ele><time>2026-03-23T06:01:08Z</time></trkpt><trkpt lat="22.291186666666665" lon="113.93272999999999"><ele>4.8999999999999995</ele><time>2026-03-23T06:01:10Z</time></trkpt><trkpt lat="22.29118" lon="113.93274833333335"><ele>4.8</ele><time>2026-03-23T06:01:12Z</time></trkpt><trkpt lat="22.291166666666662" lon="113.93277000000002"><ele>4.7</ele><time>2026-03-23T06:01:15Z</time></trkpt><trkpt lat="22.291161666666667" lon="113.93279"><ele>4.8</ele><time>2026-03-23T06:01:17Z</time></trkpt><trkpt lat="22.291170000000005" lon="113.93281"><ele>5.0</ele><time>2026-03-23T06:01:19Z</time></trkpt><trkpt lat="22.291168333333335" lon="113.93283666666666"><ele>5.1</ele><time>2026-03-23T06:01:22Z</time></trkpt><trkpt lat="22.291165" lon="113.93285833333333"><ele>5.1</ele><time>2026-03-23T06:01:24Z</time></trkpt><trkpt lat="22.291161666666667" lon="113.93288"><ele>5.1</ele><time>2026-03-23T06:01:26Z</time></trkpt><trkpt lat="22.291151666666664" lon="113.93290333333334"><ele>5.3</ele><time>2026-03-23T06:01:29Z</time></trkpt><trkpt lat="22.291143333333334" lon="113.93292166666667"><ele>5.3</ele><time>2026-03-23T06:01:31Z</time></trkpt><trkpt lat="22.291135" lon="113.93294833333333"><ele>5.2</ele><time>2026-03-23T06:01:33Z</time></trkpt><trkpt lat="22.291126666666667" lon="113.93297166666667"><ele>5.0</ele><time>2026-03-23T06:01:35Z</time></trkpt><trkpt lat="22.291125000000005" lon="113.93299833333334"><ele>4.8999999999999995</ele><time>2026-03-23T06:01:37Z</time></trkpt><trkpt lat="22.29113166666667" lon="113.933025"><ele>4.7</ele><time>2026-03-23T06:01:39Z</time></trkpt><trkpt lat="22.29113166666667" lon="113.933045"><ele>4.6</ele><time>2026-03-23T06:01:41Z</time></trkpt><trkpt lat="22.291116666666667" lon="113.93306666666668"><ele>4.5</ele><time>2026-03-23T06:01:44Z</time></trkpt><trkpt lat="22.291105" lon="113.93308666666665"><ele>4.1</ele><time>2026-03-23T06:01:47Z</time></trkpt><trkpt lat="22.291098333333334" lon="113.93310500000001"><ele>3.7</ele><time>2026-03-23T06:01:50Z</time></trkpt><trkpt lat="22.291091666666663" lon="113.93313500000001"><ele>3.3999999999999995</ele><time>2026-03-23T06:01:53Z</time></trkpt><trkpt lat="22.29109" lon="113.93316166666666"><ele>3.0999999999999996</ele><time>2026-03-23T06:01:55Z</time></trkpt><trkpt lat="22.291083333333336" lon="113.93318"><ele>2.8999999999999995</ele><time>2026-03-23T06:01:57Z</time></trkpt><trkpt lat="22.291075" lon="113.9332"><ele>2.7</ele><time>2026-03-23T06:01:59Z</time></trkpt><trkpt lat="22.291066666666666" lon="113.93322500000001"><ele>2.3999999999999995</ele><time>2026-03-23T06:02:02Z</time></trkpt><trkpt lat="22.291058333333332" lon="113.93324833333332"><ele>2.2</ele><time>2026-03-23T06:02:04Z</time></trkpt><trkpt lat="22.291054999999997" lon="113.93327333333333"><ele>2.0999999999999996</ele><time>2026-03-23T06:02:06Z</time></trkpt><trkpt lat="22.29105666666667" lon="113.93329666666665"><ele>1.6999999999999997</ele><time>2026-03-23T06:02:08Z</time></trkpt><trkpt lat="22.291046666666663" lon="113.93332000000001"><ele>1.2999999999999998</ele><time>2026-03-23T06:02:10Z</time></trkpt><trkpt lat="22.29104" lon="113.93334166666666"><ele>1.0</ele><time>2026-03-23T06:02:12Z</time></trkpt><trkpt lat="22.29103166666666" lon="113.93336666666667"><ele>0.5</ele><time>2026-03-23T06:02:15Z</time></trkpt><trkpt lat="22.291020000000003" lon="113.93338833333334"><ele>0.3999999999999999</ele><time>2026-03-23T06:02:18Z</time></trkpt><trkpt lat="22.291009999999996" lon="113.933415"><ele>0.6999999999999997</ele><time>2026-03-23T06:02:21Z</time></trkpt><trkpt lat="22.291005000000002" lon="113.93343833333331"><ele>0.8999999999999999</ele><time>2026-03-23T06:02:23Z</time></trkpt><trkpt lat="22.291008333333334" lon="113.93346166666667"><ele>0.8999999999999999</ele><time>2026-03-23T06:02:25Z</time></trkpt><trkpt lat="22.291001666666663" lon="113.93348666666667"><ele>0.7999999999999998</ele><time>2026-03-23T06:02:28Z</time></trkpt><trkpt lat="22.291001666666663" lon="113.93351499999999"><ele>0.7999999999999998</ele><time>2026-03-23T06:02:31Z</time></trkpt><trkpt lat="22.290993333333336" lon="113.93354333333333"><ele>0.5999999999999996</ele><time>2026-03-23T06:02:33Z</time></trkpt><trkpt lat="22.290988333333335" lon="113.933565"><ele>0.3999999999999999</ele><time>2026-03-23T06:02:35Z</time></trkpt><trkpt lat="22.290975000000003" lon="113.93359000000001"><ele>0.2999999999999998</ele><time>2026-03-23T06:02:38Z</time></trkpt><trkpt lat="22.29096666666667" lon="113.93360833333332"><ele>0.19999999999999973</ele><time>2026-03-23T06:02:40Z</time></trkpt><trkpt lat="22.290963333333334" lon="113.93363333333333"><ele>0.19999999999999973</ele><time>2026-03-23T06:02:42Z</time></trkpt><trkpt lat="22.290956666666663" lon="113.93365333333334"><ele>0.3999999999999999</ele><time>2026-03-23T06:02:44Z</time></trkpt><trkpt lat="22.29095166666667" lon="113.93367500000001"><ele>0.3999999999999999</ele><time>2026-03-23T06:02:46Z</time></trkpt><trkpt lat="22.29095" lon="113.93369499999999"><ele>0.3999999999999999</ele><time>2026-03-23T06:02:48Z</time></trkpt><trkpt lat="22.290948333333336" lon="113.93371499999999"><ele>0.3999999999999999</ele><time>2026-03-23T06:02:50Z</time></trkpt><trkpt lat="22.29094166666666" lon="113.93374333333334"><ele>0.19999999999999973</ele><time>2026-03-23T06:02:53Z</time></trkpt><trkpt lat="22.290933333333335" lon="113.93376666666667"><ele>-0.20000000000000018</ele><time>2026-03-23T06:02:56Z</time></trkpt><trkpt lat="22.290928333333333" lon="113.933795"><ele>-0.7000000000000002</ele><time>2026-03-23T06:03:00Z</time></trkpt><trkpt lat="22.290925" lon="113.93382166666667"><ele>-0.8000000000000003</ele><time>2026-03-23T06:03:03Z</time></trkpt><trkpt lat="22.290913333333332" lon="113.93384166666668"><ele>-0.9000000000000001</ele><time>2026-03-23T06:03:05Z</time></trkpt><trkpt lat="22.29090833333333" lon="113.93386333333335"><ele>-1.2000000000000002</ele><time>2026-03-23T06:03:07Z</time></trkpt><trkpt lat="22.290901666666667" lon="113.93389499999999"><ele>-0.8000000000000003</ele><time>2026-03-23T06:03:10Z</time></trkpt><trkpt lat="22.290906666666668" lon="113.93391500000001"><ele>-0.20000000000000018</ele><time>2026-03-23T06:03:12Z</time></trkpt><trkpt lat="22.290895" lon="113.93394166666667"><ele>0.5999999999999996</ele><time>2026-03-23T06:03:15Z</time></trkpt><trkpt lat="22.290891666666667" lon="113.93396166666668"><ele>1.0999999999999996</ele><time>2026-03-23T06:03:17Z</time></trkpt><trkpt lat="22.290885000000003" lon="113.93398666666666"><ele>1.0</ele><time>2026-03-23T06:03:20Z</time></trkpt><trkpt lat="22.290883333333333" lon="113.93400666666666"><ele>0.7999999999999998</ele><time>2026-03-23T06:03:22Z</time></trkpt><trkpt lat="22.29088" lon="113.93403333333332"><ele>0.3999999999999999</ele><time>2026-03-23T06:03:25Z</time></trkpt><trkpt lat="22.29087666666667" lon="113.93405499999999"><ele>-0.10000000000000009</ele><time>2026-03-23T06:03:28Z</time></trkpt><trkpt lat="22.29087" lon="113.93408"><ele>-0.40000000000000013</ele><time>2026-03-23T06:03:31Z</time></trkpt><trkpt lat="22.29086666666667" lon="113.9341"><ele>-0.6000000000000001</ele><time>2026-03-23T06:03:33Z</time></trkpt><trkpt lat="22.29086333333333" lon="113.93413000000001"><ele>-1.1</ele><time>2026-03-23T06:03:36Z</time></trkpt><trkpt lat="22.290855000000004" lon="113.93415833333331"><ele>-1.4000000000000001</ele><time>2026-03-23T06:03:38Z</time></trkpt><trkpt lat="22.290846666666667" lon="113.93418000000001"><ele>-1.7000000000000002</ele><time>2026-03-23T06:03:41Z</time></trkpt><trkpt lat="22.290838333333333" lon="113.93420166666668"><ele>-2.4000000000000004</ele><time>2026-03-23T06:03:44Z</time></trkpt><trkpt lat="22.29083166666667" lon="113.93423"><ele>-2.5</ele><time>2026-03-23T06:03:47Z</time></trkpt><trkpt lat="22.290828333333334" lon="113.93425166666665"><ele>-2.4000000000000004</ele><time>2026-03-23T06:03:49Z</time></trkpt><trkpt lat="22.29083333333333" lon="113.93427666666666"><ele>-1.9000000000000001</ele><time>2026-03-23T06:03:59Z</time></trkpt><trkpt lat="22.290826666666664" lon="113.93429499999999"><ele>-1.8000000000000003</ele><time>2026-03-23T06:04:01Z</time></trkpt><trkpt lat="22.29082" lon="113.93431333333335"><ele>-1.3000000000000003</ele><time>2026-03-23T06:04:03Z</time></trkpt><trkpt lat="22.290813333333336" lon="113.93434166666665"><ele>-0.8000000000000003</ele><time>2026-03-23T06:04:06Z</time></trkpt><trkpt lat="22.290801666666667" lon="113.93436333333332"><ele>0.0</ele><time>2026-03-23T06:04:09Z</time></trkpt><trkpt lat="22.29079166666667" lon="113.93439166666667"><ele>0.5999999999999996</ele><time>2026-03-23T06:04:12Z</time></trkpt><trkpt lat="22.29078666666667" lon="113.93441666666668"><ele>1.0</ele><time>2026-03-23T06:04:14Z</time></trkpt><trkpt lat="22.290781666666664" lon="113.93443833333335"><ele>1.5</ele><time>2026-03-23T06:04:16Z</time></trkpt><trkpt lat="22.29077666666667" lon="113.93445833333332"><ele>1.7999999999999998</ele><time>2026-03-23T06:04:18Z</time></trkpt><trkpt lat="22.29077" lon="113.93448333333332"><ele>2.2</ele><time>2026-03-23T06:04:20Z</time></trkpt><trkpt lat="22.290763333333334" lon="113.93450166666668"><ele>2.2</ele><time>2026-03-23T06:04:22Z</time></trkpt><trkpt lat="22.29075833333333" lon="113.93452666666666"><ele>2.3</ele><time>2026-03-23T06:04:25Z</time></trkpt><trkpt lat="22.290753333333335" lon="113.93455166666666"><ele>2.2</ele><time>2026-03-23T06:04:28Z</time></trkpt><trkpt lat="22.290748333333333" lon="113.93457333333332"><ele>2.3</ele><time>2026-03-23T06:04:30Z</time></trkpt><trkpt lat="22.29074166666667" lon="113.93459499999999"><ele>2.3999999999999995</ele><time>2026-03-23T06:04:33Z</time></trkpt><trkpt lat="22.290736666666664" lon="113.934615"><ele>2.2</ele><time>2026-03-23T06:04:36Z</time></trkpt><trkpt lat="22.29073166666667" lon="113.93463833333333"><ele>2.3999999999999995</ele><time>2026-03-23T06:04:39Z</time></trkpt><trkpt lat="22.290723333333336" lon="113.93466500000001"><ele>2.5999999999999996</ele><time>2026-03-23T06:04:41Z</time></trkpt><trkpt lat="22.290718333333334" lon="113.93469333333333"><ele>3.0</ele><time>2026-03-23T06:04:44Z</time></trkpt><trkpt lat="22.290715" lon="113.93471666666667"><ele>3.3999999999999995</ele><time>2026-03-23T06:04:46Z</time></trkpt><trkpt lat="22.290708333333335" lon="113.93474499999999"><ele>3.7</ele><time>2026-03-23T06:04:49Z</time></trkpt><trkpt lat="22.29069833333333" lon="113.93476666666666"><ele>3.8</ele><time>2026-03-23T06:04:51Z</time></trkpt><trkpt lat="22.290693333333333" lon="113.93479166666665"><ele>3.7</ele><time>2026-03-23T06:04:54Z</time></trkpt><trkpt lat="22.29069" lon="113.93481166666668"><ele>3.7</ele><time>2026-03-23T06:04:56Z</time></trkpt><trkpt lat="22.290685" lon="113.93483499999999"><ele>3.5999999999999996</ele><time>2026-03-23T06:04:58Z</time></trkpt><trkpt lat="22.290678333333336" lon="113.93486"><ele>3.7</ele><time>2026-03-23T06:05:01Z</time></trkpt><trkpt lat="22.290673333333334" lon="113.934885"><ele>3.7</ele><time>2026-03-23T06:05:03Z</time></trkpt><trkpt lat="22.29067" lon="113.93491"><ele>3.8</ele><time>2026-03-23T06:05:06Z</time></trkpt><trkpt lat="22.290663333333335" lon="113.93492999999998"><ele>3.8999999999999995</ele><time>2026-03-23T06:05:08Z</time></trkpt><trkpt lat="22.290664999999997" lon="113.93495166666668"><ele>3.5999999999999996</ele><time>2026-03-23T06:05:11Z</time></trkpt><trkpt lat="22.290661666666665" lon="113.934975"><ele>3.3</ele><time>2026-03-23T06:05:13Z</time></trkpt><trkpt lat="22.290655" lon="113.93499666666666"><ele>3.2</ele><time>2026-03-23T06:05:15Z</time></trkpt><trkpt lat="22.290649999999996" lon="113.93501666666667"><ele>3.0999999999999996</ele><time>2026-03-23T06:05:17Z</time></trkpt><trkpt lat="22.29064166666667" lon="113.93504333333334"><ele>2.8</ele><time>2026-03-23T06:05:19Z</time></trkpt><trkpt lat="22.290633333333336" lon="113.93507"><ele>2.5999999999999996</ele><time>2026-03-23T06:05:23Z</time></trkpt><trkpt lat="22.290625" lon="113.935095"><ele>2.5999999999999996</ele><time>2026-03-23T06:05:26Z</time></trkpt><trkpt lat="22.290621666666667" lon="113.93512666666666"><ele>1.8999999999999995</ele><time>2026-03-23T06:05:29Z</time></trkpt><trkpt lat="22.290616666666665" lon="113.93514833333332"><ele>1.2999999999999998</ele><time>2026-03-23T06:05:32Z</time></trkpt><trkpt lat="22.29061166666667" lon="113.93517166666668"><ele>0.8999999999999999</ele><time>2026-03-23T06:05:34Z</time></trkpt><trkpt lat="22.29060833333333" lon="113.93519833333333"><ele>0.5999999999999996</ele><time>2026-03-23T06:05:36Z</time></trkpt><trkpt lat="22.290601666666664" lon="113.93522499999999"><ele>0.19999999999999973</ele><time>2026-03-23T06:05:39Z</time></trkpt><trkpt lat="22.29059666666667" lon="113.935255"><ele>-0.40000000000000013</ele><time>2026-03-23T06:05:41Z</time></trkpt><trkpt lat="22.29059666666667" lon="113.93527666666665"><ele>-0.6000000000000001</ele><time>2026-03-23T06:05:43Z</time></trkpt><trkpt lat="22.290589999999998" lon="113.93530666666666"><ele>-1.2000000000000002</ele><time>2026-03-23T06:05:46Z</time></trkpt><trkpt lat="22.290588333333336" lon="113.93533166666666"><ele>-1.6</ele><time>2026-03-23T06:05:49Z</time></trkpt><trkpt lat="22.290583333333334" lon="113.93536333333334"><ele>-2.6</ele><time>2026-03-23T06:05:52Z</time></trkpt><trkpt lat="22.29058" lon="113.93539000000001"><ele>-3.2</ele><time>2026-03-23T06:05:55Z</time></trkpt><trkpt lat="22.290571666666665" lon="113.93540833333333"><ele>-3.8000000000000003</ele><time>2026-03-23T06:05:57Z</time></trkpt><trkpt lat="22.29056666666667" lon="113.93543166666664"><ele>-4.5</ele><time>2026-03-23T06:05:59Z</time></trkpt><trkpt lat="22.29056666666667" lon="113.93545666666665"><ele>-5.6</ele><time>2026-03-23T06:06:02Z</time></trkpt><trkpt lat="22.29056333333333" lon="113.93547666666667"><ele>-6.3</ele><time>2026-03-23T06:06:04Z</time></trkpt><trkpt lat="22.29056166666667" lon="113.93549999999999"><ele>-6.8</ele><time>2026-03-23T06:06:07Z</time></trkpt><trkpt lat="22.29055333333333" lon="113.93552"><ele>-7.1000000000000005</ele><time>2026-03-23T06:06:09Z</time></trkpt><trkpt lat="22.29055" lon="113.93554"><ele>-7.1000000000000005</ele><time>2026-03-23T06:06:11Z</time></trkpt><trkpt lat="22.290541666666666" lon="113.93556333333332"><ele>-7.2</ele><time>2026-03-23T06:06:14Z</time></trkpt><trkpt lat="22.29053666666667" lon="113.93558666666668"><ele>-7.2</ele><time>2026-03-23T06:06:16Z</time></trkpt><trkpt lat="22.290531666666666" lon="113.93561166666665"><ele>-6.8</ele><time>2026-03-23T06:06:19Z</time></trkpt><trkpt lat="22.290526666666665" lon="113.93563166666667"><ele>-6.5</ele><time>2026-03-23T06:06:21Z</time></trkpt><trkpt lat="22.290523333333333" lon="113.93565166666667"><ele>-6.4</ele><time>2026-03-23T06:06:23Z</time></trkpt><trkpt lat="22.290511666666664" lon="113.93567833333333"><ele>-5.9</ele><time>2026-03-23T06:06:26Z</time></trkpt><trkpt lat="22.29050833333333" lon="113.93570166666665"><ele>-6.0</ele><time>2026-03-23T06:06:28Z</time></trkpt><trkpt lat="22.29050833333333" lon="113.935735"><ele>-6.1</ele><time>2026-03-23T06:06:31Z</time></trkpt><trkpt lat="22.29050666666667" lon="113.93575666666666"><ele>-6.4</ele><time>2026-03-23T06:06:33Z</time></trkpt><trkpt lat="22.290501666666668" lon="113.93577833333332"><ele>-6.3</ele><time>2026-03-23T06:06:35Z</time></trkpt><trkpt lat="22.290496666666666" lon="113.93580500000002"><ele>-6.4</ele><time>2026-03-23T06:06:38Z</time></trkpt><trkpt lat="22.29048833333333" lon="113.93582833333333"><ele>-6.6000000000000005</ele><time>2026-03-23T06:06:40Z</time></trkpt><trkpt lat="22.290484999999997" lon="113.93585"><ele>-6.5</ele><time>2026-03-23T06:06:43Z</time></trkpt><trkpt lat="22.290478333333333" lon="113.93587000000001"><ele>-6.7</ele><time>2026-03-23T06:06:45Z</time></trkpt><trkpt lat="22.29047333333333" lon="113.93589333333333"><ele>-6.4</ele><time>2026-03-23T06:06:47Z</time></trkpt><trkpt lat="22.290466666666664" lon="113.93592333333332"><ele>-6.0</ele><time>2026-03-23T06:06:50Z</time></trkpt><trkpt lat="22.29046166666667" lon="113.93594333333334"><ele>-6.0</ele><time>2026-03-23T06:06:52Z</time></trkpt><trkpt lat="22.290453333333335" lon="113.93597166666665"><ele>-5.5</ele><time>2026-03-23T06:06:55Z</time></trkpt><trkpt lat="22.29044333333333" lon="113.93599"><ele>-5.5</ele><time>2026-03-23T06:06:57Z</time></trkpt><trkpt lat="22.290436666666665" lon="113.93600833333333"><ele>-5.4</ele><time>2026-03-23T06:06:59Z</time></trkpt><trkpt lat="22.290438333333334" lon="113.93603"><ele>-5.5</ele><time>2026-03-23T06:07:02Z</time></trkpt><trkpt lat="22.290433333333333" lon="113.93605333333335"><ele>-5.800000000000001</ele><time>2026-03-23T06:07:04Z</time></trkpt><trkpt lat="22.290433333333333" lon="113.93607333333333"><ele>-6.0</ele><time>2026-03-23T06:07:07Z</time></trkpt><trkpt lat="22.29042833333333" lon="113.936095"><ele>-6.3</ele><time>2026-03-23T06:07:09Z</time></trkpt><trkpt lat="22.29042666666667" lon="113.93611666666666"><ele>-6.8</ele><time>2026-03-23T06:07:12Z</time></trkpt><trkpt lat="22.29042" lon="113.93614333333335"><ele>-7.1000000000000005</ele><time>2026-03-23T06:07:15Z</time></trkpt><trkpt lat="22.29041333333333" lon="113.93616166666668"><ele>-7.3</ele><time>2026-03-23T06:07:17Z</time></trkpt><trkpt lat="22.290405000000003" lon="113.93618"><ele>-7.0</ele><time>2026-03-23T06:07:19Z</time></trkpt><trkpt lat="22.290396666666666" lon="113.93620666666666"><ele>-6.9</ele><time>2026-03-23T06:07:22Z</time></trkpt><trkpt lat="22.290388333333333" lon="113.93623166666666"><ele>-6.5</ele><time>2026-03-23T06:07:25Z</time></trkpt><trkpt lat="22.290379999999995" lon="113.93625500000002"><ele>-6.2</ele><time>2026-03-23T06:07:27Z</time></trkpt><trkpt lat="22.290376666666663" lon="113.93627666666667"><ele>-5.9</ele><time>2026-03-23T06:07:30Z</time></trkpt><trkpt lat="22.29037166666667" lon="113.93629666666666"><ele>-5.6</ele><time>2026-03-23T06:07:32Z</time></trkpt><trkpt lat="22.290363333333335" lon="113.93632000000001"><ele>-5.300000000000001</ele><time>2026-03-23T06:07:34Z</time></trkpt><trkpt lat="22.29035666666667" lon="113.93634833333333"><ele>-5.0</ele><time>2026-03-23T06:07:38Z</time></trkpt><trkpt lat="22.290353333333336" lon="113.93636833333333"><ele>-5.1</ele><time>2026-03-23T06:07:40Z</time></trkpt><trkpt lat="22.290348333333334" lon="113.93639499999999"><ele>-5.300000000000001</ele><time>2026-03-23T06:07:42Z</time></trkpt><trkpt lat="22.290343333333333" lon="113.93642"><ele>-5.300000000000001</ele><time>2026-03-23T06:07:45Z</time></trkpt><trkpt lat="22.29033666666667" lon="113.93643833333333"><ele>-5.1</ele><time>2026-03-23T06:07:47Z</time></trkpt><trkpt lat="22.29033" lon="113.93645999999998"><ele>-5.0</ele><time>2026-03-23T06:07:49Z</time></trkpt><trkpt lat="22.29032666666667" lon="113.93648166666665"><ele>-4.800000000000001</ele><time>2026-03-23T06:07:51Z</time></trkpt><trkpt lat="22.290319999999998" lon="113.93650333333332"><ele>-4.800000000000001</ele><time>2026-03-23T06:07:53Z</time></trkpt><trkpt lat="22.290313333333334" lon="113.93652666666667"><ele>-4.5</ele><time>2026-03-23T06:07:55Z</time></trkpt><trkpt lat="22.290306666666666" lon="113.93654833333333"><ele>-4.7</ele><time>2026-03-23T06:07:57Z</time></trkpt><trkpt lat="22.290300000000002" lon="113.93657"><ele>-4.4</ele><time>2026-03-23T06:07:59Z</time></trkpt><trkpt lat="22.290293333333338" lon="113.93658833333332"><ele>-4.4</ele><time>2026-03-23T06:08:01Z</time></trkpt><trkpt lat="22.290288333333333" lon="113.93660999999999"><ele>-4.5</ele><time>2026-03-23T06:08:03Z</time></trkpt><trkpt lat="22.29028333333333" lon="113.93663166666666"><ele>-4.5</ele><time>2026-03-23T06:08:05Z</time></trkpt><trkpt lat="22.290274999999998" lon="113.93665833333334"><ele>-4.1</ele><time>2026-03-23T06:08:08Z</time></trkpt><trkpt lat="22.290273333333335" lon="113.93668000000001"><ele>-4.2</ele><time>2026-03-23T06:08:10Z</time></trkpt><trkpt lat="22.290270000000003" lon="113.93669999999999"><ele>-4.300000000000001</ele><time>2026-03-23T06:08:12Z</time></trkpt><trkpt lat="22.290263333333336" lon="113.93672666666667"><ele>-3.9000000000000004</ele><time>2026-03-23T06:08:15Z</time></trkpt><trkpt lat="22.290256666666664" lon="113.936745"><ele>-3.8000000000000003</ele><time>2026-03-23T06:08:17Z</time></trkpt><trkpt lat="22.29025166666667" lon="113.93676500000001"><ele>-4.0</ele><time>2026-03-23T06:08:19Z</time></trkpt><trkpt lat="22.290244999999995" lon="113.936785"><ele>-3.9000000000000004</ele><time>2026-03-23T06:08:21Z</time></trkpt><trkpt lat="22.290235" lon="113.93680166666667"><ele>-3.7</ele><time>2026-03-23T06:08:23Z</time></trkpt><trkpt lat="22.29022166666667" lon="113.93681833333333"><ele>-3.6</ele><time>2026-03-23T06:08:25Z</time></trkpt><trkpt lat="22.290205" lon="113.93682833333332"><ele>-3.5</ele><time>2026-03-23T06:08:27Z</time></trkpt><trkpt lat="22.290181666666665" lon="113.936835"><ele>-3.4000000000000004</ele><time>2026-03-23T06:08:29Z</time></trkpt><trkpt lat="22.290163333333332" lon="113.93683666666666"><ele>-3.5</ele><time>2026-03-23T06:08:31Z</time></trkpt><trkpt lat="22.290141666666667" lon="113.93684499999999"><ele>-3.9000000000000004</ele><time>2026-03-23T06:08:34Z</time></trkpt><trkpt lat="22.290123333333334" lon="113.93685333333333"><ele>-4.1</ele><time>2026-03-23T06:08:36Z</time></trkpt><trkpt lat="22.290105" lon="113.93686333333332"><ele>-4.2</ele><time>2026-03-23T06:08:38Z</time></trkpt><trkpt lat="22.290088333333333" lon="113.936875"><ele>-4.2</ele><time>2026-03-23T06:08:40Z</time></trkpt><trkpt lat="22.290066666666668" lon="113.93688666666667"><ele>-4.7</ele><time>2026-03-23T06:08:43Z</time></trkpt><trkpt lat="22.290046666666665" lon="113.9369"><ele>-4.9</ele><time>2026-03-23T06:08:45Z</time></trkpt><trkpt lat="22.290033333333334" lon="113.93691500000001"><ele>-4.7</ele><time>2026-03-23T06:08:47Z</time></trkpt><trkpt lat="22.290016666666663" lon="113.93693833333333"><ele>-5.0</ele><time>2026-03-23T06:08:50Z</time></trkpt><trkpt lat="22.290001666666665" lon="113.93695833333335"><ele>-5.1</ele><time>2026-03-23T06:08:52Z</time></trkpt><trkpt lat="22.289985" lon="113.93697666666667"><ele>-5.1</ele><time>2026-03-23T06:08:54Z</time></trkpt><trkpt lat="22.28996666666667" lon="113.936995"><ele>-5.0</ele><time>2026-03-23T06:08:57Z</time></trkpt><trkpt lat="22.289953333333333" lon="113.93700833333332"><ele>-5.1</ele><time>2026-03-23T06:08:59Z</time></trkpt><trkpt lat="22.289933333333337" lon="113.93702166666665"><ele>-5.2</ele><time>2026-03-23T06:09:01Z</time></trkpt><trkpt lat="22.289916666666667" lon="113.93703333333333"><ele>-5.300000000000001</ele><time>2026-03-23T06:09:03Z</time></trkpt><trkpt lat="22.289899999999996" lon="113.93704666666666"><ele>-5.5</ele><time>2026-03-23T06:09:05Z</time></trkpt><trkpt lat="22.28988" lon="113.93705"><ele>-5.800000000000001</ele><time>2026-03-23T06:09:07Z</time></trkpt><trkpt lat="22.289854999999996" lon="113.93705166666665"><ele>-6.1</ele><time>2026-03-23T06:09:09Z</time></trkpt><trkpt lat="22.289835" lon="113.93705833333334"><ele>-6.3</ele><time>2026-03-23T06:09:11Z</time></trkpt><trkpt lat="22.28981666666667" lon="113.93706500000002"><ele>-6.5</ele><time>2026-03-23T06:09:13Z</time></trkpt><trkpt lat="22.289791666666662" lon="113.93706500000002"><ele>-6.6000000000000005</ele><time>2026-03-23T06:09:15Z</time></trkpt><trkpt lat="22.289765000000003" lon="113.93706333333333"><ele>-6.8</ele><time>2026-03-23T06:09:17Z</time></trkpt><trkpt lat="22.28974" lon="113.93706666666667"><ele>-7.0</ele><time>2026-03-23T06:09:20Z</time></trkpt><trkpt lat="22.28971166666667" lon="113.93707333333332"><ele>-7.2</ele><time>2026-03-23T06:09:23Z</time></trkpt><trkpt lat="22.289690000000004" lon="113.93707166666667"><ele>-7.4</ele><time>2026-03-23T06:09:25Z</time></trkpt><trkpt lat="22.28966666666667" lon="113.93707500000001"><ele>-7.7</ele><time>2026-03-23T06:09:28Z</time></trkpt><trkpt lat="22.289640000000002" lon="113.93708"><ele>-7.9</ele><time>2026-03-23T06:09:31Z</time></trkpt><trkpt lat="22.28962" lon="113.93708333333333"><ele>-7.9</ele><time>2026-03-23T06:09:33Z</time></trkpt><trkpt lat="22.289598333333334" lon="113.937085"><ele>-7.7</ele><time>2026-03-23T06:09:35Z</time></trkpt><trkpt lat="22.28957666666667" lon="113.93706333333333"><ele>-7.5</ele><time>2026-03-23T06:09:37Z</time></trkpt><trkpt lat="22.289550000000002" lon="113.93705833333334"><ele>-7.6000000000000005</ele><time>2026-03-23T06:09:39Z</time></trkpt><trkpt lat="22.28953333333333" lon="113.93706833333333"><ele>-7.4</ele><time>2026-03-23T06:09:41Z</time></trkpt><trkpt lat="22.289513333333336" lon="113.93707166666667"><ele>-7.3</ele><time>2026-03-23T06:09:43Z</time></trkpt><trkpt lat="22.289495000000002" lon="113.93707833333335"><ele>-7.7</ele><time>2026-03-23T06:09:45Z</time></trkpt><trkpt lat="22.289475" lon="113.937085"><ele>-7.7</ele><time>2026-03-23T06:09:48Z</time></trkpt><trkpt lat="22.289454999999997" lon="113.93708999999998"><ele>-7.5</ele><time>2026-03-23T06:09:50Z</time></trkpt><trkpt lat="22.28943" lon="113.93709333333332"><ele>-6.9</ele><time>2026-03-23T06:09:52Z</time></trkpt><trkpt lat="22.28941166666667" lon="113.93709666666668"><ele>-6.6000000000000005</ele><time>2026-03-23T06:09:54Z</time></trkpt><trkpt lat="22.289391666666667" lon="113.93710333333333"><ele>-6.3</ele><time>2026-03-23T06:09:56Z</time></trkpt><trkpt lat="22.28937" lon="113.93710666666666"><ele>-6.1</ele><time>2026-03-23T06:09:58Z</time></trkpt><trkpt lat="22.28935" lon="113.93711"><ele>-6.0</ele><time>2026-03-23T06:10:00Z</time></trkpt><trkpt lat="22.289328333333334" lon="113.93710666666666"><ele>-5.5</ele><time>2026-03-23T06:10:02Z</time></trkpt><trkpt lat="22.28930833333333" lon="113.93710333333333"><ele>-5.2</ele><time>2026-03-23T06:10:04Z</time></trkpt><trkpt lat="22.289286666666666" lon="113.93710833333334"><ele>-4.9</ele><time>2026-03-23T06:10:06Z</time></trkpt><trkpt lat="22.289265" lon="113.93710833333334"><ele>-4.7</ele><time>2026-03-23T06:10:08Z</time></trkpt><trkpt lat="22.28924833333333" lon="113.93711666666668"><ele>-5.0</ele><time>2026-03-23T06:10:10Z</time></trkpt><trkpt lat="22.289226666666664" lon="113.93712"><ele>-5.300000000000001</ele><time>2026-03-23T06:10:12Z</time></trkpt><trkpt lat="22.28920333333333" lon="113.93711499999999"><ele>-5.300000000000001</ele><time>2026-03-23T06:10:14Z</time></trkpt><trkpt lat="22.289178333333332" lon="113.93711166666665"><ele>-4.7</ele><time>2026-03-23T06:10:16Z</time></trkpt><trkpt lat="22.289154999999997" lon="113.93710833333334"><ele>-4.0</ele><time>2026-03-23T06:10:18Z</time></trkpt><trkpt lat="22.28913" lon="113.93710000000002"><ele>-3.9000000000000004</ele><time>2026-03-23T06:10:20Z</time></trkpt><trkpt lat="22.289106666666665" lon="113.93709833333332"><ele>-3.5</ele><time>2026-03-23T06:10:23Z</time></trkpt><trkpt lat="22.289088333333332" lon="113.93709500000001"><ele>-3.6</ele><time>2026-03-23T06:10:25Z</time></trkpt><trkpt lat="22.28907" lon="113.937085"><ele>-3.7</ele><time>2026-03-23T06:10:27Z</time></trkpt><trkpt lat="22.28905333333333" lon="113.93707666666666"><ele>-3.7</ele><time>2026-03-23T06:10:29Z</time></trkpt><trkpt lat="22.28904166666667" lon="113.93706166666668"><ele>-4.0</ele><time>2026-03-23T06:10:31Z</time></trkpt><trkpt lat="22.289035" lon="113.93703500000001"><ele>-3.6</ele><time>2026-03-23T06:10:33Z</time></trkpt><trkpt lat="22.289031666666666" lon="113.93699833333334"><ele>-3.2</ele><time>2026-03-23T06:10:35Z</time></trkpt><trkpt lat="22.28902666666667" lon="113.93697833333333"><ele>-2.9000000000000004</ele><time>2026-03-23T06:10:36Z</time></trkpt><trkpt lat="22.289025" lon="113.93695166666666"><ele>-2.6</ele><time>2026-03-23T06:10:38Z</time></trkpt><trkpt lat="22.28902666666667" lon="113.93692833333334"><ele>-2.1</ele><time>2026-03-23T06:10:41Z</time></trkpt><trkpt lat="22.28902666666667" lon="113.93690833333334"><ele>-1.8000000000000003</ele><time>2026-03-23T06:10:43Z</time></trkpt><trkpt lat="22.28902833333333" lon="113.93688333333333"><ele>-1.6</ele><time>2026-03-23T06:10:45Z</time></trkpt><trkpt lat="22.289030000000004" lon="113.93685333333333"><ele>-1.5000000000000002</ele><time>2026-03-23T06:10:47Z</time></trkpt><trkpt lat="22.289019999999997" lon="113.93682500000001"><ele>-0.9000000000000001</ele><time>2026-03-23T06:10:49Z</time></trkpt><trkpt lat="22.289016666666665" lon="113.93680333333332"><ele>-0.30000000000000027</ele><time>2026-03-23T06:10:51Z</time></trkpt><trkpt lat="22.289013333333333" lon="113.93678333333334"><ele>0.2999999999999998</ele><time>2026-03-23T06:10:53Z</time></trkpt><trkpt lat="22.28900833333333" lon="113.93675499999999"><ele>0.8999999999999999</ele><time>2026-03-23T06:10:56Z</time></trkpt><trkpt lat="22.289003333333334" lon="113.93673333333332"><ele>1.0999999999999996</ele><time>2026-03-23T06:10:58Z</time></trkpt><trkpt lat="22.288991666666668" lon="113.93671166666667"><ele>1.0</ele><time>2026-03-23T06:11:01Z</time></trkpt><trkpt lat="22.288976666666667" lon="113.93669166666665"><ele>0.8999999999999999</ele><time>2026-03-23T06:11:04Z</time></trkpt><trkpt lat="22.288959999999996" lon="113.93668333333332"><ele>0.8999999999999999</ele><time>2026-03-23T06:11:06Z</time></trkpt><trkpt lat="22.288941666666666" lon="113.93667833333332"><ele>1.0999999999999996</ele><time>2026-03-23T06:11:08Z</time></trkpt><trkpt lat="22.288925000000003" lon="113.93666833333333"><ele>1.4</ele><time>2026-03-23T06:11:10Z</time></trkpt><trkpt lat="22.28891" lon="113.93665666666666"><ele>1.6999999999999997</ele><time>2026-03-23T06:11:12Z</time></trkpt><trkpt lat="22.288911666666664" lon="113.936635"><ele>2.0999999999999996</ele><time>2026-03-23T06:11:16Z</time></trkpt><trkpt lat="22.28891666666667" lon="113.93660999999999"><ele>2.3</ele><time>2026-03-23T06:11:18Z</time></trkpt><trkpt lat="22.288914999999996" lon="113.93658833333332"><ele>2.3</ele><time>2026-03-23T06:11:20Z</time></trkpt><trkpt lat="22.28890333333333" lon="113.93656666666666"><ele>2.3999999999999995</ele><time>2026-03-23T06:11:23Z</time></trkpt><trkpt lat="22.288883333333334" lon="113.93655666666668"><ele>2.7</ele><time>2026-03-23T06:11:25Z</time></trkpt><trkpt lat="22.28886333333333" lon="113.93655333333332"><ele>3.0</ele><time>2026-03-23T06:11:27Z</time></trkpt><trkpt lat="22.288839999999997" lon="113.93656166666666"><ele>3.5999999999999996</ele><time>2026-03-23T06:11:30Z</time></trkpt><trkpt lat="22.28882" lon="113.936565"><ele>3.7</ele><time>2026-03-23T06:11:35Z</time></trkpt><trkpt lat="22.288794999999997" lon="113.93655333333332"><ele>3.7</ele><time>2026-03-23T06:11:38Z</time></trkpt><trkpt lat="22.28877166666667" lon="113.93654999999998"><ele>3.8</ele><time>2026-03-23T06:11:40Z</time></trkpt><trkpt lat="22.28874" lon="113.936545"><ele>3.8999999999999995</ele><time>2026-03-23T06:11:42Z</time></trkpt><trkpt lat="22.288715000000003" lon="113.93654333333333"><ele>3.8999999999999995</ele><time>2026-03-23T06:11:44Z</time></trkpt><trkpt lat="22.288693333333338" lon="113.93653833333335"><ele>4.0</ele><time>2026-03-23T06:11:46Z</time></trkpt><trkpt lat="22.288671666666666" lon="113.93653166666667"><ele>3.8999999999999995</ele><time>2026-03-23T06:11:48Z</time></trkpt><trkpt lat="22.288644999999995" lon="113.93653166666667"><ele>3.8</ele><time>2026-03-23T06:11:51Z</time></trkpt><trkpt lat="22.288621666666668" lon="113.93652500000002"><ele>3.7</ele><time>2026-03-23T06:11:54Z</time></trkpt><trkpt lat="22.28860166666667" lon="113.93650833333335"><ele>3.0999999999999996</ele><time>2026-03-23T06:11:57Z</time></trkpt><trkpt lat="22.288576666666668" lon="113.93650333333332"><ele>3.2</ele><time>2026-03-23T06:12:01Z</time></trkpt><trkpt lat="22.28859" lon="113.93651666666668"><ele>3.3999999999999995</ele><time>2026-03-23T06:12:04Z</time></trkpt><trkpt lat="22.28860166666667" lon="113.93653833333335"><ele>1.8999999999999995</ele><time>2026-03-23T06:12:06Z</time></trkpt><trkpt lat="22.288596666666663" lon="113.93651666666668"><ele>-0.7000000000000002</ele><time>2026-03-23T06:12:15Z</time></trkpt><trkpt lat="22.28857833333333" lon="113.93650666666666"><ele>-0.6000000000000001</ele><time>2026-03-23T06:12:18Z</time></trkpt><trkpt lat="22.288558333333338" lon="113.93649333333333"><ele>-0.30000000000000027</ele><time>2026-03-23T06:12:20Z</time></trkpt><trkpt lat="22.288536666666666" lon="113.93648166666665"><ele>-0.20000000000000018</ele><time>2026-03-23T06:12:22Z</time></trkpt><trkpt lat="22.288509999999995" lon="113.93647166666666"><ele>-0.20000000000000018</ele><time>2026-03-23T06:12:25Z</time></trkpt><trkpt lat="22.288528333333335" lon="113.93646833333332"><ele>-0.6000000000000001</ele><time>2026-03-23T06:12:29Z</time></trkpt><trkpt lat="22.28854666666667" lon="113.93647000000001"><ele>-0.8000000000000003</ele><time>2026-03-23T06:12:31Z</time></trkpt><trkpt lat="22.288524999999996" lon="113.93646166666667"><ele>-0.7000000000000002</ele><time>2026-03-23T06:12:36Z</time></trkpt><trkpt lat="22.28850166666667" lon="113.93645833333333"><ele>-0.5000000000000002</ele><time>2026-03-23T06:12:38Z</time></trkpt><trkpt lat="22.288478333333334" lon="113.93645333333333"><ele>-0.40000000000000013</ele><time>2026-03-23T06:12:40Z</time></trkpt><trkpt lat="22.28846" lon="113.93645"><ele>-0.40000000000000013</ele><time>2026-03-23T06:12:42Z</time></trkpt><trkpt lat="22.288436666666666" lon="113.93644166666667"><ele>-0.10000000000000009</ele><time>2026-03-23T06:12:44Z</time></trkpt><trkpt lat="22.288415" lon="113.93643166666668"><ele>0.19999999999999973</ele><time>2026-03-23T06:12:46Z</time></trkpt><trkpt lat="22.28839833333333" lon="113.93642333333334"><ele>0.2999999999999998</ele><time>2026-03-23T06:12:48Z</time></trkpt><trkpt lat="22.288374999999995" lon="113.936415"><ele>0.2999999999999998</ele><time>2026-03-23T06:12:50Z</time></trkpt><trkpt lat="22.288351666666667" lon="113.936415"><ele>0.5</ele><time>2026-03-23T06:12:53Z</time></trkpt><trkpt lat="22.288329999999995" lon="113.93640833333332"><ele>0.5999999999999996</ele><time>2026-03-23T06:12:56Z</time></trkpt><trkpt lat="22.288306666666667" lon="113.93639333333334"><ele>1.0999999999999996</ele><time>2026-03-23T06:12:59Z</time></trkpt><trkpt lat="22.288296666666664" lon="113.93637666666667"><ele>1.4</ele><time>2026-03-23T06:13:01Z</time></trkpt><trkpt lat="22.288286666666668" lon="113.93635666666665"><ele>1.4</ele><time>2026-03-23T06:13:04Z</time></trkpt><trkpt lat="22.28827833333333" lon="113.93633666666668"><ele>1.4</ele><time>2026-03-23T06:13:06Z</time></trkpt><trkpt lat="22.288266666666665" lon="113.93632166666666"><ele>1.5</ele><time>2026-03-23T06:13:08Z</time></trkpt><trkpt lat="22.288253333333333" lon="113.936295"><ele>1.0999999999999996</ele><time>2026-03-23T06:13:11Z</time></trkpt><trkpt lat="22.28824666666667" lon="113.93627333333333"><ele>0.8999999999999999</ele><time>2026-03-23T06:13:13Z</time></trkpt><trkpt lat="22.288226666666667" lon="113.93625500000002"><ele>0.8999999999999999</ele><time>2026-03-23T06:13:16Z</time></trkpt><trkpt lat="22.288213333333335" lon="113.936235"><ele>0.7999999999999998</ele><time>2026-03-23T06:13:18Z</time></trkpt><trkpt lat="22.288193333333332" lon="113.93621666666668"><ele>0.7999999999999998</ele><time>2026-03-23T06:13:21Z</time></trkpt><trkpt lat="22.288180000000004" lon="113.93620000000001"><ele>0.5999999999999996</ele><time>2026-03-23T06:13:23Z</time></trkpt><trkpt lat="22.288165000000003" lon="113.93618333333333"><ele>0.3999999999999999</ele><time>2026-03-23T06:13:25Z</time></trkpt><trkpt lat="22.288146666666663" lon="113.93616166666668"><ele>-0.10000000000000009</ele><time>2026-03-23T06:13:28Z</time></trkpt><trkpt lat="22.288135000000004" lon="113.93614333333335"><ele>-0.30000000000000027</ele><time>2026-03-23T06:13:30Z</time></trkpt><trkpt lat="22.288120000000003" lon="113.93612833333333"><ele>-0.6000000000000001</ele><time>2026-03-23T06:13:32Z</time></trkpt><trkpt lat="22.288101666666662" lon="113.93611666666666"><ele>-1.1</ele><time>2026-03-23T06:13:34Z</time></trkpt><trkpt lat="22.288088333333334" lon="113.93609333333333"><ele>-1.4000000000000001</ele><time>2026-03-23T06:13:36Z</time></trkpt><trkpt lat="22.28806833333333" lon="113.93607833333333"><ele>-2.0</ele><time>2026-03-23T06:13:39Z</time></trkpt><trkpt lat="22.288048333333336" lon="113.93606833333334"><ele>-2.6</ele><time>2026-03-23T06:13:41Z</time></trkpt><trkpt lat="22.288031666666665" lon="113.936055"><ele>-3.0</ele><time>2026-03-23T06:13:43Z</time></trkpt><trkpt lat="22.28800833333333" lon="113.93604166666667"><ele>-3.3000000000000003</ele><time>2026-03-23T06:13:46Z</time></trkpt><trkpt lat="22.28799333333333" lon="113.93602833333334"><ele>-3.4000000000000004</ele><time>2026-03-23T06:13:48Z</time></trkpt><trkpt lat="22.28797666666667" lon="113.93601166666667"><ele>-3.5</ele><time>2026-03-23T06:13:51Z</time></trkpt><trkpt lat="22.287958333333336" lon="113.93600999999998"><ele>-3.9000000000000004</ele><time>2026-03-23T06:13:53Z</time></trkpt><trkpt lat="22.287941666666665" lon="113.93599166666667"><ele>-4.1</ele><time>2026-03-23T06:13:55Z</time></trkpt><trkpt lat="22.287925000000005" lon="113.93597833333334"><ele>-4.6</ele><time>2026-03-23T06:13:58Z</time></trkpt><trkpt lat="22.287911666666666" lon="113.93595333333333"><ele>-4.9</ele><time>2026-03-23T06:14:01Z</time></trkpt><trkpt lat="22.287899999999997" lon="113.935935"><ele>-5.300000000000001</ele><time>2026-03-23T06:14:03Z</time></trkpt><trkpt lat="22.287885" lon="113.93591999999998"><ele>-5.5</ele><time>2026-03-23T06:14:05Z</time></trkpt><trkpt lat="22.287866666666666" lon="113.93590166666667"><ele>-5.7</ele><time>2026-03-23T06:14:07Z</time></trkpt><trkpt lat="22.287845" lon="113.93588333333334"><ele>-6.0</ele><time>2026-03-23T06:14:10Z</time></trkpt><trkpt lat="22.287835000000005" lon="113.935865"><ele>-6.0</ele><time>2026-03-23T06:14:12Z</time></trkpt><trkpt lat="22.287816666666664" lon="113.93584333333335"><ele>-5.9</ele><time>2026-03-23T06:14:15Z</time></trkpt><trkpt lat="22.2878" lon="113.93582666666667"><ele>-5.7</ele><time>2026-03-23T06:14:17Z</time></trkpt><trkpt lat="22.287781666666667" lon="113.93581"><ele>-5.1</ele><time>2026-03-23T06:14:20Z</time></trkpt><trkpt lat="22.287766666666666" lon="113.935795"><ele>-4.7</ele><time>2026-03-23T06:14:22Z</time></trkpt><trkpt lat="22.287748333333337" lon="113.93578000000001"><ele>-4.4</ele><time>2026-03-23T06:14:24Z</time></trkpt><trkpt lat="22.287734999999998" lon="113.93576666666668"><ele>-3.9000000000000004</ele><time>2026-03-23T06:14:26Z</time></trkpt><trkpt lat="22.287718333333334" lon="113.93575666666666"><ele>-3.7</ele><time>2026-03-23T06:14:28Z</time></trkpt><trkpt lat="22.28771" lon="113.93573333333333"><ele>-3.1</ele><time>2026-03-23T06:14:31Z</time></trkpt><trkpt lat="22.287695" lon="113.93571500000002"><ele>-3.0</ele><time>2026-03-23T06:14:33Z</time></trkpt><trkpt lat="22.287683333333334" lon="113.93569333333335"><ele>-2.8000000000000003</ele><time>2026-03-23T06:14:36Z</time></trkpt><trkpt lat="22.287670000000002" lon="113.93567499999999"><ele>-2.6</ele><time>2026-03-23T06:14:38Z</time></trkpt><trkpt lat="22.287658333333336" lon="113.93566000000001"><ele>-2.6</ele><time>2026-03-23T06:14:40Z</time></trkpt><trkpt lat="22.287646666666667" lon="113.93564166666665"><ele>-2.4000000000000004</ele><time>2026-03-23T06:14:42Z</time></trkpt><trkpt lat="22.287631666666666" lon="113.93561999999999"><ele>-2.2</ele><time>2026-03-23T06:14:44Z</time></trkpt><trkpt lat="22.287613333333336" lon="113.93560000000001"><ele>-1.9000000000000001</ele><time>2026-03-23T06:14:47Z</time></trkpt><trkpt lat="22.287598333333335" lon="113.93558333333334"><ele>-1.8000000000000003</ele><time>2026-03-23T06:14:49Z</time></trkpt><trkpt lat="22.28757666666667" lon="113.93556166666667"><ele>-1.6</ele><time>2026-03-23T06:14:52Z</time></trkpt><trkpt lat="22.28756" lon="113.93553666666666"><ele>-1.6</ele><time>2026-03-23T06:14:54Z</time></trkpt><trkpt lat="22.287551666666666" lon="113.93551833333335"><ele>-1.5000000000000002</ele><time>2026-03-23T06:14:56Z</time></trkpt><trkpt lat="22.287536666666664" lon="113.93549833333333"><ele>-1.2000000000000002</ele><time>2026-03-23T06:14:59Z</time></trkpt><trkpt lat="22.28751666666667" lon="113.93548333333335"><ele>-1.2000000000000002</ele><time>2026-03-23T06:15:01Z</time></trkpt><trkpt lat="22.2875" lon="113.93546333333333"><ele>-1.1</ele><time>2026-03-23T06:15:04Z</time></trkpt><trkpt lat="22.287488333333332" lon="113.93543833333334"><ele>-1.2000000000000002</ele><time>2026-03-23T06:15:06Z</time></trkpt><trkpt lat="22.28747333333333" lon="113.93542166666666"><ele>-1.1</ele><time>2026-03-23T06:15:08Z</time></trkpt><trkpt lat="22.287461666666665" lon="113.93540666666668"><ele>-1.0000000000000002</ele><time>2026-03-23T06:15:10Z</time></trkpt><trkpt lat="22.287445" lon="113.93538666666667"><ele>-0.8000000000000003</ele><time>2026-03-23T06:15:12Z</time></trkpt><trkpt lat="22.287433333333336" lon="113.93537166666668"><ele>-0.7000000000000002</ele><time>2026-03-23T06:15:14Z</time></trkpt><trkpt lat="22.287418333333335" lon="113.93535166666668"><ele>-0.6000000000000001</ele><time>2026-03-23T06:15:17Z</time></trkpt><trkpt lat="22.287401666666664" lon="113.93533666666666"><ele>-0.8000000000000003</ele><time>2026-03-23T06:15:19Z</time></trkpt><trkpt lat="22.28738" lon="113.93532166666667"><ele>-1.4000000000000001</ele><time>2026-03-23T06:15:22Z</time></trkpt><trkpt lat="22.287361666666666" lon="113.93530666666666"><ele>-1.9000000000000001</ele><time>2026-03-23T06:15:24Z</time></trkpt><trkpt lat="22.28733833333333" lon="113.93529500000001"><ele>-2.3000000000000003</ele><time>2026-03-23T06:15:27Z</time></trkpt><trkpt lat="22.28732" lon="113.93527666666665"><ele>-2.5</ele><time>2026-03-23T06:15:29Z</time></trkpt><trkpt lat="22.287305" lon="113.93526166666668"><ele>-3.1</ele><time>2026-03-23T06:15:31Z</time></trkpt><trkpt lat="22.287286666666667" lon="113.93525166666669"><ele>-3.5</ele><time>2026-03-23T06:15:34Z</time></trkpt><trkpt lat="22.287268333333333" lon="113.93524166666666"><ele>-4.0</ele><time>2026-03-23T06:15:36Z</time></trkpt><trkpt lat="22.287241666666667" lon="113.93524333333335"><ele>-4.6</ele><time>2026-03-23T06:15:39Z</time></trkpt><trkpt lat="22.28722" lon="113.935235"><ele>-4.9</ele><time>2026-03-23T06:15:41Z</time></trkpt><trkpt lat="22.287196666666667" lon="113.93523166666667"><ele>-5.300000000000001</ele><time>2026-03-23T06:15:44Z</time></trkpt><trkpt lat="22.287176666666664" lon="113.93522333333334"><ele>-5.6</ele><time>2026-03-23T06:15:46Z</time></trkpt><trkpt lat="22.287155" lon="113.935215"><ele>-5.7</ele><time>2026-03-23T06:15:48Z</time></trkpt><trkpt lat="22.287131666666664" lon="113.93520666666667"><ele>-6.1</ele><time>2026-03-23T06:15:51Z</time></trkpt><trkpt lat="22.287111666666668" lon="113.93520166666667"><ele>-6.3</ele><time>2026-03-23T06:15:53Z</time></trkpt><trkpt lat="22.28709333333334" lon="113.93519666666667"><ele>-6.5</ele><time>2026-03-23T06:15:55Z</time></trkpt><trkpt lat="22.287073333333336" lon="113.93518999999999"><ele>-6.6000000000000005</ele><time>2026-03-23T06:15:57Z</time></trkpt><trkpt lat="22.28705" lon="113.935185"><ele>-6.8</ele><time>2026-03-23T06:15:59Z</time></trkpt><trkpt lat="22.287028333333335" lon="113.93517833333333"><ele>-6.9</ele><time>2026-03-23T06:16:01Z</time></trkpt><trkpt lat="22.287003333333338" lon="113.93517500000002"><ele>-7.0</ele><time>2026-03-23T06:16:04Z</time></trkpt><trkpt lat="22.286981666666666" lon="113.935165"><ele>-7.0</ele><time>2026-03-23T06:16:06Z</time></trkpt><trkpt lat="22.286958333333338" lon="113.935155"><ele>-6.9</ele><time>2026-03-23T06:16:08Z</time></trkpt><trkpt lat="22.28693333333333" lon="113.93514666666667"><ele>-6.6000000000000005</ele><time>2026-03-23T06:16:11Z</time></trkpt><trkpt lat="22.286911666666665" lon="113.93513833333333"><ele>-6.6000000000000005</ele><time>2026-03-23T06:16:13Z</time></trkpt><trkpt lat="22.286894999999998" lon="113.93513"><ele>-6.6000000000000005</ele><time>2026-03-23T06:16:15Z</time></trkpt><trkpt lat="22.286876666666664" lon="113.935125"><ele>-5.9</ele><time>2026-03-23T06:16:17Z</time></trkpt><trkpt lat="22.28685666666667" lon="113.93510999999998"><ele>-5.4</ele><time>2026-03-23T06:16:19Z</time></trkpt><trkpt lat="22.286836666666666" lon="113.935095"><ele>-4.5</ele><time>2026-03-23T06:16:22Z</time></trkpt><trkpt lat="22.286818333333333" lon="113.93507333333334"><ele>-3.9000000000000004</ele><time>2026-03-23T06:16:25Z</time></trkpt><trkpt lat="22.286803333333335" lon="113.93506166666666"><ele>-3.7</ele><time>2026-03-23T06:16:27Z</time></trkpt><trkpt lat="22.286783333333332" lon="113.93504999999999"><ele>-3.8000000000000003</ele><time>2026-03-23T06:16:29Z</time></trkpt><trkpt lat="22.286761666666667" lon="113.93504166666668"><ele>-4.1</ele><time>2026-03-23T06:16:32Z</time></trkpt><trkpt lat="22.286744999999996" lon="113.93502333333332"><ele>-4.800000000000001</ele><time>2026-03-23T06:16:35Z</time></trkpt><trkpt lat="22.286731666666665" lon="113.93500666666665"><ele>-5.2</ele><time>2026-03-23T06:16:37Z</time></trkpt><trkpt lat="22.286715000000004" lon="113.93499166666668"><ele>-6.0</ele><time>2026-03-23T06:16:40Z</time></trkpt><trkpt lat="22.286701666666666" lon="113.93497166666666"><ele>-6.9</ele><time>2026-03-23T06:16:43Z</time></trkpt><trkpt lat="22.286685000000002" lon="113.93495499999999"><ele>-7.4</ele><time>2026-03-23T06:16:45Z</time></trkpt><trkpt lat="22.286666666666665" lon="113.93493833333332"><ele>-7.7</ele><time>2026-03-23T06:16:47Z</time></trkpt><trkpt lat="22.286648333333332" lon="113.93492499999999"><ele>-8.2</ele><time>2026-03-23T06:16:50Z</time></trkpt><trkpt lat="22.28663" lon="113.93491166666666"><ele>-8.5</ele><time>2026-03-23T06:16:52Z</time></trkpt><trkpt lat="22.286611666666666" lon="113.934895"><ele>-9.0</ele><time>2026-03-23T06:16:54Z</time></trkpt><trkpt lat="22.286596666666664" lon="113.93488166666666"><ele>-9.3</ele><time>2026-03-23T06:16:56Z</time></trkpt><trkpt lat="22.286580000000004" lon="113.93486666666668"><ele>-10.100000000000001</ele><time>2026-03-23T06:16:59Z</time></trkpt><trkpt lat="22.28655666666667" lon="113.93485166666666"><ele>-10.7</ele><time>2026-03-23T06:17:02Z</time></trkpt><trkpt lat="22.286535000000004" lon="113.93483999999998"><ele>-11.2</ele><time>2026-03-23T06:17:04Z</time></trkpt><trkpt lat="22.28651166666667" lon="113.93482999999999"><ele>-11.8</ele><time>2026-03-23T06:17:07Z</time></trkpt><trkpt lat="22.286490000000004" lon="113.934825"><ele>-12.100000000000001</ele><time>2026-03-23T06:17:09Z</time></trkpt><trkpt lat="22.286471666666664" lon="113.93481500000001"><ele>-12.5</ele><time>2026-03-23T06:17:11Z</time></trkpt><trkpt lat="22.286448333333336" lon="113.9348"><ele>-12.8</ele><time>2026-03-23T06:17:13Z</time></trkpt><trkpt lat="22.286430000000003" lon="113.934785"><ele>-12.8</ele><time>2026-03-23T06:17:15Z</time></trkpt><trkpt lat="22.286405" lon="113.93477666666668"><ele>-12.899999999999999</ele><time>2026-03-23T06:17:18Z</time></trkpt><trkpt lat="22.286385000000003" lon="113.93477333333334"><ele>-12.8</ele><time>2026-03-23T06:17:22Z</time></trkpt><trkpt lat="22.28636333333333" lon="113.93478166666667"><ele>-11.399999999999999</ele><time>2026-03-23T06:17:34Z</time></trkpt><trkpt lat="22.286338333333333" lon="113.93477833333333"><ele>-11.399999999999999</ele><time>2026-03-23T06:17:38Z</time></trkpt><trkpt lat="22.286316666666668" lon="113.934765"><ele>-11.7</ele><time>2026-03-23T06:17:41Z</time></trkpt><trkpt lat="22.286298333333335" lon="113.93475833333332"><ele>-11.399999999999999</ele><time>2026-03-23T06:17:44Z</time></trkpt><trkpt lat="22.286275" lon="113.93477166666668"><ele>-11.399999999999999</ele><time>2026-03-23T06:17:47Z</time></trkpt><trkpt lat="22.286254999999997" lon="113.934785"><ele>-11.3</ele><time>2026-03-23T06:17:49Z</time></trkpt><trkpt lat="22.286236666666664" lon="113.93479333333335"><ele>-11.2</ele><time>2026-03-23T06:17:51Z</time></trkpt><trkpt lat="22.286216666666665" lon="113.93480333333333"><ele>-11.0</ele><time>2026-03-23T06:17:54Z</time></trkpt><trkpt lat="22.2862" lon="113.93481166666668"><ele>-10.8</ele><time>2026-03-23T06:17:56Z</time></trkpt><trkpt lat="22.286179999999998" lon="113.93481333333332"><ele>-10.100000000000001</ele><time>2026-03-23T06:17:59Z</time></trkpt><trkpt lat="22.28615666666667" lon="113.93482"><ele>-10.0</ele><time>2026-03-23T06:18:05Z</time></trkpt><trkpt lat="22.28614" lon="113.93482833333334"><ele>-10.3</ele><time>2026-03-23T06:18:08Z</time></trkpt><trkpt lat="22.286161666666665" lon="113.93483499999999"><ele>-5.2</ele><time>2026-03-23T06:18:50Z</time></trkpt><trkpt lat="22.28614333333333" lon="113.934855"><ele>-5.2</ele><time>2026-03-23T06:18:53Z</time></trkpt><trkpt lat="22.286119999999997" lon="113.93487333333333"><ele>-5.4</ele><time>2026-03-23T06:18:56Z</time></trkpt><trkpt lat="22.2861" lon="113.934895"><ele>-5.6</ele><time>2026-03-23T06:18:58Z</time></trkpt><trkpt lat="22.286080000000002" lon="113.93490833333333"><ele>-5.7</ele><time>2026-03-23T06:19:00Z</time></trkpt><trkpt lat="22.286055" lon="113.93491333333334"><ele>-7.7</ele><time>2026-03-23T06:19:04Z</time></trkpt><trkpt lat="22.286038333333334" lon="113.93492499999999"><ele>-7.8</ele><time>2026-03-23T06:19:07Z</time></trkpt><trkpt lat="22.286023333333333" lon="113.93493833333332"><ele>-7.5</ele><time>2026-03-23T06:19:11Z</time></trkpt><trkpt lat="22.286005" lon="113.93495499999999"><ele>-7.3</ele><time>2026-03-23T06:19:15Z</time></trkpt><trkpt lat="22.285984999999997" lon="113.93496833333332"><ele>-7.0</ele><time>2026-03-23T06:19:18Z</time></trkpt><trkpt lat="22.285965" lon="113.93498999999998"><ele>-6.8</ele><time>2026-03-23T06:19:21Z</time></trkpt><trkpt lat="22.28594666666667" lon="113.93500666666665"><ele>-6.6000000000000005</ele><time>2026-03-23T06:19:24Z</time></trkpt><trkpt lat="22.285933333333332" lon="113.93502166666667"><ele>-6.4</ele><time>2026-03-23T06:19:26Z</time></trkpt><trkpt lat="22.28592" lon="113.935035"><ele>-6.2</ele><time>2026-03-23T06:19:28Z</time></trkpt><trkpt lat="22.285903333333334" lon="113.93505333333333"><ele>-6.2</ele><time>2026-03-23T06:19:30Z</time></trkpt><trkpt lat="22.28588166666667" lon="113.93507166666669"><ele>-5.9</ele><time>2026-03-23T06:19:33Z</time></trkpt><trkpt lat="22.28586833333333" lon="113.93508666666666"><ele>-5.800000000000001</ele><time>2026-03-23T06:19:35Z</time></trkpt><trkpt lat="22.285851666666666" lon="113.935105"><ele>-5.800000000000001</ele><time>2026-03-23T06:19:38Z</time></trkpt><trkpt lat="22.285833333333336" lon="113.93511666666667"><ele>-5.800000000000001</ele><time>2026-03-23T06:19:40Z</time></trkpt><trkpt lat="22.285813333333333" lon="113.93513666666668"><ele>-5.9</ele><time>2026-03-23T06:19:43Z</time></trkpt><trkpt lat="22.285798333333332" lon="113.93515166666666"><ele>-6.0</ele><time>2026-03-23T06:19:45Z</time></trkpt><trkpt lat="22.285788333333336" lon="113.93516833333334"><ele>-6.2</ele><time>2026-03-23T06:19:47Z</time></trkpt><trkpt lat="22.285774999999997" lon="113.935185"><ele>-6.3</ele><time>2026-03-23T06:19:49Z</time></trkpt><trkpt lat="22.285756666666664" lon="113.93519833333333"><ele>-6.3</ele><time>2026-03-23T06:19:51Z</time></trkpt><trkpt lat="22.28574" lon="113.93520833333332"><ele>-6.0</ele><time>2026-03-23T06:19:53Z</time></trkpt><trkpt lat="22.285723333333333" lon="113.93522"><ele>-5.6</ele><time>2026-03-23T06:19:55Z</time></trkpt><trkpt lat="22.28570333333333" lon="113.93522833333333"><ele>-5.7</ele><time>2026-03-23T06:19:57Z</time></trkpt><trkpt lat="22.285681666666665" lon="113.93522333333334"><ele>-6.0</ele><time>2026-03-23T06:20:00Z</time></trkpt><trkpt lat="22.28566166666667" lon="113.935215"><ele>-5.9</ele><time>2026-03-23T06:20:03Z</time></trkpt><trkpt lat="22.285639999999997" lon="113.93520666666667"><ele>-5.9</ele><time>2026-03-23T06:20:06Z</time></trkpt><trkpt lat="22.285621666666664" lon="113.935195"><ele>-6.0</ele><time>2026-03-23T06:20:09Z</time></trkpt><trkpt lat="22.28560166666667" lon="113.93518666666665"><ele>-6.1</ele><time>2026-03-23T06:20:12Z</time></trkpt><trkpt lat="22.285575" lon="113.93517833333333"><ele>-6.0</ele><time>2026-03-23T06:20:15Z</time></trkpt><trkpt lat="22.285553333333336" lon="113.93516999999999"><ele>-5.7</ele><time>2026-03-23T06:20:18Z</time></trkpt><trkpt lat="22.285546666666665" lon="113.93514833333332"><ele>-5.800000000000001</ele><time>2026-03-23T06:20:37Z</time></trkpt><trkpt lat="22.285528333333332" lon="113.93514666666667"><ele>-6.8</ele><time>2026-03-23T06:20:50Z</time></trkpt><trkpt lat="22.285508333333336" lon="113.935145"><ele>-7.2</ele><time>2026-03-23T06:20:52Z</time></trkpt><trkpt lat="22.285489999999996" lon="113.93514166666667"><ele>-7.2</ele><time>2026-03-23T06:20:54Z</time></trkpt><trkpt lat="22.285471666666663" lon="113.93513333333334"><ele>-7.0</ele><time>2026-03-23T06:20:56Z</time></trkpt><trkpt lat="22.285456666666665" lon="113.93512000000001"><ele>-6.3</ele><time>2026-03-23T06:20:59Z</time></trkpt><trkpt lat="22.28543833333333" lon="113.93512333333335"><ele>-5.300000000000001</ele><time>2026-03-23T06:21:06Z</time></trkpt><trkpt lat="22.28544833333334" lon="113.93509999999999"><ele>-3.4000000000000004</ele><time>2026-03-23T06:21:22Z</time></trkpt><trkpt lat="22.28546833333333" lon="113.93510333333333"><ele>-3.5</ele><time>2026-03-23T06:21:24Z</time></trkpt><trkpt lat="22.285485" lon="113.93511500000001"><ele>-4.1</ele><time>2026-03-23T06:21:29Z</time></trkpt><trkpt lat="22.28554166666667" lon="113.93511833333332"><ele>-6.5</ele><time>2026-03-23T06:22:06Z</time></trkpt><trkpt lat="22.285563333333336" lon="113.93513333333334"><ele>-6.5</ele><time>2026-03-23T06:22:13Z</time></trkpt><trkpt lat="22.285581666666666" lon="113.93515000000001"><ele>-6.2</ele><time>2026-03-23T06:22:16Z</time></trkpt><trkpt lat="22.285598333333336" lon="113.93516666666667"><ele>-5.6</ele><time>2026-03-23T06:22:20Z</time></trkpt><trkpt lat="22.285618333333332" lon="113.93517500000002"><ele>-5.0</ele><time>2026-03-23T06:22:24Z</time></trkpt><trkpt lat="22.285639999999997" lon="113.935185"><ele>-4.7</ele><time>2026-03-23T06:22:28Z</time></trkpt><trkpt lat="22.285658333333338" lon="113.93520666666667"><ele>-4.5</ele><time>2026-03-23T06:22:31Z</time></trkpt><trkpt lat="22.285666666666664" lon="113.93522499999999"><ele>-4.2</ele><time>2026-03-23T06:22:33Z</time></trkpt><trkpt lat="22.28565" lon="113.93523333333333"><ele>-4.2</ele><time>2026-03-23T06:22:35Z</time></trkpt><trkpt lat="22.28562833333334" lon="113.93523833333332"><ele>-4.300000000000001</ele><time>2026-03-23T06:22:37Z</time></trkpt><trkpt lat="22.285608333333336" lon="113.93524666666666"><ele>-4.6</ele><time>2026-03-23T06:22:40Z</time></trkpt><trkpt lat="22.285588333333333" lon="113.93525999999999"><ele>-5.1</ele><time>2026-03-23T06:22:43Z</time></trkpt><trkpt lat="22.28557166666667" lon="113.93527833333334"><ele>-5.800000000000001</ele><time>2026-03-23T06:22:45Z</time></trkpt><trkpt lat="22.28555666666667" lon="113.93529666666667"><ele>-6.1</ele><time>2026-03-23T06:22:47Z</time></trkpt><trkpt lat="22.28554" lon="113.93530833333334"><ele>-6.6000000000000005</ele><time>2026-03-23T06:22:49Z</time></trkpt><trkpt lat="22.285528333333332" lon="113.93532833333332"><ele>-5.800000000000001</ele><time>2026-03-23T06:22:52Z</time></trkpt><trkpt lat="22.28551333333333" lon="113.93534333333334"><ele>-6.5</ele><time>2026-03-23T06:22:59Z</time></trkpt><trkpt lat="22.28549333333334" lon="113.93535333333332"><ele>-5.800000000000001</ele><time>2026-03-23T06:23:02Z</time></trkpt><trkpt lat="22.285478333333337" lon="113.93536666666665"><ele>-5.9</ele><time>2026-03-23T06:23:05Z</time></trkpt><trkpt lat="22.285463333333336" lon="113.93538333333332"><ele>-5.9</ele><time>2026-03-23T06:23:07Z</time></trkpt><trkpt lat="22.285444999999996" lon="113.93539833333334"><ele>-6.2</ele><time>2026-03-23T06:23:09Z</time></trkpt><trkpt lat="22.285428333333336" lon="113.93541166666667"><ele>-6.7</ele><time>2026-03-23T06:23:11Z</time></trkpt><trkpt lat="22.285413333333334" lon="113.935425"><ele>-6.8</ele><time>2026-03-23T06:23:13Z</time></trkpt><trkpt lat="22.285401666666665" lon="113.93543999999999"><ele>-6.7</ele><time>2026-03-23T06:23:15Z</time></trkpt><trkpt lat="22.28538" lon="113.93545833333334"><ele>-6.5</ele><time>2026-03-23T06:23:18Z</time></trkpt><trkpt lat="22.28536166666667" lon="113.93547333333332"><ele>-6.7</ele><time>2026-03-23T06:23:20Z</time></trkpt><trkpt lat="22.28535" lon="113.93548833333334"><ele>-6.6000000000000005</ele><time>2026-03-23T06:23:22Z</time></trkpt><trkpt lat="22.28533333333333" lon="113.93550333333333"><ele>-6.4</ele><time>2026-03-23T06:23:24Z</time></trkpt><trkpt lat="22.28531666666667" lon="113.93551833333335"><ele>-6.3</ele><time>2026-03-23T06:23:26Z</time></trkpt><trkpt lat="22.285294999999998" lon="113.93553500000002"><ele>-6.3</ele><time>2026-03-23T06:23:29Z</time></trkpt><trkpt lat="22.285279999999997" lon="113.93554666666665"><ele>-6.4</ele><time>2026-03-23T06:23:31Z</time></trkpt><trkpt lat="22.28526" lon="113.93556333333332"><ele>-6.4</ele><time>2026-03-23T06:23:33Z</time></trkpt><trkpt lat="22.285238333333336" lon="113.93557333333335"><ele>-6.5</ele><time>2026-03-23T06:23:37Z</time></trkpt><trkpt lat="22.285225" lon="113.93558999999999"><ele>-6.0</ele><time>2026-03-23T06:23:40Z</time></trkpt><trkpt lat="22.285228333333333" lon="113.93561"><ele>-4.7</ele><time>2026-03-23T06:24:00Z</time></trkpt><trkpt lat="22.28516666666667" lon="113.93561833333334"><ele>-3.4000000000000004</ele><time>2026-03-23T06:24:32Z</time></trkpt><trkpt lat="22.285151666666668" lon="113.93563833333334"><ele>-3.2</ele><time>2026-03-23T06:24:36Z</time></trkpt><trkpt lat="22.28517" lon="113.935645"><ele>-3.4000000000000004</ele><time>2026-03-23T06:24:58Z</time></trkpt><trkpt lat="22.285146666666666" lon="113.93565500000001"><ele>-2.6</ele><time>2026-03-23T06:25:07Z</time></trkpt><trkpt lat="22.285128333333333" lon="113.93566000000001"><ele>-2.9000000000000004</ele><time>2026-03-23T06:25:09Z</time></trkpt><trkpt lat="22.28511" lon="113.93566000000001"><ele>-3.0</ele><time>2026-03-23T06:25:11Z</time></trkpt><trkpt lat="22.28509" lon="113.93567166666665"><ele>-3.4000000000000004</ele><time>2026-03-23T06:25:14Z</time></trkpt><trkpt lat="22.285070000000005" lon="113.93567499999999"><ele>-3.8000000000000003</ele><time>2026-03-23T06:25:17Z</time></trkpt><trkpt lat="22.285043333333338" lon="113.93566833333334"><ele>-3.6</ele><time>2026-03-23T06:25:20Z</time></trkpt><trkpt lat="22.285025000000005" lon="113.93566166666666"><ele>-3.7</ele><time>2026-03-23T06:25:22Z</time></trkpt><trkpt lat="22.284998333333338" lon="113.93569000000001"><ele>-0.30000000000000027</ele><time>2026-03-23T06:26:09Z</time></trkpt><trkpt lat="22.284980000000004" lon="113.93568666666667"><ele>-0.20000000000000018</ele><time>2026-03-23T06:26:11Z</time></trkpt><trkpt lat="22.284955" lon="113.93568166666667"><ele>0.0</ele><time>2026-03-23T06:26:14Z</time></trkpt><trkpt lat="22.28493" lon="113.93567999999999"><ele>0.19999999999999973</ele><time>2026-03-23T06:26:20Z</time></trkpt><trkpt lat="22.28493166666666" lon="113.93563166666667"><ele>1.1999999999999997</ele><time>2026-03-23T06:27:08Z</time></trkpt><trkpt lat="22.284946666666663" lon="113.93560166666666"><ele>1.0</ele><time>2026-03-23T06:27:10Z</time></trkpt><trkpt lat="22.284950000000002" lon="113.93557333333335"><ele>0.7999999999999998</ele><time>2026-03-23T06:27:12Z</time></trkpt><trkpt lat="22.284950000000002" lon="113.93553833333333"><ele>0.09999999999999964</ele><time>2026-03-23T06:27:14Z</time></trkpt><trkpt lat="22.284948333333332" lon="113.93551833333335"><ele>-0.5000000000000002</ele><time>2026-03-23T06:27:17Z</time></trkpt><trkpt lat="22.284946666666663" lon="113.93545"><ele>0.09999999999999964</ele><time>2026-03-23T06:27:37Z</time></trkpt><trkpt lat="22.28495666666667" lon="113.93542333333335"><ele>0.3999999999999999</ele><time>2026-03-23T06:27:40Z</time></trkpt><trkpt lat="22.284966666666666" lon="113.93540666666668"><ele>0.19999999999999973</ele><time>2026-03-23T06:27:42Z</time></trkpt><trkpt lat="22.28498833333333" lon="113.93538833333332"><ele>0.5</ele><time>2026-03-23T06:27:45Z</time></trkpt><trkpt lat="22.284995000000002" lon="113.93536666666665"><ele>0.3999999999999999</ele><time>2026-03-23T06:27:49Z</time></trkpt><trkpt lat="22.284968333333335" lon="113.93542333333335"><ele>-2.0</ele><time>2026-03-23T06:28:15Z</time></trkpt><trkpt lat="22.28495666666667" lon="113.93545"><ele>-1.6</ele><time>2026-03-23T06:28:18Z</time></trkpt><trkpt lat="22.284953333333338" lon="113.93547833333332"><ele>-1.6</ele><time>2026-03-23T06:28:21Z</time></trkpt><trkpt lat="22.284950000000002" lon="113.93549833333333"><ele>-1.7000000000000002</ele><time>2026-03-23T06:28:24Z</time></trkpt><trkpt lat="22.284951666666664" lon="113.935525"><ele>-1.4000000000000001</ele><time>2026-03-23T06:28:28Z</time></trkpt><trkpt lat="22.284936666666667" lon="113.93553666666666"><ele>-1.5000000000000002</ele><time>2026-03-23T06:28:32Z</time></trkpt><trkpt lat="22.284924999999998" lon="113.93555666666667"><ele>-2.0</ele><time>2026-03-23T06:28:35Z</time></trkpt><trkpt lat="22.28491" lon="113.93557666666666"><ele>-2.3000000000000003</ele><time>2026-03-23T06:28:37Z</time></trkpt><trkpt lat="22.28488666666666" lon="113.93560333333335"><ele>-2.5</ele><time>2026-03-23T06:28:39Z</time></trkpt><trkpt lat="22.284873333333334" lon="113.93562500000002"><ele>-2.9000000000000004</ele><time>2026-03-23T06:28:41Z</time></trkpt><trkpt lat="22.28485333333333" lon="113.93564333333333"><ele>-3.0</ele><time>2026-03-23T06:28:43Z</time></trkpt><trkpt lat="22.28483833333333" lon="113.93566000000001"><ele>-3.0</ele><time>2026-03-23T06:28:45Z</time></trkpt><trkpt lat="22.284823333333332" lon="113.93568833333332"><ele>-3.5</ele><time>2026-03-23T06:28:48Z</time></trkpt><trkpt lat="22.28481" lon="113.93570833333334"><ele>-3.7</ele><time>2026-03-23T06:28:51Z</time></trkpt><trkpt lat="22.28479666666666" lon="113.93573333333333"><ele>-3.9000000000000004</ele><time>2026-03-23T06:28:54Z</time></trkpt><trkpt lat="22.284783333333333" lon="113.93576"><ele>-4.0</ele><time>2026-03-23T06:28:57Z</time></trkpt><trkpt lat="22.28477" lon="113.93578000000001"><ele>-4.2</ele><time>2026-03-23T06:28:59Z</time></trkpt><trkpt lat="22.284756666666667" lon="113.93580166666668"><ele>-4.5</ele><time>2026-03-23T06:29:01Z</time></trkpt><trkpt lat="22.284746666666667" lon="113.93582166666666"><ele>-4.800000000000001</ele><time>2026-03-23T06:29:03Z</time></trkpt><trkpt lat="22.284741666666665" lon="113.93584166666666"><ele>-4.9</ele><time>2026-03-23T06:29:06Z</time></trkpt><trkpt lat="22.284723333333332" lon="113.93586166666667"><ele>-5.0</ele><time>2026-03-23T06:29:09Z</time></trkpt><trkpt lat="22.28470333333333" lon="113.93587666666666"><ele>-5.6</ele><time>2026-03-23T06:29:12Z</time></trkpt><trkpt lat="22.28468666666667" lon="113.93588666666668"><ele>-5.9</ele><time>2026-03-23T06:29:14Z</time></trkpt><trkpt lat="22.284663333333334" lon="113.93589166666668"><ele>-6.6000000000000005</ele><time>2026-03-23T06:29:17Z</time></trkpt><trkpt lat="22.284645" lon="113.93588666666668"><ele>-6.8</ele><time>2026-03-23T06:29:19Z</time></trkpt><trkpt lat="22.284623333333336" lon="113.93587833333335"><ele>-7.0</ele><time>2026-03-23T06:29:22Z</time></trkpt><trkpt lat="22.28459833333333" lon="113.93587000000001"><ele>-7.3</ele><time>2026-03-23T06:29:25Z</time></trkpt><trkpt lat="22.284576666666666" lon="113.935865"><ele>-7.5</ele><time>2026-03-23T06:29:28Z</time></trkpt><trkpt lat="22.28455666666667" lon="113.93585666666668"><ele>-7.5</ele><time>2026-03-23T06:29:31Z</time></trkpt><trkpt lat="22.284533333333336" lon="113.93585"><ele>-7.5</ele><time>2026-03-23T06:29:33Z</time></trkpt><trkpt lat="22.284505" lon="113.93584166666666"><ele>-7.5</ele><time>2026-03-23T06:29:35Z</time></trkpt><trkpt lat="22.284491666666668" lon="113.93582666666667"><ele>-7.4</ele><time>2026-03-23T06:29:37Z</time></trkpt><trkpt lat="22.284470000000002" lon="113.93581999999999"><ele>-7.1000000000000005</ele><time>2026-03-23T06:29:39Z</time></trkpt><trkpt lat="22.28445166666667" lon="113.93582833333333"><ele>-6.6000000000000005</ele><time>2026-03-23T06:29:41Z</time></trkpt><trkpt lat="22.28443333333333" lon="113.93583500000001"><ele>-4.6</ele><time>2026-03-23T06:29:46Z</time></trkpt><trkpt lat="22.284413333333337" lon="113.93583666666667"><ele>-4.2</ele><time>2026-03-23T06:29:51Z</time></trkpt><trkpt lat="22.284395000000004" lon="113.93584000000001"><ele>-4.300000000000001</ele><time>2026-03-23T06:29:53Z</time></trkpt><trkpt lat="22.284368333333337" lon="113.935845"><ele>-4.1</ele><time>2026-03-23T06:29:56Z</time></trkpt><trkpt lat="22.28434333333333" lon="113.93582666666667"><ele>-3.7</ele><time>2026-03-23T06:29:59Z</time></trkpt><trkpt lat="22.284321666666663" lon="113.93581999999999"><ele>-3.3000000000000003</ele><time>2026-03-23T06:30:01Z</time></trkpt><trkpt lat="22.284305000000003" lon="113.93580833333333"><ele>-2.9000000000000004</ele><time>2026-03-23T06:30:05Z</time></trkpt><trkpt lat="22.284315" lon="113.93582666666667"><ele>-1.8000000000000003</ele><time>2026-03-23T06:30:09Z</time></trkpt><trkpt lat="22.284303333333334" lon="113.93580166666668"><ele>-0.20000000000000018</ele><time>2026-03-23T06:30:16Z</time></trkpt><trkpt lat="22.28428333333333" lon="113.93578333333335"><ele>0.19999999999999973</ele><time>2026-03-23T06:30:18Z</time></trkpt><trkpt lat="22.28426833333333" lon="113.93576833333333"><ele>0.6999999999999997</ele><time>2026-03-23T06:30:20Z</time></trkpt><trkpt lat="22.284254999999998" lon="113.935755"><ele>1.0999999999999996</ele><time>2026-03-23T06:30:22Z</time></trkpt><trkpt lat="22.28424" lon="113.935735"><ele>1.5999999999999996</ele><time>2026-03-23T06:30:25Z</time></trkpt><trkpt lat="22.28422666666667" lon="113.93571666666666"><ele>2.2</ele><time>2026-03-23T06:30:28Z</time></trkpt><trkpt lat="22.284216666666666" lon="113.9357"><ele>2.5999999999999996</ele><time>2026-03-23T06:30:31Z</time></trkpt><trkpt lat="22.284200000000002" lon="113.935685"><ele>3.0</ele><time>2026-03-23T06:30:34Z</time></trkpt><trkpt lat="22.284174999999998" lon="113.93568333333333"><ele>3.5</ele><time>2026-03-23T06:30:38Z</time></trkpt><trkpt lat="22.28414" lon="113.935685"><ele>3.7</ele><time>2026-03-23T06:30:40Z</time></trkpt><trkpt lat="22.284114999999996" lon="113.93567999999999"><ele>3.8999999999999995</ele><time>2026-03-23T06:30:42Z</time></trkpt><trkpt lat="22.284098333333336" lon="113.935665"><ele>4.2</ele><time>2026-03-23T06:30:43Z</time></trkpt><trkpt lat="22.284080000000003" lon="113.93566833333334"><ele>4.5</ele><time>2026-03-23T06:30:44Z</time></trkpt><trkpt lat="22.284056666666668" lon="113.93565833333332"><ele>4.7</ele><time>2026-03-23T06:30:46Z</time></trkpt><trkpt lat="22.284045" lon="113.93564333333333"><ele>4.8</ele><time>2026-03-23T06:30:47Z</time></trkpt><trkpt lat="22.284023333333334" lon="113.935615"><ele>5.1</ele><time>2026-03-23T06:30:49Z</time></trkpt><trkpt lat="22.284" lon="113.93561"><ele>5.3</ele><time>2026-03-23T06:30:51Z</time></trkpt><trkpt lat="22.283973333333332" lon="113.93560666666666"><ele>5.3</ele><time>2026-03-23T06:30:53Z</time></trkpt><trkpt lat="22.283945000000003" lon="113.93561"><ele>5.3999999999999995</ele><time>2026-03-23T06:30:55Z</time></trkpt><trkpt lat="22.28393" lon="113.93562166666668"><ele>5.3</ele><time>2026-03-23T06:30:57Z</time></trkpt><trkpt lat="22.283921666666668" lon="113.935645"><ele>5.3</ele><time>2026-03-23T06:31:00Z</time></trkpt><trkpt lat="22.283903333333335" lon="113.93564833333333"><ele>4.3</ele><time>2026-03-23T06:31:21Z</time></trkpt><trkpt lat="22.283886666666664" lon="113.93565833333332"><ele>3.7</ele><time>2026-03-23T06:31:26Z</time></trkpt><trkpt lat="22.28386666666667" lon="113.93566833333334"><ele>4.1</ele><time>2026-03-23T06:31:29Z</time></trkpt><trkpt lat="22.283846666666665" lon="113.93567499999999"><ele>4.7</ele><time>2026-03-23T06:31:33Z</time></trkpt><trkpt lat="22.283826666666663" lon="113.93567166666665"><ele>5.0</ele><time>2026-03-23T06:31:36Z</time></trkpt><trkpt lat="22.283808333333333" lon="113.93566333333335"><ele>5.3</ele><time>2026-03-23T06:31:38Z</time></trkpt><trkpt lat="22.28379" lon="113.93566000000001"><ele>5.6</ele><time>2026-03-23T06:31:40Z</time></trkpt><trkpt lat="22.283765000000002" lon="113.93565500000001"><ele>6.2</ele><time>2026-03-23T06:31:43Z</time></trkpt><trkpt lat="22.283745" lon="113.93565833333332"><ele>6.8999999999999995</ele><time>2026-03-23T06:31:45Z</time></trkpt><trkpt lat="22.283720000000002" lon="113.93566666666666"><ele>7.3999999999999995</ele><time>2026-03-23T06:31:47Z</time></trkpt><trkpt lat="22.2837" lon="113.93566000000001"><ele>7.6000000000000005</ele><time>2026-03-23T06:31:51Z</time></trkpt><trkpt lat="22.28369" lon="113.93563999999999"><ele>7.7</ele><time>2026-03-23T06:31:56Z</time></trkpt><trkpt lat="22.28367166666667" lon="113.93562166666668"><ele>7.6000000000000005</ele><time>2026-03-23T06:31:58Z</time></trkpt><trkpt lat="22.283653333333337" lon="113.93561166666665"><ele>7.7</ele><time>2026-03-23T06:32:00Z</time></trkpt><trkpt lat="22.283634999999997" lon="113.93560166666666"><ele>7.8</ele><time>2026-03-23T06:32:03Z</time></trkpt><trkpt lat="22.28362666666667" lon="113.93557833333334"><ele>7.1000000000000005</ele><time>2026-03-23T06:32:06Z</time></trkpt><trkpt lat="22.283618333333333" lon="113.93555833333333"><ele>6.499999999999999</ele><time>2026-03-23T06:32:08Z</time></trkpt><trkpt lat="22.283608333333337" lon="113.93553333333332"><ele>5.2</ele><time>2026-03-23T06:32:11Z</time></trkpt><trkpt lat="22.283604999999998" lon="113.93551333333335"><ele>4.3</ele><time>2026-03-23T06:32:13Z</time></trkpt><trkpt lat="22.283601666666662" lon="113.93549"><ele>3.5999999999999996</ele><time>2026-03-23T06:32:16Z</time></trkpt><trkpt lat="22.283590000000004" lon="113.93547500000001"><ele>3.2</ele><time>2026-03-23T06:32:20Z</time></trkpt><trkpt lat="22.283578333333335" lon="113.93545666666665"><ele>3.2</ele><time>2026-03-23T06:32:33Z</time></trkpt><trkpt lat="22.283563333333337" lon="113.93543999999999"><ele>3.0</ele><time>2026-03-23T06:32:35Z</time></trkpt><trkpt lat="22.28355333333333" lon="113.93542000000001"><ele>2.8999999999999995</ele><time>2026-03-23T06:32:38Z</time></trkpt><trkpt lat="22.283549999999998" lon="113.93539833333334"><ele>2.8</ele><time>2026-03-23T06:32:47Z</time></trkpt><trkpt lat="22.283545000000004" lon="113.93537833333333"><ele>2.5</ele><time>2026-03-23T06:32:51Z</time></trkpt><trkpt lat="22.283543333333334" lon="113.93535666666666"><ele>2.3999999999999995</ele><time>2026-03-23T06:32:54Z</time></trkpt><trkpt lat="22.283534999999997" lon="113.93533333333335"><ele>2.2</ele><time>2026-03-23T06:32:56Z</time></trkpt><trkpt lat="22.28352166666667" lon="113.93531999999999"><ele>2.3</ele><time>2026-03-23T06:32:59Z</time></trkpt><trkpt lat="22.283511666666662" lon="113.93530333333335"><ele>3.2</ele><time>2026-03-23T06:33:04Z</time></trkpt><trkpt lat="22.283503333333336" lon="113.935275"><ele>3.0</ele><time>2026-03-23T06:33:09Z</time></trkpt><trkpt lat="22.283496666666665" lon="113.93525"><ele>2.8999999999999995</ele><time>2026-03-23T06:33:11Z</time></trkpt><trkpt lat="22.283495000000002" lon="113.93522666666668"><ele>3.0</ele><time>2026-03-23T06:33:14Z</time></trkpt><trkpt lat="22.283488333333334" lon="113.93520666666667"><ele>3.0</ele><time>2026-03-23T06:33:16Z</time></trkpt><trkpt lat="22.28348" lon="113.935185"><ele>3.0999999999999996</ele><time>2026-03-23T06:33:18Z</time></trkpt><trkpt lat="22.283475" lon="113.93516333333334"><ele>3.0999999999999996</ele><time>2026-03-23T06:33:20Z</time></trkpt><trkpt lat="22.283473333333337" lon="113.93513999999999"><ele>2.7</ele><time>2026-03-23T06:33:22Z</time></trkpt><trkpt lat="22.283483333333333" lon="113.93511833333332"><ele>2.5</ele><time>2026-03-23T06:33:25Z</time></trkpt><trkpt lat="22.283483333333333" lon="113.93509333333334"><ele>2.3999999999999995</ele><time>2026-03-23T06:33:27Z</time></trkpt><trkpt lat="22.28347833333333" lon="113.93506333333335"><ele>2.0</ele><time>2026-03-23T06:33:29Z</time></trkpt><trkpt lat="22.283465" lon="113.93504"><ele>1.5</ele><time>2026-03-23T06:33:32Z</time></trkpt><trkpt lat="22.283450000000002" lon="113.93502333333332"><ele>1.2999999999999998</ele><time>2026-03-23T06:33:35Z</time></trkpt><trkpt lat="22.283435" lon="113.93500333333334"><ele>1.4</ele><time>2026-03-23T06:33:37Z</time></trkpt><trkpt lat="22.283426666666667" lon="113.93498333333334"><ele>1.7999999999999998</ele><time>2026-03-23T06:33:40Z</time></trkpt><trkpt lat="22.28343" lon="113.93496166666667"><ele>1.7999999999999998</ele><time>2026-03-23T06:33:42Z</time></trkpt><trkpt lat="22.283421666666662" lon="113.93494166666666"><ele>1.6999999999999997</ele><time>2026-03-23T06:33:44Z</time></trkpt><trkpt lat="22.283408333333334" lon="113.93492166666668"><ele>1.0999999999999996</ele><time>2026-03-23T06:33:47Z</time></trkpt><trkpt lat="22.283396666666665" lon="113.93490500000001"><ele>1.0</ele><time>2026-03-23T06:33:49Z</time></trkpt><trkpt lat="22.28338833333333" lon="113.93488333333335"><ele>0.8999999999999999</ele><time>2026-03-23T06:33:51Z</time></trkpt><trkpt lat="22.28337333333333" lon="113.93486"><ele>0.5</ele><time>2026-03-23T06:33:54Z</time></trkpt><trkpt lat="22.283348333333333" lon="113.93484666666667"><ele>0.19999999999999973</ele><time>2026-03-23T06:33:56Z</time></trkpt><trkpt lat="22.28333" lon="113.93483499999999"><ele>-0.10000000000000009</ele><time>2026-03-23T06:33:58Z</time></trkpt><trkpt lat="22.283313333333332" lon="113.93482666666665"><ele>-0.40000000000000013</ele><time>2026-03-23T06:34:00Z</time></trkpt><trkpt lat="22.2833" lon="113.93480833333334"><ele>-0.7000000000000002</ele><time>2026-03-23T06:34:02Z</time></trkpt><trkpt lat="22.283288333333335" lon="113.93477999999999"><ele>-0.7000000000000002</ele><time>2026-03-23T06:34:04Z</time></trkpt><trkpt lat="22.28328333333333" lon="113.93475500000001"><ele>-0.9000000000000001</ele><time>2026-03-23T06:34:06Z</time></trkpt><trkpt lat="22.283276666666666" lon="113.93472833333333"><ele>-1.1</ele><time>2026-03-23T06:34:09Z</time></trkpt><trkpt lat="22.283268333333332" lon="113.93470166666665"><ele>-1.2000000000000002</ele><time>2026-03-23T06:34:11Z</time></trkpt><trkpt lat="22.28326666666667" lon="113.93468"><ele>-1.8000000000000003</ele><time>2026-03-23T06:34:14Z</time></trkpt><trkpt lat="22.283255" lon="113.93466333333332"><ele>-1.8000000000000003</ele><time>2026-03-23T06:34:21Z</time></trkpt><trkpt lat="22.28325" lon="113.93463666666666"><ele>-1.2000000000000002</ele><time>2026-03-23T06:34:26Z</time></trkpt><trkpt lat="22.283260000000002" lon="113.93461333333335"><ele>-2.0</ele><time>2026-03-23T06:34:29Z</time></trkpt><trkpt lat="22.283278333333335" lon="113.93459833333333"><ele>-2.6</ele><time>2026-03-23T06:34:32Z</time></trkpt><trkpt lat="22.28329833333333" lon="113.93459"><ele>-2.8000000000000003</ele><time>2026-03-23T06:34:34Z</time></trkpt><trkpt lat="22.283318333333334" lon="113.934585"><ele>-2.9000000000000004</ele><time>2026-03-23T06:34:36Z</time></trkpt><trkpt lat="22.283345" lon="113.93458000000001"><ele>-2.9000000000000004</ele><time>2026-03-23T06:34:38Z</time></trkpt><trkpt lat="22.283366666666666" lon="113.93457833333332"><ele>-3.0</ele><time>2026-03-23T06:34:40Z</time></trkpt><trkpt lat="22.28339" lon="113.93457333333332"><ele>-3.4000000000000004</ele><time>2026-03-23T06:34:43Z</time></trkpt><trkpt lat="22.283406666666664" lon="113.93454666666666"><ele>-3.6</ele><time>2026-03-23T06:34:46Z</time></trkpt><trkpt lat="22.28342" lon="113.93452166666665"><ele>-3.7</ele><time>2026-03-23T06:34:48Z</time></trkpt><trkpt lat="22.28343166666667" lon="113.93449833333334"><ele>-3.6</ele><time>2026-03-23T06:34:50Z</time></trkpt><trkpt lat="22.283443333333334" lon="113.93447666666667"><ele>-3.9000000000000004</ele><time>2026-03-23T06:34:52Z</time></trkpt><trkpt lat="22.283450000000002" lon="113.93445166666667"><ele>-4.2</ele><time>2026-03-23T06:34:54Z</time></trkpt><trkpt lat="22.283459999999998" lon="113.93442666666667"><ele>-4.5</ele><time>2026-03-23T06:34:56Z</time></trkpt><trkpt lat="22.283468333333335" lon="113.93440333333335"><ele>-4.6</ele><time>2026-03-23T06:34:59Z</time></trkpt><trkpt lat="22.283468333333335" lon="113.93438166666668"><ele>-4.6</ele><time>2026-03-23T06:35:01Z</time></trkpt><trkpt lat="22.283466666666662" lon="113.934355"><ele>-5.0</ele><time>2026-03-23T06:35:03Z</time></trkpt><trkpt lat="22.283468333333335" lon="113.93432833333333"><ele>-5.5</ele><time>2026-03-23T06:35:05Z</time></trkpt><trkpt lat="22.283470000000005" lon="113.93430500000001"><ele>-5.800000000000001</ele><time>2026-03-23T06:35:08Z</time></trkpt><trkpt lat="22.283473333333337" lon="113.93428333333334"><ele>-5.800000000000001</ele><time>2026-03-23T06:35:10Z</time></trkpt><trkpt lat="22.28348" lon="113.93426333333333"><ele>-5.800000000000001</ele><time>2026-03-23T06:35:12Z</time></trkpt><trkpt lat="22.283489999999997" lon="113.93424666666667"><ele>-5.2</ele><time>2026-03-23T06:35:17Z</time></trkpt><trkpt lat="22.283488333333334" lon="113.93422333333335"><ele>-5.1</ele><time>2026-03-23T06:35:23Z</time></trkpt><trkpt lat="22.28350833333333" lon="113.93424166666667"><ele>-4.6</ele><time>2026-03-23T06:35:29Z</time></trkpt><trkpt lat="22.28349166666667" lon="113.934225"><ele>-4.800000000000001</ele><time>2026-03-23T06:35:38Z</time></trkpt><trkpt lat="22.283485000000002" lon="113.93419999999999"><ele>-5.0</ele><time>2026-03-23T06:35:42Z</time></trkpt><trkpt lat="22.283481666666663" lon="113.93417833333334"><ele>-4.9</ele><time>2026-03-23T06:35:44Z</time></trkpt><trkpt lat="22.283475" lon="113.93415333333333"><ele>-4.800000000000001</ele><time>2026-03-23T06:35:47Z</time></trkpt><trkpt lat="22.283458333333336" lon="113.93413333333335"><ele>-4.800000000000001</ele><time>2026-03-23T06:35:50Z</time></trkpt><trkpt lat="22.283443333333334" lon="113.93411666666667"><ele>-4.800000000000001</ele><time>2026-03-23T06:35:52Z</time></trkpt><trkpt lat="22.28343166666667" lon="113.93409666666666"><ele>-4.7</ele><time>2026-03-23T06:35:54Z</time></trkpt><trkpt lat="22.283421666666662" lon="113.93407499999999"><ele>-4.4</ele><time>2026-03-23T06:35:56Z</time></trkpt><trkpt lat="22.283405000000002" lon="113.93405833333333"><ele>-4.300000000000001</ele><time>2026-03-23T06:35:58Z</time></trkpt><trkpt lat="22.283381666666667" lon="113.93405333333334"><ele>-4.300000000000001</ele><time>2026-03-23T06:36:00Z</time></trkpt><trkpt lat="22.283365000000003" lon="113.934045"><ele>-4.5</ele><time>2026-03-23T06:36:02Z</time></trkpt><trkpt lat="22.283348333333333" lon="113.93403500000001"><ele>-4.800000000000001</ele><time>2026-03-23T06:36:04Z</time></trkpt><trkpt lat="22.28333" lon="113.934015"><ele>-4.9</ele><time>2026-03-23T06:36:07Z</time></trkpt><trkpt lat="22.283313333333332" lon="113.933995"><ele>-5.0</ele><time>2026-03-23T06:36:10Z</time></trkpt><trkpt lat="22.28329833333333" lon="113.93397666666667"><ele>-5.0</ele><time>2026-03-23T06:36:13Z</time></trkpt><trkpt lat="22.283285" lon="113.93396"><ele>-5.0</ele><time>2026-03-23T06:36:17Z</time></trkpt><trkpt lat="22.283278333333335" lon="113.93393833333333"><ele>-4.9</ele><time>2026-03-23T06:36:21Z</time></trkpt><trkpt lat="22.283275000000003" lon="113.93391333333332"><ele>-4.9</ele><time>2026-03-23T06:36:24Z</time></trkpt><trkpt lat="22.283286666666662" lon="113.93389833333335"><ele>-4.800000000000001</ele><time>2026-03-23T06:36:26Z</time></trkpt><trkpt lat="22.283303333333333" lon="113.93388166666666"><ele>-4.7</ele><time>2026-03-23T06:36:28Z</time></trkpt><trkpt lat="22.283291666666667" lon="113.93386333333335"><ele>-4.7</ele><time>2026-03-23T06:36:32Z</time></trkpt><trkpt lat="22.283273333333334" lon="113.93386333333335"><ele>-4.9</ele><time>2026-03-23T06:36:34Z</time></trkpt><trkpt lat="22.28325333333333" lon="113.93386333333335"><ele>-5.300000000000001</ele><time>2026-03-23T06:36:36Z</time></trkpt><trkpt lat="22.283231666666666" lon="113.933865"><ele>-6.0</ele><time>2026-03-23T06:36:39Z</time></trkpt><trkpt lat="22.283211666666663" lon="113.93386000000001"><ele>-6.5</ele><time>2026-03-23T06:36:41Z</time></trkpt><trkpt lat="22.283183333333334" lon="113.93385666666667"><ele>-7.1000000000000005</ele><time>2026-03-23T06:36:43Z</time></trkpt><trkpt lat="22.283158333333336" lon="113.93385666666667"><ele>-7.7</ele><time>2026-03-23T06:36:45Z</time></trkpt><trkpt lat="22.283133333333332" lon="113.93385000000002"><ele>-9.2</ele><time>2026-03-23T06:36:48Z</time></trkpt><trkpt lat="22.283115" lon="113.93385333333332"><ele>-10.0</ele><time>2026-03-23T06:36:50Z</time></trkpt><trkpt lat="22.283091666666664" lon="113.93386166666666"><ele>-10.899999999999999</ele><time>2026-03-23T06:36:52Z</time></trkpt><trkpt lat="22.283075" lon="113.93387166666668"><ele>-11.899999999999999</ele><time>2026-03-23T06:36:54Z</time></trkpt><trkpt lat="22.283054999999997" lon="113.93387166666668"><ele>-13.100000000000001</ele><time>2026-03-23T06:36:56Z</time></trkpt><trkpt lat="22.28302833333333" lon="113.93387"><ele>-14.399999999999999</ele><time>2026-03-23T06:36:59Z</time></trkpt><trkpt lat="22.283006666666665" lon="113.93387"><ele>-15.5</ele><time>2026-03-23T06:37:02Z</time></trkpt><trkpt lat="22.282981666666668" lon="113.93387166666668"><ele>-16.6</ele><time>2026-03-23T06:37:05Z</time></trkpt><trkpt lat="22.282960000000003" lon="113.93387"><ele>-17.3</ele><time>2026-03-23T06:37:07Z</time></trkpt><trkpt lat="22.28294166666667" lon="113.93387"><ele>-17.9</ele><time>2026-03-23T06:37:09Z</time></trkpt><trkpt lat="22.282919999999997" lon="113.93388166666666"><ele>-19.0</ele><time>2026-03-23T06:37:12Z</time></trkpt><trkpt lat="22.282901666666664" lon="113.93387833333333"><ele>-19.5</ele><time>2026-03-23T06:37:14Z</time></trkpt><trkpt lat="22.282874999999997" lon="113.93387833333333"><ele>-20.0</ele><time>2026-03-23T06:37:16Z</time></trkpt><trkpt lat="22.28285" lon="113.93388166666666"><ele>-20.599999999999998</ele><time>2026-03-23T06:37:19Z</time></trkpt><trkpt lat="22.282829999999997" lon="113.933885"><ele>-21.099999999999998</ele><time>2026-03-23T06:37:21Z</time></trkpt><trkpt lat="22.28280833333333" lon="113.93388666666667"><ele>-21.599999999999998</ele><time>2026-03-23T06:37:23Z</time></trkpt><trkpt lat="22.282786666666667" lon="113.93389"><ele>-22.5</ele><time>2026-03-23T06:37:27Z</time></trkpt><trkpt lat="22.282765" lon="113.93389666666666"><ele>-23.2</ele><time>2026-03-23T06:37:30Z</time></trkpt><trkpt lat="22.28274666666667" lon="113.9339"><ele>-23.7</ele><time>2026-03-23T06:37:32Z</time></trkpt><trkpt lat="22.282721666666664" lon="113.93390166666669"><ele>-24.2</ele><time>2026-03-23T06:37:35Z</time></trkpt><trkpt lat="22.28269833333333" lon="113.933905"><ele>-24.599999999999998</ele><time>2026-03-23T06:37:37Z</time></trkpt><trkpt lat="22.282679999999996" lon="113.933905"><ele>-25.0</ele><time>2026-03-23T06:37:39Z</time></trkpt><trkpt lat="22.28265333333333" lon="113.93391000000001"><ele>-25.599999999999998</ele><time>2026-03-23T06:37:42Z</time></trkpt><trkpt lat="22.282631666666664" lon="113.9339"><ele>-25.4</ele><time>2026-03-23T06:37:44Z</time></trkpt><trkpt lat="22.28260833333333" lon="113.93389499999999"><ele>-25.8</ele><time>2026-03-23T06:37:49Z</time></trkpt><trkpt lat="22.282586666666663" lon="113.9339"><ele>-26.0</ele><time>2026-03-23T06:37:51Z</time></trkpt><trkpt lat="22.282568333333334" lon="113.93389666666666"><ele>-26.2</ele><time>2026-03-23T06:37:53Z</time></trkpt><trkpt lat="22.282541666666663" lon="113.9339"><ele>-26.9</ele><time>2026-03-23T06:37:56Z</time></trkpt><trkpt lat="22.28252166666667" lon="113.9339"><ele>-27.4</ele><time>2026-03-23T06:37:58Z</time></trkpt><trkpt lat="22.282496666666663" lon="113.93389166666665"><ele>-27.5</ele><time>2026-03-23T06:38:00Z</time></trkpt><trkpt lat="22.282471666666666" lon="113.93389"><ele>-28.2</ele><time>2026-03-23T06:38:03Z</time></trkpt><trkpt lat="22.282451666666663" lon="113.93389499999999"><ele>-28.5</ele><time>2026-03-23T06:38:05Z</time></trkpt><trkpt lat="22.282428333333336" lon="113.93390166666669"><ele>-28.8</ele><time>2026-03-23T06:38:07Z</time></trkpt><trkpt lat="22.282406666666663" lon="113.933885"><ele>-28.8</ele><time>2026-03-23T06:38:10Z</time></trkpt><trkpt lat="22.282376666666664" lon="113.933865"><ele>-28.4</ele><time>2026-03-23T06:38:12Z</time></trkpt><trkpt lat="22.28235666666667" lon="113.93386333333335"><ele>-28.3</ele><time>2026-03-23T06:38:14Z</time></trkpt><trkpt lat="22.282339999999998" lon="113.93387499999999"><ele>-28.5</ele><time>2026-03-23T06:38:20Z</time></trkpt><trkpt lat="22.28232666666667" lon="113.93389"><ele>-28.3</ele><time>2026-03-23T06:38:26Z</time></trkpt><trkpt lat="22.282315" lon="113.93391000000001"><ele>-28.099999999999998</ele><time>2026-03-23T06:38:30Z</time></trkpt><trkpt lat="22.282303333333335" lon="113.93394000000002"><ele>-27.8</ele><time>2026-03-23T06:38:33Z</time></trkpt><trkpt lat="22.282289999999996" lon="113.93396499999999"><ele>-27.4</ele><time>2026-03-23T06:38:36Z</time></trkpt><trkpt lat="22.282283333333332" lon="113.93399166666669"><ele>-27.099999999999998</ele><time>2026-03-23T06:38:38Z</time></trkpt><trkpt lat="22.282273333333332" lon="113.93400833333332"><ele>-26.8</ele><time>2026-03-23T06:38:40Z</time></trkpt><trkpt lat="22.28227" lon="113.93403000000002"><ele>-26.5</ele><time>2026-03-23T06:38:42Z</time></trkpt><trkpt lat="22.282263333333336" lon="113.93405"><ele>-26.099999999999998</ele><time>2026-03-23T06:38:44Z</time></trkpt><trkpt lat="22.282253333333333" lon="113.93407333333334"><ele>-25.7</ele><time>2026-03-23T06:38:46Z</time></trkpt><trkpt lat="22.282238333333332" lon="113.93409500000001"><ele>-25.3</ele><time>2026-03-23T06:38:48Z</time></trkpt><trkpt lat="22.282218333333336" lon="113.93410666666665"><ele>-24.9</ele><time>2026-03-23T06:38:50Z</time></trkpt><trkpt lat="22.282196666666664" lon="113.93410833333334"><ele>-24.599999999999998</ele><time>2026-03-23T06:38:52Z</time></trkpt><trkpt lat="22.282169999999997" lon="113.93411499999999"><ele>-24.3</ele><time>2026-03-23T06:38:54Z</time></trkpt><trkpt lat="22.28214666666667" lon="113.93411833333333"><ele>-24.0</ele><time>2026-03-23T06:38:56Z</time></trkpt><trkpt lat="22.282121666666665" lon="113.93411166666668"><ele>-23.8</ele><time>2026-03-23T06:38:58Z</time></trkpt><trkpt lat="22.28210166666667" lon="113.93410999999999"><ele>-24.099999999999998</ele><time>2026-03-23T06:39:00Z</time></trkpt><trkpt lat="22.282081666666667" lon="113.93410999999999"><ele>-24.0</ele><time>2026-03-23T06:39:02Z</time></trkpt><trkpt lat="22.28205833333333" lon="113.93410999999999"><ele>-23.599999999999998</ele><time>2026-03-23T06:39:04Z</time></trkpt><trkpt lat="22.28204" lon="113.93411333333333"><ele>-23.0</ele><time>2026-03-23T06:39:07Z</time></trkpt><trkpt lat="22.282018333333333" lon="113.93410166666666"><ele>-22.7</ele><time>2026-03-23T06:39:10Z</time></trkpt><trkpt lat="22.281996666666668" lon="113.93410166666666"><ele>-22.8</ele><time>2026-03-23T06:39:12Z</time></trkpt><trkpt lat="22.281973333333333" lon="113.93411499999999"><ele>-22.8</ele><time>2026-03-23T06:39:14Z</time></trkpt><trkpt lat="22.28195333333333" lon="113.93411333333333"><ele>-22.9</ele><time>2026-03-23T06:39:16Z</time></trkpt><trkpt lat="22.281926666666664" lon="113.93410833333334"><ele>-22.8</ele><time>2026-03-23T06:39:18Z</time></trkpt><trkpt lat="22.281898333333334" lon="113.93410833333334"><ele>-22.7</ele><time>2026-03-23T06:39:20Z</time></trkpt><trkpt lat="22.281875" lon="113.93410166666666"><ele>-22.5</ele><time>2026-03-23T06:39:22Z</time></trkpt><trkpt lat="22.281853333333334" lon="113.93409000000001"><ele>-22.5</ele><time>2026-03-23T06:39:25Z</time></trkpt><trkpt lat="22.281828333333337" lon="113.93408666666667"><ele>-22.4</ele><time>2026-03-23T06:39:27Z</time></trkpt><trkpt lat="22.281799999999997" lon="113.93409166666667"><ele>-22.3</ele><time>2026-03-23T06:39:29Z</time></trkpt><trkpt lat="22.28177833333333" lon="113.93409500000001"><ele>-22.3</ele><time>2026-03-23T06:39:31Z</time></trkpt><trkpt lat="22.281758333333332" lon="113.93409333333332"><ele>-22.4</ele><time>2026-03-23T06:39:33Z</time></trkpt><trkpt lat="22.28173333333333" lon="113.93409333333332"><ele>-22.3</ele><time>2026-03-23T06:39:35Z</time></trkpt><trkpt lat="22.281709999999997" lon="113.93409500000001"><ele>-22.0</ele><time>2026-03-23T06:39:38Z</time></trkpt><trkpt lat="22.281685" lon="113.93408666666667"><ele>-21.599999999999998</ele><time>2026-03-23T06:39:42Z</time></trkpt><trkpt lat="22.281664999999997" lon="113.934085"><ele>-21.599999999999998</ele><time>2026-03-23T06:39:44Z</time></trkpt><trkpt lat="22.28164333333333" lon="113.93408666666667"><ele>-21.599999999999998</ele><time>2026-03-23T06:39:46Z</time></trkpt><trkpt lat="22.28162166666667" lon="113.93409166666667"><ele>-21.599999999999998</ele><time>2026-03-23T06:39:48Z</time></trkpt><trkpt lat="22.281595" lon="113.93410166666666"><ele>-21.7</ele><time>2026-03-23T06:39:50Z</time></trkpt><trkpt lat="22.281574999999997" lon="113.93411166666668"><ele>-21.5</ele><time>2026-03-23T06:39:53Z</time></trkpt><trkpt lat="22.28154833333333" lon="113.93410999999999"><ele>-21.599999999999998</ele><time>2026-03-23T06:39:56Z</time></trkpt><trkpt lat="22.281529999999997" lon="113.93411499999999"><ele>-21.5</ele><time>2026-03-23T06:39:57Z</time></trkpt><trkpt lat="22.28150333333333" lon="113.93411666666667"><ele>-21.599999999999998</ele><time>2026-03-23T06:39:59Z</time></trkpt><trkpt lat="22.281475" lon="113.93411499999999"><ele>-21.4</ele><time>2026-03-23T06:40:02Z</time></trkpt><trkpt lat="22.28146" lon="113.9341"><ele>-21.099999999999998</ele><time>2026-03-23T06:40:06Z</time></trkpt><trkpt lat="22.281454999999998" lon="113.93407333333334"><ele>-20.7</ele><time>2026-03-23T06:40:09Z</time></trkpt><trkpt lat="22.28144666666667" lon="113.93404666666666"><ele>-20.3</ele><time>2026-03-23T06:40:11Z</time></trkpt><trkpt lat="22.28144166666667" lon="113.93401999999999"><ele>-19.9</ele><time>2026-03-23T06:40:13Z</time></trkpt><trkpt lat="22.28144166666667" lon="113.93399666666667"><ele>-19.3</ele><time>2026-03-23T06:40:15Z</time></trkpt><trkpt lat="22.281445" lon="113.93396833333333"><ele>-18.9</ele><time>2026-03-23T06:40:17Z</time></trkpt><trkpt lat="22.28144166666667" lon="113.93393833333333"><ele>-18.3</ele><time>2026-03-23T06:40:19Z</time></trkpt><trkpt lat="22.28144166666667" lon="113.93391166666667"><ele>-17.6</ele><time>2026-03-23T06:40:21Z</time></trkpt><trkpt lat="22.281448333333334" lon="113.93388833333331"><ele>-17.0</ele><time>2026-03-23T06:40:23Z</time></trkpt><trkpt lat="22.281453333333335" lon="113.93385666666667"><ele>-16.5</ele><time>2026-03-23T06:40:25Z</time></trkpt><trkpt lat="22.28145833333333" lon="113.93382500000001"><ele>-16.0</ele><time>2026-03-23T06:40:27Z</time></trkpt><trkpt lat="22.28146166666667" lon="113.93379833333331"><ele>-15.399999999999999</ele><time>2026-03-23T06:40:29Z</time></trkpt><trkpt lat="22.281465000000004" lon="113.933775"><ele>-15.2</ele><time>2026-03-23T06:40:31Z</time></trkpt><trkpt lat="22.28147166666667" lon="113.93374666666665"><ele>-14.899999999999999</ele><time>2026-03-23T06:40:33Z</time></trkpt><trkpt lat="22.28147333333333" lon="113.93372"><ele>-14.5</ele><time>2026-03-23T06:40:35Z</time></trkpt><trkpt lat="22.281483333333334" lon="113.93369666666668"><ele>-14.100000000000001</ele><time>2026-03-23T06:40:37Z</time></trkpt><trkpt lat="22.281483333333334" lon="113.93367500000001"><ele>-14.0</ele><time>2026-03-23T06:40:39Z</time></trkpt><trkpt lat="22.28149166666667" lon="113.933655"><ele>-13.8</ele><time>2026-03-23T06:40:41Z</time></trkpt><trkpt lat="22.281499999999998" lon="113.93363666666667"><ele>-13.5</ele><time>2026-03-23T06:40:43Z</time></trkpt><trkpt lat="22.281501666666667" lon="113.933615"><ele>-13.0</ele><time>2026-03-23T06:40:45Z</time></trkpt><trkpt lat="22.281501666666667" lon="113.933595"><ele>-12.399999999999999</ele><time>2026-03-23T06:40:47Z</time></trkpt><trkpt lat="22.281495000000003" lon="113.93357666666667"><ele>-11.899999999999999</ele><time>2026-03-23T06:40:50Z</time></trkpt><trkpt lat="22.281483333333334" lon="113.93355500000001"><ele>-10.8</ele><time>2026-03-23T06:40:53Z</time></trkpt><trkpt lat="22.281465000000004" lon="113.93355333333332"><ele>-8.9</ele><time>2026-03-23T06:40:59Z</time></trkpt><trkpt lat="22.28144166666667" lon="113.93355166666667"><ele>-8.2</ele><time>2026-03-23T06:41:04Z</time></trkpt><trkpt lat="22.281420000000004" lon="113.93355166666667"><ele>-8.2</ele><time>2026-03-23T06:41:08Z</time></trkpt><trkpt lat="22.28139666666667" lon="113.93355000000001"><ele>-8.100000000000001</ele><time>2026-03-23T06:41:11Z</time></trkpt><trkpt lat="22.281378333333336" lon="113.93355000000001"><ele>-8.100000000000001</ele><time>2026-03-23T06:41:13Z</time></trkpt><trkpt lat="22.281355" lon="113.93355166666667"><ele>-7.6000000000000005</ele><time>2026-03-23T06:41:16Z</time></trkpt><trkpt lat="22.281335" lon="113.93355166666667"><ele>-7.2</ele><time>2026-03-23T06:41:19Z</time></trkpt><trkpt lat="22.281321666666667" lon="113.933565"><ele>-7.6000000000000005</ele><time>2026-03-23T06:41:26Z</time></trkpt><trkpt lat="22.281303333333334" lon="113.93356833333334"><ele>-8.4</ele><time>2026-03-23T06:41:31Z</time></trkpt><trkpt lat="22.281285000000004" lon="113.93357499999999"><ele>-8.8</ele><time>2026-03-23T06:41:33Z</time></trkpt><trkpt lat="22.28126666666667" lon="113.93357666666667"><ele>-8.8</ele><time>2026-03-23T06:41:35Z</time></trkpt><trkpt lat="22.28125" lon="113.93359000000001"><ele>-9.0</ele><time>2026-03-23T06:41:38Z</time></trkpt><trkpt lat="22.281226666666665" lon="113.93359166666666"><ele>-8.8</ele><time>2026-03-23T06:41:41Z</time></trkpt><trkpt lat="22.28120666666667" lon="113.93359666666666"><ele>-8.7</ele><time>2026-03-23T06:41:44Z</time></trkpt><trkpt lat="22.281186666666667" lon="113.93360166666668"><ele>-8.9</ele><time>2026-03-23T06:41:47Z</time></trkpt><trkpt lat="22.281168333333333" lon="113.93360333333334"><ele>-9.0</ele><time>2026-03-23T06:41:49Z</time></trkpt><trkpt lat="22.28114333333333" lon="113.93360833333332"><ele>-9.100000000000001</ele><time>2026-03-23T06:41:51Z</time></trkpt><trkpt lat="22.28112" lon="113.93360666666668"><ele>-9.3</ele><time>2026-03-23T06:41:53Z</time></trkpt><trkpt lat="22.281101666666668" lon="113.93361166666666"><ele>-9.5</ele><time>2026-03-23T06:41:55Z</time></trkpt><trkpt lat="22.281076666666664" lon="113.93362166666665"><ele>-9.5</ele><time>2026-03-23T06:41:57Z</time></trkpt><trkpt lat="22.281055" lon="113.93363333333333"><ele>-9.8</ele><time>2026-03-23T06:41:59Z</time></trkpt><trkpt lat="22.28103666666667" lon="113.93364333333332"><ele>-10.100000000000001</ele><time>2026-03-23T06:42:02Z</time></trkpt><trkpt lat="22.281011666666668" lon="113.93365"><ele>-10.2</ele><time>2026-03-23T06:42:05Z</time></trkpt><trkpt lat="22.28099166666667" lon="113.933655"><ele>-10.2</ele><time>2026-03-23T06:42:07Z</time></trkpt><trkpt lat="22.28096833333333" lon="113.93366499999999"><ele>-10.2</ele><time>2026-03-23T06:42:09Z</time></trkpt><trkpt lat="22.28094666666667" lon="113.93367166666667"><ele>-10.2</ele><time>2026-03-23T06:42:11Z</time></trkpt><trkpt lat="22.280925000000003" lon="113.93367666666667"><ele>-10.2</ele><time>2026-03-23T06:42:13Z</time></trkpt><trkpt lat="22.28090166666667" lon="113.93369499999999"><ele>-9.4</ele><time>2026-03-23T06:42:16Z</time></trkpt><trkpt lat="22.280880000000003" lon="113.93370333333333"><ele>-8.8</ele><time>2026-03-23T06:42:18Z</time></trkpt><trkpt lat="22.28086" lon="113.93371333333334"><ele>-8.3</ele><time>2026-03-23T06:42:20Z</time></trkpt><trkpt lat="22.280838333333335" lon="113.933725"><ele>-7.8</ele><time>2026-03-23T06:42:22Z</time></trkpt><trkpt lat="22.28081666666667" lon="113.93373333333332"><ele>-7.3</ele><time>2026-03-23T06:42:24Z</time></trkpt><trkpt lat="22.280798333333337" lon="113.93374666666665"><ele>-6.9</ele><time>2026-03-23T06:42:26Z</time></trkpt><trkpt lat="22.280783333333336" lon="113.93375833333333"><ele>-6.8</ele><time>2026-03-23T06:42:28Z</time></trkpt><trkpt lat="22.280761666666663" lon="113.93376000000002"><ele>-6.9</ele><time>2026-03-23T06:42:31Z</time></trkpt><trkpt lat="22.280741666666668" lon="113.93377000000001"><ele>-7.0</ele><time>2026-03-23T06:42:33Z</time></trkpt><trkpt lat="22.28072666666667" lon="113.93379000000002"><ele>-7.6000000000000005</ele><time>2026-03-23T06:42:40Z</time></trkpt><trkpt lat="22.280708333333337" lon="113.93379166666666"><ele>-6.1</ele><time>2026-03-23T06:43:06Z</time></trkpt><trkpt lat="22.280685000000002" lon="113.93379333333333"><ele>-6.0</ele><time>2026-03-23T06:43:08Z</time></trkpt><trkpt lat="22.280663333333337" lon="113.93379833333331"><ele>-5.9</ele><time>2026-03-23T06:43:10Z</time></trkpt><trkpt lat="22.28063666666667" lon="113.93381"><ele>-5.7</ele><time>2026-03-23T06:43:12Z</time></trkpt><trkpt lat="22.280618333333337" lon="113.93380333333334"><ele>-4.9</ele><time>2026-03-23T06:43:15Z</time></trkpt><trkpt lat="22.280599999999996" lon="113.93381333333333"><ele>-4.6</ele><time>2026-03-23T06:43:17Z</time></trkpt><trkpt lat="22.280581666666663" lon="113.93381833333333"><ele>-4.4</ele><time>2026-03-23T06:43:19Z</time></trkpt><trkpt lat="22.280558333333335" lon="113.93382500000001"><ele>-4.2</ele><time>2026-03-23T06:43:21Z</time></trkpt><trkpt lat="22.28053333333333" lon="113.93382500000001"><ele>-4.0</ele><time>2026-03-23T06:43:23Z</time></trkpt><trkpt lat="22.280508333333334" lon="113.93382500000001"><ele>-3.9000000000000004</ele><time>2026-03-23T06:43:25Z</time></trkpt><trkpt lat="22.280485" lon="113.93382666666666"><ele>-4.300000000000001</ele><time>2026-03-23T06:43:27Z</time></trkpt><trkpt lat="22.280461666666664" lon="113.93382333333332"><ele>-4.5</ele><time>2026-03-23T06:43:30Z</time></trkpt><trkpt lat="22.28044166666667" lon="113.93381833333333"><ele>-4.5</ele><time>2026-03-23T06:43:32Z</time></trkpt><trkpt lat="22.280420000000003" lon="113.93382166666667"><ele>-4.6</ele><time>2026-03-23T06:43:34Z</time></trkpt><trkpt lat="22.280395" lon="113.93383166666666"><ele>-5.0</ele><time>2026-03-23T06:43:37Z</time></trkpt><trkpt lat="22.28036833333333" lon="113.93383999999999"><ele>-5.6</ele><time>2026-03-23T06:43:39Z</time></trkpt><trkpt lat="22.280346666666667" lon="113.93385833333332"><ele>-6.3</ele><time>2026-03-23T06:43:41Z</time></trkpt><trkpt lat="22.280328333333333" lon="113.933865"><ele>-6.9</ele><time>2026-03-23T06:43:43Z</time></trkpt><trkpt lat="22.28031" lon="113.933865"><ele>-7.6000000000000005</ele><time>2026-03-23T06:43:45Z</time></trkpt><trkpt lat="22.280291666666667" lon="113.93386166666666"><ele>-8.4</ele><time>2026-03-23T06:43:47Z</time></trkpt><trkpt lat="22.280268333333332" lon="113.93385666666667"><ele>-8.8</ele><time>2026-03-23T06:43:49Z</time></trkpt><trkpt lat="22.280246666666667" lon="113.93386000000001"><ele>-9.3</ele><time>2026-03-23T06:43:51Z</time></trkpt><trkpt lat="22.28023" lon="113.93387166666668"><ele>-9.9</ele><time>2026-03-23T06:43:53Z</time></trkpt><trkpt lat="22.280223333333332" lon="113.93384666666667"><ele>-10.100000000000001</ele><time>2026-03-23T06:43:58Z</time></trkpt><trkpt lat="22.280221666666662" lon="113.93382500000001"><ele>-10.100000000000001</ele><time>2026-03-23T06:44:00Z</time></trkpt><trkpt lat="22.280221666666662" lon="113.93380499999999"><ele>-10.5</ele><time>2026-03-23T06:44:03Z</time></trkpt><trkpt lat="22.280226666666668" lon="113.93389833333335"><ele>-9.9</ele><time>2026-03-23T06:44:40Z</time></trkpt><trkpt lat="22.280206666666665" lon="113.9339"><ele>-9.5</ele><time>2026-03-23T06:44:42Z</time></trkpt><trkpt lat="22.280183333333337" lon="113.93390333333333"><ele>-9.7</ele><time>2026-03-23T06:44:44Z</time></trkpt><trkpt lat="22.280163333333334" lon="113.93391333333332"><ele>-10.0</ele><time>2026-03-23T06:44:46Z</time></trkpt><trkpt lat="22.28014333333333" lon="113.93391500000001"><ele>-10.0</ele><time>2026-03-23T06:44:50Z</time></trkpt><trkpt lat="22.280121666666666" lon="113.93391000000001"><ele>-10.2</ele><time>2026-03-23T06:44:53Z</time></trkpt><trkpt lat="22.2801" lon="113.93390166666669"><ele>-9.600000000000001</ele><time>2026-03-23T06:44:55Z</time></trkpt><trkpt lat="22.280076666666666" lon="113.9339"><ele>-9.100000000000001</ele><time>2026-03-23T06:44:57Z</time></trkpt><trkpt lat="22.28005" lon="113.93390333333333"><ele>-8.9</ele><time>2026-03-23T06:44:59Z</time></trkpt><trkpt lat="22.280026666666664" lon="113.93390666666667"><ele>-8.600000000000001</ele><time>2026-03-23T06:45:01Z</time></trkpt><trkpt lat="22.280001666666667" lon="113.93391166666667"><ele>-8.600000000000001</ele><time>2026-03-23T06:45:04Z</time></trkpt><trkpt lat="22.279983333333334" lon="113.93391000000001"><ele>-8.9</ele><time>2026-03-23T06:45:06Z</time></trkpt><trkpt lat="22.27996166666667" lon="113.93391166666667"><ele>-8.8</ele><time>2026-03-23T06:45:09Z</time></trkpt><trkpt lat="22.279935000000002" lon="113.93391500000001"><ele>-8.7</ele><time>2026-03-23T06:45:12Z</time></trkpt><trkpt lat="22.27990666666667" lon="113.93391666666666"><ele>-9.0</ele><time>2026-03-23T06:45:14Z</time></trkpt><trkpt lat="22.279875" lon="113.93392833333334"><ele>-9.100000000000001</ele><time>2026-03-23T06:45:16Z</time></trkpt><trkpt lat="22.279854999999998" lon="113.93393333333333"><ele>-9.2</ele><time>2026-03-23T06:45:18Z</time></trkpt><trkpt lat="22.279833333333332" lon="113.93394500000001"><ele>-9.2</ele><time>2026-03-23T06:45:20Z</time></trkpt><trkpt lat="22.279815" lon="113.93395833333334"><ele>-9.4</ele><time>2026-03-23T06:45:22Z</time></trkpt><trkpt lat="22.279790000000002" lon="113.93396333333334"><ele>-9.5</ele><time>2026-03-23T06:45:25Z</time></trkpt><trkpt lat="22.279766666666667" lon="113.93396833333333"><ele>-9.3</ele><time>2026-03-23T06:45:27Z</time></trkpt><trkpt lat="22.279743333333332" lon="113.93397333333333"><ele>-9.600000000000001</ele><time>2026-03-23T06:45:29Z</time></trkpt><trkpt lat="22.279719999999998" lon="113.93398166666665"><ele>-10.3</ele><time>2026-03-23T06:45:32Z</time></trkpt><trkpt lat="22.279698333333332" lon="113.93399"><ele>-10.7</ele><time>2026-03-23T06:45:34Z</time></trkpt><trkpt lat="22.279673333333335" lon="113.93400000000001"><ele>-11.3</ele><time>2026-03-23T06:45:36Z</time></trkpt><trkpt lat="22.27965166666667" lon="113.934015"><ele>-11.600000000000001</ele><time>2026-03-23T06:45:38Z</time></trkpt><trkpt lat="22.27963333333333" lon="113.93402499999999"><ele>-11.899999999999999</ele><time>2026-03-23T06:45:40Z</time></trkpt><trkpt lat="22.279611666666664" lon="113.93403833333332"><ele>-12.5</ele><time>2026-03-23T06:45:43Z</time></trkpt><trkpt lat="22.27959333333333" lon="113.93404333333335"><ele>-12.8</ele><time>2026-03-23T06:45:45Z</time></trkpt><trkpt lat="22.279573333333328" lon="113.93405166666668"><ele>-12.7</ele><time>2026-03-23T06:45:47Z</time></trkpt><trkpt lat="22.279553333333336" lon="113.93405666666668"><ele>-12.600000000000001</ele><time>2026-03-23T06:45:49Z</time></trkpt><trkpt lat="22.279533333333333" lon="113.93406333333333"><ele>-12.5</ele><time>2026-03-23T06:45:51Z</time></trkpt><trkpt lat="22.27951333333333" lon="113.93407"><ele>-12.2</ele><time>2026-03-23T06:45:53Z</time></trkpt><trkpt lat="22.279491666666665" lon="113.93407"><ele>-11.8</ele><time>2026-03-23T06:45:55Z</time></trkpt><trkpt lat="22.27945833333333" lon="113.93406833333331"><ele>-11.0</ele><time>2026-03-23T06:45:57Z</time></trkpt><trkpt lat="22.279438333333328" lon="113.93406166666666"><ele>-10.2</ele><time>2026-03-23T06:45:59Z</time></trkpt><trkpt lat="22.27941333333333" lon="113.93406000000002"><ele>-9.600000000000001</ele><time>2026-03-23T06:46:02Z</time></trkpt><trkpt lat="22.279386666666664" lon="113.93405499999999"><ele>-9.0</ele><time>2026-03-23T06:46:04Z</time></trkpt><trkpt lat="22.279358333333334" lon="113.93405166666668"><ele>-8.3</ele><time>2026-03-23T06:46:06Z</time></trkpt><trkpt lat="22.279331666666668" lon="113.93404666666666"><ele>-7.2</ele><time>2026-03-23T06:46:09Z</time></trkpt><trkpt lat="22.279311666666665" lon="113.93403833333332"><ele>-6.4</ele><time>2026-03-23T06:46:11Z</time></trkpt><trkpt lat="22.279288333333337" lon="113.93403500000001"><ele>-5.4</ele><time>2026-03-23T06:46:13Z</time></trkpt><trkpt lat="22.279283333333336" lon="113.93405499999999"><ele>-4.5</ele><time>2026-03-23T06:46:16Z</time></trkpt><trkpt lat="22.279286666666668" lon="113.93407499999999"><ele>-3.8000000000000003</ele><time>2026-03-23T06:46:18Z</time></trkpt><trkpt lat="22.279284999999998" lon="113.934105"><ele>-2.2</ele><time>2026-03-23T06:46:21Z</time></trkpt><trkpt lat="22.279263333333333" lon="113.93410666666665"><ele>-0.8</ele><time>2026-03-23T06:46:26Z</time></trkpt><trkpt lat="22.27924666666667" lon="113.93409666666666"><ele>-0.40000000000000013</ele><time>2026-03-23T06:46:30Z</time></trkpt><trkpt lat="22.279226666666666" lon="113.93409500000001"><ele>0.3999999999999999</ele><time>2026-03-23T06:46:35Z</time></trkpt><trkpt lat="22.279206666666663" lon="113.93409000000001"><ele>0.5</ele><time>2026-03-23T06:46:38Z</time></trkpt><trkpt lat="22.279186666666668" lon="113.93407166666665"><ele>0.7999999999999998</ele><time>2026-03-23T06:46:41Z</time></trkpt><trkpt lat="22.279181666666666" lon="113.93404833333334"><ele>1.0</ele><time>2026-03-23T06:46:43Z</time></trkpt><trkpt lat="22.279175000000002" lon="113.93402333333333"><ele>1.0999999999999996</ele><time>2026-03-23T06:46:45Z</time></trkpt><trkpt lat="22.27917" lon="113.93400166666667"><ele>1.5999999999999996</ele><time>2026-03-23T06:46:47Z</time></trkpt><trkpt lat="22.27917" lon="113.93398"><ele>2.0</ele><time>2026-03-23T06:46:49Z</time></trkpt><trkpt lat="22.27917166666667" lon="113.933955"><ele>2.5999999999999996</ele><time>2026-03-23T06:46:51Z</time></trkpt><trkpt lat="22.279168333333338" lon="113.93393166666668"><ele>2.8</ele><time>2026-03-23T06:46:53Z</time></trkpt><trkpt lat="22.279161666666663" lon="113.93390166666669"><ele>3.0</ele><time>2026-03-23T06:46:55Z</time></trkpt><trkpt lat="22.279168333333338" lon="113.93388333333333"><ele>3.3999999999999995</ele><time>2026-03-23T06:46:58Z</time></trkpt><trkpt lat="22.279155" lon="113.93386000000001"><ele>3.5999999999999996</ele><time>2026-03-23T06:47:01Z</time></trkpt><trkpt lat="22.27914333333333" lon="113.93384333333333"><ele>3.7</ele><time>2026-03-23T06:47:02Z</time></trkpt><trkpt lat="22.279128333333333" lon="113.93382000000001"><ele>4.1</ele><time>2026-03-23T06:47:04Z</time></trkpt><trkpt lat="22.27911333333333" lon="113.933795"><ele>4.3999999999999995</ele><time>2026-03-23T06:47:07Z</time></trkpt><trkpt lat="22.279101666666666" lon="113.93377333333335"><ele>4.7</ele><time>2026-03-23T06:47:09Z</time></trkpt><trkpt lat="22.279086666666664" lon="113.93374999999999"><ele>5.0</ele><time>2026-03-23T06:47:11Z</time></trkpt><trkpt lat="22.279086666666664" lon="113.93372833333333"><ele>6.3</ele><time>2026-03-23T06:47:26Z</time></trkpt><trkpt lat="22.279088333333334" lon="113.93370833333331"><ele>6.1000000000000005</ele><time>2026-03-23T06:47:28Z</time></trkpt><trkpt lat="22.279091666666666" lon="113.933685"><ele>5.3999999999999995</ele><time>2026-03-23T06:47:30Z</time></trkpt><trkpt lat="22.279085000000002" lon="113.93366333333333"><ele>4.6</ele><time>2026-03-23T06:47:32Z</time></trkpt><trkpt lat="22.279083333333332" lon="113.93363666666667"><ele>3.5</ele><time>2026-03-23T06:47:35Z</time></trkpt><trkpt lat="22.27908" lon="113.93361666666667"><ele>2.8999999999999995</ele><time>2026-03-23T06:47:37Z</time></trkpt><trkpt lat="22.27908" lon="113.93359666666666"><ele>2.5</ele><time>2026-03-23T06:47:39Z</time></trkpt><trkpt lat="22.279083333333332" lon="113.93357333333333"><ele>2.5999999999999996</ele><time>2026-03-23T06:47:41Z</time></trkpt><trkpt lat="22.279078333333338" lon="113.93355166666667"><ele>2.7</ele><time>2026-03-23T06:47:43Z</time></trkpt><trkpt lat="22.279076666666665" lon="113.93353166666665"><ele>2.7</ele><time>2026-03-23T06:47:45Z</time></trkpt><trkpt lat="22.27907" lon="113.93350833333334"><ele>2.8999999999999995</ele><time>2026-03-23T06:47:48Z</time></trkpt><trkpt lat="22.279056666666666" lon="113.93348833333333"><ele>3.0</ele><time>2026-03-23T06:47:54Z</time></trkpt><trkpt lat="22.279074999999995" lon="113.933435"><ele>6.499999999999999</ele><time>2026-03-23T06:48:28Z</time></trkpt><trkpt lat="22.279063333333337" lon="113.93341666666666"><ele>6.7</ele><time>2026-03-23T06:48:30Z</time></trkpt><trkpt lat="22.279055000000003" lon="113.93339333333333"><ele>6.8999999999999995</ele><time>2026-03-23T06:48:32Z</time></trkpt><trkpt lat="22.279038333333332" lon="113.93337333333332"><ele>6.8999999999999995</ele><time>2026-03-23T06:48:34Z</time></trkpt><trkpt lat="22.279026666666663" lon="113.93335166666665"><ele>6.999999999999999</ele><time>2026-03-23T06:48:37Z</time></trkpt><trkpt lat="22.27902" lon="113.93332833333334"><ele>7.1000000000000005</ele><time>2026-03-23T06:48:39Z</time></trkpt><trkpt lat="22.279016666666667" lon="113.93330333333333"><ele>7.1000000000000005</ele><time>2026-03-23T06:48:41Z</time></trkpt><trkpt lat="22.27900833333333" lon="113.933275"><ele>7.2</ele><time>2026-03-23T06:48:43Z</time></trkpt><trkpt lat="22.278999999999996" lon="113.93324666666668"><ele>7.2</ele><time>2026-03-23T06:48:45Z</time></trkpt><trkpt lat="22.278995000000002" lon="113.93322500000001"><ele>6.999999999999999</ele><time>2026-03-23T06:48:49Z</time></trkpt><trkpt lat="22.278983333333333" lon="113.93319666666666"><ele>6.8</ele><time>2026-03-23T06:48:52Z</time></trkpt><trkpt lat="22.278971666666667" lon="113.93317833333334"><ele>6.1000000000000005</ele><time>2026-03-23T06:48:54Z</time></trkpt><trkpt lat="22.278959999999998" lon="113.93315166666667"><ele>5.2</ele><time>2026-03-23T06:48:57Z</time></trkpt><trkpt lat="22.278945" lon="113.93312833333333"><ele>4.8</ele><time>2026-03-23T06:48:59Z</time></trkpt><trkpt lat="22.27893" lon="113.933115"><ele>4.3999999999999995</ele><time>2026-03-23T06:49:01Z</time></trkpt><trkpt lat="22.278916666666667" lon="113.93309833333333"><ele>4.1</ele><time>2026-03-23T06:49:03Z</time></trkpt><trkpt lat="22.278911666666666" lon="113.933075"><ele>3.8999999999999995</ele><time>2026-03-23T06:49:05Z</time></trkpt><trkpt lat="22.278906666666664" lon="113.933055"><ele>3.8</ele><time>2026-03-23T06:49:07Z</time></trkpt><trkpt lat="22.27890166666667" lon="113.93302666666665"><ele>3.3999999999999995</ele><time>2026-03-23T06:49:10Z</time></trkpt><trkpt lat="22.278903333333332" lon="113.93300166666668"><ele>3.0999999999999996</ele><time>2026-03-23T06:49:12Z</time></trkpt><trkpt lat="22.2789" lon="113.93297333333334"><ele>2.5999999999999996</ele><time>2026-03-23T06:49:14Z</time></trkpt><trkpt lat="22.278898333333338" lon="113.93294833333333"><ele>2.0999999999999996</ele><time>2026-03-23T06:49:16Z</time></trkpt><trkpt lat="22.278905" lon="113.93292333333332"><ele>1.7999999999999998</ele><time>2026-03-23T06:49:18Z</time></trkpt><trkpt lat="22.278898333333338" lon="113.9329"><ele>1.8999999999999995</ele><time>2026-03-23T06:49:22Z</time></trkpt><trkpt lat="22.278895000000002" lon="113.93287666666666"><ele>1.7999999999999998</ele><time>2026-03-23T06:49:25Z</time></trkpt><trkpt lat="22.278891666666663" lon="113.93285499999999"><ele>0.8999999999999999</ele><time>2026-03-23T06:49:27Z</time></trkpt><trkpt lat="22.278880000000004" lon="113.93283500000001"><ele>0.19999999999999973</ele><time>2026-03-23T06:49:29Z</time></trkpt><trkpt lat="22.278871666666667" lon="113.93281333333334"><ele>-0.10000000000000009</ele><time>2026-03-23T06:49:31Z</time></trkpt><trkpt lat="22.27886" lon="113.93279"><ele>-0.40000000000000013</ele><time>2026-03-23T06:49:33Z</time></trkpt><trkpt lat="22.278851666666664" lon="113.93277166666667"><ele>-0.5000000000000002</ele><time>2026-03-23T06:49:35Z</time></trkpt><trkpt lat="22.278855" lon="113.93274500000001"><ele>-1.3000000000000003</ele><time>2026-03-23T06:49:38Z</time></trkpt><trkpt lat="22.278855" lon="113.93272333333334"><ele>-1.7000000000000002</ele><time>2026-03-23T06:49:40Z</time></trkpt><trkpt lat="22.27884" lon="113.93270499999998"><ele>-2.1</ele><time>2026-03-23T06:49:42Z</time></trkpt><trkpt lat="22.278838333333336" lon="113.93267666666667"><ele>-2.3000000000000003</ele><time>2026-03-23T06:49:45Z</time></trkpt><trkpt lat="22.278836666666667" lon="113.93265000000001"><ele>-2.3000000000000003</ele><time>2026-03-23T06:49:47Z</time></trkpt><trkpt lat="22.278833333333335" lon="113.93262666666666"><ele>-2.2</ele><time>2026-03-23T06:49:49Z</time></trkpt><trkpt lat="22.278824999999998" lon="113.932605"><ele>-2.1</ele><time>2026-03-23T06:49:51Z</time></trkpt><trkpt lat="22.278823333333335" lon="113.93258166666668"><ele>-2.0</ele><time>2026-03-23T06:49:53Z</time></trkpt><trkpt lat="22.278816666666664" lon="113.93255666666667"><ele>-2.1</ele><time>2026-03-23T06:49:55Z</time></trkpt><trkpt lat="22.278815" lon="113.93253166666666"><ele>-2.0</ele><time>2026-03-23T06:49:58Z</time></trkpt><trkpt lat="22.278813333333332" lon="113.93251000000001"><ele>-1.8000000000000003</ele><time>2026-03-23T06:50:00Z</time></trkpt><trkpt lat="22.278805000000002" lon="113.93248999999999"><ele>-1.8000000000000003</ele><time>2026-03-23T06:50:02Z</time></trkpt><trkpt lat="22.278801666666663" lon="113.93247000000001"><ele>-2.0</ele><time>2026-03-23T06:50:04Z</time></trkpt><trkpt lat="22.278801666666663" lon="113.93244333333332"><ele>-2.0</ele><time>2026-03-23T06:50:06Z</time></trkpt><trkpt lat="22.278801666666663" lon="113.93241833333335"><ele>-2.2</ele><time>2026-03-23T06:50:08Z</time></trkpt><trkpt lat="22.278805000000002" lon="113.93239833333334"><ele>-3.0</ele><time>2026-03-23T06:50:10Z</time></trkpt><trkpt lat="22.278803333333332" lon="113.93236833333334"><ele>-3.7</ele><time>2026-03-23T06:50:13Z</time></trkpt><trkpt lat="22.278791666666667" lon="113.93235166666666"><ele>-4.800000000000001</ele><time>2026-03-23T06:50:16Z</time></trkpt><trkpt lat="22.278793333333336" lon="113.93233166666666"><ele>-5.800000000000001</ele><time>2026-03-23T06:50:19Z</time></trkpt><trkpt lat="22.278788333333335" lon="113.93230999999999"><ele>-6.4</ele><time>2026-03-23T06:50:21Z</time></trkpt><trkpt lat="22.278785000000003" lon="113.93228833333333"><ele>-7.2</ele><time>2026-03-23T06:50:23Z</time></trkpt><trkpt lat="22.278779999999998" lon="113.93226666666666"><ele>-8.0</ele><time>2026-03-23T06:50:25Z</time></trkpt><trkpt lat="22.278779999999998" lon="113.932245"><ele>-8.5</ele><time>2026-03-23T06:50:27Z</time></trkpt><trkpt lat="22.278788333333335" lon="113.93222333333333"><ele>-9.2</ele><time>2026-03-23T06:50:30Z</time></trkpt><trkpt lat="22.278808333333338" lon="113.93221"><ele>-9.5</ele><time>2026-03-23T06:50:32Z</time></trkpt><trkpt lat="22.278833333333335" lon="113.93220333333332"><ele>-9.8</ele><time>2026-03-23T06:50:34Z</time></trkpt><trkpt lat="22.278855" lon="113.932195"><ele>-10.899999999999999</ele><time>2026-03-23T06:50:38Z</time></trkpt><trkpt lat="22.278876666666665" lon="113.93219166666668"><ele>-12.5</ele><time>2026-03-23T06:50:42Z</time></trkpt><trkpt lat="22.278895000000002" lon="113.93218666666668"><ele>-13.5</ele><time>2026-03-23T06:50:45Z</time></trkpt><trkpt lat="22.27891833333333" lon="113.93217833333334"><ele>-14.399999999999999</ele><time>2026-03-23T06:50:48Z</time></trkpt><trkpt lat="22.278938333333333" lon="113.93217833333334"><ele>-15.600000000000001</ele><time>2026-03-23T06:50:52Z</time></trkpt><trkpt lat="22.278968333333335" lon="113.93217333333332"><ele>-16.0</ele><time>2026-03-23T06:50:56Z</time></trkpt><trkpt lat="22.27899" lon="113.93217000000001"><ele>-16.3</ele><time>2026-03-23T06:50:59Z</time></trkpt><trkpt lat="22.27900833333333" lon="113.93216833333332"><ele>-16.3</ele><time>2026-03-23T06:51:01Z</time></trkpt><trkpt lat="22.279031666666665" lon="113.93216333333334"><ele>-16.3</ele><time>2026-03-23T06:51:04Z</time></trkpt><trkpt lat="22.279049999999998" lon="113.93216333333334"><ele>-16.5</ele><time>2026-03-23T06:51:07Z</time></trkpt><trkpt lat="22.279073333333333" lon="113.93215833333333"><ele>-16.6</ele><time>2026-03-23T06:51:10Z</time></trkpt><trkpt lat="22.279094999999998" lon="113.93216"><ele>-16.9</ele><time>2026-03-23T06:51:13Z</time></trkpt><trkpt lat="22.27911333333333" lon="113.93216"><ele>-17.0</ele><time>2026-03-23T06:51:16Z</time></trkpt><trkpt lat="22.279131666666665" lon="113.93216333333334"><ele>-17.1</ele><time>2026-03-23T06:51:18Z</time></trkpt><trkpt lat="22.279153333333337" lon="113.93216499999998"><ele>-17.1</ele><time>2026-03-23T06:51:20Z</time></trkpt><trkpt lat="22.279173333333333" lon="113.93217000000001"><ele>-17.1</ele><time>2026-03-23T06:51:22Z</time></trkpt><trkpt lat="22.279191666666666" lon="113.93216833333332"><ele>-17.1</ele><time>2026-03-23T06:51:24Z</time></trkpt><trkpt lat="22.279213333333338" lon="113.93216833333332"><ele>-17.0</ele><time>2026-03-23T06:51:27Z</time></trkpt><trkpt lat="22.279231666666668" lon="113.93216666666667"><ele>-16.9</ele><time>2026-03-23T06:51:29Z</time></trkpt><trkpt lat="22.27925" lon="113.93216499999998"><ele>-16.7</ele><time>2026-03-23T06:51:32Z</time></trkpt><trkpt lat="22.279269999999997" lon="113.93216666666667"><ele>-16.3</ele><time>2026-03-23T06:51:34Z</time></trkpt><trkpt lat="22.27929166666667" lon="113.93216666666667"><ele>-16.0</ele><time>2026-03-23T06:51:36Z</time></trkpt><trkpt lat="22.27930666666667" lon="113.932155"><ele>-15.8</ele><time>2026-03-23T06:51:39Z</time></trkpt><trkpt lat="22.279298333333333" lon="113.93212999999999"><ele>-16.0</ele><time>2026-03-23T06:51:43Z</time></trkpt><trkpt lat="22.279295" lon="113.93211000000001"><ele>-16.0</ele><time>2026-03-23T06:51:46Z</time></trkpt><trkpt lat="22.279283333333336" lon="113.93209166666665"><ele>-16.1</ele><time>2026-03-23T06:51:49Z</time></trkpt><trkpt lat="22.279280000000004" lon="113.93207166666667"><ele>-16.0</ele><time>2026-03-23T06:51:51Z</time></trkpt><trkpt lat="22.279280000000004" lon="113.93203833333334"><ele>-15.899999999999999</ele><time>2026-03-23T06:51:53Z</time></trkpt><trkpt lat="22.279273333333336" lon="113.93201833333333"><ele>-15.600000000000001</ele><time>2026-03-23T06:51:55Z</time></trkpt><trkpt lat="22.279269999999997" lon="113.93198666666667"><ele>-15.600000000000001</ele><time>2026-03-23T06:51:58Z</time></trkpt><trkpt lat="22.279266666666665" lon="113.93196333333331"><ele>-15.0</ele><time>2026-03-23T06:52:01Z</time></trkpt><trkpt lat="22.279266666666665" lon="113.93194166666666"><ele>-14.8</ele><time>2026-03-23T06:52:04Z</time></trkpt><trkpt lat="22.279265000000002" lon="113.93192166666668"><ele>-14.600000000000001</ele><time>2026-03-23T06:52:06Z</time></trkpt><trkpt lat="22.279254999999996" lon="113.93189833333332"><ele>-14.8</ele><time>2026-03-23T06:52:08Z</time></trkpt><trkpt lat="22.279254999999996" lon="113.93186333333333"><ele>-14.600000000000001</ele><time>2026-03-23T06:52:10Z</time></trkpt><trkpt lat="22.27924833333333" lon="113.93183166666668"><ele>-14.2</ele><time>2026-03-23T06:52:12Z</time></trkpt><trkpt lat="22.27924666666667" lon="113.93180166666667"><ele>-13.899999999999999</ele><time>2026-03-23T06:52:15Z</time></trkpt><trkpt lat="22.279245" lon="113.93177666666666"><ele>-13.5</ele><time>2026-03-23T06:52:17Z</time></trkpt><trkpt lat="22.279239999999998" lon="113.93175666666666"><ele>-13.5</ele><time>2026-03-23T06:52:19Z</time></trkpt><trkpt lat="22.279236666666666" lon="113.93173"><ele>-13.7</ele><time>2026-03-23T06:52:21Z</time></trkpt><trkpt lat="22.279236666666666" lon="113.93170666666668"><ele>-14.0</ele><time>2026-03-23T06:52:23Z</time></trkpt><trkpt lat="22.279241666666667" lon="113.93167999999999"><ele>-14.100000000000001</ele><time>2026-03-23T06:52:25Z</time></trkpt><trkpt lat="22.279241666666667" lon="113.93165499999999"><ele>-14.2</ele><time>2026-03-23T06:52:27Z</time></trkpt><trkpt lat="22.27924666666667" lon="113.93162833333332"><ele>-14.3</ele><time>2026-03-23T06:52:32Z</time></trkpt><trkpt lat="22.27925" lon="113.931605"><ele>-14.0</ele><time>2026-03-23T06:52:34Z</time></trkpt><trkpt lat="22.279256666666665" lon="113.93158"><ele>-13.600000000000001</ele><time>2026-03-23T06:52:36Z</time></trkpt><trkpt lat="22.279266666666665" lon="113.93155"><ele>-13.3</ele><time>2026-03-23T06:52:38Z</time></trkpt><trkpt lat="22.279271666666666" lon="113.93152333333335"><ele>-13.0</ele><time>2026-03-23T06:52:41Z</time></trkpt><trkpt lat="22.279280000000004" lon="113.93150166666668"><ele>-12.8</ele><time>2026-03-23T06:52:43Z</time></trkpt><trkpt lat="22.279284999999998" lon="113.93148166666667"><ele>-12.2</ele><time>2026-03-23T06:52:45Z</time></trkpt><trkpt lat="22.27929166666667" lon="113.93146"><ele>-11.899999999999999</ele><time>2026-03-23T06:52:47Z</time></trkpt><trkpt lat="22.279308333333333" lon="113.93144"><ele>-11.5</ele><time>2026-03-23T06:52:49Z</time></trkpt><trkpt lat="22.279318333333336" lon="113.93141499999999"><ele>-11.100000000000001</ele><time>2026-03-23T06:52:52Z</time></trkpt><trkpt lat="22.27933666666667" lon="113.93139833333335"><ele>-10.7</ele><time>2026-03-23T06:52:55Z</time></trkpt><trkpt lat="22.27934833333334" lon="113.93137666666668"><ele>-10.399999999999999</ele><time>2026-03-23T06:52:58Z</time></trkpt><trkpt lat="22.279361666666667" lon="113.93135666666667"><ele>-10.2</ele><time>2026-03-23T06:53:01Z</time></trkpt><trkpt lat="22.279385" lon="113.93134666666668"><ele>-10.100000000000001</ele><time>2026-03-23T06:53:03Z</time></trkpt><trkpt lat="22.279403333333335" lon="113.93133000000002"><ele>-10.2</ele><time>2026-03-23T06:53:06Z</time></trkpt><trkpt lat="22.279428333333332" lon="113.93131666666667"><ele>-10.5</ele><time>2026-03-23T06:53:08Z</time></trkpt><trkpt lat="22.279460000000004" lon="113.93131"><ele>-10.899999999999999</ele><time>2026-03-23T06:53:10Z</time></trkpt><trkpt lat="22.279478333333333" lon="113.93130500000001"><ele>-10.899999999999999</ele><time>2026-03-23T06:53:11Z</time></trkpt><trkpt lat="22.27950166666667" lon="113.93129666666667"><ele>-11.100000000000001</ele><time>2026-03-23T06:53:13Z</time></trkpt><trkpt lat="22.279515" lon="113.93128166666665"><ele>-11.100000000000001</ele><time>2026-03-23T06:53:15Z</time></trkpt><trkpt lat="22.27953166666667" lon="113.93126666666667"><ele>-11.600000000000001</ele><time>2026-03-23T06:53:17Z</time></trkpt><trkpt lat="22.279550000000004" lon="113.93125666666668"><ele>-12.0</ele><time>2026-03-23T06:53:19Z</time></trkpt><trkpt lat="22.279568333333334" lon="113.93125333333334"><ele>-12.3</ele><time>2026-03-23T06:53:21Z</time></trkpt><trkpt lat="22.27959166666667" lon="113.93123833333333"><ele>-13.0</ele><time>2026-03-23T06:53:24Z</time></trkpt><trkpt lat="22.279613333333334" lon="113.93122999999999"><ele>-13.3</ele><time>2026-03-23T06:53:27Z</time></trkpt><trkpt lat="22.27962166666667" lon="113.93121000000001"><ele>-13.5</ele><time>2026-03-23T06:53:30Z</time></trkpt><trkpt lat="22.279629999999997" lon="113.93118166666666"><ele>-12.600000000000001</ele><time>2026-03-23T06:53:46Z</time></trkpt><trkpt lat="22.27965166666667" lon="113.93114500000001"><ele>-13.899999999999999</ele><time>2026-03-23T06:53:59Z</time></trkpt><trkpt lat="22.279674999999997" lon="113.93113833333334"><ele>-14.399999999999999</ele><time>2026-03-23T06:54:03Z</time></trkpt><trkpt lat="22.27969166666667" lon="113.93113"><ele>-14.600000000000001</ele><time>2026-03-23T06:54:06Z</time></trkpt><trkpt lat="22.279715000000003" lon="113.93112"><ele>-15.0</ele><time>2026-03-23T06:54:09Z</time></trkpt><trkpt lat="22.279735" lon="113.93111333333333"><ele>-15.2</ele><time>2026-03-23T06:54:11Z</time></trkpt><trkpt lat="22.27975666666667" lon="113.93110499999999"><ele>-15.0</ele><time>2026-03-23T06:54:14Z</time></trkpt><trkpt lat="22.279776666666667" lon="113.9311"><ele>-14.899999999999999</ele><time>2026-03-23T06:54:16Z</time></trkpt><trkpt lat="22.2798" lon="113.93110166666665"><ele>-14.899999999999999</ele><time>2026-03-23T06:54:20Z</time></trkpt><trkpt lat="22.279825" lon="113.93109166666666"><ele>-14.8</ele><time>2026-03-23T06:54:23Z</time></trkpt><trkpt lat="22.27985833333333" lon="113.931095"><ele>-13.600000000000001</ele><time>2026-03-23T06:54:45Z</time></trkpt><trkpt lat="22.279883333333334" lon="113.93110499999999"><ele>-14.2</ele><time>2026-03-23T06:54:47Z</time></trkpt><trkpt lat="22.279910000000005" lon="113.93109833333334"><ele>-13.899999999999999</ele><time>2026-03-23T06:54:50Z</time></trkpt><trkpt lat="22.279931666666666" lon="113.93109166666666"><ele>-14.600000000000001</ele><time>2026-03-23T06:54:52Z</time></trkpt><trkpt lat="22.279956666666667" lon="113.93108500000001"><ele>-15.100000000000001</ele><time>2026-03-23T06:54:54Z</time></trkpt><trkpt lat="22.279986666666666" lon="113.93108333333333"><ele>-15.399999999999999</ele><time>2026-03-23T06:54:56Z</time></trkpt><trkpt lat="22.280013333333333" lon="113.93107666666668"><ele>-15.600000000000001</ele><time>2026-03-23T06:54:58Z</time></trkpt><trkpt lat="22.28003833333333" lon="113.93106833333334"><ele>-15.8</ele><time>2026-03-23T06:55:00Z</time></trkpt><trkpt lat="22.280064999999997" lon="113.93106666666667"><ele>-15.7</ele><time>2026-03-23T06:55:02Z</time></trkpt><trkpt lat="22.280085" lon="113.93107166666665"><ele>-15.5</ele><time>2026-03-23T06:55:04Z</time></trkpt><trkpt lat="22.280106666666665" lon="113.93107333333334"><ele>-15.5</ele><time>2026-03-23T06:55:06Z</time></trkpt><trkpt lat="22.280131666666662" lon="113.93107"><ele>-15.3</ele><time>2026-03-23T06:55:09Z</time></trkpt><trkpt lat="22.280150000000003" lon="113.93107499999999"><ele>-15.5</ele><time>2026-03-23T06:55:11Z</time></trkpt><trkpt lat="22.28017333333333" lon="113.93108166666667"><ele>-15.8</ele><time>2026-03-23T06:55:13Z</time></trkpt><trkpt lat="22.280198333333335" lon="113.93108833333332"><ele>-16.1</ele><time>2026-03-23T06:55:16Z</time></trkpt><trkpt lat="22.28021833333333" lon="113.93109833333334"><ele>-16.5</ele><time>2026-03-23T06:55:18Z</time></trkpt><trkpt lat="22.280238333333333" lon="113.93110666666668"><ele>-17.2</ele><time>2026-03-23T06:55:20Z</time></trkpt><trkpt lat="22.280253333333334" lon="113.93112"><ele>-17.9</ele><time>2026-03-23T06:55:22Z</time></trkpt><trkpt lat="22.28026333333333" lon="113.93114500000001"><ele>-18.599999999999998</ele><time>2026-03-23T06:55:25Z</time></trkpt><trkpt lat="22.280268333333332" lon="113.93117"><ele>-18.8</ele><time>2026-03-23T06:55:27Z</time></trkpt><trkpt lat="22.28027833333333" lon="113.93119166666665"><ele>-18.8</ele><time>2026-03-23T06:55:29Z</time></trkpt><trkpt lat="22.280296666666665" lon="113.93119833333334"><ele>-19.0</ele><time>2026-03-23T06:55:37Z</time></trkpt><trkpt lat="22.28027666666667" lon="113.93120500000002"><ele>-17.4</ele><time>2026-03-23T06:55:50Z</time></trkpt><trkpt lat="22.280266666666662" lon="113.93122333333334"><ele>-15.5</ele><time>2026-03-23T06:55:58Z</time></trkpt><trkpt lat="22.280250000000002" lon="113.93124833333334"><ele>-15.2</ele><time>2026-03-23T06:56:27Z</time></trkpt><trkpt lat="22.280235" lon="113.93119999999999"><ele>-12.3</ele><time>2026-03-23T06:58:08Z</time></trkpt><trkpt lat="22.28020333333333" lon="113.93119999999999"><ele>-10.600000000000001</ele><time>2026-03-23T06:58:19Z</time></trkpt><trkpt lat="22.28018666666667" lon="113.93121500000001"><ele>-9.7</ele><time>2026-03-23T06:58:22Z</time></trkpt><trkpt lat="22.280198333333335" lon="113.93123666666666"><ele>-0.9000000000000001</ele><time>2026-03-23T06:59:15Z</time></trkpt><trkpt lat="22.280213333333336" lon="113.93125"><ele>-0.40000000000000013</ele><time>2026-03-23T06:59:18Z</time></trkpt><trkpt lat="22.280228333333337" lon="113.93123333333332"><ele>-0.40000000000000013</ele><time>2026-03-23T06:59:21Z</time></trkpt><trkpt lat="22.280246666666667" lon="113.93123833333333"><ele>-0.7000000000000002</ele><time>2026-03-23T06:59:24Z</time></trkpt><trkpt lat="22.280271666666668" lon="113.93124666666667"><ele>-0.40000000000000013</ele><time>2026-03-23T06:59:27Z</time></trkpt><trkpt lat="22.280298333333334" lon="113.93124833333334"><ele>-0.20000000000000018</ele><time>2026-03-23T06:59:29Z</time></trkpt><trkpt lat="22.28032" lon="113.93125333333334"><ele>-0.6000000000000001</ele><time>2026-03-23T06:59:31Z</time></trkpt><trkpt lat="22.280336666666667" lon="113.93124000000002"><ele>-2.0</ele><time>2026-03-23T06:59:35Z</time></trkpt><trkpt lat="22.280330000000003" lon="113.93121833333335"><ele>-3.2</ele><time>2026-03-23T06:59:37Z</time></trkpt><trkpt lat="22.280316666666668" lon="113.93119999999999"><ele>-4.4</ele><time>2026-03-23T06:59:39Z</time></trkpt><trkpt lat="22.280298333333334" lon="113.93119666666668"><ele>-5.800000000000001</ele><time>2026-03-23T06:59:41Z</time></trkpt><trkpt lat="22.280281666666664" lon="113.93120500000002"><ele>-6.2</ele><time>2026-03-23T06:59:43Z</time></trkpt><trkpt lat="22.280295000000002" lon="113.93122"><ele>-8.0</ele><time>2026-03-23T06:59:51Z</time></trkpt><trkpt lat="22.280315000000005" lon="113.93122333333334"><ele>-8.100000000000001</ele><time>2026-03-23T06:59:57Z</time></trkpt><trkpt lat="22.280330000000003" lon="113.93123500000002"><ele>-8.2</ele><time>2026-03-23T06:59:59Z</time></trkpt><trkpt lat="22.28035" lon="113.93125"><ele>-8.0</ele><time>2026-03-23T07:00:02Z</time></trkpt><trkpt lat="22.280358333333332" lon="113.93122833333334"><ele>-7.6000000000000005</ele><time>2026-03-23T07:00:19Z</time></trkpt><trkpt lat="22.280381666666667" lon="113.93121166666667"><ele>-8.0</ele><time>2026-03-23T07:00:23Z</time></trkpt><trkpt lat="22.280406666666668" lon="113.93120333333333"><ele>-7.7</ele><time>2026-03-23T07:00:25Z</time></trkpt><trkpt lat="22.280433333333335" lon="113.93119666666668"><ele>-7.4</ele><time>2026-03-23T07:00:27Z</time></trkpt><trkpt lat="22.280453333333337" lon="113.93119166666665"><ele>-7.2</ele><time>2026-03-23T07:00:29Z</time></trkpt><trkpt lat="22.280469999999998" lon="113.93118333333332"><ele>-7.2</ele><time>2026-03-23T07:00:31Z</time></trkpt><trkpt lat="22.28049" lon="113.93117666666667"><ele>-7.8</ele><time>2026-03-23T07:00:33Z</time></trkpt><trkpt lat="22.280511666666666" lon="113.93118333333332"><ele>-7.6000000000000005</ele><time>2026-03-23T07:00:35Z</time></trkpt><trkpt lat="22.280535" lon="113.93119166666665"><ele>-7.0</ele><time>2026-03-23T07:00:38Z</time></trkpt><trkpt lat="22.280553333333334" lon="113.93120166666668"><ele>-7.3</ele><time>2026-03-23T07:00:41Z</time></trkpt><trkpt lat="22.280571666666667" lon="113.93119999999999"><ele>-7.7</ele><time>2026-03-23T07:00:44Z</time></trkpt><trkpt lat="22.280595" lon="113.93119333333334"><ele>-8.2</ele><time>2026-03-23T07:00:47Z</time></trkpt><trkpt lat="22.280616666666667" lon="113.93119"><ele>-8.600000000000001</ele><time>2026-03-23T07:00:49Z</time></trkpt><trkpt lat="22.28063666666667" lon="113.93119166666665"><ele>-9.5</ele><time>2026-03-23T07:00:54Z</time></trkpt><trkpt lat="22.28065333333333" lon="113.93120166666668"><ele>-10.100000000000001</ele><time>2026-03-23T07:00:57Z</time></trkpt><trkpt lat="22.280674999999995" lon="113.93120666666667"><ele>-10.7</ele><time>2026-03-23T07:01:00Z</time></trkpt><trkpt lat="22.280691666666666" lon="113.93121666666666"><ele>-11.399999999999999</ele><time>2026-03-23T07:01:03Z</time></trkpt><trkpt lat="22.280685000000002" lon="113.93123833333333"><ele>-11.7</ele><time>2026-03-23T07:01:12Z</time></trkpt><trkpt lat="22.280663333333337" lon="113.93124166666666"><ele>-11.7</ele><time>2026-03-23T07:01:15Z</time></trkpt><trkpt lat="22.280643333333334" lon="113.93124000000002"><ele>-11.600000000000001</ele><time>2026-03-23T07:01:18Z</time></trkpt><trkpt lat="22.28062333333333" lon="113.931255"><ele>-11.3</ele><time>2026-03-23T07:01:29Z</time></trkpt><trkpt lat="22.280611666666665" lon="113.93127166666666"><ele>-11.399999999999999</ele><time>2026-03-23T07:01:31Z</time></trkpt><trkpt lat="22.280603333333335" lon="113.93129499999999"><ele>-11.399999999999999</ele><time>2026-03-23T07:01:35Z</time></trkpt><trkpt lat="22.28060833333333" lon="113.93132166666668"><ele>-11.899999999999999</ele><time>2026-03-23T07:01:38Z</time></trkpt><trkpt lat="22.280616666666667" lon="113.93134"><ele>-12.5</ele><time>2026-03-23T07:01:40Z</time></trkpt><trkpt lat="22.280629999999995" lon="113.93135833333332"><ele>-13.399999999999999</ele><time>2026-03-23T07:01:43Z</time></trkpt><trkpt lat="22.280648333333335" lon="113.93137"><ele>-13.899999999999999</ele><time>2026-03-23T07:01:47Z</time></trkpt><trkpt lat="22.280659999999997" lon="113.93138666666667"><ele>-14.2</ele><time>2026-03-23T07:01:50Z</time></trkpt><trkpt lat="22.28066833333333" lon="113.93140666666667"><ele>-14.399999999999999</ele><time>2026-03-23T07:01:52Z</time></trkpt><trkpt lat="22.280686666666664" lon="113.93140999999999"><ele>-14.3</ele><time>2026-03-23T07:01:55Z</time></trkpt><trkpt lat="22.28068166666667" lon="113.931435"><ele>-13.5</ele><time>2026-03-23T07:02:03Z</time></trkpt><trkpt lat="22.28068" lon="113.931455"><ele>-13.100000000000001</ele><time>2026-03-23T07:02:06Z</time></trkpt><trkpt lat="22.280686666666664" lon="113.93147499999999"><ele>-12.8</ele><time>2026-03-23T07:02:08Z</time></trkpt><trkpt lat="22.280685000000002" lon="113.93149833333334"><ele>-12.5</ele><time>2026-03-23T07:02:12Z</time></trkpt><trkpt lat="22.280701666666666" lon="113.931515"><ele>-12.5</ele><time>2026-03-23T07:02:16Z</time></trkpt><trkpt lat="22.280715" lon="113.93152833333333"><ele>-12.5</ele><time>2026-03-23T07:02:19Z</time></trkpt><trkpt lat="22.28072666666667" lon="113.93154333333332"><ele>-13.100000000000001</ele><time>2026-03-23T07:02:21Z</time></trkpt><trkpt lat="22.280736666666666" lon="113.93155999999999"><ele>-13.0</ele><time>2026-03-23T07:02:25Z</time></trkpt><trkpt lat="22.280745000000003" lon="113.93157833333335"><ele>-12.899999999999999</ele><time>2026-03-23T07:02:28Z</time></trkpt><trkpt lat="22.280745000000003" lon="113.93160166666667"><ele>-12.7</ele><time>2026-03-23T07:02:32Z</time></trkpt><trkpt lat="22.280746666666666" lon="113.93162333333333"><ele>-12.399999999999999</ele><time>2026-03-23T07:02:36Z</time></trkpt><trkpt lat="22.280753333333337" lon="113.93164166666665"><ele>-12.5</ele><time>2026-03-23T07:02:39Z</time></trkpt><trkpt lat="22.28077" lon="113.93166666666666"><ele>-12.8</ele><time>2026-03-23T07:03:01Z</time></trkpt><trkpt lat="22.280755" lon="113.93165166666668"><ele>-12.899999999999999</ele><time>2026-03-23T07:03:04Z</time></trkpt><trkpt lat="22.280745000000003" lon="113.931635"><ele>-13.0</ele><time>2026-03-23T07:03:06Z</time></trkpt><trkpt lat="22.280734999999996" lon="113.93161"><ele>-12.899999999999999</ele><time>2026-03-23T07:03:09Z</time></trkpt><trkpt lat="22.280733333333334" lon="113.93158999999999"><ele>-13.0</ele><time>2026-03-23T07:03:11Z</time></trkpt><trkpt lat="22.280725" lon="113.93157000000001"><ele>-13.3</ele><time>2026-03-23T07:03:14Z</time></trkpt><trkpt lat="22.280715" lon="113.93155333333334"><ele>-13.3</ele><time>2026-03-23T07:03:18Z</time></trkpt><trkpt lat="22.280701666666666" lon="113.93153666666667"><ele>-13.100000000000001</ele><time>2026-03-23T07:03:21Z</time></trkpt><trkpt lat="22.280683333333332" lon="113.93151666666667"><ele>-13.100000000000001</ele><time>2026-03-23T07:03:24Z</time></trkpt><trkpt lat="22.280671666666663" lon="113.93149666666667"><ele>-13.2</ele><time>2026-03-23T07:03:26Z</time></trkpt><trkpt lat="22.280658333333335" lon="113.93146166666665"><ele>-13.399999999999999</ele><time>2026-03-23T07:03:28Z</time></trkpt><trkpt lat="22.280646666666666" lon="113.93144166666667"><ele>-13.7</ele><time>2026-03-23T07:03:30Z</time></trkpt><trkpt lat="22.280629999999995" lon="113.931425"><ele>-14.100000000000001</ele><time>2026-03-23T07:03:33Z</time></trkpt><trkpt lat="22.28060833333333" lon="113.93140999999999"><ele>-14.399999999999999</ele><time>2026-03-23T07:03:36Z</time></trkpt><trkpt lat="22.280588333333338" lon="113.93139500000001"><ele>-14.5</ele><time>2026-03-23T07:03:38Z</time></trkpt><trkpt lat="22.280569999999997" lon="113.93137999999999"><ele>-14.600000000000001</ele><time>2026-03-23T07:03:40Z</time></trkpt><trkpt lat="22.28055" lon="113.93136833333334"><ele>-14.899999999999999</ele><time>2026-03-23T07:03:42Z</time></trkpt><trkpt lat="22.28053" lon="113.93136000000001"><ele>-14.8</ele><time>2026-03-23T07:03:44Z</time></trkpt><trkpt lat="22.28051833333333" lon="113.93137999999999"><ele>-15.0</ele><time>2026-03-23T07:03:48Z</time></trkpt><trkpt lat="22.280496666666668" lon="113.93139333333332"><ele>-15.0</ele><time>2026-03-23T07:03:52Z</time></trkpt><trkpt lat="22.280476666666665" lon="113.93139666666666"><ele>-15.0</ele><time>2026-03-23T07:03:54Z</time></trkpt><trkpt lat="22.280458333333332" lon="113.93138666666667"><ele>-14.899999999999999</ele><time>2026-03-23T07:03:56Z</time></trkpt><trkpt lat="22.28044" lon="113.93138333333333"><ele>-14.899999999999999</ele><time>2026-03-23T07:03:58Z</time></trkpt><trkpt lat="22.280421666666665" lon="113.93137499999999"><ele>-14.8</ele><time>2026-03-23T07:04:00Z</time></trkpt><trkpt lat="22.28039833333333" lon="113.93136166666666"><ele>-14.600000000000001</ele><time>2026-03-23T07:04:02Z</time></trkpt><trkpt lat="22.280373333333333" lon="113.93135166666667"><ele>-14.899999999999999</ele><time>2026-03-23T07:04:05Z</time></trkpt><trkpt lat="22.280351666666668" lon="113.93134666666668"><ele>-15.100000000000001</ele><time>2026-03-23T07:04:07Z</time></trkpt><trkpt lat="22.280330000000003" lon="113.93134166666665"><ele>-15.8</ele><time>2026-03-23T07:04:10Z</time></trkpt><trkpt lat="22.280311666666663" lon="113.93133666666667"><ele>-16.1</ele><time>2026-03-23T07:04:12Z</time></trkpt><trkpt lat="22.280288333333335" lon="113.93132166666668"><ele>-16.6</ele><time>2026-03-23T07:04:15Z</time></trkpt><trkpt lat="22.280270000000005" lon="113.931315"><ele>-17.1</ele><time>2026-03-23T07:04:18Z</time></trkpt><trkpt lat="22.280251666666665" lon="113.931315"><ele>-17.2</ele><time>2026-03-23T07:04:20Z</time></trkpt><trkpt lat="22.280228333333337" lon="113.93131999999999"><ele>-17.5</ele><time>2026-03-23T07:04:23Z</time></trkpt><trkpt lat="22.280206666666665" lon="113.93132333333332"><ele>-17.5</ele><time>2026-03-23T07:04:25Z</time></trkpt><trkpt lat="22.28018833333333" lon="113.93132666666666"><ele>-17.8</ele><time>2026-03-23T07:04:28Z</time></trkpt><trkpt lat="22.28017" lon="113.93132666666666"><ele>-17.9</ele><time>2026-03-23T07:04:30Z</time></trkpt><trkpt lat="22.280148333333333" lon="113.93133166666667"><ele>-18.0</ele><time>2026-03-23T07:04:33Z</time></trkpt><trkpt lat="22.280121666666666" lon="113.93133166666667"><ele>-18.1</ele><time>2026-03-23T07:04:36Z</time></trkpt><trkpt lat="22.280103333333333" lon="113.93132833333333"><ele>-18.1</ele><time>2026-03-23T07:04:38Z</time></trkpt><trkpt lat="22.28008333333333" lon="113.93132333333332"><ele>-18.1</ele><time>2026-03-23T07:04:41Z</time></trkpt><trkpt lat="22.280063333333334" lon="113.93130833333335"><ele>-18.2</ele><time>2026-03-23T07:04:44Z</time></trkpt><trkpt lat="22.280046666666667" lon="113.93128999999999"><ele>-18.3</ele><time>2026-03-23T07:04:47Z</time></trkpt><trkpt lat="22.280033333333336" lon="113.93127666666666"><ele>-18.3</ele><time>2026-03-23T07:04:49Z</time></trkpt><trkpt lat="22.280016666666665" lon="113.93128666666668"><ele>-18.9</ele><time>2026-03-23T07:04:52Z</time></trkpt><trkpt lat="22.280045000000005" lon="113.93128"><ele>-14.0</ele><time>2026-03-23T07:05:41Z</time></trkpt><trkpt lat="22.28000833333333" lon="113.93124666666667"><ele>-16.4</ele><time>2026-03-23T07:08:54Z</time></trkpt><trkpt lat="22.279991666666668" lon="113.93123166666668"><ele>-16.1</ele><time>2026-03-23T07:08:57Z</time></trkpt><trkpt lat="22.279981666666664" lon="113.93120666666667"><ele>-15.8</ele><time>2026-03-23T07:09:01Z</time></trkpt><trkpt lat="22.279980000000002" lon="113.93118666666666"><ele>-15.600000000000001</ele><time>2026-03-23T07:09:03Z</time></trkpt><trkpt lat="22.279966666666663" lon="113.93117166666667"><ele>-15.2</ele><time>2026-03-23T07:09:05Z</time></trkpt><trkpt lat="22.27995333333333" lon="113.93115666666667"><ele>-14.8</ele><time>2026-03-23T07:09:07Z</time></trkpt><trkpt lat="22.27993333333333" lon="113.93113999999998"><ele>-14.3</ele><time>2026-03-23T07:09:09Z</time></trkpt><trkpt lat="22.27991666666667" lon="113.93112333333332"><ele>-13.5</ele><time>2026-03-23T07:09:12Z</time></trkpt><trkpt lat="22.279895000000003" lon="113.93112333333332"><ele>-12.3</ele><time>2026-03-23T07:09:16Z</time></trkpt><trkpt lat="22.27989" lon="113.93110333333334"><ele>-10.7</ele><time>2026-03-23T07:09:22Z</time></trkpt><trkpt lat="22.279893333333334" lon="113.93107333333334"><ele>-10.399999999999999</ele><time>2026-03-23T07:09:25Z</time></trkpt><trkpt lat="22.279899999999998" lon="113.93104833333334"><ele>-10.100000000000001</ele><time>2026-03-23T07:09:27Z</time></trkpt><trkpt lat="22.27990833333333" lon="113.93101333333334"><ele>-10.399999999999999</ele><time>2026-03-23T07:09:29Z</time></trkpt><trkpt lat="22.279915" lon="113.93098666666668"><ele>-10.2</ele><time>2026-03-23T07:09:31Z</time></trkpt><trkpt lat="22.279923333333333" lon="113.93096333333332"><ele>-9.5</ele><time>2026-03-23T07:09:34Z</time></trkpt><trkpt lat="22.27993333333333" lon="113.93094"><ele>-9.100000000000001</ele><time>2026-03-23T07:09:36Z</time></trkpt><trkpt lat="22.279940000000003" lon="113.93092"><ele>-8.5</ele><time>2026-03-23T07:09:38Z</time></trkpt><trkpt lat="22.279946666666667" lon="113.9309"><ele>-7.8</ele><time>2026-03-23T07:09:40Z</time></trkpt><trkpt lat="22.279951666666662" lon="113.93086999999998"><ele>-6.4</ele><time>2026-03-23T07:09:42Z</time></trkpt><trkpt lat="22.27995333333333" lon="113.93084166666668"><ele>-6.1</ele><time>2026-03-23T07:09:44Z</time></trkpt><trkpt lat="22.279956666666667" lon="113.93081333333333"><ele>-5.6</ele><time>2026-03-23T07:09:48Z</time></trkpt><trkpt lat="22.27996166666667" lon="113.93078833333333"><ele>-5.5</ele><time>2026-03-23T07:09:50Z</time></trkpt><trkpt lat="22.279970000000002" lon="113.93076333333332"><ele>-5.4</ele><time>2026-03-23T07:09:52Z</time></trkpt><trkpt lat="22.279968333333333" lon="113.93074"><ele>-5.4</ele><time>2026-03-23T07:09:54Z</time></trkpt><trkpt lat="22.279974999999997" lon="113.93071833333333"><ele>-5.7</ele><time>2026-03-23T07:09:57Z</time></trkpt><trkpt lat="22.279981666666664" lon="113.93069500000001"><ele>-5.800000000000001</ele><time>2026-03-23T07:10:00Z</time></trkpt><trkpt lat="22.279985000000003" lon="113.93067166666667"><ele>-5.4</ele><time>2026-03-23T07:10:03Z</time></trkpt><trkpt lat="22.279988333333336" lon="113.93065"><ele>-6.1</ele><time>2026-03-23T07:10:05Z</time></trkpt><trkpt lat="22.279991666666668" lon="113.93062333333334"><ele>-6.7</ele><time>2026-03-23T07:10:07Z</time></trkpt><trkpt lat="22.27999333333333" lon="113.93059333333333"><ele>-7.6000000000000005</ele><time>2026-03-23T07:10:10Z</time></trkpt><trkpt lat="22.279995" lon="113.93057166666668"><ele>-7.9</ele><time>2026-03-23T07:10:12Z</time></trkpt><trkpt lat="22.280000000000005" lon="113.93054833333332"><ele>-7.8</ele><time>2026-03-23T07:10:14Z</time></trkpt><trkpt lat="22.27999833333333" lon="113.93052666666667"><ele>-8.0</ele><time>2026-03-23T07:10:16Z</time></trkpt><trkpt lat="22.27999833333333" lon="113.930505"><ele>-8.100000000000001</ele><time>2026-03-23T07:10:18Z</time></trkpt><trkpt lat="22.280001666666667" lon="113.93048166666668"><ele>-8.0</ele><time>2026-03-23T07:10:20Z</time></trkpt><trkpt lat="22.280003333333337" lon="113.93045833333332"><ele>-8.100000000000001</ele><time>2026-03-23T07:10:22Z</time></trkpt><trkpt lat="22.279996666666662" lon="113.93043833333334"><ele>-8.2</ele><time>2026-03-23T07:10:24Z</time></trkpt><trkpt lat="22.279995" lon="113.93041666666667"><ele>-8.100000000000001</ele><time>2026-03-23T07:10:26Z</time></trkpt><trkpt lat="22.27999833333333" lon="113.93039500000002"><ele>-8.100000000000001</ele><time>2026-03-23T07:10:28Z</time></trkpt><trkpt lat="22.280005" lon="113.93037166666666"><ele>-8.2</ele><time>2026-03-23T07:10:30Z</time></trkpt><trkpt lat="22.28000666666667" lon="113.93034666666667"><ele>-8.2</ele><time>2026-03-23T07:10:33Z</time></trkpt><trkpt lat="22.280013333333333" lon="113.93032333333333"><ele>-8.8</ele><time>2026-03-23T07:10:36Z</time></trkpt><trkpt lat="22.280019999999997" lon="113.93030500000002"><ele>-8.7</ele><time>2026-03-23T07:10:39Z</time></trkpt><trkpt lat="22.280033333333336" lon="113.93028333333332"><ele>-8.3</ele><time>2026-03-23T07:10:43Z</time></trkpt><trkpt lat="22.280033333333336" lon="113.93025833333334"><ele>-8.100000000000001</ele><time>2026-03-23T07:10:45Z</time></trkpt><trkpt lat="22.280030000000004" lon="113.93023166666666"><ele>-7.8</ele><time>2026-03-23T07:10:48Z</time></trkpt><trkpt lat="22.280025000000002" lon="113.93020666666668"><ele>-7.5</ele><time>2026-03-23T07:10:51Z</time></trkpt><trkpt lat="22.280028333333334" lon="113.93018"><ele>-7.9</ele><time>2026-03-23T07:10:53Z</time></trkpt><trkpt lat="22.280033333333336" lon="113.93015500000001"><ele>-8.2</ele><time>2026-03-23T07:10:55Z</time></trkpt><trkpt lat="22.280034999999998" lon="113.93012833333333"><ele>-8.100000000000001</ele><time>2026-03-23T07:10:57Z</time></trkpt><trkpt lat="22.28004333333333" lon="113.930105"><ele>-8.9</ele><time>2026-03-23T07:11:00Z</time></trkpt><trkpt lat="22.28005" lon="113.93008666666668"><ele>-10.100000000000001</ele><time>2026-03-23T07:11:03Z</time></trkpt><trkpt lat="22.280056666666663" lon="113.93006166666667"><ele>-10.899999999999999</ele><time>2026-03-23T07:11:06Z</time></trkpt><trkpt lat="22.28005" lon="113.93003833333333"><ele>-11.5</ele><time>2026-03-23T07:11:08Z</time></trkpt><trkpt lat="22.28004" lon="113.93001000000001"><ele>-12.0</ele><time>2026-03-23T07:11:10Z</time></trkpt><trkpt lat="22.280030000000004" lon="113.92998666666666"><ele>-12.399999999999999</ele><time>2026-03-23T07:11:12Z</time></trkpt><trkpt lat="22.280005" lon="113.92996999999998"><ele>-12.399999999999999</ele><time>2026-03-23T07:11:14Z</time></trkpt><trkpt lat="22.279981666666664" lon="113.92995166666667"><ele>-12.5</ele><time>2026-03-23T07:11:16Z</time></trkpt><trkpt lat="22.279955000000005" lon="113.92994500000002"><ele>-13.2</ele><time>2026-03-23T07:11:18Z</time></trkpt><trkpt lat="22.279926666666665" lon="113.92994333333333"><ele>-12.3</ele><time>2026-03-23T07:11:20Z</time></trkpt><trkpt lat="22.279898333333335" lon="113.92993999999999"><ele>-11.899999999999999</ele><time>2026-03-23T07:11:22Z</time></trkpt><trkpt lat="22.279880000000002" lon="113.92993833333334"><ele>-11.2</ele><time>2026-03-23T07:11:25Z</time></trkpt><trkpt lat="22.279881666666665" lon="113.92991833333332"><ele>-9.4</ele><time>2026-03-23T07:11:32Z</time></trkpt><trkpt lat="22.279884999999997" lon="113.92989666666666"><ele>-8.4</ele><time>2026-03-23T07:11:37Z</time></trkpt><trkpt lat="22.279866666666667" lon="113.92988666666666"><ele>-8.5</ele><time>2026-03-23T07:11:40Z</time></trkpt><trkpt lat="22.279868333333336" lon="113.92986666666665"><ele>-8.600000000000001</ele><time>2026-03-23T07:11:42Z</time></trkpt><trkpt lat="22.27987" lon="113.92984166666665"><ele>-8.9</ele><time>2026-03-23T07:11:44Z</time></trkpt><trkpt lat="22.279878333333333" lon="113.92981833333333"><ele>-9.600000000000001</ele><time>2026-03-23T07:11:47Z</time></trkpt><trkpt lat="22.27988833333333" lon="113.92979666666666"><ele>-10.399999999999999</ele><time>2026-03-23T07:11:49Z</time></trkpt><trkpt lat="22.279886666666666" lon="113.92977333333334"><ele>-10.899999999999999</ele><time>2026-03-23T07:11:50Z</time></trkpt><trkpt lat="22.279883333333334" lon="113.92973666666667"><ele>-12.0</ele><time>2026-03-23T07:11:52Z</time></trkpt><trkpt lat="22.279881666666665" lon="113.929715"><ele>-12.600000000000001</ele><time>2026-03-23T07:11:54Z</time></trkpt><trkpt lat="22.279881666666665" lon="113.92968666666665"><ele>-13.8</ele><time>2026-03-23T07:11:56Z</time></trkpt><trkpt lat="22.279875" lon="113.92966333333334"><ele>-14.600000000000001</ele><time>2026-03-23T07:11:58Z</time></trkpt><trkpt lat="22.27987666666667" lon="113.92963499999999"><ele>-15.0</ele><time>2026-03-23T07:12:01Z</time></trkpt><trkpt lat="22.279875" lon="113.92961333333332"><ele>-15.0</ele><time>2026-03-23T07:12:04Z</time></trkpt><trkpt lat="22.279875" lon="113.92959333333334"><ele>-14.899999999999999</ele><time>2026-03-23T07:12:07Z</time></trkpt><trkpt lat="22.27986333333333" lon="113.92952166666667"><ele>-13.399999999999999</ele><time>2026-03-23T07:12:35Z</time></trkpt><trkpt lat="22.27985833333333" lon="113.9295"><ele>-13.100000000000001</ele><time>2026-03-23T07:12:38Z</time></trkpt><trkpt lat="22.27986166666667" lon="113.929475"><ele>-13.100000000000001</ele><time>2026-03-23T07:12:41Z</time></trkpt><trkpt lat="22.279866666666667" lon="113.92945166666665"><ele>-12.899999999999999</ele><time>2026-03-23T07:12:43Z</time></trkpt><trkpt lat="22.279881666666665" lon="113.92942666666667"><ele>-12.8</ele><time>2026-03-23T07:12:45Z</time></trkpt><trkpt lat="22.27990333333333" lon="113.92941"><ele>-12.5</ele><time>2026-03-23T07:12:47Z</time></trkpt><trkpt lat="22.279926666666665" lon="113.92939"><ele>-11.899999999999999</ele><time>2026-03-23T07:12:49Z</time></trkpt><trkpt lat="22.27995333333333" lon="113.929385"><ele>-11.3</ele><time>2026-03-23T07:12:51Z</time></trkpt><trkpt lat="22.279974999999997" lon="113.92938000000001"><ele>-10.8</ele><time>2026-03-23T07:12:53Z</time></trkpt><trkpt lat="22.27999833333333" lon="113.92936499999999"><ele>-10.3</ele><time>2026-03-23T07:12:56Z</time></trkpt><trkpt lat="22.280028333333334" lon="113.92935333333335"><ele>-9.600000000000001</ele><time>2026-03-23T07:12:59Z</time></trkpt><trkpt lat="22.280055" lon="113.92934333333332"><ele>-9.5</ele><time>2026-03-23T07:13:01Z</time></trkpt><trkpt lat="22.280071666666664" lon="113.929335"><ele>-9.3</ele><time>2026-03-23T07:13:03Z</time></trkpt><trkpt lat="22.280075000000004" lon="113.92931166666668"><ele>-9.100000000000001</ele><time>2026-03-23T07:13:06Z</time></trkpt><trkpt lat="22.280076666666666" lon="113.92929166666666"><ele>-8.9</ele><time>2026-03-23T07:13:08Z</time></trkpt><trkpt lat="22.280078333333336" lon="113.92926666666666"><ele>-8.5</ele><time>2026-03-23T07:13:10Z</time></trkpt><trkpt lat="22.280078333333336" lon="113.92924"><ele>-8.2</ele><time>2026-03-23T07:13:12Z</time></trkpt><trkpt lat="22.280076666666666" lon="113.92921333333334"><ele>-7.8</ele><time>2026-03-23T07:13:15Z</time></trkpt><trkpt lat="22.280073333333334" lon="113.92918499999999"><ele>-7.2</ele><time>2026-03-23T07:13:17Z</time></trkpt><trkpt lat="22.280073333333334" lon="113.92916333333332"><ele>-7.0</ele><time>2026-03-23T07:13:19Z</time></trkpt><trkpt lat="22.280075000000004" lon="113.92914333333334"><ele>-6.7</ele><time>2026-03-23T07:13:21Z</time></trkpt><trkpt lat="22.280075000000004" lon="113.92912166666669"><ele>-6.4</ele><time>2026-03-23T07:13:23Z</time></trkpt><trkpt lat="22.280075000000004" lon="113.92909499999999"><ele>-6.2</ele><time>2026-03-23T07:13:25Z</time></trkpt><trkpt lat="22.280081666666668" lon="113.92906833333333"><ele>-5.7</ele><time>2026-03-23T07:13:27Z</time></trkpt><trkpt lat="22.280079999999998" lon="113.92903666666668"><ele>-5.4</ele><time>2026-03-23T07:13:29Z</time></trkpt><trkpt lat="22.280078333333336" lon="113.929015"><ele>-5.0</ele><time>2026-03-23T07:13:31Z</time></trkpt><trkpt lat="22.280075000000004" lon="113.928995"><ele>-4.800000000000001</ele><time>2026-03-23T07:13:33Z</time></trkpt><trkpt lat="22.28006833333333" lon="113.92896666666665"><ele>-4.7</ele><time>2026-03-23T07:13:35Z</time></trkpt><trkpt lat="22.280058333333333" lon="113.92893833333333"><ele>-4.5</ele><time>2026-03-23T07:13:37Z</time></trkpt><trkpt lat="22.28005166666667" lon="113.92891666666668"><ele>-4.4</ele><time>2026-03-23T07:13:39Z</time></trkpt><trkpt lat="22.28005" lon="113.92889333333332"><ele>-4.7</ele><time>2026-03-23T07:13:42Z</time></trkpt><trkpt lat="22.280045000000005" lon="113.92887166666667"><ele>-4.800000000000001</ele><time>2026-03-23T07:13:44Z</time></trkpt><trkpt lat="22.280034999999998" lon="113.92884833333333"><ele>-5.1</ele><time>2026-03-23T07:13:46Z</time></trkpt><trkpt lat="22.280018333333334" lon="113.92882"><ele>-5.1</ele><time>2026-03-23T07:13:48Z</time></trkpt><trkpt lat="22.28000833333333" lon="113.92879833333333"><ele>-5.0</ele><time>2026-03-23T07:13:50Z</time></trkpt><trkpt lat="22.279996666666662" lon="113.92878166666667"><ele>-4.9</ele><time>2026-03-23T07:13:52Z</time></trkpt><trkpt lat="22.279985000000003" lon="113.92876"><ele>-4.7</ele><time>2026-03-23T07:13:54Z</time></trkpt><trkpt lat="22.279968333333333" lon="113.92873833333333"><ele>-4.6</ele><time>2026-03-23T07:13:56Z</time></trkpt><trkpt lat="22.279956666666667" lon="113.92871500000001"><ele>-4.5</ele><time>2026-03-23T07:13:58Z</time></trkpt><trkpt lat="22.279943333333335" lon="113.928695"><ele>-4.5</ele><time>2026-03-23T07:14:01Z</time></trkpt><trkpt lat="22.279923333333333" lon="113.92868333333332"><ele>-5.0</ele><time>2026-03-23T07:14:04Z</time></trkpt><trkpt lat="22.279910000000005" lon="113.92866833333333"><ele>-5.2</ele><time>2026-03-23T07:14:06Z</time></trkpt><trkpt lat="22.279893333333334" lon="113.92864833333333"><ele>-5.9</ele><time>2026-03-23T07:14:09Z</time></trkpt><trkpt lat="22.279884999999997" lon="113.92863000000001"><ele>-6.2</ele><time>2026-03-23T07:14:11Z</time></trkpt><trkpt lat="22.279866666666667" lon="113.928615"><ele>-6.4</ele><time>2026-03-23T07:14:13Z</time></trkpt><trkpt lat="22.279854999999998" lon="113.92859333333332"><ele>-6.4</ele><time>2026-03-23T07:14:15Z</time></trkpt><trkpt lat="22.279836666666665" lon="113.92856666666667"><ele>-6.5</ele><time>2026-03-23T07:14:17Z</time></trkpt><trkpt lat="22.279825" lon="113.92855166666668"><ele>-6.6000000000000005</ele><time>2026-03-23T07:14:19Z</time></trkpt><trkpt lat="22.279811666666667" lon="113.92853666666666"><ele>-6.6000000000000005</ele><time>2026-03-23T07:14:21Z</time></trkpt><trkpt lat="22.27979833333333" lon="113.92851666666665"><ele>-6.5</ele><time>2026-03-23T07:14:23Z</time></trkpt><trkpt lat="22.279785" lon="113.92850166666668"><ele>-6.7</ele><time>2026-03-23T07:14:25Z</time></trkpt><trkpt lat="22.27977166666667" lon="113.928485"><ele>-6.9</ele><time>2026-03-23T07:14:27Z</time></trkpt><trkpt lat="22.27977333333333" lon="113.92846"><ele>-7.1000000000000005</ele><time>2026-03-23T07:14:29Z</time></trkpt><trkpt lat="22.27978333333333" lon="113.92843833333333"><ele>-7.3</ele><time>2026-03-23T07:14:31Z</time></trkpt><trkpt lat="22.279796666666666" lon="113.92842333333334"><ele>-7.6000000000000005</ele><time>2026-03-23T07:14:33Z</time></trkpt><trkpt lat="22.27981333333333" lon="113.92839833333333"><ele>-7.7</ele><time>2026-03-23T07:14:35Z</time></trkpt><trkpt lat="22.27983166666667" lon="113.92837666666668"><ele>-7.8</ele><time>2026-03-23T07:14:37Z</time></trkpt><trkpt lat="22.279851666666666" lon="113.92836000000001"><ele>-7.9</ele><time>2026-03-23T07:14:39Z</time></trkpt><trkpt lat="22.27986333333333" lon="113.92833333333334"><ele>-8.0</ele><time>2026-03-23T07:14:42Z</time></trkpt><trkpt lat="22.27987" lon="113.92830666666666"><ele>-8.3</ele><time>2026-03-23T07:14:44Z</time></trkpt><trkpt lat="22.279878333333333" lon="113.92828166666668"><ele>-8.600000000000001</ele><time>2026-03-23T07:14:46Z</time></trkpt><trkpt lat="22.27988833333333" lon="113.92825666666667"><ele>-9.100000000000001</ele><time>2026-03-23T07:14:48Z</time></trkpt><trkpt lat="22.27990666666667" lon="113.92823333333332"><ele>-9.600000000000001</ele><time>2026-03-23T07:14:51Z</time></trkpt><trkpt lat="22.279925000000002" lon="113.92822"><ele>-9.8</ele><time>2026-03-23T07:14:53Z</time></trkpt><trkpt lat="22.279944999999998" lon="113.92821"><ele>-9.9</ele><time>2026-03-23T07:14:55Z</time></trkpt><trkpt lat="22.27996166666667" lon="113.92819833333333"><ele>-9.7</ele><time>2026-03-23T07:14:57Z</time></trkpt><trkpt lat="22.279980000000002" lon="113.92819"><ele>-9.5</ele><time>2026-03-23T07:14:59Z</time></trkpt><trkpt lat="22.280001666666667" lon="113.92818333333335"><ele>-9.4</ele><time>2026-03-23T07:15:01Z</time></trkpt><trkpt lat="22.280019999999997" lon="113.92817333333332"><ele>-9.4</ele><time>2026-03-23T07:15:03Z</time></trkpt><trkpt lat="22.280030000000004" lon="113.928155"><ele>-9.5</ele><time>2026-03-23T07:15:06Z</time></trkpt><trkpt lat="22.280031666666666" lon="113.92813499999998"><ele>-9.9</ele><time>2026-03-23T07:15:08Z</time></trkpt><trkpt lat="22.280025000000002" lon="113.92811666666667"><ele>-10.3</ele><time>2026-03-23T07:15:10Z</time></trkpt><trkpt lat="22.280013333333333" lon="113.928095"><ele>-10.399999999999999</ele><time>2026-03-23T07:15:12Z</time></trkpt><trkpt lat="22.280005" lon="113.92807666666667"><ele>-10.2</ele><time>2026-03-23T07:15:14Z</time></trkpt><trkpt lat="22.280000000000005" lon="113.92805166666668"><ele>-10.0</ele><time>2026-03-23T07:15:16Z</time></trkpt><trkpt lat="22.279995" lon="113.92802333333333"><ele>-9.8</ele><time>2026-03-23T07:15:18Z</time></trkpt><trkpt lat="22.279991666666668" lon="113.92800333333335"><ele>-9.7</ele><time>2026-03-23T07:15:20Z</time></trkpt><trkpt lat="22.279986666666666" lon="113.927975"><ele>-9.2</ele><time>2026-03-23T07:15:23Z</time></trkpt><trkpt lat="22.27997833333333" lon="113.92795"><ele>-9.100000000000001</ele><time>2026-03-23T07:15:25Z</time></trkpt><trkpt lat="22.279970000000002" lon="113.92792"><ele>-9.100000000000001</ele><time>2026-03-23T07:15:27Z</time></trkpt><trkpt lat="22.27996166666667" lon="113.92789499999999"><ele>-9.100000000000001</ele><time>2026-03-23T07:15:30Z</time></trkpt><trkpt lat="22.279956666666667" lon="113.92787333333332"><ele>-9.0</ele><time>2026-03-23T07:15:32Z</time></trkpt><trkpt lat="22.279951666666662" lon="113.92784833333332"><ele>-9.0</ele><time>2026-03-23T07:15:34Z</time></trkpt><trkpt lat="22.27996166666667" lon="113.92782333333335"><ele>-8.7</ele><time>2026-03-23T07:15:36Z</time></trkpt><trkpt lat="22.27997833333333" lon="113.92781000000001"><ele>-8.5</ele><time>2026-03-23T07:15:38Z</time></trkpt><trkpt lat="22.279996666666662" lon="113.92780166666668"><ele>-8.7</ele><time>2026-03-23T07:15:40Z</time></trkpt><trkpt lat="22.28002333333333" lon="113.92779166666666"><ele>-8.2</ele><time>2026-03-23T07:15:43Z</time></trkpt><trkpt lat="22.28003833333333" lon="113.92778000000001"><ele>-7.9</ele><time>2026-03-23T07:15:45Z</time></trkpt><trkpt lat="22.280061666666665" lon="113.92777833333334"><ele>-8.2</ele><time>2026-03-23T07:15:52Z</time></trkpt><trkpt lat="22.280079999999998" lon="113.92777666666667"><ele>-7.7</ele><time>2026-03-23T07:15:54Z</time></trkpt><trkpt lat="22.280105000000002" lon="113.92776833333333"><ele>-7.3</ele><time>2026-03-23T07:15:56Z</time></trkpt><trkpt lat="22.280131666666662" lon="113.92776166666665"><ele>-7.1000000000000005</ele><time>2026-03-23T07:15:59Z</time></trkpt><trkpt lat="22.280150000000003" lon="113.92776"><ele>-6.9</ele><time>2026-03-23T07:16:01Z</time></trkpt><trkpt lat="22.28017" lon="113.92775333333333"><ele>-6.7</ele><time>2026-03-23T07:16:03Z</time></trkpt><trkpt lat="22.28018833333333" lon="113.92774833333333"><ele>-6.5</ele><time>2026-03-23T07:16:05Z</time></trkpt><trkpt lat="22.280206666666665" lon="113.92774333333334"><ele>-5.9</ele><time>2026-03-23T07:16:07Z</time></trkpt><trkpt lat="22.280225000000005" lon="113.92774166666668"><ele>-5.6</ele><time>2026-03-23T07:16:09Z</time></trkpt><trkpt lat="22.280250000000002" lon="113.92773333333335"><ele>-5.0</ele><time>2026-03-23T07:16:12Z</time></trkpt><trkpt lat="22.280268333333332" lon="113.92772833333332"><ele>-4.800000000000001</ele><time>2026-03-23T07:16:14Z</time></trkpt><trkpt lat="22.280291666666667" lon="113.92771833333333"><ele>-5.2</ele><time>2026-03-23T07:16:17Z</time></trkpt><trkpt lat="22.28031" lon="113.92770833333334"><ele>-5.1</ele><time>2026-03-23T07:16:19Z</time></trkpt><trkpt lat="22.28032333333333" lon="113.92769000000001"><ele>-5.300000000000001</ele><time>2026-03-23T07:16:22Z</time></trkpt><trkpt lat="22.280343333333334" lon="113.92767166666665"><ele>-6.0</ele><time>2026-03-23T07:16:25Z</time></trkpt><trkpt lat="22.280356666666663" lon="113.92765666666668"><ele>-6.3</ele><time>2026-03-23T07:16:27Z</time></trkpt><trkpt lat="22.28037" lon="113.92764333333335"><ele>-6.4</ele><time>2026-03-23T07:16:29Z</time></trkpt><trkpt lat="22.28038333333333" lon="113.92763000000001"><ele>-6.4</ele><time>2026-03-23T07:16:31Z</time></trkpt><trkpt lat="22.280395" lon="113.927615"><ele>-6.4</ele><time>2026-03-23T07:16:33Z</time></trkpt><trkpt lat="22.280421666666665" lon="113.92760666666666"><ele>-6.4</ele><time>2026-03-23T07:16:36Z</time></trkpt><trkpt lat="22.28044" lon="113.92759833333334"><ele>-6.3</ele><time>2026-03-23T07:16:38Z</time></trkpt><trkpt lat="22.280458333333332" lon="113.92759166666669"><ele>-6.4</ele><time>2026-03-23T07:16:40Z</time></trkpt><trkpt lat="22.28047333333333" lon="113.92757833333332"><ele>-6.5</ele><time>2026-03-23T07:16:43Z</time></trkpt><trkpt lat="22.280496666666668" lon="113.92756166666668"><ele>-6.8</ele><time>2026-03-23T07:16:46Z</time></trkpt><trkpt lat="22.280513333333335" lon="113.92755166666666"><ele>-6.8</ele><time>2026-03-23T07:16:48Z</time></trkpt><trkpt lat="22.280535" lon="113.92753833333333"><ele>-6.7</ele><time>2026-03-23T07:16:51Z</time></trkpt><trkpt lat="22.28055" lon="113.92752333333334"><ele>-6.6000000000000005</ele><time>2026-03-23T07:16:53Z</time></trkpt><trkpt lat="22.280568333333335" lon="113.92750333333333"><ele>-6.6000000000000005</ele><time>2026-03-23T07:16:55Z</time></trkpt><trkpt lat="22.28059" lon="113.92749333333335"><ele>-6.5</ele><time>2026-03-23T07:16:57Z</time></trkpt><trkpt lat="22.280610000000003" lon="113.92748333333333"><ele>-6.4</ele><time>2026-03-23T07:17:00Z</time></trkpt><trkpt lat="22.280625" lon="113.92747"><ele>-6.6000000000000005</ele><time>2026-03-23T07:17:02Z</time></trkpt><trkpt lat="22.280643333333334" lon="113.92745166666667"><ele>-6.6000000000000005</ele><time>2026-03-23T07:17:04Z</time></trkpt><trkpt lat="22.280661666666667" lon="113.92743833333334"><ele>-6.8</ele><time>2026-03-23T07:17:06Z</time></trkpt><trkpt lat="22.280678333333338" lon="113.92743"><ele>-6.8</ele><time>2026-03-23T07:17:08Z</time></trkpt><trkpt lat="22.280696666666667" lon="113.92742833333332"><ele>-6.6000000000000005</ele><time>2026-03-23T07:17:10Z</time></trkpt><trkpt lat="22.280715" lon="113.92742500000001"><ele>-6.4</ele><time>2026-03-23T07:17:12Z</time></trkpt><trkpt lat="22.280739999999998" lon="113.92742166666667"><ele>-6.1</ele><time>2026-03-23T07:17:14Z</time></trkpt><trkpt lat="22.280764999999995" lon="113.92741833333334"><ele>-5.9</ele><time>2026-03-23T07:17:16Z</time></trkpt><trkpt lat="22.280781666666666" lon="113.92740833333333"><ele>-5.6</ele><time>2026-03-23T07:17:18Z</time></trkpt><trkpt lat="22.2808" lon="113.92739833333331"><ele>-5.2</ele><time>2026-03-23T07:17:20Z</time></trkpt><trkpt lat="22.280823333333334" lon="113.92738499999999"><ele>-4.9</ele><time>2026-03-23T07:17:23Z</time></trkpt><trkpt lat="22.280843333333337" lon="113.92737666666666"><ele>-4.6</ele><time>2026-03-23T07:17:25Z</time></trkpt><trkpt lat="22.28086166666667" lon="113.92736833333332"><ele>-4.800000000000001</ele><time>2026-03-23T07:17:27Z</time></trkpt><trkpt lat="22.280881666666666" lon="113.92736166666667"><ele>-4.800000000000001</ele><time>2026-03-23T07:17:29Z</time></trkpt><trkpt lat="22.280903333333338" lon="113.92735333333333"><ele>-4.7</ele><time>2026-03-23T07:17:32Z</time></trkpt><trkpt lat="22.28092333333333" lon="113.92734166666666"><ele>-4.800000000000001</ele><time>2026-03-23T07:17:34Z</time></trkpt><trkpt lat="22.280953333333333" lon="113.92733333333332"><ele>-4.7</ele><time>2026-03-23T07:17:36Z</time></trkpt><trkpt lat="22.280965" lon="113.92731833333333"><ele>-4.7</ele><time>2026-03-23T07:17:38Z</time></trkpt><trkpt lat="22.28098333333333" lon="113.92731166666665"><ele>-4.800000000000001</ele><time>2026-03-23T07:17:40Z</time></trkpt><trkpt lat="22.28101" lon="113.92730666666667"><ele>-4.5</ele><time>2026-03-23T07:17:42Z</time></trkpt><trkpt lat="22.281031666666664" lon="113.92730166666666"><ele>-4.6</ele><time>2026-03-23T07:17:44Z</time></trkpt><trkpt lat="22.281056666666668" lon="113.92729333333334"><ele>-4.300000000000001</ele><time>2026-03-23T07:17:47Z</time></trkpt><trkpt lat="22.281078333333333" lon="113.92728333333335"><ele>-4.0</ele><time>2026-03-23T07:17:49Z</time></trkpt><trkpt lat="22.281093333333335" lon="113.92726666666667"><ele>-3.6</ele><time>2026-03-23T07:17:51Z</time></trkpt><trkpt lat="22.281111666666668" lon="113.92724666666666"><ele>-3.5</ele><time>2026-03-23T07:17:53Z</time></trkpt><trkpt lat="22.28112833333333" lon="113.92723"><ele>-3.5</ele><time>2026-03-23T07:17:55Z</time></trkpt><trkpt lat="22.281150000000004" lon="113.92721833333331"><ele>-3.4000000000000004</ele><time>2026-03-23T07:17:57Z</time></trkpt><trkpt lat="22.281175" lon="113.92720666666668"><ele>-3.2</ele><time>2026-03-23T07:18:01Z</time></trkpt><trkpt lat="22.281198333333336" lon="113.92719333333335"><ele>-2.8000000000000003</ele><time>2026-03-23T07:18:03Z</time></trkpt><trkpt lat="22.28122166666667" lon="113.92717499999999"><ele>-2.5</ele><time>2026-03-23T07:18:05Z</time></trkpt><trkpt lat="22.281240000000004" lon="113.92715666666666"><ele>-2.2</ele><time>2026-03-23T07:18:08Z</time></trkpt><trkpt lat="22.281255" lon="113.92714166666669"><ele>-1.7000000000000002</ele><time>2026-03-23T07:18:10Z</time></trkpt><trkpt lat="22.281276666666667" lon="113.92714"><ele>-1.3000000000000003</ele><time>2026-03-23T07:18:12Z</time></trkpt><trkpt lat="22.281295" lon="113.92714333333333"><ele>-1.3000000000000003</ele><time>2026-03-23T07:18:14Z</time></trkpt><trkpt lat="22.281313333333333" lon="113.92714833333334"><ele>-1.2000000000000002</ele><time>2026-03-23T07:18:16Z</time></trkpt><trkpt lat="22.28134" lon="113.92715666666666"><ele>-1.1</ele><time>2026-03-23T07:18:18Z</time></trkpt><trkpt lat="22.281363333333335" lon="113.92717666666667"><ele>-0.9000000000000001</ele><time>2026-03-23T07:18:20Z</time></trkpt><trkpt lat="22.28138333333333" lon="113.92718666666666"><ele>-0.40000000000000013</ele><time>2026-03-23T07:18:22Z</time></trkpt><trkpt lat="22.2814" lon="113.927195"><ele>0.0</ele><time>2026-03-23T07:18:24Z</time></trkpt><trkpt lat="22.281423333333336" lon="113.92720833333333"><ele>0.5</ele><time>2026-03-23T07:18:27Z</time></trkpt><trkpt lat="22.281439999999996" lon="113.92722"><ele>0.3999999999999999</ele><time>2026-03-23T07:18:29Z</time></trkpt><trkpt lat="22.281456666666667" lon="113.92723333333333"><ele>0.3999999999999999</ele><time>2026-03-23T07:18:31Z</time></trkpt><trkpt lat="22.281480000000002" lon="113.92723666666667"><ele>0.3999999999999999</ele><time>2026-03-23T07:18:34Z</time></trkpt><trkpt lat="22.281505" lon="113.92723166666669"><ele>-0.10000000000000009</ele><time>2026-03-23T07:18:37Z</time></trkpt><trkpt lat="22.281523333333332" lon="113.92722666666666"><ele>-0.40000000000000013</ele><time>2026-03-23T07:18:40Z</time></trkpt><trkpt lat="22.28154833333333" lon="113.92721666666667"><ele>-1.1</ele><time>2026-03-23T07:18:42Z</time></trkpt><trkpt lat="22.28157666666667" lon="113.92721833333331"><ele>-1.3000000000000003</ele><time>2026-03-23T07:18:44Z</time></trkpt><trkpt lat="22.281603333333337" lon="113.92722499999999"><ele>-1.3000000000000003</ele><time>2026-03-23T07:18:46Z</time></trkpt><trkpt lat="22.281623333333332" lon="113.92723499999998"><ele>-1.3000000000000003</ele><time>2026-03-23T07:18:48Z</time></trkpt><trkpt lat="22.28164333333333" lon="113.92723333333333"><ele>-1.2000000000000002</ele><time>2026-03-23T07:18:50Z</time></trkpt><trkpt lat="22.281668333333332" lon="113.92722499999999"><ele>-1.6</ele><time>2026-03-23T07:18:53Z</time></trkpt><trkpt lat="22.281691666666667" lon="113.92723"><ele>-2.0</ele><time>2026-03-23T07:18:55Z</time></trkpt><trkpt lat="22.28171166666667" lon="113.92723166666669"><ele>-2.6</ele><time>2026-03-23T07:18:57Z</time></trkpt><trkpt lat="22.281731666666662" lon="113.92723333333333"><ele>-3.1</ele><time>2026-03-23T07:18:59Z</time></trkpt><trkpt lat="22.281758333333332" lon="113.92723166666669"><ele>-3.7</ele><time>2026-03-23T07:19:02Z</time></trkpt><trkpt lat="22.281785" lon="113.92723"><ele>-3.7</ele><time>2026-03-23T07:19:04Z</time></trkpt><trkpt lat="22.281814999999998" lon="113.92723166666669"><ele>-3.7</ele><time>2026-03-23T07:19:06Z</time></trkpt><trkpt lat="22.281838333333333" lon="113.92723499999998"><ele>-3.8000000000000003</ele><time>2026-03-23T07:19:09Z</time></trkpt><trkpt lat="22.281856666666666" lon="113.92723666666667"><ele>-3.9000000000000004</ele><time>2026-03-23T07:19:11Z</time></trkpt><trkpt lat="22.281875" lon="113.92723166666669"><ele>-4.0</ele><time>2026-03-23T07:19:13Z</time></trkpt><trkpt lat="22.281900000000004" lon="113.92722499999999"><ele>-4.2</ele><time>2026-03-23T07:19:15Z</time></trkpt><trkpt lat="22.28192333333333" lon="113.92722499999999"><ele>-4.2</ele><time>2026-03-23T07:19:17Z</time></trkpt><trkpt lat="22.281943333333334" lon="113.92722166666665"><ele>-4.5</ele><time>2026-03-23T07:19:19Z</time></trkpt><trkpt lat="22.28196833333333" lon="113.92722"><ele>-4.4</ele><time>2026-03-23T07:19:21Z</time></trkpt><trkpt lat="22.281993333333336" lon="113.927215"><ele>-4.2</ele><time>2026-03-23T07:19:24Z</time></trkpt><trkpt lat="22.282015" lon="113.927215"><ele>-4.1</ele><time>2026-03-23T07:19:26Z</time></trkpt><trkpt lat="22.282036666666666" lon="113.92721333333333"><ele>-3.9000000000000004</ele><time>2026-03-23T07:19:28Z</time></trkpt><trkpt lat="22.28205666666667" lon="113.92720499999999"><ele>-3.9000000000000004</ele><time>2026-03-23T07:19:30Z</time></trkpt><trkpt lat="22.282078333333335" lon="113.92721000000002"><ele>-3.9000000000000004</ele><time>2026-03-23T07:19:32Z</time></trkpt><trkpt lat="22.282105" lon="113.92721166666666"><ele>-4.1</ele><time>2026-03-23T07:19:34Z</time></trkpt><trkpt lat="22.282124999999997" lon="113.92721166666666"><ele>-4.2</ele><time>2026-03-23T07:19:36Z</time></trkpt><trkpt lat="22.282148333333332" lon="113.92721166666666"><ele>-4.4</ele><time>2026-03-23T07:19:38Z</time></trkpt><trkpt lat="22.282173333333336" lon="113.92721166666666"><ele>-4.6</ele><time>2026-03-23T07:19:40Z</time></trkpt><trkpt lat="22.282198333333334" lon="113.92721000000002"><ele>-4.7</ele><time>2026-03-23T07:19:42Z</time></trkpt><trkpt lat="22.282216666666667" lon="113.92720333333334"><ele>-5.1</ele><time>2026-03-23T07:19:44Z</time></trkpt><trkpt lat="22.282235" lon="113.92720166666668"><ele>-5.2</ele><time>2026-03-23T07:19:46Z</time></trkpt><trkpt lat="22.282261666666667" lon="113.92719833333334"><ele>-5.1</ele><time>2026-03-23T07:19:48Z</time></trkpt><trkpt lat="22.282283333333332" lon="113.92718833333332"><ele>-4.9</ele><time>2026-03-23T07:19:50Z</time></trkpt><trkpt lat="22.282301666666665" lon="113.92717666666667"><ele>-4.9</ele><time>2026-03-23T07:19:52Z</time></trkpt><trkpt lat="22.282321666666668" lon="113.92716999999999"><ele>-5.0</ele><time>2026-03-23T07:19:54Z</time></trkpt><trkpt lat="22.282345000000003" lon="113.92717166666668"><ele>-4.800000000000001</ele><time>2026-03-23T07:19:56Z</time></trkpt><trkpt lat="22.282366666666668" lon="113.92716833333334"><ele>-4.800000000000001</ele><time>2026-03-23T07:19:58Z</time></trkpt><trkpt lat="22.282383333333335" lon="113.92716"><ele>-5.2</ele><time>2026-03-23T07:20:00Z</time></trkpt><trkpt lat="22.282409999999995" lon="113.92717166666668"><ele>-5.300000000000001</ele><time>2026-03-23T07:20:03Z</time></trkpt><trkpt lat="22.282436666666666" lon="113.92718"><ele>-5.300000000000001</ele><time>2026-03-23T07:20:05Z</time></trkpt><trkpt lat="22.282454999999995" lon="113.92719000000001"><ele>-5.7</ele><time>2026-03-23T07:20:07Z</time></trkpt><trkpt lat="22.282473333333336" lon="113.92719833333334"><ele>-5.800000000000001</ele><time>2026-03-23T07:20:09Z</time></trkpt><trkpt lat="22.282496666666663" lon="113.92721333333333"><ele>-5.6</ele><time>2026-03-23T07:20:11Z</time></trkpt><trkpt lat="22.282518333333336" lon="113.92722"><ele>-5.7</ele><time>2026-03-23T07:20:14Z</time></trkpt><trkpt lat="22.28253833333333" lon="113.92722499999999"><ele>-5.800000000000001</ele><time>2026-03-23T07:20:16Z</time></trkpt><trkpt lat="22.28256666666667" lon="113.92722166666665"><ele>-6.1</ele><time>2026-03-23T07:20:18Z</time></trkpt><trkpt lat="22.282586666666663" lon="113.92720833333333"><ele>-6.6000000000000005</ele><time>2026-03-23T07:20:21Z</time></trkpt><trkpt lat="22.282601666666665" lon="113.92719666666666"><ele>-6.9</ele><time>2026-03-23T07:20:23Z</time></trkpt><trkpt lat="22.28263" lon="113.92718"><ele>-7.4</ele><time>2026-03-23T07:20:25Z</time></trkpt><trkpt lat="22.282648333333334" lon="113.92716999999999"><ele>-7.9</ele><time>2026-03-23T07:20:28Z</time></trkpt><trkpt lat="22.28267166666667" lon="113.92716333333334"><ele>-8.0</ele><time>2026-03-23T07:20:30Z</time></trkpt><trkpt lat="22.282693333333334" lon="113.92715166666667"><ele>-8.4</ele><time>2026-03-23T07:20:32Z</time></trkpt><trkpt lat="22.282708333333336" lon="113.92713333333334"><ele>-8.8</ele><time>2026-03-23T07:20:34Z</time></trkpt><trkpt lat="22.282724999999996" lon="113.92711666666668"><ele>-9.100000000000001</ele><time>2026-03-23T07:20:36Z</time></trkpt><trkpt lat="22.282751666666666" lon="113.92710666666666"><ele>-9.4</ele><time>2026-03-23T07:20:38Z</time></trkpt><trkpt lat="22.282769999999996" lon="113.92709333333332"><ele>-9.600000000000001</ele><time>2026-03-23T07:20:41Z</time></trkpt><trkpt lat="22.28278833333333" lon="113.92707999999999"><ele>-9.5</ele><time>2026-03-23T07:20:43Z</time></trkpt><trkpt lat="22.28280833333333" lon="113.92706333333332"><ele>-9.100000000000001</ele><time>2026-03-23T07:20:46Z</time></trkpt><trkpt lat="22.28282166666667" lon="113.92703833333334"><ele>-8.7</ele><time>2026-03-23T07:20:49Z</time></trkpt><trkpt lat="22.282843333333336" lon="113.92701666666666"><ele>-8.3</ele><time>2026-03-23T07:20:51Z</time></trkpt><trkpt lat="22.282858333333333" lon="113.92700333333332"><ele>-7.9</ele><time>2026-03-23T07:20:52Z</time></trkpt><trkpt lat="22.28288" lon="113.92698833333334"><ele>-7.2</ele><time>2026-03-23T07:20:54Z</time></trkpt><trkpt lat="22.28290666666667" lon="113.92696333333333"><ele>-6.5</ele><time>2026-03-23T07:20:56Z</time></trkpt><trkpt lat="22.282918333333335" lon="113.92693833333333"><ele>-5.7</ele><time>2026-03-23T07:20:59Z</time></trkpt><trkpt lat="22.282933333333336" lon="113.92692333333335"><ele>-4.800000000000001</ele><time>2026-03-23T07:21:02Z</time></trkpt><trkpt lat="22.28295166666667" lon="113.92691500000001"><ele>-4.0</ele><time>2026-03-23T07:21:04Z</time></trkpt><trkpt lat="22.282971666666672" lon="113.92690166666668"><ele>-3.8000000000000003</ele><time>2026-03-23T07:21:07Z</time></trkpt><trkpt lat="22.28299666666667" lon="113.92689333333334"><ele>-3.3000000000000003</ele><time>2026-03-23T07:21:10Z</time></trkpt><trkpt lat="22.283009999999997" lon="113.92688000000001"><ele>-2.9000000000000004</ele><time>2026-03-23T07:21:12Z</time></trkpt><trkpt lat="22.283033333333332" lon="113.92686499999999"><ele>-2.1</ele><time>2026-03-23T07:21:15Z</time></trkpt><trkpt lat="22.283050000000003" lon="113.92685666666667"><ele>-0.9000000000000001</ele><time>2026-03-23T07:21:17Z</time></trkpt><trkpt lat="22.283071666666668" lon="113.92684"><ele>-0.40000000000000013</ele><time>2026-03-23T07:21:20Z</time></trkpt><trkpt lat="22.283083333333334" lon="113.92682166666667"><ele>0.09999999999999964</ele><time>2026-03-23T07:21:22Z</time></trkpt><trkpt lat="22.28310333333333" lon="113.92680999999999"><ele>0.7999999999999998</ele><time>2026-03-23T07:21:24Z</time></trkpt><trkpt lat="22.283125000000002" lon="113.92680333333334"><ele>1.5</ele><time>2026-03-23T07:21:26Z</time></trkpt><trkpt lat="22.28314833333333" lon="113.92679333333332"><ele>2.0999999999999996</ele><time>2026-03-23T07:21:28Z</time></trkpt><trkpt lat="22.283168333333332" lon="113.92678166666668"><ele>2.0999999999999996</ele><time>2026-03-23T07:21:30Z</time></trkpt><trkpt lat="22.283186666666666" lon="113.92677333333334"><ele>1.2999999999999998</ele><time>2026-03-23T07:21:32Z</time></trkpt><trkpt lat="22.28320833333333" lon="113.92675666666668"><ele>0.0</ele><time>2026-03-23T07:21:35Z</time></trkpt><trkpt lat="22.283226666666664" lon="113.926745"><ele>-0.5000000000000002</ele><time>2026-03-23T07:21:37Z</time></trkpt><trkpt lat="22.283248333333336" lon="113.92673833333335"><ele>-0.9000000000000001</ele><time>2026-03-23T07:21:39Z</time></trkpt><trkpt lat="22.28326666666667" lon="113.92672833333333"><ele>-1.1</ele><time>2026-03-23T07:21:41Z</time></trkpt><trkpt lat="22.283285" lon="113.92672333333333"><ele>-1.1</ele><time>2026-03-23T07:21:43Z</time></trkpt><trkpt lat="22.283303333333333" lon="113.926715"><ele>-1.5000000000000002</ele><time>2026-03-23T07:21:45Z</time></trkpt><trkpt lat="22.283323333333335" lon="113.92670833333335"><ele>-2.0</ele><time>2026-03-23T07:21:47Z</time></trkpt><trkpt lat="22.28334166666667" lon="113.92669833333333"><ele>-1.6</ele><time>2026-03-23T07:21:49Z</time></trkpt><trkpt lat="22.283363333333334" lon="113.92668666666665"><ele>-1.4000000000000001</ele><time>2026-03-23T07:21:51Z</time></trkpt><trkpt lat="22.283385" lon="113.92667833333334"><ele>-1.5000000000000002</ele><time>2026-03-23T07:21:53Z</time></trkpt><trkpt lat="22.283405000000002" lon="113.92666833333332"><ele>-1.7000000000000002</ele><time>2026-03-23T07:21:55Z</time></trkpt><trkpt lat="22.28341833333333" lon="113.92665000000001"><ele>-1.6</ele><time>2026-03-23T07:21:58Z</time></trkpt><trkpt lat="22.28343166666667" lon="113.92663333333333"><ele>-0.9000000000000001</ele><time>2026-03-23T07:22:02Z</time></trkpt><trkpt lat="22.283451666666664" lon="113.92662"><ele>-0.8000000000000003</ele><time>2026-03-23T07:22:04Z</time></trkpt><trkpt lat="22.283475" lon="113.92660833333333"><ele>-0.8000000000000003</ele><time>2026-03-23T07:22:06Z</time></trkpt><trkpt lat="22.283496666666665" lon="113.92659666666665"><ele>-0.7000000000000002</ele><time>2026-03-23T07:22:08Z</time></trkpt><trkpt lat="22.283513333333335" lon="113.926585"><ele>-0.40000000000000013</ele><time>2026-03-23T07:22:10Z</time></trkpt><trkpt lat="22.283530000000003" lon="113.92657499999999"><ele>-0.6000000000000001</ele><time>2026-03-23T07:22:12Z</time></trkpt><trkpt lat="22.283548333333336" lon="113.92656333333335"><ele>-0.9000000000000001</ele><time>2026-03-23T07:22:14Z</time></trkpt><trkpt lat="22.28356666666667" lon="113.92655333333332"><ele>-1.1</ele><time>2026-03-23T07:22:16Z</time></trkpt><trkpt lat="22.283583333333333" lon="113.92654166666668"><ele>-1.3000000000000003</ele><time>2026-03-23T07:22:18Z</time></trkpt><trkpt lat="22.283601666666662" lon="113.92653"><ele>-1.6</ele><time>2026-03-23T07:22:20Z</time></trkpt><trkpt lat="22.283618333333333" lon="113.92651666666667"><ele>-1.9000000000000001</ele><time>2026-03-23T07:22:22Z</time></trkpt><trkpt lat="22.283633333333334" lon="113.92649833333334"><ele>-2.3000000000000003</ele><time>2026-03-23T07:22:24Z</time></trkpt><trkpt lat="22.283648333333336" lon="113.926475"><ele>-3.0</ele><time>2026-03-23T07:22:26Z</time></trkpt><trkpt lat="22.28365833333333" lon="113.92645333333333"><ele>-3.1</ele><time>2026-03-23T07:22:28Z</time></trkpt><trkpt lat="22.283675000000002" lon="113.92643333333332"><ele>-2.5</ele><time>2026-03-23T07:22:30Z</time></trkpt><trkpt lat="22.283691666666662" lon="113.92641499999999"><ele>-1.9000000000000001</ele><time>2026-03-23T07:22:32Z</time></trkpt><trkpt lat="22.28370333333333" lon="113.92639499999999"><ele>-1.5000000000000002</ele><time>2026-03-23T07:22:34Z</time></trkpt><trkpt lat="22.28371666666667" lon="113.92637666666666"><ele>-1.1</ele><time>2026-03-23T07:22:36Z</time></trkpt><trkpt lat="22.28373" lon="113.92636166666668"><ele>-0.9000000000000001</ele><time>2026-03-23T07:22:38Z</time></trkpt><trkpt lat="22.283741666666668" lon="113.92634500000001"><ele>-0.8000000000000003</ele><time>2026-03-23T07:22:40Z</time></trkpt><trkpt lat="22.283759999999997" lon="113.92633166666668"><ele>-0.8000000000000003</ele><time>2026-03-23T07:22:42Z</time></trkpt><trkpt lat="22.283776666666668" lon="113.92632333333334"><ele>-0.6000000000000001</ele><time>2026-03-23T07:22:44Z</time></trkpt><trkpt lat="22.283798333333333" lon="113.92630833333332"><ele>-0.5000000000000002</ele><time>2026-03-23T07:22:47Z</time></trkpt><trkpt lat="22.283816666666667" lon="113.92629666666666"><ele>-0.40000000000000013</ele><time>2026-03-23T07:22:49Z</time></trkpt><trkpt lat="22.283838333333332" lon="113.92628500000001"><ele>-0.40000000000000013</ele><time>2026-03-23T07:22:51Z</time></trkpt><trkpt lat="22.283858333333335" lon="113.92627333333333"><ele>-0.5000000000000002</ele><time>2026-03-23T07:22:53Z</time></trkpt><trkpt lat="22.283878333333337" lon="113.92626333333334"><ele>-0.30000000000000027</ele><time>2026-03-23T07:22:55Z</time></trkpt><trkpt lat="22.28389666666667" lon="113.92624833333333"><ele>-0.40000000000000013</ele><time>2026-03-23T07:22:57Z</time></trkpt><trkpt lat="22.28391333333333" lon="113.92622666666666"><ele>-0.9000000000000001</ele><time>2026-03-23T07:22:59Z</time></trkpt><trkpt lat="22.283928333333332" lon="113.92620333333335"><ele>-1.1</ele><time>2026-03-23T07:23:01Z</time></trkpt><trkpt lat="22.283943333333333" lon="113.92618499999999"><ele>-1.1</ele><time>2026-03-23T07:23:03Z</time></trkpt><trkpt lat="22.283961666666663" lon="113.92616833333335"><ele>-1.4000000000000001</ele><time>2026-03-23T07:23:05Z</time></trkpt><trkpt lat="22.283976666666664" lon="113.92614833333333"><ele>-1.4000000000000001</ele><time>2026-03-23T07:23:07Z</time></trkpt><trkpt lat="22.28398666666667" lon="113.92613166666666"><ele>-1.3000000000000003</ele><time>2026-03-23T07:23:09Z</time></trkpt><trkpt lat="22.283998333333336" lon="113.92611333333335"><ele>-1.1</ele><time>2026-03-23T07:23:11Z</time></trkpt><trkpt lat="22.284005" lon="113.92608999999999"><ele>-0.40000000000000013</ele><time>2026-03-23T07:23:13Z</time></trkpt><trkpt lat="22.284013333333338" lon="113.92606666666667"><ele>0.2999999999999998</ele><time>2026-03-23T07:23:15Z</time></trkpt><trkpt lat="22.284029999999998" lon="113.926045"><ele>0.7999999999999998</ele><time>2026-03-23T07:23:17Z</time></trkpt><trkpt lat="22.284043333333337" lon="113.92602333333335"><ele>0.8999999999999999</ele><time>2026-03-23T07:23:19Z</time></trkpt><trkpt lat="22.28406" lon="113.92600333333333"><ele>1.0</ele><time>2026-03-23T07:23:21Z</time></trkpt><trkpt lat="22.284058333333338" lon="113.92598333333332"><ele>2.8</ele><time>2026-03-23T07:23:25Z</time></trkpt><trkpt lat="22.284065000000002" lon="113.92596499999999"><ele>3.3999999999999995</ele><time>2026-03-23T07:23:28Z</time></trkpt><trkpt lat="22.284084999999997" lon="113.92595000000001"><ele>4.0</ele><time>2026-03-23T07:23:31Z</time></trkpt><trkpt lat="22.28410666666667" lon="113.92594"><ele>4.1</ele><time>2026-03-23T07:23:33Z</time></trkpt><trkpt lat="22.284126666666666" lon="113.92593166666666"><ele>4.2</ele><time>2026-03-23T07:23:35Z</time></trkpt><trkpt lat="22.284145" lon="113.92592333333332"><ele>4.3</ele><time>2026-03-23T07:23:37Z</time></trkpt><trkpt lat="22.28416333333333" lon="113.92591499999999"><ele>4.1</ele><time>2026-03-23T07:23:39Z</time></trkpt><trkpt lat="22.28418166666667" lon="113.92590666666668"><ele>3.3999999999999995</ele><time>2026-03-23T07:23:41Z</time></trkpt><trkpt lat="22.284204999999996" lon="113.92589500000001"><ele>2.8999999999999995</ele><time>2026-03-23T07:23:44Z</time></trkpt><trkpt lat="22.284221666666667" lon="113.92588666666667"><ele>2.5999999999999996</ele><time>2026-03-23T07:23:46Z</time></trkpt><trkpt lat="22.284246666666665" lon="113.92587999999999"><ele>2.2</ele><time>2026-03-23T07:23:49Z</time></trkpt><trkpt lat="22.284264999999998" lon="113.92587333333334"><ele>2.2</ele><time>2026-03-23T07:23:51Z</time></trkpt><trkpt lat="22.284285" lon="113.925865"><ele>2.0</ele><time>2026-03-23T07:23:53Z</time></trkpt><trkpt lat="22.284309999999998" lon="113.92585833333332"><ele>2.0</ele><time>2026-03-23T07:23:56Z</time></trkpt><trkpt lat="22.284325" lon="113.925845"><ele>1.7999999999999998</ele><time>2026-03-23T07:23:58Z</time></trkpt><trkpt lat="22.284336666666665" lon="113.92582333333333"><ele>1.6999999999999997</ele><time>2026-03-23T07:24:00Z</time></trkpt><trkpt lat="22.284341666666666" lon="113.92579499999998"><ele>1.5</ele><time>2026-03-23T07:24:03Z</time></trkpt><trkpt lat="22.284341666666666" lon="113.925815"><ele>2.3999999999999995</ele><time>2026-03-23T07:24:10Z</time></trkpt><trkpt lat="22.284336666666665" lon="113.925835"><ele>1.5999999999999996</ele><time>2026-03-23T07:24:13Z</time></trkpt><trkpt lat="22.284354999999998" lon="113.92582333333333"><ele>1.2999999999999998</ele><time>2026-03-23T07:24:23Z</time></trkpt><trkpt lat="22.284375" lon="113.92582666666667"><ele>1.0</ele><time>2026-03-23T07:24:25Z</time></trkpt><trkpt lat="22.284396666666666" lon="113.92582333333333"><ele>1.0</ele><time>2026-03-23T07:24:28Z</time></trkpt><trkpt lat="22.28442166666667" lon="113.92582499999999"><ele>0.6999999999999997</ele><time>2026-03-23T07:24:31Z</time></trkpt><trkpt lat="22.284446666666668" lon="113.92581833333334"><ele>0.5</ele><time>2026-03-23T07:24:34Z</time></trkpt><trkpt lat="22.284470000000002" lon="113.92581166666666"><ele>0.2999999999999998</ele><time>2026-03-23T07:24:36Z</time></trkpt><trkpt lat="22.28449333333333" lon="113.92580333333332"><ele>0.19999999999999973</ele><time>2026-03-23T07:24:38Z</time></trkpt><trkpt lat="22.284516666666665" lon="113.92579499999998"><ele>0.2999999999999998</ele><time>2026-03-23T07:24:40Z</time></trkpt><trkpt lat="22.28454" lon="113.92578499999999"><ele>0.5</ele><time>2026-03-23T07:24:42Z</time></trkpt><trkpt lat="22.284563333333335" lon="113.92577333333332"><ele>0.7999999999999998</ele><time>2026-03-23T07:24:44Z</time></trkpt><trkpt lat="22.28458666666667" lon="113.92575666666669"><ele>1.0</ele><time>2026-03-23T07:24:46Z</time></trkpt><trkpt lat="22.28460166666667" lon="113.92573833333333"><ele>1.0</ele><time>2026-03-23T07:24:49Z</time></trkpt><trkpt lat="22.284618333333334" lon="113.92572333333334"><ele>1.5999999999999996</ele><time>2026-03-23T07:24:51Z</time></trkpt><trkpt lat="22.28462833333333" lon="113.92570666666667"><ele>1.7999999999999998</ele><time>2026-03-23T07:24:53Z</time></trkpt><trkpt lat="22.284638333333337" lon="113.92568666666666"><ele>2.3</ele><time>2026-03-23T07:24:55Z</time></trkpt><trkpt lat="22.284650000000003" lon="113.92566666666669"><ele>2.3</ele><time>2026-03-23T07:24:57Z</time></trkpt><trkpt lat="22.28466" lon="113.92564333333333"><ele>2.0</ele><time>2026-03-23T07:24:59Z</time></trkpt><trkpt lat="22.28467333333333" lon="113.92563"><ele>1.8999999999999995</ele><time>2026-03-23T07:25:01Z</time></trkpt><trkpt lat="22.28468833333333" lon="113.92560666666668"><ele>1.5</ele><time>2026-03-23T07:25:04Z</time></trkpt><trkpt lat="22.284701666666667" lon="113.92559000000001"><ele>1.0999999999999996</ele><time>2026-03-23T07:25:06Z</time></trkpt><trkpt lat="22.284715" lon="113.925575"><ele>0.7999999999999998</ele><time>2026-03-23T07:25:08Z</time></trkpt><trkpt lat="22.284726666666664" lon="113.92556"><ele>0.3999999999999999</ele><time>2026-03-23T07:25:10Z</time></trkpt><trkpt lat="22.284740000000003" lon="113.92554"><ele>-0.40000000000000013</ele><time>2026-03-23T07:25:12Z</time></trkpt><trkpt lat="22.28476" lon="113.92551999999999"><ele>-1.0000000000000002</ele><time>2026-03-23T07:25:14Z</time></trkpt><trkpt lat="22.28477666666667" lon="113.92550666666666"><ele>-1.7000000000000002</ele><time>2026-03-23T07:25:16Z</time></trkpt><trkpt lat="22.284789999999997" lon="113.92549333333334"><ele>-2.3000000000000003</ele><time>2026-03-23T07:25:18Z</time></trkpt><trkpt lat="22.284806666666668" lon="113.92548166666666"><ele>-2.9000000000000004</ele><time>2026-03-23T07:25:20Z</time></trkpt><trkpt lat="22.28482" lon="113.92546833333333"><ele>-3.4000000000000004</ele><time>2026-03-23T07:25:22Z</time></trkpt><trkpt lat="22.284836666666667" lon="113.92545333333334"><ele>-3.9000000000000004</ele><time>2026-03-23T07:25:24Z</time></trkpt><trkpt lat="22.28485333333333" lon="113.92543499999998"><ele>-4.4</ele><time>2026-03-23T07:25:26Z</time></trkpt><trkpt lat="22.28486666666667" lon="113.92541666666666"><ele>-4.7</ele><time>2026-03-23T07:25:28Z</time></trkpt><trkpt lat="22.284878333333335" lon="113.9254"><ele>-5.1</ele><time>2026-03-23T07:25:30Z</time></trkpt><trkpt lat="22.28489666666667" lon="113.92538333333331"><ele>-5.300000000000001</ele><time>2026-03-23T07:25:32Z</time></trkpt><trkpt lat="22.28491166666667" lon="113.92536166666666"><ele>-5.300000000000001</ele><time>2026-03-23T07:25:34Z</time></trkpt><trkpt lat="22.284923333333335" lon="113.92534166666668"><ele>-5.800000000000001</ele><time>2026-03-23T07:25:36Z</time></trkpt><trkpt lat="22.284933333333335" lon="113.92532166666666"><ele>-6.1</ele><time>2026-03-23T07:25:38Z</time></trkpt><trkpt lat="22.284948333333332" lon="113.92530166666666"><ele>-6.2</ele><time>2026-03-23T07:25:40Z</time></trkpt><trkpt lat="22.28496" lon="113.92528499999999"><ele>-6.1</ele><time>2026-03-23T07:25:42Z</time></trkpt><trkpt lat="22.28497333333333" lon="113.92526500000001"><ele>-6.3</ele><time>2026-03-23T07:25:44Z</time></trkpt><trkpt lat="22.284983333333336" lon="113.92524666666668"><ele>-5.9</ele><time>2026-03-23T07:25:46Z</time></trkpt><trkpt lat="22.284995000000002" lon="113.92523000000001"><ele>-5.1</ele><time>2026-03-23T07:25:48Z</time></trkpt><trkpt lat="22.285010000000003" lon="113.925215"><ele>-4.6</ele><time>2026-03-23T07:25:50Z</time></trkpt><trkpt lat="22.285025000000005" lon="113.92519833333333"><ele>-4.1</ele><time>2026-03-23T07:25:52Z</time></trkpt><trkpt lat="22.285043333333338" lon="113.92519166666668"><ele>-3.7</ele><time>2026-03-23T07:25:54Z</time></trkpt><trkpt lat="22.285059999999998" lon="113.92518"><ele>-3.6</ele><time>2026-03-23T07:25:56Z</time></trkpt><trkpt lat="22.28507666666667" lon="113.92516666666667"><ele>-3.0</ele><time>2026-03-23T07:25:58Z</time></trkpt><trkpt lat="22.28509166666667" lon="113.92514666666666"><ele>-2.3000000000000003</ele><time>2026-03-23T07:26:00Z</time></trkpt><trkpt lat="22.28510833333333" lon="113.92512666666669"><ele>-1.5000000000000002</ele><time>2026-03-23T07:26:03Z</time></trkpt><trkpt lat="22.28512" lon="113.92511166666667"><ele>-0.7000000000000002</ele><time>2026-03-23T07:26:05Z</time></trkpt><trkpt lat="22.28513666666667" lon="113.92509666666668"><ele>-0.10000000000000009</ele><time>2026-03-23T07:26:07Z</time></trkpt><trkpt lat="22.285156666666662" lon="113.92508666666666"><ele>0.3999999999999999</ele><time>2026-03-23T07:26:09Z</time></trkpt><trkpt lat="22.285171666666663" lon="113.92507166666668"><ele>0.5999999999999996</ele><time>2026-03-23T07:26:11Z</time></trkpt><trkpt lat="22.285188333333334" lon="113.92505666666666"><ele>1.0</ele><time>2026-03-23T07:26:13Z</time></trkpt><trkpt lat="22.285204999999998" lon="113.92504"><ele>1.1999999999999997</ele><time>2026-03-23T07:26:15Z</time></trkpt><trkpt lat="22.285221666666665" lon="113.92502666666665"><ele>1.0999999999999996</ele><time>2026-03-23T07:26:17Z</time></trkpt><trkpt lat="22.285236666666666" lon="113.92501166666668"><ele>0.8999999999999999</ele><time>2026-03-23T07:26:19Z</time></trkpt><trkpt lat="22.285251666666667" lon="113.92499500000001"><ele>1.1999999999999997</ele><time>2026-03-23T07:26:21Z</time></trkpt><trkpt lat="22.285264999999995" lon="113.92497999999999"><ele>1.0</ele><time>2026-03-23T07:26:23Z</time></trkpt><trkpt lat="22.285281666666666" lon="113.924965"><ele>0.6999999999999997</ele><time>2026-03-23T07:26:25Z</time></trkpt><trkpt lat="22.285298333333337" lon="113.92495166666667"><ele>1.0</ele><time>2026-03-23T07:26:27Z</time></trkpt><trkpt lat="22.28531666666667" lon="113.92493666666665"><ele>1.0999999999999996</ele><time>2026-03-23T07:26:29Z</time></trkpt><trkpt lat="22.28533333333333" lon="113.92491833333334"><ele>1.5</ele><time>2026-03-23T07:26:31Z</time></trkpt><trkpt lat="22.28534833333333" lon="113.92489833333333"><ele>1.4</ele><time>2026-03-23T07:26:33Z</time></trkpt><trkpt lat="22.285365000000002" lon="113.92488333333334"><ele>1.4</ele><time>2026-03-23T07:26:35Z</time></trkpt><trkpt lat="22.285381666666662" lon="113.92486833333332"><ele>1.4</ele><time>2026-03-23T07:26:37Z</time></trkpt><trkpt lat="22.285396666666664" lon="113.92485333333335"><ele>1.7999999999999998</ele><time>2026-03-23T07:26:39Z</time></trkpt><trkpt lat="22.285411666666665" lon="113.92484"><ele>1.8999999999999995</ele><time>2026-03-23T07:26:41Z</time></trkpt><trkpt lat="22.28542333333333" lon="113.92482333333334"><ele>1.6999999999999997</ele><time>2026-03-23T07:26:43Z</time></trkpt><trkpt lat="22.285435" lon="113.92480666666667"><ele>1.2999999999999998</ele><time>2026-03-23T07:26:45Z</time></trkpt><trkpt lat="22.285444999999996" lon="113.92479"><ele>1.1999999999999997</ele><time>2026-03-23T07:26:47Z</time></trkpt><trkpt lat="22.285455000000002" lon="113.92477166666667"><ele>1.0</ele><time>2026-03-23T07:26:49Z</time></trkpt><trkpt lat="22.28547" lon="113.924755"><ele>0.6999999999999997</ele><time>2026-03-23T07:26:51Z</time></trkpt><trkpt lat="22.285485" lon="113.92473666666667"><ele>0.6999999999999997</ele><time>2026-03-23T07:26:53Z</time></trkpt><trkpt lat="22.285495" lon="113.92470999999999"><ele>1.1999999999999997</ele><time>2026-03-23T07:26:55Z</time></trkpt><trkpt lat="22.28549666666667" lon="113.92468500000001"><ele>2.8</ele><time>2026-03-23T07:27:00Z</time></trkpt><trkpt lat="22.285473333333336" lon="113.92468666666667"><ele>2.5</ele><time>2026-03-23T07:27:06Z</time></trkpt><trkpt lat="22.285453333333333" lon="113.92469000000001"><ele>2.0999999999999996</ele><time>2026-03-23T07:27:11Z</time></trkpt><trkpt lat="22.285431666666668" lon="113.92469000000001"><ele>2.0999999999999996</ele><time>2026-03-23T07:27:15Z</time></trkpt><trkpt lat="22.285413333333334" lon="113.92468166666667"><ele>2.0999999999999996</ele><time>2026-03-23T07:27:18Z</time></trkpt><trkpt lat="22.285395" lon="113.92468"><ele>2.0</ele><time>2026-03-23T07:27:21Z</time></trkpt><trkpt lat="22.285373333333336" lon="113.92467833333333"><ele>1.8999999999999995</ele><time>2026-03-23T07:27:25Z</time></trkpt><trkpt lat="22.285353333333333" lon="113.92467166666665"><ele>1.8999999999999995</ele><time>2026-03-23T07:27:28Z</time></trkpt><trkpt lat="22.285335" lon="113.92466833333334"><ele>1.8999999999999995</ele><time>2026-03-23T07:27:30Z</time></trkpt><trkpt lat="22.28531666666667" lon="113.92466333333331"><ele>2.0</ele><time>2026-03-23T07:27:33Z</time></trkpt><trkpt lat="22.285294999999998" lon="113.92465666666666"><ele>2.2</ele><time>2026-03-23T07:27:36Z</time></trkpt><trkpt lat="22.28527166666667" lon="113.92465166666668"><ele>2.3999999999999995</ele><time>2026-03-23T07:27:39Z</time></trkpt><trkpt lat="22.285249999999998" lon="113.924645"><ele>2.8999999999999995</ele><time>2026-03-23T07:27:43Z</time></trkpt><trkpt lat="22.285228333333333" lon="113.92463666666666"><ele>3.2</ele><time>2026-03-23T07:27:47Z</time></trkpt><trkpt lat="22.285208333333337" lon="113.92462833333333"><ele>3.5</ele><time>2026-03-23T07:27:50Z</time></trkpt><trkpt lat="22.285191666666666" lon="113.92461333333334"><ele>3.8999999999999995</ele><time>2026-03-23T07:27:53Z</time></trkpt><trkpt lat="22.285173333333333" lon="113.92459500000001"><ele>4.2</ele><time>2026-03-23T07:27:56Z</time></trkpt><trkpt lat="22.285151666666668" lon="113.92458"><ele>4.5</ele><time>2026-03-23T07:27:59Z</time></trkpt><trkpt lat="22.285130000000002" lon="113.92457166666667"><ele>5.0</ele><time>2026-03-23T07:28:02Z</time></trkpt><trkpt lat="22.28511" lon="113.92456333333332"><ele>5.6</ele><time>2026-03-23T07:28:05Z</time></trkpt><trkpt lat="22.28509" lon="113.92455166666666"><ele>6.1000000000000005</ele><time>2026-03-23T07:28:09Z</time></trkpt><trkpt lat="22.285068333333335" lon="113.92454666666666"><ele>6.7</ele><time>2026-03-23T07:28:13Z</time></trkpt><trkpt lat="22.285050000000002" lon="113.92453833333333"><ele>7.1000000000000005</ele><time>2026-03-23T07:28:16Z</time></trkpt><trkpt lat="22.28503166666667" lon="113.92452833333333"><ele>7.6000000000000005</ele><time>2026-03-23T07:28:20Z</time></trkpt><trkpt lat="22.28507833333333" lon="113.92443833333333"><ele>14.8</ele><time>2026-03-23T07:29:47Z</time></trkpt><trkpt lat="22.285101666666666" lon="113.924425"><ele>15.100000000000001</ele><time>2026-03-23T07:29:53Z</time></trkpt><trkpt lat="22.285111666666662" lon="113.924405"><ele>15.0</ele><time>2026-03-23T07:29:58Z</time></trkpt><trkpt lat="22.285100000000003" lon="113.92437999999999"><ele>15.0</ele><time>2026-03-23T07:30:00Z</time></trkpt><trkpt lat="22.285088333333338" lon="113.92435500000002"><ele>14.900000000000002</ele><time>2026-03-23T07:30:02Z</time></trkpt><trkpt lat="22.285071666666667" lon="113.92433166666666"><ele>14.5</ele><time>2026-03-23T07:30:05Z</time></trkpt><trkpt lat="22.285050000000002" lon="113.92433333333332"><ele>14.5</ele><time>2026-03-23T07:30:08Z</time></trkpt><trkpt lat="22.28503" lon="113.92433666666666"><ele>14.900000000000002</ele><time>2026-03-23T07:30:12Z</time></trkpt><trkpt lat="22.284993333333333" lon="113.92424166666666"><ele>18.1</ele><time>2026-03-23T07:31:02Z</time></trkpt><trkpt lat="22.28489833333333" lon="113.92426833333333"><ele>21.5</ele><time>2026-03-23T07:31:53Z</time></trkpt><trkpt lat="22.284865" lon="113.92426333333333"><ele>21.6</ele><time>2026-03-23T07:32:01Z</time></trkpt><trkpt lat="22.284848333333336" lon="113.92427333333332"><ele>22.0</ele><time>2026-03-23T07:32:05Z</time></trkpt><trkpt lat="22.28485" lon="113.92431499999999"><ele>25.1</ele><time>2026-03-23T07:32:22Z</time></trkpt><trkpt lat="22.284855" lon="113.92429333333332"><ele>25.400000000000002</ele><time>2026-03-23T07:32:25Z</time></trkpt><trkpt lat="22.28483833333333" lon="113.92428333333334"><ele>26.5</ele><time>2026-03-23T07:32:31Z</time></trkpt><trkpt lat="22.28482166666667" lon="113.92427333333332"><ele>28.0</ele><time>2026-03-23T07:32:37Z</time></trkpt><trkpt lat="22.284848333333336" lon="113.924215"><ele>30.3</ele><time>2026-03-23T07:33:01Z</time></trkpt><trkpt lat="22.28486666666667" lon="113.92421"><ele>30.500000000000004</ele><time>2026-03-23T07:33:05Z</time></trkpt><trkpt lat="22.284881666666667" lon="113.92419833333334"><ele>30.599999999999998</ele><time>2026-03-23T07:33:10Z</time></trkpt><trkpt lat="22.28494166666667" lon="113.92416166666665"><ele>29.6</ele><time>2026-03-23T07:33:34Z</time></trkpt><trkpt lat="22.28496" lon="113.924155"><ele>28.6</ele><time>2026-03-23T07:33:41Z</time></trkpt><trkpt lat="22.284975" lon="113.92413"><ele>28.1</ele><time>2026-03-23T07:33:49Z</time></trkpt><trkpt lat="22.284983333333336" lon="113.924105"><ele>27.8</ele><time>2026-03-23T07:33:53Z</time></trkpt><trkpt lat="22.28503333333333" lon="113.92410333333333"><ele>24.0</ele><time>2026-03-23T07:34:16Z</time></trkpt><trkpt lat="22.285068333333335" lon="113.92409666666666"><ele>22.1</ele><time>2026-03-23T07:34:29Z</time></trkpt><trkpt lat="22.285048333333332" lon="113.92408500000002"><ele>28.6</ele><time>2026-03-23T07:35:02Z</time></trkpt><trkpt lat="22.285066666666662" lon="113.92406333333332"><ele>29.900000000000002</ele><time>2026-03-23T07:35:06Z</time></trkpt><trkpt lat="22.285068333333335" lon="113.92404"><ele>30.7</ele><time>2026-03-23T07:35:09Z</time></trkpt><trkpt lat="22.285068333333335" lon="113.92401833333334"><ele>31.599999999999998</ele><time>2026-03-23T07:35:13Z</time></trkpt><trkpt lat="22.28507666666667" lon="113.92399833333333"><ele>32.0</ele><time>2026-03-23T07:35:17Z</time></trkpt><trkpt lat="22.285093333333332" lon="113.92397666666666"><ele>32.699999999999996</ele><time>2026-03-23T07:35:20Z</time></trkpt><trkpt lat="22.285111666666662" lon="113.92397666666666"><ele>33.099999999999994</ele><time>2026-03-23T07:35:23Z</time></trkpt><trkpt lat="22.285130000000002" lon="113.92397166666666"><ele>33.9</ele><time>2026-03-23T07:35:27Z</time></trkpt><trkpt lat="22.285149999999998" lon="113.92396"><ele>34.699999999999996</ele><time>2026-03-23T07:35:32Z</time></trkpt><trkpt lat="22.285161666666667" lon="113.923945"><ele>34.8</ele><time>2026-03-23T07:35:35Z</time></trkpt><trkpt lat="22.285174999999995" lon="113.92392833333334"><ele>35.199999999999996</ele><time>2026-03-23T07:35:40Z</time></trkpt><trkpt lat="22.285223333333338" lon="113.92391666666666"><ele>35.699999999999996</ele><time>2026-03-23T07:36:01Z</time></trkpt><trkpt lat="22.285276666666665" lon="113.92388333333335"><ele>35.8</ele><time>2026-03-23T07:36:17Z</time></trkpt><trkpt lat="22.285296666666667" lon="113.92388333333335"><ele>35.699999999999996</ele><time>2026-03-23T07:36:23Z</time></trkpt><trkpt lat="22.285285" lon="113.92380999999999"><ele>37.199999999999996</ele><time>2026-03-23T07:36:47Z</time></trkpt><trkpt lat="22.28530333333333" lon="113.923795"><ele>37.699999999999996</ele><time>2026-03-23T07:36:52Z</time></trkpt><trkpt lat="22.285321666666665" lon="113.92378333333333"><ele>37.9</ele><time>2026-03-23T07:36:56Z</time></trkpt><trkpt lat="22.285308333333333" lon="113.92368166666665"><ele>38.599999999999994</ele><time>2026-03-23T07:37:37Z</time></trkpt><trkpt lat="22.285215" lon="113.92361833333334"><ele>38.099999999999994</ele><time>2026-03-23T07:38:03Z</time></trkpt><trkpt lat="22.285165" lon="113.92351500000001"><ele>39.599999999999994</ele><time>2026-03-23T07:38:27Z</time></trkpt><trkpt lat="22.285158333333335" lon="113.92349666666665"><ele>40.4</ele><time>2026-03-23T07:38:32Z</time></trkpt><trkpt lat="22.285128333333333" lon="113.92346333333334"><ele>43.0</ele><time>2026-03-23T07:38:48Z</time></trkpt><trkpt lat="22.285111666666662" lon="113.92345333333333"><ele>43.599999999999994</ele><time>2026-03-23T07:38:51Z</time></trkpt><trkpt lat="22.285100000000003" lon="113.92343166666666"><ele>44.3</ele><time>2026-03-23T07:38:54Z</time></trkpt><trkpt lat="22.285103333333335" lon="113.923405"><ele>51.599999999999994</ele><time>2026-03-23T07:39:29Z</time></trkpt><trkpt lat="22.28509" lon="113.92338999999998"><ele>52.3</ele><time>2026-03-23T07:39:32Z</time></trkpt><trkpt lat="22.285056666666666" lon="113.92338666666667"><ele>54.3</ele><time>2026-03-23T07:39:48Z</time></trkpt><trkpt lat="22.285040000000002" lon="113.92337166666667"><ele>54.599999999999994</ele><time>2026-03-23T07:39:51Z</time></trkpt><trkpt lat="22.28502" lon="113.92336666666667"><ele>54.8</ele><time>2026-03-23T07:39:56Z</time></trkpt><trkpt lat="22.28500166666667" lon="113.92336666666667"><ele>55.099999999999994</ele><time>2026-03-23T07:40:02Z</time></trkpt><trkpt lat="22.284926666666667" lon="113.92330833333332"><ele>57.199999999999996</ele><time>2026-03-23T07:40:39Z</time></trkpt><trkpt lat="22.28485" lon="113.92324833333332"><ele>61.699999999999996</ele><time>2026-03-23T07:41:18Z</time></trkpt><trkpt lat="22.284811666666663" lon="113.92321833333332"><ele>64.89999999999999</ele><time>2026-03-23T07:41:32Z</time></trkpt><trkpt lat="22.284811666666663" lon="113.92319833333335"><ele>66.0</ele><time>2026-03-23T07:41:36Z</time></trkpt><trkpt lat="22.284735" lon="113.92314499999999"><ele>71.3</ele><time>2026-03-23T07:42:05Z</time></trkpt><trkpt lat="22.28473" lon="113.92304666666665"><ele>76.6</ele><time>2026-03-23T07:42:54Z</time></trkpt><trkpt lat="22.28474833333333" lon="113.92299666666668"><ele>80.8</ele><time>2026-03-23T07:43:20Z</time></trkpt><trkpt lat="22.28474833333333" lon="113.92297666666667"><ele>81.0</ele><time>2026-03-23T07:43:24Z</time></trkpt><trkpt lat="22.284761666666668" lon="113.92296"><ele>81.39999999999999</ele><time>2026-03-23T07:43:29Z</time></trkpt><trkpt lat="22.284746666666667" lon="113.92290666666668"><ele>82.39999999999999</ele><time>2026-03-23T07:43:46Z</time></trkpt><trkpt lat="22.28473333333333" lon="113.92289333333335"><ele>82.89999999999999</ele><time>2026-03-23T07:43:49Z</time></trkpt><trkpt lat="22.284716666666668" lon="113.92288500000001"><ele>83.5</ele><time>2026-03-23T07:43:52Z</time></trkpt><trkpt lat="22.284701666666667" lon="113.92287333333334"><ele>84.0</ele><time>2026-03-23T07:43:56Z</time></trkpt><trkpt lat="22.284685" lon="113.922865"><ele>84.7</ele><time>2026-03-23T07:44:02Z</time></trkpt><trkpt lat="22.284636666666664" lon="113.92278"><ele>85.0</ele><time>2026-03-23T07:44:40Z</time></trkpt><trkpt lat="22.284545" lon="113.922745"><ele>84.7</ele><time>2026-03-23T07:45:19Z</time></trkpt><trkpt lat="22.28453833333333" lon="113.92272499999999"><ele>84.89999999999999</ele><time>2026-03-23T07:45:22Z</time></trkpt><trkpt lat="22.284491666666668" lon="113.92269499999999"><ele>85.7</ele><time>2026-03-23T07:45:37Z</time></trkpt><trkpt lat="22.284473333333334" lon="113.92269166666668"><ele>86.0</ele><time>2026-03-23T07:45:41Z</time></trkpt><trkpt lat="22.28442" lon="113.92261166666667"><ele>92.3</ele><time>2026-03-23T07:46:54Z</time></trkpt><trkpt lat="22.28437166666667" lon="113.92251833333333"><ele>115.1</ele><time>2026-03-23T07:50:19Z</time></trkpt><trkpt lat="22.284315" lon="113.92243500000001"><ele>118.8</ele><time>2026-03-23T07:51:08Z</time></trkpt><trkpt lat="22.284278333333337" lon="113.92234166666667"><ele>123.1</ele><time>2026-03-23T07:52:14Z</time></trkpt><trkpt lat="22.284233333333336" lon="113.92225166666667"><ele>146.9</ele><time>2026-03-23T07:55:18Z</time></trkpt><trkpt lat="22.28418166666667" lon="113.92216166666667"><ele>154.70000000000002</ele><time>2026-03-23T07:56:42Z</time></trkpt><trkpt lat="22.28413833333333" lon="113.92214666666665"><ele>155.0</ele><time>2026-03-23T07:56:59Z</time></trkpt><trkpt lat="22.284078333333333" lon="113.92212833333333"><ele>155.60000000000002</ele><time>2026-03-23T07:57:33Z</time></trkpt><trkpt lat="22.284053333333336" lon="113.922115"><ele>154.0</ele><time>2026-03-23T07:59:48Z</time></trkpt><trkpt lat="22.284036666666665" lon="113.92210333333333"><ele>155.20000000000002</ele><time>2026-03-23T07:59:52Z</time></trkpt><trkpt lat="22.28401666666667" lon="113.92209999999999"><ele>156.60000000000002</ele><time>2026-03-23T07:59:59Z</time></trkpt><trkpt lat="22.283994999999997" lon="113.92210666666666"><ele>157.20000000000002</ele><time>2026-03-23T08:00:04Z</time></trkpt><trkpt lat="22.283976666666664" lon="113.92210666666666"><ele>157.60000000000002</ele><time>2026-03-23T08:00:09Z</time></trkpt><trkpt lat="22.28395666666667" lon="113.92210666666666"><ele>158.4</ele><time>2026-03-23T08:00:13Z</time></trkpt><trkpt lat="22.28394166666667" lon="113.92209166666667"><ele>159.8</ele><time>2026-03-23T08:00:21Z</time></trkpt><trkpt lat="22.283918333333336" lon="113.92208666666666"><ele>160.4</ele><time>2026-03-23T08:00:26Z</time></trkpt><trkpt lat="22.283906666666667" lon="113.92207166666667"><ele>161.60000000000002</ele><time>2026-03-23T08:00:32Z</time></trkpt><trkpt lat="22.283814999999997" lon="113.92208000000001"><ele>165.4</ele><time>2026-03-23T08:01:03Z</time></trkpt><trkpt lat="22.283786666666668" lon="113.92209"><ele>166.20000000000002</ele><time>2026-03-23T08:01:09Z</time></trkpt><trkpt lat="22.283769999999997" lon="113.92209833333332"><ele>166.60000000000002</ele><time>2026-03-23T08:01:12Z</time></trkpt><trkpt lat="22.283751666666664" lon="113.92209499999998"><ele>167.60000000000002</ele><time>2026-03-23T08:01:18Z</time></trkpt><trkpt lat="22.283723333333334" lon="113.92209166666667"><ele>168.70000000000002</ele><time>2026-03-23T08:01:26Z</time></trkpt><trkpt lat="22.28370333333333" lon="113.92209333333334"><ele>169.60000000000002</ele><time>2026-03-23T08:01:29Z</time></trkpt><trkpt lat="22.283685" lon="113.92209999999999"><ele>171.3</ele><time>2026-03-23T08:01:35Z</time></trkpt><trkpt lat="22.283666666666665" lon="113.92209499999998"><ele>172.3</ele><time>2026-03-23T08:01:40Z</time></trkpt><trkpt lat="22.283646666666662" lon="113.92210166666668"><ele>173.60000000000002</ele><time>2026-03-23T08:01:46Z</time></trkpt><trkpt lat="22.283601666666662" lon="113.92211333333334"><ele>176.5</ele><time>2026-03-23T08:02:00Z</time></trkpt><trkpt lat="22.28351" lon="113.92208666666666"><ele>183.8</ele><time>2026-03-23T08:02:44Z</time></trkpt><trkpt lat="22.28343333333333" lon="113.92202333333334"><ele>188.20000000000002</ele><time>2026-03-23T08:03:18Z</time></trkpt><trkpt lat="22.28339" lon="113.92199000000001"><ele>190.5</ele><time>2026-03-23T08:03:39Z</time></trkpt><trkpt lat="22.28337333333333" lon="113.92198166666667"><ele>190.8</ele><time>2026-03-23T08:03:45Z</time></trkpt><trkpt lat="22.283268333333332" lon="113.92197666666668"><ele>193.0</ele><time>2026-03-23T08:04:21Z</time></trkpt><trkpt lat="22.28325" lon="113.92196166666666"><ele>193.4</ele><time>2026-03-23T08:04:27Z</time></trkpt><trkpt lat="22.28324" lon="113.921945"><ele>194.3</ele><time>2026-03-23T08:04:35Z</time></trkpt><trkpt lat="22.283203333333336" lon="113.92195333333332"><ele>195.70000000000002</ele><time>2026-03-23T08:04:44Z</time></trkpt><trkpt lat="22.283181666666664" lon="113.92196666666665"><ele>196.8</ele><time>2026-03-23T08:04:48Z</time></trkpt><trkpt lat="22.283165" lon="113.921985"><ele>197.60000000000002</ele><time>2026-03-23T08:04:52Z</time></trkpt><trkpt lat="22.28315" lon="113.92197"><ele>199.3</ele><time>2026-03-23T08:05:01Z</time></trkpt><trkpt lat="22.283071666666668" lon="113.92191499999998"><ele>204.8</ele><time>2026-03-23T08:05:42Z</time></trkpt><trkpt lat="22.282978333333336" lon="113.92186666666666"><ele>210.0</ele><time>2026-03-23T08:06:18Z</time></trkpt><trkpt lat="22.28290666666667" lon="113.92179666666668"><ele>213.8</ele><time>2026-03-23T08:06:57Z</time></trkpt><trkpt lat="22.282948333333334" lon="113.92176666666667"><ele>214.9</ele><time>2026-03-23T08:07:09Z</time></trkpt><trkpt lat="22.282885000000004" lon="113.92168000000001"><ele>218.60000000000002</ele><time>2026-03-23T08:07:40Z</time></trkpt><trkpt lat="22.282885000000004" lon="113.92166"><ele>219.0</ele><time>2026-03-23T08:07:43Z</time></trkpt><trkpt lat="22.282874999999997" lon="113.92164"><ele>219.3</ele><time>2026-03-23T08:07:46Z</time></trkpt><trkpt lat="22.28286666666667" lon="113.92161666666668"><ele>219.60000000000002</ele><time>2026-03-23T08:07:49Z</time></trkpt><trkpt lat="22.282855" lon="113.92159666666666"><ele>220.0</ele><time>2026-03-23T08:07:53Z</time></trkpt><trkpt lat="22.282843333333336" lon="113.92157833333334"><ele>220.3</ele><time>2026-03-23T08:07:57Z</time></trkpt><trkpt lat="22.282811666666664" lon="113.92155166666667"><ele>222.10000000000002</ele><time>2026-03-23T08:08:17Z</time></trkpt><trkpt lat="22.28273166666667" lon="113.921495"><ele>225.8</ele><time>2026-03-23T08:08:58Z</time></trkpt><trkpt lat="22.28268166666667" lon="113.92144666666667"><ele>228.70000000000002</ele><time>2026-03-23T08:09:36Z</time></trkpt><trkpt lat="22.282586666666663" lon="113.92145333333335"><ele>234.8</ele><time>2026-03-23T08:10:41Z</time></trkpt><trkpt lat="22.282508333333332" lon="113.92143666666668"><ele>239.0</ele><time>2026-03-23T08:11:28Z</time></trkpt><trkpt lat="22.282413333333338" lon="113.92140666666667"><ele>245.70000000000002</ele><time>2026-03-23T08:12:27Z</time></trkpt><trkpt lat="22.28235666666667" lon="113.921335"><ele>250.3</ele><time>2026-03-23T08:13:05Z</time></trkpt><trkpt lat="22.282294999999998" lon="113.92130333333334"><ele>253.0</ele><time>2026-03-23T08:13:30Z</time></trkpt><trkpt lat="22.282283333333332" lon="113.92128333333334"><ele>253.60000000000002</ele><time>2026-03-23T08:13:36Z</time></trkpt><trkpt lat="22.282265" lon="113.921275"><ele>254.10000000000002</ele><time>2026-03-23T08:13:43Z</time></trkpt><trkpt lat="22.28223666666667" lon="113.92121"><ele>257.90000000000003</ele><time>2026-03-23T08:14:10Z</time></trkpt><trkpt lat="22.282173333333336" lon="113.92122333333333"><ele>261.2</ele><time>2026-03-23T08:14:42Z</time></trkpt><trkpt lat="22.282136666666663" lon="113.92122499999999"><ele>265.8</ele><time>2026-03-23T08:15:14Z</time></trkpt><trkpt lat="22.282145" lon="113.92120666666666"><ele>266.40000000000003</ele><time>2026-03-23T08:15:18Z</time></trkpt><trkpt lat="22.282064999999996" lon="113.92116"><ele>271.40000000000003</ele><time>2026-03-23T08:15:59Z</time></trkpt><trkpt lat="22.282048333333332" lon="113.92114500000001"><ele>273.40000000000003</ele><time>2026-03-23T08:16:15Z</time></trkpt><trkpt lat="22.281978333333335" lon="113.92106666666665"><ele>275.8</ele><time>2026-03-23T08:16:45Z</time></trkpt><trkpt lat="22.281906666666668" lon="113.92102000000001"><ele>279.3</ele><time>2026-03-23T08:17:15Z</time></trkpt><trkpt lat="22.281840000000003" lon="113.92093000000001"><ele>286.6</ele><time>2026-03-23T08:19:17Z</time></trkpt><trkpt lat="22.28183166666667" lon="113.92088166666666"><ele>287.90000000000003</ele><time>2026-03-23T08:19:29Z</time></trkpt><trkpt lat="22.28181833333333" lon="113.92086499999999"><ele>288.6</ele><time>2026-03-23T08:19:35Z</time></trkpt><trkpt lat="22.281781666666667" lon="113.92086833333333"><ele>292.8</ele><time>2026-03-23T08:19:55Z</time></trkpt><trkpt lat="22.281766666666666" lon="113.92088666666665"><ele>296.0</ele><time>2026-03-23T08:20:09Z</time></trkpt><trkpt lat="22.281766666666666" lon="113.92091"><ele>296.40000000000003</ele><time>2026-03-23T08:20:15Z</time></trkpt><trkpt lat="22.281753333333334" lon="113.92092333333333"><ele>296.40000000000003</ele><time>2026-03-23T08:20:19Z</time></trkpt><trkpt lat="22.28174" lon="113.92093666666666"><ele>295.7</ele><time>2026-03-23T08:20:24Z</time></trkpt><trkpt lat="22.281753333333334" lon="113.92095166666668"><ele>295.40000000000003</ele><time>2026-03-23T08:20:45Z</time></trkpt><trkpt lat="22.281735000000005" lon="113.92096333333332"><ele>295.8</ele><time>2026-03-23T08:20:50Z</time></trkpt><trkpt lat="22.281646666666667" lon="113.92091333333335"><ele>297.1</ele><time>2026-03-23T08:21:34Z</time></trkpt><trkpt lat="22.281626666666664" lon="113.92091833333333"><ele>297.1</ele><time>2026-03-23T08:21:37Z</time></trkpt><trkpt lat="22.281605" lon="113.920915"><ele>297.2</ele><time>2026-03-23T08:21:41Z</time></trkpt><trkpt lat="22.281586666666666" lon="113.92090833333332"><ele>297.5</ele><time>2026-03-23T08:21:47Z</time></trkpt><trkpt lat="22.281566666666663" lon="113.92091333333335"><ele>298.0</ele><time>2026-03-23T08:22:03Z</time></trkpt><trkpt lat="22.281546666666667" lon="113.92090333333333"><ele>299.2</ele><time>2026-03-23T08:22:07Z</time></trkpt><trkpt lat="22.28153166666667" lon="113.92088666666665"><ele>299.3</ele><time>2026-03-23T08:22:10Z</time></trkpt><trkpt lat="22.28151833333333" lon="113.92087333333332"><ele>299.1</ele><time>2026-03-23T08:22:13Z</time></trkpt><trkpt lat="22.281536666666664" lon="113.92088333333335"><ele>298.1</ele><time>2026-03-23T08:22:29Z</time></trkpt><trkpt lat="22.281570000000002" lon="113.92088166666666"><ele>299.2</ele><time>2026-03-23T08:22:36Z</time></trkpt><trkpt lat="22.281585000000003" lon="113.92087000000001"><ele>299.6</ele><time>2026-03-23T08:22:39Z</time></trkpt><trkpt lat="22.281589999999998" lon="113.92085"><ele>299.5</ele><time>2026-03-23T08:22:42Z</time></trkpt><trkpt lat="22.281595" lon="113.92082666666666"><ele>299.40000000000003</ele><time>2026-03-23T08:22:45Z</time></trkpt><trkpt lat="22.281605" lon="113.92080666666668"><ele>299.2</ele><time>2026-03-23T08:22:48Z</time></trkpt><trkpt lat="22.281605" lon="113.92077833333333"><ele>299.7</ele><time>2026-03-23T08:22:52Z</time></trkpt><trkpt lat="22.281591666666667" lon="113.92076166666666"><ele>299.90000000000003</ele><time>2026-03-23T08:22:54Z</time></trkpt><trkpt lat="22.281571666666665" lon="113.92075333333332"><ele>300.1</ele><time>2026-03-23T08:22:57Z</time></trkpt><trkpt lat="22.281588333333335" lon="113.92076833333334"><ele>299.40000000000003</ele><time>2026-03-23T08:23:04Z</time></trkpt><trkpt lat="22.281600000000005" lon="113.92078500000001"><ele>299.2</ele><time>2026-03-23T08:23:06Z</time></trkpt><trkpt lat="22.281618333333334" lon="113.92078500000001"><ele>299.40000000000003</ele><time>2026-03-23T08:23:10Z</time></trkpt><trkpt lat="22.28160833333333" lon="113.92080166666668"><ele>300.1</ele><time>2026-03-23T08:23:19Z</time></trkpt><trkpt lat="22.281596666666662" lon="113.92082166666665"><ele>299.8</ele><time>2026-03-23T08:23:21Z</time></trkpt><trkpt lat="22.281591666666667" lon="113.92084500000001"><ele>299.6</ele><time>2026-03-23T08:23:23Z</time></trkpt><trkpt lat="22.281585000000003" lon="113.92087000000001"><ele>299.6</ele><time>2026-03-23T08:23:26Z</time></trkpt><trkpt lat="22.281583333333334" lon="113.92089"><ele>299.8</ele><time>2026-03-23T08:23:28Z</time></trkpt><trkpt lat="22.281585000000003" lon="113.92091833333333"><ele>300.1</ele><time>2026-03-23T08:23:31Z</time></trkpt><trkpt lat="22.281583333333334" lon="113.92094"><ele>300.3</ele><time>2026-03-23T08:23:34Z</time></trkpt><trkpt lat="22.281583333333334" lon="113.92096166666667"><ele>300.5</ele><time>2026-03-23T08:23:37Z</time></trkpt><trkpt lat="22.281573333333334" lon="113.92098166666668"><ele>300.1</ele><time>2026-03-23T08:23:40Z</time></trkpt><trkpt lat="22.28155333333333" lon="113.92098166666668"><ele>299.1</ele><time>2026-03-23T08:24:15Z</time></trkpt><trkpt lat="22.28155" lon="113.92101"><ele>298.7</ele><time>2026-03-23T08:24:24Z</time></trkpt><trkpt lat="22.281540000000003" lon="113.92103833333334"><ele>299.2</ele><time>2026-03-23T08:24:31Z</time></trkpt><trkpt lat="22.281536666666664" lon="113.92106833333334"><ele>299.1</ele><time>2026-03-23T08:24:34Z</time></trkpt><trkpt lat="22.281536666666664" lon="113.92109"><ele>298.7</ele><time>2026-03-23T08:24:36Z</time></trkpt><trkpt lat="22.281538333333334" lon="113.92111500000001"><ele>297.8</ele><time>2026-03-23T08:24:39Z</time></trkpt><trkpt lat="22.281538333333334" lon="113.92114000000001"><ele>296.3</ele><time>2026-03-23T08:24:42Z</time></trkpt><trkpt lat="22.281529999999997" lon="113.92116"><ele>295.1</ele><time>2026-03-23T08:24:48Z</time></trkpt><trkpt lat="22.281523333333332" lon="113.921185"><ele>294.1</ele><time>2026-03-23T08:24:54Z</time></trkpt><trkpt lat="22.281513333333336" lon="113.92120500000001"><ele>293.90000000000003</ele><time>2026-03-23T08:24:58Z</time></trkpt><trkpt lat="22.281499999999998" lon="113.92122166666668"><ele>293.40000000000003</ele><time>2026-03-23T08:25:02Z</time></trkpt><trkpt lat="22.281481666666664" lon="113.92123166666667"><ele>292.40000000000003</ele><time>2026-03-23T08:25:07Z</time></trkpt><trkpt lat="22.28147166666667" lon="113.92126333333333"><ele>290.40000000000003</ele><time>2026-03-23T08:25:45Z</time></trkpt><trkpt lat="22.281438333333334" lon="113.92126166666667"><ele>289.8</ele><time>2026-03-23T08:25:58Z</time></trkpt><trkpt lat="22.281420000000004" lon="113.92126833333332"><ele>289.8</ele><time>2026-03-23T08:26:01Z</time></trkpt><trkpt lat="22.281411666666667" lon="113.92129166666668"><ele>289.40000000000003</ele><time>2026-03-23T08:26:04Z</time></trkpt><trkpt lat="22.281378333333336" lon="113.92129333333332"><ele>286.0</ele><time>2026-03-23T08:26:28Z</time></trkpt><trkpt lat="22.281363333333335" lon="113.92130666666665"><ele>285.1</ele><time>2026-03-23T08:26:33Z</time></trkpt><trkpt lat="22.281346666666664" lon="113.92132333333332"><ele>284.6</ele><time>2026-03-23T08:26:37Z</time></trkpt><trkpt lat="22.28132666666667" lon="113.92131666666667"><ele>283.90000000000003</ele><time>2026-03-23T08:26:40Z</time></trkpt><trkpt lat="22.281321666666667" lon="113.92129166666668"><ele>283.0</ele><time>2026-03-23T08:27:04Z</time></trkpt><trkpt lat="22.28129666666667" lon="113.92128666666667"><ele>282.8</ele><time>2026-03-23T08:27:07Z</time></trkpt><trkpt lat="22.28127833333333" lon="113.92127666666666"><ele>282.7</ele><time>2026-03-23T08:27:09Z</time></trkpt><trkpt lat="22.28126333333333" lon="113.92126166666667"><ele>281.90000000000003</ele><time>2026-03-23T08:27:13Z</time></trkpt><trkpt lat="22.281255" lon="113.92124166666666"><ele>281.1</ele><time>2026-03-23T08:27:19Z</time></trkpt><trkpt lat="22.281231666666667" lon="113.92122499999999"><ele>280.1</ele><time>2026-03-23T08:27:23Z</time></trkpt><trkpt lat="22.28122" lon="113.92120666666666"><ele>278.1</ele><time>2026-03-23T08:27:28Z</time></trkpt><trkpt lat="22.28120666666667" lon="113.92122166666668"><ele>276.0</ele><time>2026-03-23T08:27:40Z</time></trkpt><trkpt lat="22.28119" lon="113.92121166666666"><ele>274.7</ele><time>2026-03-23T08:27:46Z</time></trkpt><trkpt lat="22.281178333333333" lon="113.92119"><ele>273.7</ele><time>2026-03-23T08:27:51Z</time></trkpt><trkpt lat="22.281169999999996" lon="113.92117166666667"><ele>273.2</ele><time>2026-03-23T08:27:54Z</time></trkpt><trkpt lat="22.28116" lon="113.92115"><ele>272.6</ele><time>2026-03-23T08:27:58Z</time></trkpt><trkpt lat="22.281151666666666" lon="113.92112999999999"><ele>272.1</ele><time>2026-03-23T08:28:00Z</time></trkpt><trkpt lat="22.281138333333335" lon="113.92111166666668"><ele>271.3</ele><time>2026-03-23T08:28:04Z</time></trkpt><trkpt lat="22.281124999999996" lon="113.92109833333333"><ele>270.7</ele><time>2026-03-23T08:28:07Z</time></trkpt><trkpt lat="22.281106666666666" lon="113.92108833333332"><ele>269.2</ele><time>2026-03-23T08:28:12Z</time></trkpt><trkpt lat="22.281094999999997" lon="113.92107333333334"><ele>268.3</ele><time>2026-03-23T08:28:16Z</time></trkpt><trkpt lat="22.28108333333333" lon="113.92105833333332"><ele>267.3</ele><time>2026-03-23T08:28:22Z</time></trkpt><trkpt lat="22.281079999999996" lon="113.92103666666665"><ele>266.6</ele><time>2026-03-23T08:28:27Z</time></trkpt><trkpt lat="22.281066666666668" lon="113.92102166666668"><ele>265.90000000000003</ele><time>2026-03-23T08:28:31Z</time></trkpt><trkpt lat="22.281046666666665" lon="113.92101"><ele>265.1</ele><time>2026-03-23T08:28:35Z</time></trkpt><trkpt lat="22.281025" lon="113.921005"><ele>264.3</ele><time>2026-03-23T08:28:41Z</time></trkpt><trkpt lat="22.281000000000002" lon="113.92100666666666"><ele>263.7</ele><time>2026-03-23T08:28:45Z</time></trkpt><trkpt lat="22.28098" lon="113.92100833333333"><ele>263.40000000000003</ele><time>2026-03-23T08:28:48Z</time></trkpt><trkpt lat="22.280970000000003" lon="113.92099166666667"><ele>263.1</ele><time>2026-03-23T08:28:51Z</time></trkpt><trkpt lat="22.280963333333336" lon="113.92097333333335"><ele>262.5</ele><time>2026-03-23T08:28:55Z</time></trkpt><trkpt lat="22.28096833333333" lon="113.92095333333333"><ele>261.1</ele><time>2026-03-23T08:29:01Z</time></trkpt><trkpt lat="22.280955000000002" lon="113.92093833333332"><ele>260.2</ele><time>2026-03-23T08:29:04Z</time></trkpt><trkpt lat="22.28093833333333" lon="113.92092"><ele>259.5</ele><time>2026-03-23T08:29:07Z</time></trkpt><trkpt lat="22.280928333333335" lon="113.92090166666667"><ele>259.0</ele><time>2026-03-23T08:29:09Z</time></trkpt><trkpt lat="22.280921666666668" lon="113.92088166666666"><ele>258.5</ele><time>2026-03-23T08:29:11Z</time></trkpt><trkpt lat="22.280908333333333" lon="113.92086333333333"><ele>258.1</ele><time>2026-03-23T08:29:13Z</time></trkpt><trkpt lat="22.28089166666667" lon="113.92084333333332"><ele>257.5</ele><time>2026-03-23T08:29:16Z</time></trkpt><trkpt lat="22.280871666666666" lon="113.920825"><ele>257.0</ele><time>2026-03-23T08:29:18Z</time></trkpt><trkpt lat="22.28085" lon="113.92080499999999"><ele>256.5</ele><time>2026-03-23T08:29:20Z</time></trkpt><trkpt lat="22.280835000000003" lon="113.92078500000001"><ele>255.8</ele><time>2026-03-23T08:29:22Z</time></trkpt><trkpt lat="22.280821666666665" lon="113.92076666666665"><ele>254.8</ele><time>2026-03-23T08:29:25Z</time></trkpt><trkpt lat="22.280809999999995" lon="113.92075166666667"><ele>254.3</ele><time>2026-03-23T08:29:27Z</time></trkpt><trkpt lat="22.280798333333337" lon="113.92073333333335"><ele>253.8</ele><time>2026-03-23T08:29:29Z</time></trkpt><trkpt lat="22.280784999999998" lon="113.92071333333334"><ele>253.10000000000002</ele><time>2026-03-23T08:29:31Z</time></trkpt><trkpt lat="22.28076666666667" lon="113.92069666666666"><ele>252.5</ele><time>2026-03-23T08:29:33Z</time></trkpt><trkpt lat="22.28075833333333" lon="113.920675"><ele>251.9</ele><time>2026-03-23T08:29:36Z</time></trkpt><trkpt lat="22.28075833333333" lon="113.92065499999998"><ele>250.70000000000002</ele><time>2026-03-23T08:29:40Z</time></trkpt><trkpt lat="22.28076666666667" lon="113.92063166666667"><ele>249.9</ele><time>2026-03-23T08:29:43Z</time></trkpt><trkpt lat="22.280746666666666" lon="113.92062666666668"><ele>249.70000000000002</ele><time>2026-03-23T08:29:50Z</time></trkpt><trkpt lat="22.280723333333338" lon="113.92061333333335"><ele>249.70000000000002</ele><time>2026-03-23T08:29:54Z</time></trkpt><trkpt lat="22.28071" lon="113.92059666666667"><ele>249.9</ele><time>2026-03-23T08:29:56Z</time></trkpt><trkpt lat="22.28069833333333" lon="113.92058166666666"><ele>250.4</ele><time>2026-03-23T08:29:59Z</time></trkpt><trkpt lat="22.280683333333332" lon="113.92057000000001"><ele>250.60000000000002</ele><time>2026-03-23T08:30:03Z</time></trkpt><trkpt lat="22.280673333333333" lon="113.92055333333334"><ele>251.3</ele><time>2026-03-23T08:30:08Z</time></trkpt><trkpt lat="22.280659999999997" lon="113.92053333333334"><ele>252.5</ele><time>2026-03-23T08:30:12Z</time></trkpt><trkpt lat="22.28066666666667" lon="113.92055833333333"><ele>256.1</ele><time>2026-03-23T08:30:35Z</time></trkpt><trkpt lat="22.280678333333338" lon="113.92057333333332"><ele>256.1</ele><time>2026-03-23T08:30:39Z</time></trkpt><trkpt lat="22.280718333333333" lon="113.92060166666667"><ele>255.5</ele><time>2026-03-23T08:30:53Z</time></trkpt><trkpt lat="22.280728333333332" lon="113.92061833333334"><ele>255.40000000000003</ele><time>2026-03-23T08:30:55Z</time></trkpt><trkpt lat="22.280739999999998" lon="113.92064166666665"><ele>255.3</ele><time>2026-03-23T08:30:57Z</time></trkpt><trkpt lat="22.280755" lon="113.92066333333332"><ele>255.3</ele><time>2026-03-23T08:30:59Z</time></trkpt><trkpt lat="22.28077" lon="113.92067999999999"><ele>255.2</ele><time>2026-03-23T08:31:01Z</time></trkpt><trkpt lat="22.28078833333333" lon="113.92069333333332"><ele>255.10000000000002</ele><time>2026-03-23T08:31:03Z</time></trkpt><trkpt lat="22.28080333333333" lon="113.92071666666668"><ele>255.0</ele><time>2026-03-23T08:31:05Z</time></trkpt><trkpt lat="22.280828333333336" lon="113.920725"><ele>254.5</ele><time>2026-03-23T08:31:09Z</time></trkpt><trkpt lat="22.280843333333337" lon="113.92073666666666"><ele>254.40000000000003</ele><time>2026-03-23T08:31:11Z</time></trkpt><trkpt lat="22.280863333333333" lon="113.92074333333333"><ele>254.3</ele><time>2026-03-23T08:31:14Z</time></trkpt><trkpt lat="22.280881666666666" lon="113.92076166666666"><ele>254.40000000000003</ele><time>2026-03-23T08:31:17Z</time></trkpt><trkpt lat="22.28089333333333" lon="113.92077833333333"><ele>254.3</ele><time>2026-03-23T08:31:20Z</time></trkpt><trkpt lat="22.280910000000002" lon="113.92079666666665"><ele>254.10000000000002</ele><time>2026-03-23T08:31:23Z</time></trkpt><trkpt lat="22.280926666666666" lon="113.92081333333333"><ele>254.2</ele><time>2026-03-23T08:31:25Z</time></trkpt><trkpt lat="22.280944999999996" lon="113.92083833333332"><ele>254.5</ele><time>2026-03-23T08:31:27Z</time></trkpt><trkpt lat="22.280961666666666" lon="113.92086166666668"><ele>254.60000000000002</ele><time>2026-03-23T08:31:29Z</time></trkpt><trkpt lat="22.28098166666667" lon="113.92087166666667"><ele>254.60000000000002</ele><time>2026-03-23T08:31:33Z</time></trkpt><trkpt lat="22.280998333333333" lon="113.92089333333334"><ele>255.0</ele><time>2026-03-23T08:31:37Z</time></trkpt><trkpt lat="22.281006666666666" lon="113.92092166666667"><ele>255.2</ele><time>2026-03-23T08:31:39Z</time></trkpt><trkpt lat="22.281016666666666" lon="113.92094"><ele>256.3</ele><time>2026-03-23T08:31:51Z</time></trkpt><trkpt lat="22.281034999999996" lon="113.92094666666665"><ele>256.5</ele><time>2026-03-23T08:31:56Z</time></trkpt><trkpt lat="22.28103666666667" lon="113.92096833333332"><ele>257.40000000000003</ele><time>2026-03-23T08:32:01Z</time></trkpt><trkpt lat="22.28105833333333" lon="113.920975"><ele>259.0</ele><time>2026-03-23T08:32:14Z</time></trkpt><trkpt lat="22.281076666666664" lon="113.92098666666668"><ele>259.1</ele><time>2026-03-23T08:32:19Z</time></trkpt><trkpt lat="22.281096666666667" lon="113.92099666666667"><ele>259.2</ele><time>2026-03-23T08:32:22Z</time></trkpt><trkpt lat="22.281115" lon="113.921005"><ele>259.40000000000003</ele><time>2026-03-23T08:32:26Z</time></trkpt><trkpt lat="22.281118333333332" lon="113.92102500000001"><ele>259.8</ele><time>2026-03-23T08:32:32Z</time></trkpt><trkpt lat="22.281135000000003" lon="113.92103666666665"><ele>261.0</ele><time>2026-03-23T08:32:41Z</time></trkpt><trkpt lat="22.281151666666666" lon="113.92104666666667"><ele>261.90000000000003</ele><time>2026-03-23T08:32:47Z</time></trkpt><trkpt lat="22.281165" lon="113.921065"><ele>263.2</ele><time>2026-03-23T08:32:54Z</time></trkpt><trkpt lat="22.28117333333333" lon="113.92109"><ele>264.1</ele><time>2026-03-23T08:32:57Z</time></trkpt><trkpt lat="22.28119" lon="113.921125"><ele>267.40000000000003</ele><time>2026-03-23T08:33:09Z</time></trkpt><trkpt lat="22.281196666666666" lon="113.92114666666666"><ele>268.90000000000003</ele><time>2026-03-23T08:33:13Z</time></trkpt><trkpt lat="22.28120333333333" lon="113.92116833333333"><ele>269.90000000000003</ele><time>2026-03-23T08:33:17Z</time></trkpt><trkpt lat="22.281211666666664" lon="113.92119"><ele>270.7</ele><time>2026-03-23T08:33:21Z</time></trkpt><trkpt lat="22.28122166666667" lon="113.92121"><ele>271.0</ele><time>2026-03-23T08:33:27Z</time></trkpt><trkpt lat="22.281231666666667" lon="113.92122833333333"><ele>272.0</ele><time>2026-03-23T08:33:34Z</time></trkpt><trkpt lat="22.28125" lon="113.92122499999999"><ele>272.40000000000003</ele><time>2026-03-23T08:33:44Z</time></trkpt><trkpt lat="22.281268333333333" lon="113.92123333333332"><ele>273.6</ele><time>2026-03-23T08:33:53Z</time></trkpt><trkpt lat="22.28128333333333" lon="113.92124666666665"><ele>274.90000000000003</ele><time>2026-03-23T08:34:01Z</time></trkpt><trkpt lat="22.281301666666664" lon="113.92125833333333"><ele>275.90000000000003</ele><time>2026-03-23T08:34:08Z</time></trkpt><trkpt lat="22.28130833333333" lon="113.92127666666666"><ele>276.8</ele><time>2026-03-23T08:34:16Z</time></trkpt><trkpt lat="22.281325" lon="113.92129000000001"><ele>277.8</ele><time>2026-03-23T08:34:21Z</time></trkpt><trkpt lat="22.28133833333333" lon="113.92130666666665"><ele>278.8</ele><time>2026-03-23T08:34:25Z</time></trkpt><trkpt lat="22.28135666666667" lon="113.92131666666667"><ele>279.7</ele><time>2026-03-23T08:34:29Z</time></trkpt><trkpt lat="22.281361666666665" lon="113.92133833333334"><ele>281.2</ele><time>2026-03-23T08:34:36Z</time></trkpt><trkpt lat="22.28137333333333" lon="113.92135833333332"><ele>281.90000000000003</ele><time>2026-03-23T08:34:40Z</time></trkpt><trkpt lat="22.281375000000004" lon="113.92138333333332"><ele>282.7</ele><time>2026-03-23T08:34:44Z</time></trkpt><trkpt lat="22.281378333333336" lon="113.921405"><ele>283.40000000000003</ele><time>2026-03-23T08:34:48Z</time></trkpt><trkpt lat="22.281390000000002" lon="113.92142666666665"><ele>284.2</ele><time>2026-03-23T08:34:52Z</time></trkpt><trkpt lat="22.281403333333333" lon="113.921445"><ele>284.2</ele><time>2026-03-23T08:34:54Z</time></trkpt><trkpt lat="22.28141833333333" lon="113.92146499999998"><ele>284.2</ele><time>2026-03-23T08:34:56Z</time></trkpt><trkpt lat="22.281433333333332" lon="113.92148"><ele>284.0</ele><time>2026-03-23T08:34:58Z</time></trkpt><trkpt lat="22.281451666666666" lon="113.92149666666667"><ele>283.90000000000003</ele><time>2026-03-23T08:35:01Z</time></trkpt><trkpt lat="22.28146333333333" lon="113.92152"><ele>283.8</ele><time>2026-03-23T08:35:04Z</time></trkpt><trkpt lat="22.28147166666667" lon="113.92154000000001"><ele>283.6</ele><time>2026-03-23T08:35:06Z</time></trkpt><trkpt lat="22.281493333333334" lon="113.92155333333334"><ele>282.90000000000003</ele><time>2026-03-23T08:35:08Z</time></trkpt><trkpt lat="22.28150833333333" lon="113.92157833333334"><ele>282.6</ele><time>2026-03-23T08:35:11Z</time></trkpt><trkpt lat="22.28151666666667" lon="113.92159833333332"><ele>282.90000000000003</ele><time>2026-03-23T08:35:13Z</time></trkpt><trkpt lat="22.281529999999997" lon="113.92161166666668"><ele>282.1</ele><time>2026-03-23T08:35:17Z</time></trkpt><trkpt lat="22.281543333333335" lon="113.92163666666666"><ele>281.0</ele><time>2026-03-23T08:35:32Z</time></trkpt><trkpt lat="22.281544999999998" lon="113.92165833333333"><ele>280.8</ele><time>2026-03-23T08:35:36Z</time></trkpt><trkpt lat="22.28154833333333" lon="113.92168000000001"><ele>280.5</ele><time>2026-03-23T08:35:38Z</time></trkpt><trkpt lat="22.281546666666667" lon="113.9217"><ele>279.7</ele><time>2026-03-23T08:35:40Z</time></trkpt><trkpt lat="22.281546666666667" lon="113.921725"><ele>278.8</ele><time>2026-03-23T08:35:43Z</time></trkpt><trkpt lat="22.28154833333333" lon="113.92174500000002"><ele>277.5</ele><time>2026-03-23T08:35:46Z</time></trkpt><trkpt lat="22.281528333333334" lon="113.92175833333334"><ele>275.2</ele><time>2026-03-23T08:35:51Z</time></trkpt><trkpt lat="22.28150833333333" lon="113.921765"><ele>273.6</ele><time>2026-03-23T08:35:54Z</time></trkpt><trkpt lat="22.281488333333332" lon="113.92178"><ele>272.40000000000003</ele><time>2026-03-23T08:35:57Z</time></trkpt><trkpt lat="22.281483333333334" lon="113.92180166666667"><ele>271.0</ele><time>2026-03-23T08:36:01Z</time></trkpt><trkpt lat="22.281483333333334" lon="113.92182166666667"><ele>269.8</ele><time>2026-03-23T08:36:05Z</time></trkpt><trkpt lat="22.28147166666667" lon="113.92184"><ele>269.1</ele><time>2026-03-23T08:36:08Z</time></trkpt><trkpt lat="22.28145833333333" lon="113.92185833333333"><ele>268.5</ele><time>2026-03-23T08:36:11Z</time></trkpt><trkpt lat="22.28144666666667" lon="113.92187333333335"><ele>267.6</ele><time>2026-03-23T08:36:15Z</time></trkpt><trkpt lat="22.28140166666667" lon="113.92189333333333"><ele>264.90000000000003</ele><time>2026-03-23T08:36:33Z</time></trkpt><trkpt lat="22.2814" lon="113.92191833333332"><ele>264.90000000000003</ele><time>2026-03-23T08:36:35Z</time></trkpt><trkpt lat="22.281409999999997" lon="113.921935"><ele>264.3</ele><time>2026-03-23T08:36:37Z</time></trkpt><trkpt lat="22.281425" lon="113.92195500000001"><ele>263.90000000000003</ele><time>2026-03-23T08:36:40Z</time></trkpt><trkpt lat="22.281439999999996" lon="113.92197166666668"><ele>263.2</ele><time>2026-03-23T08:36:43Z</time></trkpt><trkpt lat="22.28144166666667" lon="113.92199833333333"><ele>262.90000000000003</ele><time>2026-03-23T08:36:46Z</time></trkpt><trkpt lat="22.281436666666664" lon="113.92201833333333"><ele>262.3</ele><time>2026-03-23T08:36:49Z</time></trkpt><trkpt lat="22.281421666666667" lon="113.922035"><ele>261.8</ele><time>2026-03-23T08:36:52Z</time></trkpt><trkpt lat="22.281403333333333" lon="113.92205166666666"><ele>261.3</ele><time>2026-03-23T08:36:56Z</time></trkpt><trkpt lat="22.28139666666667" lon="113.92208333333335"><ele>260.8</ele><time>2026-03-23T08:36:59Z</time></trkpt><trkpt lat="22.281390000000002" lon="113.92210666666666"><ele>260.8</ele><time>2026-03-23T08:37:01Z</time></trkpt><trkpt lat="22.28138333333333" lon="113.92212666666667"><ele>260.8</ele><time>2026-03-23T08:37:04Z</time></trkpt><trkpt lat="22.28137333333333" lon="113.92214833333334"><ele>260.5</ele><time>2026-03-23T08:37:29Z</time></trkpt><trkpt lat="22.28137" lon="113.92216833333332"><ele>259.7</ele><time>2026-03-23T08:37:33Z</time></trkpt><trkpt lat="22.281363333333335" lon="113.92219333333333"><ele>258.6</ele><time>2026-03-23T08:37:37Z</time></trkpt><trkpt lat="22.281343333333332" lon="113.92221666666667"><ele>255.0</ele><time>2026-03-23T08:38:22Z</time></trkpt><trkpt lat="22.281336666666668" lon="113.922235"><ele>253.20000000000002</ele><time>2026-03-23T08:38:27Z</time></trkpt><trkpt lat="22.281330000000004" lon="113.92225333333333"><ele>252.70000000000002</ele><time>2026-03-23T08:38:30Z</time></trkpt><trkpt lat="22.281336666666668" lon="113.92227666666668"><ele>252.60000000000002</ele><time>2026-03-23T08:38:37Z</time></trkpt><trkpt lat="22.28135166666667" lon="113.92229"><ele>253.10000000000002</ele><time>2026-03-23T08:38:40Z</time></trkpt><trkpt lat="22.28137166666667" lon="113.92229666666665"><ele>253.20000000000002</ele><time>2026-03-23T08:38:44Z</time></trkpt><trkpt lat="22.281394999999996" lon="113.92232833333334"><ele>254.40000000000003</ele><time>2026-03-23T08:39:00Z</time></trkpt><trkpt lat="22.28141666666667" lon="113.92233833333333"><ele>251.4</ele><time>2026-03-23T08:40:00Z</time></trkpt><trkpt lat="22.281363333333335" lon="113.92230166666668"><ele>250.70000000000002</ele><time>2026-03-23T08:40:45Z</time></trkpt><trkpt lat="22.281348333333334" lon="113.92228666666666"><ele>250.70000000000002</ele><time>2026-03-23T08:40:50Z</time></trkpt><trkpt lat="22.281325" lon="113.92227666666668"><ele>250.3</ele><time>2026-03-23T08:40:55Z</time></trkpt><trkpt lat="22.28131" lon="113.92228833333333"><ele>250.60000000000002</ele><time>2026-03-23T08:40:59Z</time></trkpt><trkpt lat="22.28130833333333" lon="113.92231166666667"><ele>250.70000000000002</ele><time>2026-03-23T08:41:02Z</time></trkpt><trkpt lat="22.28131" lon="113.92233333333334"><ele>250.20000000000002</ele><time>2026-03-23T08:41:07Z</time></trkpt><trkpt lat="22.2813" lon="113.92235166666666"><ele>249.0</ele><time>2026-03-23T08:41:13Z</time></trkpt><trkpt lat="22.281291666666668" lon="113.92237500000002"><ele>247.3</ele><time>2026-03-23T08:41:19Z</time></trkpt><trkpt lat="22.28127833333333" lon="113.92239333333333"><ele>246.4</ele><time>2026-03-23T08:41:22Z</time></trkpt><trkpt lat="22.28126666666667" lon="113.922415"><ele>245.20000000000002</ele><time>2026-03-23T08:41:26Z</time></trkpt><trkpt lat="22.28125166666667" lon="113.92243333333333"><ele>243.60000000000002</ele><time>2026-03-23T08:41:30Z</time></trkpt><trkpt lat="22.281240000000004" lon="113.92244833333334"><ele>242.4</ele><time>2026-03-23T08:41:34Z</time></trkpt><trkpt lat="22.281226666666665" lon="113.92246500000002"><ele>241.4</ele><time>2026-03-23T08:41:38Z</time></trkpt><trkpt lat="22.28121833333333" lon="113.92248333333333"><ele>240.3</ele><time>2026-03-23T08:41:42Z</time></trkpt><trkpt lat="22.281211666666664" lon="113.92250166666666"><ele>239.70000000000002</ele><time>2026-03-23T08:41:45Z</time></trkpt><trkpt lat="22.28120666666667" lon="113.92252166666667"><ele>239.3</ele><time>2026-03-23T08:41:48Z</time></trkpt><trkpt lat="22.281205" lon="113.92254499999999"><ele>238.5</ele><time>2026-03-23T08:41:52Z</time></trkpt><trkpt lat="22.28120666666667" lon="113.92256666666665"><ele>237.70000000000002</ele><time>2026-03-23T08:41:56Z</time></trkpt><trkpt lat="22.28121666666667" lon="113.92258333333332"><ele>236.5</ele><time>2026-03-23T08:42:00Z</time></trkpt><trkpt lat="22.2812" lon="113.9226"><ele>235.0</ele><time>2026-03-23T08:42:04Z</time></trkpt><trkpt lat="22.281178333333333" lon="113.92259833333334"><ele>233.70000000000002</ele><time>2026-03-23T08:42:08Z</time></trkpt><trkpt lat="22.281155" lon="113.92260833333333"><ele>232.0</ele><time>2026-03-23T08:42:12Z</time></trkpt><trkpt lat="22.281150000000004" lon="113.92262833333334"><ele>230.60000000000002</ele><time>2026-03-23T08:42:17Z</time></trkpt><trkpt lat="22.281151666666666" lon="113.92265"><ele>229.4</ele><time>2026-03-23T08:42:21Z</time></trkpt><trkpt lat="22.281146666666668" lon="113.92267166666667"><ele>228.60000000000002</ele><time>2026-03-23T08:42:24Z</time></trkpt><trkpt lat="22.281141666666667" lon="113.92269166666668"><ele>227.60000000000002</ele><time>2026-03-23T08:42:27Z</time></trkpt><trkpt lat="22.281133333333333" lon="113.92271666666666"><ele>226.10000000000002</ele><time>2026-03-23T08:42:31Z</time></trkpt><trkpt lat="22.281124999999996" lon="113.92273666666667"><ele>225.60000000000002</ele><time>2026-03-23T08:42:33Z</time></trkpt><trkpt lat="22.281121666666664" lon="113.92275833333333"><ele>224.60000000000002</ele><time>2026-03-23T08:42:37Z</time></trkpt><trkpt lat="22.281115" lon="113.92277833333334"><ele>223.70000000000002</ele><time>2026-03-23T08:42:40Z</time></trkpt><trkpt lat="22.281105000000004" lon="113.92279833333332"><ele>222.8</ele><time>2026-03-23T08:42:43Z</time></trkpt><trkpt lat="22.281094999999997" lon="113.92281999999999"><ele>221.5</ele><time>2026-03-23T08:42:47Z</time></trkpt><trkpt lat="22.281094999999997" lon="113.92284666666667"><ele>220.3</ele><time>2026-03-23T08:42:51Z</time></trkpt><trkpt lat="22.281093333333335" lon="113.92287"><ele>219.60000000000002</ele><time>2026-03-23T08:42:55Z</time></trkpt><trkpt lat="22.28109833333333" lon="113.92289166666666"><ele>218.4</ele><time>2026-03-23T08:43:00Z</time></trkpt><trkpt lat="22.281106666666666" lon="113.92291333333333"><ele>217.60000000000002</ele><time>2026-03-23T08:43:04Z</time></trkpt><trkpt lat="22.28112" lon="113.92293"><ele>216.8</ele><time>2026-03-23T08:43:08Z</time></trkpt><trkpt lat="22.281138333333335" lon="113.92293666666667"><ele>215.4</ele><time>2026-03-23T08:43:13Z</time></trkpt><trkpt lat="22.28115833333333" lon="113.922955"><ele>214.70000000000002</ele><time>2026-03-23T08:43:18Z</time></trkpt><trkpt lat="22.281169999999996" lon="113.92297500000001"><ele>214.3</ele><time>2026-03-23T08:43:21Z</time></trkpt><trkpt lat="22.281183333333335" lon="113.92299166666665"><ele>213.9</ele><time>2026-03-23T08:43:24Z</time></trkpt><trkpt lat="22.281196666666666" lon="113.92300833333333"><ele>213.5</ele><time>2026-03-23T08:43:27Z</time></trkpt><trkpt lat="22.281211666666664" lon="113.92302333333333"><ele>213.4</ele><time>2026-03-23T08:43:30Z</time></trkpt><trkpt lat="22.28122" lon="113.92304166666666"><ele>213.4</ele><time>2026-03-23T08:43:36Z</time></trkpt><trkpt lat="22.281208333333332" lon="113.92305666666668"><ele>211.5</ele><time>2026-03-23T08:43:43Z</time></trkpt><trkpt lat="22.281211666666664" lon="113.92307833333334"><ele>209.70000000000002</ele><time>2026-03-23T08:43:48Z</time></trkpt><trkpt lat="22.28122" lon="113.92310166666667"><ele>208.0</ele><time>2026-03-23T08:43:52Z</time></trkpt><trkpt lat="22.281228333333335" lon="113.92311999999998"><ele>207.10000000000002</ele><time>2026-03-23T08:43:55Z</time></trkpt><trkpt lat="22.281240000000004" lon="113.92313666666665"><ele>206.3</ele><time>2026-03-23T08:43:59Z</time></trkpt><trkpt lat="22.281255" lon="113.92315333333333"><ele>206.10000000000002</ele><time>2026-03-23T08:44:06Z</time></trkpt><trkpt lat="22.281270000000003" lon="113.92317"><ele>205.4</ele><time>2026-03-23T08:44:11Z</time></trkpt><trkpt lat="22.28128" lon="113.92318833333333"><ele>203.70000000000002</ele><time>2026-03-23T08:44:17Z</time></trkpt><trkpt lat="22.28129" lon="113.92320666666667"><ele>202.9</ele><time>2026-03-23T08:44:21Z</time></trkpt><trkpt lat="22.28129333333333" lon="113.92322666666665"><ele>202.20000000000002</ele><time>2026-03-23T08:44:24Z</time></trkpt><trkpt lat="22.281288333333336" lon="113.92325000000001"><ele>201.10000000000002</ele><time>2026-03-23T08:44:28Z</time></trkpt><trkpt lat="22.281288333333336" lon="113.92327166666668"><ele>199.60000000000002</ele><time>2026-03-23T08:44:34Z</time></trkpt><trkpt lat="22.281291666666668" lon="113.92329333333333"><ele>198.60000000000002</ele><time>2026-03-23T08:44:37Z</time></trkpt><trkpt lat="22.281298333333332" lon="113.92331833333334"><ele>197.60000000000002</ele><time>2026-03-23T08:44:41Z</time></trkpt><trkpt lat="22.281304999999996" lon="113.92334000000001"><ele>196.70000000000002</ele><time>2026-03-23T08:44:44Z</time></trkpt><trkpt lat="22.281301666666664" lon="113.92338999999998"><ele>195.20000000000002</ele><time>2026-03-23T08:45:12Z</time></trkpt><trkpt lat="22.281318333333335" lon="113.92340333333335"><ele>194.4</ele><time>2026-03-23T08:45:16Z</time></trkpt><trkpt lat="22.281331666666667" lon="113.92342"><ele>193.60000000000002</ele><time>2026-03-23T08:45:21Z</time></trkpt><trkpt lat="22.28134166666667" lon="113.92343666666666"><ele>193.20000000000002</ele><time>2026-03-23T08:45:25Z</time></trkpt><trkpt lat="22.281346666666664" lon="113.92345666666667"><ele>192.70000000000002</ele><time>2026-03-23T08:45:29Z</time></trkpt><trkpt lat="22.281335" lon="113.92347333333333"><ele>191.9</ele><time>2026-03-23T08:45:33Z</time></trkpt><trkpt lat="22.281318333333335" lon="113.92349"><ele>190.60000000000002</ele><time>2026-03-23T08:45:37Z</time></trkpt><trkpt lat="22.281303333333334" lon="113.92350166666665"><ele>189.5</ele><time>2026-03-23T08:45:41Z</time></trkpt><trkpt lat="22.281288333333336" lon="113.92352666666666"><ele>185.60000000000002</ele><time>2026-03-23T08:45:53Z</time></trkpt><trkpt lat="22.28126333333333" lon="113.92353333333334"><ele>183.60000000000002</ele><time>2026-03-23T08:45:58Z</time></trkpt><trkpt lat="22.281243333333336" lon="113.92353833333333"><ele>182.60000000000002</ele><time>2026-03-23T08:46:01Z</time></trkpt><trkpt lat="22.28122166666667" lon="113.92354500000002"><ele>181.70000000000002</ele><time>2026-03-23T08:46:05Z</time></trkpt><trkpt lat="22.281205" lon="113.92355500000001"><ele>180.70000000000002</ele><time>2026-03-23T08:46:09Z</time></trkpt><trkpt lat="22.28119166666667" lon="113.92356833333334"><ele>178.70000000000002</ele><time>2026-03-23T08:46:15Z</time></trkpt><trkpt lat="22.28117333333333" lon="113.92357333333332"><ele>177.20000000000002</ele><time>2026-03-23T08:46:20Z</time></trkpt><trkpt lat="22.281155" lon="113.92358166666666"><ele>176.0</ele><time>2026-03-23T08:46:24Z</time></trkpt><trkpt lat="22.281139999999997" lon="113.92359499999999"><ele>175.10000000000002</ele><time>2026-03-23T08:46:28Z</time></trkpt><trkpt lat="22.281124999999996" lon="113.92360833333332"><ele>174.4</ele><time>2026-03-23T08:46:31Z</time></trkpt><trkpt lat="22.281105000000004" lon="113.92362"><ele>173.0</ele><time>2026-03-23T08:46:35Z</time></trkpt><trkpt lat="22.28108333333333" lon="113.92362166666665"><ele>171.60000000000002</ele><time>2026-03-23T08:46:40Z</time></trkpt><trkpt lat="22.28105833333333" lon="113.92362333333334"><ele>170.70000000000002</ele><time>2026-03-23T08:46:43Z</time></trkpt><trkpt lat="22.28103666666667" lon="113.92362"><ele>170.20000000000002</ele><time>2026-03-23T08:46:45Z</time></trkpt><trkpt lat="22.281016666666666" lon="113.923615"><ele>169.5</ele><time>2026-03-23T08:46:48Z</time></trkpt><trkpt lat="22.28099666666667" lon="113.92361166666666"><ele>169.10000000000002</ele><time>2026-03-23T08:46:50Z</time></trkpt><trkpt lat="22.280978333333337" lon="113.92360166666667"><ele>168.60000000000002</ele><time>2026-03-23T08:46:52Z</time></trkpt><trkpt lat="22.280956666666665" lon="113.92359499999999"><ele>168.20000000000002</ele><time>2026-03-23T08:46:54Z</time></trkpt><trkpt lat="22.280933333333337" lon="113.92358833333334"><ele>167.60000000000002</ele><time>2026-03-23T08:46:57Z</time></trkpt><trkpt lat="22.280908333333333" lon="113.92357666666666"><ele>166.8</ele><time>2026-03-23T08:47:01Z</time></trkpt><trkpt lat="22.280884999999998" lon="113.92357666666666"><ele>165.8</ele><time>2026-03-23T08:47:05Z</time></trkpt><trkpt lat="22.280863333333333" lon="113.92358166666666"><ele>165.10000000000002</ele><time>2026-03-23T08:47:09Z</time></trkpt><trkpt lat="22.280838333333335" lon="113.92358166666666"><ele>164.20000000000002</ele><time>2026-03-23T08:47:13Z</time></trkpt><trkpt lat="22.280818333333333" lon="113.92358333333335"><ele>163.5</ele><time>2026-03-23T08:47:16Z</time></trkpt><trkpt lat="22.280796666666667" lon="113.92357833333332"><ele>163.0</ele><time>2026-03-23T08:47:20Z</time></trkpt><trkpt lat="22.280773333333332" lon="113.92357666666666"><ele>162.4</ele><time>2026-03-23T08:47:23Z</time></trkpt><trkpt lat="22.280751666666667" lon="113.92358"><ele>161.8</ele><time>2026-03-23T08:47:26Z</time></trkpt><trkpt lat="22.280731666666664" lon="113.92359166666665"><ele>161.10000000000002</ele><time>2026-03-23T08:47:29Z</time></trkpt><trkpt lat="22.28071166666667" lon="113.92359499999999"><ele>160.5</ele><time>2026-03-23T08:47:31Z</time></trkpt><trkpt lat="22.280693333333335" lon="113.92359333333334"><ele>160.10000000000002</ele><time>2026-03-23T08:47:33Z</time></trkpt><trkpt lat="22.280671666666663" lon="113.92359833333333"><ele>159.10000000000002</ele><time>2026-03-23T08:47:36Z</time></trkpt><trkpt lat="22.280651666666667" lon="113.92359333333334"><ele>158.4</ele><time>2026-03-23T08:47:38Z</time></trkpt><trkpt lat="22.280631666666668" lon="113.92358666666665"><ele>157.9</ele><time>2026-03-23T08:47:40Z</time></trkpt><trkpt lat="22.28060833333333" lon="113.92358166666666"><ele>156.8</ele><time>2026-03-23T08:47:43Z</time></trkpt><trkpt lat="22.28059" lon="113.92356999999998"><ele>156.0</ele><time>2026-03-23T08:47:46Z</time></trkpt><trkpt lat="22.280573333333336" lon="113.92356"><ele>155.4</ele><time>2026-03-23T08:47:49Z</time></trkpt><trkpt lat="22.280554999999996" lon="113.92355500000001"><ele>154.70000000000002</ele><time>2026-03-23T08:47:52Z</time></trkpt><trkpt lat="22.280536666666663" lon="113.92355"><ele>154.3</ele><time>2026-03-23T08:47:54Z</time></trkpt><trkpt lat="22.280516666666667" lon="113.92354833333333"><ele>153.5</ele><time>2026-03-23T08:47:58Z</time></trkpt><trkpt lat="22.280494999999995" lon="113.92354833333333"><ele>153.0</ele><time>2026-03-23T08:48:02Z</time></trkpt><trkpt lat="22.280476666666665" lon="113.92355"><ele>152.60000000000002</ele><time>2026-03-23T08:48:05Z</time></trkpt><trkpt lat="22.28045666666667" lon="113.92354833333333"><ele>152.0</ele><time>2026-03-23T08:48:08Z</time></trkpt><trkpt lat="22.280435000000004" lon="113.92355"><ele>151.10000000000002</ele><time>2026-03-23T08:48:12Z</time></trkpt><trkpt lat="22.280416666666664" lon="113.92355333333334"><ele>150.20000000000002</ele><time>2026-03-23T08:48:15Z</time></trkpt><trkpt lat="22.28039833333333" lon="113.92355166666667"><ele>149.5</ele><time>2026-03-23T08:48:20Z</time></trkpt><trkpt lat="22.280379999999997" lon="113.92354833333333"><ele>149.10000000000002</ele><time>2026-03-23T08:48:23Z</time></trkpt><trkpt lat="22.280360000000005" lon="113.92354666666667"><ele>148.9</ele><time>2026-03-23T08:48:25Z</time></trkpt><trkpt lat="22.280334999999997" lon="113.92355"><ele>148.4</ele><time>2026-03-23T08:48:28Z</time></trkpt><trkpt lat="22.280313333333332" lon="113.92355"><ele>148.10000000000002</ele><time>2026-03-23T08:48:30Z</time></trkpt><trkpt lat="22.280289999999997" lon="113.92354166666668"><ele>147.60000000000002</ele><time>2026-03-23T08:48:32Z</time></trkpt><trkpt lat="22.280273333333337" lon="113.92353333333334"><ele>147.0</ele><time>2026-03-23T08:48:34Z</time></trkpt><trkpt lat="22.28024833333333" lon="113.92354833333333"><ele>145.9</ele><time>2026-03-23T08:48:37Z</time></trkpt><trkpt lat="22.28023" lon="113.92355833333335"><ele>145.3</ele><time>2026-03-23T08:48:39Z</time></trkpt><trkpt lat="22.280206666666665" lon="113.92356166666666"><ele>144.8</ele><time>2026-03-23T08:48:42Z</time></trkpt><trkpt lat="22.28018833333333" lon="113.92355833333335"><ele>144.70000000000002</ele><time>2026-03-23T08:48:44Z</time></trkpt><trkpt lat="22.280166666666666" lon="113.92356166666666"><ele>144.5</ele><time>2026-03-23T08:48:47Z</time></trkpt><trkpt lat="22.28014333333333" lon="113.92356999999998"><ele>144.4</ele><time>2026-03-23T08:48:50Z</time></trkpt><trkpt lat="22.280118333333334" lon="113.92357833333332"><ele>144.0</ele><time>2026-03-23T08:48:53Z</time></trkpt><trkpt lat="22.28009833333333" lon="113.92359166666665"><ele>143.4</ele><time>2026-03-23T08:48:56Z</time></trkpt><trkpt lat="22.280085" lon="113.92360500000001"><ele>143.0</ele><time>2026-03-23T08:48:58Z</time></trkpt><trkpt lat="22.280066666666666" lon="113.92361833333334"><ele>142.20000000000002</ele><time>2026-03-23T08:49:02Z</time></trkpt><trkpt lat="22.280048333333337" lon="113.92362999999999"><ele>141.60000000000002</ele><time>2026-03-23T08:49:05Z</time></trkpt><trkpt lat="22.280030000000004" lon="113.92363500000002"><ele>141.0</ele><time>2026-03-23T08:49:09Z</time></trkpt><trkpt lat="22.280015000000002" lon="113.92362333333334"><ele>140.60000000000002</ele><time>2026-03-23T08:49:12Z</time></trkpt><trkpt lat="22.27999833333333" lon="113.92363333333333"><ele>140.3</ele><time>2026-03-23T08:49:15Z</time></trkpt><trkpt lat="22.279980000000002" lon="113.92364333333335"><ele>139.60000000000002</ele><time>2026-03-23T08:49:19Z</time></trkpt><trkpt lat="22.279971666666665" lon="113.92366166666667"><ele>139.0</ele><time>2026-03-23T08:49:22Z</time></trkpt><trkpt lat="22.27995333333333" lon="113.92367333333335"><ele>138.4</ele><time>2026-03-23T08:49:25Z</time></trkpt><trkpt lat="22.27993333333333" lon="113.92368499999999"><ele>137.9</ele><time>2026-03-23T08:49:28Z</time></trkpt><trkpt lat="22.27991833333333" lon="113.92369833333332"><ele>137.5</ele><time>2026-03-23T08:49:31Z</time></trkpt><trkpt lat="22.279905" lon="113.92371999999999"><ele>137.0</ele><time>2026-03-23T08:49:34Z</time></trkpt><trkpt lat="22.27990333333333" lon="113.92374"><ele>136.70000000000002</ele><time>2026-03-23T08:49:36Z</time></trkpt><trkpt lat="22.279905" lon="113.92376333333335"><ele>136.20000000000002</ele><time>2026-03-23T08:49:40Z</time></trkpt><trkpt lat="22.279898333333335" lon="113.92378666666667"><ele>136.20000000000002</ele><time>2026-03-23T08:49:43Z</time></trkpt><trkpt lat="22.27989166666667" lon="113.92381666666667"><ele>135.9</ele><time>2026-03-23T08:49:46Z</time></trkpt><trkpt lat="22.279886666666666" lon="113.92383666666667"><ele>135.70000000000002</ele><time>2026-03-23T08:49:48Z</time></trkpt><trkpt lat="22.279886666666666" lon="113.92385833333334"><ele>135.5</ele><time>2026-03-23T08:49:50Z</time></trkpt><trkpt lat="22.279886666666666" lon="113.92388000000001"><ele>135.20000000000002</ele><time>2026-03-23T08:49:52Z</time></trkpt><trkpt lat="22.279883333333334" lon="113.92390500000002"><ele>134.9</ele><time>2026-03-23T08:49:54Z</time></trkpt><trkpt lat="22.279878333333333" lon="113.92392999999998"><ele>134.60000000000002</ele><time>2026-03-23T08:49:56Z</time></trkpt><trkpt lat="22.279866666666667" lon="113.92394833333334"><ele>134.5</ele><time>2026-03-23T08:49:59Z</time></trkpt><trkpt lat="22.279848333333334" lon="113.92397000000001"><ele>134.4</ele><time>2026-03-23T08:50:02Z</time></trkpt><trkpt lat="22.279838333333334" lon="113.92398833333333"><ele>133.9</ele><time>2026-03-23T08:50:06Z</time></trkpt><trkpt lat="22.279839999999997" lon="113.92401"><ele>133.70000000000002</ele><time>2026-03-23T08:50:10Z</time></trkpt><trkpt lat="22.279839999999997" lon="113.92403166666666"><ele>133.4</ele><time>2026-03-23T08:50:13Z</time></trkpt><trkpt lat="22.27983166666667" lon="113.92405166666667"><ele>133.10000000000002</ele><time>2026-03-23T08:50:16Z</time></trkpt><trkpt lat="22.279823333333336" lon="113.92407166666665"><ele>132.9</ele><time>2026-03-23T08:50:19Z</time></trkpt><trkpt lat="22.279811666666667" lon="113.92409"><ele>132.5</ele><time>2026-03-23T08:50:22Z</time></trkpt><trkpt lat="22.27979833333333" lon="113.92410333333333"><ele>132.4</ele><time>2026-03-23T08:50:24Z</time></trkpt><trkpt lat="22.279788333333332" lon="113.92412666666665"><ele>132.10000000000002</ele><time>2026-03-23T08:50:27Z</time></trkpt><trkpt lat="22.279778333333336" lon="113.92415166666666"><ele>131.8</ele><time>2026-03-23T08:50:30Z</time></trkpt><trkpt lat="22.27976833333333" lon="113.92417500000002"><ele>131.10000000000002</ele><time>2026-03-23T08:50:33Z</time></trkpt><trkpt lat="22.279760000000003" lon="113.924195"><ele>130.5</ele><time>2026-03-23T08:50:36Z</time></trkpt><trkpt lat="22.279748333333334" lon="113.92421166666666"><ele>130.10000000000002</ele><time>2026-03-23T08:50:38Z</time></trkpt><trkpt lat="22.279730000000004" lon="113.92422499999999"><ele>129.10000000000002</ele><time>2026-03-23T08:50:42Z</time></trkpt><trkpt lat="22.279718333333335" lon="113.92424000000001"><ele>128.3</ele><time>2026-03-23T08:50:46Z</time></trkpt><trkpt lat="22.27970833333333" lon="113.92425999999999"><ele>127.39999999999999</ele><time>2026-03-23T08:50:50Z</time></trkpt><trkpt lat="22.27969" lon="113.92427333333332"><ele>126.60000000000001</ele><time>2026-03-23T08:50:53Z</time></trkpt><trkpt lat="22.27968" lon="113.92429500000001"><ele>126.3</ele><time>2026-03-23T08:50:57Z</time></trkpt><trkpt lat="22.27968333333333" lon="113.92431499999999"><ele>126.60000000000001</ele><time>2026-03-23T08:51:00Z</time></trkpt><trkpt lat="22.279668333333333" lon="113.92432833333332"><ele>128.20000000000002</ele><time>2026-03-23T08:51:22Z</time></trkpt><trkpt lat="22.279643333333336" lon="113.92436500000001"><ele>126.10000000000001</ele><time>2026-03-23T08:51:35Z</time></trkpt><trkpt lat="22.279631666666667" lon="113.92438333333332"><ele>125.7</ele><time>2026-03-23T08:51:37Z</time></trkpt><trkpt lat="22.279616666666666" lon="113.924405"><ele>125.1</ele><time>2026-03-23T08:51:40Z</time></trkpt><trkpt lat="22.27961" lon="113.92442333333332"><ele>124.2</ele><time>2026-03-23T08:51:43Z</time></trkpt><trkpt lat="22.279605" lon="113.92444333333333"><ele>123.1</ele><time>2026-03-23T08:51:47Z</time></trkpt><trkpt lat="22.27960666666667" lon="113.92446666666667"><ele>121.3</ele><time>2026-03-23T08:51:56Z</time></trkpt><trkpt lat="22.27959166666667" lon="113.92448"><ele>120.7</ele><time>2026-03-23T08:52:01Z</time></trkpt><trkpt lat="22.279583333333335" lon="113.92450166666667"><ele>119.89999999999999</ele><time>2026-03-23T08:52:06Z</time></trkpt><trkpt lat="22.279568333333334" lon="113.92452833333333"><ele>119.1</ele><time>2026-03-23T08:52:12Z</time></trkpt><trkpt lat="22.279563333333332" lon="113.92454833333335"><ele>118.5</ele><time>2026-03-23T08:52:16Z</time></trkpt><trkpt lat="22.279568333333334" lon="113.92456833333333"><ele>116.89999999999999</ele><time>2026-03-23T08:52:23Z</time></trkpt><trkpt lat="22.279571666666666" lon="113.92458833333333"><ele>116.3</ele><time>2026-03-23T08:52:27Z</time></trkpt><trkpt lat="22.279568333333334" lon="113.92461499999999"><ele>115.5</ele><time>2026-03-23T08:52:32Z</time></trkpt><trkpt lat="22.279565" lon="113.92463666666666"><ele>115.1</ele><time>2026-03-23T08:52:35Z</time></trkpt><trkpt lat="22.279555" lon="113.92466"><ele>114.39999999999999</ele><time>2026-03-23T08:52:39Z</time></trkpt><trkpt lat="22.279535000000003" lon="113.92468333333333"><ele>113.2</ele><time>2026-03-23T08:52:48Z</time></trkpt><trkpt lat="22.279524999999996" lon="113.9247"><ele>112.7</ele><time>2026-03-23T08:52:51Z</time></trkpt><trkpt lat="22.279521666666664" lon="113.92472166666667"><ele>111.6</ele><time>2026-03-23T08:52:57Z</time></trkpt><trkpt lat="22.279511666666668" lon="113.92473999999999"><ele>110.2</ele><time>2026-03-23T08:53:05Z</time></trkpt><trkpt lat="22.279506666666666" lon="113.92476"><ele>109.2</ele><time>2026-03-23T08:53:10Z</time></trkpt><trkpt lat="22.279506666666666" lon="113.92478000000001"><ele>108.8</ele><time>2026-03-23T08:53:13Z</time></trkpt><trkpt lat="22.27951666666667" lon="113.92479833333333"><ele>108.3</ele><time>2026-03-23T08:53:16Z</time></trkpt><trkpt lat="22.279538333333335" lon="113.92481000000001"><ele>107.7</ele><time>2026-03-23T08:53:19Z</time></trkpt><trkpt lat="22.279539999999997" lon="113.92483166666668"><ele>106.3</ele><time>2026-03-23T08:53:25Z</time></trkpt><trkpt lat="22.279528333333328" lon="113.92484666666665"><ele>105.5</ele><time>2026-03-23T08:53:30Z</time></trkpt><trkpt lat="22.279521666666664" lon="113.92486666666667"><ele>104.5</ele><time>2026-03-23T08:53:34Z</time></trkpt><trkpt lat="22.279521666666664" lon="113.92488666666668"><ele>103.39999999999999</ele><time>2026-03-23T08:53:39Z</time></trkpt><trkpt lat="22.279511666666668" lon="113.92490666666666"><ele>102.3</ele><time>2026-03-23T08:53:43Z</time></trkpt><trkpt lat="22.279515" lon="113.92492833333333"><ele>101.3</ele><time>2026-03-23T08:53:46Z</time></trkpt><trkpt lat="22.27951666666667" lon="113.92494833333333"><ele>100.39999999999999</ele><time>2026-03-23T08:53:49Z</time></trkpt><trkpt lat="22.27951666666667" lon="113.92497"><ele>99.6</ele><time>2026-03-23T08:53:53Z</time></trkpt><trkpt lat="22.279518333333332" lon="113.92499333333332"><ele>98.3</ele><time>2026-03-23T08:53:59Z</time></trkpt><trkpt lat="22.279526666666666" lon="113.92501666666666"><ele>97.1</ele><time>2026-03-23T08:54:03Z</time></trkpt><trkpt lat="22.27953" lon="113.92503833333333"><ele>96.1</ele><time>2026-03-23T08:54:08Z</time></trkpt><trkpt lat="22.27951666666667" lon="113.925055"><ele>95.7</ele><time>2026-03-23T08:54:13Z</time></trkpt><trkpt lat="22.279505000000004" lon="113.92507166666668"><ele>95.39999999999999</ele><time>2026-03-23T08:54:19Z</time></trkpt><trkpt lat="22.279518333333332" lon="113.92508666666666"><ele>95.39999999999999</ele><time>2026-03-23T08:54:27Z</time></trkpt><trkpt lat="22.27954333333333" lon="113.92509833333334"><ele>95.5</ele><time>2026-03-23T08:54:30Z</time></trkpt><trkpt lat="22.279565" lon="113.92509166666666"><ele>95.3</ele><time>2026-03-23T08:54:33Z</time></trkpt><trkpt lat="22.279580000000003" lon="113.92508000000001"><ele>94.8</ele><time>2026-03-23T08:54:38Z</time></trkpt><trkpt lat="22.279596666666666" lon="113.92506833333333"><ele>94.3</ele><time>2026-03-23T08:54:42Z</time></trkpt><trkpt lat="22.27962" lon="113.925055"><ele>93.7</ele><time>2026-03-23T08:54:45Z</time></trkpt><trkpt lat="22.279640000000004" lon="113.92505166666666"><ele>93.3</ele><time>2026-03-23T08:54:48Z</time></trkpt><trkpt lat="22.279659999999996" lon="113.92504499999998"><ele>92.89999999999999</ele><time>2026-03-23T08:54:51Z</time></trkpt><trkpt lat="22.27968333333333" lon="113.925035"><ele>92.2</ele><time>2026-03-23T08:54:55Z</time></trkpt><trkpt lat="22.279704999999996" lon="113.92502833333334"><ele>91.6</ele><time>2026-03-23T08:54:58Z</time></trkpt><trkpt lat="22.279725" lon="113.92503"><ele>90.7</ele><time>2026-03-23T08:55:02Z</time></trkpt><trkpt lat="22.279745000000002" lon="113.92503666666668"><ele>90.3</ele><time>2026-03-23T08:55:06Z</time></trkpt><trkpt lat="22.279790000000002" lon="113.925055"><ele>88.5</ele><time>2026-03-23T08:55:20Z</time></trkpt><trkpt lat="22.279803333333334" lon="113.92506833333333"><ele>87.8</ele><time>2026-03-23T08:55:26Z</time></trkpt><trkpt lat="22.27981833333333" lon="113.92505666666666"><ele>87.6</ele><time>2026-03-23T08:55:32Z</time></trkpt><trkpt lat="22.27982833333333" lon="113.92503666666668"><ele>87.3</ele><time>2026-03-23T08:55:35Z</time></trkpt><trkpt lat="22.279841666666666" lon="113.92502166666667"><ele>87.0</ele><time>2026-03-23T08:55:39Z</time></trkpt><trkpt lat="22.27985833333333" lon="113.92500666666668"><ele>86.6</ele><time>2026-03-23T08:55:44Z</time></trkpt><trkpt lat="22.279878333333333" lon="113.92498833333333"><ele>86.3</ele><time>2026-03-23T08:55:47Z</time></trkpt><trkpt lat="22.279896666666666" lon="113.92497999999999"><ele>86.2</ele><time>2026-03-23T08:55:49Z</time></trkpt><trkpt lat="22.27991833333333" lon="113.92497"><ele>86.1</ele><time>2026-03-23T08:55:52Z</time></trkpt><trkpt lat="22.279940000000003" lon="113.92496666666666"><ele>86.0</ele><time>2026-03-23T08:55:55Z</time></trkpt><trkpt lat="22.279955000000005" lon="113.92495500000001"><ele>85.89999999999999</ele><time>2026-03-23T08:55:57Z</time></trkpt><trkpt lat="22.279970000000002" lon="113.92494166666665"><ele>85.7</ele><time>2026-03-23T08:55:59Z</time></trkpt><trkpt lat="22.279991666666668" lon="113.92492833333333"><ele>85.5</ele><time>2026-03-23T08:56:02Z</time></trkpt><trkpt lat="22.28001" lon="113.92492166666668"><ele>85.1</ele><time>2026-03-23T08:56:05Z</time></trkpt><trkpt lat="22.280034999999998" lon="113.92491166666666"><ele>84.89999999999999</ele><time>2026-03-23T08:56:08Z</time></trkpt><trkpt lat="22.280056666666663" lon="113.92490000000001"><ele>84.8</ele><time>2026-03-23T08:56:10Z</time></trkpt><trkpt lat="22.280073333333334" lon="113.92488499999999"><ele>84.6</ele><time>2026-03-23T08:56:12Z</time></trkpt><trkpt lat="22.280093333333337" lon="113.92486833333332"><ele>84.6</ele><time>2026-03-23T08:56:15Z</time></trkpt><trkpt lat="22.280115000000002" lon="113.92486"><ele>84.3</ele><time>2026-03-23T08:56:18Z</time></trkpt><trkpt lat="22.280133333333332" lon="113.92486"><ele>84.1</ele><time>2026-03-23T08:56:20Z</time></trkpt><trkpt lat="22.280153333333335" lon="113.92485"><ele>83.89999999999999</ele><time>2026-03-23T08:56:23Z</time></trkpt><trkpt lat="22.28017333333333" lon="113.92484666666665"><ele>83.39999999999999</ele><time>2026-03-23T08:56:28Z</time></trkpt><trkpt lat="22.280191666666664" lon="113.92485"><ele>82.7</ele><time>2026-03-23T08:56:34Z</time></trkpt><trkpt lat="22.280210000000004" lon="113.92485"><ele>82.5</ele><time>2026-03-23T08:56:37Z</time></trkpt><trkpt lat="22.28023333333333" lon="113.92485333333335"><ele>82.39999999999999</ele><time>2026-03-23T08:56:40Z</time></trkpt><trkpt lat="22.280255000000004" lon="113.92485833333333"><ele>82.2</ele><time>2026-03-23T08:56:43Z</time></trkpt><trkpt lat="22.28028" lon="113.92485333333335"><ele>81.8</ele><time>2026-03-23T08:56:46Z</time></trkpt><trkpt lat="22.280300000000004" lon="113.924845"><ele>81.1</ele><time>2026-03-23T08:56:49Z</time></trkpt><trkpt lat="22.28032166666667" lon="113.92485"><ele>80.5</ele><time>2026-03-23T08:56:52Z</time></trkpt><trkpt lat="22.280341666666665" lon="113.92485166666665"><ele>80.2</ele><time>2026-03-23T08:56:55Z</time></trkpt><trkpt lat="22.280360000000005" lon="113.92485"><ele>80.0</ele><time>2026-03-23T08:56:57Z</time></trkpt><trkpt lat="22.280385000000003" lon="113.92486333333333"><ele>79.7</ele><time>2026-03-23T08:56:59Z</time></trkpt><trkpt lat="22.280408333333337" lon="113.92487333333332"><ele>79.3</ele><time>2026-03-23T08:57:01Z</time></trkpt><trkpt lat="22.280431666666665" lon="113.92488333333334"><ele>79.0</ele><time>2026-03-23T08:57:03Z</time></trkpt><trkpt lat="22.280451666666668" lon="113.92487833333334"><ele>79.1</ele><time>2026-03-23T08:57:05Z</time></trkpt><trkpt lat="22.28047333333333" lon="113.92487666666666"><ele>79.1</ele><time>2026-03-23T08:57:07Z</time></trkpt><trkpt lat="22.280491666666663" lon="113.92487833333334"><ele>79.2</ele><time>2026-03-23T08:57:09Z</time></trkpt><trkpt lat="22.280511666666666" lon="113.92487833333334"><ele>79.1</ele><time>2026-03-23T08:57:11Z</time></trkpt><trkpt lat="22.280538333333332" lon="113.92489166666668"><ele>78.8</ele><time>2026-03-23T08:57:14Z</time></trkpt><trkpt lat="22.280556666666666" lon="113.92489500000002"><ele>78.6</ele><time>2026-03-23T08:57:16Z</time></trkpt><trkpt lat="22.28058" lon="113.92490166666667"><ele>78.1</ele><time>2026-03-23T08:57:18Z</time></trkpt><trkpt lat="22.280604999999998" lon="113.92491666666668"><ele>77.89999999999999</ele><time>2026-03-23T08:57:21Z</time></trkpt><trkpt lat="22.280626666666663" lon="113.92492833333333"><ele>77.6</ele><time>2026-03-23T08:57:25Z</time></trkpt><trkpt lat="22.280648333333335" lon="113.92493333333331"><ele>77.39999999999999</ele><time>2026-03-23T08:57:28Z</time></trkpt><trkpt lat="22.28067" lon="113.92493833333334"><ele>77.39999999999999</ele><time>2026-03-23T08:57:30Z</time></trkpt><trkpt lat="22.280694999999998" lon="113.92492833333333"><ele>77.3</ele><time>2026-03-23T08:57:33Z</time></trkpt><trkpt lat="22.280718333333333" lon="113.92493166666667"><ele>77.3</ele><time>2026-03-23T08:57:36Z</time></trkpt><trkpt lat="22.28074333333333" lon="113.92493333333331"><ele>77.3</ele><time>2026-03-23T08:57:40Z</time></trkpt><trkpt lat="22.280763333333333" lon="113.92494833333333"><ele>77.2</ele><time>2026-03-23T08:57:43Z</time></trkpt><trkpt lat="22.280775000000002" lon="113.92496333333332"><ele>77.3</ele><time>2026-03-23T08:57:45Z</time></trkpt><trkpt lat="22.280796666666667" lon="113.92496833333334"><ele>76.6</ele><time>2026-03-23T08:57:49Z</time></trkpt><trkpt lat="22.280813333333338" lon="113.92499000000001"><ele>75.8</ele><time>2026-03-23T08:57:52Z</time></trkpt><trkpt lat="22.280835000000003" lon="113.92500666666668"><ele>75.2</ele><time>2026-03-23T08:57:55Z</time></trkpt><trkpt lat="22.280858333333338" lon="113.92501499999999"><ele>74.8</ele><time>2026-03-23T08:57:57Z</time></trkpt><trkpt lat="22.280873333333336" lon="113.92503"><ele>74.5</ele><time>2026-03-23T08:57:59Z</time></trkpt><trkpt lat="22.280884999999998" lon="113.92504499999998"><ele>74.2</ele><time>2026-03-23T08:58:01Z</time></trkpt><trkpt lat="22.280896666666663" lon="113.92506666666668"><ele>73.5</ele><time>2026-03-23T08:58:04Z</time></trkpt><trkpt lat="22.280910000000002" lon="113.92508833333335"><ele>73.0</ele><time>2026-03-23T08:58:07Z</time></trkpt><trkpt lat="22.28093666666667" lon="113.92510166666668"><ele>72.6</ele><time>2026-03-23T08:58:10Z</time></trkpt><trkpt lat="22.280955000000002" lon="113.92511333333331"><ele>72.5</ele><time>2026-03-23T08:58:13Z</time></trkpt><trkpt lat="22.280970000000003" lon="113.92513166666667"><ele>72.39999999999999</ele><time>2026-03-23T08:58:17Z</time></trkpt><trkpt lat="22.280985" lon="113.92514833333334"><ele>72.3</ele><time>2026-03-23T08:58:21Z</time></trkpt><trkpt lat="22.280995" lon="113.92517666666666"><ele>72.3</ele><time>2026-03-23T08:58:25Z</time></trkpt><trkpt lat="22.28101" lon="113.92519666666666"><ele>71.89999999999999</ele><time>2026-03-23T08:58:28Z</time></trkpt><trkpt lat="22.28102333333333" lon="113.92521333333335"><ele>71.1</ele><time>2026-03-23T08:58:32Z</time></trkpt><trkpt lat="22.281018333333336" lon="113.92523333333332"><ele>71.2</ele><time>2026-03-23T08:58:36Z</time></trkpt><trkpt lat="22.281033333333333" lon="113.92526000000001"><ele>70.3</ele><time>2026-03-23T08:58:51Z</time></trkpt><trkpt lat="22.281043333333333" lon="113.92527999999999"><ele>69.2</ele><time>2026-03-23T08:58:58Z</time></trkpt><trkpt lat="22.28104166666667" lon="113.92530333333335"><ele>68.6</ele><time>2026-03-23T08:59:03Z</time></trkpt><trkpt lat="22.281043333333333" lon="113.92532666666666"><ele>68.2</ele><time>2026-03-23T08:59:08Z</time></trkpt><trkpt lat="22.28103833333333" lon="113.92534666666667"><ele>68.0</ele><time>2026-03-23T08:59:11Z</time></trkpt><trkpt lat="22.281034999999996" lon="113.92537666666666"><ele>67.6</ele><time>2026-03-23T08:59:14Z</time></trkpt><trkpt lat="22.28103666666667" lon="113.92539666666669"><ele>67.2</ele><time>2026-03-23T08:59:19Z</time></trkpt><trkpt lat="22.281046666666665" lon="113.92541333333332"><ele>66.39999999999999</ele><time>2026-03-23T08:59:25Z</time></trkpt><trkpt lat="22.281045000000002" lon="113.92543833333333"><ele>65.6</ele><time>2026-03-23T08:59:29Z</time></trkpt><trkpt lat="22.281051666666666" lon="113.92545833333334"><ele>64.39999999999999</ele><time>2026-03-23T08:59:33Z</time></trkpt><trkpt lat="22.28105833333333" lon="113.92547666666665"><ele>63.7</ele><time>2026-03-23T08:59:36Z</time></trkpt><trkpt lat="22.28105833333333" lon="113.92549666666667"><ele>62.89999999999999</ele><time>2026-03-23T08:59:40Z</time></trkpt><trkpt lat="22.28107" lon="113.92551166666665"><ele>61.89999999999999</ele><time>2026-03-23T08:59:45Z</time></trkpt><trkpt lat="22.281075" lon="113.92553333333332"><ele>61.099999999999994</ele><time>2026-03-23T08:59:51Z</time></trkpt><trkpt lat="22.28107333333333" lon="113.92555666666667"><ele>60.3</ele><time>2026-03-23T08:59:56Z</time></trkpt><trkpt lat="22.28107166666667" lon="113.92557666666669"><ele>59.099999999999994</ele><time>2026-03-23T09:00:02Z</time></trkpt><trkpt lat="22.28107166666667" lon="113.92559833333334"><ele>58.3</ele><time>2026-03-23T09:00:06Z</time></trkpt><trkpt lat="22.28107166666667" lon="113.92562166666667"><ele>56.9</ele><time>2026-03-23T09:00:11Z</time></trkpt><trkpt lat="22.281061666666666" lon="113.92564166666668"><ele>55.8</ele><time>2026-03-23T09:00:16Z</time></trkpt><trkpt lat="22.281049999999997" lon="113.92566000000001"><ele>55.199999999999996</ele><time>2026-03-23T09:00:19Z</time></trkpt><trkpt lat="22.281031666666664" lon="113.92567499999998"><ele>54.4</ele><time>2026-03-23T09:00:24Z</time></trkpt><trkpt lat="22.28101333333333" lon="113.92569"><ele>53.9</ele><time>2026-03-23T09:00:27Z</time></trkpt><trkpt lat="22.280998333333333" lon="113.92570499999998"><ele>53.099999999999994</ele><time>2026-03-23T09:00:30Z</time></trkpt><trkpt lat="22.280986666666664" lon="113.92572166666666"><ele>52.3</ele><time>2026-03-23T09:00:34Z</time></trkpt><trkpt lat="22.280958333333334" lon="113.92573333333333"><ele>51.599999999999994</ele><time>2026-03-23T09:00:38Z</time></trkpt><trkpt lat="22.280941666666664" lon="113.92574166666667"><ele>51.0</ele><time>2026-03-23T09:00:40Z</time></trkpt><trkpt lat="22.280926666666666" lon="113.92575833333333"><ele>49.599999999999994</ele><time>2026-03-23T09:00:44Z</time></trkpt><trkpt lat="22.280911666666665" lon="113.92577333333332"><ele>48.9</ele><time>2026-03-23T09:00:47Z</time></trkpt><trkpt lat="22.28089" lon="113.92578999999999"><ele>47.8</ele><time>2026-03-23T09:00:50Z</time></trkpt><trkpt lat="22.280886666666667" lon="113.92581166666666"><ele>46.699999999999996</ele><time>2026-03-23T09:00:53Z</time></trkpt><trkpt lat="22.280880000000003" lon="113.92583333333332"><ele>46.0</ele><time>2026-03-23T09:00:56Z</time></trkpt><trkpt lat="22.280873333333336" lon="113.92585166666667"><ele>44.8</ele><time>2026-03-23T09:01:00Z</time></trkpt><trkpt lat="22.28086166666667" lon="113.92586666666666"><ele>43.9</ele><time>2026-03-23T09:01:04Z</time></trkpt><trkpt lat="22.280853333333333" lon="113.92588666666667"><ele>43.699999999999996</ele><time>2026-03-23T09:01:08Z</time></trkpt><trkpt lat="22.280841666666667" lon="113.92590333333334"><ele>42.699999999999996</ele><time>2026-03-23T09:01:14Z</time></trkpt><trkpt lat="22.280835000000003" lon="113.92592833333335"><ele>42.0</ele><time>2026-03-23T09:01:18Z</time></trkpt><trkpt lat="22.280828333333336" lon="113.92594666666668"><ele>41.4</ele><time>2026-03-23T09:01:23Z</time></trkpt><trkpt lat="22.280823333333334" lon="113.92596666666668"><ele>40.8</ele><time>2026-03-23T09:01:27Z</time></trkpt><trkpt lat="22.280820000000002" lon="113.92599"><ele>40.0</ele><time>2026-03-23T09:01:31Z</time></trkpt><trkpt lat="22.280828333333336" lon="113.92601333333332"><ele>39.3</ele><time>2026-03-23T09:01:35Z</time></trkpt><trkpt lat="22.280829999999998" lon="113.92603499999998"><ele>38.4</ele><time>2026-03-23T09:01:39Z</time></trkpt><trkpt lat="22.280836666666666" lon="113.92606333333333"><ele>37.599999999999994</ele><time>2026-03-23T09:01:44Z</time></trkpt><trkpt lat="22.280835000000003" lon="113.92608333333334"><ele>37.099999999999994</ele><time>2026-03-23T09:01:50Z</time></trkpt><trkpt lat="22.280818333333333" lon="113.92609166666668"><ele>37.199999999999996</ele><time>2026-03-23T09:01:53Z</time></trkpt><trkpt lat="22.28081166666667" lon="113.92611333333335"><ele>36.9</ele><time>2026-03-23T09:01:56Z</time></trkpt><trkpt lat="22.280815" lon="113.92613666666666"><ele>36.5</ele><time>2026-03-23T09:01:58Z</time></trkpt><trkpt lat="22.280824999999997" lon="113.92615499999998"><ele>36.099999999999994</ele><time>2026-03-23T09:02:02Z</time></trkpt><trkpt lat="22.280820000000002" lon="113.92617666666665"><ele>35.699999999999996</ele><time>2026-03-23T09:02:05Z</time></trkpt><trkpt lat="22.280820000000002" lon="113.92619833333335"><ele>35.4</ele><time>2026-03-23T09:02:08Z</time></trkpt><trkpt lat="22.280824999999997" lon="113.926225"><ele>34.9</ele><time>2026-03-23T09:02:12Z</time></trkpt><trkpt lat="22.280831666666668" lon="113.92624833333333"><ele>34.599999999999994</ele><time>2026-03-23T09:02:14Z</time></trkpt><trkpt lat="22.280826666666666" lon="113.92627166666668"><ele>34.4</ele><time>2026-03-23T09:02:16Z</time></trkpt><trkpt lat="22.280826666666666" lon="113.926295"><ele>33.5</ele><time>2026-03-23T09:02:19Z</time></trkpt><trkpt lat="22.280826666666666" lon="113.92631666666666"><ele>33.099999999999994</ele><time>2026-03-23T09:02:21Z</time></trkpt><trkpt lat="22.280828333333336" lon="113.92633666666667"><ele>32.599999999999994</ele><time>2026-03-23T09:02:23Z</time></trkpt><trkpt lat="22.280828333333336" lon="113.92635833333334"><ele>32.199999999999996</ele><time>2026-03-23T09:02:25Z</time></trkpt><trkpt lat="22.280829999999998" lon="113.92638166666666"><ele>31.7</ele><time>2026-03-23T09:02:27Z</time></trkpt><trkpt lat="22.280841666666667" lon="113.92640166666666"><ele>30.7</ele><time>2026-03-23T09:02:31Z</time></trkpt><trkpt lat="22.280851666666663" lon="113.92641833333333"><ele>30.3</ele><time>2026-03-23T09:02:33Z</time></trkpt><trkpt lat="22.28084833333333" lon="113.92643833333335"><ele>29.400000000000002</ele><time>2026-03-23T09:02:36Z</time></trkpt><trkpt lat="22.28084666666667" lon="113.92645833333333"><ele>28.8</ele><time>2026-03-23T09:02:38Z</time></trkpt><trkpt lat="22.28085" lon="113.92648"><ele>28.3</ele><time>2026-03-23T09:02:41Z</time></trkpt><trkpt lat="22.28085" lon="113.92650499999999"><ele>27.5</ele><time>2026-03-23T09:02:44Z</time></trkpt><trkpt lat="22.280843333333337" lon="113.92652333333332"><ele>26.5</ele><time>2026-03-23T09:02:47Z</time></trkpt><trkpt lat="22.280835000000003" lon="113.92654666666667"><ele>26.3</ele><time>2026-03-23T09:02:52Z</time></trkpt><trkpt lat="22.280843333333337" lon="113.926565"><ele>25.7</ele><time>2026-03-23T09:02:56Z</time></trkpt><trkpt lat="22.28085" lon="113.92658833333334"><ele>25.1</ele><time>2026-03-23T09:02:59Z</time></trkpt><trkpt lat="22.280854999999995" lon="113.92660833333333"><ele>24.900000000000002</ele><time>2026-03-23T09:03:02Z</time></trkpt><trkpt lat="22.28086166666667" lon="113.92662999999999"><ele>24.7</ele><time>2026-03-23T09:03:05Z</time></trkpt><trkpt lat="22.280866666666665" lon="113.92665166666666"><ele>24.6</ele><time>2026-03-23T09:03:09Z</time></trkpt><trkpt lat="22.280868333333334" lon="113.926675"><ele>24.2</ele><time>2026-03-23T09:03:12Z</time></trkpt><trkpt lat="22.280866666666665" lon="113.92669499999998"><ele>23.7</ele><time>2026-03-23T09:03:15Z</time></trkpt><trkpt lat="22.280868333333334" lon="113.926715"><ele>23.0</ele><time>2026-03-23T09:03:19Z</time></trkpt><trkpt lat="22.28086" lon="113.92674166666666"><ele>22.3</ele><time>2026-03-23T09:03:24Z</time></trkpt><trkpt lat="22.28085666666667" lon="113.92676333333333"><ele>21.8</ele><time>2026-03-23T09:03:27Z</time></trkpt><trkpt lat="22.280854999999995" lon="113.92678499999998"><ele>21.2</ele><time>2026-03-23T09:03:31Z</time></trkpt><trkpt lat="22.280845" lon="113.926805"><ele>21.0</ele><time>2026-03-23T09:03:34Z</time></trkpt><trkpt lat="22.280835000000003" lon="113.92682500000001"><ele>20.2</ele><time>2026-03-23T09:03:38Z</time></trkpt><trkpt lat="22.280829999999998" lon="113.92684833333333"><ele>19.5</ele><time>2026-03-23T09:03:42Z</time></trkpt><trkpt lat="22.280818333333333" lon="113.92687166666668"><ele>18.900000000000002</ele><time>2026-03-23T09:03:46Z</time></trkpt><trkpt lat="22.28080166666667" lon="113.92688666666666"><ele>17.5</ele><time>2026-03-23T09:03:53Z</time></trkpt><trkpt lat="22.280791666666666" lon="113.92691"><ele>17.1</ele><time>2026-03-23T09:03:56Z</time></trkpt><trkpt lat="22.28078833333333" lon="113.92693666666668"><ele>16.5</ele><time>2026-03-23T09:03:59Z</time></trkpt><trkpt lat="22.280779999999996" lon="113.92695499999999"><ele>16.1</ele><time>2026-03-23T09:04:02Z</time></trkpt><trkpt lat="22.28077166666667" lon="113.92697333333332"><ele>15.8</ele><time>2026-03-23T09:04:05Z</time></trkpt><trkpt lat="22.28075833333333" lon="113.92698666666665"><ele>15.0</ele><time>2026-03-23T09:04:09Z</time></trkpt><trkpt lat="22.28074333333333" lon="113.92700333333332"><ele>14.100000000000001</ele><time>2026-03-23T09:04:14Z</time></trkpt><trkpt lat="22.28072666666667" lon="113.92702"><ele>13.2</ele><time>2026-03-23T09:04:18Z</time></trkpt><trkpt lat="22.280723333333338" lon="113.92704"><ele>12.3</ele><time>2026-03-23T09:04:22Z</time></trkpt><trkpt lat="22.280719999999995" lon="113.92706166666667"><ele>11.7</ele><time>2026-03-23T09:04:26Z</time></trkpt><trkpt lat="22.280715" lon="113.92708333333333"><ele>10.8</ele><time>2026-03-23T09:04:30Z</time></trkpt><trkpt lat="22.280704999999998" lon="113.92710333333335"><ele>9.5</ele><time>2026-03-23T09:04:37Z</time></trkpt><trkpt lat="22.280700000000003" lon="113.92712333333333"><ele>8.899999999999999</ele><time>2026-03-23T09:04:40Z</time></trkpt><trkpt lat="22.280693333333335" lon="113.92714333333333"><ele>8.5</ele><time>2026-03-23T09:04:43Z</time></trkpt><trkpt lat="22.28068166666667" lon="113.92717166666668"><ele>7.8</ele><time>2026-03-23T09:04:47Z</time></trkpt><trkpt lat="22.280678333333338" lon="113.92719166666666"><ele>7.499999999999999</ele><time>2026-03-23T09:04:50Z</time></trkpt><trkpt lat="22.280685000000002" lon="113.92721000000002"><ele>7.3</ele><time>2026-03-23T09:04:53Z</time></trkpt><trkpt lat="22.280689999999996" lon="113.92724000000001"><ele>6.7</ele><time>2026-03-23T09:04:57Z</time></trkpt><trkpt lat="22.280696666666667" lon="113.92725833333334"><ele>6.2</ele><time>2026-03-23T09:04:59Z</time></trkpt><trkpt lat="22.280715" lon="113.92727666666666"><ele>5.0</ele><time>2026-03-23T09:05:02Z</time></trkpt><trkpt lat="22.28072666666667" lon="113.92729833333333"><ele>4.1</ele><time>2026-03-23T09:05:05Z</time></trkpt><trkpt lat="22.280741666666668" lon="113.92731666666666"><ele>3.0999999999999996</ele><time>2026-03-23T09:05:08Z</time></trkpt><trkpt lat="22.280755" lon="113.92733666666666"><ele>2.0999999999999996</ele><time>2026-03-23T09:05:11Z</time></trkpt><trkpt lat="22.280755" lon="113.92735666666667"><ele>1.4</ele><time>2026-03-23T09:05:13Z</time></trkpt><trkpt lat="22.280745000000003" lon="113.92737333333335"><ele>0.7999999999999998</ele><time>2026-03-23T09:05:15Z</time></trkpt><trkpt lat="22.28071333333333" lon="113.92738666666668"><ele>0.09999999999999964</ele><time>2026-03-23T09:05:17Z</time></trkpt><trkpt lat="22.280685000000002" lon="113.9274"><ele>-0.40000000000000013</ele><time>2026-03-23T09:05:19Z</time></trkpt><trkpt lat="22.280665" lon="113.92740666666666"><ele>-1.2000000000000002</ele><time>2026-03-23T09:05:22Z</time></trkpt><trkpt lat="22.280641666666664" lon="113.92741499999998"><ele>-2.5</ele><time>2026-03-23T09:05:26Z</time></trkpt><trkpt lat="22.28062" lon="113.92742000000001"><ele>-3.5</ele><time>2026-03-23T09:05:29Z</time></trkpt><trkpt lat="22.280599999999996" lon="113.92742833333332"><ele>-4.4</ele><time>2026-03-23T09:05:32Z</time></trkpt><trkpt lat="22.280575" lon="113.92744499999999"><ele>-5.4</ele><time>2026-03-23T09:05:35Z</time></trkpt><trkpt lat="22.280554999999996" lon="113.92745500000001"><ele>-6.2</ele><time>2026-03-23T09:05:37Z</time></trkpt><trkpt lat="22.280528333333336" lon="113.92747666666668"><ele>-6.8</ele><time>2026-03-23T09:05:39Z</time></trkpt><trkpt lat="22.280513333333335" lon="113.92749666666666"><ele>-7.1000000000000005</ele><time>2026-03-23T09:05:41Z</time></trkpt><trkpt lat="22.280496666666668" lon="113.92751833333332"><ele>-7.4</ele><time>2026-03-23T09:05:43Z</time></trkpt><trkpt lat="22.280481666666667" lon="113.92752999999999"><ele>-8.100000000000001</ele><time>2026-03-23T09:05:45Z</time></trkpt><trkpt lat="22.280461666666664" lon="113.92754500000001"><ele>-8.3</ele><time>2026-03-23T09:05:47Z</time></trkpt><trkpt lat="22.280438333333336" lon="113.92757000000002"><ele>-8.7</ele><time>2026-03-23T09:05:49Z</time></trkpt><trkpt lat="22.280424999999997" lon="113.927585"><ele>-8.8</ele><time>2026-03-23T09:05:51Z</time></trkpt><trkpt lat="22.280408333333337" lon="113.92760000000001"><ele>-9.100000000000001</ele><time>2026-03-23T09:05:53Z</time></trkpt><trkpt lat="22.280388333333335" lon="113.927615"><ele>-9.5</ele><time>2026-03-23T09:05:56Z</time></trkpt><trkpt lat="22.280373333333333" lon="113.92763166666667"><ele>-9.7</ele><time>2026-03-23T09:05:59Z</time></trkpt><trkpt lat="22.280361666666668" lon="113.92764666666666"><ele>-9.7</ele><time>2026-03-23T09:06:01Z</time></trkpt><trkpt lat="22.280346666666667" lon="113.92766333333333"><ele>-10.100000000000001</ele><time>2026-03-23T09:06:04Z</time></trkpt><trkpt lat="22.280330000000003" lon="113.927675"><ele>-10.100000000000001</ele><time>2026-03-23T09:06:06Z</time></trkpt><trkpt lat="22.280313333333332" lon="113.92768666666667"><ele>-10.2</ele><time>2026-03-23T09:06:08Z</time></trkpt><trkpt lat="22.28029333333333" lon="113.92768833333334"><ele>-10.2</ele><time>2026-03-23T09:06:11Z</time></trkpt><trkpt lat="22.280270000000005" lon="113.92768833333334"><ele>-10.3</ele><time>2026-03-23T09:06:14Z</time></trkpt><trkpt lat="22.280243333333335" lon="113.92770333333334"><ele>-10.399999999999999</ele><time>2026-03-23T09:06:17Z</time></trkpt><trkpt lat="22.280223333333332" lon="113.92771166666668"><ele>-10.2</ele><time>2026-03-23T09:06:19Z</time></trkpt><trkpt lat="22.280206666666665" lon="113.92772000000001"><ele>-10.100000000000001</ele><time>2026-03-23T09:06:21Z</time></trkpt><trkpt lat="22.280183333333337" lon="113.92772666666666"><ele>-9.7</ele><time>2026-03-23T09:06:23Z</time></trkpt><trkpt lat="22.280163333333334" lon="113.92773000000001"><ele>-9.600000000000001</ele><time>2026-03-23T09:06:25Z</time></trkpt><trkpt lat="22.280146666666663" lon="113.92774"><ele>-9.5</ele><time>2026-03-23T09:06:27Z</time></trkpt><trkpt lat="22.280126666666668" lon="113.92774333333334"><ele>-9.7</ele><time>2026-03-23T09:06:29Z</time></trkpt><trkpt lat="22.280105000000002" lon="113.92775166666667"><ele>-9.7</ele><time>2026-03-23T09:06:32Z</time></trkpt><trkpt lat="22.280079999999998" lon="113.92775333333333"><ele>-9.8</ele><time>2026-03-23T09:06:35Z</time></trkpt><trkpt lat="22.280058333333333" lon="113.92776166666665"><ele>-9.8</ele><time>2026-03-23T09:06:38Z</time></trkpt><trkpt lat="22.280033333333336" lon="113.927765"><ele>-9.2</ele><time>2026-03-23T09:06:40Z</time></trkpt><trkpt lat="22.28000666666667" lon="113.92777"><ele>-8.600000000000001</ele><time>2026-03-23T09:06:43Z</time></trkpt><trkpt lat="22.28000833333333" lon="113.927795"><ele>-8.4</ele><time>2026-03-23T09:06:49Z</time></trkpt><trkpt lat="22.280013333333333" lon="113.92782333333335"><ele>-7.8</ele><time>2026-03-23T09:06:52Z</time></trkpt><trkpt lat="22.280015000000002" lon="113.927845"><ele>-7.6000000000000005</ele><time>2026-03-23T09:06:54Z</time></trkpt><trkpt lat="22.280013333333333" lon="113.92786499999998"><ele>-7.5</ele><time>2026-03-23T09:06:56Z</time></trkpt><trkpt lat="22.280018333333334" lon="113.92789333333333"><ele>-6.9</ele><time>2026-03-23T09:06:59Z</time></trkpt><trkpt lat="22.280025000000002" lon="113.92792"><ele>-6.7</ele><time>2026-03-23T09:07:01Z</time></trkpt><trkpt lat="22.28003833333333" lon="113.927935"><ele>-6.5</ele><time>2026-03-23T09:07:03Z</time></trkpt><trkpt lat="22.280048333333337" lon="113.92796500000001"><ele>-6.2</ele><time>2026-03-23T09:07:05Z</time></trkpt><trkpt lat="22.280056666666663" lon="113.92798833333333"><ele>-5.9</ele><time>2026-03-23T09:07:07Z</time></trkpt><trkpt lat="22.280061666666665" lon="113.92801833333333"><ele>-5.2</ele><time>2026-03-23T09:07:10Z</time></trkpt><trkpt lat="22.280066666666666" lon="113.92804833333334"><ele>-4.800000000000001</ele><time>2026-03-23T09:07:12Z</time></trkpt><trkpt lat="22.280075000000004" lon="113.92808000000001"><ele>-4.4</ele><time>2026-03-23T09:07:14Z</time></trkpt><trkpt lat="22.280073333333334" lon="113.92810833333333"><ele>-3.6</ele><time>2026-03-23T09:07:18Z</time></trkpt><trkpt lat="22.28006833333333" lon="113.92813166666669"><ele>-3.7</ele><time>2026-03-23T09:07:20Z</time></trkpt><trkpt lat="22.28004333333333" lon="113.92813999999998"><ele>-4.2</ele><time>2026-03-23T09:07:24Z</time></trkpt><trkpt lat="22.280021666666666" lon="113.92813999999998"><ele>-4.7</ele><time>2026-03-23T09:07:26Z</time></trkpt><trkpt lat="22.280001666666667" lon="113.92814166666668"><ele>-5.2</ele><time>2026-03-23T09:07:28Z</time></trkpt><trkpt lat="22.279980000000002" lon="113.928155"><ele>-5.800000000000001</ele><time>2026-03-23T09:07:31Z</time></trkpt><trkpt lat="22.279956666666667" lon="113.92816666666667"><ele>-6.2</ele><time>2026-03-23T09:07:33Z</time></trkpt><trkpt lat="22.279940000000003" lon="113.92818333333335"><ele>-6.3</ele><time>2026-03-23T09:07:35Z</time></trkpt><trkpt lat="22.27993666666667" lon="113.92821"><ele>-6.0</ele><time>2026-03-23T09:07:38Z</time></trkpt><trkpt lat="22.27993333333333" lon="113.92823666666666"><ele>-6.1</ele><time>2026-03-23T09:07:40Z</time></trkpt><trkpt lat="22.27992" lon="113.92826666666666"><ele>-6.1</ele><time>2026-03-23T09:07:42Z</time></trkpt><trkpt lat="22.27990333333333" lon="113.92828666666668"><ele>-5.7</ele><time>2026-03-23T09:07:44Z</time></trkpt><trkpt lat="22.279886666666666" lon="113.92830333333335"><ele>-5.6</ele><time>2026-03-23T09:07:46Z</time></trkpt><trkpt lat="22.279866666666667" lon="113.92831333333334"><ele>-5.5</ele><time>2026-03-23T09:07:49Z</time></trkpt><trkpt lat="22.279850000000003" lon="113.92832333333332"><ele>-5.7</ele><time>2026-03-23T09:07:51Z</time></trkpt><trkpt lat="22.27983166666667" lon="113.92833333333334"><ele>-5.800000000000001</ele><time>2026-03-23T09:07:53Z</time></trkpt><trkpt lat="22.27981333333333" lon="113.92835666666666"><ele>-5.9</ele><time>2026-03-23T09:07:56Z</time></trkpt><trkpt lat="22.279809999999998" lon="113.92837999999999"><ele>-6.0</ele><time>2026-03-23T09:07:58Z</time></trkpt><trkpt lat="22.279809999999998" lon="113.9284"><ele>-6.0</ele><time>2026-03-23T09:08:00Z</time></trkpt><trkpt lat="22.279820000000004" lon="113.92842"><ele>-5.5</ele><time>2026-03-23T09:08:03Z</time></trkpt><trkpt lat="22.279833333333332" lon="113.92844666666666"><ele>-5.800000000000001</ele><time>2026-03-23T09:08:05Z</time></trkpt><trkpt lat="22.279841666666666" lon="113.928475"><ele>-6.3</ele><time>2026-03-23T09:08:08Z</time></trkpt><trkpt lat="22.279854999999998" lon="113.92849166666669"><ele>-6.4</ele><time>2026-03-23T09:08:10Z</time></trkpt><trkpt lat="22.279868333333336" lon="113.92851833333334"><ele>-6.6000000000000005</ele><time>2026-03-23T09:08:13Z</time></trkpt><trkpt lat="22.279883333333334" lon="113.92854166666666"><ele>-6.9</ele><time>2026-03-23T09:08:15Z</time></trkpt><trkpt lat="22.279896666666666" lon="113.92855666666668"><ele>-7.2</ele><time>2026-03-23T09:08:17Z</time></trkpt><trkpt lat="22.279905" lon="113.92857666666666"><ele>-7.5</ele><time>2026-03-23T09:08:19Z</time></trkpt><trkpt lat="22.279913333333337" lon="113.9286"><ele>-7.8</ele><time>2026-03-23T09:08:21Z</time></trkpt><trkpt lat="22.279923333333333" lon="113.92862333333332"><ele>-8.100000000000001</ele><time>2026-03-23T09:08:23Z</time></trkpt><trkpt lat="22.279940000000003" lon="113.92863833333334"><ele>-8.2</ele><time>2026-03-23T09:08:25Z</time></trkpt><trkpt lat="22.279951666666662" lon="113.92866000000001"><ele>-8.2</ele><time>2026-03-23T09:08:27Z</time></trkpt><trkpt lat="22.279966666666663" lon="113.92868166666668"><ele>-8.4</ele><time>2026-03-23T09:08:29Z</time></trkpt><trkpt lat="22.279986666666666" lon="113.92869"><ele>-8.8</ele><time>2026-03-23T09:08:31Z</time></trkpt><trkpt lat="22.280001666666667" lon="113.928705"><ele>-8.7</ele><time>2026-03-23T09:08:33Z</time></trkpt><trkpt lat="22.280011666666663" lon="113.92872666666666"><ele>-8.8</ele><time>2026-03-23T09:08:35Z</time></trkpt><trkpt lat="22.280016666666665" lon="113.92874666666667"><ele>-9.0</ele><time>2026-03-23T09:08:37Z</time></trkpt><trkpt lat="22.280019999999997" lon="113.92877666666666"><ele>-9.3</ele><time>2026-03-23T09:08:40Z</time></trkpt><trkpt lat="22.280031666666666" lon="113.92880500000001"><ele>-9.2</ele><time>2026-03-23T09:08:42Z</time></trkpt><trkpt lat="22.28005" lon="113.92882333333334"><ele>-8.8</ele><time>2026-03-23T09:08:45Z</time></trkpt><trkpt lat="22.280061666666665" lon="113.92884833333333"><ele>-8.4</ele><time>2026-03-23T09:08:48Z</time></trkpt><trkpt lat="22.280071666666664" lon="113.92886833333333"><ele>-8.4</ele><time>2026-03-23T09:08:50Z</time></trkpt><trkpt lat="22.280073333333334" lon="113.92889666666666"><ele>-8.7</ele><time>2026-03-23T09:08:52Z</time></trkpt><trkpt lat="22.280078333333336" lon="113.92892166666667"><ele>-7.7</ele><time>2026-03-23T09:08:55Z</time></trkpt><trkpt lat="22.280085" lon="113.92894333333334"><ele>-7.3</ele><time>2026-03-23T09:08:58Z</time></trkpt><trkpt lat="22.280091666666667" lon="113.92896666666665"><ele>-7.2</ele><time>2026-03-23T09:09:00Z</time></trkpt><trkpt lat="22.2801" lon="113.92899333333335"><ele>-6.7</ele><time>2026-03-23T09:09:03Z</time></trkpt><trkpt lat="22.280106666666665" lon="113.92901166666667"><ele>-6.4</ele><time>2026-03-23T09:09:05Z</time></trkpt><trkpt lat="22.280108333333335" lon="113.92903666666668"><ele>-6.4</ele><time>2026-03-23T09:09:07Z</time></trkpt><trkpt lat="22.280109999999997" lon="113.929065"><ele>-6.4</ele><time>2026-03-23T09:09:10Z</time></trkpt><trkpt lat="22.280109999999997" lon="113.92908833333334"><ele>-6.4</ele><time>2026-03-23T09:09:12Z</time></trkpt><trkpt lat="22.28011333333333" lon="113.92911666666666"><ele>-6.4</ele><time>2026-03-23T09:09:14Z</time></trkpt><trkpt lat="22.280118333333334" lon="113.92913833333333"><ele>-6.3</ele><time>2026-03-23T09:09:17Z</time></trkpt><trkpt lat="22.28011333333333" lon="113.92916500000001"><ele>-6.5</ele><time>2026-03-23T09:09:21Z</time></trkpt><trkpt lat="22.280108333333335" lon="113.929205"><ele>-6.4</ele><time>2026-03-23T09:09:23Z</time></trkpt><trkpt lat="22.280106666666665" lon="113.92922666666666"><ele>-6.3</ele><time>2026-03-23T09:09:25Z</time></trkpt><trkpt lat="22.28009833333333" lon="113.92925666666666"><ele>-6.0</ele><time>2026-03-23T09:09:27Z</time></trkpt><trkpt lat="22.280085" lon="113.92927666666668"><ele>-6.3</ele><time>2026-03-23T09:09:30Z</time></trkpt><trkpt lat="22.280063333333334" lon="113.92929166666666"><ele>-7.1000000000000005</ele><time>2026-03-23T09:09:34Z</time></trkpt><trkpt lat="22.28004" lon="113.92929000000001"><ele>-7.8</ele><time>2026-03-23T09:09:37Z</time></trkpt><trkpt lat="22.28002333333333" lon="113.92930166666665"><ele>-8.2</ele><time>2026-03-23T09:09:40Z</time></trkpt><trkpt lat="22.280001666666667" lon="113.92930666666668"><ele>-8.4</ele><time>2026-03-23T09:09:42Z</time></trkpt><trkpt lat="22.279980000000002" lon="113.92931333333333"><ele>-8.4</ele><time>2026-03-23T09:09:44Z</time></trkpt><trkpt lat="22.27996" lon="113.92932666666665"><ele>-8.2</ele><time>2026-03-23T09:09:46Z</time></trkpt><trkpt lat="22.279938333333334" lon="113.92933833333333"><ele>-7.9</ele><time>2026-03-23T09:09:48Z</time></trkpt><trkpt lat="22.27992166666667" lon="113.929355"><ele>-7.3</ele><time>2026-03-23T09:09:51Z</time></trkpt><trkpt lat="22.27992166666667" lon="113.92937666666667"><ele>-7.4</ele><time>2026-03-23T09:09:53Z</time></trkpt><trkpt lat="22.279923333333333" lon="113.92940166666668"><ele>-7.2</ele><time>2026-03-23T09:09:55Z</time></trkpt><trkpt lat="22.279923333333333" lon="113.92942833333333"><ele>-7.0</ele><time>2026-03-23T09:09:57Z</time></trkpt><trkpt lat="22.279925000000002" lon="113.92946166666667"><ele>-7.5</ele><time>2026-03-23T09:09:59Z</time></trkpt><trkpt lat="22.279923333333333" lon="113.92948833333334"><ele>-7.4</ele><time>2026-03-23T09:10:02Z</time></trkpt><trkpt lat="22.279923333333333" lon="113.92952333333332"><ele>-7.0</ele><time>2026-03-23T09:10:04Z</time></trkpt><trkpt lat="22.279926666666665" lon="113.92954333333334"><ele>-7.4</ele><time>2026-03-23T09:10:05Z</time></trkpt><trkpt lat="22.279928333333334" lon="113.92956666666666"><ele>-6.5</ele><time>2026-03-23T09:10:08Z</time></trkpt><trkpt lat="22.279925000000002" lon="113.92959166666667"><ele>-6.8</ele><time>2026-03-23T09:10:10Z</time></trkpt><trkpt lat="22.279925000000002" lon="113.92961833333332"><ele>-6.5</ele><time>2026-03-23T09:10:12Z</time></trkpt><trkpt lat="22.279928333333334" lon="113.92959833333335"><ele>-6.7</ele><time>2026-03-23T09:10:16Z</time></trkpt><trkpt lat="22.279915" lon="113.92962166666666"><ele>-7.2</ele><time>2026-03-23T09:10:20Z</time></trkpt><trkpt lat="22.279915" lon="113.92964166666667"><ele>-7.7</ele><time>2026-03-23T09:10:22Z</time></trkpt><trkpt lat="22.279911666666667" lon="113.92966833333334"><ele>-8.100000000000001</ele><time>2026-03-23T09:10:25Z</time></trkpt><trkpt lat="22.279911666666667" lon="113.92968833333335"><ele>-8.100000000000001</ele><time>2026-03-23T09:10:27Z</time></trkpt><trkpt lat="22.27991833333333" lon="113.92971000000001"><ele>-7.8</ele><time>2026-03-23T09:10:29Z</time></trkpt><trkpt lat="22.27991833333333" lon="113.92973166666667"><ele>-8.0</ele><time>2026-03-23T09:10:31Z</time></trkpt><trkpt lat="22.279915" lon="113.92975333333334"><ele>-7.9</ele><time>2026-03-23T09:10:33Z</time></trkpt><trkpt lat="22.27991666666667" lon="113.92978"><ele>-8.4</ele><time>2026-03-23T09:10:35Z</time></trkpt><trkpt lat="22.27991666666667" lon="113.92980666666666"><ele>-8.8</ele><time>2026-03-23T09:10:38Z</time></trkpt><trkpt lat="22.279925000000002" lon="113.92982500000001"><ele>-9.8</ele><time>2026-03-23T09:10:42Z</time></trkpt><trkpt lat="22.279928333333334" lon="113.92984499999999"><ele>-10.3</ele><time>2026-03-23T09:10:45Z</time></trkpt><trkpt lat="22.279929999999997" lon="113.929865"><ele>-10.5</ele><time>2026-03-23T09:10:47Z</time></trkpt><trkpt lat="22.279940000000003" lon="113.92988500000001"><ele>-10.600000000000001</ele><time>2026-03-23T09:10:49Z</time></trkpt><trkpt lat="22.279955000000005" lon="113.92990333333334"><ele>-10.2</ele><time>2026-03-23T09:10:51Z</time></trkpt><trkpt lat="22.279973333333334" lon="113.92992166666666"><ele>-10.100000000000001</ele><time>2026-03-23T09:10:53Z</time></trkpt><trkpt lat="22.279996666666662" lon="113.92993"><ele>-9.600000000000001</ele><time>2026-03-23T09:10:56Z</time></trkpt><trkpt lat="22.280021666666666" lon="113.92993499999999"><ele>-8.600000000000001</ele><time>2026-03-23T09:10:59Z</time></trkpt><trkpt lat="22.280041666666662" lon="113.92993666666668"><ele>-8.100000000000001</ele><time>2026-03-23T09:11:01Z</time></trkpt><trkpt lat="22.280061666666665" lon="113.92994333333333"><ele>-7.6000000000000005</ele><time>2026-03-23T09:11:05Z</time></trkpt><trkpt lat="22.280073333333334" lon="113.929965"><ele>-7.6000000000000005</ele><time>2026-03-23T09:11:08Z</time></trkpt><trkpt lat="22.280079999999998" lon="113.929985"><ele>-7.7</ele><time>2026-03-23T09:11:10Z</time></trkpt><trkpt lat="22.28008333333333" lon="113.93001333333335"><ele>-7.7</ele><time>2026-03-23T09:11:13Z</time></trkpt><trkpt lat="22.2801" lon="113.93004"><ele>-7.9</ele><time>2026-03-23T09:11:15Z</time></trkpt><trkpt lat="22.280124999999998" lon="113.93005"><ele>-8.100000000000001</ele><time>2026-03-23T09:11:17Z</time></trkpt><trkpt lat="22.280156666666667" lon="113.93006333333332"><ele>-8.2</ele><time>2026-03-23T09:11:19Z</time></trkpt><trkpt lat="22.28017333333333" lon="113.93008166666665"><ele>-8.100000000000001</ele><time>2026-03-23T09:11:21Z</time></trkpt><trkpt lat="22.28018666666667" lon="113.93009666666667"><ele>-6.9</ele><time>2026-03-23T09:11:24Z</time></trkpt><trkpt lat="22.28020333333333" lon="113.93011166666665"><ele>-6.3</ele><time>2026-03-23T09:11:27Z</time></trkpt><trkpt lat="22.280221666666662" lon="113.93011999999999"><ele>-6.0</ele><time>2026-03-23T09:11:29Z</time></trkpt><trkpt lat="22.280199999999997" lon="113.93013166666667"><ele>-4.4</ele><time>2026-03-23T09:12:14Z</time></trkpt><trkpt lat="22.28021833333333" lon="113.93013166666667"><ele>-4.4</ele><time>2026-03-23T09:12:20Z</time></trkpt><trkpt lat="22.280166666666666" lon="113.93010666666666"><ele>-5.0</ele><time>2026-03-23T09:12:30Z</time></trkpt><trkpt lat="22.280146666666663" lon="113.930105"><ele>-5.6</ele><time>2026-03-23T09:12:33Z</time></trkpt><trkpt lat="22.28013" lon="113.93008666666668"><ele>-6.4</ele><time>2026-03-23T09:12:37Z</time></trkpt><trkpt lat="22.28011333333333" lon="113.930075"><ele>-6.7</ele><time>2026-03-23T09:12:40Z</time></trkpt><trkpt lat="22.280108333333335" lon="113.93009833333332"><ele>-6.6000000000000005</ele><time>2026-03-23T09:12:45Z</time></trkpt><trkpt lat="22.280101666666663" lon="113.93014"><ele>-6.3</ele><time>2026-03-23T09:12:51Z</time></trkpt><trkpt lat="22.28009666666667" lon="113.930165"><ele>-6.2</ele><time>2026-03-23T09:12:54Z</time></trkpt><trkpt lat="22.28008333333333" lon="113.93018500000001"><ele>-6.4</ele><time>2026-03-23T09:12:57Z</time></trkpt><trkpt lat="22.28008333333333" lon="113.93020499999999"><ele>-6.5</ele><time>2026-03-23T09:12:59Z</time></trkpt><trkpt lat="22.280071666666664" lon="113.93022166666667"><ele>-6.6000000000000005</ele><time>2026-03-23T09:13:02Z</time></trkpt><trkpt lat="22.280061666666665" lon="113.93024333333332"><ele>-6.6000000000000005</ele><time>2026-03-23T09:13:05Z</time></trkpt><trkpt lat="22.28005" lon="113.93027166666667"><ele>-6.8</ele><time>2026-03-23T09:13:08Z</time></trkpt><trkpt lat="22.280041666666662" lon="113.93029666666668"><ele>-7.0</ele><time>2026-03-23T09:13:11Z</time></trkpt><trkpt lat="22.280036666666668" lon="113.93032"><ele>-7.2</ele><time>2026-03-23T09:13:14Z</time></trkpt><trkpt lat="22.280033333333336" lon="113.93034333333331"><ele>-7.0</ele><time>2026-03-23T09:13:17Z</time></trkpt><trkpt lat="22.280030000000004" lon="113.93037000000001"><ele>-6.9</ele><time>2026-03-23T09:13:20Z</time></trkpt><trkpt lat="22.280028333333334" lon="113.93038999999999"><ele>-6.8</ele><time>2026-03-23T09:13:22Z</time></trkpt><trkpt lat="22.280019999999997" lon="113.930415"><ele>-6.8</ele><time>2026-03-23T09:13:25Z</time></trkpt><trkpt lat="22.280016666666665" lon="113.93044499999999"><ele>-7.0</ele><time>2026-03-23T09:13:28Z</time></trkpt><trkpt lat="22.280015000000002" lon="113.93047499999999"><ele>-7.2</ele><time>2026-03-23T09:13:31Z</time></trkpt><trkpt lat="22.280013333333333" lon="113.93049833333335"><ele>-7.3</ele><time>2026-03-23T09:13:33Z</time></trkpt><trkpt lat="22.28001" lon="113.93052166666666"><ele>-7.5</ele><time>2026-03-23T09:13:35Z</time></trkpt><trkpt lat="22.28001" lon="113.93054833333332"><ele>-7.7</ele><time>2026-03-23T09:13:37Z</time></trkpt><trkpt lat="22.280011666666663" lon="113.93057500000002"><ele>-8.100000000000001</ele><time>2026-03-23T09:13:41Z</time></trkpt><trkpt lat="22.28000666666667" lon="113.93059833333334"><ele>-8.7</ele><time>2026-03-23T09:13:44Z</time></trkpt><trkpt lat="22.28000833333333" lon="113.93062833333333"><ele>-9.2</ele><time>2026-03-23T09:13:47Z</time></trkpt><trkpt lat="22.28001" lon="113.93065333333334"><ele>-9.600000000000001</ele><time>2026-03-23T09:13:50Z</time></trkpt><trkpt lat="22.280003333333337" lon="113.93068"><ele>-9.5</ele><time>2026-03-23T09:13:53Z</time></trkpt><trkpt lat="22.279996666666662" lon="113.930705"><ele>-9.600000000000001</ele><time>2026-03-23T09:13:56Z</time></trkpt><trkpt lat="22.27999333333333" lon="113.93072500000001"><ele>-9.600000000000001</ele><time>2026-03-23T09:13:58Z</time></trkpt><trkpt lat="22.27999333333333" lon="113.93075166666668"><ele>-9.8</ele><time>2026-03-23T09:14:01Z</time></trkpt><trkpt lat="22.279991666666668" lon="113.93077999999998"><ele>-9.5</ele><time>2026-03-23T09:14:04Z</time></trkpt><trkpt lat="22.279988333333336" lon="113.9308"><ele>-9.600000000000001</ele><time>2026-03-23T09:14:06Z</time></trkpt><trkpt lat="22.279983333333334" lon="113.930825"><ele>-9.7</ele><time>2026-03-23T09:14:09Z</time></trkpt><trkpt lat="22.279983333333334" lon="113.93084833333333"><ele>-9.7</ele><time>2026-03-23T09:14:11Z</time></trkpt><trkpt lat="22.279985000000003" lon="113.93088000000002"><ele>-9.7</ele><time>2026-03-23T09:14:13Z</time></trkpt><trkpt lat="22.279981666666664" lon="113.93090666666667"><ele>-9.3</ele><time>2026-03-23T09:14:15Z</time></trkpt><trkpt lat="22.279971666666665" lon="113.93093666666667"><ele>-8.5</ele><time>2026-03-23T09:14:18Z</time></trkpt><trkpt lat="22.279966666666663" lon="113.93096166666668"><ele>-7.8</ele><time>2026-03-23T09:14:20Z</time></trkpt><trkpt lat="22.27996333333333" lon="113.93099166666667"><ele>-7.0</ele><time>2026-03-23T09:14:22Z</time></trkpt><trkpt lat="22.27996333333333" lon="113.93101999999999"><ele>-6.2</ele><time>2026-03-23T09:14:24Z</time></trkpt><trkpt lat="22.27996333333333" lon="113.93104"><ele>-6.0</ele><time>2026-03-23T09:14:26Z</time></trkpt><trkpt lat="22.279956666666667" lon="113.93106000000002"><ele>-5.5</ele><time>2026-03-23T09:14:29Z</time></trkpt><trkpt lat="22.27993333333333" lon="113.93108166666667"><ele>-5.5</ele><time>2026-03-23T09:14:31Z</time></trkpt><trkpt lat="22.27991666666667" lon="113.93109666666666"><ele>-5.5</ele><time>2026-03-23T09:14:33Z</time></trkpt><trkpt lat="22.279899999999998" lon="113.93111333333333"><ele>-5.4</ele><time>2026-03-23T09:14:35Z</time></trkpt><trkpt lat="22.279883333333334" lon="113.93112666666666"><ele>-5.5</ele><time>2026-03-23T09:14:37Z</time></trkpt><trkpt lat="22.27985833333333" lon="113.931135"><ele>-5.7</ele><time>2026-03-23T09:14:40Z</time></trkpt><trkpt lat="22.279836666666665" lon="113.93114666666666"><ele>-5.800000000000001</ele><time>2026-03-23T09:14:42Z</time></trkpt><trkpt lat="22.27981666666667" lon="113.93115833333334"><ele>-5.800000000000001</ele><time>2026-03-23T09:14:44Z</time></trkpt><trkpt lat="22.27979833333333" lon="113.93117"><ele>-6.1</ele><time>2026-03-23T09:14:46Z</time></trkpt><trkpt lat="22.27978333333333" lon="113.93118333333332"><ele>-6.4</ele><time>2026-03-23T09:14:48Z</time></trkpt><trkpt lat="22.27976833333333" lon="113.93119499999999"><ele>-6.6000000000000005</ele><time>2026-03-23T09:14:50Z</time></trkpt><trkpt lat="22.279745000000002" lon="113.93120333333333"><ele>-6.8</ele><time>2026-03-23T09:14:53Z</time></trkpt><trkpt lat="22.279725" lon="113.93121000000001"><ele>-6.9</ele><time>2026-03-23T09:14:55Z</time></trkpt><trkpt lat="22.27971" lon="113.93122166666666"><ele>-7.1000000000000005</ele><time>2026-03-23T09:14:57Z</time></trkpt><trkpt lat="22.27969333333333" lon="113.93124166666666"><ele>-7.3</ele><time>2026-03-23T09:14:59Z</time></trkpt><trkpt lat="22.27968333333333" lon="113.93126166666667"><ele>-7.2</ele><time>2026-03-23T09:15:03Z</time></trkpt><trkpt lat="22.279685000000004" lon="113.93128499999999"><ele>-6.9</ele><time>2026-03-23T09:15:09Z</time></trkpt><trkpt lat="22.279686666666667" lon="113.93130666666666"><ele>-6.5</ele><time>2026-03-23T09:15:14Z</time></trkpt><trkpt lat="22.27978666666667" lon="113.93130833333335"><ele>-7.2</ele><time>2026-03-23T09:15:16Z</time></trkpt><trkpt lat="22.279631666666667" lon="113.93126499999998"><ele>2.5</ele><time>2026-03-23T09:15:57Z</time></trkpt><trkpt lat="22.279673333333335" lon="113.93129833333333"><ele>-4.5</ele><time>2026-03-23T09:15:58Z</time></trkpt><trkpt lat="22.27963333333333" lon="113.93128166666665"><ele>-2.3000000000000003</ele><time>2026-03-23T09:15:59Z</time></trkpt><trkpt lat="22.279623333333333" lon="113.93126"><ele>0.19999999999999973</ele><time>2026-03-23T09:16:00Z</time></trkpt><trkpt lat="22.279601666666668" lon="113.93124000000002"><ele>3.0999999999999996</ele><time>2026-03-23T09:16:01Z</time></trkpt><trkpt lat="22.279555" lon="113.93122666666667"><ele>-1.2000000000000002</ele><time>2026-03-23T09:16:11Z</time></trkpt><trkpt lat="22.27954333333333" lon="113.93124333333331"><ele>-2.6</ele><time>2026-03-23T09:16:14Z</time></trkpt><trkpt lat="22.279523333333334" lon="113.93126"><ele>-3.4000000000000004</ele><time>2026-03-23T09:16:18Z</time></trkpt><trkpt lat="22.27950333333333" lon="113.93127166666666"><ele>-3.6</ele><time>2026-03-23T09:16:20Z</time></trkpt><trkpt lat="22.279485" lon="113.93128499999999"><ele>-3.7</ele><time>2026-03-23T09:16:24Z</time></trkpt><trkpt lat="22.279465" lon="113.93129333333333"><ele>-3.9000000000000004</ele><time>2026-03-23T09:16:27Z</time></trkpt><trkpt lat="22.279445000000003" lon="113.93130833333335"><ele>-4.800000000000001</ele><time>2026-03-23T09:16:30Z</time></trkpt><trkpt lat="22.279425" lon="113.93132333333332"><ele>-5.300000000000001</ele><time>2026-03-23T09:16:32Z</time></trkpt><trkpt lat="22.279406666666667" lon="113.93133333333331"><ele>-5.6</ele><time>2026-03-23T09:16:34Z</time></trkpt><trkpt lat="22.27938166666667" lon="113.931345"><ele>-5.9</ele><time>2026-03-23T09:16:37Z</time></trkpt><trkpt lat="22.279365" lon="113.93136166666666"><ele>-6.8</ele><time>2026-03-23T09:16:40Z</time></trkpt><trkpt lat="22.27934833333334" lon="113.93137666666668"><ele>-7.7</ele><time>2026-03-23T09:16:43Z</time></trkpt><trkpt lat="22.279363333333336" lon="113.93139000000001"><ele>-7.0</ele><time>2026-03-23T09:16:48Z</time></trkpt><trkpt lat="22.279358333333334" lon="113.93142166666667"><ele>-6.7</ele><time>2026-03-23T09:17:05Z</time></trkpt><trkpt lat="22.27935" lon="113.93144666666667"><ele>-6.5</ele><time>2026-03-23T09:17:07Z</time></trkpt><trkpt lat="22.279343333333333" lon="113.93147166666668"><ele>-5.800000000000001</ele><time>2026-03-23T09:17:09Z</time></trkpt><trkpt lat="22.279331666666668" lon="113.93149"><ele>-5.0</ele><time>2026-03-23T09:17:11Z</time></trkpt><trkpt lat="22.279313333333334" lon="113.93151166666667"><ele>-4.9</ele><time>2026-03-23T09:17:14Z</time></trkpt><trkpt lat="22.27930333333334" lon="113.93153166666667"><ele>-4.4</ele><time>2026-03-23T09:17:16Z</time></trkpt><trkpt lat="22.279295" lon="113.93155666666668"><ele>-3.8000000000000003</ele><time>2026-03-23T09:17:18Z</time></trkpt><trkpt lat="22.279288333333337" lon="113.93158"><ele>-3.4000000000000004</ele><time>2026-03-23T09:17:20Z</time></trkpt><trkpt lat="22.27929" lon="113.93160166666667"><ele>-2.9000000000000004</ele><time>2026-03-23T09:17:22Z</time></trkpt><trkpt lat="22.27929333333333" lon="113.93162499999998"><ele>-2.6</ele><time>2026-03-23T09:17:24Z</time></trkpt><trkpt lat="22.279298333333333" lon="113.93165666666667"><ele>-2.4000000000000004</ele><time>2026-03-23T09:17:27Z</time></trkpt><trkpt lat="22.279298333333333" lon="113.93167666666668"><ele>-2.4000000000000004</ele><time>2026-03-23T09:17:29Z</time></trkpt><trkpt lat="22.279301666666665" lon="113.93169833333334"><ele>-2.4000000000000004</ele><time>2026-03-23T09:17:31Z</time></trkpt><trkpt lat="22.279305" lon="113.93171833333332"><ele>-2.5</ele><time>2026-03-23T09:17:33Z</time></trkpt><trkpt lat="22.279310000000002" lon="113.93173833333334"><ele>-2.5</ele><time>2026-03-23T09:17:35Z</time></trkpt><trkpt lat="22.279311666666665" lon="113.93176166666666"><ele>-2.4000000000000004</ele><time>2026-03-23T09:17:37Z</time></trkpt><trkpt lat="22.279311666666665" lon="113.93178666666667"><ele>-2.4000000000000004</ele><time>2026-03-23T09:17:39Z</time></trkpt><trkpt lat="22.279308333333333" lon="113.93181000000001"><ele>-2.7</ele><time>2026-03-23T09:17:41Z</time></trkpt><trkpt lat="22.279311666666665" lon="113.93183499999999"><ele>-2.9000000000000004</ele><time>2026-03-23T09:17:43Z</time></trkpt><trkpt lat="22.279318333333336" lon="113.93185833333334"><ele>-2.9000000000000004</ele><time>2026-03-23T09:17:45Z</time></trkpt><trkpt lat="22.279311666666665" lon="113.93188166666665"><ele>-3.1</ele><time>2026-03-23T09:17:47Z</time></trkpt><trkpt lat="22.279305" lon="113.93190166666666"><ele>-3.1</ele><time>2026-03-23T09:17:49Z</time></trkpt><trkpt lat="22.279310000000002" lon="113.93193166666667"><ele>-3.4000000000000004</ele><time>2026-03-23T09:17:52Z</time></trkpt><trkpt lat="22.279316666666666" lon="113.93195833333333"><ele>-3.3000000000000003</ele><time>2026-03-23T09:17:54Z</time></trkpt><trkpt lat="22.279316666666666" lon="113.93198333333333"><ele>-3.1</ele><time>2026-03-23T09:17:56Z</time></trkpt><trkpt lat="22.27932" lon="113.93200333333334"><ele>-3.1</ele><time>2026-03-23T09:17:58Z</time></trkpt><trkpt lat="22.279329999999998" lon="113.93202000000001"><ele>-2.7</ele><time>2026-03-23T09:18:00Z</time></trkpt><trkpt lat="22.279326666666666" lon="113.93204666666666"><ele>-1.3000000000000003</ele><time>2026-03-23T09:18:04Z</time></trkpt><trkpt lat="22.279326666666666" lon="113.93206666666669"><ele>-0.5000000000000002</ele><time>2026-03-23T09:18:06Z</time></trkpt><trkpt lat="22.279328333333336" lon="113.93209"><ele>0.09999999999999964</ele><time>2026-03-23T09:18:08Z</time></trkpt><trkpt lat="22.279333333333337" lon="113.93211166666667"><ele>0.6999999999999997</ele><time>2026-03-23T09:18:10Z</time></trkpt><trkpt lat="22.279343333333333" lon="113.93213166666668"><ele>1.2999999999999998</ele><time>2026-03-23T09:18:12Z</time></trkpt><trkpt lat="22.279356666666665" lon="113.93215000000001"><ele>1.6999999999999997</ele><time>2026-03-23T09:18:14Z</time></trkpt><trkpt lat="22.279365" lon="113.93217333333332"><ele>1.8999999999999995</ele><time>2026-03-23T09:18:16Z</time></trkpt><trkpt lat="22.279374999999998" lon="113.932195"><ele>1.8999999999999995</ele><time>2026-03-23T09:18:18Z</time></trkpt><trkpt lat="22.279386666666664" lon="113.93222166666668"><ele>2.0999999999999996</ele><time>2026-03-23T09:18:20Z</time></trkpt><trkpt lat="22.279386666666664" lon="113.93224166666666"><ele>2.5</ele><time>2026-03-23T09:18:22Z</time></trkpt><trkpt lat="22.279388333333333" lon="113.93226166666666"><ele>2.8999999999999995</ele><time>2026-03-23T09:18:24Z</time></trkpt><trkpt lat="22.279386666666664" lon="113.93228333333333"><ele>3.2</ele><time>2026-03-23T09:18:26Z</time></trkpt><trkpt lat="22.27938166666667" lon="113.93230666666665"><ele>3.0999999999999996</ele><time>2026-03-23T09:18:28Z</time></trkpt><trkpt lat="22.27939333333334" lon="113.932335"><ele>3.0</ele><time>2026-03-23T09:18:31Z</time></trkpt><trkpt lat="22.279403333333335" lon="113.93236"><ele>3.0999999999999996</ele><time>2026-03-23T09:18:33Z</time></trkpt><trkpt lat="22.279415000000004" lon="113.93238000000001"><ele>3.3</ele><time>2026-03-23T09:18:35Z</time></trkpt><trkpt lat="22.27943" lon="113.93240333333333"><ele>3.0999999999999996</ele><time>2026-03-23T09:18:38Z</time></trkpt><trkpt lat="22.279443333333333" lon="113.932425"><ele>3.0</ele><time>2026-03-23T09:18:40Z</time></trkpt><trkpt lat="22.279455" lon="113.93244166666666"><ele>2.8</ele><time>2026-03-23T09:18:42Z</time></trkpt><trkpt lat="22.279463333333336" lon="113.93246166666668"><ele>2.3999999999999995</ele><time>2026-03-23T09:18:44Z</time></trkpt><trkpt lat="22.27947166666667" lon="113.93248"><ele>2.0</ele><time>2026-03-23T09:18:46Z</time></trkpt><trkpt lat="22.279485" lon="113.93249499999999"><ele>1.4</ele><time>2026-03-23T09:18:48Z</time></trkpt><trkpt lat="22.27949833333333" lon="113.93251166666666"><ele>1.1999999999999997</ele><time>2026-03-23T09:18:50Z</time></trkpt><trkpt lat="22.279511666666668" lon="113.93252666666667"><ele>1.2999999999999998</ele><time>2026-03-23T09:18:52Z</time></trkpt><trkpt lat="22.279524999999996" lon="113.93254666666665"><ele>1.0999999999999996</ele><time>2026-03-23T09:18:54Z</time></trkpt><trkpt lat="22.279536666666665" lon="113.93256833333335"><ele>0.8999999999999999</ele><time>2026-03-23T09:18:57Z</time></trkpt><trkpt lat="22.279550000000004" lon="113.93258166666668"><ele>1.0999999999999996</ele><time>2026-03-23T09:19:01Z</time></trkpt><trkpt lat="22.279569999999996" lon="113.93259166666667"><ele>0.7999999999999998</ele><time>2026-03-23T09:19:09Z</time></trkpt><trkpt lat="22.279581666666665" lon="113.93260833333333"><ele>0.5</ele><time>2026-03-23T09:19:11Z</time></trkpt><trkpt lat="22.279584999999997" lon="113.93262833333334"><ele>0.19999999999999973</ele><time>2026-03-23T09:19:13Z</time></trkpt><trkpt lat="22.279601666666668" lon="113.93264166666668"><ele>-0.20000000000000018</ele><time>2026-03-23T09:19:15Z</time></trkpt><trkpt lat="22.279616666666666" lon="113.93266166666666"><ele>-0.10000000000000009</ele><time>2026-03-23T09:19:18Z</time></trkpt><trkpt lat="22.27962" lon="113.932685"><ele>-0.10000000000000009</ele><time>2026-03-23T09:19:21Z</time></trkpt><trkpt lat="22.279629999999997" lon="113.93270333333334"><ele>-0.30000000000000027</ele><time>2026-03-23T09:19:23Z</time></trkpt><trkpt lat="22.279645" lon="113.93272166666665"><ele>-0.40000000000000013</ele><time>2026-03-23T09:19:25Z</time></trkpt><trkpt lat="22.27965166666667" lon="113.93274333333332"><ele>-0.6000000000000001</ele><time>2026-03-23T09:19:27Z</time></trkpt><trkpt lat="22.279658333333334" lon="113.93276666666667"><ele>-1.0000000000000002</ele><time>2026-03-23T09:19:29Z</time></trkpt><trkpt lat="22.279668333333333" lon="113.932785"><ele>-1.1</ele><time>2026-03-23T09:19:31Z</time></trkpt><trkpt lat="22.27968333333333" lon="113.93280166666666"><ele>-1.5000000000000002</ele><time>2026-03-23T09:19:33Z</time></trkpt><trkpt lat="22.27969333333333" lon="113.93282666666667"><ele>-2.0</ele><time>2026-03-23T09:19:35Z</time></trkpt><trkpt lat="22.279701666666664" lon="113.93284833333334"><ele>-2.8000000000000003</ele><time>2026-03-23T09:19:37Z</time></trkpt><trkpt lat="22.279704999999996" lon="113.93287166666666"><ele>-3.7</ele><time>2026-03-23T09:19:39Z</time></trkpt><trkpt lat="22.279716666666666" lon="113.93289833333334"><ele>-4.4</ele><time>2026-03-23T09:19:42Z</time></trkpt><trkpt lat="22.279725" lon="113.93292000000001"><ele>-4.6</ele><time>2026-03-23T09:19:44Z</time></trkpt><trkpt lat="22.27973833333333" lon="113.93293833333334"><ele>-4.2</ele><time>2026-03-23T09:19:46Z</time></trkpt><trkpt lat="22.279755" lon="113.93294833333333"><ele>-3.9000000000000004</ele><time>2026-03-23T09:19:48Z</time></trkpt><trkpt lat="22.279775000000004" lon="113.932965"><ele>-3.4000000000000004</ele><time>2026-03-23T09:19:51Z</time></trkpt><trkpt lat="22.279788333333332" lon="113.93298166666666"><ele>-3.1</ele><time>2026-03-23T09:19:53Z</time></trkpt><trkpt lat="22.279803333333334" lon="113.93299666666665"><ele>-2.6</ele><time>2026-03-23T09:19:55Z</time></trkpt><trkpt lat="22.27981666666667" lon="113.93301666666666"><ele>-2.4000000000000004</ele><time>2026-03-23T09:19:57Z</time></trkpt><trkpt lat="22.27983" lon="113.93303666666667"><ele>-2.2</ele><time>2026-03-23T09:19:59Z</time></trkpt><trkpt lat="22.279850000000003" lon="113.93305666666666"><ele>-2.0</ele><time>2026-03-23T09:20:02Z</time></trkpt><trkpt lat="22.279865000000004" lon="113.93308"><ele>-1.9000000000000001</ele><time>2026-03-23T09:20:05Z</time></trkpt><trkpt lat="22.279875" lon="113.93309666666667"><ele>-1.8000000000000003</ele><time>2026-03-23T09:20:07Z</time></trkpt><trkpt lat="22.27989" lon="113.933115"><ele>-1.9000000000000001</ele><time>2026-03-23T09:20:09Z</time></trkpt><trkpt lat="22.279901666666667" lon="113.93313333333332"><ele>-1.6</ele><time>2026-03-23T09:20:11Z</time></trkpt><trkpt lat="22.279911666666667" lon="113.93315499999999"><ele>-1.5000000000000002</ele><time>2026-03-23T09:20:13Z</time></trkpt><trkpt lat="22.279925000000002" lon="113.93317166666665"><ele>-1.4000000000000001</ele><time>2026-03-23T09:20:15Z</time></trkpt><trkpt lat="22.279940000000003" lon="113.93318833333333"><ele>-1.4000000000000001</ele><time>2026-03-23T09:20:17Z</time></trkpt><trkpt lat="22.279955000000005" lon="113.93320333333334"><ele>-1.3000000000000003</ele><time>2026-03-23T09:20:19Z</time></trkpt><trkpt lat="22.279968333333333" lon="113.93321666666667"><ele>-1.2000000000000002</ele><time>2026-03-23T09:20:21Z</time></trkpt><trkpt lat="22.279971666666665" lon="113.93323833333334"><ele>-1.1</ele><time>2026-03-23T09:20:24Z</time></trkpt><trkpt lat="22.279976666666666" lon="113.93326"><ele>-1.0000000000000002</ele><time>2026-03-23T09:20:26Z</time></trkpt><trkpt lat="22.279986666666666" lon="113.93328333333332"><ele>-0.9000000000000001</ele><time>2026-03-23T09:20:28Z</time></trkpt><trkpt lat="22.27999333333333" lon="113.93331166666667"><ele>-0.5000000000000002</ele><time>2026-03-23T09:20:31Z</time></trkpt><trkpt lat="22.279985000000003" lon="113.93333499999999"><ele>-0.5000000000000002</ele><time>2026-03-23T09:20:33Z</time></trkpt><trkpt lat="22.279986666666666" lon="113.93336333333333"><ele>-0.5000000000000002</ele><time>2026-03-23T09:20:35Z</time></trkpt><trkpt lat="22.279988333333336" lon="113.93338666666665"><ele>-0.7000000000000002</ele><time>2026-03-23T09:20:38Z</time></trkpt><trkpt lat="22.280003333333337" lon="113.93340833333332"><ele>-1.2000000000000002</ele><time>2026-03-23T09:20:41Z</time></trkpt><trkpt lat="22.27999333333333" lon="113.93339166666668"><ele>-2.2</ele><time>2026-03-23T09:20:48Z</time></trkpt><trkpt lat="22.28003833333333" lon="113.93337500000001"><ele>-3.0</ele><time>2026-03-23T09:21:14Z</time></trkpt><trkpt lat="22.280026666666664" lon="113.93335833333335"><ele>-5.7</ele><time>2026-03-23T09:21:31Z</time></trkpt><trkpt lat="22.280045000000005" lon="113.93336833333333"><ele>-6.1</ele><time>2026-03-23T09:21:35Z</time></trkpt><trkpt lat="22.28005166666667" lon="113.93339499999999"><ele>-6.6000000000000005</ele><time>2026-03-23T09:21:40Z</time></trkpt><trkpt lat="22.280061666666665" lon="113.93341166666666"><ele>-6.7</ele><time>2026-03-23T09:21:43Z</time></trkpt><trkpt lat="22.280079999999998" lon="113.93342166666667"><ele>-6.3</ele><time>2026-03-23T09:21:47Z</time></trkpt><trkpt lat="22.280071666666664" lon="113.93340000000002"><ele>-4.5</ele><time>2026-03-23T09:21:56Z</time></trkpt><trkpt lat="22.280045000000005" lon="113.93340166666667"><ele>-4.2</ele><time>2026-03-23T09:21:59Z</time></trkpt><trkpt lat="22.280030000000004" lon="113.933415"><ele>-4.800000000000001</ele><time>2026-03-23T09:22:02Z</time></trkpt><trkpt lat="22.280011666666663" lon="113.93340833333332"><ele>-5.1</ele><time>2026-03-23T09:22:06Z</time></trkpt><trkpt lat="22.279991666666668" lon="113.93340166666667"><ele>-4.6</ele><time>2026-03-23T09:22:10Z</time></trkpt><trkpt lat="22.27997833333333" lon="113.93338666666665"><ele>-7.8</ele><time>2026-03-23T09:22:23Z</time></trkpt><trkpt lat="22.279955000000005" lon="113.93340333333332"><ele>-9.8</ele><time>2026-03-23T09:22:46Z</time></trkpt><trkpt lat="22.27993666666667" lon="113.93341333333335"><ele>-9.600000000000001</ele><time>2026-03-23T09:22:48Z</time></trkpt><trkpt lat="22.27991666666667" lon="113.93342"><ele>-9.2</ele><time>2026-03-23T09:22:50Z</time></trkpt><trkpt lat="22.279898333333335" lon="113.93342666666668"><ele>-8.9</ele><time>2026-03-23T09:22:52Z</time></trkpt><trkpt lat="22.279878333333333" lon="113.93343000000002"><ele>-8.4</ele><time>2026-03-23T09:22:54Z</time></trkpt><trkpt lat="22.27986166666667" lon="113.93344"><ele>-8.100000000000001</ele><time>2026-03-23T09:22:56Z</time></trkpt><trkpt lat="22.279845" lon="113.93344833333335"><ele>-8.0</ele><time>2026-03-23T09:22:58Z</time></trkpt><trkpt lat="22.279823333333336" lon="113.93346333333332"><ele>-7.7</ele><time>2026-03-23T09:23:01Z</time></trkpt><trkpt lat="22.279803333333334" lon="113.93347833333334"><ele>-7.0</ele><time>2026-03-23T09:23:04Z</time></trkpt><trkpt lat="22.27978666666667" lon="113.93349333333332"><ele>-6.7</ele><time>2026-03-23T09:23:06Z</time></trkpt><trkpt lat="22.27976833333333" lon="113.93350000000001"><ele>-6.5</ele><time>2026-03-23T09:23:08Z</time></trkpt><trkpt lat="22.279743333333332" lon="113.93350333333335"><ele>-6.4</ele><time>2026-03-23T09:23:11Z</time></trkpt><trkpt lat="22.27972333333333" lon="113.93351499999999"><ele>-6.5</ele><time>2026-03-23T09:23:13Z</time></trkpt><trkpt lat="22.279704999999996" lon="113.93352333333333"><ele>-6.3</ele><time>2026-03-23T09:23:15Z</time></trkpt><trkpt lat="22.279685000000004" lon="113.93353833333335"><ele>-5.9</ele><time>2026-03-23T09:23:17Z</time></trkpt><trkpt lat="22.279653333333332" lon="113.93355000000001"><ele>-5.800000000000001</ele><time>2026-03-23T09:23:19Z</time></trkpt><trkpt lat="22.279628333333335" lon="113.93355833333332"><ele>-5.6</ele><time>2026-03-23T09:23:21Z</time></trkpt><trkpt lat="22.27960666666667" lon="113.93357666666667"><ele>-5.4</ele><time>2026-03-23T09:23:24Z</time></trkpt><trkpt lat="22.27959166666667" lon="113.93358833333332"><ele>-5.2</ele><time>2026-03-23T09:23:26Z</time></trkpt><trkpt lat="22.279573333333328" lon="113.93359000000001"><ele>-4.800000000000001</ele><time>2026-03-23T09:23:28Z</time></trkpt><trkpt lat="22.279556666666668" lon="113.93360166666668"><ele>-3.9000000000000004</ele><time>2026-03-23T09:23:31Z</time></trkpt><trkpt lat="22.279538333333335" lon="113.93360833333332"><ele>-3.6</ele><time>2026-03-23T09:23:33Z</time></trkpt><trkpt lat="22.27952" lon="113.93361833333331"><ele>-3.1</ele><time>2026-03-23T09:23:35Z</time></trkpt><trkpt lat="22.27950166666667" lon="113.93362333333334"><ele>-3.2</ele><time>2026-03-23T09:23:37Z</time></trkpt><trkpt lat="22.279485" lon="113.93363666666667"><ele>-3.1</ele><time>2026-03-23T09:23:39Z</time></trkpt><trkpt lat="22.279461666666666" lon="113.93364500000001"><ele>-2.6</ele><time>2026-03-23T09:23:42Z</time></trkpt><trkpt lat="22.279455" lon="113.93366333333333"><ele>-2.2</ele><time>2026-03-23T09:23:44Z</time></trkpt><trkpt lat="22.279436666666665" lon="113.933655"><ele>-2.1</ele><time>2026-03-23T09:23:51Z</time></trkpt><trkpt lat="22.279403333333335" lon="113.93363166666668"><ele>3.8999999999999995</ele><time>2026-03-23T09:24:20Z</time></trkpt><trkpt lat="22.279386666666664" lon="113.93364666666666"><ele>3.5999999999999996</ele><time>2026-03-23T09:24:23Z</time></trkpt><trkpt lat="22.279366666666668" lon="113.93365666666665"><ele>4.2</ele><time>2026-03-23T09:24:26Z</time></trkpt><trkpt lat="22.279346666666665" lon="113.93366166666668"><ele>4.6</ele><time>2026-03-23T09:24:28Z</time></trkpt><trkpt lat="22.279321666666668" lon="113.93365999999999"><ele>5.0</ele><time>2026-03-23T09:24:31Z</time></trkpt><trkpt lat="22.279305" lon="113.93364666666666"><ele>5.3</ele><time>2026-03-23T09:24:33Z</time></trkpt><trkpt lat="22.279288333333337" lon="113.93362166666665"><ele>5.6</ele><time>2026-03-23T09:24:35Z</time></trkpt><trkpt lat="22.279276666666668" lon="113.93359666666666"><ele>5.8</ele><time>2026-03-23T09:24:37Z</time></trkpt><trkpt lat="22.279263333333333" lon="113.93357833333333"><ele>5.8999999999999995</ele><time>2026-03-23T09:24:40Z</time></trkpt><trkpt lat="22.27924833333333" lon="113.93356333333334"><ele>5.8</ele><time>2026-03-23T09:24:43Z</time></trkpt><trkpt lat="22.279236666666666" lon="113.93354166666668"><ele>5.3999999999999995</ele><time>2026-03-23T09:24:45Z</time></trkpt><trkpt lat="22.279223333333334" lon="113.93352333333333"><ele>5.1</ele><time>2026-03-23T09:24:48Z</time></trkpt><trkpt lat="22.279223333333334" lon="113.93350000000001"><ele>4.8</ele><time>2026-03-23T09:24:50Z</time></trkpt><trkpt lat="22.279218333333333" lon="113.933475"><ele>4.8999999999999995</ele><time>2026-03-23T09:24:52Z</time></trkpt><trkpt lat="22.279213333333338" lon="113.93345166666668"><ele>4.7</ele><time>2026-03-23T09:24:54Z</time></trkpt><trkpt lat="22.27920333333333" lon="113.93342833333332"><ele>4.7</ele><time>2026-03-23T09:24:56Z</time></trkpt><trkpt lat="22.279194999999998" lon="113.93340833333332"><ele>4.6</ele><time>2026-03-23T09:24:58Z</time></trkpt><trkpt lat="22.279186666666668" lon="113.93338999999999"><ele>4.3999999999999995</ele><time>2026-03-23T09:25:00Z</time></trkpt><trkpt lat="22.279179999999997" lon="113.93336666666667"><ele>4.1</ele><time>2026-03-23T09:25:02Z</time></trkpt><trkpt lat="22.279166666666665" lon="113.933345"><ele>3.8</ele><time>2026-03-23T09:25:04Z</time></trkpt><trkpt lat="22.279161666666663" lon="113.93332166666666"><ele>4.0</ele><time>2026-03-23T09:25:07Z</time></trkpt><trkpt lat="22.279155" lon="113.93330166666668"><ele>4.1</ele><time>2026-03-23T09:25:09Z</time></trkpt><trkpt lat="22.279148333333335" lon="113.93328333333332"><ele>4.3</ele><time>2026-03-23T09:25:11Z</time></trkpt><trkpt lat="22.279138333333336" lon="113.93326333333334"><ele>4.3999999999999995</ele><time>2026-03-23T09:25:14Z</time></trkpt><trkpt lat="22.279121666666665" lon="113.93324833333332"><ele>4.5</ele><time>2026-03-23T09:25:17Z</time></trkpt><trkpt lat="22.279118333333333" lon="113.93322666666667"><ele>4.8</ele><time>2026-03-23T09:25:20Z</time></trkpt><trkpt lat="22.279118333333333" lon="113.93320666666665"><ele>5.1</ele><time>2026-03-23T09:25:22Z</time></trkpt><trkpt lat="22.27911333333333" lon="113.93318666666667"><ele>5.3</ele><time>2026-03-23T09:25:24Z</time></trkpt><trkpt lat="22.27911" lon="113.93316333333333"><ele>5.6</ele><time>2026-03-23T09:25:26Z</time></trkpt><trkpt lat="22.27909833333333" lon="113.93314166666666"><ele>5.999999999999999</ele><time>2026-03-23T09:25:28Z</time></trkpt><trkpt lat="22.279088333333334" lon="113.93311833333334"><ele>6.3999999999999995</ele><time>2026-03-23T09:25:31Z</time></trkpt><trkpt lat="22.27908166666667" lon="113.93309666666667"><ele>6.6000000000000005</ele><time>2026-03-23T09:25:33Z</time></trkpt><trkpt lat="22.279074999999995" lon="113.93307333333333"><ele>6.8</ele><time>2026-03-23T09:25:35Z</time></trkpt><trkpt lat="22.279061666666667" lon="113.93304833333335"><ele>6.999999999999999</ele><time>2026-03-23T09:25:38Z</time></trkpt><trkpt lat="22.279055000000003" lon="113.93302666666665"><ele>7.2</ele><time>2026-03-23T09:25:40Z</time></trkpt><trkpt lat="22.279044999999996" lon="113.93300666666667"><ele>7.3999999999999995</ele><time>2026-03-23T09:25:42Z</time></trkpt><trkpt lat="22.279038333333332" lon="113.93298666666666"><ele>7.499999999999999</ele><time>2026-03-23T09:25:45Z</time></trkpt><trkpt lat="22.279033333333338" lon="113.93296166666666"><ele>7.8999999999999995</ele><time>2026-03-23T09:25:48Z</time></trkpt><trkpt lat="22.279028333333333" lon="113.93293333333334"><ele>8.2</ele><time>2026-03-23T09:25:51Z</time></trkpt><trkpt lat="22.27902333333333" lon="113.93291333333333"><ele>8.600000000000001</ele><time>2026-03-23T09:25:53Z</time></trkpt><trkpt lat="22.279014999999998" lon="113.932895"><ele>8.600000000000001</ele><time>2026-03-23T09:25:56Z</time></trkpt><trkpt lat="22.278993333333332" lon="113.93290333333334"><ele>8.7</ele><time>2026-03-23T09:26:00Z</time></trkpt><trkpt lat="22.278971666666667" lon="113.93291666666667"><ele>8.7</ele><time>2026-03-23T09:26:03Z</time></trkpt><trkpt lat="22.278973333333337" lon="113.93293833333334"><ele>8.8</ele><time>2026-03-23T09:26:05Z</time></trkpt><trkpt lat="22.278983333333333" lon="113.932965"><ele>8.899999999999999</ele><time>2026-03-23T09:26:08Z</time></trkpt><trkpt lat="22.278993333333332" lon="113.93298166666666"><ele>8.899999999999999</ele><time>2026-03-23T09:26:10Z</time></trkpt><trkpt lat="22.278996666666664" lon="113.93300666666667"><ele>8.899999999999999</ele><time>2026-03-23T09:26:14Z</time></trkpt><trkpt lat="22.279003333333335" lon="113.93302833333334"><ele>8.600000000000001</ele><time>2026-03-23T09:26:17Z</time></trkpt><trkpt lat="22.279004999999998" lon="113.933055"><ele>8.3</ele><time>2026-03-23T09:26:20Z</time></trkpt><trkpt lat="22.279011666666666" lon="113.93308"><ele>7.7</ele><time>2026-03-23T09:26:23Z</time></trkpt><trkpt lat="22.279016666666667" lon="113.93310333333332"><ele>7.499999999999999</ele><time>2026-03-23T09:26:25Z</time></trkpt><trkpt lat="22.27902333333333" lon="113.93312499999999"><ele>7.1000000000000005</ele><time>2026-03-23T09:26:27Z</time></trkpt><trkpt lat="22.27903666666667" lon="113.93314666666666"><ele>6.3999999999999995</ele><time>2026-03-23T09:26:29Z</time></trkpt><trkpt lat="22.279043333333334" lon="113.93316666666666"><ele>5.3999999999999995</ele><time>2026-03-23T09:26:33Z</time></trkpt><trkpt lat="22.279051666666668" lon="113.93318833333333"><ele>5.7</ele><time>2026-03-23T09:26:35Z</time></trkpt><trkpt lat="22.279058333333335" lon="113.93320833333334"><ele>5.7</ele><time>2026-03-23T09:26:37Z</time></trkpt><trkpt lat="22.27907" lon="113.93322500000001"><ele>5.7</ele><time>2026-03-23T09:26:39Z</time></trkpt><trkpt lat="22.279083333333332" lon="113.93325000000002"><ele>5.7</ele><time>2026-03-23T09:26:43Z</time></trkpt><trkpt lat="22.279093333333336" lon="113.93327333333333"><ele>5.8999999999999995</ele><time>2026-03-23T09:26:46Z</time></trkpt><trkpt lat="22.279100000000003" lon="113.93330333333333"><ele>5.8999999999999995</ele><time>2026-03-23T09:26:49Z</time></trkpt><trkpt lat="22.279116666666663" lon="113.933325"><ele>6.1000000000000005</ele><time>2026-03-23T09:26:51Z</time></trkpt><trkpt lat="22.279128333333333" lon="113.93335333333334"><ele>6.3999999999999995</ele><time>2026-03-23T09:26:54Z</time></trkpt><trkpt lat="22.279134999999997" lon="113.93337500000001"><ele>6.499999999999999</ele><time>2026-03-23T09:26:56Z</time></trkpt><trkpt lat="22.279136666666666" lon="113.93340166666667"><ele>6.7</ele><time>2026-03-23T09:26:58Z</time></trkpt><trkpt lat="22.279138333333336" lon="113.93342333333334"><ele>7.2</ele><time>2026-03-23T09:27:00Z</time></trkpt><trkpt lat="22.279133333333334" lon="113.93344499999999"><ele>7.999999999999999</ele><time>2026-03-23T09:27:03Z</time></trkpt><trkpt lat="22.279131666666665" lon="113.93347166666666"><ele>8.5</ele><time>2026-03-23T09:27:06Z</time></trkpt><trkpt lat="22.279136666666666" lon="113.93349166666667"><ele>9.100000000000001</ele><time>2026-03-23T09:27:10Z</time></trkpt><trkpt lat="22.279139999999998" lon="113.93351333333334"><ele>9.8</ele><time>2026-03-23T09:27:13Z</time></trkpt><trkpt lat="22.27914333333333" lon="113.93353833333335"><ele>10.600000000000001</ele><time>2026-03-23T09:27:16Z</time></trkpt><trkpt lat="22.279145000000003" lon="113.93356"><ele>11.2</ele><time>2026-03-23T09:27:18Z</time></trkpt><trkpt lat="22.279139999999998" lon="113.93358000000002"><ele>11.7</ele><time>2026-03-23T09:27:21Z</time></trkpt><trkpt lat="22.279138333333336" lon="113.9336"><ele>12.100000000000001</ele><time>2026-03-23T09:27:23Z</time></trkpt><trkpt lat="22.279139999999998" lon="113.93362333333334"><ele>12.7</ele><time>2026-03-23T09:27:26Z</time></trkpt><trkpt lat="22.279145000000003" lon="113.93364333333332"><ele>13.0</ele><time>2026-03-23T09:27:28Z</time></trkpt><trkpt lat="22.279151666666667" lon="113.93366166666668"><ele>13.2</ele><time>2026-03-23T09:27:30Z</time></trkpt><trkpt lat="22.279163333333333" lon="113.933685"><ele>13.3</ele><time>2026-03-23T09:27:33Z</time></trkpt><trkpt lat="22.27917166666667" lon="113.93370833333331"><ele>13.399999999999999</ele><time>2026-03-23T09:27:36Z</time></trkpt><trkpt lat="22.279179999999997" lon="113.93373333333332"><ele>13.5</ele><time>2026-03-23T09:27:39Z</time></trkpt><trkpt lat="22.279194999999998" lon="113.93374999999999"><ele>13.7</ele><time>2026-03-23T09:27:43Z</time></trkpt><trkpt lat="22.279206666666663" lon="113.933775"><ele>13.900000000000002</ele><time>2026-03-23T09:27:45Z</time></trkpt><trkpt lat="22.279213333333338" lon="113.93380666666665"><ele>14.0</ele><time>2026-03-23T09:27:48Z</time></trkpt><trkpt lat="22.279208333333333" lon="113.933835"><ele>14.100000000000001</ele><time>2026-03-23T09:27:50Z</time></trkpt><trkpt lat="22.279215" lon="113.93386666666666"><ele>14.2</ele><time>2026-03-23T09:27:52Z</time></trkpt><trkpt lat="22.279208333333333" lon="113.93389166666665"><ele>14.400000000000002</ele><time>2026-03-23T09:27:54Z</time></trkpt><trkpt lat="22.279198333333337" lon="113.93391000000001"><ele>14.900000000000002</ele><time>2026-03-23T09:27:56Z</time></trkpt><trkpt lat="22.279194999999998" lon="113.93393333333333"><ele>15.0</ele><time>2026-03-23T09:27:59Z</time></trkpt><trkpt lat="22.27920333333333" lon="113.933955"><ele>15.100000000000001</ele><time>2026-03-23T09:28:01Z</time></trkpt><trkpt lat="22.279213333333338" lon="113.93397833333331"><ele>15.0</ele><time>2026-03-23T09:28:02Z</time></trkpt><trkpt lat="22.279215" lon="113.93399833333334"><ele>15.100000000000001</ele><time>2026-03-23T09:28:04Z</time></trkpt><trkpt lat="22.279209999999996" lon="113.93402333333333"><ele>15.3</ele><time>2026-03-23T09:28:06Z</time></trkpt><trkpt lat="22.279215" lon="113.93404833333334"><ele>15.5</ele><time>2026-03-23T09:28:07Z</time></trkpt><trkpt lat="22.279226666666666" lon="113.93407166666665"><ele>15.700000000000001</ele><time>2026-03-23T09:28:08Z</time></trkpt><trkpt lat="22.279226666666666" lon="113.93410333333334"><ele>15.9</ele><time>2026-03-23T09:28:11Z</time></trkpt><trkpt lat="22.279241666666667" lon="113.93412833333332"><ele>16.099999999999998</ele><time>2026-03-23T09:28:12Z</time></trkpt><trkpt lat="22.279254999999996" lon="113.93415666666667"><ele>16.299999999999997</ele><time>2026-03-23T09:28:14Z</time></trkpt><trkpt lat="22.27924833333333" lon="113.93418500000001"><ele>16.4</ele><time>2026-03-23T09:28:17Z</time></trkpt><trkpt lat="22.27925" lon="113.93420666666667"><ele>16.0</ele><time>2026-03-23T09:28:19Z</time></trkpt><trkpt lat="22.279251666666664" lon="113.93422666666666"><ele>15.799999999999999</ele><time>2026-03-23T09:28:21Z</time></trkpt><trkpt lat="22.279256666666665" lon="113.93424833333331"><ele>15.6</ele><time>2026-03-23T09:28:23Z</time></trkpt><trkpt lat="22.27926166666667" lon="113.93427166666667"><ele>15.299999999999999</ele><time>2026-03-23T09:28:27Z</time></trkpt><trkpt lat="22.279265000000002" lon="113.93430000000002"><ele>15.4</ele><time>2026-03-23T09:28:29Z</time></trkpt><trkpt lat="22.279271666666666" lon="113.93432666666668"><ele>15.200000000000001</ele><time>2026-03-23T09:28:31Z</time></trkpt><trkpt lat="22.279268333333334" lon="113.93435166666669"><ele>15.000000000000002</ele><time>2026-03-23T09:28:33Z</time></trkpt><trkpt lat="22.279254999999996" lon="113.93436666666666"><ele>14.9</ele><time>2026-03-23T09:28:35Z</time></trkpt><trkpt lat="22.27925" lon="113.93438833333333"><ele>14.9</ele><time>2026-03-23T09:28:38Z</time></trkpt><trkpt lat="22.27926" lon="113.93441833333333"><ele>14.500000000000002</ele><time>2026-03-23T09:28:40Z</time></trkpt><trkpt lat="22.279268333333334" lon="113.93444166666669"><ele>14.299999999999999</ele><time>2026-03-23T09:28:44Z</time></trkpt><trkpt lat="22.279275" lon="113.93446999999999"><ele>14.6</ele><time>2026-03-23T09:28:47Z</time></trkpt><trkpt lat="22.27929166666667" lon="113.934495"><ele>14.700000000000001</ele><time>2026-03-23T09:28:49Z</time></trkpt><trkpt lat="22.27930666666667" lon="113.93450833333333"><ele>14.9</ele><time>2026-03-23T09:28:51Z</time></trkpt><trkpt lat="22.279335" lon="113.93453"><ele>15.200000000000001</ele><time>2026-03-23T09:28:53Z</time></trkpt><trkpt lat="22.279344999999996" lon="113.93454666666666"><ele>15.000000000000002</ele><time>2026-03-23T09:28:54Z</time></trkpt><trkpt lat="22.279356666666665" lon="113.93456166666668"><ele>14.9</ele><time>2026-03-23T09:28:55Z</time></trkpt><trkpt lat="22.279365" lon="113.93458166666666"><ele>14.6</ele><time>2026-03-23T09:28:57Z</time></trkpt><trkpt lat="22.279376666666668" lon="113.93460166666667"><ele>15.1</ele><time>2026-03-23T09:29:00Z</time></trkpt><trkpt lat="22.279363333333336" lon="113.93462666666667"><ele>13.9</ele><time>2026-03-23T09:29:02Z</time></trkpt><trkpt lat="22.279366666666668" lon="113.93465333333333"><ele>12.8</ele><time>2026-03-23T09:29:04Z</time></trkpt><trkpt lat="22.279361666666667" lon="113.93468"><ele>11.200000000000001</ele><time>2026-03-23T09:29:08Z</time></trkpt><trkpt lat="22.279343333333333" lon="113.93468666666668"><ele>9.9</ele><time>2026-03-23T09:29:10Z</time></trkpt><trkpt lat="22.27932" lon="113.93465333333333"><ele>8.8</ele><time>2026-03-23T09:29:13Z</time></trkpt><trkpt lat="22.279321666666668" lon="113.93462999999998"><ele>7.6</ele><time>2026-03-23T09:29:15Z</time></trkpt><trkpt lat="22.279329999999998" lon="113.93464833333334"><ele>0.6999999999999997</ele><time>2026-03-23T09:29:23Z</time></trkpt><trkpt lat="22.279343333333333" lon="113.93466333333332"><ele>0.10000000000000009</ele><time>2026-03-23T09:29:26Z</time></trkpt><trkpt lat="22.279361666666667" lon="113.93468333333334"><ele>1.6999999999999997</ele><time>2026-03-23T09:29:30Z</time></trkpt><trkpt lat="22.279386666666664" lon="113.93469666666667"><ele>1.6999999999999997</ele><time>2026-03-23T09:29:33Z</time></trkpt><trkpt lat="22.27939666666667" lon="113.934715"><ele>2.3000000000000003</ele><time>2026-03-23T09:29:35Z</time></trkpt><trkpt lat="22.279408333333336" lon="113.93473"><ele>0.8999999999999999</ele><time>2026-03-23T09:29:41Z</time></trkpt><trkpt lat="22.279425" lon="113.93474499999999"><ele>3.4</ele><time>2026-03-23T09:29:56Z</time></trkpt><trkpt lat="22.27942666666667" lon="113.93477666666668"><ele>3.9</ele><time>2026-03-23T09:29:59Z</time></trkpt><trkpt lat="22.279431666666664" lon="113.93480333333333"><ele>3.8000000000000003</ele><time>2026-03-23T09:30:01Z</time></trkpt><trkpt lat="22.279433333333333" lon="113.93482999999999"><ele>4.5</ele><time>2026-03-23T09:30:04Z</time></trkpt><trkpt lat="22.27943" lon="113.93485666666666"><ele>5.199999999999999</ele><time>2026-03-23T09:30:07Z</time></trkpt><trkpt lat="22.279428333333332" lon="113.93488333333335"><ele>5.699999999999999</ele><time>2026-03-23T09:30:09Z</time></trkpt><trkpt lat="22.27943" lon="113.93491"><ele>6.300000000000001</ele><time>2026-03-23T09:30:12Z</time></trkpt><trkpt lat="22.279433333333333" lon="113.93492999999998"><ele>6.9</ele><time>2026-03-23T09:30:15Z</time></trkpt><trkpt lat="22.279438333333328" lon="113.93495499999999"><ele>7.700000000000001</ele><time>2026-03-23T09:30:18Z</time></trkpt><trkpt lat="22.279434999999996" lon="113.93497833333335"><ele>8.200000000000001</ele><time>2026-03-23T09:30:20Z</time></trkpt><trkpt lat="22.27941333333333" lon="113.93498666666667"><ele>7.6</ele><time>2026-03-23T09:30:25Z</time></trkpt><trkpt lat="22.27939333333334" lon="113.93499833333333"><ele>7.300000000000001</ele><time>2026-03-23T09:30:28Z</time></trkpt><trkpt lat="22.27938333333333" lon="113.93502500000001"><ele>6.700000000000001</ele><time>2026-03-23T09:30:32Z</time></trkpt><trkpt lat="22.279386666666664" lon="113.93504833333333"><ele>6.300000000000001</ele><time>2026-03-23T09:30:36Z</time></trkpt><trkpt lat="22.279385" lon="113.93506833333335"><ele>6.4</ele><time>2026-03-23T09:30:38Z</time></trkpt><trkpt lat="22.279385" lon="113.93509999999999"><ele>6.700000000000001</ele><time>2026-03-23T09:30:40Z</time></trkpt><trkpt lat="22.279385" lon="113.93512666666666"><ele>6.800000000000001</ele><time>2026-03-23T09:30:42Z</time></trkpt><trkpt lat="22.279389999999996" lon="113.93516666666667"><ele>7.1</ele><time>2026-03-23T09:30:44Z</time></trkpt><trkpt lat="22.279395" lon="113.93519999999998"><ele>7.300000000000001</ele><time>2026-03-23T09:30:46Z</time></trkpt><trkpt lat="22.279391666666665" lon="113.93522"><ele>7.6</ele><time>2026-03-23T09:30:49Z</time></trkpt><trkpt lat="22.279406666666667" lon="113.93524333333335"><ele>7.800000000000001</ele><time>2026-03-23T09:30:52Z</time></trkpt><trkpt lat="22.279415000000004" lon="113.93526666666666"><ele>8.6</ele><time>2026-03-23T09:30:55Z</time></trkpt><trkpt lat="22.279416666666666" lon="113.93529500000001"><ele>9.700000000000001</ele><time>2026-03-23T09:30:59Z</time></trkpt><trkpt lat="22.279438333333328" lon="113.93531999999999"><ele>9.9</ele><time>2026-03-23T09:31:01Z</time></trkpt><trkpt lat="22.27945333333333" lon="113.93534666666667"><ele>10.1</ele><time>2026-03-23T09:31:03Z</time></trkpt><trkpt lat="22.279465" lon="113.93536833333334"><ele>10.6</ele><time>2026-03-23T09:31:05Z</time></trkpt><trkpt lat="22.279485" lon="113.93539833333334"><ele>11.200000000000001</ele><time>2026-03-23T09:31:07Z</time></trkpt><trkpt lat="22.279493333333335" lon="113.93541666666667"><ele>11.5</ele><time>2026-03-23T09:31:08Z</time></trkpt><trkpt lat="22.2795" lon="113.93544333333332"><ele>12.200000000000001</ele><time>2026-03-23T09:31:10Z</time></trkpt><trkpt lat="22.27950333333333" lon="113.93546666666667"><ele>12.8</ele><time>2026-03-23T09:31:12Z</time></trkpt><trkpt lat="22.279515" lon="113.93549333333334"><ele>13.5</ele><time>2026-03-23T09:31:15Z</time></trkpt><trkpt lat="22.279518333333332" lon="113.93551333333335"><ele>14.000000000000002</ele><time>2026-03-23T09:31:17Z</time></trkpt><trkpt lat="22.279518333333332" lon="113.93553833333333"><ele>14.200000000000001</ele><time>2026-03-23T09:31:19Z</time></trkpt><trkpt lat="22.27951666666667" lon="113.93556166666667"><ele>14.500000000000002</ele><time>2026-03-23T09:31:21Z</time></trkpt><trkpt lat="22.279515" lon="113.93558166666665"><ele>14.6</ele><time>2026-03-23T09:31:23Z</time></trkpt><trkpt lat="22.279515" lon="113.93560333333335"><ele>14.799999999999999</ele><time>2026-03-23T09:31:25Z</time></trkpt><trkpt lat="22.279518333333332" lon="113.93562833333333"><ele>15.1</ele><time>2026-03-23T09:31:27Z</time></trkpt><trkpt lat="22.27953166666667" lon="113.93564833333333"><ele>15.1</ele><time>2026-03-23T09:31:29Z</time></trkpt><trkpt lat="22.279545" lon="113.93567499999999"><ele>15.299999999999999</ele><time>2026-03-23T09:31:32Z</time></trkpt><trkpt lat="22.27955833333333" lon="113.93569333333335"><ele>15.299999999999999</ele><time>2026-03-23T09:31:34Z</time></trkpt><trkpt lat="22.27956" lon="113.93571666666666"><ele>15.500000000000002</ele><time>2026-03-23T09:31:37Z</time></trkpt><trkpt lat="22.279565" lon="113.93574166666667"><ele>15.799999999999999</ele><time>2026-03-23T09:31:40Z</time></trkpt><trkpt lat="22.279584999999997" lon="113.93575666666666"><ele>16.0</ele><time>2026-03-23T09:31:42Z</time></trkpt><trkpt lat="22.27959" lon="113.93578166666666"><ele>16.099999999999998</ele><time>2026-03-23T09:31:44Z</time></trkpt><trkpt lat="22.27959166666667" lon="113.93580333333333"><ele>16.4</ele><time>2026-03-23T09:31:46Z</time></trkpt><trkpt lat="22.279598333333336" lon="113.93582666666667"><ele>16.7</ele><time>2026-03-23T09:31:48Z</time></trkpt><trkpt lat="22.2796" lon="113.93585"><ele>16.599999999999998</ele><time>2026-03-23T09:31:50Z</time></trkpt><trkpt lat="22.279618333333328" lon="113.93587166666666"><ele>16.599999999999998</ele><time>2026-03-23T09:31:52Z</time></trkpt><trkpt lat="22.279631666666667" lon="113.93589166666668"><ele>16.4</ele><time>2026-03-23T09:31:54Z</time></trkpt><trkpt lat="22.279640000000004" lon="113.93591833333333"><ele>16.299999999999997</ele><time>2026-03-23T09:31:56Z</time></trkpt><trkpt lat="22.279643333333336" lon="113.93594166666665"><ele>16.5</ele><time>2026-03-23T09:31:59Z</time></trkpt><trkpt lat="22.279643333333336" lon="113.93596333333335"><ele>16.599999999999998</ele><time>2026-03-23T09:32:01Z</time></trkpt><trkpt lat="22.27963666666667" lon="113.93598166666668"><ele>16.9</ele><time>2026-03-23T09:32:03Z</time></trkpt><trkpt lat="22.279625000000003" lon="113.93600333333333"><ele>17.299999999999997</ele><time>2026-03-23T09:32:06Z</time></trkpt><trkpt lat="22.279635" lon="113.93602000000001"><ele>17.599999999999998</ele><time>2026-03-23T09:32:09Z</time></trkpt><trkpt lat="22.27963333333333" lon="113.93604333333333"><ele>17.799999999999997</ele><time>2026-03-23T09:32:12Z</time></trkpt><trkpt lat="22.279645" lon="113.936065"><ele>18.0</ele><time>2026-03-23T09:32:14Z</time></trkpt><trkpt lat="22.27965166666667" lon="113.936085"><ele>18.0</ele><time>2026-03-23T09:32:17Z</time></trkpt><trkpt lat="22.279656666666664" lon="113.93611166666666"><ele>17.799999999999997</ele><time>2026-03-23T09:32:19Z</time></trkpt><trkpt lat="22.27966333333333" lon="113.93613666666667"><ele>17.5</ele><time>2026-03-23T09:32:21Z</time></trkpt><trkpt lat="22.279670000000003" lon="113.93616333333333"><ele>16.9</ele><time>2026-03-23T09:32:23Z</time></trkpt><trkpt lat="22.27969333333333" lon="113.936185"><ele>16.5</ele><time>2026-03-23T09:32:25Z</time></trkpt><trkpt lat="22.27971166666667" lon="113.93619333333332"><ele>16.299999999999997</ele><time>2026-03-23T09:32:27Z</time></trkpt><trkpt lat="22.279718333333335" lon="113.93621499999999"><ele>16.7</ele><time>2026-03-23T09:32:29Z</time></trkpt><trkpt lat="22.27974" lon="113.93623333333335"><ele>16.9</ele><time>2026-03-23T09:32:31Z</time></trkpt><trkpt lat="22.279758333333334" lon="113.93624666666668"><ele>17.0</ele><time>2026-03-23T09:32:33Z</time></trkpt><trkpt lat="22.27977333333333" lon="113.93626833333335"><ele>17.099999999999998</ele><time>2026-03-23T09:32:35Z</time></trkpt><trkpt lat="22.27978" lon="113.93628833333332"><ele>17.299999999999997</ele><time>2026-03-23T09:32:36Z</time></trkpt><trkpt lat="22.27978333333333" lon="113.93631333333333"><ele>17.599999999999998</ele><time>2026-03-23T09:32:38Z</time></trkpt><trkpt lat="22.27978166666667" lon="113.93633833333334"><ele>17.7</ele><time>2026-03-23T09:32:40Z</time></trkpt><trkpt lat="22.27978333333333" lon="113.93636333333333"><ele>17.5</ele><time>2026-03-23T09:32:43Z</time></trkpt><trkpt lat="22.27978" lon="113.93638666666666"><ele>17.5</ele><time>2026-03-23T09:32:45Z</time></trkpt><trkpt lat="22.279775000000004" lon="113.93641166666666"><ele>17.4</ele><time>2026-03-23T09:32:47Z</time></trkpt><trkpt lat="22.279778333333336" lon="113.93643500000002"><ele>17.5</ele><time>2026-03-23T09:32:49Z</time></trkpt><trkpt lat="22.279785" lon="113.93645833333333"><ele>17.299999999999997</ele><time>2026-03-23T09:32:51Z</time></trkpt><trkpt lat="22.279791666666664" lon="113.93648499999999"><ele>17.099999999999998</ele><time>2026-03-23T09:32:53Z</time></trkpt><trkpt lat="22.279791666666664" lon="113.936505"><ele>16.7</ele><time>2026-03-23T09:32:55Z</time></trkpt><trkpt lat="22.279788333333332" lon="113.93652833333333"><ele>16.4</ele><time>2026-03-23T09:32:57Z</time></trkpt><trkpt lat="22.27978166666667" lon="113.93655500000001"><ele>16.7</ele><time>2026-03-23T09:32:59Z</time></trkpt><trkpt lat="22.27977" lon="113.93657"><ele>16.9</ele><time>2026-03-23T09:33:00Z</time></trkpt><trkpt lat="22.279766666666667" lon="113.93659833333335"><ele>17.4</ele><time>2026-03-23T09:33:02Z</time></trkpt><trkpt lat="22.279764999999998" lon="113.93662333333332"><ele>17.599999999999998</ele><time>2026-03-23T09:33:04Z</time></trkpt><trkpt lat="22.27977166666667" lon="113.93665666666666"><ele>18.0</ele><time>2026-03-23T09:33:07Z</time></trkpt><trkpt lat="22.27978" lon="113.93667833333332"><ele>18.5</ele><time>2026-03-23T09:33:09Z</time></trkpt><trkpt lat="22.27978666666667" lon="113.93670833333333"><ele>19.299999999999997</ele><time>2026-03-23T09:33:12Z</time></trkpt><trkpt lat="22.279794999999996" lon="113.93673666666668"><ele>19.7</ele><time>2026-03-23T09:33:14Z</time></trkpt><trkpt lat="22.279806666666666" lon="113.93676166666667"><ele>20.099999999999998</ele><time>2026-03-23T09:33:16Z</time></trkpt><trkpt lat="22.279808333333335" lon="113.936785"><ele>20.2</ele><time>2026-03-23T09:33:18Z</time></trkpt><trkpt lat="22.279825" lon="113.93679666666667"><ele>20.0</ele><time>2026-03-23T09:33:21Z</time></trkpt><trkpt lat="22.27982833333333" lon="113.93681666666667"><ele>19.099999999999998</ele><time>2026-03-23T09:33:24Z</time></trkpt><trkpt lat="22.27984666666667" lon="113.93682666666668"><ele>18.4</ele><time>2026-03-23T09:33:27Z</time></trkpt><trkpt lat="22.279853333333335" lon="113.93684499999999"><ele>18.099999999999998</ele><time>2026-03-23T09:33:29Z</time></trkpt><trkpt lat="22.279865000000004" lon="113.93687166666665"><ele>18.5</ele><time>2026-03-23T09:33:33Z</time></trkpt><trkpt lat="22.27987666666667" lon="113.93689333333332"><ele>18.599999999999998</ele><time>2026-03-23T09:33:35Z</time></trkpt><trkpt lat="22.27989166666667" lon="113.93691166666667"><ele>19.099999999999998</ele><time>2026-03-23T09:33:37Z</time></trkpt><trkpt lat="22.279899999999998" lon="113.93693333333334"><ele>19.4</ele><time>2026-03-23T09:33:39Z</time></trkpt><trkpt lat="22.279901666666667" lon="113.936955"><ele>19.5</ele><time>2026-03-23T09:33:41Z</time></trkpt><trkpt lat="22.279910000000005" lon="113.93697500000002"><ele>19.9</ele><time>2026-03-23T09:33:43Z</time></trkpt><trkpt lat="22.279911666666667" lon="113.93700166666667"><ele>20.099999999999998</ele><time>2026-03-23T09:33:45Z</time></trkpt><trkpt lat="22.27991666666667" lon="113.93703166666667"><ele>19.799999999999997</ele><time>2026-03-23T09:33:47Z</time></trkpt><trkpt lat="22.279928333333334" lon="113.93705333333334"><ele>19.5</ele><time>2026-03-23T09:33:50Z</time></trkpt><trkpt lat="22.279940000000003" lon="113.93707166666667"><ele>19.2</ele><time>2026-03-23T09:33:52Z</time></trkpt><trkpt lat="22.279951666666662" lon="113.93708833333334"><ele>18.799999999999997</ele><time>2026-03-23T09:33:54Z</time></trkpt><trkpt lat="22.279973333333334" lon="113.93710833333334"><ele>18.7</ele><time>2026-03-23T09:33:56Z</time></trkpt><trkpt lat="22.279988333333336" lon="113.93712333333333"><ele>18.4</ele><time>2026-03-23T09:33:58Z</time></trkpt><trkpt lat="22.280011666666663" lon="113.93713333333332"><ele>18.099999999999998</ele><time>2026-03-23T09:34:01Z</time></trkpt><trkpt lat="22.280026666666664" lon="113.93714666666668"><ele>17.799999999999997</ele><time>2026-03-23T09:34:04Z</time></trkpt><trkpt lat="22.28004333333333" lon="113.93715833333333"><ele>17.7</ele><time>2026-03-23T09:34:06Z</time></trkpt><trkpt lat="22.280055" lon="113.93717999999998"><ele>17.0</ele><time>2026-03-23T09:34:09Z</time></trkpt><trkpt lat="22.280048333333337" lon="113.93721666666667"><ele>16.599999999999998</ele><time>2026-03-23T09:34:12Z</time></trkpt><trkpt lat="22.280046666666667" lon="113.93723999999999"><ele>16.599999999999998</ele><time>2026-03-23T09:34:15Z</time></trkpt><trkpt lat="22.280041666666662" lon="113.93726666666667"><ele>16.7</ele><time>2026-03-23T09:34:18Z</time></trkpt><trkpt lat="22.280026666666664" lon="113.93729499999999"><ele>16.7</ele><time>2026-03-23T09:34:21Z</time></trkpt><trkpt lat="22.28002333333333" lon="113.93731666666666"><ele>16.7</ele><time>2026-03-23T09:34:23Z</time></trkpt><trkpt lat="22.280034999999998" lon="113.93733333333333"><ele>16.7</ele><time>2026-03-23T09:34:25Z</time></trkpt><trkpt lat="22.280036666666668" lon="113.93735333333333"><ele>16.7</ele><time>2026-03-23T09:34:27Z</time></trkpt><trkpt lat="22.280041666666662" lon="113.937375"><ele>16.7</ele><time>2026-03-23T09:34:29Z</time></trkpt><trkpt lat="22.280036666666668" lon="113.93739666666667"><ele>16.599999999999998</ele><time>2026-03-23T09:34:32Z</time></trkpt><trkpt lat="22.28004333333333" lon="113.93742166666668"><ele>16.599999999999998</ele><time>2026-03-23T09:34:34Z</time></trkpt><trkpt lat="22.280048333333337" lon="113.937445"><ele>16.4</ele><time>2026-03-23T09:34:36Z</time></trkpt><trkpt lat="22.28005" lon="113.93747333333334"><ele>16.4</ele><time>2026-03-23T09:34:39Z</time></trkpt><trkpt lat="22.28005333333333" lon="113.93749833333335"><ele>17.0</ele><time>2026-03-23T09:34:44Z</time></trkpt><trkpt lat="22.280066666666666" lon="113.93751499999999"><ele>17.099999999999998</ele><time>2026-03-23T09:34:46Z</time></trkpt><trkpt lat="22.280073333333334" lon="113.937535"><ele>16.799999999999997</ele><time>2026-03-23T09:34:49Z</time></trkpt><trkpt lat="22.280076666666666" lon="113.93755833333334"><ele>17.099999999999998</ele><time>2026-03-23T09:34:51Z</time></trkpt><trkpt lat="22.280078333333336" lon="113.93758166666666"><ele>17.4</ele><time>2026-03-23T09:34:52Z</time></trkpt><trkpt lat="22.280090000000005" lon="113.93761"><ele>17.599999999999998</ele><time>2026-03-23T09:34:54Z</time></trkpt><trkpt lat="22.280115000000002" lon="113.93763499999999"><ele>17.299999999999997</ele><time>2026-03-23T09:34:56Z</time></trkpt><trkpt lat="22.280138333333337" lon="113.93764666666667"><ele>17.7</ele><time>2026-03-23T09:34:58Z</time></trkpt><trkpt lat="22.280156666666667" lon="113.93766166666667"><ele>17.7</ele><time>2026-03-23T09:35:00Z</time></trkpt><trkpt lat="22.280175" lon="113.93767333333332"><ele>16.799999999999997</ele><time>2026-03-23T09:35:02Z</time></trkpt><trkpt lat="22.28019" lon="113.93768999999999"><ele>16.7</ele><time>2026-03-23T09:35:04Z</time></trkpt><trkpt lat="22.280199999999997" lon="113.93770833333335"><ele>15.799999999999999</ele><time>2026-03-23T09:35:06Z</time></trkpt><trkpt lat="22.280213333333336" lon="113.93772499999999"><ele>15.299999999999999</ele><time>2026-03-23T09:35:08Z</time></trkpt><trkpt lat="22.28023166666667" lon="113.93773666666667"><ele>14.9</ele><time>2026-03-23T09:35:10Z</time></trkpt><trkpt lat="22.28022" lon="113.93775333333333"><ele>14.000000000000002</ele><time>2026-03-23T09:35:12Z</time></trkpt><trkpt lat="22.280216666666668" lon="113.93777999999999"><ele>13.200000000000001</ele><time>2026-03-23T09:35:15Z</time></trkpt><trkpt lat="22.28022" lon="113.93780333333333"><ele>12.1</ele><time>2026-03-23T09:35:20Z</time></trkpt><trkpt lat="22.280240000000003" lon="113.93782166666666"><ele>11.4</ele><time>2026-03-23T09:35:23Z</time></trkpt><trkpt lat="22.280251666666665" lon="113.93784166666667"><ele>10.700000000000001</ele><time>2026-03-23T09:35:26Z</time></trkpt><trkpt lat="22.280268333333332" lon="113.93785166666666"><ele>10.200000000000001</ele><time>2026-03-23T09:35:28Z</time></trkpt><trkpt lat="22.280286666666665" lon="113.93786999999999"><ele>9.6</ele><time>2026-03-23T09:35:31Z</time></trkpt><trkpt lat="22.280311666666663" lon="113.93787499999999"><ele>9.1</ele><time>2026-03-23T09:35:34Z</time></trkpt><trkpt lat="22.280328333333333" lon="113.93788666666666"><ele>8.8</ele><time>2026-03-23T09:35:36Z</time></trkpt><trkpt lat="22.280343333333334" lon="113.93789833333334"><ele>8.4</ele><time>2026-03-23T09:35:38Z</time></trkpt><trkpt lat="22.280356666666663" lon="113.93791333333333"><ele>8.0</ele><time>2026-03-23T09:35:40Z</time></trkpt><trkpt lat="22.28036666666667" lon="113.93793666666667"><ele>7.0</ele><time>2026-03-23T09:35:44Z</time></trkpt><trkpt lat="22.28036666666667" lon="113.93796499999999"><ele>6.0</ele><time>2026-03-23T09:35:47Z</time></trkpt><trkpt lat="22.280363333333337" lon="113.93798999999999"><ele>5.5</ele><time>2026-03-23T09:35:49Z</time></trkpt><trkpt lat="22.28036666666667" lon="113.93801166666665"><ele>5.1</ele><time>2026-03-23T09:35:51Z</time></trkpt><trkpt lat="22.280373333333333" lon="113.93803666666666"><ele>4.9</ele><time>2026-03-23T09:35:53Z</time></trkpt><trkpt lat="22.280381666666667" lon="113.93806166666667"><ele>4.5</ele><time>2026-03-23T09:35:55Z</time></trkpt><trkpt lat="22.280379999999997" lon="113.93808166666668"><ele>4.4</ele><time>2026-03-23T09:35:56Z</time></trkpt><trkpt lat="22.280381666666667" lon="113.93810333333334"><ele>4.1</ele><time>2026-03-23T09:35:58Z</time></trkpt><trkpt lat="22.280386666666665" lon="113.93813166666665"><ele>3.9</ele><time>2026-03-23T09:36:00Z</time></trkpt><trkpt lat="22.28039833333333" lon="113.93814833333333"><ele>3.6999999999999997</ele><time>2026-03-23T09:36:02Z</time></trkpt><trkpt lat="22.28041166666667" lon="113.93817666666668"><ele>3.6999999999999997</ele><time>2026-03-23T09:36:06Z</time></trkpt><trkpt lat="22.280424999999997" lon="113.938195"><ele>3.6999999999999997</ele><time>2026-03-23T09:36:10Z</time></trkpt><trkpt lat="22.280424999999997" lon="113.93822"><ele>3.9</ele><time>2026-03-23T09:36:14Z</time></trkpt><trkpt lat="22.28042833333333" lon="113.93824666666666"><ele>4.199999999999999</ele><time>2026-03-23T09:36:17Z</time></trkpt><trkpt lat="22.280424999999997" lon="113.93827166666667"><ele>4.5</ele><time>2026-03-23T09:36:19Z</time></trkpt><trkpt lat="22.28042833333333" lon="113.93829499999998"><ele>4.9</ele><time>2026-03-23T09:36:22Z</time></trkpt><trkpt lat="22.280431666666665" lon="113.93831666666668"><ele>5.1</ele><time>2026-03-23T09:36:24Z</time></trkpt><trkpt lat="22.280431666666665" lon="113.93834"><ele>5.300000000000001</ele><time>2026-03-23T09:36:26Z</time></trkpt><trkpt lat="22.280433333333335" lon="113.93836333333333"><ele>5.4</ele><time>2026-03-23T09:36:28Z</time></trkpt><trkpt lat="22.28044166666667" lon="113.93838666666667"><ele>5.4</ele><time>2026-03-23T09:36:31Z</time></trkpt><trkpt lat="22.280458333333332" lon="113.93840333333334"><ele>5.199999999999999</ele><time>2026-03-23T09:36:33Z</time></trkpt><trkpt lat="22.28047333333333" lon="113.93841666666667"><ele>5.0</ele><time>2026-03-23T09:36:35Z</time></trkpt><trkpt lat="22.28048833333333" lon="113.93843666666668"><ele>4.6</ele><time>2026-03-23T09:36:38Z</time></trkpt><trkpt lat="22.280508333333334" lon="113.93845000000002"><ele>4.699999999999999</ele><time>2026-03-23T09:36:41Z</time></trkpt><trkpt lat="22.280551666666664" lon="113.93849833333334"><ele>3.4999999999999996</ele><time>2026-03-23T09:36:46Z</time></trkpt><trkpt lat="22.280558333333335" lon="113.93852333333334"><ele>3.6</ele><time>2026-03-23T09:36:47Z</time></trkpt><trkpt lat="22.280568333333335" lon="113.938545"><ele>3.6</ele><time>2026-03-23T09:36:48Z</time></trkpt><trkpt lat="22.28057833333333" lon="113.93856333333333"><ele>3.6999999999999997</ele><time>2026-03-23T09:36:49Z</time></trkpt><trkpt lat="22.280598333333334" lon="113.93859833333333"><ele>3.6999999999999997</ele><time>2026-03-23T09:36:51Z</time></trkpt><trkpt lat="22.28062" lon="113.93863166666667"><ele>3.4999999999999996</ele><time>2026-03-23T09:36:53Z</time></trkpt><trkpt lat="22.280633333333338" lon="113.93865166666667"><ele>2.9999999999999996</ele><time>2026-03-23T09:36:55Z</time></trkpt><trkpt lat="22.280635" lon="113.93867666666665"><ele>2.6</ele><time>2026-03-23T09:36:57Z</time></trkpt><trkpt lat="22.280644999999996" lon="113.93870666666665"><ele>2.6999999999999997</ele><time>2026-03-23T09:37:00Z</time></trkpt><trkpt lat="22.280656666666665" lon="113.93873333333335"><ele>2.6</ele><time>2026-03-23T09:37:03Z</time></trkpt><trkpt lat="22.280659999999997" lon="113.938755"><ele>2.6</ele><time>2026-03-23T09:37:06Z</time></trkpt><trkpt lat="22.28067666666667" lon="113.93877333333333"><ele>2.4</ele><time>2026-03-23T09:37:09Z</time></trkpt><trkpt lat="22.280688333333334" lon="113.938795"><ele>2.1</ele><time>2026-03-23T09:37:12Z</time></trkpt><trkpt lat="22.280694999999998" lon="113.93881333333333"><ele>1.7999999999999998</ele><time>2026-03-23T09:37:14Z</time></trkpt><trkpt lat="22.28071333333333" lon="113.93883166666667"><ele>1.5</ele><time>2026-03-23T09:37:16Z</time></trkpt><trkpt lat="22.280733333333334" lon="113.93884333333332"><ele>0.6999999999999997</ele><time>2026-03-23T09:37:19Z</time></trkpt><trkpt lat="22.280761666666663" lon="113.93885333333334"><ele>-0.20000000000000018</ele><time>2026-03-23T09:37:22Z</time></trkpt><trkpt lat="22.280778333333334" lon="113.93887000000001"><ele>-0.9000000000000001</ele><time>2026-03-23T09:37:24Z</time></trkpt><trkpt lat="22.280791666666666" lon="113.93888833333334"><ele>-1.1</ele><time>2026-03-23T09:37:26Z</time></trkpt><trkpt lat="22.280791666666666" lon="113.93891"><ele>-0.6000000000000001</ele><time>2026-03-23T09:37:30Z</time></trkpt><trkpt lat="22.28080333333333" lon="113.93893000000001"><ele>-0.6000000000000001</ele><time>2026-03-23T09:37:32Z</time></trkpt><trkpt lat="22.280809999999995" lon="113.93896000000001"><ele>-0.6000000000000001</ele><time>2026-03-23T09:37:36Z</time></trkpt><trkpt lat="22.280824999999997" lon="113.93897833333334"><ele>-1.0</ele><time>2026-03-23T09:37:38Z</time></trkpt><trkpt lat="22.280841666666667" lon="113.939005"><ele>-1.0</ele><time>2026-03-23T09:37:40Z</time></trkpt><trkpt lat="22.280858333333338" lon="113.93903666666665"><ele>-1.2000000000000002</ele><time>2026-03-23T09:37:42Z</time></trkpt><trkpt lat="22.280873333333336" lon="113.93905333333332"><ele>-1.6</ele><time>2026-03-23T09:37:43Z</time></trkpt><trkpt lat="22.280888333333337" lon="113.939065"><ele>-2.0</ele><time>2026-03-23T09:37:44Z</time></trkpt><trkpt lat="22.280905" lon="113.93909333333335"><ele>-2.1</ele><time>2026-03-23T09:37:47Z</time></trkpt><trkpt lat="22.280921666666668" lon="113.93911333333332"><ele>-2.3000000000000003</ele><time>2026-03-23T09:37:49Z</time></trkpt><trkpt lat="22.280933333333337" lon="113.93912833333334"><ele>-2.3000000000000003</ele><time>2026-03-23T09:37:51Z</time></trkpt><trkpt lat="22.28094833333334" lon="113.93914166666667"><ele>-0.7000000000000002</ele><time>2026-03-23T09:37:53Z</time></trkpt><trkpt lat="22.280958333333334" lon="113.93917166666667"><ele>0.0</ele><time>2026-03-23T09:37:55Z</time></trkpt><trkpt lat="22.280961666666666" lon="113.93919166666667"><ele>0.10000000000000009</ele><time>2026-03-23T09:37:56Z</time></trkpt><trkpt lat="22.280970000000003" lon="113.93921166666665"><ele>0.3999999999999999</ele><time>2026-03-23T09:37:57Z</time></trkpt><trkpt lat="22.280976666666668" lon="113.93923500000001"><ele>0.7999999999999998</ele><time>2026-03-23T09:37:59Z</time></trkpt><trkpt lat="22.280986666666664" lon="113.939265"><ele>1.1</ele><time>2026-03-23T09:38:02Z</time></trkpt><trkpt lat="22.28099333333333" lon="113.93928333333334"><ele>1.4</ele><time>2026-03-23T09:38:04Z</time></trkpt><trkpt lat="22.281006666666666" lon="113.939305"><ele>1.6</ele><time>2026-03-23T09:38:07Z</time></trkpt><trkpt lat="22.28102666666667" lon="113.939315"><ele>1.9</ele><time>2026-03-23T09:38:10Z</time></trkpt><trkpt lat="22.28103833333333" lon="113.93933"><ele>2.3000000000000003</ele><time>2026-03-23T09:38:12Z</time></trkpt><trkpt lat="22.281055" lon="113.93935333333333"><ele>2.8000000000000003</ele><time>2026-03-23T09:38:15Z</time></trkpt><trkpt lat="22.281075" lon="113.93936666666666"><ele>3.1999999999999997</ele><time>2026-03-23T09:38:20Z</time></trkpt><trkpt lat="22.28106833333333" lon="113.93941666666666"><ele>2.1999999999999997</ele><time>2026-03-23T09:38:26Z</time></trkpt><trkpt lat="22.281075" lon="113.93944166666667"><ele>1.6999999999999997</ele><time>2026-03-23T09:38:28Z</time></trkpt><trkpt lat="22.2811" lon="113.939455"><ele>0.2999999999999998</ele><time>2026-03-23T09:38:33Z</time></trkpt><trkpt lat="22.28111333333333" lon="113.93947333333332"><ele>-1.4000000000000001</ele><time>2026-03-23T09:38:37Z</time></trkpt><trkpt lat="22.28112" lon="113.93949333333333"><ele>-1.8</ele><time>2026-03-23T09:38:39Z</time></trkpt><trkpt lat="22.28112833333333" lon="113.93951666666665"><ele>-2.1</ele><time>2026-03-23T09:38:41Z</time></trkpt><trkpt lat="22.281115" lon="113.93954833333333"><ele>-2.9000000000000004</ele><time>2026-03-23T09:38:43Z</time></trkpt><trkpt lat="22.28112833333333" lon="113.93956666666666"><ele>-3.9000000000000004</ele><time>2026-03-23T09:38:47Z</time></trkpt><trkpt lat="22.281141666666667" lon="113.93958666666667"><ele>-4.800000000000001</ele><time>2026-03-23T09:38:49Z</time></trkpt><trkpt lat="22.281151666666666" lon="113.939605"><ele>-5.300000000000001</ele><time>2026-03-23T09:38:51Z</time></trkpt><trkpt lat="22.281166666666664" lon="113.939625"><ele>-6.300000000000001</ele><time>2026-03-23T09:38:53Z</time></trkpt><trkpt lat="22.281183333333335" lon="113.93964833333332"><ele>-6.9</ele><time>2026-03-23T09:38:56Z</time></trkpt><trkpt lat="22.281195000000004" lon="113.93966666666665"><ele>-7.4</ele><time>2026-03-23T09:39:00Z</time></trkpt><trkpt lat="22.281198333333336" lon="113.93968833333332"><ele>-7.800000000000001</ele><time>2026-03-23T09:39:04Z</time></trkpt><trkpt lat="22.281208333333332" lon="113.93971666666667"><ele>-7.5</ele><time>2026-03-23T09:39:06Z</time></trkpt><trkpt lat="22.28121666666667" lon="113.93973499999998"><ele>-7.300000000000001</ele><time>2026-03-23T09:39:07Z</time></trkpt><trkpt lat="22.281225000000003" lon="113.93975999999999"><ele>-7.5</ele><time>2026-03-23T09:39:10Z</time></trkpt><trkpt lat="22.281235" lon="113.93978"><ele>-7.300000000000001</ele><time>2026-03-23T09:39:11Z</time></trkpt><trkpt lat="22.281245" lon="113.939805"><ele>-7.1</ele><time>2026-03-23T09:39:13Z</time></trkpt><trkpt lat="22.28126166666667" lon="113.93982833333332"><ele>-7.199999999999999</ele><time>2026-03-23T09:39:16Z</time></trkpt><trkpt lat="22.28127833333333" lon="113.93986333333332"><ele>-7.0</ele><time>2026-03-23T09:39:19Z</time></trkpt><trkpt lat="22.28129" lon="113.93987999999999"><ele>-6.699999999999999</ele><time>2026-03-23T09:39:21Z</time></trkpt><trkpt lat="22.281303333333334" lon="113.93990666666666"><ele>-6.4</ele><time>2026-03-23T09:39:22Z</time></trkpt><trkpt lat="22.28132333333333" lon="113.93993666666665"><ele>-6.199999999999999</ele><time>2026-03-23T09:39:24Z</time></trkpt><trkpt lat="22.28134" lon="113.93995666666666"><ele>-6.4</ele><time>2026-03-23T09:39:26Z</time></trkpt><trkpt lat="22.281361666666665" lon="113.93997333333333"><ele>-6.4</ele><time>2026-03-23T09:39:27Z</time></trkpt><trkpt lat="22.28137333333333" lon="113.93998833333332"><ele>-7.5</ele><time>2026-03-23T09:39:31Z</time></trkpt><trkpt lat="22.28138666666667" lon="113.94001000000002"><ele>-8.3</ele><time>2026-03-23T09:39:34Z</time></trkpt><trkpt lat="22.281391666666664" lon="113.94003"><ele>-8.6</ele><time>2026-03-23T09:39:35Z</time></trkpt><trkpt lat="22.281405000000003" lon="113.94004333333332"><ele>-8.7</ele><time>2026-03-23T09:39:36Z</time></trkpt><trkpt lat="22.281411666666667" lon="113.94006166666668"><ele>-8.8</ele><time>2026-03-23T09:39:37Z</time></trkpt><trkpt lat="22.28143" lon="113.94007166666667"><ele>-8.1</ele><time>2026-03-23T09:39:38Z</time></trkpt><trkpt lat="22.28146" lon="113.94008000000001"><ele>-7.5</ele><time>2026-03-23T09:39:40Z</time></trkpt><trkpt lat="22.28149166666667" lon="113.94009166666667"><ele>-7.199999999999999</ele><time>2026-03-23T09:39:43Z</time></trkpt><trkpt lat="22.281511666666667" lon="113.940105"><ele>-7.6</ele><time>2026-03-23T09:39:46Z</time></trkpt><trkpt lat="22.28153166666667" lon="113.94011166666665"><ele>-7.800000000000001</ele><time>2026-03-23T09:39:47Z</time></trkpt><trkpt lat="22.281556666666667" lon="113.94013166666667"><ele>-7.300000000000001</ele><time>2026-03-23T09:39:49Z</time></trkpt><trkpt lat="22.281570000000002" lon="113.94014666666665"><ele>-7.1</ele><time>2026-03-23T09:39:51Z</time></trkpt><trkpt lat="22.281595" lon="113.94015666666668"><ele>-7.0</ele><time>2026-03-23T09:39:53Z</time></trkpt><trkpt lat="22.28162166666667" lon="113.94016333333333"><ele>-7.0</ele><time>2026-03-23T09:39:55Z</time></trkpt><trkpt lat="22.28163833333333" lon="113.940195"><ele>-7.1</ele><time>2026-03-23T09:39:57Z</time></trkpt><trkpt lat="22.281658333333333" lon="113.94020333333334"><ele>-6.800000000000001</ele><time>2026-03-23T09:39:59Z</time></trkpt><trkpt lat="22.281681666666667" lon="113.94022500000001"><ele>-7.0</ele><time>2026-03-23T09:40:01Z</time></trkpt><trkpt lat="22.2817" lon="113.94024333333333"><ele>-7.6</ele><time>2026-03-23T09:40:03Z</time></trkpt><trkpt lat="22.281709999999997" lon="113.94027"><ele>-8.9</ele><time>2026-03-23T09:40:07Z</time></trkpt><trkpt lat="22.281726666666668" lon="113.94028666666667"><ele>-9.6</ele><time>2026-03-23T09:40:10Z</time></trkpt><trkpt lat="22.281753333333334" lon="113.94029166666665"><ele>-10.1</ele><time>2026-03-23T09:40:13Z</time></trkpt><trkpt lat="22.281771666666668" lon="113.940295"><ele>-10.5</ele><time>2026-03-23T09:40:15Z</time></trkpt><trkpt lat="22.281798333333334" lon="113.940295"><ele>-10.6</ele><time>2026-03-23T09:40:16Z</time></trkpt><trkpt lat="22.28182" lon="113.940295"><ele>-10.5</ele><time>2026-03-23T09:40:17Z</time></trkpt><trkpt lat="22.281836666666663" lon="113.940305"><ele>-10.5</ele><time>2026-03-23T09:40:18Z</time></trkpt><trkpt lat="22.281861666666668" lon="113.940325"><ele>-10.1</ele><time>2026-03-23T09:40:20Z</time></trkpt><trkpt lat="22.28187666666667" lon="113.94034000000002"><ele>-9.9</ele><time>2026-03-23T09:40:22Z</time></trkpt><trkpt lat="22.281893333333333" lon="113.94034833333332"><ele>-9.8</ele><time>2026-03-23T09:40:24Z</time></trkpt><trkpt lat="22.28191" lon="113.94036333333334"><ele>-9.4</ele><time>2026-03-23T09:40:26Z</time></trkpt><trkpt lat="22.281926666666664" lon="113.94038"><ele>-8.8</ele><time>2026-03-23T09:40:29Z</time></trkpt><trkpt lat="22.281938333333333" lon="113.94039666666667"><ele>-8.3</ele><time>2026-03-23T09:40:31Z</time></trkpt><trkpt lat="22.281956666666662" lon="113.94041666666665"><ele>-7.5</ele><time>2026-03-23T09:40:33Z</time></trkpt><trkpt lat="22.281973333333333" lon="113.94043000000002"><ele>-7.1</ele><time>2026-03-23T09:40:34Z</time></trkpt><trkpt lat="22.281990000000004" lon="113.94044000000001"><ele>-6.5</ele><time>2026-03-23T09:40:36Z</time></trkpt><trkpt lat="22.28201166666667" lon="113.94046166666666"><ele>-5.2</ele><time>2026-03-23T09:40:39Z</time></trkpt><trkpt lat="22.282033333333334" lon="113.94048"><ele>-4.6</ele><time>2026-03-23T09:40:42Z</time></trkpt><trkpt lat="22.282055" lon="113.94049666666666"><ele>-3.8</ele><time>2026-03-23T09:40:44Z</time></trkpt><trkpt lat="22.282076666666665" lon="113.94051166666668"><ele>-3.2</ele><time>2026-03-23T09:40:46Z</time></trkpt><trkpt lat="22.282094999999995" lon="113.94053000000001"><ele>-3.0</ele><time>2026-03-23T09:40:49Z</time></trkpt><trkpt lat="22.282108333333333" lon="113.94054666666668"><ele>-2.8</ele><time>2026-03-23T09:40:51Z</time></trkpt><trkpt lat="22.28213" lon="113.94056333333334"><ele>-2.4</ele><time>2026-03-23T09:40:54Z</time></trkpt><trkpt lat="22.282143333333337" lon="113.94057666666667"><ele>-1.8</ele><time>2026-03-23T09:40:56Z</time></trkpt><trkpt lat="22.28216166666667" lon="113.94059166666666"><ele>-1.5</ele><time>2026-03-23T09:40:58Z</time></trkpt><trkpt lat="22.282175" lon="113.94060666666668"><ele>-1.2000000000000002</ele><time>2026-03-23T09:41:01Z</time></trkpt><trkpt lat="22.282195" lon="113.94063"><ele>-0.9000000000000001</ele><time>2026-03-23T09:41:04Z</time></trkpt><trkpt lat="22.282214999999997" lon="113.94065"><ele>-0.6000000000000001</ele><time>2026-03-23T09:41:06Z</time></trkpt><trkpt lat="22.282235" lon="113.94066666666667"><ele>0.0</ele><time>2026-03-23T09:41:09Z</time></trkpt><trkpt lat="22.28225166666667" lon="113.94068999999999"><ele>-0.10000000000000009</ele><time>2026-03-23T09:41:11Z</time></trkpt><trkpt lat="22.28226833333333" lon="113.94069833333333"><ele>-0.20000000000000018</ele><time>2026-03-23T09:41:14Z</time></trkpt><trkpt lat="22.282286666666664" lon="113.94071166666666"><ele>-0.20000000000000018</ele><time>2026-03-23T09:41:16Z</time></trkpt><trkpt lat="22.28231166666667" lon="113.94072333333334"><ele>0.0</ele><time>2026-03-23T09:41:19Z</time></trkpt><trkpt lat="22.282334999999996" lon="113.94073666666667"><ele>0.19999999999999973</ele><time>2026-03-23T09:41:21Z</time></trkpt><trkpt lat="22.282353333333337" lon="113.94074833333335"><ele>0.3999999999999999</ele><time>2026-03-23T09:41:23Z</time></trkpt><trkpt lat="22.282368333333338" lon="113.94076500000001"><ele>0.6000000000000001</ele><time>2026-03-23T09:41:25Z</time></trkpt><trkpt lat="22.282378333333334" lon="113.94078833333333"><ele>0.6000000000000001</ele><time>2026-03-23T09:41:27Z</time></trkpt><trkpt lat="22.282393333333335" lon="113.94081166666668"><ele>0.6000000000000001</ele><time>2026-03-23T09:41:30Z</time></trkpt><trkpt lat="22.282405" lon="113.94082833333331"><ele>0.7999999999999998</ele><time>2026-03-23T09:41:32Z</time></trkpt><trkpt lat="22.28241666666667" lon="113.94084833333334"><ele>1.1</ele><time>2026-03-23T09:41:34Z</time></trkpt><trkpt lat="22.282435000000003" lon="113.94085833333332"><ele>1.4</ele><time>2026-03-23T09:41:36Z</time></trkpt><trkpt lat="22.282453333333333" lon="113.94086166666666"><ele>1.6</ele><time>2026-03-23T09:41:38Z</time></trkpt><trkpt lat="22.28247666666667" lon="113.94087166666668"><ele>1.7999999999999998</ele><time>2026-03-23T09:41:40Z</time></trkpt><trkpt lat="22.282495" lon="113.94088333333333"><ele>2.1999999999999997</ele><time>2026-03-23T09:41:42Z</time></trkpt><trkpt lat="22.282514999999997" lon="113.94089000000001"><ele>2.4999999999999996</ele><time>2026-03-23T09:41:44Z</time></trkpt><trkpt lat="22.28253666666667" lon="113.94090333333334"><ele>2.8000000000000003</ele><time>2026-03-23T09:41:47Z</time></trkpt><trkpt lat="22.282556666666665" lon="113.94091666666667"><ele>2.8000000000000003</ele><time>2026-03-23T09:41:49Z</time></trkpt><trkpt lat="22.282574999999998" lon="113.94092"><ele>2.9999999999999996</ele><time>2026-03-23T09:41:50Z</time></trkpt><trkpt lat="22.282588333333333" lon="113.94093333333333"><ele>2.9</ele><time>2026-03-23T09:41:52Z</time></trkpt><trkpt lat="22.282603333333334" lon="113.94095333333334"><ele>3.1</ele><time>2026-03-23T09:41:54Z</time></trkpt><trkpt lat="22.282625" lon="113.94097166666667"><ele>3.3000000000000003</ele><time>2026-03-23T09:41:57Z</time></trkpt><trkpt lat="22.28264166666667" lon="113.94098166666666"><ele>3.6999999999999997</ele><time>2026-03-23T09:41:59Z</time></trkpt><trkpt lat="22.28266833333333" lon="113.94098833333334"><ele>3.9999999999999996</ele><time>2026-03-23T09:42:01Z</time></trkpt><trkpt lat="22.282691666666665" lon="113.94099166666668"><ele>4.5</ele><time>2026-03-23T09:42:04Z</time></trkpt><trkpt lat="22.282708333333336" lon="113.94099999999999"><ele>4.9</ele><time>2026-03-23T09:42:06Z</time></trkpt><trkpt lat="22.282721666666664" lon="113.94101333333334"><ele>5.4</ele><time>2026-03-23T09:42:08Z</time></trkpt><trkpt lat="22.282739999999997" lon="113.94101833333335"><ele>5.5</ele><time>2026-03-23T09:42:10Z</time></trkpt><trkpt lat="22.282756666666668" lon="113.94102833333334"><ele>5.6</ele><time>2026-03-23T09:42:12Z</time></trkpt><trkpt lat="22.28277666666667" lon="113.94104166666666"><ele>5.800000000000001</ele><time>2026-03-23T09:42:14Z</time></trkpt><trkpt lat="22.282796666666666" lon="113.94103333333332"><ele>6.0</ele><time>2026-03-23T09:42:16Z</time></trkpt><trkpt lat="22.28282" lon="113.94103666666666"><ele>6.200000000000001</ele><time>2026-03-23T09:42:18Z</time></trkpt><trkpt lat="22.282845" lon="113.94105166666668"><ele>6.200000000000001</ele><time>2026-03-23T09:42:20Z</time></trkpt><trkpt lat="22.282856666666664" lon="113.94107166666666"><ele>6.5</ele><time>2026-03-23T09:42:22Z</time></trkpt><trkpt lat="22.282873333333335" lon="113.941095"><ele>7.0</ele><time>2026-03-23T09:42:26Z</time></trkpt><trkpt lat="22.28289666666667" lon="113.94110500000001"><ele>7.4</ele><time>2026-03-23T09:42:29Z</time></trkpt><trkpt lat="22.282918333333335" lon="113.94113166666666"><ele>7.5</ele><time>2026-03-23T09:42:32Z</time></trkpt><trkpt lat="22.282931666666666" lon="113.94114499999999"><ele>7.700000000000001</ele><time>2026-03-23T09:42:33Z</time></trkpt><trkpt lat="22.282948333333334" lon="113.94116333333335"><ele>7.9</ele><time>2026-03-23T09:42:35Z</time></trkpt><trkpt lat="22.28297" lon="113.94117166666668"><ele>8.3</ele><time>2026-03-23T09:42:37Z</time></trkpt><trkpt lat="22.282993333333334" lon="113.94117833333333"><ele>8.700000000000001</ele><time>2026-03-23T09:42:39Z</time></trkpt><trkpt lat="22.283018333333334" lon="113.94118166666667"><ele>9.200000000000001</ele><time>2026-03-23T09:42:41Z</time></trkpt><trkpt lat="22.283039999999996" lon="113.94119"><ele>9.5</ele><time>2026-03-23T09:42:43Z</time></trkpt><trkpt lat="22.283065000000004" lon="113.94120166666669"><ele>9.6</ele><time>2026-03-23T09:42:45Z</time></trkpt><trkpt lat="22.283081666666664" lon="113.94121333333332"><ele>9.8</ele><time>2026-03-23T09:42:47Z</time></trkpt><trkpt lat="22.283105" lon="113.94121833333332"><ele>9.9</ele><time>2026-03-23T09:42:49Z</time></trkpt><trkpt lat="22.283123333333332" lon="113.94122666666665"><ele>10.3</ele><time>2026-03-23T09:42:50Z</time></trkpt><trkpt lat="22.283140000000003" lon="113.94123499999999"><ele>10.5</ele><time>2026-03-23T09:42:52Z</time></trkpt><trkpt lat="22.283155000000004" lon="113.94125333333335"><ele>10.5</ele><time>2026-03-23T09:42:55Z</time></trkpt><trkpt lat="22.283170000000002" lon="113.941275"><ele>10.4</ele><time>2026-03-23T09:42:57Z</time></trkpt><trkpt lat="22.283189999999998" lon="113.94129166666669"><ele>10.3</ele><time>2026-03-23T09:42:59Z</time></trkpt><trkpt lat="22.28319666666666" lon="113.94131166666666"><ele>10.1</ele><time>2026-03-23T09:43:01Z</time></trkpt><trkpt lat="22.28320833333333" lon="113.94132833333333"><ele>10.0</ele><time>2026-03-23T09:43:03Z</time></trkpt><trkpt lat="22.283223333333332" lon="113.94134166666666"><ele>10.0</ele><time>2026-03-23T09:43:05Z</time></trkpt><trkpt lat="22.283248333333336" lon="113.94135833333333"><ele>10.6</ele><time>2026-03-23T09:43:07Z</time></trkpt><trkpt lat="22.283285" lon="113.94137166666665"><ele>11.3</ele><time>2026-03-23T09:43:09Z</time></trkpt><trkpt lat="22.283305000000002" lon="113.94137333333335"><ele>11.6</ele><time>2026-03-23T09:43:11Z</time></trkpt><trkpt lat="22.28333" lon="113.94137666666666"><ele>12.3</ele><time>2026-03-23T09:43:14Z</time></trkpt><trkpt lat="22.283351666666665" lon="113.94138"><ele>12.6</ele><time>2026-03-23T09:43:16Z</time></trkpt><trkpt lat="22.283376666666662" lon="113.94137500000001"><ele>13.0</ele><time>2026-03-23T09:43:18Z</time></trkpt><trkpt lat="22.283395000000002" lon="113.941385"><ele>13.6</ele><time>2026-03-23T09:43:21Z</time></trkpt><trkpt lat="22.283423333333335" lon="113.94138833333334"><ele>14.500000000000002</ele><time>2026-03-23T09:43:24Z</time></trkpt><trkpt lat="22.283448333333332" lon="113.94139833333332"><ele>15.1</ele><time>2026-03-23T09:43:26Z</time></trkpt><trkpt lat="22.283461666666668" lon="113.94141333333333"><ele>15.799999999999999</ele><time>2026-03-23T09:43:28Z</time></trkpt><trkpt lat="22.283485000000002" lon="113.94142166666667"><ele>16.4</ele><time>2026-03-23T09:43:30Z</time></trkpt><trkpt lat="22.28350833333333" lon="113.941435"><ele>16.9</ele><time>2026-03-23T09:43:33Z</time></trkpt><trkpt lat="22.283531666666665" lon="113.94144499999999"><ele>16.9</ele><time>2026-03-23T09:43:35Z</time></trkpt><trkpt lat="22.283548333333336" lon="113.94145833333332"><ele>17.0</ele><time>2026-03-23T09:43:37Z</time></trkpt><trkpt lat="22.28356666666667" lon="113.94146833333335"><ele>17.599999999999998</ele><time>2026-03-23T09:43:39Z</time></trkpt><trkpt lat="22.283593333333336" lon="113.94148666666666"><ele>18.2</ele><time>2026-03-23T09:43:42Z</time></trkpt><trkpt lat="22.283606666666667" lon="113.94150499999999"><ele>18.599999999999998</ele><time>2026-03-23T09:43:44Z</time></trkpt><trkpt lat="22.28362666666667" lon="113.94151833333332"><ele>18.9</ele><time>2026-03-23T09:43:46Z</time></trkpt><trkpt lat="22.283646666666662" lon="113.94153166666668"><ele>19.599999999999998</ele><time>2026-03-23T09:43:48Z</time></trkpt><trkpt lat="22.28366" lon="113.94155"><ele>19.9</ele><time>2026-03-23T09:43:50Z</time></trkpt><trkpt lat="22.283669999999997" lon="113.94158666666665"><ele>20.2</ele><time>2026-03-23T09:43:52Z</time></trkpt><trkpt lat="22.283683333333336" lon="113.94160833333332"><ele>20.4</ele><time>2026-03-23T09:43:54Z</time></trkpt><trkpt lat="22.283708333333333" lon="113.94162666666668"><ele>20.799999999999997</ele><time>2026-03-23T09:43:56Z</time></trkpt><trkpt lat="22.283724999999997" lon="113.94164166666665"><ele>21.099999999999998</ele><time>2026-03-23T09:43:58Z</time></trkpt><trkpt lat="22.283741666666668" lon="113.94165"><ele>21.099999999999998</ele><time>2026-03-23T09:44:00Z</time></trkpt><trkpt lat="22.283759999999997" lon="113.94166333333332"><ele>21.5</ele><time>2026-03-23T09:44:02Z</time></trkpt><trkpt lat="22.28377833333333" lon="113.94167666666665"><ele>21.5</ele><time>2026-03-23T09:44:05Z</time></trkpt><trkpt lat="22.283796666666664" lon="113.94168999999998"><ele>21.5</ele><time>2026-03-23T09:44:07Z</time></trkpt><trkpt lat="22.283814999999997" lon="113.94170000000001"><ele>21.299999999999997</ele><time>2026-03-23T09:44:09Z</time></trkpt><trkpt lat="22.283821666666668" lon="113.94171999999999"><ele>20.799999999999997</ele><time>2026-03-23T09:44:11Z</time></trkpt><trkpt lat="22.283828333333336" lon="113.94174666666667"><ele>20.7</ele><time>2026-03-23T09:44:13Z</time></trkpt><trkpt lat="22.283833333333337" lon="113.94176999999999"><ele>21.099999999999998</ele><time>2026-03-23T09:44:15Z</time></trkpt><trkpt lat="22.283843333333333" lon="113.941795"><ele>21.9</ele><time>2026-03-23T09:44:17Z</time></trkpt><trkpt lat="22.283853333333333" lon="113.94182"><ele>22.9</ele><time>2026-03-23T09:44:20Z</time></trkpt><trkpt lat="22.283858333333335" lon="113.94184333333332"><ele>23.0</ele><time>2026-03-23T09:44:22Z</time></trkpt><trkpt lat="22.283856666666665" lon="113.94186499999999"><ele>23.099999999999998</ele><time>2026-03-23T09:44:24Z</time></trkpt><trkpt lat="22.28386666666667" lon="113.94189166666665"><ele>22.7</ele><time>2026-03-23T09:44:27Z</time></trkpt><trkpt lat="22.28388166666667" lon="113.94191166666666"><ele>21.5</ele><time>2026-03-23T09:44:30Z</time></trkpt><trkpt lat="22.283898333333333" lon="113.94193166666668"><ele>21.299999999999997</ele><time>2026-03-23T09:44:32Z</time></trkpt><trkpt lat="22.283915" lon="113.94194166666666"><ele>21.099999999999998</ele><time>2026-03-23T09:44:34Z</time></trkpt><trkpt lat="22.283928333333332" lon="113.94196833333332"><ele>20.9</ele><time>2026-03-23T09:44:37Z</time></trkpt><trkpt lat="22.283938333333335" lon="113.94198499999999"><ele>20.599999999999998</ele><time>2026-03-23T09:44:39Z</time></trkpt><trkpt lat="22.283955" lon="113.94200166666666"><ele>20.299999999999997</ele><time>2026-03-23T09:44:42Z</time></trkpt><trkpt lat="22.283975" lon="113.94202333333332"><ele>19.799999999999997</ele><time>2026-03-23T09:44:45Z</time></trkpt><trkpt lat="22.283993333333335" lon="113.94204333333333"><ele>19.4</ele><time>2026-03-23T09:44:47Z</time></trkpt><trkpt lat="22.284013333333338" lon="113.94206166666666"><ele>19.099999999999998</ele><time>2026-03-23T09:44:51Z</time></trkpt><trkpt lat="22.284029999999998" lon="113.94207333333334"><ele>19.099999999999998</ele><time>2026-03-23T09:44:53Z</time></trkpt><trkpt lat="22.28404666666667" lon="113.94209000000001"><ele>18.799999999999997</ele><time>2026-03-23T09:44:55Z</time></trkpt><trkpt lat="22.284058333333338" lon="113.94211333333332"><ele>18.5</ele><time>2026-03-23T09:44:57Z</time></trkpt><trkpt lat="22.284081666666665" lon="113.94212833333334"><ele>18.2</ele><time>2026-03-23T09:45:00Z</time></trkpt><trkpt lat="22.2841" lon="113.94214666666667"><ele>18.2</ele><time>2026-03-23T09:45:02Z</time></trkpt><trkpt lat="22.28411833333333" lon="113.94215333333335"><ele>18.4</ele><time>2026-03-23T09:45:04Z</time></trkpt><trkpt lat="22.28413833333333" lon="113.94216333333334"><ele>18.4</ele><time>2026-03-23T09:45:06Z</time></trkpt><trkpt lat="22.28434333333333" lon="113.94233000000001"><ele>21.5</ele><time>2026-03-23T09:45:37.231Z</time></trkpt><trkpt lat="22.284353333333335" lon="113.94234666666668"><ele>22.4</ele><time>2026-03-23T09:45:42Z</time></trkpt><trkpt lat="22.284375" lon="113.94235333333333"><ele>22.599999999999998</ele><time>2026-03-23T09:45:45Z</time></trkpt><trkpt lat="22.284393333333334" lon="113.94235666666667"><ele>22.7</ele><time>2026-03-23T09:45:47Z</time></trkpt><trkpt lat="22.28440666666667" lon="113.94237666666668"><ele>22.5</ele><time>2026-03-23T09:45:49Z</time></trkpt><trkpt lat="22.284426666666665" lon="113.942395"><ele>22.299999999999997</ele><time>2026-03-23T09:45:51Z</time></trkpt><trkpt lat="22.28445166666667" lon="113.94240999999998"><ele>22.4</ele><time>2026-03-23T09:45:53Z</time></trkpt><trkpt lat="22.284473333333334" lon="113.94243333333334"><ele>22.299999999999997</ele><time>2026-03-23T09:45:55Z</time></trkpt><trkpt lat="22.284485000000004" lon="113.94245166666666"><ele>22.0</ele><time>2026-03-23T09:45:57Z</time></trkpt><trkpt lat="22.28451166666667" lon="113.94246666666668"><ele>21.099999999999998</ele><time>2026-03-23T09:46:00Z</time></trkpt><trkpt lat="22.28451166666667" lon="113.94248666666665"><ele>20.7</ele><time>2026-03-23T09:46:02Z</time></trkpt><trkpt lat="22.284521666666667" lon="113.94250500000001"><ele>20.099999999999998</ele><time>2026-03-23T09:46:04Z</time></trkpt><trkpt lat="22.28454" lon="113.94251833333334"><ele>18.9</ele><time>2026-03-23T09:46:07Z</time></trkpt><trkpt lat="22.284563333333335" lon="113.94252166666665"><ele>18.099999999999998</ele><time>2026-03-23T09:46:09Z</time></trkpt><trkpt lat="22.28458333333333" lon="113.94253333333333"><ele>17.599999999999998</ele><time>2026-03-23T09:46:11Z</time></trkpt><trkpt lat="22.284605000000003" lon="113.94253333333333"><ele>17.299999999999997</ele><time>2026-03-23T09:46:13Z</time></trkpt><trkpt lat="22.28462833333333" lon="113.94253666666667"><ele>17.099999999999998</ele><time>2026-03-23T09:46:15Z</time></trkpt><trkpt lat="22.284651666666665" lon="113.94252666666668"><ele>17.0</ele><time>2026-03-23T09:46:17Z</time></trkpt><trkpt lat="22.28467" lon="113.942515"><ele>16.7</ele><time>2026-03-23T09:46:19Z</time></trkpt><trkpt lat="22.284681666666664" lon="113.94249999999998"><ele>16.4</ele><time>2026-03-23T09:46:21Z</time></trkpt><trkpt lat="22.28470666666666" lon="113.94248666666665"><ele>16.299999999999997</ele><time>2026-03-23T09:46:24Z</time></trkpt><trkpt lat="22.284728333333337" lon="113.94247500000002"><ele>16.299999999999997</ele><time>2026-03-23T09:46:27Z</time></trkpt><trkpt lat="22.284743333333335" lon="113.94245333333335"><ele>16.099999999999998</ele><time>2026-03-23T09:46:30Z</time></trkpt><trkpt lat="22.284755000000004" lon="113.94243499999999"><ele>16.0</ele><time>2026-03-23T09:46:34Z</time></trkpt><trkpt lat="22.284758333333336" lon="113.94240833333333"><ele>16.4</ele><time>2026-03-23T09:46:40Z</time></trkpt><trkpt lat="22.284768333333332" lon="113.94238500000002"><ele>16.5</ele><time>2026-03-23T09:46:42Z</time></trkpt><trkpt lat="22.284786666666665" lon="113.94236333333335"><ele>16.5</ele><time>2026-03-23T09:46:44Z</time></trkpt><trkpt lat="22.285474999999998" lon="113.94253666666667"><ele>20.4</ele><time>2026-03-23T09:47:41Z</time></trkpt><trkpt lat="22.285500000000003" lon="113.94253333333333"><ele>20.4</ele><time>2026-03-23T09:47:42Z</time></trkpt><trkpt lat="22.285398333333333" lon="113.94247333333333"><ele>18.599999999999998</ele><time>2026-03-23T09:47:43Z</time></trkpt><trkpt lat="22.285433333333337" lon="113.94246999999999"><ele>18.299999999999997</ele><time>2026-03-23T09:47:44Z</time></trkpt><trkpt lat="22.285453333333333" lon="113.94246166666666"><ele>17.0</ele><time>2026-03-23T09:47:49Z</time></trkpt><trkpt lat="22.28547" lon="113.94245333333335"><ele>16.9</ele><time>2026-03-23T09:47:51Z</time></trkpt><trkpt lat="22.285489999999996" lon="113.94244833333332"><ele>17.5</ele><time>2026-03-23T09:47:54Z</time></trkpt><trkpt lat="22.285508333333336" lon="113.94244166666667"><ele>17.4</ele><time>2026-03-23T09:47:57Z</time></trkpt><trkpt lat="22.285531666666664" lon="113.94242666666666"><ele>17.0</ele><time>2026-03-23T09:48:00Z</time></trkpt><trkpt lat="22.285553333333336" lon="113.94240833333333"><ele>16.7</ele><time>2026-03-23T09:48:03Z</time></trkpt><trkpt lat="22.285565" lon="113.94239333333334"><ele>16.4</ele><time>2026-03-23T09:48:05Z</time></trkpt><trkpt lat="22.285581666666666" lon="113.94237833333334"><ele>15.700000000000001</ele><time>2026-03-23T09:48:07Z</time></trkpt><trkpt lat="22.285594999999997" lon="113.94235833333332"><ele>15.500000000000002</ele><time>2026-03-23T09:48:09Z</time></trkpt><trkpt lat="22.285608333333336" lon="113.94234333333334"><ele>15.200000000000001</ele><time>2026-03-23T09:48:11Z</time></trkpt><trkpt lat="22.28562" lon="113.94232333333333"><ele>14.799999999999999</ele><time>2026-03-23T09:48:14Z</time></trkpt><trkpt lat="22.285636666666665" lon="113.94230999999999"><ele>14.6</ele><time>2026-03-23T09:48:16Z</time></trkpt><trkpt lat="22.28565" lon="113.94228999999999"><ele>14.4</ele><time>2026-03-23T09:48:19Z</time></trkpt><trkpt lat="22.285669999999996" lon="113.94227000000001"><ele>14.4</ele><time>2026-03-23T09:48:21Z</time></trkpt><trkpt lat="22.28568833333333" lon="113.94225333333334"><ele>14.4</ele><time>2026-03-23T09:48:23Z</time></trkpt><trkpt lat="22.28571" lon="113.94224000000001"><ele>14.4</ele><time>2026-03-23T09:48:25Z</time></trkpt><trkpt lat="22.285731666666667" lon="113.94222833333333"><ele>14.4</ele><time>2026-03-23T09:48:27Z</time></trkpt><trkpt lat="22.28575166666667" lon="113.942215"><ele>14.200000000000001</ele><time>2026-03-23T09:48:30Z</time></trkpt><trkpt lat="22.285770000000003" lon="113.94219999999999"><ele>14.299999999999999</ele><time>2026-03-23T09:48:33Z</time></trkpt><trkpt lat="22.285788333333336" lon="113.94218166666666"><ele>14.1</ele><time>2026-03-23T09:48:35Z</time></trkpt><trkpt lat="22.285801666666664" lon="113.942155"><ele>13.9</ele><time>2026-03-23T09:48:37Z</time></trkpt><trkpt lat="22.28581166666667" lon="113.94212666666665"><ele>13.8</ele><time>2026-03-23T09:48:40Z</time></trkpt><trkpt lat="22.28582333333333" lon="113.94210333333334"><ele>13.8</ele><time>2026-03-23T09:48:42Z</time></trkpt><trkpt lat="22.28584" lon="113.94207833333333"><ele>13.8</ele><time>2026-03-23T09:48:44Z</time></trkpt><trkpt lat="22.28585666666667" lon="113.94205333333333"><ele>13.8</ele><time>2026-03-23T09:48:46Z</time></trkpt><trkpt lat="22.28587166666667" lon="113.94203166666667"><ele>13.700000000000001</ele><time>2026-03-23T09:48:49Z</time></trkpt><trkpt lat="22.285890000000002" lon="113.94201333333334"><ele>13.8</ele><time>2026-03-23T09:48:52Z</time></trkpt><trkpt lat="22.285905000000003" lon="113.94200000000001"><ele>13.8</ele><time>2026-03-23T09:48:54Z</time></trkpt><trkpt lat="22.285925" lon="113.94198499999999"><ele>13.8</ele><time>2026-03-23T09:48:56Z</time></trkpt><trkpt lat="22.285939999999997" lon="113.94197166666666"><ele>13.700000000000001</ele><time>2026-03-23T09:48:58Z</time></trkpt><trkpt lat="22.285956666666667" lon="113.94195666666668"><ele>13.700000000000001</ele><time>2026-03-23T09:49:00Z</time></trkpt><trkpt lat="22.285975" lon="113.94193833333333"><ele>13.700000000000001</ele><time>2026-03-23T09:49:02Z</time></trkpt><trkpt lat="22.285993333333334" lon="113.94191666666666"><ele>13.700000000000001</ele><time>2026-03-23T09:49:04Z</time></trkpt><trkpt lat="22.28601" lon="113.94189666666668"><ele>13.8</ele><time>2026-03-23T09:49:06Z</time></trkpt><trkpt lat="22.286026666666665" lon="113.94188333333335"><ele>13.9</ele><time>2026-03-23T09:49:08Z</time></trkpt><trkpt lat="22.286043333333335" lon="113.94186666666668"><ele>13.700000000000001</ele><time>2026-03-23T09:49:10Z</time></trkpt><trkpt lat="22.28606166666667" lon="113.94185"><ele>13.8</ele><time>2026-03-23T09:49:12Z</time></trkpt><trkpt lat="22.286083333333334" lon="113.94183166666666"><ele>13.9</ele><time>2026-03-23T09:49:14Z</time></trkpt><trkpt lat="22.28609833333333" lon="113.941815"><ele>13.9</ele><time>2026-03-23T09:49:16Z</time></trkpt><trkpt lat="22.28611166666667" lon="113.9418"><ele>13.8</ele><time>2026-03-23T09:49:18Z</time></trkpt><trkpt lat="22.28612666666667" lon="113.94177666666668"><ele>13.700000000000001</ele><time>2026-03-23T09:49:21Z</time></trkpt><trkpt lat="22.286145" lon="113.94176"><ele>13.5</ele><time>2026-03-23T09:49:24Z</time></trkpt><trkpt lat="22.286160000000002" lon="113.94174833333334"><ele>13.4</ele><time>2026-03-23T09:49:26Z</time></trkpt><trkpt lat="22.286173333333334" lon="113.94173500000001"><ele>13.5</ele><time>2026-03-23T09:49:28Z</time></trkpt><trkpt lat="22.286191666666664" lon="113.941725"><ele>13.6</ele><time>2026-03-23T09:49:30Z</time></trkpt><trkpt lat="22.286209999999997" lon="113.94170666666666"><ele>13.700000000000001</ele><time>2026-03-23T09:49:32Z</time></trkpt><trkpt lat="22.28623" lon="113.94168999999998"><ele>14.000000000000002</ele><time>2026-03-23T09:49:34Z</time></trkpt><trkpt lat="22.286248333333333" lon="113.94167166666666"><ele>13.9</ele><time>2026-03-23T09:49:36Z</time></trkpt><trkpt lat="22.286276666666662" lon="113.94165333333333"><ele>13.9</ele><time>2026-03-23T09:49:38Z</time></trkpt><trkpt lat="22.286296666666665" lon="113.94164"><ele>13.9</ele><time>2026-03-23T09:49:40Z</time></trkpt><trkpt lat="22.286311666666666" lon="113.94162333333334"><ele>13.8</ele><time>2026-03-23T09:49:42Z</time></trkpt><trkpt lat="22.286328333333337" lon="113.94160666666667"><ele>13.8</ele><time>2026-03-23T09:49:44Z</time></trkpt><trkpt lat="22.286344999999997" lon="113.94158833333334"><ele>13.9</ele><time>2026-03-23T09:49:46Z</time></trkpt><trkpt lat="22.286361666666668" lon="113.94157166666668"><ele>13.9</ele><time>2026-03-23T09:49:48Z</time></trkpt><trkpt lat="22.28637833333333" lon="113.94155333333335"><ele>13.700000000000001</ele><time>2026-03-23T09:49:50Z</time></trkpt><trkpt lat="22.286395000000002" lon="113.94153999999999"><ele>13.6</ele><time>2026-03-23T09:49:52Z</time></trkpt><trkpt lat="22.28641" lon="113.94152333333335"><ele>13.6</ele><time>2026-03-23T09:49:54Z</time></trkpt><trkpt lat="22.28642333333333" lon="113.94150833333333"><ele>13.700000000000001</ele><time>2026-03-23T09:49:56Z</time></trkpt><trkpt lat="22.28643833333333" lon="113.941495"><ele>13.9</ele><time>2026-03-23T09:49:58Z</time></trkpt><trkpt lat="22.286451666666668" lon="113.94147833333334"><ele>13.9</ele><time>2026-03-23T09:50:00Z</time></trkpt><trkpt lat="22.286463333333337" lon="113.94146333333335"><ele>14.1</ele><time>2026-03-23T09:50:02Z</time></trkpt><trkpt lat="22.286475000000003" lon="113.94144833333333"><ele>14.200000000000001</ele><time>2026-03-23T09:50:04Z</time></trkpt><trkpt lat="22.286490000000004" lon="113.94143333333335"><ele>14.299999999999999</ele><time>2026-03-23T09:50:06Z</time></trkpt><trkpt lat="22.286505000000002" lon="113.94141999999998"><ele>14.500000000000002</ele><time>2026-03-23T09:50:08Z</time></trkpt><trkpt lat="22.286518333333333" lon="113.941405"><ele>14.6</ele><time>2026-03-23T09:50:10Z</time></trkpt><trkpt lat="22.286531666666665" lon="113.94139166666668"><ele>14.700000000000001</ele><time>2026-03-23T09:50:12Z</time></trkpt><trkpt lat="22.286548333333332" lon="113.94138"><ele>14.700000000000001</ele><time>2026-03-23T09:50:14Z</time></trkpt><trkpt lat="22.286563333333334" lon="113.94136666666667"><ele>15.000000000000002</ele><time>2026-03-23T09:50:16Z</time></trkpt><trkpt lat="22.286581666666667" lon="113.94135166666668"><ele>15.299999999999999</ele><time>2026-03-23T09:50:18Z</time></trkpt><trkpt lat="22.286596666666664" lon="113.94133500000001"><ele>15.6</ele><time>2026-03-23T09:50:20Z</time></trkpt><trkpt lat="22.286613333333335" lon="113.94131999999999"><ele>16.0</ele><time>2026-03-23T09:50:22Z</time></trkpt><trkpt lat="22.286628333333336" lon="113.94130666666666"><ele>16.4</ele><time>2026-03-23T09:50:24Z</time></trkpt><trkpt lat="22.286645" lon="113.94129166666669"><ele>16.7</ele><time>2026-03-23T09:50:26Z</time></trkpt><trkpt lat="22.286659999999998" lon="113.941275"><ele>17.099999999999998</ele><time>2026-03-23T09:50:28Z</time></trkpt><trkpt lat="22.28667666666667" lon="113.94126"><ele>17.599999999999998</ele><time>2026-03-23T09:50:30Z</time></trkpt><trkpt lat="22.286693333333332" lon="113.94124500000001"><ele>18.0</ele><time>2026-03-23T09:50:32Z</time></trkpt><trkpt lat="22.28670833333333" lon="113.94122999999999"><ele>18.2</ele><time>2026-03-23T09:50:34Z</time></trkpt><trkpt lat="22.286718333333337" lon="113.94121166666667"><ele>18.7</ele><time>2026-03-23T09:50:36Z</time></trkpt><trkpt lat="22.286735" lon="113.94119333333335"><ele>19.299999999999997</ele><time>2026-03-23T09:50:38Z</time></trkpt><trkpt lat="22.286749999999998" lon="113.94117499999999"><ele>19.799999999999997</ele><time>2026-03-23T09:50:40Z</time></trkpt><trkpt lat="22.286763333333337" lon="113.94115666666667"><ele>20.099999999999998</ele><time>2026-03-23T09:50:42Z</time></trkpt><trkpt lat="22.286776666666665" lon="113.94113999999999"><ele>20.4</ele><time>2026-03-23T09:50:44Z</time></trkpt><trkpt lat="22.286788333333334" lon="113.94112166666667"><ele>20.599999999999998</ele><time>2026-03-23T09:50:46Z</time></trkpt><trkpt lat="22.286801666666666" lon="113.94110333333334"><ele>20.9</ele><time>2026-03-23T09:50:48Z</time></trkpt><trkpt lat="22.286816666666663" lon="113.94108333333334"><ele>21.299999999999997</ele><time>2026-03-23T09:50:50Z</time></trkpt><trkpt lat="22.286831666666664" lon="113.94106666666667"><ele>21.7</ele><time>2026-03-23T09:50:52Z</time></trkpt><trkpt lat="22.286845000000003" lon="113.94104833333334"><ele>22.099999999999998</ele><time>2026-03-23T09:50:54Z</time></trkpt><trkpt lat="22.28685833333333" lon="113.94103166666667"><ele>22.799999999999997</ele><time>2026-03-23T09:50:56Z</time></trkpt><trkpt lat="22.28687" lon="113.94101333333334"><ele>23.5</ele><time>2026-03-23T09:50:58Z</time></trkpt><trkpt lat="22.286881666666666" lon="113.94099833333333"><ele>24.0</ele><time>2026-03-23T09:51:00Z</time></trkpt><trkpt lat="22.286898333333337" lon="113.940985"><ele>24.099999999999998</ele><time>2026-03-23T09:51:02Z</time></trkpt><trkpt lat="22.28691666666667" lon="113.94098000000001"><ele>24.099999999999998</ele><time>2026-03-23T09:51:04Z</time></trkpt><trkpt lat="22.286939999999998" lon="113.940985"><ele>24.2</ele><time>2026-03-23T09:51:06Z</time></trkpt><trkpt lat="22.286966666666665" lon="113.94099"><ele>24.7</ele><time>2026-03-23T09:51:09Z</time></trkpt><trkpt lat="22.286983333333335" lon="113.94099833333333"><ele>25.0</ele><time>2026-03-23T09:51:11Z</time></trkpt><trkpt lat="22.287005" lon="113.94101166666665"><ele>24.7</ele><time>2026-03-23T09:51:13Z</time></trkpt><trkpt lat="22.287025000000003" lon="113.94102166666669"><ele>23.799999999999997</ele><time>2026-03-23T09:51:15Z</time></trkpt><trkpt lat="22.287055000000002" lon="113.94102833333334"><ele>21.4</ele><time>2026-03-23T09:51:17Z</time></trkpt><trkpt lat="22.28708" lon="113.94102999999998"><ele>20.0</ele><time>2026-03-23T09:51:19Z</time></trkpt><trkpt lat="22.287104999999997" lon="113.94102666666667"><ele>19.599999999999998</ele><time>2026-03-23T09:51:21Z</time></trkpt><trkpt lat="22.287125" lon="113.94101666666666"><ele>19.599999999999998</ele><time>2026-03-23T09:51:23Z</time></trkpt><trkpt lat="22.28713833333334" lon="113.94100166666666"><ele>19.799999999999997</ele><time>2026-03-23T09:51:25Z</time></trkpt><trkpt lat="22.28715833333333" lon="113.94098833333334"><ele>20.4</ele><time>2026-03-23T09:51:28Z</time></trkpt><trkpt lat="22.287395" lon="113.94048166666668"><ele>21.599999999999998</ele><time>2026-03-23T09:51:49Z</time></trkpt><trkpt lat="22.287374999999997" lon="113.94044333333335"><ele>21.4</ele><time>2026-03-23T09:51:50Z</time></trkpt><trkpt lat="22.287363333333328" lon="113.94046833333331"><ele>20.2</ele><time>2026-03-23T09:51:51Z</time></trkpt><trkpt lat="22.28741166666667" lon="113.94045666666668"><ele>21.099999999999998</ele><time>2026-03-23T09:51:53Z</time></trkpt><trkpt lat="22.28745333333333" lon="113.94044666666666"><ele>19.599999999999998</ele><time>2026-03-23T09:51:54Z</time></trkpt><trkpt lat="22.28748333333333" lon="113.94044000000001"><ele>19.7</ele><time>2026-03-23T09:51:55Z</time></trkpt><trkpt lat="22.28751333333333" lon="113.94044833333334"><ele>13.8</ele><time>2026-03-23T09:51:56Z</time></trkpt><trkpt lat="22.287521666666667" lon="113.94046833333331"><ele>11.3</ele><time>2026-03-23T09:51:58Z</time></trkpt><trkpt lat="22.287538333333334" lon="113.94047833333335"><ele>8.1</ele><time>2026-03-23T09:52:01Z</time></trkpt><trkpt lat="22.287554999999998" lon="113.94050333333334"><ele>5.6</ele><time>2026-03-23T09:52:04Z</time></trkpt><trkpt lat="22.28757333333333" lon="113.94052000000002"><ele>3.9999999999999996</ele><time>2026-03-23T09:52:06Z</time></trkpt><trkpt lat="22.287583333333334" lon="113.94054833333333"><ele>3.6</ele><time>2026-03-23T09:52:08Z</time></trkpt><trkpt lat="22.287593333333334" lon="113.94057833333333"><ele>3.3000000000000003</ele><time>2026-03-23T09:52:10Z</time></trkpt><trkpt lat="22.28760333333333" lon="113.94060499999999"><ele>3.1</ele><time>2026-03-23T09:52:12Z</time></trkpt><trkpt lat="22.287613333333336" lon="113.94062833333334"><ele>2.8000000000000003</ele><time>2026-03-23T09:52:14Z</time></trkpt><trkpt lat="22.287628333333334" lon="113.94065166666665"><ele>1.9999999999999996</ele><time>2026-03-23T09:52:16Z</time></trkpt><trkpt lat="22.287629999999996" lon="113.94067500000001"><ele>0.2999999999999998</ele><time>2026-03-23T09:52:18Z</time></trkpt><trkpt lat="22.287638333333334" lon="113.94069833333333"><ele>-1.4000000000000001</ele><time>2026-03-23T09:52:20Z</time></trkpt><trkpt lat="22.28765166666667" lon="113.94072666666668"><ele>-3.2</ele><time>2026-03-23T09:52:23Z</time></trkpt><trkpt lat="22.287665" lon="113.940745"><ele>-3.9000000000000004</ele><time>2026-03-23T09:52:25Z</time></trkpt><trkpt lat="22.28768166666667" lon="113.94075833333333"><ele>-5.4</ele><time>2026-03-23T09:52:28Z</time></trkpt><trkpt lat="22.287695" lon="113.94077333333334"><ele>-6.0</ele><time>2026-03-23T09:52:30Z</time></trkpt><trkpt lat="22.28770666666667" lon="113.94078833333333"><ele>-6.6</ele><time>2026-03-23T09:52:32Z</time></trkpt><trkpt lat="22.287715000000002" lon="113.94080666666666"><ele>-6.6</ele><time>2026-03-23T09:52:34Z</time></trkpt><trkpt lat="22.287730000000003" lon="113.94082833333331"><ele>-6.699999999999999</ele><time>2026-03-23T09:52:36Z</time></trkpt><trkpt lat="22.28774166666667" lon="113.94084833333334"><ele>-7.4</ele><time>2026-03-23T09:52:38Z</time></trkpt><trkpt lat="22.287758333333333" lon="113.940865"><ele>-7.6</ele><time>2026-03-23T09:52:40Z</time></trkpt><trkpt lat="22.287771666666664" lon="113.94087833333333"><ele>-7.800000000000001</ele><time>2026-03-23T09:52:42Z</time></trkpt><trkpt lat="22.287786666666662" lon="113.94089666666666"><ele>-8.1</ele><time>2026-03-23T09:52:44Z</time></trkpt><trkpt lat="22.287803333333333" lon="113.94091166666666"><ele>-8.4</ele><time>2026-03-23T09:52:46Z</time></trkpt><trkpt lat="22.287824999999998" lon="113.94092333333334"><ele>-8.3</ele><time>2026-03-23T09:52:48Z</time></trkpt><trkpt lat="22.28784166666667" lon="113.94093333333333"><ele>-8.1</ele><time>2026-03-23T09:52:51Z</time></trkpt><trkpt lat="22.287860000000002" lon="113.94094166666667"><ele>-7.9</ele><time>2026-03-23T09:52:53Z</time></trkpt><trkpt lat="22.287876666666662" lon="113.94095"><ele>-8.1</ele><time>2026-03-23T09:52:55Z</time></trkpt><trkpt lat="22.287896666666665" lon="113.94095"><ele>-8.1</ele><time>2026-03-23T09:52:58Z</time></trkpt><trkpt lat="22.287916666666668" lon="113.94095"><ele>-8.1</ele><time>2026-03-23T09:53:00Z</time></trkpt><trkpt lat="22.287938333333333" lon="113.94095166666666"><ele>-8.0</ele><time>2026-03-23T09:53:02Z</time></trkpt><trkpt lat="22.287966666666662" lon="113.94094666666666"><ele>-7.5</ele><time>2026-03-23T09:53:04Z</time></trkpt><trkpt lat="22.287989999999997" lon="113.94094666666666"><ele>-7.199999999999999</ele><time>2026-03-23T09:53:06Z</time></trkpt><trkpt lat="22.288011666666662" lon="113.94094166666667"><ele>-7.199999999999999</ele><time>2026-03-23T09:53:08Z</time></trkpt><trkpt lat="22.288033333333335" lon="113.94094166666667"><ele>-7.0</ele><time>2026-03-23T09:53:10Z</time></trkpt><trkpt lat="22.288058333333332" lon="113.94093666666667"><ele>-6.800000000000001</ele><time>2026-03-23T09:53:12Z</time></trkpt><trkpt lat="22.288076666666665" lon="113.94093166666669"><ele>-6.6</ele><time>2026-03-23T09:53:14Z</time></trkpt><trkpt lat="22.288095" lon="113.94093"><ele>-6.4</ele><time>2026-03-23T09:53:16Z</time></trkpt><trkpt lat="22.288120000000003" lon="113.94092833333335"><ele>-6.199999999999999</ele><time>2026-03-23T09:53:18Z</time></trkpt><trkpt lat="22.288146666666663" lon="113.94092666666666"><ele>-6.0</ele><time>2026-03-23T09:53:20Z</time></trkpt><trkpt lat="22.288168333333335" lon="113.94092166666665"><ele>-5.9</ele><time>2026-03-23T09:53:22Z</time></trkpt><trkpt lat="22.288191666666663" lon="113.94091666666667"><ele>-5.9</ele><time>2026-03-23T09:53:24Z</time></trkpt><trkpt lat="22.288213333333335" lon="113.94091333333333"><ele>-5.6</ele><time>2026-03-23T09:53:26Z</time></trkpt><trkpt lat="22.288236666666663" lon="113.94090833333333"><ele>-5.1</ele><time>2026-03-23T09:53:28Z</time></trkpt><trkpt lat="22.288261666666667" lon="113.94090666666668"><ele>-4.0</ele><time>2026-03-23T09:53:30Z</time></trkpt><trkpt lat="22.28827833333333" lon="113.94089666666666"><ele>-3.3</ele><time>2026-03-23T09:53:32Z</time></trkpt><trkpt lat="22.288281666666663" lon="113.94087666666668"><ele>-2.0</ele><time>2026-03-23T09:53:35Z</time></trkpt><trkpt lat="22.28829" lon="113.94085333333332"><ele>-0.6000000000000001</ele><time>2026-03-23T09:53:37Z</time></trkpt><trkpt lat="22.288303333333335" lon="113.94083833333335"><ele>-0.20000000000000018</ele><time>2026-03-23T09:53:39Z</time></trkpt></trkseg></trk></gpx>