<?xml version='1.0' encoding='UTF-8' ?><gpx version="1.1" creator="HikingTrailHK" xsi:schemaLocation="http://www.topografix.com/GPX/1/1 http://www.topografix.com/GPX/1/1/gpx.xsd" xmlns="http://www.topografix.com/GPX/1/1" xmlns:xsi="http://www.w3.org/2001/XMLSchema-instance"><metadata><name>馬尾脊 @ 2026-02-20 10:14:42</name><desc></desc></metadata><trk><trkseg><trkpt lat="22.427421666666667" lon="114.24212833333334"><ele>27.1</ele><time>2026-02-20T02:14:42Z</time></trkpt><trkpt lat="22.42742333333333" lon="114.24215333333335"><ele>15.399999999999999</ele><time>2026-02-20T02:14:51Z</time></trkpt><trkpt lat="22.427414999999996" lon="114.24217166666668"><ele>14.1</ele><time>2026-02-20T02:14:53Z</time></trkpt><trkpt lat="22.427401666666665" lon="114.242195"><ele>13.1</ele><time>2026-02-20T02:14:55Z</time></trkpt><trkpt lat="22.427395" lon="114.24221333333335"><ele>12.2</ele><time>2026-02-20T02:15:00Z</time></trkpt><trkpt lat="22.427380000000003" lon="114.242195"><ele>11.7</ele><time>2026-02-20T02:15:05Z</time></trkpt><trkpt lat="22.427336666666665" lon="114.24217500000002"><ele>12.0</ele><time>2026-02-20T02:15:20Z</time></trkpt><trkpt lat="22.427313333333338" lon="114.24218666666665"><ele>12.0</ele><time>2026-02-20T02:15:22Z</time></trkpt><trkpt lat="22.42728833333333" lon="114.24219166666666"><ele>11.9</ele><time>2026-02-20T02:15:24Z</time></trkpt><trkpt lat="22.427266666666664" lon="114.24219666666667"><ele>12.2</ele><time>2026-02-20T02:15:26Z</time></trkpt><trkpt lat="22.42724333333333" lon="114.24220166666667"><ele>12.4</ele><time>2026-02-20T02:15:30Z</time></trkpt><trkpt lat="22.427223333333338" lon="114.24220666666666"><ele>11.6</ele><time>2026-02-20T02:15:35Z</time></trkpt><trkpt lat="22.427208333333336" lon="114.24221833333334"><ele>11.1</ele><time>2026-02-20T02:15:38Z</time></trkpt><trkpt lat="22.427186666666664" lon="114.24222333333334"><ele>10.8</ele><time>2026-02-20T02:15:41Z</time></trkpt><trkpt lat="22.427161666666667" lon="114.24222833333333"><ele>10.7</ele><time>2026-02-20T02:15:44Z</time></trkpt><trkpt lat="22.427143333333333" lon="114.24223333333333"><ele>10.3</ele><time>2026-02-20T02:15:47Z</time></trkpt><trkpt lat="22.427113333333335" lon="114.24224000000001"><ele>10.0</ele><time>2026-02-20T02:15:50Z</time></trkpt><trkpt lat="22.42709" lon="114.24224666666666"><ele>9.6</ele><time>2026-02-20T02:15:52Z</time></trkpt><trkpt lat="22.42706333333333" lon="114.24225166666665"><ele>9.0</ele><time>2026-02-20T02:15:55Z</time></trkpt><trkpt lat="22.427043333333337" lon="114.24225333333334"><ele>8.5</ele><time>2026-02-20T02:15:58Z</time></trkpt><trkpt lat="22.427023333333334" lon="114.24225333333334"><ele>8.2</ele><time>2026-02-20T02:16:00Z</time></trkpt><trkpt lat="22.42700166666667" lon="114.24225333333334"><ele>8.1</ele><time>2026-02-20T02:16:02Z</time></trkpt><trkpt lat="22.426978333333334" lon="114.24225333333334"><ele>8.0</ele><time>2026-02-20T02:16:04Z</time></trkpt><trkpt lat="22.42695666666667" lon="114.24225333333334"><ele>7.800000000000001</ele><time>2026-02-20T02:16:06Z</time></trkpt><trkpt lat="22.426931666666665" lon="114.24225333333334"><ele>7.699999999999999</ele><time>2026-02-20T02:16:08Z</time></trkpt><trkpt lat="22.42691333333333" lon="114.24225333333334"><ele>7.5</ele><time>2026-02-20T02:16:10Z</time></trkpt><trkpt lat="22.426891666666666" lon="114.24225333333334"><ele>7.0</ele><time>2026-02-20T02:16:13Z</time></trkpt><trkpt lat="22.426873333333333" lon="114.24225166666665"><ele>6.5</ele><time>2026-02-20T02:16:15Z</time></trkpt><trkpt lat="22.426855" lon="114.24225"><ele>6.1</ele><time>2026-02-20T02:16:17Z</time></trkpt><trkpt lat="22.426825" lon="114.24224833333334"><ele>5.7</ele><time>2026-02-20T02:16:20Z</time></trkpt><trkpt lat="22.426803333333336" lon="114.24224666666666"><ele>5.6</ele><time>2026-02-20T02:16:22Z</time></trkpt><trkpt lat="22.42678" lon="114.242245"><ele>5.6</ele><time>2026-02-20T02:16:24Z</time></trkpt><trkpt lat="22.426753333333334" lon="114.24224333333335"><ele>5.4</ele><time>2026-02-20T02:16:27Z</time></trkpt><trkpt lat="22.426735" lon="114.24224166666666"><ele>5.2</ele><time>2026-02-20T02:16:29Z</time></trkpt><trkpt lat="22.426713333333335" lon="114.24224000000001"><ele>5.0</ele><time>2026-02-20T02:16:31Z</time></trkpt><trkpt lat="22.42669166666667" lon="114.24223833333332"><ele>4.9</ele><time>2026-02-20T02:16:33Z</time></trkpt><trkpt lat="22.426671666666667" lon="114.24223833333332"><ele>4.6</ele><time>2026-02-20T02:16:35Z</time></trkpt><trkpt lat="22.426651666666665" lon="114.24223833333332"><ele>4.2</ele><time>2026-02-20T02:16:37Z</time></trkpt><trkpt lat="22.42663" lon="114.24224000000001"><ele>3.9000000000000004</ele><time>2026-02-20T02:16:39Z</time></trkpt><trkpt lat="22.426605000000002" lon="114.24224000000001"><ele>3.9000000000000004</ele><time>2026-02-20T02:16:42Z</time></trkpt><trkpt lat="22.426585" lon="114.24224833333334"><ele>4.5</ele><time>2026-02-20T02:16:47Z</time></trkpt><trkpt lat="22.426566666666666" lon="114.24225333333334"><ele>5.4</ele><time>2026-02-20T02:16:53Z</time></trkpt><trkpt lat="22.426548333333336" lon="114.24225833333334"><ele>5.8</ele><time>2026-02-20T02:16:55Z</time></trkpt><trkpt lat="22.426516666666664" lon="114.24226500000002"><ele>7.300000000000001</ele><time>2026-02-20T02:16:58Z</time></trkpt><trkpt lat="22.42649333333333" lon="114.24227"><ele>8.4</ele><time>2026-02-20T02:17:00Z</time></trkpt><trkpt lat="22.426470000000002" lon="114.242275"><ele>9.6</ele><time>2026-02-20T02:17:02Z</time></trkpt><trkpt lat="22.426443333333335" lon="114.24228166666666"><ele>10.7</ele><time>2026-02-20T02:17:04Z</time></trkpt><trkpt lat="22.42641833333333" lon="114.24228833333333"><ele>11.4</ele><time>2026-02-20T02:17:07Z</time></trkpt><trkpt lat="22.42639" lon="114.24229333333332"><ele>11.4</ele><time>2026-02-20T02:17:09Z</time></trkpt><trkpt lat="22.426371666666668" lon="114.24229833333332"><ele>11.6</ele><time>2026-02-20T02:17:10Z</time></trkpt><trkpt lat="22.426345" lon="114.242305"><ele>11.9</ele><time>2026-02-20T02:17:13Z</time></trkpt><trkpt lat="22.42631666666667" lon="114.24231499999999"><ele>12.0</ele><time>2026-02-20T02:17:16Z</time></trkpt><trkpt lat="22.42629" lon="114.24232500000001"><ele>11.9</ele><time>2026-02-20T02:17:19Z</time></trkpt><trkpt lat="22.426264999999997" lon="114.242335"><ele>12.1</ele><time>2026-02-20T02:17:21Z</time></trkpt><trkpt lat="22.426235" lon="114.24234499999999"><ele>12.7</ele><time>2026-02-20T02:17:24Z</time></trkpt><trkpt lat="22.426201666666664" lon="114.24235833333333"><ele>13.3</ele><time>2026-02-20T02:17:26Z</time></trkpt><trkpt lat="22.426173333333335" lon="114.24236833333335"><ele>13.7</ele><time>2026-02-20T02:17:28Z</time></trkpt><trkpt lat="22.426158333333333" lon="114.24239333333335"><ele>14.7</ele><time>2026-02-20T02:17:35Z</time></trkpt><trkpt lat="22.426133333333336" lon="114.24240499999999"><ele>15.2</ele><time>2026-02-20T02:17:37Z</time></trkpt><trkpt lat="22.42610666666667" lon="114.24241500000001"><ele>15.100000000000001</ele><time>2026-02-20T02:17:39Z</time></trkpt><trkpt lat="22.426075" lon="114.24242666666666"><ele>15.100000000000001</ele><time>2026-02-20T02:17:42Z</time></trkpt><trkpt lat="22.426054999999998" lon="114.24243333333334"><ele>14.9</ele><time>2026-02-20T02:17:46Z</time></trkpt><trkpt lat="22.426036666666665" lon="114.24243999999999"><ele>14.8</ele><time>2026-02-20T02:17:48Z</time></trkpt><trkpt lat="22.42601833333333" lon="114.24244666666667"><ele>14.8</ele><time>2026-02-20T02:17:50Z</time></trkpt><trkpt lat="22.425993333333334" lon="114.24245666666665"><ele>15.0</ele><time>2026-02-20T02:17:52Z</time></trkpt><trkpt lat="22.42597" lon="114.242465"><ele>15.100000000000001</ele><time>2026-02-20T02:17:55Z</time></trkpt><trkpt lat="22.425938333333338" lon="114.24247666666666"><ele>15.7</ele><time>2026-02-20T02:17:58Z</time></trkpt><trkpt lat="22.425904999999997" lon="114.24248833333334"><ele>16.1</ele><time>2026-02-20T02:18:01Z</time></trkpt><trkpt lat="22.425885" lon="114.24249666666668"><ele>16.3</ele><time>2026-02-20T02:18:02Z</time></trkpt><trkpt lat="22.425856666666665" lon="114.24250833333332"><ele>16.3</ele><time>2026-02-20T02:18:04Z</time></trkpt><trkpt lat="22.42584" lon="114.24251666666666"><ele>16.6</ele><time>2026-02-20T02:18:07Z</time></trkpt><trkpt lat="22.425814999999997" lon="114.24252833333334"><ele>17.3</ele><time>2026-02-20T02:18:10Z</time></trkpt><trkpt lat="22.425796666666663" lon="114.24253500000002"><ele>17.4</ele><time>2026-02-20T02:18:12Z</time></trkpt><trkpt lat="22.425776666666668" lon="114.242545"><ele>17.4</ele><time>2026-02-20T02:18:14Z</time></trkpt><trkpt lat="22.42575" lon="114.242555"><ele>17.2</ele><time>2026-02-20T02:18:16Z</time></trkpt><trkpt lat="22.425731666666668" lon="114.24256333333332"><ele>17.5</ele><time>2026-02-20T02:18:18Z</time></trkpt><trkpt lat="22.425710000000002" lon="114.24257333333335"><ele>17.9</ele><time>2026-02-20T02:18:21Z</time></trkpt><trkpt lat="22.425686666666667" lon="114.24258333333334"><ele>18.5</ele><time>2026-02-20T02:18:23Z</time></trkpt><trkpt lat="22.425673333333332" lon="114.24260166666666"><ele>18.9</ele><time>2026-02-20T02:18:25Z</time></trkpt><trkpt lat="22.425651666666667" lon="114.24261833333334"><ele>18.9</ele><time>2026-02-20T02:18:28Z</time></trkpt><trkpt lat="22.425633333333334" lon="114.24262833333333"><ele>18.3</ele><time>2026-02-20T02:18:30Z</time></trkpt><trkpt lat="22.425608333333336" lon="114.24264166666666"><ele>18.4</ele><time>2026-02-20T02:18:33Z</time></trkpt><trkpt lat="22.425588333333334" lon="114.24265166666667"><ele>18.7</ele><time>2026-02-20T02:18:35Z</time></trkpt><trkpt lat="22.42556666666667" lon="114.242665"><ele>19.4</ele><time>2026-02-20T02:18:37Z</time></trkpt><trkpt lat="22.425548333333335" lon="114.24267166666665"><ele>19.6</ele><time>2026-02-20T02:18:39Z</time></trkpt><trkpt lat="22.425528333333332" lon="114.24268333333333"><ele>19.8</ele><time>2026-02-20T02:18:41Z</time></trkpt><trkpt lat="22.425504999999998" lon="114.2427"><ele>20.2</ele><time>2026-02-20T02:18:43Z</time></trkpt><trkpt lat="22.42548" lon="114.24270666666668"><ele>20.1</ele><time>2026-02-20T02:18:45Z</time></trkpt><trkpt lat="22.425456666666665" lon="114.24270833333334"><ele>19.4</ele><time>2026-02-20T02:18:47Z</time></trkpt><trkpt lat="22.42543333333333" lon="114.24271333333333"><ele>18.9</ele><time>2026-02-20T02:18:49Z</time></trkpt><trkpt lat="22.425414999999997" lon="114.24272333333332"><ele>18.5</ele><time>2026-02-20T02:18:51Z</time></trkpt><trkpt lat="22.425398333333337" lon="114.242735"><ele>18.5</ele><time>2026-02-20T02:18:53Z</time></trkpt><trkpt lat="22.425380000000004" lon="114.24274333333332"><ele>18.9</ele><time>2026-02-20T02:18:55Z</time></trkpt><trkpt lat="22.425353333333337" lon="114.24274833333332"><ele>19.3</ele><time>2026-02-20T02:18:58Z</time></trkpt><trkpt lat="22.425326666666667" lon="114.24275666666666"><ele>19.200000000000003</ele><time>2026-02-20T02:19:01Z</time></trkpt><trkpt lat="22.425306666666664" lon="114.24276"><ele>19.3</ele><time>2026-02-20T02:19:03Z</time></trkpt><trkpt lat="22.42528666666666" lon="114.24276166666665"><ele>19.200000000000003</ele><time>2026-02-20T02:19:05Z</time></trkpt><trkpt lat="22.42526666666667" lon="114.24276833333333"><ele>19.0</ele><time>2026-02-20T02:19:07Z</time></trkpt><trkpt lat="22.425246666666666" lon="114.24277666666667"><ele>18.8</ele><time>2026-02-20T02:19:11Z</time></trkpt><trkpt lat="22.425230000000003" lon="114.24278833333334"><ele>18.700000000000003</ele><time>2026-02-20T02:19:17Z</time></trkpt><trkpt lat="22.42520833333333" lon="114.24279333333334"><ele>18.700000000000003</ele><time>2026-02-20T02:19:21Z</time></trkpt><trkpt lat="22.425186666666665" lon="114.24279666666668"><ele>19.0</ele><time>2026-02-20T02:19:26Z</time></trkpt><trkpt lat="22.42516666666667" lon="114.24278833333334"><ele>19.200000000000003</ele><time>2026-02-20T02:19:32Z</time></trkpt><trkpt lat="22.42515" lon="114.24276666666668"><ele>18.900000000000002</ele><time>2026-02-20T02:19:36Z</time></trkpt><trkpt lat="22.42513166666667" lon="114.24275166666666"><ele>19.1</ele><time>2026-02-20T02:19:42Z</time></trkpt><trkpt lat="22.425111666666666" lon="114.24276499999999"><ele>19.200000000000003</ele><time>2026-02-20T02:19:46Z</time></trkpt><trkpt lat="22.425098333333334" lon="114.24278000000001"><ele>19.3</ele><time>2026-02-20T02:20:02Z</time></trkpt><trkpt lat="22.42509" lon="114.24279833333334"><ele>19.5</ele><time>2026-02-20T02:20:06Z</time></trkpt><trkpt lat="22.425093333333333" lon="114.24284333333331"><ele>19.200000000000003</ele><time>2026-02-20T02:20:15Z</time></trkpt><trkpt lat="22.425051666666665" lon="114.242915"><ele>20.8</ele><time>2026-02-20T02:20:37Z</time></trkpt><trkpt lat="22.42503333333333" lon="114.24292833333332"><ele>21.3</ele><time>2026-02-20T02:20:39Z</time></trkpt><trkpt lat="22.424979999999998" lon="114.24292666666666"><ele>23.400000000000002</ele><time>2026-02-20T02:20:50Z</time></trkpt><trkpt lat="22.424955" lon="114.24294"><ele>23.900000000000002</ele><time>2026-02-20T02:20:53Z</time></trkpt><trkpt lat="22.424936666666667" lon="114.24293833333334"><ele>24.5</ele><time>2026-02-20T02:20:58Z</time></trkpt><trkpt lat="22.42491166666667" lon="114.24295166666667"><ele>24.6</ele><time>2026-02-20T02:21:01Z</time></trkpt><trkpt lat="22.424891666666667" lon="114.24295833333332"><ele>28.5</ele><time>2026-02-20T02:21:18Z</time></trkpt><trkpt lat="22.424873333333334" lon="114.242965"><ele>29.5</ele><time>2026-02-20T02:21:24Z</time></trkpt><trkpt lat="22.424855" lon="114.24297499999999"><ele>31.200000000000003</ele><time>2026-02-20T02:21:30Z</time></trkpt><trkpt lat="22.424846666666667" lon="114.24299500000001"><ele>32.1</ele><time>2026-02-20T02:21:33Z</time></trkpt><trkpt lat="22.42485166666667" lon="114.24302166666666"><ele>32.800000000000004</ele><time>2026-02-20T02:21:36Z</time></trkpt><trkpt lat="22.42486" lon="114.24304"><ele>33.7</ele><time>2026-02-20T02:21:38Z</time></trkpt><trkpt lat="22.424871666666665" lon="114.24305833333334"><ele>34.1</ele><time>2026-02-20T02:21:40Z</time></trkpt><trkpt lat="22.424873333333334" lon="114.24307833333333"><ele>34.300000000000004</ele><time>2026-02-20T02:21:42Z</time></trkpt><trkpt lat="22.424874999999997" lon="114.24309833333334"><ele>34.800000000000004</ele><time>2026-02-20T02:21:44Z</time></trkpt><trkpt lat="22.424886666666666" lon="114.24312166666665"><ele>35.300000000000004</ele><time>2026-02-20T02:21:46Z</time></trkpt><trkpt lat="22.42489333333333" lon="114.24314166666666"><ele>35.800000000000004</ele><time>2026-02-20T02:21:48Z</time></trkpt><trkpt lat="22.42489833333333" lon="114.24316333333333"><ele>35.9</ele><time>2026-02-20T02:21:50Z</time></trkpt><trkpt lat="22.42491166666667" lon="114.243185"><ele>35.6</ele><time>2026-02-20T02:21:53Z</time></trkpt><trkpt lat="22.424915000000002" lon="114.24320666666667"><ele>35.9</ele><time>2026-02-20T02:22:01Z</time></trkpt><trkpt lat="22.42492333333333" lon="114.24323666666666"><ele>36.1</ele><time>2026-02-20T02:22:04Z</time></trkpt><trkpt lat="22.424928333333334" lon="114.24326666666666"><ele>36.2</ele><time>2026-02-20T02:22:06Z</time></trkpt><trkpt lat="22.424934999999998" lon="114.24328833333333"><ele>35.9</ele><time>2026-02-20T02:22:08Z</time></trkpt><trkpt lat="22.42494333333333" lon="114.24331166666667"><ele>35.9</ele><time>2026-02-20T02:22:10Z</time></trkpt><trkpt lat="22.42495166666667" lon="114.24333166666665"><ele>35.9</ele><time>2026-02-20T02:22:12Z</time></trkpt><trkpt lat="22.424958333333333" lon="114.24335333333332"><ele>36.1</ele><time>2026-02-20T02:22:14Z</time></trkpt><trkpt lat="22.424963333333334" lon="114.24337500000001"><ele>36.4</ele><time>2026-02-20T02:22:16Z</time></trkpt><trkpt lat="22.424964999999997" lon="114.24339833333333"><ele>37.5</ele><time>2026-02-20T02:22:19Z</time></trkpt><trkpt lat="22.42497" lon="114.24341833333334"><ele>37.7</ele><time>2026-02-20T02:22:21Z</time></trkpt><trkpt lat="22.424975000000003" lon="114.24344666666666"><ele>38.1</ele><time>2026-02-20T02:22:24Z</time></trkpt><trkpt lat="22.424973333333334" lon="114.24346666666666"><ele>37.9</ele><time>2026-02-20T02:22:26Z</time></trkpt><trkpt lat="22.424979999999998" lon="114.24349"><ele>37.7</ele><time>2026-02-20T02:22:29Z</time></trkpt><trkpt lat="22.42498333333333" lon="114.24351833333334"><ele>37.800000000000004</ele><time>2026-02-20T02:22:32Z</time></trkpt><trkpt lat="22.424985" lon="114.24353833333335"><ele>38.0</ele><time>2026-02-20T02:22:34Z</time></trkpt><trkpt lat="22.424991666666664" lon="114.24356666666667"><ele>38.1</ele><time>2026-02-20T02:22:37Z</time></trkpt><trkpt lat="22.42499666666667" lon="114.24358666666667"><ele>38.300000000000004</ele><time>2026-02-20T02:22:39Z</time></trkpt><trkpt lat="22.425003333333333" lon="114.24360666666668"><ele>38.6</ele><time>2026-02-20T02:22:41Z</time></trkpt><trkpt lat="22.425009999999997" lon="114.24362500000001"><ele>38.9</ele><time>2026-02-20T02:22:43Z</time></trkpt><trkpt lat="22.42501333333333" lon="114.24364833333333"><ele>38.9</ele><time>2026-02-20T02:22:46Z</time></trkpt><trkpt lat="22.425023333333336" lon="114.24367500000001"><ele>39.1</ele><time>2026-02-20T02:22:49Z</time></trkpt><trkpt lat="22.42503333333333" lon="114.24369666666668"><ele>39.300000000000004</ele><time>2026-02-20T02:22:51Z</time></trkpt><trkpt lat="22.42504" lon="114.24372333333334"><ele>40.0</ele><time>2026-02-20T02:22:54Z</time></trkpt><trkpt lat="22.42504166666667" lon="114.24374333333331"><ele>40.2</ele><time>2026-02-20T02:22:56Z</time></trkpt><trkpt lat="22.425045" lon="114.24376499999998"><ele>40.4</ele><time>2026-02-20T02:22:58Z</time></trkpt><trkpt lat="22.425048333333333" lon="114.24378999999999"><ele>40.7</ele><time>2026-02-20T02:23:01Z</time></trkpt><trkpt lat="22.42505833333333" lon="114.24381999999999"><ele>41.1</ele><time>2026-02-20T02:23:04Z</time></trkpt><trkpt lat="22.42506166666667" lon="114.243845"><ele>41.6</ele><time>2026-02-20T02:23:07Z</time></trkpt><trkpt lat="22.425063333333334" lon="114.24387333333334"><ele>41.9</ele><time>2026-02-20T02:23:10Z</time></trkpt><trkpt lat="22.425075" lon="114.24389166666667"><ele>42.1</ele><time>2026-02-20T02:23:12Z</time></trkpt><trkpt lat="22.42508833333333" lon="114.24390999999999"><ele>42.5</ele><time>2026-02-20T02:23:14Z</time></trkpt><trkpt lat="22.425095000000002" lon="114.24393"><ele>42.800000000000004</ele><time>2026-02-20T02:23:16Z</time></trkpt><trkpt lat="22.425105" lon="114.24395666666666"><ele>43.1</ele><time>2026-02-20T02:23:19Z</time></trkpt><trkpt lat="22.425113333333336" lon="114.24397499999999"><ele>42.6</ele><time>2026-02-20T02:23:21Z</time></trkpt><trkpt lat="22.42512333333333" lon="114.24399833333334"><ele>41.4</ele><time>2026-02-20T02:23:24Z</time></trkpt><trkpt lat="22.42513" lon="114.24401833333334"><ele>40.5</ele><time>2026-02-20T02:23:27Z</time></trkpt><trkpt lat="22.425143333333335" lon="114.24404166666666"><ele>39.9</ele><time>2026-02-20T02:23:30Z</time></trkpt><trkpt lat="22.425159999999998" lon="114.24407500000001"><ele>39.5</ele><time>2026-02-20T02:23:32Z</time></trkpt><trkpt lat="22.425175" lon="114.24409499999999"><ele>39.300000000000004</ele><time>2026-02-20T02:23:34Z</time></trkpt><trkpt lat="22.425185000000003" lon="114.244115"><ele>39.0</ele><time>2026-02-20T02:23:37Z</time></trkpt><trkpt lat="22.425200000000004" lon="114.24414166666665"><ele>38.9</ele><time>2026-02-20T02:23:40Z</time></trkpt><trkpt lat="22.42521" lon="114.24416500000001"><ele>38.6</ele><time>2026-02-20T02:23:43Z</time></trkpt><trkpt lat="22.42522333333333" lon="114.24418833333333"><ele>38.2</ele><time>2026-02-20T02:23:46Z</time></trkpt><trkpt lat="22.425233333333335" lon="114.24420666666668"><ele>38.0</ele><time>2026-02-20T02:23:48Z</time></trkpt><trkpt lat="22.425245000000004" lon="114.24422666666666"><ele>37.9</ele><time>2026-02-20T02:23:50Z</time></trkpt><trkpt lat="22.42526833333333" lon="114.24425000000001"><ele>38.5</ele><time>2026-02-20T02:23:52Z</time></trkpt><trkpt lat="22.42528333333333" lon="114.24426833333334"><ele>39.2</ele><time>2026-02-20T02:23:54Z</time></trkpt><trkpt lat="22.42529833333333" lon="114.24428833333334"><ele>40.300000000000004</ele><time>2026-02-20T02:23:57Z</time></trkpt><trkpt lat="22.42531333333333" lon="114.24431000000001"><ele>41.300000000000004</ele><time>2026-02-20T02:24:00Z</time></trkpt><trkpt lat="22.425326666666667" lon="114.24432499999999"><ele>41.6</ele><time>2026-02-20T02:24:02Z</time></trkpt><trkpt lat="22.42535" lon="114.24434000000001"><ele>42.4</ele><time>2026-02-20T02:24:05Z</time></trkpt><trkpt lat="22.425368333333335" lon="114.24434833333335"><ele>42.9</ele><time>2026-02-20T02:24:07Z</time></trkpt><trkpt lat="22.42538833333333" lon="114.244355"><ele>43.7</ele><time>2026-02-20T02:24:09Z</time></trkpt><trkpt lat="22.425406666666664" lon="114.24436499999999"><ele>44.300000000000004</ele><time>2026-02-20T02:24:11Z</time></trkpt><trkpt lat="22.425423333333335" lon="114.24437666666667"><ele>44.800000000000004</ele><time>2026-02-20T02:24:13Z</time></trkpt><trkpt lat="22.42545" lon="114.24439"><ele>45.300000000000004</ele><time>2026-02-20T02:24:16Z</time></trkpt><trkpt lat="22.42547666666667" lon="114.24439499999998"><ele>45.1</ele><time>2026-02-20T02:24:18Z</time></trkpt><trkpt lat="22.425500000000003" lon="114.24439333333333"><ele>44.800000000000004</ele><time>2026-02-20T02:24:20Z</time></trkpt><trkpt lat="22.42552333333333" lon="114.24439"><ele>44.6</ele><time>2026-02-20T02:24:22Z</time></trkpt><trkpt lat="22.425546666666666" lon="114.24438166666665"><ele>44.1</ele><time>2026-02-20T02:24:24Z</time></trkpt><trkpt lat="22.42557" lon="114.24437166666667"><ele>44.300000000000004</ele><time>2026-02-20T02:24:26Z</time></trkpt><trkpt lat="22.425594999999998" lon="114.24436833333333"><ele>44.7</ele><time>2026-02-20T02:24:28Z</time></trkpt><trkpt lat="22.425618333333333" lon="114.24436833333333"><ele>45.2</ele><time>2026-02-20T02:24:30Z</time></trkpt><trkpt lat="22.425641666666667" lon="114.24436666666666"><ele>45.9</ele><time>2026-02-20T02:24:32Z</time></trkpt><trkpt lat="22.425661666666663" lon="114.24436666666666"><ele>46.6</ele><time>2026-02-20T02:24:34Z</time></trkpt><trkpt lat="22.425681666666666" lon="114.24436499999999"><ele>47.1</ele><time>2026-02-20T02:24:36Z</time></trkpt><trkpt lat="22.425710000000002" lon="114.24436499999999"><ele>47.9</ele><time>2026-02-20T02:24:38Z</time></trkpt><trkpt lat="22.425735" lon="114.24436333333333"><ele>48.5</ele><time>2026-02-20T02:24:40Z</time></trkpt><trkpt lat="22.42576" lon="114.24436333333333"><ele>48.7</ele><time>2026-02-20T02:24:43Z</time></trkpt><trkpt lat="22.425784999999998" lon="114.24436166666668"><ele>48.2</ele><time>2026-02-20T02:24:46Z</time></trkpt><trkpt lat="22.42580666666667" lon="114.24436166666668"><ele>48.300000000000004</ele><time>2026-02-20T02:24:48Z</time></trkpt><trkpt lat="22.425835" lon="114.24435999999999"><ele>48.0</ele><time>2026-02-20T02:24:50Z</time></trkpt><trkpt lat="22.425856666666665" lon="114.24435666666668"><ele>48.0</ele><time>2026-02-20T02:24:52Z</time></trkpt><trkpt lat="22.425874999999998" lon="114.24435999999999"><ele>48.0</ele><time>2026-02-20T02:24:54Z</time></trkpt><trkpt lat="22.425895" lon="114.24436666666666"><ele>48.2</ele><time>2026-02-20T02:24:56Z</time></trkpt><trkpt lat="22.425916666666662" lon="114.24437166666667"><ele>48.4</ele><time>2026-02-20T02:24:58Z</time></trkpt><trkpt lat="22.42594166666667" lon="114.24438"><ele>49.300000000000004</ele><time>2026-02-20T02:25:01Z</time></trkpt><trkpt lat="22.425966666666667" lon="114.24438833333333"><ele>50.1</ele><time>2026-02-20T02:25:04Z</time></trkpt><trkpt lat="22.425981666666665" lon="114.24440000000001"><ele>50.6</ele><time>2026-02-20T02:25:12Z</time></trkpt><trkpt lat="22.426001666666668" lon="114.24441166666665"><ele>50.1</ele><time>2026-02-20T02:25:20Z</time></trkpt><trkpt lat="22.42602" lon="114.24441666666668"><ele>49.5</ele><time>2026-02-20T02:25:26Z</time></trkpt><trkpt lat="22.426" lon="114.24441499999999"><ele>49.300000000000004</ele><time>2026-02-20T02:25:34Z</time></trkpt><trkpt lat="22.425985" lon="114.24440333333332"><ele>49.9</ele><time>2026-02-20T02:25:37Z</time></trkpt><trkpt lat="22.425936666666665" lon="114.24449666666666"><ele>55.5</ele><time>2026-02-20T02:29:16Z</time></trkpt><trkpt lat="22.425903333333334" lon="114.24452333333332"><ele>56.2</ele><time>2026-02-20T02:29:27Z</time></trkpt><trkpt lat="22.425888333333333" lon="114.24457499999998"><ele>56.9</ele><time>2026-02-20T02:29:37Z</time></trkpt><trkpt lat="22.42588" lon="114.24459333333334"><ele>57.300000000000004</ele><time>2026-02-20T02:29:40Z</time></trkpt><trkpt lat="22.42587" lon="114.24461166666667"><ele>57.7</ele><time>2026-02-20T02:29:43Z</time></trkpt><trkpt lat="22.425853333333333" lon="114.24462999999999"><ele>58.4</ele><time>2026-02-20T02:29:47Z</time></trkpt><trkpt lat="22.425829999999998" lon="114.24463666666666"><ele>58.7</ele><time>2026-02-20T02:29:52Z</time></trkpt><trkpt lat="22.425813333333334" lon="114.24464833333334"><ele>58.1</ele><time>2026-02-20T02:29:58Z</time></trkpt><trkpt lat="22.425795" lon="114.24466"><ele>58.6</ele><time>2026-02-20T02:30:03Z</time></trkpt><trkpt lat="22.425729999999998" lon="114.24473166666667"><ele>62.5</ele><time>2026-02-20T02:30:33Z</time></trkpt><trkpt lat="22.425648333333335" lon="114.24479666666666"><ele>65.0</ele><time>2026-02-20T02:31:10Z</time></trkpt><trkpt lat="22.425594999999998" lon="114.24483833333333"><ele>67.69999999999999</ele><time>2026-02-20T02:31:29Z</time></trkpt><trkpt lat="22.42558166666667" lon="114.24485666666666"><ele>69.6</ele><time>2026-02-20T02:31:43Z</time></trkpt><trkpt lat="22.425565" lon="114.24488500000001"><ele>71.1</ele><time>2026-02-20T02:31:51Z</time></trkpt><trkpt lat="22.425546666666666" lon="114.24488833333335"><ele>71.8</ele><time>2026-02-20T02:31:55Z</time></trkpt><trkpt lat="22.425528333333332" lon="114.24488333333332"><ele>72.6</ele><time>2026-02-20T02:31:58Z</time></trkpt><trkpt lat="22.42551166666666" lon="114.24486666666665"><ele>73.19999999999999</ele><time>2026-02-20T02:32:02Z</time></trkpt><trkpt lat="22.42549166666667" lon="114.24486499999999"><ele>73.6</ele><time>2026-02-20T02:32:05Z</time></trkpt><trkpt lat="22.425468333333335" lon="114.24486833333334"><ele>74.1</ele><time>2026-02-20T02:32:09Z</time></trkpt><trkpt lat="22.42544666666667" lon="114.24487333333333"><ele>74.5</ele><time>2026-02-20T02:32:12Z</time></trkpt><trkpt lat="22.42543" lon="114.24488166666667"><ele>75.0</ele><time>2026-02-20T02:32:16Z</time></trkpt><trkpt lat="22.42542" lon="114.24490166666668"><ele>75.5</ele><time>2026-02-20T02:32:23Z</time></trkpt><trkpt lat="22.42540166666667" lon="114.24491333333332"><ele>75.89999999999999</ele><time>2026-02-20T02:32:27Z</time></trkpt><trkpt lat="22.425380000000004" lon="114.244925"><ele>76.5</ele><time>2026-02-20T02:32:31Z</time></trkpt><trkpt lat="22.425363333333333" lon="114.24493666666667"><ele>77.0</ele><time>2026-02-20T02:32:35Z</time></trkpt><trkpt lat="22.425355" lon="114.24495666666665"><ele>77.8</ele><time>2026-02-20T02:32:39Z</time></trkpt><trkpt lat="22.42534333333333" lon="114.24497666666666"><ele>78.39999999999999</ele><time>2026-02-20T02:32:42Z</time></trkpt><trkpt lat="22.425338333333336" lon="114.24499666666667"><ele>79.1</ele><time>2026-02-20T02:32:45Z</time></trkpt><trkpt lat="22.425336666666666" lon="114.24502499999998"><ele>79.5</ele><time>2026-02-20T02:32:48Z</time></trkpt><trkpt lat="22.425335000000004" lon="114.24504833333334"><ele>80.5</ele><time>2026-02-20T02:32:52Z</time></trkpt><trkpt lat="22.425316666666664" lon="114.24503833333334"><ele>82.1</ele><time>2026-02-20T02:32:57Z</time></trkpt><trkpt lat="22.4253" lon="114.24502499999998"><ele>82.69999999999999</ele><time>2026-02-20T02:33:00Z</time></trkpt><trkpt lat="22.425278333333335" lon="114.24502"><ele>83.3</ele><time>2026-02-20T02:33:03Z</time></trkpt><trkpt lat="22.425258333333332" lon="114.24501333333335"><ele>84.19999999999999</ele><time>2026-02-20T02:33:06Z</time></trkpt><trkpt lat="22.425236666666667" lon="114.245015"><ele>84.89999999999999</ele><time>2026-02-20T02:33:09Z</time></trkpt><trkpt lat="22.425218333333337" lon="114.245015"><ele>85.8</ele><time>2026-02-20T02:33:12Z</time></trkpt><trkpt lat="22.42519666666667" lon="114.24501166666666"><ele>86.6</ele><time>2026-02-20T02:33:15Z</time></trkpt><trkpt lat="22.425175" lon="114.24500333333332"><ele>87.1</ele><time>2026-02-20T02:33:18Z</time></trkpt><trkpt lat="22.425153333333334" lon="114.24499499999999"><ele>87.69999999999999</ele><time>2026-02-20T02:33:21Z</time></trkpt><trkpt lat="22.42513166666667" lon="114.24498833333334"><ele>88.5</ele><time>2026-02-20T02:33:24Z</time></trkpt><trkpt lat="22.425114999999998" lon="114.24497833333335"><ele>89.0</ele><time>2026-02-20T02:33:26Z</time></trkpt><trkpt lat="22.425096666666665" lon="114.24497000000001"><ele>89.5</ele><time>2026-02-20T02:33:28Z</time></trkpt><trkpt lat="22.425071666666668" lon="114.24495999999999"><ele>90.1</ele><time>2026-02-20T02:33:31Z</time></trkpt><trkpt lat="22.425045" lon="114.24495666666665"><ele>90.3</ele><time>2026-02-20T02:33:34Z</time></trkpt><trkpt lat="22.425024999999998" lon="114.244945"><ele>90.39999999999999</ele><time>2026-02-20T02:33:37Z</time></trkpt><trkpt lat="22.425023333333336" lon="114.24491666666667"><ele>90.3</ele><time>2026-02-20T02:33:40Z</time></trkpt><trkpt lat="22.42501333333333" lon="114.244895"><ele>90.1</ele><time>2026-02-20T02:33:43Z</time></trkpt><trkpt lat="22.42499666666667" lon="114.24488333333332"><ele>89.8</ele><time>2026-02-20T02:33:46Z</time></trkpt><trkpt lat="22.424973333333334" lon="114.24488500000001"><ele>90.1</ele><time>2026-02-20T02:33:49Z</time></trkpt><trkpt lat="22.42495166666667" lon="114.24489"><ele>90.39999999999999</ele><time>2026-02-20T02:33:52Z</time></trkpt><trkpt lat="22.424918333333334" lon="114.24487166666668"><ele>87.19999999999999</ele><time>2026-02-20T02:35:35Z</time></trkpt><trkpt lat="22.42489833333333" lon="114.24487166666668"><ele>87.19999999999999</ele><time>2026-02-20T02:35:38Z</time></trkpt><trkpt lat="22.424879999999998" lon="114.24486999999999"><ele>87.19999999999999</ele><time>2026-02-20T02:35:40Z</time></trkpt><trkpt lat="22.424858333333336" lon="114.24486666666665"><ele>87.1</ele><time>2026-02-20T02:35:43Z</time></trkpt><trkpt lat="22.424840000000003" lon="114.24485666666666"><ele>87.1</ele><time>2026-02-20T02:35:46Z</time></trkpt><trkpt lat="22.42482166666667" lon="114.24485333333332"><ele>87.19999999999999</ele><time>2026-02-20T02:35:49Z</time></trkpt><trkpt lat="22.42480333333333" lon="114.24484333333334"><ele>87.1</ele><time>2026-02-20T02:35:51Z</time></trkpt><trkpt lat="22.424786666666666" lon="114.24485333333332"><ele>85.39999999999999</ele><time>2026-02-20T02:36:08Z</time></trkpt><trkpt lat="22.42476333333333" lon="114.24486166666665"><ele>85.19999999999999</ele><time>2026-02-20T02:36:11Z</time></trkpt><trkpt lat="22.42474333333333" lon="114.24486"><ele>84.5</ele><time>2026-02-20T02:36:15Z</time></trkpt><trkpt lat="22.42473166666667" lon="114.24487833333333"><ele>83.89999999999999</ele><time>2026-02-20T02:36:22Z</time></trkpt><trkpt lat="22.424703333333333" lon="114.24488000000001"><ele>83.8</ele><time>2026-02-20T02:36:30Z</time></trkpt><trkpt lat="22.424685" lon="114.24488500000001"><ele>83.69999999999999</ele><time>2026-02-20T02:36:32Z</time></trkpt><trkpt lat="22.424663333333335" lon="114.24489"><ele>83.39999999999999</ele><time>2026-02-20T02:36:35Z</time></trkpt><trkpt lat="22.424645" lon="114.24489666666665"><ele>83.3</ele><time>2026-02-20T02:36:38Z</time></trkpt><trkpt lat="22.424625" lon="114.24490833333333"><ele>83.69999999999999</ele><time>2026-02-20T02:36:45Z</time></trkpt><trkpt lat="22.42459666666667" lon="114.24494666666666"><ele>84.0</ele><time>2026-02-20T02:36:57Z</time></trkpt><trkpt lat="22.42458" lon="114.24497166666667"><ele>84.6</ele><time>2026-02-20T02:37:04Z</time></trkpt><trkpt lat="22.42456666666667" lon="114.24498999999999"><ele>85.1</ele><time>2026-02-20T02:37:10Z</time></trkpt><trkpt lat="22.424541666666663" lon="114.24501166666666"><ele>85.5</ele><time>2026-02-20T02:37:20Z</time></trkpt><trkpt lat="22.42452166666667" lon="114.24502166666667"><ele>85.8</ele><time>2026-02-20T02:37:23Z</time></trkpt><trkpt lat="22.424501666666668" lon="114.24502666666667"><ele>86.39999999999999</ele><time>2026-02-20T02:37:27Z</time></trkpt><trkpt lat="22.424481666666665" lon="114.245035"><ele>87.1</ele><time>2026-02-20T02:37:31Z</time></trkpt><trkpt lat="22.42446166666667" lon="114.24503666666666"><ele>87.69999999999999</ele><time>2026-02-20T02:37:35Z</time></trkpt><trkpt lat="22.424443333333336" lon="114.24504333333334"><ele>88.39999999999999</ele><time>2026-02-20T02:37:40Z</time></trkpt><trkpt lat="22.424418333333332" lon="114.245055"><ele>89.3</ele><time>2026-02-20T02:37:44Z</time></trkpt><trkpt lat="22.424398333333336" lon="114.24507333333334"><ele>89.89999999999999</ele><time>2026-02-20T02:37:47Z</time></trkpt><trkpt lat="22.424388333333333" lon="114.24509000000002"><ele>90.69999999999999</ele><time>2026-02-20T02:37:51Z</time></trkpt><trkpt lat="22.424368333333337" lon="114.245095"><ele>91.0</ele><time>2026-02-20T02:37:55Z</time></trkpt><trkpt lat="22.424349999999997" lon="114.24510166666666"><ele>91.0</ele><time>2026-02-20T02:37:57Z</time></trkpt><trkpt lat="22.42432833333333" lon="114.24509833333335"><ele>91.19999999999999</ele><time>2026-02-20T02:38:00Z</time></trkpt><trkpt lat="22.424298333333333" lon="114.24509000000002"><ele>91.3</ele><time>2026-02-20T02:38:03Z</time></trkpt><trkpt lat="22.424271666666662" lon="114.24509000000002"><ele>91.39999999999999</ele><time>2026-02-20T02:38:06Z</time></trkpt><trkpt lat="22.424249999999997" lon="114.24509333333332"><ele>91.3</ele><time>2026-02-20T02:38:08Z</time></trkpt><trkpt lat="22.424228333333335" lon="114.24510166666666"><ele>91.39999999999999</ele><time>2026-02-20T02:38:11Z</time></trkpt><trkpt lat="22.424208333333333" lon="114.24510000000001"><ele>91.5</ele><time>2026-02-20T02:38:14Z</time></trkpt><trkpt lat="22.42419" lon="114.245105"><ele>91.39999999999999</ele><time>2026-02-20T02:38:16Z</time></trkpt><trkpt lat="22.424166666666665" lon="114.24511166666667"><ele>91.0</ele><time>2026-02-20T02:38:18Z</time></trkpt><trkpt lat="22.424143333333337" lon="114.24511666666668"><ele>90.89999999999999</ele><time>2026-02-20T02:38:20Z</time></trkpt><trkpt lat="22.424120000000002" lon="114.24512166666666"><ele>90.6</ele><time>2026-02-20T02:38:23Z</time></trkpt><trkpt lat="22.42410166666667" lon="114.245125"><ele>90.5</ele><time>2026-02-20T02:38:25Z</time></trkpt><trkpt lat="22.424080000000004" lon="114.24511833333332"><ele>90.69999999999999</ele><time>2026-02-20T02:38:27Z</time></trkpt><trkpt lat="22.424061666666663" lon="114.24512000000001"><ele>90.5</ele><time>2026-02-20T02:38:29Z</time></trkpt><trkpt lat="22.424051666666667" lon="114.24513833333334"><ele>91.5</ele><time>2026-02-20T02:38:37Z</time></trkpt><trkpt lat="22.424041666666668" lon="114.24511666666668"><ele>93.0</ele><time>2026-02-20T02:38:42Z</time></trkpt><trkpt lat="22.424023333333334" lon="114.24510666666666"><ele>94.0</ele><time>2026-02-20T02:38:49Z</time></trkpt><trkpt lat="22.42401166666667" lon="114.24512166666666"><ele>93.3</ele><time>2026-02-20T02:38:54Z</time></trkpt><trkpt lat="22.423991666666666" lon="114.24510666666666"><ele>91.8</ele><time>2026-02-20T02:39:04Z</time></trkpt><trkpt lat="22.42396833333333" lon="114.24510833333333"><ele>91.0</ele><time>2026-02-20T02:39:08Z</time></trkpt><trkpt lat="22.423949999999998" lon="114.24511166666667"><ele>90.6</ele><time>2026-02-20T02:39:10Z</time></trkpt><trkpt lat="22.423931666666665" lon="114.24511333333334"><ele>90.19999999999999</ele><time>2026-02-20T02:39:12Z</time></trkpt><trkpt lat="22.423911666666662" lon="114.24510666666666"><ele>89.69999999999999</ele><time>2026-02-20T02:39:15Z</time></trkpt><trkpt lat="22.423895" lon="114.24509833333335"><ele>89.3</ele><time>2026-02-20T02:39:17Z</time></trkpt><trkpt lat="22.423870000000004" lon="114.24510333333335"><ele>89.19999999999999</ele><time>2026-02-20T02:39:20Z</time></trkpt><trkpt lat="22.42384666666667" lon="114.245105"><ele>89.3</ele><time>2026-02-20T02:39:23Z</time></trkpt><trkpt lat="22.423823333333335" lon="114.24510666666666"><ele>89.6</ele><time>2026-02-20T02:39:26Z</time></trkpt><trkpt lat="22.423806666666664" lon="114.24511666666668"><ele>89.6</ele><time>2026-02-20T02:39:31Z</time></trkpt><trkpt lat="22.42378833333333" lon="114.24511499999998"><ele>89.6</ele><time>2026-02-20T02:39:35Z</time></trkpt><trkpt lat="22.423765000000003" lon="114.24511833333332"><ele>89.39999999999999</ele><time>2026-02-20T02:39:38Z</time></trkpt><trkpt lat="22.423745" lon="114.24512333333332"><ele>89.1</ele><time>2026-02-20T02:39:41Z</time></trkpt><trkpt lat="22.423723333333335" lon="114.24513666666665"><ele>89.39999999999999</ele><time>2026-02-20T02:39:44Z</time></trkpt><trkpt lat="22.423703333333332" lon="114.24513999999999"><ele>89.5</ele><time>2026-02-20T02:39:47Z</time></trkpt><trkpt lat="22.423685" lon="114.24515666666666"><ele>89.69999999999999</ele><time>2026-02-20T02:39:51Z</time></trkpt><trkpt lat="22.423664999999996" lon="114.24517166666668"><ele>90.0</ele><time>2026-02-20T02:39:54Z</time></trkpt><trkpt lat="22.423645000000004" lon="114.24518166666667"><ele>90.3</ele><time>2026-02-20T02:39:56Z</time></trkpt><trkpt lat="22.42362333333333" lon="114.245195"><ele>90.39999999999999</ele><time>2026-02-20T02:40:00Z</time></trkpt><trkpt lat="22.423601666666666" lon="114.24521000000001"><ele>90.39999999999999</ele><time>2026-02-20T02:40:03Z</time></trkpt><trkpt lat="22.423583333333333" lon="114.24522166666665"><ele>90.6</ele><time>2026-02-20T02:40:06Z</time></trkpt><trkpt lat="22.423568333333332" lon="114.245235"><ele>90.89999999999999</ele><time>2026-02-20T02:40:09Z</time></trkpt><trkpt lat="22.423553333333334" lon="114.24525166666666"><ele>91.1</ele><time>2026-02-20T02:40:13Z</time></trkpt><trkpt lat="22.423538333333333" lon="114.24527000000002"><ele>91.39999999999999</ele><time>2026-02-20T02:40:16Z</time></trkpt><trkpt lat="22.42351833333333" lon="114.24527666666667"><ele>91.89999999999999</ele><time>2026-02-20T02:40:21Z</time></trkpt><trkpt lat="22.423495000000003" lon="114.245285"><ele>92.89999999999999</ele><time>2026-02-20T02:40:25Z</time></trkpt><trkpt lat="22.423481666666664" lon="114.24529833333332"><ele>93.19999999999999</ele><time>2026-02-20T02:40:28Z</time></trkpt><trkpt lat="22.423463333333334" lon="114.24530166666666"><ele>93.1</ele><time>2026-02-20T02:40:31Z</time></trkpt><trkpt lat="22.423445" lon="114.24529166666667"><ele>92.69999999999999</ele><time>2026-02-20T02:40:39Z</time></trkpt><trkpt lat="22.423421666666666" lon="114.24528333333335"><ele>92.5</ele><time>2026-02-20T02:40:45Z</time></trkpt><trkpt lat="22.423403333333333" lon="114.24528000000001"><ele>92.39999999999999</ele><time>2026-02-20T02:40:49Z</time></trkpt><trkpt lat="22.42338666666667" lon="114.24527166666667"><ele>92.1</ele><time>2026-02-20T02:40:53Z</time></trkpt><trkpt lat="22.42336833333333" lon="114.24527666666667"><ele>92.0</ele><time>2026-02-20T02:40:58Z</time></trkpt><trkpt lat="22.423330000000004" lon="114.24528000000001"><ele>93.8</ele><time>2026-02-20T02:41:13Z</time></trkpt><trkpt lat="22.42331166666667" lon="114.24527666666667"><ele>93.39999999999999</ele><time>2026-02-20T02:41:17Z</time></trkpt><trkpt lat="22.42329833333333" lon="114.24529"><ele>94.3</ele><time>2026-02-20T02:41:23Z</time></trkpt><trkpt lat="22.423246666666667" lon="114.24530833333334"><ele>96.3</ele><time>2026-02-20T02:41:40Z</time></trkpt><trkpt lat="22.423231666666666" lon="114.24532166666668"><ele>96.6</ele><time>2026-02-20T02:41:43Z</time></trkpt><trkpt lat="22.423213333333333" lon="114.24532666666667"><ele>96.89999999999999</ele><time>2026-02-20T02:41:46Z</time></trkpt><trkpt lat="22.423111666666667" lon="114.24534999999999"><ele>101.1</ele><time>2026-02-20T02:42:15Z</time></trkpt><trkpt lat="22.423016666666665" lon="114.24530833333334"><ele>103.69999999999999</ele><time>2026-02-20T02:42:49Z</time></trkpt><trkpt lat="22.422925000000003" lon="114.24532166666668"><ele>112.0</ele><time>2026-02-20T02:43:41Z</time></trkpt><trkpt lat="22.422884999999997" lon="114.24533833333335"><ele>113.5</ele><time>2026-02-20T02:43:52Z</time></trkpt><trkpt lat="22.422838333333335" lon="114.24533833333335"><ele>117.8</ele><time>2026-02-20T02:44:06Z</time></trkpt><trkpt lat="22.42282" lon="114.24533833333335"><ele>118.8</ele><time>2026-02-20T02:44:10Z</time></trkpt><trkpt lat="22.42280166666667" lon="114.24533166666667"><ele>121.69999999999999</ele><time>2026-02-20T02:44:19Z</time></trkpt><trkpt lat="22.422781666666666" lon="114.24533666666666"><ele>123.89999999999999</ele><time>2026-02-20T02:44:23Z</time></trkpt><trkpt lat="22.42271" lon="114.24532333333333"><ele>137.4</ele><time>2026-02-20T02:44:59Z</time></trkpt><trkpt lat="22.42271333333333" lon="114.24534333333334"><ele>139.5</ele><time>2026-02-20T02:45:03Z</time></trkpt><trkpt lat="22.422723333333337" lon="114.245325"><ele>142.5</ele><time>2026-02-20T02:45:13Z</time></trkpt><trkpt lat="22.422706666666667" lon="114.24531166666665"><ele>143.1</ele><time>2026-02-20T02:45:16Z</time></trkpt><trkpt lat="22.422689999999996" lon="114.24530333333333"><ele>144.4</ele><time>2026-02-20T02:45:21Z</time></trkpt><trkpt lat="22.422596666666664" lon="114.24533166666667"><ele>150.2</ele><time>2026-02-20T02:46:01Z</time></trkpt><trkpt lat="22.42249" lon="114.24529499999998"><ele>154.2</ele><time>2026-02-20T02:46:42Z</time></trkpt><trkpt lat="22.422469999999997" lon="114.24529833333332"><ele>154.4</ele><time>2026-02-20T02:46:45Z</time></trkpt><trkpt lat="22.422418333333333" lon="114.24526666666667"><ele>156.29999999999998</ele><time>2026-02-20T02:46:58Z</time></trkpt><trkpt lat="22.42240333333333" lon="114.245255"><ele>157.4</ele><time>2026-02-20T02:47:02Z</time></trkpt><trkpt lat="22.422386666666664" lon="114.24524333333332"><ele>158.5</ele><time>2026-02-20T02:47:05Z</time></trkpt><trkpt lat="22.42237" lon="114.245235"><ele>159.6</ele><time>2026-02-20T02:47:10Z</time></trkpt><trkpt lat="22.422333333333334" lon="114.24520166666667"><ele>162.2</ele><time>2026-02-20T02:47:25Z</time></trkpt><trkpt lat="22.422306666666667" lon="114.24520333333334"><ele>163.9</ele><time>2026-02-20T02:47:35Z</time></trkpt><trkpt lat="22.422208333333334" lon="114.24516833333334"><ele>168.29999999999998</ele><time>2026-02-20T02:48:16Z</time></trkpt><trkpt lat="22.42211166666667" lon="114.24515500000001"><ele>173.9</ele><time>2026-02-20T02:48:54Z</time></trkpt><trkpt lat="22.422028333333333" lon="114.245095"><ele>185.9</ele><time>2026-02-20T02:49:52Z</time></trkpt><trkpt lat="22.421961666666668" lon="114.24506666666666"><ele>193.4</ele><time>2026-02-20T02:50:24Z</time></trkpt><trkpt lat="22.42192" lon="114.24503833333334"><ele>197.9</ele><time>2026-02-20T02:50:49Z</time></trkpt><trkpt lat="22.421895000000003" lon="114.24502666666667"><ele>198.0</ele><time>2026-02-20T02:50:51Z</time></trkpt><trkpt lat="22.421875" lon="114.24502333333334"><ele>199.1</ele><time>2026-02-20T02:50:59Z</time></trkpt><trkpt lat="22.421898333333335" lon="114.24502666666667"><ele>199.9</ele><time>2026-02-20T02:51:03Z</time></trkpt><trkpt lat="22.421835" lon="114.24495"><ele>208.1</ele><time>2026-02-20T02:52:02Z</time></trkpt><trkpt lat="22.421771666666668" lon="114.24486666666665"><ele>216.6</ele><time>2026-02-20T02:52:52Z</time></trkpt><trkpt lat="22.421691666666668" lon="114.24480833333334"><ele>224.7</ele><time>2026-02-20T02:53:43Z</time></trkpt><trkpt lat="22.421601666666668" lon="114.24475833333332"><ele>235.0</ele><time>2026-02-20T02:54:39Z</time></trkpt><trkpt lat="22.421521666666663" lon="114.24470333333332"><ele>242.29999999999998</ele><time>2026-02-20T02:55:22Z</time></trkpt><trkpt lat="22.421501666666668" lon="114.24470500000001"><ele>242.79999999999998</ele><time>2026-02-20T02:55:26Z</time></trkpt><trkpt lat="22.421408333333336" lon="114.24468"><ele>250.6</ele><time>2026-02-20T02:56:05Z</time></trkpt><trkpt lat="22.421303333333338" lon="114.24465833333333"><ele>257.1</ele><time>2026-02-20T02:56:39Z</time></trkpt><trkpt lat="22.421211666666668" lon="114.24470500000001"><ele>261.40000000000003</ele><time>2026-02-20T02:57:13Z</time></trkpt><trkpt lat="22.421106666666667" lon="114.24472833333333"><ele>266.1</ele><time>2026-02-20T02:57:46Z</time></trkpt><trkpt lat="22.421076666666668" lon="114.24472166666668"><ele>266.6</ele><time>2026-02-20T02:57:51Z</time></trkpt><trkpt lat="22.421015000000004" lon="114.244745"><ele>272.6</ele><time>2026-02-20T02:58:24Z</time></trkpt><trkpt lat="22.421001666666665" lon="114.24476000000001"><ele>273.1</ele><time>2026-02-20T02:58:28Z</time></trkpt><trkpt lat="22.420995" lon="114.24478166666668"><ele>274.1</ele><time>2026-02-20T02:58:33Z</time></trkpt><trkpt lat="22.4209" lon="114.244825"><ele>279.5</ele><time>2026-02-20T02:59:12Z</time></trkpt><trkpt lat="22.420881666666666" lon="114.244835"><ele>280.0</ele><time>2026-02-20T02:59:15Z</time></trkpt><trkpt lat="22.42079833333333" lon="114.24487166666668"><ele>285.40000000000003</ele><time>2026-02-20T02:59:51Z</time></trkpt><trkpt lat="22.420726666666663" lon="114.24490499999999"><ele>287.1</ele><time>2026-02-20T03:00:13Z</time></trkpt><trkpt lat="22.420715000000005" lon="114.24495166666665"><ele>289.3</ele><time>2026-02-20T03:00:24Z</time></trkpt><trkpt lat="22.420695000000002" lon="114.244965"><ele>289.90000000000003</ele><time>2026-02-20T03:00:28Z</time></trkpt><trkpt lat="22.420683333333333" lon="114.24498"><ele>290.20000000000005</ele><time>2026-02-20T03:00:32Z</time></trkpt><trkpt lat="22.42067666666667" lon="114.24500166666667"><ele>290.70000000000005</ele><time>2026-02-20T03:00:35Z</time></trkpt><trkpt lat="22.42061833333333" lon="114.245075"><ele>294.3</ele><time>2026-02-20T03:00:58Z</time></trkpt><trkpt lat="22.420608333333334" lon="114.245095"><ele>294.8</ele><time>2026-02-20T03:01:02Z</time></trkpt><trkpt lat="22.420565000000003" lon="114.24516999999999"><ele>297.20000000000005</ele><time>2026-02-20T03:01:26Z</time></trkpt><trkpt lat="22.420563333333334" lon="114.24519333333335"><ele>297.5</ele><time>2026-02-20T03:01:31Z</time></trkpt><trkpt lat="22.42054333333333" lon="114.24521166666666"><ele>298.40000000000003</ele><time>2026-02-20T03:01:35Z</time></trkpt><trkpt lat="22.420536666666667" lon="114.24523166666668"><ele>299.1</ele><time>2026-02-20T03:01:37Z</time></trkpt><trkpt lat="22.42052833333333" lon="114.24525333333334"><ele>300.0</ele><time>2026-02-20T03:01:40Z</time></trkpt><trkpt lat="22.420520000000003" lon="114.245275"><ele>300.90000000000003</ele><time>2026-02-20T03:01:43Z</time></trkpt><trkpt lat="22.420509999999997" lon="114.24529166666667"><ele>302.0</ele><time>2026-02-20T03:01:47Z</time></trkpt><trkpt lat="22.42049666666667" lon="114.24531"><ele>303.20000000000005</ele><time>2026-02-20T03:01:51Z</time></trkpt><trkpt lat="22.420479999999998" lon="114.245325"><ele>305.1</ele><time>2026-02-20T03:01:58Z</time></trkpt><trkpt lat="22.420473333333334" lon="114.24534666666665"><ele>306.3</ele><time>2026-02-20T03:02:03Z</time></trkpt><trkpt lat="22.420461666666665" lon="114.24536166666667"><ele>307.70000000000005</ele><time>2026-02-20T03:02:12Z</time></trkpt><trkpt lat="22.42044333333333" lon="114.24542666666666"><ele>311.70000000000005</ele><time>2026-02-20T03:02:38Z</time></trkpt><trkpt lat="22.420433333333335" lon="114.24544333333333"><ele>312.90000000000003</ele><time>2026-02-20T03:02:43Z</time></trkpt><trkpt lat="22.420419999999996" lon="114.24546333333335"><ele>313.6</ele><time>2026-02-20T03:02:46Z</time></trkpt><trkpt lat="22.42041" lon="114.24548000000001"><ele>314.40000000000003</ele><time>2026-02-20T03:02:50Z</time></trkpt><trkpt lat="22.420388333333335" lon="114.24549"><ele>315.20000000000005</ele><time>2026-02-20T03:02:56Z</time></trkpt><trkpt lat="22.42036333333333" lon="114.24549833333334"><ele>319.70000000000005</ele><time>2026-02-20T03:03:41Z</time></trkpt><trkpt lat="22.42038" lon="114.24548833333334"><ele>319.90000000000003</ele><time>2026-02-20T03:03:46Z</time></trkpt><trkpt lat="22.42036333333333" lon="114.24554000000002"><ele>321.40000000000003</ele><time>2026-02-20T03:04:30Z</time></trkpt><trkpt lat="22.420356666666667" lon="114.24555833333334"><ele>321.5</ele><time>2026-02-20T03:04:32Z</time></trkpt><trkpt lat="22.420344999999998" lon="114.24557666666666"><ele>321.70000000000005</ele><time>2026-02-20T03:04:35Z</time></trkpt><trkpt lat="22.420331666666666" lon="114.24558999999999"><ele>321.70000000000005</ele><time>2026-02-20T03:04:38Z</time></trkpt><trkpt lat="22.42031833333333" lon="114.24560500000001"><ele>321.8</ele><time>2026-02-20T03:04:41Z</time></trkpt><trkpt lat="22.420310000000004" lon="114.24562499999999"><ele>321.90000000000003</ele><time>2026-02-20T03:04:44Z</time></trkpt><trkpt lat="22.420295000000003" lon="114.24564166666666"><ele>322.0</ele><time>2026-02-20T03:04:47Z</time></trkpt><trkpt lat="22.420281666666664" lon="114.24565666666668"><ele>322.0</ele><time>2026-02-20T03:04:50Z</time></trkpt><trkpt lat="22.420271666666668" lon="114.24567333333334"><ele>322.1</ele><time>2026-02-20T03:04:53Z</time></trkpt><trkpt lat="22.42025833333333" lon="114.24568833333333"><ele>322.20000000000005</ele><time>2026-02-20T03:04:56Z</time></trkpt><trkpt lat="22.420238333333334" lon="114.24570666666665"><ele>322.20000000000005</ele><time>2026-02-20T03:04:59Z</time></trkpt><trkpt lat="22.420226666666668" lon="114.24572500000001"><ele>322.20000000000005</ele><time>2026-02-20T03:05:01Z</time></trkpt><trkpt lat="22.42021333333333" lon="114.24574166666667"><ele>322.20000000000005</ele><time>2026-02-20T03:05:03Z</time></trkpt><trkpt lat="22.420198333333328" lon="114.24576333333334"><ele>322.3</ele><time>2026-02-20T03:05:06Z</time></trkpt><trkpt lat="22.42018666666667" lon="114.24577833333333"><ele>322.3</ele><time>2026-02-20T03:05:10Z</time></trkpt><trkpt lat="22.42017333333333" lon="114.24579666666665"><ele>322.3</ele><time>2026-02-20T03:05:15Z</time></trkpt><trkpt lat="22.420151666666666" lon="114.24581166666667"><ele>322.6</ele><time>2026-02-20T03:05:19Z</time></trkpt><trkpt lat="22.42013833333333" lon="114.24582666666666"><ele>322.6</ele><time>2026-02-20T03:05:22Z</time></trkpt><trkpt lat="22.420119999999997" lon="114.24583833333332"><ele>322.6</ele><time>2026-02-20T03:05:25Z</time></trkpt><trkpt lat="22.4201" lon="114.24585333333334"><ele>322.6</ele><time>2026-02-20T03:05:28Z</time></trkpt><trkpt lat="22.420085000000004" lon="114.24586666666667"><ele>322.8</ele><time>2026-02-20T03:05:31Z</time></trkpt><trkpt lat="22.420070000000003" lon="114.245885"><ele>323.1</ele><time>2026-02-20T03:05:34Z</time></trkpt><trkpt lat="22.420055" lon="114.24590333333332"><ele>323.70000000000005</ele><time>2026-02-20T03:05:37Z</time></trkpt><trkpt lat="22.420045" lon="114.24592"><ele>324.0</ele><time>2026-02-20T03:05:40Z</time></trkpt><trkpt lat="22.420033333333336" lon="114.24594"><ele>324.40000000000003</ele><time>2026-02-20T03:05:44Z</time></trkpt><trkpt lat="22.420023333333333" lon="114.24595833333333"><ele>324.90000000000003</ele><time>2026-02-20T03:05:47Z</time></trkpt><trkpt lat="22.41996" lon="114.24602000000002"><ele>327.70000000000005</ele><time>2026-02-20T03:06:09Z</time></trkpt><trkpt lat="22.419941666666666" lon="114.24602666666667"><ele>328.20000000000005</ele><time>2026-02-20T03:06:13Z</time></trkpt><trkpt lat="22.41985833333333" lon="114.24607166666668"><ele>331.8</ele><time>2026-02-20T03:06:34Z</time></trkpt><trkpt lat="22.41983" lon="114.24608000000002"><ele>332.90000000000003</ele><time>2026-02-20T03:06:43Z</time></trkpt><trkpt lat="22.419806666666666" lon="114.24608333333332"><ele>333.3</ele><time>2026-02-20T03:06:47Z</time></trkpt><trkpt lat="22.419785" lon="114.24608500000001"><ele>333.70000000000005</ele><time>2026-02-20T03:06:52Z</time></trkpt><trkpt lat="22.41976833333333" lon="114.24609333333335"><ele>333.90000000000003</ele><time>2026-02-20T03:06:54Z</time></trkpt><trkpt lat="22.41975166666667" lon="114.24610833333332"><ele>334.3</ele><time>2026-02-20T03:06:58Z</time></trkpt><trkpt lat="22.419731666666667" lon="114.24611333333333"><ele>334.70000000000005</ele><time>2026-02-20T03:07:03Z</time></trkpt><trkpt lat="22.419711666666664" lon="114.24612"><ele>335.40000000000003</ele><time>2026-02-20T03:07:08Z</time></trkpt><trkpt lat="22.419696666666663" lon="114.24613166666668"><ele>335.70000000000005</ele><time>2026-02-20T03:07:11Z</time></trkpt><trkpt lat="22.419684999999998" lon="114.24614666666666"><ele>335.8</ele><time>2026-02-20T03:07:14Z</time></trkpt><trkpt lat="22.419598333333337" lon="114.24621166666665"><ele>338.70000000000005</ele><time>2026-02-20T03:07:38Z</time></trkpt><trkpt lat="22.419583333333335" lon="114.24622833333333"><ele>339.6</ele><time>2026-02-20T03:07:42Z</time></trkpt><trkpt lat="22.41956" lon="114.24625666666667"><ele>340.90000000000003</ele><time>2026-02-20T03:07:48Z</time></trkpt><trkpt lat="22.41955666666667" lon="114.24628166666668"><ele>341.6</ele><time>2026-02-20T03:07:51Z</time></trkpt><trkpt lat="22.419538333333335" lon="114.24629333333333"><ele>342.3</ele><time>2026-02-20T03:07:57Z</time></trkpt><trkpt lat="22.419525" lon="114.24630666666665"><ele>342.8</ele><time>2026-02-20T03:08:01Z</time></trkpt><trkpt lat="22.419435" lon="114.24635833333332"><ele>347.70000000000005</ele><time>2026-02-20T03:08:36Z</time></trkpt><trkpt lat="22.419396666666664" lon="114.24637"><ele>349.3</ele><time>2026-02-20T03:08:54Z</time></trkpt><trkpt lat="22.419385000000002" lon="114.24638666666667"><ele>349.6</ele><time>2026-02-20T03:08:59Z</time></trkpt><trkpt lat="22.419375" lon="114.24640666666667"><ele>350.0</ele><time>2026-02-20T03:09:03Z</time></trkpt><trkpt lat="22.419314999999997" lon="114.24649166666669"><ele>354.3</ele><time>2026-02-20T03:09:35Z</time></trkpt><trkpt lat="22.419253333333337" lon="114.24657166666665"><ele>358.3</ele><time>2026-02-20T03:10:12Z</time></trkpt><trkpt lat="22.419173333333333" lon="114.24664499999999"><ele>361.1</ele><time>2026-02-20T03:10:40Z</time></trkpt><trkpt lat="22.419100000000004" lon="114.24672000000001"><ele>368.70000000000005</ele><time>2026-02-20T03:11:28Z</time></trkpt><trkpt lat="22.419013333333336" lon="114.24678666666665"><ele>370.90000000000003</ele><time>2026-02-20T03:11:55Z</time></trkpt><trkpt lat="22.41892833333333" lon="114.24684833333335"><ele>374.0</ele><time>2026-02-20T03:12:19Z</time></trkpt><trkpt lat="22.418833333333335" lon="114.24689333333332"><ele>380.1</ele><time>2026-02-20T03:12:58Z</time></trkpt><trkpt lat="22.418729999999996" lon="114.24691833333333"><ele>385.5</ele><time>2026-02-20T03:13:26Z</time></trkpt><trkpt lat="22.418729999999996" lon="114.24694"><ele>395.70000000000005</ele><time>2026-02-20T03:15:59Z</time></trkpt><trkpt lat="22.41872166666667" lon="114.24695833333332"><ele>395.1</ele><time>2026-02-20T03:16:02Z</time></trkpt><trkpt lat="22.41871" lon="114.24697333333333"><ele>394.3</ele><time>2026-02-20T03:16:06Z</time></trkpt><trkpt lat="22.418701666666667" lon="114.24699166666666"><ele>393.8</ele><time>2026-02-20T03:16:13Z</time></trkpt><trkpt lat="22.418683333333334" lon="114.24700666666668"><ele>394.0</ele><time>2026-02-20T03:16:17Z</time></trkpt><trkpt lat="22.41862833333333" lon="114.24709666666668"><ele>395.6</ele><time>2026-02-20T03:16:50Z</time></trkpt><trkpt lat="22.41861666666667" lon="114.247115"><ele>396.20000000000005</ele><time>2026-02-20T03:16:54Z</time></trkpt><trkpt lat="22.418576666666663" lon="114.24713500000001"><ele>397.3</ele><time>2026-02-20T03:17:05Z</time></trkpt><trkpt lat="22.41849" lon="114.24719833333332"><ele>403.0</ele><time>2026-02-20T03:17:47Z</time></trkpt><trkpt lat="22.418455" lon="114.24730333333333"><ele>410.5</ele><time>2026-02-20T03:18:51Z</time></trkpt><trkpt lat="22.418456666666664" lon="114.247355"><ele>410.5</ele><time>2026-02-20T03:19:13Z</time></trkpt><trkpt lat="22.418515000000003" lon="114.24739"><ele>409.8</ele><time>2026-02-20T03:19:32Z</time></trkpt><trkpt lat="22.418453333333332" lon="114.24742499999999"><ele>410.0</ele><time>2026-02-20T03:20:34Z</time></trkpt><trkpt lat="22.418446666666668" lon="114.24740500000001"><ele>408.3</ele><time>2026-02-20T03:20:50Z</time></trkpt><trkpt lat="22.418448333333338" lon="114.24730666666667"><ele>408.0</ele><time>2026-02-20T03:24:06Z</time></trkpt><trkpt lat="22.41836" lon="114.24729"><ele>414.1</ele><time>2026-02-20T03:25:03Z</time></trkpt><trkpt lat="22.41827333333333" lon="114.24734500000001"><ele>418.6</ele><time>2026-02-20T03:25:57Z</time></trkpt><trkpt lat="22.418186666666664" lon="114.24740833333333"><ele>426.20000000000005</ele><time>2026-02-20T03:26:50Z</time></trkpt><trkpt lat="22.418098333333333" lon="114.24744333333335"><ele>432.40000000000003</ele><time>2026-02-20T03:27:30Z</time></trkpt><trkpt lat="22.41800333333333" lon="114.24746333333333"><ele>438.20000000000005</ele><time>2026-02-20T03:29:08Z</time></trkpt><trkpt lat="22.418051666666663" lon="114.24744833333334"><ele>441.5</ele><time>2026-02-20T03:30:28Z</time></trkpt><trkpt lat="22.418029999999998" lon="114.24742999999998"><ele>441.40000000000003</ele><time>2026-02-20T03:30:30Z</time></trkpt><trkpt lat="22.418031666666668" lon="114.24745166666668"><ele>440.40000000000003</ele><time>2026-02-20T03:30:39Z</time></trkpt><trkpt lat="22.418013333333338" lon="114.24745499999999"><ele>439.8</ele><time>2026-02-20T03:30:47Z</time></trkpt><trkpt lat="22.418020000000002" lon="114.24741166666666"><ele>439.3</ele><time>2026-02-20T03:31:03Z</time></trkpt><trkpt lat="22.418043333333337" lon="114.24742999999998"><ele>439.20000000000005</ele><time>2026-02-20T03:31:10Z</time></trkpt><trkpt lat="22.41804666666667" lon="114.24745499999999"><ele>439.20000000000005</ele><time>2026-02-20T03:31:12Z</time></trkpt><trkpt lat="22.418026666666666" lon="114.24745999999999"><ele>439.40000000000003</ele><time>2026-02-20T03:31:17Z</time></trkpt><trkpt lat="22.418023333333334" lon="114.24748333333334"><ele>439.6</ele><time>2026-02-20T03:31:21Z</time></trkpt><trkpt lat="22.418035" lon="114.24750333333334"><ele>439.8</ele><time>2026-02-20T03:31:23Z</time></trkpt><trkpt lat="22.418058333333338" lon="114.24752166666667"><ele>440.0</ele><time>2026-02-20T03:31:25Z</time></trkpt><trkpt lat="22.418128333333335" lon="114.24742333333333"><ele>440.5</ele><time>2026-02-20T03:31:27Z</time></trkpt><trkpt lat="22.41814" lon="114.24737666666667"><ele>440.70000000000005</ele><time>2026-02-20T03:31:28Z</time></trkpt><trkpt lat="22.41814833333334" lon="114.24734666666667"><ele>440.8</ele><time>2026-02-20T03:31:29Z</time></trkpt><trkpt lat="22.418096666666663" lon="114.24736999999999"><ele>441.1</ele><time>2026-02-20T03:31:31Z</time></trkpt><trkpt lat="22.418068333333334" lon="114.247395"><ele>441.20000000000005</ele><time>2026-02-20T03:31:32Z</time></trkpt><trkpt lat="22.418083333333335" lon="114.24741"><ele>441.6</ele><time>2026-02-20T03:31:33Z</time></trkpt><trkpt lat="22.418114999999997" lon="114.24742499999999"><ele>441.3</ele><time>2026-02-20T03:31:34Z</time></trkpt><trkpt lat="22.418099999999995" lon="114.24744000000001"><ele>442.5</ele><time>2026-02-20T03:31:36Z</time></trkpt><trkpt lat="22.418083333333335" lon="114.24745"><ele>443.40000000000003</ele><time>2026-02-20T03:31:39Z</time></trkpt><trkpt lat="22.418043333333337" lon="114.24746666666667"><ele>447.70000000000005</ele><time>2026-02-20T03:32:20Z</time></trkpt><trkpt lat="22.418021666666665" lon="114.24745666666668"><ele>447.3</ele><time>2026-02-20T03:32:23Z</time></trkpt><trkpt lat="22.417935000000003" lon="114.24751333333333"><ele>452.0</ele><time>2026-02-20T03:33:00Z</time></trkpt><trkpt lat="22.41786833333333" lon="114.247595"><ele>455.70000000000005</ele><time>2026-02-20T03:33:40Z</time></trkpt><trkpt lat="22.417848333333335" lon="114.24758833333333"><ele>456.20000000000005</ele><time>2026-02-20T03:33:45Z</time></trkpt><trkpt lat="22.417775" lon="114.24765166666666"><ele>461.5</ele><time>2026-02-20T03:34:23Z</time></trkpt><trkpt lat="22.417691666666663" lon="114.24772499999999"><ele>469.1</ele><time>2026-02-20T03:35:04Z</time></trkpt><trkpt lat="22.417620000000003" lon="114.24779666666667"><ele>476.0</ele><time>2026-02-20T03:35:52Z</time></trkpt><trkpt lat="22.417601666666663" lon="114.24779833333332"><ele>476.6</ele><time>2026-02-20T03:35:56Z</time></trkpt><trkpt lat="22.417616666666664" lon="114.24781833333333"><ele>477.5</ele><time>2026-02-20T03:36:03Z</time></trkpt><trkpt lat="22.41755" lon="114.24788833333332"><ele>485.70000000000005</ele><time>2026-02-20T03:37:05Z</time></trkpt><trkpt lat="22.417501666666666" lon="114.24798166666666"><ele>494.0</ele><time>2026-02-20T03:38:14Z</time></trkpt><trkpt lat="22.41740333333333" lon="114.24802166666665"><ele>502.5</ele><time>2026-02-20T03:39:13Z</time></trkpt><trkpt lat="22.417348333333333" lon="114.24811"><ele>508.20000000000005</ele><time>2026-02-20T03:39:49Z</time></trkpt><trkpt lat="22.417278333333336" lon="114.24815833333332"><ele>514.1</ele><time>2026-02-20T03:40:20Z</time></trkpt><trkpt lat="22.41720833333333" lon="114.24822166666667"><ele>519.4</ele><time>2026-02-20T03:41:03Z</time></trkpt><trkpt lat="22.41710833333333" lon="114.24826666666668"><ele>532.1</ele><time>2026-02-20T03:42:03Z</time></trkpt><trkpt lat="22.417021666666663" lon="114.24831333333334"><ele>543.4</ele><time>2026-02-20T03:42:52Z</time></trkpt><trkpt lat="22.416935" lon="114.24834166666666"><ele>550.2</ele><time>2026-02-20T03:43:34Z</time></trkpt><trkpt lat="22.416853333333332" lon="114.248375"><ele>558.9</ele><time>2026-02-20T03:44:38Z</time></trkpt><trkpt lat="22.416773333333335" lon="114.24843666666666"><ele>566.7</ele><time>2026-02-20T03:45:23Z</time></trkpt><trkpt lat="22.416763333333332" lon="114.24845333333333"><ele>566.9</ele><time>2026-02-20T03:45:27Z</time></trkpt><trkpt lat="22.416676666666664" lon="114.24849166666667"><ele>578.6</ele><time>2026-02-20T03:46:53Z</time></trkpt><trkpt lat="22.416604999999997" lon="114.24856333333334"><ele>584.1</ele><time>2026-02-20T03:47:28Z</time></trkpt><trkpt lat="22.416508333333333" lon="114.24860500000001"><ele>590.7</ele><time>2026-02-20T03:48:06Z</time></trkpt><trkpt lat="22.416411666666665" lon="114.24864000000001"><ele>596.8000000000001</ele><time>2026-02-20T03:48:41Z</time></trkpt><trkpt lat="22.416331666666665" lon="114.24865666666668"><ele>606.2</ele><time>2026-02-20T03:49:32Z</time></trkpt><trkpt lat="22.416320000000002" lon="114.24868166666666"><ele>609.2</ele><time>2026-02-20T03:50:01Z</time></trkpt><trkpt lat="22.41631" lon="114.24866333333333"><ele>617.2</ele><time>2026-02-20T03:51:25Z</time></trkpt><trkpt lat="22.416351666666667" lon="114.24866833333333"><ele>607.3000000000001</ele><time>2026-02-20T03:52:02Z</time></trkpt><trkpt lat="22.416288333333334" lon="114.24869333333332"><ele>608.5</ele><time>2026-02-20T03:52:33Z</time></trkpt><trkpt lat="22.41627" lon="114.24870333333335"><ele>609.2</ele><time>2026-02-20T03:52:37Z</time></trkpt><trkpt lat="22.416165" lon="114.24873166666666"><ele>613.5</ele><time>2026-02-20T03:53:18Z</time></trkpt><trkpt lat="22.416111666666666" lon="114.248745"><ele>616.3000000000001</ele><time>2026-02-20T03:53:37Z</time></trkpt><trkpt lat="22.416098333333334" lon="114.24876"><ele>617.5</ele><time>2026-02-20T03:53:41Z</time></trkpt><trkpt lat="22.416085" lon="114.248775"><ele>619.5</ele><time>2026-02-20T03:53:48Z</time></trkpt><trkpt lat="22.416066666666666" lon="114.24878333333332"><ele>620.1</ele><time>2026-02-20T03:53:52Z</time></trkpt><trkpt lat="22.416013333333332" lon="114.24881666666667"><ele>622.6</ele><time>2026-02-20T03:54:08Z</time></trkpt><trkpt lat="22.416" lon="114.24883333333334"><ele>622.9</ele><time>2026-02-20T03:54:12Z</time></trkpt><trkpt lat="22.415985" lon="114.24885"><ele>623.6</ele><time>2026-02-20T03:54:17Z</time></trkpt><trkpt lat="22.41597" lon="114.248865"><ele>625.4</ele><time>2026-02-20T03:54:25Z</time></trkpt><trkpt lat="22.415936666666667" lon="114.24887666666667"><ele>629.1</ele><time>2026-02-20T03:55:00Z</time></trkpt><trkpt lat="22.415918333333334" lon="114.24888833333334"><ele>629.7</ele><time>2026-02-20T03:55:04Z</time></trkpt><trkpt lat="22.415900000000004" lon="114.24889833333333"><ele>630.0</ele><time>2026-02-20T03:55:08Z</time></trkpt><trkpt lat="22.41588166666667" lon="114.24891000000001"><ele>630.4</ele><time>2026-02-20T03:55:12Z</time></trkpt><trkpt lat="22.41586333333333" lon="114.24891666666666"><ele>630.9</ele><time>2026-02-20T03:55:16Z</time></trkpt><trkpt lat="22.415841666666665" lon="114.24891000000001"><ele>632.2</ele><time>2026-02-20T03:55:37Z</time></trkpt><trkpt lat="22.41582" lon="114.24891000000001"><ele>631.9</ele><time>2026-02-20T03:55:40Z</time></trkpt><trkpt lat="22.415801666666667" lon="114.24891000000001"><ele>631.5</ele><time>2026-02-20T03:55:43Z</time></trkpt><trkpt lat="22.415783333333334" lon="114.24890666666667"><ele>631.0</ele><time>2026-02-20T03:55:49Z</time></trkpt><trkpt lat="22.415763333333334" lon="114.24889499999999"><ele>630.6</ele><time>2026-02-20T03:55:53Z</time></trkpt><trkpt lat="22.415736666666664" lon="114.24886833333333"><ele>629.1</ele><time>2026-02-20T03:56:14Z</time></trkpt><trkpt lat="22.415718333333334" lon="114.24886999999998"><ele>629.0</ele><time>2026-02-20T03:56:16Z</time></trkpt><trkpt lat="22.41569833333333" lon="114.24887166666667"><ele>629.0</ele><time>2026-02-20T03:56:18Z</time></trkpt><trkpt lat="22.415675000000004" lon="114.24888166666666"><ele>629.2</ele><time>2026-02-20T03:56:23Z</time></trkpt><trkpt lat="22.41565333333333" lon="114.248885"><ele>629.2</ele><time>2026-02-20T03:56:27Z</time></trkpt><trkpt lat="22.415633333333336" lon="114.24889999999999"><ele>628.6</ele><time>2026-02-20T03:56:31Z</time></trkpt><trkpt lat="22.415615000000003" lon="114.24891166666666"><ele>628.5</ele><time>2026-02-20T03:56:37Z</time></trkpt><trkpt lat="22.415523333333333" lon="114.24894"><ele>631.9</ele><time>2026-02-20T03:57:12Z</time></trkpt><trkpt lat="22.41550333333333" lon="114.248945"><ele>632.0</ele><time>2026-02-20T03:57:16Z</time></trkpt><trkpt lat="22.415433333333333" lon="114.24897333333332"><ele>635.6</ele><time>2026-02-20T03:57:48Z</time></trkpt><trkpt lat="22.41541833333333" lon="114.24896166666667"><ele>636.0</ele><time>2026-02-20T03:57:52Z</time></trkpt><trkpt lat="22.415354999999998" lon="114.24898333333334"><ele>637.6</ele><time>2026-02-20T03:58:25Z</time></trkpt><trkpt lat="22.415334999999995" lon="114.24898999999999"><ele>638.1</ele><time>2026-02-20T03:58:30Z</time></trkpt><trkpt lat="22.415316666666666" lon="114.24898999999999"><ele>638.7</ele><time>2026-02-20T03:58:37Z</time></trkpt><trkpt lat="22.415226666666666" lon="114.24898833333333"><ele>646.3000000000001</ele><time>2026-02-20T03:59:26Z</time></trkpt><trkpt lat="22.415124999999996" lon="114.24902333333333"><ele>654.7</ele><time>2026-02-20T04:00:23Z</time></trkpt><trkpt lat="22.415106666666663" lon="114.24901833333334"><ele>655.7</ele><time>2026-02-20T04:00:26Z</time></trkpt><trkpt lat="22.415006666666667" lon="114.24900833333335"><ele>660.9</ele><time>2026-02-20T04:01:10Z</time></trkpt><trkpt lat="22.414904999999997" lon="114.24898166666665"><ele>666.1</ele><time>2026-02-20T04:01:47Z</time></trkpt><trkpt lat="22.414865000000002" lon="114.24896333333332"><ele>667.7</ele><time>2026-02-20T04:02:01Z</time></trkpt><trkpt lat="22.414845" lon="114.24896833333332"><ele>667.7</ele><time>2026-02-20T04:02:04Z</time></trkpt><trkpt lat="22.414806666666664" lon="114.24894"><ele>668.0</ele><time>2026-02-20T04:02:21Z</time></trkpt><trkpt lat="22.414791666666662" lon="114.248925"><ele>668.1</ele><time>2026-02-20T04:02:25Z</time></trkpt><trkpt lat="22.414775000000002" lon="114.24891666666666"><ele>668.3000000000001</ele><time>2026-02-20T04:02:30Z</time></trkpt><trkpt lat="22.414751666666668" lon="114.24891333333335"><ele>668.7</ele><time>2026-02-20T04:02:35Z</time></trkpt><trkpt lat="22.414735000000004" lon="114.24890333333333"><ele>669.5</ele><time>2026-02-20T04:02:41Z</time></trkpt><trkpt lat="22.414718333333333" lon="114.24891166666666"><ele>669.7</ele><time>2026-02-20T04:02:45Z</time></trkpt><trkpt lat="22.414703333333332" lon="114.24889999999999"><ele>670.1</ele><time>2026-02-20T04:02:49Z</time></trkpt><trkpt lat="22.414706666666667" lon="114.24888000000001"><ele>673.0</ele><time>2026-02-20T04:03:12Z</time></trkpt><trkpt lat="22.414706666666667" lon="114.24886"><ele>672.8000000000001</ele><time>2026-02-20T04:03:15Z</time></trkpt><trkpt lat="22.4147" lon="114.24884166666668"><ele>672.2</ele><time>2026-02-20T04:03:18Z</time></trkpt><trkpt lat="22.414679999999997" lon="114.248825"><ele>671.7</ele><time>2026-02-20T04:03:22Z</time></trkpt><trkpt lat="22.414663333333337" lon="114.24881166666667"><ele>671.7</ele><time>2026-02-20T04:03:25Z</time></trkpt><trkpt lat="22.414648333333336" lon="114.24878666666667"><ele>671.6</ele><time>2026-02-20T04:03:28Z</time></trkpt><trkpt lat="22.414634999999997" lon="114.24877166666666"><ele>671.3000000000001</ele><time>2026-02-20T04:03:30Z</time></trkpt><trkpt lat="22.41462333333333" lon="114.24875666666667"><ele>670.6</ele><time>2026-02-20T04:03:33Z</time></trkpt><trkpt lat="22.414616666666667" lon="114.24873833333335"><ele>670.2</ele><time>2026-02-20T04:03:35Z</time></trkpt><trkpt lat="22.414601666666666" lon="114.24872500000001"><ele>669.7</ele><time>2026-02-20T04:03:37Z</time></trkpt><trkpt lat="22.414588333333334" lon="114.248705"><ele>669.3000000000001</ele><time>2026-02-20T04:03:40Z</time></trkpt><trkpt lat="22.414581666666663" lon="114.24868333333333"><ele>669.2</ele><time>2026-02-20T04:03:44Z</time></trkpt><trkpt lat="22.41456833333333" lon="114.24866500000002"><ele>669.2</ele><time>2026-02-20T04:03:49Z</time></trkpt><trkpt lat="22.414559999999998" lon="114.24864666666666"><ele>669.3000000000001</ele><time>2026-02-20T04:03:52Z</time></trkpt><trkpt lat="22.414548333333332" lon="114.24862499999999"><ele>669.6</ele><time>2026-02-20T04:03:57Z</time></trkpt><trkpt lat="22.414543333333334" lon="114.24860166666667"><ele>669.8000000000001</ele><time>2026-02-20T04:04:01Z</time></trkpt><trkpt lat="22.414528333333337" lon="114.24858166666667"><ele>669.9</ele><time>2026-02-20T04:04:05Z</time></trkpt><trkpt lat="22.414508333333334" lon="114.24857666666666"><ele>670.0</ele><time>2026-02-20T04:04:08Z</time></trkpt><trkpt lat="22.414491666666663" lon="114.24856666666668"><ele>671.0</ele><time>2026-02-20T04:04:11Z</time></trkpt><trkpt lat="22.414460000000002" lon="114.24854500000001"><ele>673.7</ele><time>2026-02-20T04:04:34Z</time></trkpt><trkpt lat="22.414446666666663" lon="114.24853"><ele>673.3000000000001</ele><time>2026-02-20T04:04:39Z</time></trkpt><trkpt lat="22.414424999999998" lon="114.24853"><ele>672.8000000000001</ele><time>2026-02-20T04:04:43Z</time></trkpt><trkpt lat="22.414405000000002" lon="114.24852833333334"><ele>671.6</ele><time>2026-02-20T04:04:49Z</time></trkpt><trkpt lat="22.41438333333333" lon="114.24851833333332"><ele>671.2</ele><time>2026-02-20T04:04:53Z</time></trkpt><trkpt lat="22.414363333333334" lon="114.24851666666667"><ele>671.1</ele><time>2026-02-20T04:04:57Z</time></trkpt><trkpt lat="22.41434333333333" lon="114.24851500000001"><ele>671.1</ele><time>2026-02-20T04:05:01Z</time></trkpt><trkpt lat="22.414303333333336" lon="114.24850999999998"><ele>671.5</ele><time>2026-02-20T04:05:09Z</time></trkpt><trkpt lat="22.414283333333334" lon="114.24851166666667"><ele>671.4</ele><time>2026-02-20T04:05:11Z</time></trkpt><trkpt lat="22.41426" lon="114.24851333333332"><ele>671.1</ele><time>2026-02-20T04:05:14Z</time></trkpt><trkpt lat="22.414240000000003" lon="114.24851333333332"><ele>671.5</ele><time>2026-02-20T04:05:19Z</time></trkpt><trkpt lat="22.414225000000002" lon="114.24853499999999"><ele>671.6</ele><time>2026-02-20T04:05:23Z</time></trkpt><trkpt lat="22.41423166666667" lon="114.24855833333335"><ele>671.7</ele><time>2026-02-20T04:05:25Z</time></trkpt><trkpt lat="22.414243333333335" lon="114.24857333333333"><ele>672.1</ele><time>2026-02-20T04:05:28Z</time></trkpt><trkpt lat="22.41424833333333" lon="114.24854666666667"><ele>671.3000000000001</ele><time>2026-02-20T04:05:34Z</time></trkpt><trkpt lat="22.414235" lon="114.24856"><ele>671.7</ele><time>2026-02-20T04:05:38Z</time></trkpt><trkpt lat="22.41422166666667" lon="114.24857333333333"><ele>672.1</ele><time>2026-02-20T04:05:47Z</time></trkpt><trkpt lat="22.41413" lon="114.24860333333332"><ele>668.4</ele><time>2026-02-20T04:06:34Z</time></trkpt><trkpt lat="22.41411666666667" lon="114.24861666666666"><ele>667.5</ele><time>2026-02-20T04:06:38Z</time></trkpt><trkpt lat="22.41410166666667" lon="114.24862833333333"><ele>666.8000000000001</ele><time>2026-02-20T04:06:41Z</time></trkpt><trkpt lat="22.41408666666667" lon="114.24864166666666"><ele>666.1</ele><time>2026-02-20T04:06:44Z</time></trkpt><trkpt lat="22.41407166666667" lon="114.24865666666668"><ele>664.9</ele><time>2026-02-20T04:06:49Z</time></trkpt><trkpt lat="22.414058333333333" lon="114.24867333333334"><ele>664.2</ele><time>2026-02-20T04:06:53Z</time></trkpt><trkpt lat="22.41405666666667" lon="114.24869500000001"><ele>663.4</ele><time>2026-02-20T04:06:57Z</time></trkpt><trkpt lat="22.41404166666667" lon="114.24871666666668"><ele>662.6</ele><time>2026-02-20T04:07:00Z</time></trkpt><trkpt lat="22.41402333333333" lon="114.24873666666666"><ele>662.1</ele><time>2026-02-20T04:07:03Z</time></trkpt><trkpt lat="22.414001666666664" lon="114.248745"><ele>661.1</ele><time>2026-02-20T04:07:09Z</time></trkpt><trkpt lat="22.41399333333333" lon="114.24876833333335"><ele>660.3000000000001</ele><time>2026-02-20T04:07:14Z</time></trkpt><trkpt lat="22.413986666666666" lon="114.24878833333332"><ele>659.9</ele><time>2026-02-20T04:07:16Z</time></trkpt><trkpt lat="22.41398333333333" lon="114.24880999999999"><ele>659.6</ele><time>2026-02-20T04:07:18Z</time></trkpt><trkpt lat="22.413973333333335" lon="114.24882666666666"><ele>659.6</ele><time>2026-02-20T04:07:20Z</time></trkpt><trkpt lat="22.413965" lon="114.24885333333334"><ele>659.2</ele><time>2026-02-20T04:07:24Z</time></trkpt><trkpt lat="22.413959999999996" lon="114.24887333333332"><ele>659.2</ele><time>2026-02-20T04:07:26Z</time></trkpt><trkpt lat="22.41396166666667" lon="114.24889333333334"><ele>659.4</ele><time>2026-02-20T04:07:29Z</time></trkpt><trkpt lat="22.413974999999997" lon="114.24887833333332"><ele>659.0</ele><time>2026-02-20T04:07:51Z</time></trkpt><trkpt lat="22.413955" lon="114.24889333333334"><ele>658.2</ele><time>2026-02-20T04:08:01Z</time></trkpt><trkpt lat="22.413936666666668" lon="114.24889999999999"><ele>658.1</ele><time>2026-02-20T04:08:04Z</time></trkpt><trkpt lat="22.41392166666667" lon="114.24891333333335"><ele>657.4</ele><time>2026-02-20T04:08:13Z</time></trkpt><trkpt lat="22.413901666666668" lon="114.24892333333334"><ele>655.9</ele><time>2026-02-20T04:08:19Z</time></trkpt><trkpt lat="22.413886666666667" lon="114.24893666666667"><ele>656.4</ele><time>2026-02-20T04:08:24Z</time></trkpt><trkpt lat="22.413875" lon="114.24895333333333"><ele>656.1</ele><time>2026-02-20T04:08:30Z</time></trkpt><trkpt lat="22.41386333333333" lon="114.24896833333332"><ele>655.4</ele><time>2026-02-20T04:08:33Z</time></trkpt><trkpt lat="22.413846666666668" lon="114.24898166666665"><ele>654.4</ele><time>2026-02-20T04:08:38Z</time></trkpt><trkpt lat="22.41383166666667" lon="114.24899500000001"><ele>653.8000000000001</ele><time>2026-02-20T04:08:42Z</time></trkpt><trkpt lat="22.41381333333333" lon="114.24900166666666"><ele>652.8000000000001</ele><time>2026-02-20T04:08:53Z</time></trkpt><trkpt lat="22.413798333333336" lon="114.24901666666668"><ele>652.6</ele><time>2026-02-20T04:08:56Z</time></trkpt><trkpt lat="22.41378333333334" lon="114.24903166666667"><ele>652.9</ele><time>2026-02-20T04:09:00Z</time></trkpt><trkpt lat="22.413764999999998" lon="114.24904333333333"><ele>653.1</ele><time>2026-02-20T04:09:03Z</time></trkpt><trkpt lat="22.413763333333335" lon="114.249065"><ele>654.4</ele><time>2026-02-20T04:09:08Z</time></trkpt><trkpt lat="22.413768333333337" lon="114.24908500000001"><ele>654.7</ele><time>2026-02-20T04:09:12Z</time></trkpt><trkpt lat="22.413748333333334" lon="114.24909833333335"><ele>654.5</ele><time>2026-02-20T04:09:16Z</time></trkpt><trkpt lat="22.41373666666667" lon="114.24911500000002"><ele>654.9</ele><time>2026-02-20T04:09:22Z</time></trkpt><trkpt lat="22.413719999999998" lon="114.24912333333332"><ele>654.5</ele><time>2026-02-20T04:09:27Z</time></trkpt><trkpt lat="22.413704999999997" lon="114.24913833333333"><ele>654.1</ele><time>2026-02-20T04:09:31Z</time></trkpt><trkpt lat="22.413688333333333" lon="114.24915166666666"><ele>653.6</ele><time>2026-02-20T04:09:35Z</time></trkpt><trkpt lat="22.413676666666667" lon="114.24916666666668"><ele>652.8000000000001</ele><time>2026-02-20T04:09:40Z</time></trkpt><trkpt lat="22.413661666666666" lon="114.24918000000001"><ele>651.4</ele><time>2026-02-20T04:09:47Z</time></trkpt><trkpt lat="22.413643333333333" lon="114.24918166666666"><ele>650.7</ele><time>2026-02-20T04:09:51Z</time></trkpt><trkpt lat="22.413635" lon="114.24920166666668"><ele>650.1</ele><time>2026-02-20T04:09:56Z</time></trkpt><trkpt lat="22.413631666666667" lon="114.24922166666666"><ele>649.5</ele><time>2026-02-20T04:09:59Z</time></trkpt><trkpt lat="22.413625000000003" lon="114.24924000000001"><ele>649.4</ele><time>2026-02-20T04:10:04Z</time></trkpt><trkpt lat="22.413613333333334" lon="114.24925666666668"><ele>649.1</ele><time>2026-02-20T04:10:07Z</time></trkpt><trkpt lat="22.413596666666663" lon="114.24926833333332"><ele>648.4</ele><time>2026-02-20T04:10:10Z</time></trkpt><trkpt lat="22.413580000000003" lon="114.24928166666665"><ele>647.5</ele><time>2026-02-20T04:10:17Z</time></trkpt><trkpt lat="22.413568333333334" lon="114.24929666666667"><ele>646.7</ele><time>2026-02-20T04:10:21Z</time></trkpt><trkpt lat="22.41355" lon="114.24931"><ele>646.1</ele><time>2026-02-20T04:10:25Z</time></trkpt><trkpt lat="22.413538333333335" lon="114.24932500000001"><ele>645.4</ele><time>2026-02-20T04:10:29Z</time></trkpt><trkpt lat="22.413529999999998" lon="114.24934333333334"><ele>644.9</ele><time>2026-02-20T04:10:32Z</time></trkpt><trkpt lat="22.413520000000002" lon="114.24936000000001"><ele>644.3000000000001</ele><time>2026-02-20T04:10:35Z</time></trkpt><trkpt lat="22.4135" lon="114.24937666666668"><ele>643.7</ele><time>2026-02-20T04:10:38Z</time></trkpt><trkpt lat="22.413486666666667" lon="114.24939"><ele>643.4</ele><time>2026-02-20T04:10:41Z</time></trkpt><trkpt lat="22.41347166666667" lon="114.24940999999998"><ele>642.6</ele><time>2026-02-20T04:10:45Z</time></trkpt><trkpt lat="22.413461666666663" lon="114.24942833333334"><ele>642.0</ele><time>2026-02-20T04:10:49Z</time></trkpt><trkpt lat="22.413441666666667" lon="114.24943499999999"><ele>641.7</ele><time>2026-02-20T04:10:54Z</time></trkpt><trkpt lat="22.413421666666668" lon="114.24943999999999"><ele>641.9</ele><time>2026-02-20T04:10:57Z</time></trkpt><trkpt lat="22.413403333333335" lon="114.24944666666667"><ele>642.2</ele><time>2026-02-20T04:11:01Z</time></trkpt><trkpt lat="22.41338166666667" lon="114.24945833333335"><ele>642.2</ele><time>2026-02-20T04:11:05Z</time></trkpt><trkpt lat="22.413359999999997" lon="114.249465"><ele>642.2</ele><time>2026-02-20T04:11:08Z</time></trkpt><trkpt lat="22.413341666666664" lon="114.24948"><ele>642.7</ele><time>2026-02-20T04:11:13Z</time></trkpt><trkpt lat="22.413325" lon="114.249495"><ele>642.5</ele><time>2026-02-20T04:11:16Z</time></trkpt><trkpt lat="22.413310000000003" lon="114.24950666666668"><ele>642.3000000000001</ele><time>2026-02-20T04:11:19Z</time></trkpt><trkpt lat="22.413293333333332" lon="114.24951833333334"><ele>641.8000000000001</ele><time>2026-02-20T04:11:25Z</time></trkpt><trkpt lat="22.413288333333337" lon="114.24953833333332"><ele>641.3000000000001</ele><time>2026-02-20T04:11:28Z</time></trkpt><trkpt lat="22.413266666666665" lon="114.24954333333332"><ele>640.9</ele><time>2026-02-20T04:11:31Z</time></trkpt><trkpt lat="22.413248333333332" lon="114.24954833333335"><ele>640.9</ele><time>2026-02-20T04:11:33Z</time></trkpt><trkpt lat="22.413226666666667" lon="114.24955333333334"><ele>641.0</ele><time>2026-02-20T04:11:41Z</time></trkpt><trkpt lat="22.413210000000003" lon="114.24956333333333"><ele>640.6</ele><time>2026-02-20T04:11:47Z</time></trkpt><trkpt lat="22.413193333333332" lon="114.24957500000001"><ele>640.1</ele><time>2026-02-20T04:11:50Z</time></trkpt><trkpt lat="22.413175000000003" lon="114.24958166666666"><ele>639.5</ele><time>2026-02-20T04:11:53Z</time></trkpt><trkpt lat="22.41315666666667" lon="114.24958833333334"><ele>639.0</ele><time>2026-02-20T04:11:58Z</time></trkpt><trkpt lat="22.413146666666663" lon="114.249605"><ele>638.0</ele><time>2026-02-20T04:12:04Z</time></trkpt><trkpt lat="22.413138333333336" lon="114.24963000000001"><ele>636.7</ele><time>2026-02-20T04:12:10Z</time></trkpt><trkpt lat="22.413120000000003" lon="114.24963333333332"><ele>635.6</ele><time>2026-02-20T04:12:16Z</time></trkpt><trkpt lat="22.413103333333332" lon="114.24964166666665"><ele>634.4</ele><time>2026-02-20T04:12:28Z</time></trkpt><trkpt lat="22.413091666666666" lon="114.24966166666667"><ele>633.6</ele><time>2026-02-20T04:12:37Z</time></trkpt><trkpt lat="22.413073333333333" lon="114.24967333333333"><ele>632.9</ele><time>2026-02-20T04:12:41Z</time></trkpt><trkpt lat="22.413055" lon="114.24967999999998"><ele>632.0</ele><time>2026-02-20T04:12:45Z</time></trkpt><trkpt lat="22.413043333333334" lon="114.2497"><ele>630.8000000000001</ele><time>2026-02-20T04:12:56Z</time></trkpt><trkpt lat="22.41302333333333" lon="114.24971500000001"><ele>630.2</ele><time>2026-02-20T04:13:09Z</time></trkpt><trkpt lat="22.413006666666668" lon="114.24972333333332"><ele>629.9</ele><time>2026-02-20T04:13:13Z</time></trkpt><trkpt lat="22.412991666666667" lon="114.24973666666668"><ele>629.3000000000001</ele><time>2026-02-20T04:13:17Z</time></trkpt><trkpt lat="22.412971666666667" lon="114.24974333333333"><ele>628.5</ele><time>2026-02-20T04:13:24Z</time></trkpt><trkpt lat="22.412953333333334" lon="114.24974833333333"><ele>628.2</ele><time>2026-02-20T04:13:27Z</time></trkpt><trkpt lat="22.412943333333335" lon="114.24976833333334"><ele>626.6</ele><time>2026-02-20T04:13:36Z</time></trkpt><trkpt lat="22.41292333333333" lon="114.24977833333332"><ele>625.4</ele><time>2026-02-20T04:13:41Z</time></trkpt><trkpt lat="22.412905000000002" lon="114.24979"><ele>624.3000000000001</ele><time>2026-02-20T04:13:45Z</time></trkpt><trkpt lat="22.412885" lon="114.24980166666667"><ele>623.4</ele><time>2026-02-20T04:13:48Z</time></trkpt><trkpt lat="22.412869999999998" lon="114.24981666666666"><ele>622.9</ele><time>2026-02-20T04:13:50Z</time></trkpt><trkpt lat="22.412854999999997" lon="114.24982999999999"><ele>622.2</ele><time>2026-02-20T04:13:53Z</time></trkpt><trkpt lat="22.412835000000005" lon="114.24983833333333"><ele>621.3000000000001</ele><time>2026-02-20T04:13:57Z</time></trkpt><trkpt lat="22.412818333333334" lon="114.24985333333333"><ele>620.2</ele><time>2026-02-20T04:14:03Z</time></trkpt><trkpt lat="22.412805000000002" lon="114.24987333333333"><ele>619.6</ele><time>2026-02-20T04:14:09Z</time></trkpt><trkpt lat="22.41278833333333" lon="114.24988499999999"><ele>618.8000000000001</ele><time>2026-02-20T04:14:16Z</time></trkpt><trkpt lat="22.412776666666666" lon="114.249905"><ele>618.2</ele><time>2026-02-20T04:14:21Z</time></trkpt><trkpt lat="22.412766666666666" lon="114.24992333333333"><ele>617.9</ele><time>2026-02-20T04:14:24Z</time></trkpt><trkpt lat="22.41275666666667" lon="114.249945"><ele>617.5</ele><time>2026-02-20T04:14:27Z</time></trkpt><trkpt lat="22.41273833333333" lon="114.24995333333332"><ele>616.9</ele><time>2026-02-20T04:14:32Z</time></trkpt><trkpt lat="22.41272666666667" lon="114.24997"><ele>616.3000000000001</ele><time>2026-02-20T04:14:36Z</time></trkpt><trkpt lat="22.41271" lon="114.24997833333333"><ele>615.8000000000001</ele><time>2026-02-20T04:14:42Z</time></trkpt><trkpt lat="22.412691666666667" lon="114.24998833333332"><ele>615.3000000000001</ele><time>2026-02-20T04:14:46Z</time></trkpt><trkpt lat="22.412671666666665" lon="114.249995"><ele>614.8000000000001</ele><time>2026-02-20T04:14:50Z</time></trkpt><trkpt lat="22.41265166666667" lon="114.25000833333334"><ele>614.3000000000001</ele><time>2026-02-20T04:14:54Z</time></trkpt><trkpt lat="22.41263333333333" lon="114.25002"><ele>613.8000000000001</ele><time>2026-02-20T04:14:59Z</time></trkpt><trkpt lat="22.412635" lon="114.25003999999998"><ele>614.3000000000001</ele><time>2026-02-20T04:15:10Z</time></trkpt><trkpt lat="22.412611666666667" lon="114.25004333333332"><ele>614.2</ele><time>2026-02-20T04:15:23Z</time></trkpt><trkpt lat="22.412599999999998" lon="114.25005833333334"><ele>613.3000000000001</ele><time>2026-02-20T04:15:28Z</time></trkpt><trkpt lat="22.412598333333335" lon="114.25007833333332"><ele>612.1</ele><time>2026-02-20T04:15:37Z</time></trkpt><trkpt lat="22.412584999999996" lon="114.25009333333334"><ele>610.9</ele><time>2026-02-20T04:15:42Z</time></trkpt><trkpt lat="22.412548333333334" lon="114.25015166666665"><ele>609.0</ele><time>2026-02-20T04:16:12Z</time></trkpt><trkpt lat="22.41247166666667" lon="114.25019499999999"><ele>604.6</ele><time>2026-02-20T04:16:45Z</time></trkpt><trkpt lat="22.412463333333335" lon="114.25021833333334"><ele>603.9</ele><time>2026-02-20T04:16:52Z</time></trkpt><trkpt lat="22.412443333333332" lon="114.25023166666666"><ele>603.4</ele><time>2026-02-20T04:16:56Z</time></trkpt><trkpt lat="22.412425" lon="114.25024666666668"><ele>602.9</ele><time>2026-02-20T04:16:59Z</time></trkpt><trkpt lat="22.412406666666666" lon="114.25025833333332"><ele>602.5</ele><time>2026-02-20T04:17:02Z</time></trkpt><trkpt lat="22.412388333333336" lon="114.250275"><ele>602.0</ele><time>2026-02-20T04:17:07Z</time></trkpt><trkpt lat="22.412368333333333" lon="114.25028499999999"><ele>602.1</ele><time>2026-02-20T04:17:14Z</time></trkpt><trkpt lat="22.41235" lon="114.25029833333335"><ele>601.8000000000001</ele><time>2026-02-20T04:17:18Z</time></trkpt><trkpt lat="22.41233666666667" lon="114.25031166666668"><ele>601.5</ele><time>2026-02-20T04:17:20Z</time></trkpt><trkpt lat="22.412318333333328" lon="114.25033"><ele>601.0</ele><time>2026-02-20T04:17:24Z</time></trkpt><trkpt lat="22.412298333333336" lon="114.25034833333332"><ele>600.5</ele><time>2026-02-20T04:17:27Z</time></trkpt><trkpt lat="22.412280000000003" lon="114.25035666666666"><ele>600.3000000000001</ele><time>2026-02-20T04:17:29Z</time></trkpt><trkpt lat="22.412263333333332" lon="114.25037166666668"><ele>600.2</ele><time>2026-02-20T04:17:33Z</time></trkpt><trkpt lat="22.412241666666667" lon="114.25038166666667"><ele>599.7</ele><time>2026-02-20T04:17:37Z</time></trkpt><trkpt lat="22.412223333333333" lon="114.25039"><ele>599.2</ele><time>2026-02-20T04:17:40Z</time></trkpt><trkpt lat="22.412205000000004" lon="114.25039666666667"><ele>599.1</ele><time>2026-02-20T04:17:45Z</time></trkpt><trkpt lat="22.412190000000002" lon="114.25040833333333"><ele>598.8000000000001</ele><time>2026-02-20T04:17:49Z</time></trkpt><trkpt lat="22.412175" lon="114.25042499999999"><ele>598.4</ele><time>2026-02-20T04:17:53Z</time></trkpt><trkpt lat="22.412163333333336" lon="114.25044166666666"><ele>597.9</ele><time>2026-02-20T04:17:57Z</time></trkpt><trkpt lat="22.412143333333333" lon="114.25045166666665"><ele>597.0</ele><time>2026-02-20T04:18:03Z</time></trkpt><trkpt lat="22.412116666666666" lon="114.25045999999999"><ele>596.5</ele><time>2026-02-20T04:18:07Z</time></trkpt><trkpt lat="22.412100000000002" lon="114.25047500000001"><ele>596.1</ele><time>2026-02-20T04:18:11Z</time></trkpt><trkpt lat="22.41208333333333" lon="114.25048833333334"><ele>595.1</ele><time>2026-02-20T04:18:19Z</time></trkpt><trkpt lat="22.412061666666666" lon="114.25049833333333"><ele>594.4</ele><time>2026-02-20T04:18:23Z</time></trkpt><trkpt lat="22.412046666666665" lon="114.25051333333334"><ele>593.9</ele><time>2026-02-20T04:18:27Z</time></trkpt><trkpt lat="22.412029999999998" lon="114.25052333333333"><ele>595.7</ele><time>2026-02-20T04:18:45Z</time></trkpt><trkpt lat="22.412010000000002" lon="114.25053000000001"><ele>595.3000000000001</ele><time>2026-02-20T04:18:48Z</time></trkpt><trkpt lat="22.41199166666667" lon="114.25054333333334"><ele>594.9</ele><time>2026-02-20T04:18:52Z</time></trkpt><trkpt lat="22.411974999999998" lon="114.25055333333333"><ele>594.8000000000001</ele><time>2026-02-20T04:18:56Z</time></trkpt><trkpt lat="22.41196166666667" lon="114.25056666666666"><ele>594.6</ele><time>2026-02-20T04:18:58Z</time></trkpt><trkpt lat="22.41195" lon="114.25058499999999"><ele>594.4</ele><time>2026-02-20T04:19:03Z</time></trkpt><trkpt lat="22.41193333333333" lon="114.25059666666667"><ele>594.1</ele><time>2026-02-20T04:19:07Z</time></trkpt><trkpt lat="22.41191666666667" lon="114.250605"><ele>593.9</ele><time>2026-02-20T04:19:09Z</time></trkpt><trkpt lat="22.411898333333337" lon="114.25061333333333"><ele>593.9</ele><time>2026-02-20T04:19:12Z</time></trkpt><trkpt lat="22.411881666666666" lon="114.25063333333334"><ele>593.7</ele><time>2026-02-20T04:19:17Z</time></trkpt><trkpt lat="22.411868333333338" lon="114.25064833333333"><ele>593.4</ele><time>2026-02-20T04:19:20Z</time></trkpt><trkpt lat="22.411864999999995" lon="114.25066833333334"><ele>593.4</ele><time>2026-02-20T04:19:23Z</time></trkpt><trkpt lat="22.411863333333333" lon="114.25069"><ele>593.5</ele><time>2026-02-20T04:19:26Z</time></trkpt><trkpt lat="22.41185833333333" lon="114.25071000000001"><ele>593.6</ele><time>2026-02-20T04:19:29Z</time></trkpt><trkpt lat="22.411851666666667" lon="114.25073499999999"><ele>593.8000000000001</ele><time>2026-02-20T04:19:32Z</time></trkpt><trkpt lat="22.411841666666668" lon="114.25075166666666"><ele>594.0</ele><time>2026-02-20T04:19:35Z</time></trkpt><trkpt lat="22.41182666666667" lon="114.25076499999999"><ele>594.5</ele><time>2026-02-20T04:19:38Z</time></trkpt><trkpt lat="22.41181166666667" lon="114.25078333333335"><ele>595.1</ele><time>2026-02-20T04:19:41Z</time></trkpt><trkpt lat="22.411794999999998" lon="114.25080000000001"><ele>595.5</ele><time>2026-02-20T04:19:44Z</time></trkpt><trkpt lat="22.41178" lon="114.25081666666668"><ele>596.0</ele><time>2026-02-20T04:19:47Z</time></trkpt><trkpt lat="22.411778333333338" lon="114.25083833333335"><ele>596.9</ele><time>2026-02-20T04:19:50Z</time></trkpt><trkpt lat="22.41178" lon="114.25086000000002"><ele>597.7</ele><time>2026-02-20T04:19:53Z</time></trkpt><trkpt lat="22.411765" lon="114.25087333333335"><ele>598.3000000000001</ele><time>2026-02-20T04:19:56Z</time></trkpt><trkpt lat="22.411744999999996" lon="114.25088333333333"><ele>598.5</ele><time>2026-02-20T04:19:59Z</time></trkpt><trkpt lat="22.411735" lon="114.250905"><ele>599.1</ele><time>2026-02-20T04:20:04Z</time></trkpt><trkpt lat="22.41172333333333" lon="114.25092166666667"><ele>599.1</ele><time>2026-02-20T04:20:07Z</time></trkpt><trkpt lat="22.41170833333333" lon="114.25093666666668"><ele>599.1</ele><time>2026-02-20T04:20:10Z</time></trkpt><trkpt lat="22.411688333333338" lon="114.25094666666668"><ele>599.0</ele><time>2026-02-20T04:20:14Z</time></trkpt><trkpt lat="22.41166333333333" lon="114.25096166666665"><ele>598.7</ele><time>2026-02-20T04:20:18Z</time></trkpt><trkpt lat="22.411645" lon="114.25097"><ele>598.5</ele><time>2026-02-20T04:20:20Z</time></trkpt><trkpt lat="22.411628333333336" lon="114.250985"><ele>598.3000000000001</ele><time>2026-02-20T04:20:22Z</time></trkpt><trkpt lat="22.411608333333334" lon="114.25099999999999"><ele>597.5</ele><time>2026-02-20T04:20:25Z</time></trkpt><trkpt lat="22.41159" lon="114.25100666666667"><ele>596.7</ele><time>2026-02-20T04:20:28Z</time></trkpt><trkpt lat="22.411569999999998" lon="114.25102"><ele>596.1</ele><time>2026-02-20T04:20:32Z</time></trkpt><trkpt lat="22.411553333333337" lon="114.25103166666668"><ele>595.6</ele><time>2026-02-20T04:20:35Z</time></trkpt><trkpt lat="22.41154" lon="114.251045"><ele>595.5</ele><time>2026-02-20T04:20:38Z</time></trkpt><trkpt lat="22.411526666666667" lon="114.25105833333333"><ele>595.5</ele><time>2026-02-20T04:20:41Z</time></trkpt><trkpt lat="22.411516666666664" lon="114.251075"><ele>595.6</ele><time>2026-02-20T04:20:44Z</time></trkpt><trkpt lat="22.411503333333332" lon="114.25109499999999"><ele>596.1</ele><time>2026-02-20T04:20:47Z</time></trkpt><trkpt lat="22.411490000000004" lon="114.25111333333334"><ele>596.2</ele><time>2026-02-20T04:20:50Z</time></trkpt><trkpt lat="22.41148333333333" lon="114.251135"><ele>596.5</ele><time>2026-02-20T04:20:53Z</time></trkpt><trkpt lat="22.41146833333333" lon="114.25115333333333"><ele>596.8000000000001</ele><time>2026-02-20T04:20:56Z</time></trkpt><trkpt lat="22.411455" lon="114.25116666666666"><ele>596.9</ele><time>2026-02-20T04:20:58Z</time></trkpt><trkpt lat="22.41143833333333" lon="114.25117666666665"><ele>596.9</ele><time>2026-02-20T04:21:00Z</time></trkpt><trkpt lat="22.411418333333337" lon="114.25117999999999"><ele>597.0</ele><time>2026-02-20T04:21:02Z</time></trkpt><trkpt lat="22.41139333333333" lon="114.25119333333332"><ele>597.1</ele><time>2026-02-20T04:21:05Z</time></trkpt><trkpt lat="22.411373333333337" lon="114.2512"><ele>597.1</ele><time>2026-02-20T04:21:07Z</time></trkpt><trkpt lat="22.411353333333334" lon="114.25120833333334"><ele>597.4</ele><time>2026-02-20T04:21:10Z</time></trkpt><trkpt lat="22.411336666666664" lon="114.25122166666667"><ele>597.6</ele><time>2026-02-20T04:21:13Z</time></trkpt><trkpt lat="22.41132" lon="114.25123"><ele>597.9</ele><time>2026-02-20T04:21:16Z</time></trkpt><trkpt lat="22.411296666666665" lon="114.25122666666667"><ele>597.5</ele><time>2026-02-20T04:21:21Z</time></trkpt><trkpt lat="22.411281666666664" lon="114.25124666666667"><ele>597.5</ele><time>2026-02-20T04:21:25Z</time></trkpt><trkpt lat="22.41127" lon="114.25126999999999"><ele>597.8000000000001</ele><time>2026-02-20T04:21:29Z</time></trkpt><trkpt lat="22.41125833333333" lon="114.25129166666666"><ele>598.4</ele><time>2026-02-20T04:21:32Z</time></trkpt><trkpt lat="22.411236666666664" lon="114.25131166666667"><ele>599.0</ele><time>2026-02-20T04:21:35Z</time></trkpt><trkpt lat="22.411216666666665" lon="114.25132"><ele>599.3000000000001</ele><time>2026-02-20T04:21:38Z</time></trkpt><trkpt lat="22.411201666666663" lon="114.25133499999998"><ele>599.3000000000001</ele><time>2026-02-20T04:21:40Z</time></trkpt><trkpt lat="22.411178333333336" lon="114.25134166666666"><ele>599.3000000000001</ele><time>2026-02-20T04:21:43Z</time></trkpt><trkpt lat="22.411158333333333" lon="114.251345"><ele>599.1</ele><time>2026-02-20T04:21:46Z</time></trkpt><trkpt lat="22.411136666666668" lon="114.25134833333335"><ele>598.6</ele><time>2026-02-20T04:21:50Z</time></trkpt><trkpt lat="22.411119999999997" lon="114.25135833333334"><ele>598.4</ele><time>2026-02-20T04:21:52Z</time></trkpt><trkpt lat="22.41109833333333" lon="114.25135"><ele>597.8000000000001</ele><time>2026-02-20T04:21:56Z</time></trkpt><trkpt lat="22.411083333333334" lon="114.25133833333332"><ele>597.5</ele><time>2026-02-20T04:21:58Z</time></trkpt><trkpt lat="22.41106333333333" lon="114.25134000000001"><ele>597.3000000000001</ele><time>2026-02-20T04:22:02Z</time></trkpt><trkpt lat="22.41104833333333" lon="114.25135166666665"><ele>597.6</ele><time>2026-02-20T04:22:08Z</time></trkpt><trkpt lat="22.410980000000002" lon="114.25141666666666"><ele>601.4</ele><time>2026-02-20T04:23:13Z</time></trkpt><trkpt lat="22.41093166666667" lon="114.25144333333334"><ele>604.5</ele><time>2026-02-20T04:23:30Z</time></trkpt><trkpt lat="22.410911666666667" lon="114.25144666666665"><ele>604.6</ele><time>2026-02-20T04:23:34Z</time></trkpt><trkpt lat="22.41089833333333" lon="114.25146000000001"><ele>604.4</ele><time>2026-02-20T04:23:37Z</time></trkpt><trkpt lat="22.410866666666667" lon="114.25147166666666"><ele>605.8000000000001</ele><time>2026-02-20T04:23:52Z</time></trkpt><trkpt lat="22.410848333333334" lon="114.25147999999999"><ele>606.5</ele><time>2026-02-20T04:23:55Z</time></trkpt><trkpt lat="22.410833333333336" lon="114.25149666666667"><ele>607.6</ele><time>2026-02-20T04:23:59Z</time></trkpt><trkpt lat="22.41082333333333" lon="114.25151666666667"><ele>609.4</ele><time>2026-02-20T04:24:05Z</time></trkpt><trkpt lat="22.410761666666666" lon="114.25155833333335"><ele>614.1</ele><time>2026-02-20T04:24:34Z</time></trkpt><trkpt lat="22.41075" lon="114.25158000000002"><ele>614.5</ele><time>2026-02-20T04:24:38Z</time></trkpt><trkpt lat="22.410728333333335" lon="114.25158833333334"><ele>614.8000000000001</ele><time>2026-02-20T04:24:43Z</time></trkpt><trkpt lat="22.41070666666667" lon="114.251595"><ele>614.8000000000001</ele><time>2026-02-20T04:24:46Z</time></trkpt><trkpt lat="22.410684999999997" lon="114.25159833333333"><ele>614.9</ele><time>2026-02-20T04:24:50Z</time></trkpt><trkpt lat="22.410666666666664" lon="114.25161333333332"><ele>615.1</ele><time>2026-02-20T04:24:54Z</time></trkpt><trkpt lat="22.41065" lon="114.25162666666665"><ele>615.5</ele><time>2026-02-20T04:24:59Z</time></trkpt><trkpt lat="22.41063166666667" lon="114.25163333333333"><ele>615.6</ele><time>2026-02-20T04:25:03Z</time></trkpt><trkpt lat="22.41062" lon="114.25165166666666"><ele>615.9</ele><time>2026-02-20T04:25:06Z</time></trkpt><trkpt lat="22.41060166666667" lon="114.25166333333333"><ele>616.4</ele><time>2026-02-20T04:25:09Z</time></trkpt><trkpt lat="22.410578333333333" lon="114.25166333333333"><ele>617.2</ele><time>2026-02-20T04:25:13Z</time></trkpt><trkpt lat="22.410561666666663" lon="114.25167166666667"><ele>618.4</ele><time>2026-02-20T04:25:18Z</time></trkpt><trkpt lat="22.410551666666667" lon="114.25168833333333"><ele>619.1</ele><time>2026-02-20T04:25:22Z</time></trkpt><trkpt lat="22.410528333333332" lon="114.25170333333332"><ele>620.1</ele><time>2026-02-20T04:25:29Z</time></trkpt><trkpt lat="22.410511666666668" lon="114.251715"><ele>620.8000000000001</ele><time>2026-02-20T04:25:33Z</time></trkpt><trkpt lat="22.41049333333334" lon="114.251715"><ele>621.0</ele><time>2026-02-20T04:25:37Z</time></trkpt><trkpt lat="22.410478333333337" lon="114.25172666666667"><ele>621.5</ele><time>2026-02-20T04:25:41Z</time></trkpt><trkpt lat="22.410431666666668" lon="114.25177000000001"><ele>621.8000000000001</ele><time>2026-02-20T04:25:58Z</time></trkpt><trkpt lat="22.410413333333334" lon="114.25177000000001"><ele>623.0</ele><time>2026-02-20T04:26:05Z</time></trkpt><trkpt lat="22.410373333333336" lon="114.25177000000001"><ele>623.7</ele><time>2026-02-20T04:26:15Z</time></trkpt><trkpt lat="22.410354999999996" lon="114.251775"><ele>624.1</ele><time>2026-02-20T04:26:18Z</time></trkpt><trkpt lat="22.410336666666662" lon="114.25178666666667"><ele>624.7</ele><time>2026-02-20T04:26:21Z</time></trkpt><trkpt lat="22.410320000000002" lon="114.25180166666665"><ele>625.2</ele><time>2026-02-20T04:26:24Z</time></trkpt><trkpt lat="22.41030166666667" lon="114.25181833333333"><ele>625.8000000000001</ele><time>2026-02-20T04:26:28Z</time></trkpt><trkpt lat="22.410291666666662" lon="114.251835"><ele>626.0</ele><time>2026-02-20T04:26:30Z</time></trkpt><trkpt lat="22.410273333333333" lon="114.25183166666666"><ele>627.8000000000001</ele><time>2026-02-20T04:26:39Z</time></trkpt><trkpt lat="22.410221666666665" lon="114.25185333333333"><ele>630.7</ele><time>2026-02-20T04:26:59Z</time></trkpt><trkpt lat="22.410196666666668" lon="114.25186833333333"><ele>631.4</ele><time>2026-02-20T04:27:07Z</time></trkpt><trkpt lat="22.41018" lon="114.25187666666667"><ele>632.3000000000001</ele><time>2026-02-20T04:27:13Z</time></trkpt><trkpt lat="22.410171666666663" lon="114.25189666666665"><ele>633.2</ele><time>2026-02-20T04:27:17Z</time></trkpt><trkpt lat="22.410156666666662" lon="114.25191500000001"><ele>633.7</ele><time>2026-02-20T04:27:21Z</time></trkpt><trkpt lat="22.410138333333332" lon="114.25191500000001"><ele>634.5</ele><time>2026-02-20T04:27:27Z</time></trkpt><trkpt lat="22.41011" lon="114.25193833333333"><ele>636.1</ele><time>2026-02-20T04:27:39Z</time></trkpt><trkpt lat="22.410096666666664" lon="114.251955"><ele>636.7</ele><time>2026-02-20T04:27:43Z</time></trkpt><trkpt lat="22.41007666666667" lon="114.25196333333334"><ele>637.4</ele><time>2026-02-20T04:27:47Z</time></trkpt><trkpt lat="22.410010000000003" lon="114.25198"><ele>640.7</ele><time>2026-02-20T04:28:13Z</time></trkpt><trkpt lat="22.40998666666667" lon="114.25197166666666"><ele>641.0</ele><time>2026-02-20T04:28:18Z</time></trkpt><trkpt lat="22.409966666666666" lon="114.25198"><ele>642.7</ele><time>2026-02-20T04:28:31Z</time></trkpt><trkpt lat="22.40994" lon="114.25198833333334"><ele>644.2</ele><time>2026-02-20T04:28:38Z</time></trkpt><trkpt lat="22.409871666666664" lon="114.25201999999999"><ele>648.0</ele><time>2026-02-20T04:29:05Z</time></trkpt><trkpt lat="22.409781666666664" lon="114.25205666666668"><ele>652.5</ele><time>2026-02-20T04:29:42Z</time></trkpt><trkpt lat="22.409728333333337" lon="114.25209666666666"><ele>654.6</ele><time>2026-02-20T04:30:00Z</time></trkpt><trkpt lat="22.40973" lon="114.25212000000002"><ele>655.2</ele><time>2026-02-20T04:30:04Z</time></trkpt><trkpt lat="22.409713333333336" lon="114.25213166666666"><ele>655.5</ele><time>2026-02-20T04:30:10Z</time></trkpt><trkpt lat="22.409691666666664" lon="114.25214166666667"><ele>655.9</ele><time>2026-02-20T04:30:17Z</time></trkpt><trkpt lat="22.409676666666662" lon="114.25216833333334"><ele>656.7</ele><time>2026-02-20T04:30:24Z</time></trkpt><trkpt lat="22.40965833333333" lon="114.252165"><ele>658.6</ele><time>2026-02-20T04:30:34Z</time></trkpt><trkpt lat="22.409653333333335" lon="114.25218666666666"><ele>660.3000000000001</ele><time>2026-02-20T04:30:41Z</time></trkpt><trkpt lat="22.409646666666664" lon="114.25220499999999"><ele>662.3000000000001</ele><time>2026-02-20T04:30:54Z</time></trkpt><trkpt lat="22.40963166666667" lon="114.25221666666667"><ele>662.9</ele><time>2026-02-20T04:30:59Z</time></trkpt><trkpt lat="22.409616666666672" lon="114.25222833333333"><ele>663.7</ele><time>2026-02-20T04:31:06Z</time></trkpt><trkpt lat="22.40955" lon="114.25228"><ele>667.5</ele><time>2026-02-20T04:31:27Z</time></trkpt><trkpt lat="22.409503333333337" lon="114.25229499999999"><ele>671.3000000000001</ele><time>2026-02-20T04:31:46Z</time></trkpt><trkpt lat="22.40941833333333" lon="114.25235333333333"><ele>680.8000000000001</ele><time>2026-02-20T04:32:33Z</time></trkpt><trkpt lat="22.40932" lon="114.25237666666665"><ele>687.9</ele><time>2026-02-20T04:33:12Z</time></trkpt><trkpt lat="22.40928333333333" lon="114.25237833333334"><ele>688.4</ele><time>2026-02-20T04:33:18Z</time></trkpt><trkpt lat="22.409264999999998" lon="114.25239000000002"><ele>688.8000000000001</ele><time>2026-02-20T04:33:21Z</time></trkpt><trkpt lat="22.409245000000002" lon="114.25240666666666"><ele>689.2</ele><time>2026-02-20T04:33:24Z</time></trkpt><trkpt lat="22.40922833333333" lon="114.25241666666668"><ele>689.6</ele><time>2026-02-20T04:33:27Z</time></trkpt><trkpt lat="22.40920833333333" lon="114.252425"><ele>690.1</ele><time>2026-02-20T04:33:32Z</time></trkpt><trkpt lat="22.40919" lon="114.25242166666666"><ele>690.4</ele><time>2026-02-20T04:33:40Z</time></trkpt><trkpt lat="22.409164999999998" lon="114.25242333333333"><ele>691.0</ele><time>2026-02-20T04:33:45Z</time></trkpt><trkpt lat="22.40914833333333" lon="114.25243166666665"><ele>691.6</ele><time>2026-02-20T04:33:49Z</time></trkpt><trkpt lat="22.409123333333334" lon="114.25244166666668"><ele>692.1</ele><time>2026-02-20T04:33:54Z</time></trkpt><trkpt lat="22.4091" lon="114.25244833333333"><ele>692.5</ele><time>2026-02-20T04:33:57Z</time></trkpt><trkpt lat="22.409083333333335" lon="114.25245666666666"><ele>692.6</ele><time>2026-02-20T04:34:00Z</time></trkpt><trkpt lat="22.409063333333332" lon="114.25245666666666"><ele>693.5</ele><time>2026-02-20T04:34:38Z</time></trkpt><trkpt lat="22.409041666666667" lon="114.25245833333332"><ele>694.3000000000001</ele><time>2026-02-20T04:34:48Z</time></trkpt><trkpt lat="22.409023333333334" lon="114.25246833333334"><ele>694.7</ele><time>2026-02-20T04:34:52Z</time></trkpt><trkpt lat="22.40904833333333" lon="114.25245833333332"><ele>695.2</ele><time>2026-02-20T04:35:02Z</time></trkpt><trkpt lat="22.409069999999996" lon="114.25245666666666"><ele>696.0</ele><time>2026-02-20T04:35:05Z</time></trkpt><trkpt lat="22.40909333333333" lon="114.25245000000001"><ele>696.0</ele><time>2026-02-20T04:35:16Z</time></trkpt><trkpt lat="22.409071666666666" lon="114.25245500000001"><ele>696.0</ele><time>2026-02-20T04:35:26Z</time></trkpt><trkpt lat="22.409051666666663" lon="114.25246999999999"><ele>690.8000000000001</ele><time>2026-02-20T04:47:03Z</time></trkpt><trkpt lat="22.409045" lon="114.25249166666666"><ele>690.1</ele><time>2026-02-20T04:48:25Z</time></trkpt><trkpt lat="22.40902" lon="114.25240333333335"><ele>694.3000000000001</ele><time>2026-02-20T04:53:11Z</time></trkpt><trkpt lat="22.409006666666663" lon="114.25238833333333"><ele>693.8000000000001</ele><time>2026-02-20T04:53:14Z</time></trkpt><trkpt lat="22.408984999999998" lon="114.25237999999999"><ele>693.4</ele><time>2026-02-20T04:53:18Z</time></trkpt><trkpt lat="22.408968333333338" lon="114.25237"><ele>693.2</ele><time>2026-02-20T04:53:20Z</time></trkpt><trkpt lat="22.408955" lon="114.25235333333333"><ele>692.9</ele><time>2026-02-20T04:53:22Z</time></trkpt><trkpt lat="22.408928333333332" lon="114.252345"><ele>692.5</ele><time>2026-02-20T04:53:25Z</time></trkpt><trkpt lat="22.408903333333335" lon="114.25234166666665"><ele>692.4</ele><time>2026-02-20T04:53:28Z</time></trkpt><trkpt lat="22.408885" lon="114.252345"><ele>692.0</ele><time>2026-02-20T04:53:31Z</time></trkpt><trkpt lat="22.408871666666663" lon="114.25236333333332"><ele>691.7</ele><time>2026-02-20T04:53:34Z</time></trkpt><trkpt lat="22.408856666666665" lon="114.252375"><ele>691.6</ele><time>2026-02-20T04:53:37Z</time></trkpt><trkpt lat="22.408835" lon="114.25239000000002"><ele>691.6</ele><time>2026-02-20T04:53:42Z</time></trkpt><trkpt lat="22.408825" lon="114.25240666666666"><ele>691.3000000000001</ele><time>2026-02-20T04:53:52Z</time></trkpt><trkpt lat="22.408803333333335" lon="114.25241166666667"><ele>691.0</ele><time>2026-02-20T04:54:01Z</time></trkpt><trkpt lat="22.408783333333336" lon="114.25241833333332"><ele>690.6</ele><time>2026-02-20T04:54:04Z</time></trkpt><trkpt lat="22.408763333333333" lon="114.25241666666668"><ele>690.1</ele><time>2026-02-20T04:54:07Z</time></trkpt><trkpt lat="22.408735" lon="114.25240166666666"><ele>687.8000000000001</ele><time>2026-02-20T04:54:22Z</time></trkpt><trkpt lat="22.408711666666665" lon="114.25240333333335"><ele>687.8000000000001</ele><time>2026-02-20T04:54:26Z</time></trkpt><trkpt lat="22.408698333333337" lon="114.25241666666668"><ele>687.7</ele><time>2026-02-20T04:54:28Z</time></trkpt><trkpt lat="22.40869" lon="114.25243833333334"><ele>687.5</ele><time>2026-02-20T04:54:31Z</time></trkpt><trkpt lat="22.40868833333333" lon="114.25245833333332"><ele>686.4</ele><time>2026-02-20T04:54:39Z</time></trkpt><trkpt lat="22.408706666666664" lon="114.25244833333333"><ele>686.5</ele><time>2026-02-20T04:54:53Z</time></trkpt><trkpt lat="22.408728333333336" lon="114.25244333333333"><ele>686.6</ele><time>2026-02-20T04:54:56Z</time></trkpt><trkpt lat="22.408753333333333" lon="114.25243333333334"><ele>686.8000000000001</ele><time>2026-02-20T04:54:59Z</time></trkpt><trkpt lat="22.408775" lon="114.25243333333334"><ele>687.0</ele><time>2026-02-20T04:55:01Z</time></trkpt><trkpt lat="22.408795" lon="114.252425"><ele>687.3000000000001</ele><time>2026-02-20T04:55:04Z</time></trkpt><trkpt lat="22.408813333333335" lon="114.25241499999998"><ele>687.3000000000001</ele><time>2026-02-20T04:55:07Z</time></trkpt><trkpt lat="22.408833333333337" lon="114.25240166666666"><ele>687.7</ele><time>2026-02-20T04:55:11Z</time></trkpt><trkpt lat="22.40885166666667" lon="114.25238833333333"><ele>687.9</ele><time>2026-02-20T04:55:14Z</time></trkpt><trkpt lat="22.40886833333333" lon="114.25237166666666"><ele>688.5</ele><time>2026-02-20T04:55:18Z</time></trkpt><trkpt lat="22.408888333333334" lon="114.25235833333333"><ele>689.0</ele><time>2026-02-20T04:55:21Z</time></trkpt><trkpt lat="22.408906666666667" lon="114.25234666666665"><ele>689.4</ele><time>2026-02-20T04:55:24Z</time></trkpt><trkpt lat="22.40889666666667" lon="114.25233000000001"><ele>690.0</ele><time>2026-02-20T04:55:31Z</time></trkpt><trkpt lat="22.408903333333335" lon="114.25231000000001"><ele>690.0</ele><time>2026-02-20T04:55:37Z</time></trkpt><trkpt lat="22.408916666666663" lon="114.25229499999999"><ele>689.6</ele><time>2026-02-20T04:55:42Z</time></trkpt><trkpt lat="22.40893" lon="114.25228166666666"><ele>689.4</ele><time>2026-02-20T04:55:45Z</time></trkpt><trkpt lat="22.408934999999996" lon="114.25226166666668"><ele>687.8000000000001</ele><time>2026-02-20T04:55:54Z</time></trkpt><trkpt lat="22.408923333333338" lon="114.25224166666666"><ele>686.5</ele><time>2026-02-20T04:55:58Z</time></trkpt><trkpt lat="22.408951666666667" lon="114.25221666666667"><ele>684.6</ele><time>2026-02-20T04:56:15Z</time></trkpt><trkpt lat="22.40895666666667" lon="114.25219166666666"><ele>682.6</ele><time>2026-02-20T04:56:25Z</time></trkpt><trkpt lat="22.408963333333336" lon="114.25215666666666"><ele>680.0</ele><time>2026-02-20T04:56:41Z</time></trkpt><trkpt lat="22.40895666666667" lon="114.25213000000001"><ele>679.0</ele><time>2026-02-20T04:56:51Z</time></trkpt><trkpt lat="22.40897" lon="114.25210999999999"><ele>678.4</ele><time>2026-02-20T04:56:54Z</time></trkpt><trkpt lat="22.408968333333338" lon="114.25208833333333"><ele>677.4</ele><time>2026-02-20T04:56:59Z</time></trkpt><trkpt lat="22.408975" lon="114.25206166666666"><ele>676.6</ele><time>2026-02-20T04:57:02Z</time></trkpt><trkpt lat="22.408968333333338" lon="114.25204166666666"><ele>675.8000000000001</ele><time>2026-02-20T04:57:05Z</time></trkpt><trkpt lat="22.40895666666667" lon="114.25201999999999"><ele>675.3000000000001</ele><time>2026-02-20T04:57:08Z</time></trkpt><trkpt lat="22.408938333333335" lon="114.25202666666668"><ele>674.1</ele><time>2026-02-20T04:57:12Z</time></trkpt><trkpt lat="22.408918333333336" lon="114.25203166666667"><ele>672.9</ele><time>2026-02-20T04:57:16Z</time></trkpt><trkpt lat="22.408898333333333" lon="114.25203166666667"><ele>671.6</ele><time>2026-02-20T04:57:21Z</time></trkpt><trkpt lat="22.408878333333337" lon="114.25202666666668"><ele>669.5</ele><time>2026-02-20T04:57:30Z</time></trkpt><trkpt lat="22.408859999999997" lon="114.25201833333334"><ele>668.8000000000001</ele><time>2026-02-20T04:57:35Z</time></trkpt><trkpt lat="22.408841666666664" lon="114.25202333333333"><ele>668.3000000000001</ele><time>2026-02-20T04:57:39Z</time></trkpt><trkpt lat="22.40882333333333" lon="114.25202499999999"><ele>668.0</ele><time>2026-02-20T04:57:49Z</time></trkpt><trkpt lat="22.408811666666665" lon="114.25198999999999"><ele>665.5</ele><time>2026-02-20T04:58:09Z</time></trkpt><trkpt lat="22.408793333333332" lon="114.25198999999999"><ele>664.4</ele><time>2026-02-20T04:58:14Z</time></trkpt><trkpt lat="22.408775" lon="114.25199333333333"><ele>662.9</ele><time>2026-02-20T04:58:20Z</time></trkpt><trkpt lat="22.40875" lon="114.251995"><ele>661.6</ele><time>2026-02-20T04:58:28Z</time></trkpt><trkpt lat="22.408696666666668" lon="114.25197333333332"><ele>659.2</ele><time>2026-02-20T04:58:49Z</time></trkpt><trkpt lat="22.408705" lon="114.251955"><ele>658.1</ele><time>2026-02-20T04:58:55Z</time></trkpt><trkpt lat="22.40870166666667" lon="114.25193499999999"><ele>656.9</ele><time>2026-02-20T04:59:00Z</time></trkpt><trkpt lat="22.408698333333337" lon="114.25191500000001"><ele>655.6</ele><time>2026-02-20T04:59:06Z</time></trkpt><trkpt lat="22.40868833333333" lon="114.25188333333332"><ele>653.7</ele><time>2026-02-20T04:59:17Z</time></trkpt><trkpt lat="22.408691666666662" lon="114.25186000000001"><ele>652.6</ele><time>2026-02-20T04:59:21Z</time></trkpt><trkpt lat="22.408676666666665" lon="114.25184499999999"><ele>651.6</ele><time>2026-02-20T04:59:25Z</time></trkpt><trkpt lat="22.408676666666665" lon="114.25182166666667"><ele>649.3000000000001</ele><time>2026-02-20T04:59:34Z</time></trkpt><trkpt lat="22.408663333333333" lon="114.25180333333334"><ele>648.3000000000001</ele><time>2026-02-20T04:59:39Z</time></trkpt><trkpt lat="22.408646666666662" lon="114.251795"><ele>647.8000000000001</ele><time>2026-02-20T04:59:42Z</time></trkpt><trkpt lat="22.408628333333333" lon="114.25178833333332"><ele>647.1</ele><time>2026-02-20T04:59:48Z</time></trkpt><trkpt lat="22.408606666666667" lon="114.25177333333335"><ele>646.2</ele><time>2026-02-20T05:00:04Z</time></trkpt><trkpt lat="22.408586666666665" lon="114.25176166666667"><ele>645.7</ele><time>2026-02-20T05:00:08Z</time></trkpt><trkpt lat="22.40856833333333" lon="114.25175666666668"><ele>645.6</ele><time>2026-02-20T05:00:10Z</time></trkpt><trkpt lat="22.408548333333336" lon="114.25175166666668"><ele>645.3000000000001</ele><time>2026-02-20T05:00:15Z</time></trkpt><trkpt lat="22.408530000000003" lon="114.25174833333334"><ele>645.1</ele><time>2026-02-20T05:00:20Z</time></trkpt><trkpt lat="22.40850833333333" lon="114.25174999999999"><ele>644.5</ele><time>2026-02-20T05:00:25Z</time></trkpt><trkpt lat="22.408486666666665" lon="114.251745"><ele>644.3000000000001</ele><time>2026-02-20T05:00:28Z</time></trkpt><trkpt lat="22.408471666666667" lon="114.25176166666667"><ele>643.1</ele><time>2026-02-20T05:00:45Z</time></trkpt><trkpt lat="22.408448333333332" lon="114.25176833333335"><ele>643.0</ele><time>2026-02-20T05:00:50Z</time></trkpt><trkpt lat="22.408435" lon="114.25178166666667"><ele>641.7</ele><time>2026-02-20T05:00:57Z</time></trkpt><trkpt lat="22.408458333333336" lon="114.25178666666667"><ele>638.2</ele><time>2026-02-20T05:01:57Z</time></trkpt><trkpt lat="22.40848" lon="114.25177666666666"><ele>638.5</ele><time>2026-02-20T05:02:01Z</time></trkpt><trkpt lat="22.408493333333332" lon="114.25176333333333"><ele>639.3000000000001</ele><time>2026-02-20T05:02:10Z</time></trkpt><trkpt lat="22.408486666666665" lon="114.25173833333335"><ele>640.0</ele><time>2026-02-20T05:02:28Z</time></trkpt><trkpt lat="22.40843166666667" lon="114.25172166666668"><ele>640.3000000000001</ele><time>2026-02-20T05:02:46Z</time></trkpt><trkpt lat="22.408413333333336" lon="114.25172833333333"><ele>638.4</ele><time>2026-02-20T05:03:01Z</time></trkpt><trkpt lat="22.408376666666662" lon="114.251715"><ele>637.0</ele><time>2026-02-20T05:03:26Z</time></trkpt><trkpt lat="22.408336666666667" lon="114.25170000000001"><ele>634.7</ele><time>2026-02-20T05:03:52Z</time></trkpt><trkpt lat="22.408316666666664" lon="114.25168833333333"><ele>631.5</ele><time>2026-02-20T05:04:06Z</time></trkpt><trkpt lat="22.40829666666667" lon="114.25169"><ele>631.0</ele><time>2026-02-20T05:04:10Z</time></trkpt><trkpt lat="22.408278333333335" lon="114.25169499999998"><ele>630.9</ele><time>2026-02-20T05:04:13Z</time></trkpt><trkpt lat="22.408260000000002" lon="114.25169"><ele>629.6</ele><time>2026-02-20T05:04:24Z</time></trkpt><trkpt lat="22.40824" lon="114.25168833333333"><ele>628.6</ele><time>2026-02-20T05:04:30Z</time></trkpt><trkpt lat="22.40822166666667" lon="114.25168166666666"><ele>627.9</ele><time>2026-02-20T05:04:35Z</time></trkpt><trkpt lat="22.408213333333332" lon="114.25171"><ele>627.1</ele><time>2026-02-20T05:05:01Z</time></trkpt><trkpt lat="22.408191666666667" lon="114.25170833333335"><ele>627.6</ele><time>2026-02-20T05:05:04Z</time></trkpt><trkpt lat="22.408171666666664" lon="114.25170333333332"><ele>627.5</ele><time>2026-02-20T05:05:08Z</time></trkpt><trkpt lat="22.408156666666667" lon="114.25169166666667"><ele>627.4</ele><time>2026-02-20T05:05:11Z</time></trkpt><trkpt lat="22.408135" lon="114.25169333333334"><ele>626.9</ele><time>2026-02-20T05:05:14Z</time></trkpt><trkpt lat="22.408115" lon="114.25169833333332"><ele>626.8000000000001</ele><time>2026-02-20T05:05:17Z</time></trkpt><trkpt lat="22.408095000000003" lon="114.251685"><ele>625.9</ele><time>2026-02-20T05:05:23Z</time></trkpt><trkpt lat="22.408075" lon="114.25168166666666"><ele>625.3000000000001</ele><time>2026-02-20T05:05:27Z</time></trkpt><trkpt lat="22.408051666666665" lon="114.25168000000001"><ele>624.6</ele><time>2026-02-20T05:05:30Z</time></trkpt><trkpt lat="22.408033333333332" lon="114.251675"><ele>624.1</ele><time>2026-02-20T05:05:34Z</time></trkpt><trkpt lat="22.408045" lon="114.25169166666667"><ele>623.2</ele><time>2026-02-20T05:05:38Z</time></trkpt><trkpt lat="22.408023333333336" lon="114.25168666666666"><ele>625.5</ele><time>2026-02-20T05:06:00Z</time></trkpt><trkpt lat="22.408003333333333" lon="114.25168833333333"><ele>625.3000000000001</ele><time>2026-02-20T05:06:03Z</time></trkpt><trkpt lat="22.407981666666668" lon="114.25169666666667"><ele>625.3000000000001</ele><time>2026-02-20T05:06:06Z</time></trkpt><trkpt lat="22.408003333333333" lon="114.25168666666666"><ele>623.0</ele><time>2026-02-20T05:06:27Z</time></trkpt><trkpt lat="22.408025" lon="114.251685"><ele>622.7</ele><time>2026-02-20T05:06:31Z</time></trkpt><trkpt lat="22.40804333333333" lon="114.25169166666667"><ele>622.5</ele><time>2026-02-20T05:06:37Z</time></trkpt><trkpt lat="22.408056666666667" lon="114.25172333333333"><ele>623.7</ele><time>2026-02-20T05:09:11Z</time></trkpt><trkpt lat="22.40806" lon="114.25180333333334"><ele>619.9</ele><time>2026-02-20T05:09:53Z</time></trkpt><trkpt lat="22.408061666666672" lon="114.25183166666666"><ele>618.9</ele><time>2026-02-20T05:10:07Z</time></trkpt><trkpt lat="22.408083333333334" lon="114.25193833333333"><ele>614.5</ele><time>2026-02-20T05:10:58Z</time></trkpt><trkpt lat="22.408076666666663" lon="114.25195666666666"><ele>614.0</ele><time>2026-02-20T05:11:02Z</time></trkpt><trkpt lat="22.408026666666668" lon="114.25197000000001"><ele>611.2</ele><time>2026-02-20T05:11:31Z</time></trkpt><trkpt lat="22.40799666666667" lon="114.25207"><ele>606.9</ele><time>2026-02-20T05:12:15Z</time></trkpt><trkpt lat="22.407975000000004" lon="114.25208166666668"><ele>606.6</ele><time>2026-02-20T05:12:25Z</time></trkpt><trkpt lat="22.407961666666665" lon="114.25216333333334"><ele>600.9</ele><time>2026-02-20T05:13:59Z</time></trkpt><trkpt lat="22.407960000000003" lon="114.25227333333332"><ele>596.2</ele><time>2026-02-20T05:15:23Z</time></trkpt><trkpt lat="22.40795333333333" lon="114.25238666666668"><ele>592.0</ele><time>2026-02-20T05:16:22Z</time></trkpt><trkpt lat="22.407948333333334" lon="114.25240666666666"><ele>589.3000000000001</ele><time>2026-02-20T05:17:27Z</time></trkpt><trkpt lat="22.40796833333333" lon="114.25242166666666"><ele>588.8000000000001</ele><time>2026-02-20T05:17:41Z</time></trkpt><trkpt lat="22.407976666666666" lon="114.25244166666668"><ele>588.2</ele><time>2026-02-20T05:17:46Z</time></trkpt><trkpt lat="22.407964999999997" lon="114.25248500000001"><ele>587.4</ele><time>2026-02-20T05:18:14Z</time></trkpt><trkpt lat="22.40794166666667" lon="114.25254166666667"><ele>581.6</ele><time>2026-02-20T05:18:57Z</time></trkpt><trkpt lat="22.407976666666666" lon="114.25260666666667"><ele>576.0</ele><time>2026-02-20T05:19:39Z</time></trkpt><trkpt lat="22.40799833333333" lon="114.25261833333334"><ele>574.7</ele><time>2026-02-20T05:19:50Z</time></trkpt><trkpt lat="22.408050000000003" lon="114.252705"><ele>570.4</ele><time>2026-02-20T05:21:25Z</time></trkpt><trkpt lat="22.408075" lon="114.25271"><ele>570.4</ele><time>2026-02-20T05:21:31Z</time></trkpt><trkpt lat="22.408053333333335" lon="114.25269666666667"><ele>569.7</ele><time>2026-02-20T05:21:34Z</time></trkpt><trkpt lat="22.408035" lon="114.252705"><ele>569.5</ele><time>2026-02-20T05:21:39Z</time></trkpt><trkpt lat="22.408051666666665" lon="114.25275333333333"><ele>562.2</ele><time>2026-02-20T05:22:49Z</time></trkpt><trkpt lat="22.40803" lon="114.25274833333333"><ele>561.7</ele><time>2026-02-20T05:22:52Z</time></trkpt><trkpt lat="22.408033333333332" lon="114.25272833333332"><ele>560.9</ele><time>2026-02-20T05:22:59Z</time></trkpt><trkpt lat="22.407964999999997" lon="114.25277666666668"><ele>556.4</ele><time>2026-02-20T05:23:54Z</time></trkpt><trkpt lat="22.407991666666664" lon="114.25284166666667"><ele>555.9</ele><time>2026-02-20T05:24:30Z</time></trkpt><trkpt lat="22.407985" lon="114.25288"><ele>550.4</ele><time>2026-02-20T05:26:04Z</time></trkpt><trkpt lat="22.408003333333333" lon="114.25287333333333"><ele>548.9</ele><time>2026-02-20T05:26:08Z</time></trkpt><trkpt lat="22.408" lon="114.25285333333335"><ele>547.5</ele><time>2026-02-20T05:26:16Z</time></trkpt><trkpt lat="22.408006666666665" lon="114.252895"><ele>547.1</ele><time>2026-02-20T05:26:31Z</time></trkpt><trkpt lat="22.407981666666668" lon="114.25289166666668"><ele>542.9</ele><time>2026-02-20T05:28:31Z</time></trkpt><trkpt lat="22.40799" lon="114.25291"><ele>539.4</ele><time>2026-02-20T05:29:16Z</time></trkpt><trkpt lat="22.407988333333332" lon="114.25295166666668"><ele>538.1</ele><time>2026-02-20T05:30:30Z</time></trkpt><trkpt lat="22.407991666666664" lon="114.25297333333334"><ele>538.0</ele><time>2026-02-20T05:30:33Z</time></trkpt><trkpt lat="22.407993333333334" lon="114.25299500000001"><ele>537.7</ele><time>2026-02-20T05:30:37Z</time></trkpt><trkpt lat="22.408009999999997" lon="114.25300833333334"><ele>536.7</ele><time>2026-02-20T05:30:42Z</time></trkpt><trkpt lat="22.40802833333333" lon="114.25299500000001"><ele>536.1</ele><time>2026-02-20T05:30:45Z</time></trkpt><trkpt lat="22.408023333333336" lon="114.252975"><ele>535.6</ele><time>2026-02-20T05:30:50Z</time></trkpt><trkpt lat="22.407975000000004" lon="114.25294833333334"><ele>532.3000000000001</ele><time>2026-02-20T05:31:11Z</time></trkpt><trkpt lat="22.407955" lon="114.252945"><ele>532.6</ele><time>2026-02-20T05:31:15Z</time></trkpt><trkpt lat="22.407976666666666" lon="114.25299166666667"><ele>533.6</ele><time>2026-02-20T05:33:12Z</time></trkpt><trkpt lat="22.407993333333334" lon="114.25289"><ele>536.8000000000001</ele><time>2026-02-20T05:39:27Z</time></trkpt><trkpt lat="22.407978333333336" lon="114.252795"><ele>538.1</ele><time>2026-02-20T05:40:27Z</time></trkpt><trkpt lat="22.40796833333333" lon="114.25273"><ele>550.7</ele><time>2026-02-20T05:44:15Z</time></trkpt><trkpt lat="22.408006666666665" lon="114.252735"><ele>551.3000000000001</ele><time>2026-02-20T05:44:27Z</time></trkpt><trkpt lat="22.408016666666672" lon="114.25269833333331"><ele>553.0</ele><time>2026-02-20T05:44:40Z</time></trkpt><trkpt lat="22.408021666666667" lon="114.25266166666667"><ele>557.5</ele><time>2026-02-20T05:45:23Z</time></trkpt><trkpt lat="22.40798666666667" lon="114.25262333333333"><ele>563.3000000000001</ele><time>2026-02-20T05:46:18Z</time></trkpt><trkpt lat="22.407993333333334" lon="114.25264166666666"><ele>563.6</ele><time>2026-02-20T05:46:23Z</time></trkpt><trkpt lat="22.407961666666665" lon="114.25258666666666"><ele>564.9</ele><time>2026-02-20T05:47:06Z</time></trkpt><trkpt lat="22.40796833333333" lon="114.25256333333333"><ele>565.0</ele><time>2026-02-20T05:47:08Z</time></trkpt><trkpt lat="22.407988333333332" lon="114.25255333333334"><ele>564.9</ele><time>2026-02-20T05:47:10Z</time></trkpt><trkpt lat="22.40797" lon="114.25257333333333"><ele>566.0</ele><time>2026-02-20T05:47:16Z</time></trkpt><trkpt lat="22.40795166666667" lon="114.25257666666667"><ele>566.9</ele><time>2026-02-20T05:47:21Z</time></trkpt><trkpt lat="22.407930000000004" lon="114.25254333333332"><ele>568.9</ele><time>2026-02-20T05:47:47Z</time></trkpt><trkpt lat="22.407963333333335" lon="114.25248333333333"><ele>573.2</ele><time>2026-02-20T05:48:28Z</time></trkpt><trkpt lat="22.407961666666665" lon="114.25240166666666"><ele>577.9</ele><time>2026-02-20T05:49:11Z</time></trkpt><trkpt lat="22.40795333333333" lon="114.25236333333332"><ele>582.7</ele><time>2026-02-20T05:49:49Z</time></trkpt><trkpt lat="22.407930000000004" lon="114.25232"><ele>588.4</ele><time>2026-02-20T05:50:29Z</time></trkpt><trkpt lat="22.407926666666672" lon="114.25230000000002"><ele>590.6</ele><time>2026-02-20T05:50:43Z</time></trkpt><trkpt lat="22.407915000000003" lon="114.252285"><ele>591.5</ele><time>2026-02-20T05:50:50Z</time></trkpt><trkpt lat="22.407903333333334" lon="114.25227000000001"><ele>591.6</ele><time>2026-02-20T05:50:57Z</time></trkpt><trkpt lat="22.40790666666667" lon="114.25222166666666"><ele>594.0</ele><time>2026-02-20T05:51:19Z</time></trkpt><trkpt lat="22.407888333333336" lon="114.25221833333332"><ele>594.6</ele><time>2026-02-20T05:51:25Z</time></trkpt><trkpt lat="22.407870000000003" lon="114.252215"><ele>595.2</ele><time>2026-02-20T05:51:31Z</time></trkpt><trkpt lat="22.40789333333333" lon="114.25214666666668"><ele>598.3000000000001</ele><time>2026-02-20T05:51:57Z</time></trkpt><trkpt lat="22.407901666666664" lon="114.25212833333332"><ele>598.7</ele><time>2026-02-20T05:52:01Z</time></trkpt><trkpt lat="22.40790833333333" lon="114.25210999999999"><ele>599.6</ele><time>2026-02-20T05:52:11Z</time></trkpt><trkpt lat="22.407964999999997" lon="114.25205833333332"><ele>602.7</ele><time>2026-02-20T05:52:39Z</time></trkpt><trkpt lat="22.408006666666665" lon="114.25201166666666"><ele>608.7</ele><time>2026-02-20T05:53:14Z</time></trkpt><trkpt lat="22.408003333333333" lon="114.25199166666668"><ele>608.8000000000001</ele><time>2026-02-20T05:53:17Z</time></trkpt><trkpt lat="22.407991666666664" lon="114.25197333333332"><ele>609.4</ele><time>2026-02-20T05:53:27Z</time></trkpt><trkpt lat="22.408021666666667" lon="114.25193666666668"><ele>609.3000000000001</ele><time>2026-02-20T05:53:54Z</time></trkpt><trkpt lat="22.40799833333333" lon="114.25184833333333"><ele>611.2</ele><time>2026-02-20T05:54:46Z</time></trkpt><trkpt lat="22.40803" lon="114.25175666666668"><ele>615.3000000000001</ele><time>2026-02-20T05:56:04Z</time></trkpt><trkpt lat="22.408005000000003" lon="114.25167666666667"><ele>620.4</ele><time>2026-02-20T05:57:01Z</time></trkpt><trkpt lat="22.407981666666668" lon="114.251675"><ele>620.8000000000001</ele><time>2026-02-20T05:57:06Z</time></trkpt><trkpt lat="22.407961666666665" lon="114.251685"><ele>620.7</ele><time>2026-02-20T05:57:08Z</time></trkpt><trkpt lat="22.407943333333332" lon="114.25169499999998"><ele>620.6</ele><time>2026-02-20T05:57:11Z</time></trkpt><trkpt lat="22.407921666666667" lon="114.25169666666667"><ele>620.9</ele><time>2026-02-20T05:57:15Z</time></trkpt><trkpt lat="22.407904999999996" lon="114.25168833333333"><ele>621.1</ele><time>2026-02-20T05:57:19Z</time></trkpt><trkpt lat="22.40785" lon="114.25169499999998"><ele>621.5</ele><time>2026-02-20T05:57:30Z</time></trkpt><trkpt lat="22.407826666666665" lon="114.25169333333334"><ele>622.2</ele><time>2026-02-20T05:57:33Z</time></trkpt><trkpt lat="22.40781" lon="114.25170166666666"><ele>622.9</ele><time>2026-02-20T05:57:36Z</time></trkpt><trkpt lat="22.40779166666667" lon="114.25170833333335"><ele>624.3000000000001</ele><time>2026-02-20T05:57:41Z</time></trkpt><trkpt lat="22.40777333333333" lon="114.25171"><ele>625.7</ele><time>2026-02-20T05:57:46Z</time></trkpt><trkpt lat="22.407753333333336" lon="114.251725"><ele>626.8000000000001</ele><time>2026-02-20T05:57:52Z</time></trkpt><trkpt lat="22.407736666666665" lon="114.25173333333332"><ele>627.2</ele><time>2026-02-20T05:57:57Z</time></trkpt><trkpt lat="22.40772" lon="114.25174166666666"><ele>627.0</ele><time>2026-02-20T05:58:02Z</time></trkpt><trkpt lat="22.407696666666666" lon="114.25174833333334"><ele>627.0</ele><time>2026-02-20T05:58:05Z</time></trkpt><trkpt lat="22.407678333333333" lon="114.25175166666668"><ele>627.0</ele><time>2026-02-20T05:58:08Z</time></trkpt><trkpt lat="22.407655" lon="114.25175833333333"><ele>627.1</ele><time>2026-02-20T05:58:11Z</time></trkpt><trkpt lat="22.40763833333333" lon="114.25176833333335"><ele>627.3000000000001</ele><time>2026-02-20T05:58:13Z</time></trkpt><trkpt lat="22.407615000000003" lon="114.25176833333335"><ele>627.4</ele><time>2026-02-20T05:58:16Z</time></trkpt><trkpt lat="22.40759333333333" lon="114.25177333333335"><ele>627.4</ele><time>2026-02-20T05:58:19Z</time></trkpt><trkpt lat="22.407576666666667" lon="114.25178666666667"><ele>627.4</ele><time>2026-02-20T05:58:23Z</time></trkpt><trkpt lat="22.407559999999997" lon="114.251805"><ele>627.4</ele><time>2026-02-20T05:58:26Z</time></trkpt><trkpt lat="22.407541666666663" lon="114.25180666666665"><ele>627.6</ele><time>2026-02-20T05:58:29Z</time></trkpt><trkpt lat="22.40752166666667" lon="114.25181166666668"><ele>627.7</ele><time>2026-02-20T05:58:35Z</time></trkpt><trkpt lat="22.407503333333338" lon="114.25181166666668"><ele>627.6</ele><time>2026-02-20T05:58:39Z</time></trkpt><trkpt lat="22.407483333333335" lon="114.251805"><ele>627.1</ele><time>2026-02-20T05:58:44Z</time></trkpt><trkpt lat="22.407413333333338" lon="114.251805"><ele>627.7</ele><time>2026-02-20T05:59:25Z</time></trkpt><trkpt lat="22.407396666666667" lon="114.251795"><ele>627.2</ele><time>2026-02-20T05:59:31Z</time></trkpt><trkpt lat="22.407375000000002" lon="114.25178499999998"><ele>626.6</ele><time>2026-02-20T05:59:35Z</time></trkpt><trkpt lat="22.407368333333338" lon="114.25176166666667"><ele>626.3000000000001</ele><time>2026-02-20T05:59:39Z</time></trkpt><trkpt lat="22.407348333333335" lon="114.25174999999999"><ele>625.4</ele><time>2026-02-20T05:59:43Z</time></trkpt><trkpt lat="22.40732666666667" lon="114.25173833333335"><ele>624.9</ele><time>2026-02-20T05:59:47Z</time></trkpt><trkpt lat="22.407308333333336" lon="114.25172666666667"><ele>624.5</ele><time>2026-02-20T05:59:50Z</time></trkpt><trkpt lat="22.407293333333335" lon="114.251715"><ele>624.0</ele><time>2026-02-20T05:59:53Z</time></trkpt><trkpt lat="22.407278333333338" lon="114.25172833333333"><ele>622.5</ele><time>2026-02-20T05:59:59Z</time></trkpt><trkpt lat="22.407258333333335" lon="114.25172333333333"><ele>621.5</ele><time>2026-02-20T06:00:04Z</time></trkpt><trkpt lat="22.407243333333334" lon="114.25171166666665"><ele>621.3000000000001</ele><time>2026-02-20T06:00:07Z</time></trkpt><trkpt lat="22.407226666666663" lon="114.25169666666667"><ele>621.3000000000001</ele><time>2026-02-20T06:00:12Z</time></trkpt><trkpt lat="22.407211666666665" lon="114.25168333333335"><ele>621.3000000000001</ele><time>2026-02-20T06:00:17Z</time></trkpt><trkpt lat="22.407193333333332" lon="114.25168000000001"><ele>621.2</ele><time>2026-02-20T06:00:22Z</time></trkpt><trkpt lat="22.40718" lon="114.25166666666668"><ele>621.2</ele><time>2026-02-20T06:00:28Z</time></trkpt><trkpt lat="22.407159999999998" lon="114.251655"><ele>620.9</ele><time>2026-02-20T06:00:33Z</time></trkpt><trkpt lat="22.40715" lon="114.25163666666667"><ele>620.4</ele><time>2026-02-20T06:00:36Z</time></trkpt><trkpt lat="22.40713166666667" lon="114.25162999999999"><ele>619.8000000000001</ele><time>2026-02-20T06:00:40Z</time></trkpt><trkpt lat="22.407114999999997" lon="114.25162166666665"><ele>619.3000000000001</ele><time>2026-02-20T06:00:43Z</time></trkpt><trkpt lat="22.4071" lon="114.25161000000001"><ele>618.6</ele><time>2026-02-20T06:00:49Z</time></trkpt><trkpt lat="22.407081666666667" lon="114.25161833333335"><ele>617.6</ele><time>2026-02-20T06:00:58Z</time></trkpt><trkpt lat="22.407061666666664" lon="114.25161000000001"><ele>614.6</ele><time>2026-02-20T06:04:07Z</time></trkpt><trkpt lat="22.40704333333333" lon="114.25159666666666"><ele>614.4</ele><time>2026-02-20T06:04:11Z</time></trkpt><trkpt lat="22.407024999999997" lon="114.251585"><ele>614.1</ele><time>2026-02-20T06:04:15Z</time></trkpt><trkpt lat="22.407005000000005" lon="114.25157833333333"><ele>613.8000000000001</ele><time>2026-02-20T06:04:20Z</time></trkpt><trkpt lat="22.406986666666665" lon="114.25157666666668"><ele>613.6</ele><time>2026-02-20T06:04:25Z</time></trkpt><trkpt lat="22.40697" lon="114.25156333333334"><ele>613.8000000000001</ele><time>2026-02-20T06:04:32Z</time></trkpt><trkpt lat="22.40695333333333" lon="114.25155500000001"><ele>614.3000000000001</ele><time>2026-02-20T06:04:37Z</time></trkpt><trkpt lat="22.406934999999997" lon="114.25154833333333"><ele>614.5</ele><time>2026-02-20T06:04:40Z</time></trkpt><trkpt lat="22.406916666666667" lon="114.251535"><ele>614.5</ele><time>2026-02-20T06:04:44Z</time></trkpt><trkpt lat="22.406898333333334" lon="114.251525"><ele>614.7</ele><time>2026-02-20T06:04:47Z</time></trkpt><trkpt lat="22.40687666666667" lon="114.25152166666666"><ele>614.8000000000001</ele><time>2026-02-20T06:04:50Z</time></trkpt><trkpt lat="22.406858333333336" lon="114.25151833333332"><ele>615.1</ele><time>2026-02-20T06:04:53Z</time></trkpt><trkpt lat="22.406838333333333" lon="114.25150833333333"><ele>615.3000000000001</ele><time>2026-02-20T06:04:57Z</time></trkpt><trkpt lat="22.40681833333333" lon="114.25149666666667"><ele>615.7</ele><time>2026-02-20T06:05:01Z</time></trkpt><trkpt lat="22.406799999999997" lon="114.25149000000002"><ele>616.4</ele><time>2026-02-20T06:05:04Z</time></trkpt><trkpt lat="22.406780000000005" lon="114.25148166666668"><ele>617.6</ele><time>2026-02-20T06:05:21Z</time></trkpt><trkpt lat="22.406771666666668" lon="114.25145833333333"><ele>617.1</ele><time>2026-02-20T06:05:25Z</time></trkpt><trkpt lat="22.406760000000002" lon="114.25144166666665"><ele>616.7</ele><time>2026-02-20T06:05:28Z</time></trkpt><trkpt lat="22.406745" lon="114.25142833333332"><ele>615.7</ele><time>2026-02-20T06:05:34Z</time></trkpt><trkpt lat="22.406736666666667" lon="114.251405"><ele>614.3000000000001</ele><time>2026-02-20T06:05:41Z</time></trkpt><trkpt lat="22.406715000000002" lon="114.25139833333333"><ele>613.4</ele><time>2026-02-20T06:05:46Z</time></trkpt><trkpt lat="22.40669666666667" lon="114.251385"><ele>612.6</ele><time>2026-02-20T06:05:51Z</time></trkpt><trkpt lat="22.406681666666667" lon="114.25137166666667"><ele>611.9</ele><time>2026-02-20T06:05:56Z</time></trkpt><trkpt lat="22.406678333333335" lon="114.25134833333335"><ele>611.3000000000001</ele><time>2026-02-20T06:06:01Z</time></trkpt><trkpt lat="22.406675000000003" lon="114.25132666666666"><ele>610.7</ele><time>2026-02-20T06:06:07Z</time></trkpt><trkpt lat="22.406660000000002" lon="114.25131166666667"><ele>610.2</ele><time>2026-02-20T06:06:11Z</time></trkpt><trkpt lat="22.406646666666667" lon="114.251295"><ele>609.6</ele><time>2026-02-20T06:06:14Z</time></trkpt><trkpt lat="22.406631666666666" lon="114.25128000000001"><ele>608.8000000000001</ele><time>2026-02-20T06:06:17Z</time></trkpt><trkpt lat="22.406623333333332" lon="114.25126166666665"><ele>607.6</ele><time>2026-02-20T06:06:24Z</time></trkpt><trkpt lat="22.406616666666665" lon="114.25123833333333"><ele>606.9</ele><time>2026-02-20T06:06:28Z</time></trkpt><trkpt lat="22.406603333333337" lon="114.25122166666667"><ele>606.6</ele><time>2026-02-20T06:06:31Z</time></trkpt><trkpt lat="22.406591666666667" lon="114.25120666666665"><ele>606.6</ele><time>2026-02-20T06:06:34Z</time></trkpt><trkpt lat="22.406595" lon="114.25118166666668"><ele>607.9</ele><time>2026-02-20T06:06:46Z</time></trkpt><trkpt lat="22.406586666666666" lon="114.25115666666667"><ele>609.3000000000001</ele><time>2026-02-20T06:06:54Z</time></trkpt><trkpt lat="22.406573333333334" lon="114.25113666666667"><ele>609.0</ele><time>2026-02-20T06:06:57Z</time></trkpt><trkpt lat="22.406556666666667" lon="114.25112833333333"><ele>608.9</ele><time>2026-02-20T06:07:13Z</time></trkpt><trkpt lat="22.406536666666664" lon="114.25112166666668"><ele>607.9</ele><time>2026-02-20T06:07:18Z</time></trkpt><trkpt lat="22.40652" lon="114.25111166666666"><ele>607.8000000000001</ele><time>2026-02-20T06:07:25Z</time></trkpt><trkpt lat="22.40646" lon="114.25107000000001"><ele>603.1</ele><time>2026-02-20T06:08:02Z</time></trkpt><trkpt lat="22.406453333333335" lon="114.25105166666665"><ele>601.4</ele><time>2026-02-20T06:08:13Z</time></trkpt><trkpt lat="22.406436666666664" lon="114.25104000000002"><ele>600.3000000000001</ele><time>2026-02-20T06:08:19Z</time></trkpt><trkpt lat="22.40639666666667" lon="114.25105166666665"><ele>596.5</ele><time>2026-02-20T06:08:37Z</time></trkpt><trkpt lat="22.406376666666667" lon="114.25101333333332"><ele>592.1</ele><time>2026-02-20T06:09:06Z</time></trkpt><trkpt lat="22.406360000000003" lon="114.25100499999999"><ele>590.8000000000001</ele><time>2026-02-20T06:09:11Z</time></trkpt><trkpt lat="22.40635166666667" lon="114.25098666666666"><ele>589.8000000000001</ele><time>2026-02-20T06:09:15Z</time></trkpt><trkpt lat="22.40633833333333" lon="114.25097166666667"><ele>588.6</ele><time>2026-02-20T06:09:20Z</time></trkpt><trkpt lat="22.406318333333335" lon="114.250965"><ele>586.9</ele><time>2026-02-20T06:09:26Z</time></trkpt><trkpt lat="22.40629" lon="114.25090166666665"><ele>581.4</ele><time>2026-02-20T06:10:38Z</time></trkpt><trkpt lat="22.40626166666667" lon="114.25089000000001"><ele>580.2</ele><time>2026-02-20T06:10:49Z</time></trkpt><trkpt lat="22.406243333333336" lon="114.25088499999998"><ele>579.0</ele><time>2026-02-20T06:10:55Z</time></trkpt><trkpt lat="22.406223333333333" lon="114.25088"><ele>578.4</ele><time>2026-02-20T06:10:59Z</time></trkpt><trkpt lat="22.406205" lon="114.250875"><ele>577.6</ele><time>2026-02-20T06:11:05Z</time></trkpt><trkpt lat="22.406183333333335" lon="114.25085166666668"><ele>574.5</ele><time>2026-02-20T06:11:29Z</time></trkpt><trkpt lat="22.406169999999996" lon="114.25082833333333"><ele>573.7</ele><time>2026-02-20T06:11:35Z</time></trkpt><trkpt lat="22.406156666666668" lon="114.250815"><ele>573.0</ele><time>2026-02-20T06:11:38Z</time></trkpt><trkpt lat="22.406145" lon="114.25079833333332"><ele>573.0</ele><time>2026-02-20T06:11:44Z</time></trkpt><trkpt lat="22.40612" lon="114.25079666666667"><ele>573.4</ele><time>2026-02-20T06:11:57Z</time></trkpt><trkpt lat="22.406118333333332" lon="114.250775"><ele>572.1</ele><time>2026-02-20T06:12:02Z</time></trkpt><trkpt lat="22.40610333333333" lon="114.25075999999999"><ele>571.0</ele><time>2026-02-20T06:12:08Z</time></trkpt><trkpt lat="22.406093333333335" lon="114.25074333333332"><ele>570.4</ele><time>2026-02-20T06:12:12Z</time></trkpt><trkpt lat="22.40608166666667" lon="114.250725"><ele>569.9</ele><time>2026-02-20T06:12:15Z</time></trkpt><trkpt lat="22.40607166666667" lon="114.25070833333332"><ele>569.6</ele><time>2026-02-20T06:12:19Z</time></trkpt><trkpt lat="22.406055" lon="114.25069666666668"><ele>569.3000000000001</ele><time>2026-02-20T06:12:24Z</time></trkpt><trkpt lat="22.40603666666667" lon="114.25068000000002"><ele>569.1</ele><time>2026-02-20T06:12:28Z</time></trkpt><trkpt lat="22.40603" lon="114.25066166666666"><ele>568.9</ele><time>2026-02-20T06:12:31Z</time></trkpt><trkpt lat="22.406019999999998" lon="114.25064499999999"><ele>568.8000000000001</ele><time>2026-02-20T06:12:35Z</time></trkpt><trkpt lat="22.406003333333334" lon="114.25063"><ele>568.5</ele><time>2026-02-20T06:12:40Z</time></trkpt><trkpt lat="22.405989999999996" lon="114.25061333333333"><ele>568.1</ele><time>2026-02-20T06:12:44Z</time></trkpt><trkpt lat="22.405970000000003" lon="114.25060666666668"><ele>567.6</ele><time>2026-02-20T06:12:48Z</time></trkpt><trkpt lat="22.405953333333333" lon="114.25059333333333"><ele>567.2</ele><time>2026-02-20T06:12:51Z</time></trkpt><trkpt lat="22.405944999999996" lon="114.250575"><ele>566.7</ele><time>2026-02-20T06:12:55Z</time></trkpt><trkpt lat="22.40593666666667" lon="114.25055166666668"><ele>566.7</ele><time>2026-02-20T06:12:58Z</time></trkpt><trkpt lat="22.405914999999997" lon="114.25053666666666"><ele>566.5</ele><time>2026-02-20T06:13:02Z</time></trkpt><trkpt lat="22.405899999999995" lon="114.25052333333333"><ele>566.4</ele><time>2026-02-20T06:13:05Z</time></trkpt><trkpt lat="22.405888333333337" lon="114.25050666666667"><ele>566.6</ele><time>2026-02-20T06:13:08Z</time></trkpt><trkpt lat="22.405876666666668" lon="114.25048999999999"><ele>566.5</ele><time>2026-02-20T06:13:12Z</time></trkpt><trkpt lat="22.405865000000002" lon="114.25047333333332"><ele>566.6</ele><time>2026-02-20T06:13:15Z</time></trkpt><trkpt lat="22.405851666666663" lon="114.25045999999999"><ele>566.5</ele><time>2026-02-20T06:13:19Z</time></trkpt><trkpt lat="22.405836666666666" lon="114.250445"><ele>566.2</ele><time>2026-02-20T06:13:22Z</time></trkpt><trkpt lat="22.405823333333334" lon="114.25043"><ele>565.6</ele><time>2026-02-20T06:13:27Z</time></trkpt><trkpt lat="22.405813333333338" lon="114.25041166666666"><ele>565.1</ele><time>2026-02-20T06:13:31Z</time></trkpt><trkpt lat="22.4058" lon="114.25039333333334"><ele>565.0</ele><time>2026-02-20T06:13:36Z</time></trkpt><trkpt lat="22.405779999999996" lon="114.25038333333332"><ele>564.7</ele><time>2026-02-20T06:13:39Z</time></trkpt><trkpt lat="22.40576666666667" lon="114.25036833333334"><ele>564.5</ele><time>2026-02-20T06:13:43Z</time></trkpt><trkpt lat="22.405751666666667" lon="114.25035666666666"><ele>564.4</ele><time>2026-02-20T06:13:47Z</time></trkpt><trkpt lat="22.405730000000002" lon="114.25034833333332"><ele>564.2</ele><time>2026-02-20T06:13:51Z</time></trkpt><trkpt lat="22.405704999999998" lon="114.25034333333333"><ele>563.6</ele><time>2026-02-20T06:13:54Z</time></trkpt><trkpt lat="22.405683333333332" lon="114.25033333333334"><ele>563.3000000000001</ele><time>2026-02-20T06:13:56Z</time></trkpt><trkpt lat="22.405658333333335" lon="114.25032666666667"><ele>563.4</ele><time>2026-02-20T06:13:58Z</time></trkpt><trkpt lat="22.40563666666667" lon="114.25031499999999"><ele>563.4</ele><time>2026-02-20T06:14:00Z</time></trkpt><trkpt lat="22.405606666666667" lon="114.25022333333332"><ele>562.1</ele><time>2026-02-20T06:15:41Z</time></trkpt><trkpt lat="22.40557833333333" lon="114.25012333333333"><ele>557.3000000000001</ele><time>2026-02-20T06:16:28Z</time></trkpt><trkpt lat="22.405561666666667" lon="114.25008666666666"><ele>554.6</ele><time>2026-02-20T06:16:46Z</time></trkpt><trkpt lat="22.405548333333332" lon="114.25003833333334"><ele>551.9</ele><time>2026-02-20T06:17:06Z</time></trkpt><trkpt lat="22.405523333333335" lon="114.24993833333335"><ele>546.9</ele><time>2026-02-20T06:18:09Z</time></trkpt><trkpt lat="22.405466666666666" lon="114.24984833333335"><ele>536.6</ele><time>2026-02-20T06:19:59Z</time></trkpt><trkpt lat="22.405451666666668" lon="114.24974166666668"><ele>529.2</ele><time>2026-02-20T06:21:22Z</time></trkpt><trkpt lat="22.40544333333333" lon="114.24969833333334"><ele>526.0</ele><time>2026-02-20T06:22:02Z</time></trkpt><trkpt lat="22.405408333333337" lon="114.24963833333335"><ele>523.6</ele><time>2026-02-20T06:22:37Z</time></trkpt><trkpt lat="22.405365" lon="114.24955666666668"><ele>517.3000000000001</ele><time>2026-02-20T06:23:37Z</time></trkpt><trkpt lat="22.405311666666663" lon="114.249485"><ele>507.70000000000005</ele><time>2026-02-20T06:24:36Z</time></trkpt><trkpt lat="22.405298333333334" lon="114.24947166666668"><ele>506.90000000000003</ele><time>2026-02-20T06:24:51Z</time></trkpt><trkpt lat="22.405283333333333" lon="114.24945666666666"><ele>507.1</ele><time>2026-02-20T06:24:57Z</time></trkpt><trkpt lat="22.405268333333332" lon="114.24944500000001"><ele>506.6</ele><time>2026-02-20T06:25:08Z</time></trkpt><trkpt lat="22.405265" lon="114.249425"><ele>506.1</ele><time>2026-02-20T06:25:15Z</time></trkpt><trkpt lat="22.405250000000002" lon="114.24939666666666"><ele>502.40000000000003</ele><time>2026-02-20T06:25:34Z</time></trkpt><trkpt lat="22.405238333333333" lon="114.24929166666668"><ele>491.1</ele><time>2026-02-20T06:27:04Z</time></trkpt><trkpt lat="22.405225000000005" lon="114.249185"><ele>486.8</ele><time>2026-02-20T06:28:35Z</time></trkpt><trkpt lat="22.405210000000004" lon="114.24908666666667"><ele>480.3</ele><time>2026-02-20T06:29:59Z</time></trkpt><trkpt lat="22.405181666666667" lon="114.24898333333334"><ele>474.70000000000005</ele><time>2026-02-20T06:30:50Z</time></trkpt><trkpt lat="22.405165000000004" lon="114.24887500000001"><ele>468.40000000000003</ele><time>2026-02-20T06:31:43Z</time></trkpt><trkpt lat="22.405131666666662" lon="114.24877333333333"><ele>462.20000000000005</ele><time>2026-02-20T06:32:37Z</time></trkpt><trkpt lat="22.405093333333337" lon="114.24867166666667"><ele>459.90000000000003</ele><time>2026-02-20T06:33:15Z</time></trkpt><trkpt lat="22.405079999999998" lon="114.24865333333334"><ele>459.6</ele><time>2026-02-20T06:33:21Z</time></trkpt><trkpt lat="22.405079999999998" lon="114.24863333333333"><ele>459.40000000000003</ele><time>2026-02-20T06:33:26Z</time></trkpt><trkpt lat="22.405078333333336" lon="114.24861166666666"><ele>459.20000000000005</ele><time>2026-02-20T06:33:32Z</time></trkpt><trkpt lat="22.405056666666663" lon="114.24854333333333"><ele>456.40000000000003</ele><time>2026-02-20T06:34:00Z</time></trkpt><trkpt lat="22.40505" lon="114.24844499999999"><ele>453.20000000000005</ele><time>2026-02-20T06:35:19Z</time></trkpt><trkpt lat="22.405061666666665" lon="114.24842500000001"><ele>452.20000000000005</ele><time>2026-02-20T06:35:23Z</time></trkpt><trkpt lat="22.405071666666664" lon="114.24840833333334"><ele>451.5</ele><time>2026-02-20T06:35:27Z</time></trkpt><trkpt lat="22.405078333333336" lon="114.24838999999999"><ele>450.70000000000005</ele><time>2026-02-20T06:35:33Z</time></trkpt><trkpt lat="22.405061666666665" lon="114.24836833333332"><ele>450.1</ele><time>2026-02-20T06:35:40Z</time></trkpt><trkpt lat="22.40505166666667" lon="114.24831833333334"><ele>448.6</ele><time>2026-02-20T06:35:59Z</time></trkpt><trkpt lat="22.40504333333333" lon="114.24829166666665"><ele>448.0</ele><time>2026-02-20T06:36:07Z</time></trkpt><trkpt lat="22.405036666666668" lon="114.24818666666667"><ele>444.20000000000005</ele><time>2026-02-20T06:36:58Z</time></trkpt><trkpt lat="22.40505" lon="114.24808333333334"><ele>440.70000000000005</ele><time>2026-02-20T06:37:50Z</time></trkpt><trkpt lat="22.405041666666662" lon="114.24798333333335"><ele>429.8</ele><time>2026-02-20T06:38:37Z</time></trkpt><trkpt lat="22.405045000000005" lon="114.24791333333333"><ele>428.70000000000005</ele><time>2026-02-20T06:39:04Z</time></trkpt><trkpt lat="22.405060000000002" lon="114.24790166666668"><ele>428.20000000000005</ele><time>2026-02-20T06:39:09Z</time></trkpt><trkpt lat="22.40505333333333" lon="114.24787999999998"><ele>428.20000000000005</ele><time>2026-02-20T06:39:17Z</time></trkpt><trkpt lat="22.40505" lon="114.24785833333333"><ele>428.0</ele><time>2026-02-20T06:39:22Z</time></trkpt><trkpt lat="22.40505166666667" lon="114.24783666666666"><ele>427.8</ele><time>2026-02-20T06:39:26Z</time></trkpt><trkpt lat="22.405061666666665" lon="114.24781999999999"><ele>427.70000000000005</ele><time>2026-02-20T06:39:35Z</time></trkpt><trkpt lat="22.405063333333334" lon="114.24780000000001"><ele>427.3</ele><time>2026-02-20T06:39:47Z</time></trkpt><trkpt lat="22.405056666666663" lon="114.24778166666668"><ele>428.0</ele><time>2026-02-20T06:39:53Z</time></trkpt><trkpt lat="22.405046666666667" lon="114.24776333333332"><ele>427.20000000000005</ele><time>2026-02-20T06:40:07Z</time></trkpt><trkpt lat="22.40502333333333" lon="114.24766833333334"><ele>420.5</ele><time>2026-02-20T06:41:03Z</time></trkpt><trkpt lat="22.405021666666666" lon="114.24764666666667"><ele>420.20000000000005</ele><time>2026-02-20T06:41:06Z</time></trkpt><trkpt lat="22.405018333333334" lon="114.24762666666666"><ele>419.6</ele><time>2026-02-20T06:41:11Z</time></trkpt><trkpt lat="22.405025000000002" lon="114.24757666666667"><ele>418.70000000000005</ele><time>2026-02-20T06:41:24Z</time></trkpt><trkpt lat="22.405026666666664" lon="114.24753333333335"><ele>417.90000000000003</ele><time>2026-02-20T06:41:34Z</time></trkpt><trkpt lat="22.405026666666664" lon="114.24751166666668"><ele>417.40000000000003</ele><time>2026-02-20T06:41:38Z</time></trkpt><trkpt lat="22.405028333333334" lon="114.247485"><ele>416.8</ele><time>2026-02-20T06:41:45Z</time></trkpt><trkpt lat="22.405028333333334" lon="114.24745999999999"><ele>416.5</ele><time>2026-02-20T06:41:48Z</time></trkpt><trkpt lat="22.40502333333333" lon="114.24744000000001"><ele>416.1</ele><time>2026-02-20T06:41:51Z</time></trkpt><trkpt lat="22.405018333333334" lon="114.24741833333334"><ele>415.70000000000005</ele><time>2026-02-20T06:41:54Z</time></trkpt><trkpt lat="22.405021666666666" lon="114.24739833333334"><ele>415.3</ele><time>2026-02-20T06:41:57Z</time></trkpt><trkpt lat="22.405018333333334" lon="114.24737833333332"><ele>415.0</ele><time>2026-02-20T06:42:00Z</time></trkpt><trkpt lat="22.40502333333333" lon="114.24735833333334"><ele>414.8</ele><time>2026-02-20T06:42:07Z</time></trkpt><trkpt lat="22.405028333333334" lon="114.24733499999999"><ele>414.20000000000005</ele><time>2026-02-20T06:42:16Z</time></trkpt><trkpt lat="22.405025000000002" lon="114.24731166666668"><ele>413.8</ele><time>2026-02-20T06:42:26Z</time></trkpt><trkpt lat="22.405031666666666" lon="114.24729333333335"><ele>412.3</ele><time>2026-02-20T06:42:36Z</time></trkpt><trkpt lat="22.405041666666662" lon="114.24727499999999"><ele>411.3</ele><time>2026-02-20T06:42:41Z</time></trkpt><trkpt lat="22.40505" lon="114.24725500000001"><ele>410.70000000000005</ele><time>2026-02-20T06:42:46Z</time></trkpt><trkpt lat="22.40504" lon="114.24722833333333"><ele>410.1</ele><time>2026-02-20T06:42:51Z</time></trkpt><trkpt lat="22.405048333333337" lon="114.24721"><ele>408.70000000000005</ele><time>2026-02-20T06:42:59Z</time></trkpt><trkpt lat="22.405063333333334" lon="114.247195"><ele>407.90000000000003</ele><time>2026-02-20T06:43:03Z</time></trkpt><trkpt lat="22.405075000000004" lon="114.24717833333334"><ele>407.20000000000005</ele><time>2026-02-20T06:43:07Z</time></trkpt><trkpt lat="22.405079999999998" lon="114.24715666666667"><ele>406.6</ele><time>2026-02-20T06:43:13Z</time></trkpt><trkpt lat="22.405078333333336" lon="114.24713500000001"><ele>405.6</ele><time>2026-02-20T06:43:21Z</time></trkpt><trkpt lat="22.405081666666668" lon="114.24711166666665"><ele>405.1</ele><time>2026-02-20T06:43:26Z</time></trkpt><trkpt lat="22.405075000000004" lon="114.24709166666668"><ele>405.0</ele><time>2026-02-20T06:43:32Z</time></trkpt><trkpt lat="22.40508333333333" lon="114.24707166666667"><ele>403.5</ele><time>2026-02-20T06:43:44Z</time></trkpt><trkpt lat="22.40509666666667" lon="114.24703999999998"><ele>402.1</ele><time>2026-02-20T06:43:58Z</time></trkpt><trkpt lat="22.40509833333333" lon="114.24702"><ele>401.20000000000005</ele><time>2026-02-20T06:44:06Z</time></trkpt><trkpt lat="22.405086666666662" lon="114.24700166666668"><ele>400.3</ele><time>2026-02-20T06:44:17Z</time></trkpt><trkpt lat="22.405090000000005" lon="114.24695166666667"><ele>398.0</ele><time>2026-02-20T06:45:06Z</time></trkpt><trkpt lat="22.405093333333337" lon="114.24693"><ele>398.3</ele><time>2026-02-20T06:45:11Z</time></trkpt><trkpt lat="22.405090000000005" lon="114.24691"><ele>398.90000000000003</ele><time>2026-02-20T06:45:16Z</time></trkpt><trkpt lat="22.405103333333333" lon="114.24689500000001"><ele>399.3</ele><time>2026-02-20T06:45:25Z</time></trkpt><trkpt lat="22.405111666666667" lon="114.246875"><ele>399.70000000000005</ele><time>2026-02-20T06:45:31Z</time></trkpt><trkpt lat="22.405123333333336" lon="114.24683833333332"><ele>399.0</ele><time>2026-02-20T06:45:45Z</time></trkpt><trkpt lat="22.405118333333334" lon="114.24681666666666"><ele>398.70000000000005</ele><time>2026-02-20T06:45:48Z</time></trkpt><trkpt lat="22.40513" lon="114.24680166666667"><ele>398.20000000000005</ele><time>2026-02-20T06:45:54Z</time></trkpt><trkpt lat="22.40514166666667" lon="114.246785"><ele>398.0</ele><time>2026-02-20T06:45:58Z</time></trkpt><trkpt lat="22.405175" lon="114.24676833333334"><ele>397.3</ele><time>2026-02-20T06:46:11Z</time></trkpt><trkpt lat="22.405168333333336" lon="114.24674833333331"><ele>397.6</ele><time>2026-02-20T06:46:15Z</time></trkpt><trkpt lat="22.405165000000004" lon="114.24672833333334"><ele>398.0</ele><time>2026-02-20T06:46:19Z</time></trkpt><trkpt lat="22.405165000000004" lon="114.24670666666667"><ele>397.70000000000005</ele><time>2026-02-20T06:46:30Z</time></trkpt><trkpt lat="22.405171666666668" lon="114.24668833333332"><ele>396.6</ele><time>2026-02-20T06:46:36Z</time></trkpt><trkpt lat="22.405183333333337" lon="114.24667"><ele>396.3</ele><time>2026-02-20T06:46:41Z</time></trkpt><trkpt lat="22.405180000000005" lon="114.24665000000002"><ele>395.70000000000005</ele><time>2026-02-20T06:46:46Z</time></trkpt><trkpt lat="22.405181666666667" lon="114.24663000000001"><ele>394.8</ele><time>2026-02-20T06:46:52Z</time></trkpt><trkpt lat="22.405183333333337" lon="114.24660833333334"><ele>393.90000000000003</ele><time>2026-02-20T06:46:59Z</time></trkpt><trkpt lat="22.40517333333333" lon="114.24658833333334"><ele>393.40000000000003</ele><time>2026-02-20T06:47:06Z</time></trkpt><trkpt lat="22.405168333333336" lon="114.24656833333331"><ele>392.90000000000003</ele><time>2026-02-20T06:47:13Z</time></trkpt><trkpt lat="22.405156666666667" lon="114.24654000000001"><ele>389.90000000000003</ele><time>2026-02-20T06:47:30Z</time></trkpt><trkpt lat="22.405154999999997" lon="114.24651833333334"><ele>388.90000000000003</ele><time>2026-02-20T06:47:35Z</time></trkpt><trkpt lat="22.405153333333335" lon="114.24649833333334"><ele>387.90000000000003</ele><time>2026-02-20T06:47:39Z</time></trkpt><trkpt lat="22.40517" lon="114.24648833333335"><ele>387.1</ele><time>2026-02-20T06:47:47Z</time></trkpt><trkpt lat="22.405171666666668" lon="114.24646833333333"><ele>386.0</ele><time>2026-02-20T06:47:56Z</time></trkpt><trkpt lat="22.405165000000004" lon="114.24644833333332"><ele>384.0</ele><time>2026-02-20T06:48:05Z</time></trkpt><trkpt lat="22.405156666666667" lon="114.24642666666665"><ele>381.70000000000005</ele><time>2026-02-20T06:48:17Z</time></trkpt><trkpt lat="22.405148333333333" lon="114.24640833333333"><ele>381.3</ele><time>2026-02-20T06:48:22Z</time></trkpt><trkpt lat="22.405146666666663" lon="114.24637833333333"><ele>381.70000000000005</ele><time>2026-02-20T06:48:32Z</time></trkpt><trkpt lat="22.405154999999997" lon="114.24636000000001"><ele>381.8</ele><time>2026-02-20T06:48:41Z</time></trkpt><trkpt lat="22.405146666666663" lon="114.24633999999999"><ele>381.1</ele><time>2026-02-20T06:48:49Z</time></trkpt><trkpt lat="22.405145" lon="114.24632000000001"><ele>381.0</ele><time>2026-02-20T06:48:53Z</time></trkpt><trkpt lat="22.405108333333335" lon="114.24621499999999"><ele>379.5</ele><time>2026-02-20T06:50:33Z</time></trkpt><trkpt lat="22.40509666666667" lon="114.24615666666665"><ele>377.0</ele><time>2026-02-20T06:50:50Z</time></trkpt><trkpt lat="22.405093333333337" lon="114.246135"><ele>376.3</ele><time>2026-02-20T06:50:58Z</time></trkpt><trkpt lat="22.40508833333333" lon="114.246115"><ele>375.6</ele><time>2026-02-20T06:51:07Z</time></trkpt><trkpt lat="22.405081666666668" lon="114.24609333333335"><ele>373.90000000000003</ele><time>2026-02-20T06:51:14Z</time></trkpt><trkpt lat="22.405073333333334" lon="114.24607333333333"><ele>373.90000000000003</ele><time>2026-02-20T06:51:19Z</time></trkpt><trkpt lat="22.405070000000002" lon="114.24605166666667"><ele>373.40000000000003</ele><time>2026-02-20T06:51:25Z</time></trkpt><trkpt lat="22.405061666666665" lon="114.24603"><ele>373.0</ele><time>2026-02-20T06:51:30Z</time></trkpt><trkpt lat="22.405058333333333" lon="114.24601"><ele>372.0</ele><time>2026-02-20T06:51:37Z</time></trkpt><trkpt lat="22.40505" lon="114.24599000000002"><ele>370.90000000000003</ele><time>2026-02-20T06:51:48Z</time></trkpt><trkpt lat="22.405048333333337" lon="114.24597"><ele>369.90000000000003</ele><time>2026-02-20T06:51:55Z</time></trkpt><trkpt lat="22.405041666666662" lon="114.24594499999999"><ele>369.40000000000003</ele><time>2026-02-20T06:52:00Z</time></trkpt><trkpt lat="22.405026666666664" lon="114.24593166666666"><ele>369.0</ele><time>2026-02-20T06:52:04Z</time></trkpt><trkpt lat="22.405013333333333" lon="114.24591833333334"><ele>368.6</ele><time>2026-02-20T06:52:11Z</time></trkpt><trkpt lat="22.405005" lon="114.24589666666667"><ele>366.40000000000003</ele><time>2026-02-20T06:52:24Z</time></trkpt><trkpt lat="22.40499833333333" lon="114.24587666666666"><ele>365.8</ele><time>2026-02-20T06:52:31Z</time></trkpt><trkpt lat="22.404996666666662" lon="114.24585333333334"><ele>365.1</ele><time>2026-02-20T06:52:36Z</time></trkpt><trkpt lat="22.404996666666662" lon="114.24583"><ele>364.70000000000005</ele><time>2026-02-20T06:52:40Z</time></trkpt><trkpt lat="22.404988333333336" lon="114.24581166666667"><ele>364.1</ele><time>2026-02-20T06:52:45Z</time></trkpt><trkpt lat="22.404983333333334" lon="114.24579"><ele>363.1</ele><time>2026-02-20T06:53:01Z</time></trkpt><trkpt lat="22.40497833333333" lon="114.24576833333334"><ele>362.90000000000003</ele><time>2026-02-20T06:53:08Z</time></trkpt><trkpt lat="22.404965" lon="114.245755"><ele>362.8</ele><time>2026-02-20T06:53:17Z</time></trkpt><trkpt lat="22.404966666666663" lon="114.24572333333332"><ele>361.8</ele><time>2026-02-20T06:53:33Z</time></trkpt><trkpt lat="22.404955000000005" lon="114.24569000000001"><ele>360.40000000000003</ele><time>2026-02-20T06:53:57Z</time></trkpt><trkpt lat="22.404935000000002" lon="114.245685"><ele>357.90000000000003</ele><time>2026-02-20T06:54:14Z</time></trkpt><trkpt lat="22.40493333333333" lon="114.24566333333333"><ele>357.3</ele><time>2026-02-20T06:54:21Z</time></trkpt><trkpt lat="22.404938333333334" lon="114.24564333333335"><ele>357.0</ele><time>2026-02-20T06:54:25Z</time></trkpt><trkpt lat="22.404941666666666" lon="114.24562166666668"><ele>356.1</ele><time>2026-02-20T06:54:34Z</time></trkpt><trkpt lat="22.404938333333334" lon="114.24560166666667"><ele>355.0</ele><time>2026-02-20T06:54:43Z</time></trkpt><trkpt lat="22.404925000000002" lon="114.24557833333334"><ele>352.90000000000003</ele><time>2026-02-20T06:55:05Z</time></trkpt><trkpt lat="22.404940000000003" lon="114.24556666666668"><ele>351.3</ele><time>2026-02-20T06:55:13Z</time></trkpt><trkpt lat="22.404955000000005" lon="114.24551833333335"><ele>351.5</ele><time>2026-02-20T06:55:26Z</time></trkpt><trkpt lat="22.40496" lon="114.24549833333334"><ele>351.40000000000003</ele><time>2026-02-20T06:55:32Z</time></trkpt><trkpt lat="22.40496333333333" lon="114.24547833333332"><ele>351.70000000000005</ele><time>2026-02-20T06:55:39Z</time></trkpt><trkpt lat="22.40495333333333" lon="114.24545833333335"><ele>350.1</ele><time>2026-02-20T06:55:53Z</time></trkpt><trkpt lat="22.404946666666667" lon="114.24543666666665"><ele>349.6</ele><time>2026-02-20T06:55:57Z</time></trkpt><trkpt lat="22.404941666666666" lon="114.24541333333333"><ele>349.5</ele><time>2026-02-20T06:56:03Z</time></trkpt><trkpt lat="22.404935000000002" lon="114.24539333333333"><ele>348.5</ele><time>2026-02-20T06:56:08Z</time></trkpt><trkpt lat="22.40493333333333" lon="114.24537333333335"><ele>347.6</ele><time>2026-02-20T06:56:13Z</time></trkpt><trkpt lat="22.404929999999997" lon="114.24535333333333"><ele>347.0</ele><time>2026-02-20T06:56:19Z</time></trkpt><trkpt lat="22.404928333333334" lon="114.24533000000001"><ele>346.5</ele><time>2026-02-20T06:56:46Z</time></trkpt><trkpt lat="22.40492" lon="114.24531"><ele>346.3</ele><time>2026-02-20T06:56:52Z</time></trkpt><trkpt lat="22.404925000000002" lon="114.24529"><ele>345.70000000000005</ele><time>2026-02-20T06:57:00Z</time></trkpt><trkpt lat="22.404935000000002" lon="114.24527166666667"><ele>343.70000000000005</ele><time>2026-02-20T06:57:08Z</time></trkpt><trkpt lat="22.404931666666666" lon="114.24525166666666"><ele>342.1</ele><time>2026-02-20T06:57:17Z</time></trkpt><trkpt lat="22.404926666666665" lon="114.24522999999999"><ele>340.6</ele><time>2026-02-20T06:57:24Z</time></trkpt><trkpt lat="22.404929999999997" lon="114.24520666666668"><ele>340.0</ele><time>2026-02-20T06:57:29Z</time></trkpt><trkpt lat="22.40492166666667" lon="114.24518333333332"><ele>338.40000000000003</ele><time>2026-02-20T06:57:49Z</time></trkpt><trkpt lat="22.404913333333337" lon="114.245165"><ele>337.6</ele><time>2026-02-20T06:58:00Z</time></trkpt><trkpt lat="22.404905" lon="114.24514666666667"><ele>337.1</ele><time>2026-02-20T06:58:07Z</time></trkpt><trkpt lat="22.404898333333335" lon="114.24504666666665"><ele>333.5</ele><time>2026-02-20T06:59:10Z</time></trkpt><trkpt lat="22.404901666666667" lon="114.244945"><ele>321.40000000000003</ele><time>2026-02-20T07:01:10Z</time></trkpt><trkpt lat="22.404820000000004" lon="114.24488500000001"><ele>313.8</ele><time>2026-02-20T07:02:32Z</time></trkpt><trkpt lat="22.404811666666667" lon="114.24486333333334"><ele>314.8</ele><time>2026-02-20T07:02:39Z</time></trkpt><trkpt lat="22.404803333333334" lon="114.24484"><ele>315.3</ele><time>2026-02-20T07:02:43Z</time></trkpt><trkpt lat="22.40474166666667" lon="114.24476000000001"><ele>306.0</ele><time>2026-02-20T07:04:33Z</time></trkpt><trkpt lat="22.404721666666667" lon="114.24475333333334"><ele>307.8</ele><time>2026-02-20T07:04:43Z</time></trkpt><trkpt lat="22.404706666666666" lon="114.24473000000002"><ele>306.5</ele><time>2026-02-20T07:05:08Z</time></trkpt><trkpt lat="22.404703333333334" lon="114.24471"><ele>306.6</ele><time>2026-02-20T07:05:11Z</time></trkpt><trkpt lat="22.404704999999996" lon="114.24468"><ele>306.70000000000005</ele><time>2026-02-20T07:05:16Z</time></trkpt><trkpt lat="22.40472333333333" lon="114.24468499999999"><ele>303.20000000000005</ele><time>2026-02-20T07:05:48Z</time></trkpt><trkpt lat="22.404718333333335" lon="114.244655"><ele>302.40000000000003</ele><time>2026-02-20T07:06:20Z</time></trkpt><trkpt lat="22.404716666666666" lon="114.24463333333333"><ele>302.3</ele><time>2026-02-20T07:06:25Z</time></trkpt><trkpt lat="22.40471" lon="114.24461333333332"><ele>302.8</ele><time>2026-02-20T07:06:31Z</time></trkpt><trkpt lat="22.40472666666667" lon="114.244625"><ele>302.6</ele><time>2026-02-20T07:06:34Z</time></trkpt><trkpt lat="22.404731666666667" lon="114.244645"><ele>301.90000000000003</ele><time>2026-02-20T07:06:38Z</time></trkpt><trkpt lat="22.404745000000002" lon="114.24466"><ele>300.5</ele><time>2026-02-20T07:06:44Z</time></trkpt><trkpt lat="22.40474" lon="114.24459166666665"><ele>298.0</ele><time>2026-02-20T07:07:10Z</time></trkpt><trkpt lat="22.404733333333336" lon="114.24457"><ele>297.3</ele><time>2026-02-20T07:07:14Z</time></trkpt><trkpt lat="22.40475666666667" lon="114.244475"><ele>295.40000000000003</ele><time>2026-02-20T07:07:35Z</time></trkpt><trkpt lat="22.404776666666667" lon="114.244465"><ele>295.1</ele><time>2026-02-20T07:07:40Z</time></trkpt><trkpt lat="22.404796666666666" lon="114.24446166666667"><ele>294.8</ele><time>2026-02-20T07:07:44Z</time></trkpt><trkpt lat="22.40472666666667" lon="114.24441"><ele>293.40000000000003</ele><time>2026-02-20T07:08:22Z</time></trkpt><trkpt lat="22.404718333333335" lon="114.24432166666665"><ele>292.40000000000003</ele><time>2026-02-20T07:08:50Z</time></trkpt><trkpt lat="22.40472833333333" lon="114.24429833333333"><ele>292.40000000000003</ele><time>2026-02-20T07:08:53Z</time></trkpt><trkpt lat="22.40474166666667" lon="114.24428166666667"><ele>292.40000000000003</ele><time>2026-02-20T07:08:55Z</time></trkpt><trkpt lat="22.40474166666667" lon="114.24426166666666"><ele>292.40000000000003</ele><time>2026-02-20T07:08:59Z</time></trkpt><trkpt lat="22.404731666666667" lon="114.24424499999999"><ele>292.3</ele><time>2026-02-20T07:09:02Z</time></trkpt><trkpt lat="22.404725" lon="114.24422333333332"><ele>291.5</ele><time>2026-02-20T07:09:06Z</time></trkpt><trkpt lat="22.404725" lon="114.24419333333331"><ele>290.40000000000003</ele><time>2026-02-20T07:09:16Z</time></trkpt><trkpt lat="22.40472666666667" lon="114.24417333333334"><ele>290.5</ele><time>2026-02-20T07:09:20Z</time></trkpt><trkpt lat="22.40480166666667" lon="114.24412"><ele>286.70000000000005</ele><time>2026-02-20T07:11:37Z</time></trkpt><trkpt lat="22.4048" lon="114.24409166666668"><ele>286.0</ele><time>2026-02-20T07:11:49Z</time></trkpt><trkpt lat="22.404701666666664" lon="114.24405666666668"><ele>281.40000000000003</ele><time>2026-02-20T07:12:22Z</time></trkpt><trkpt lat="22.404674999999997" lon="114.24405333333334"><ele>281.40000000000003</ele><time>2026-02-20T07:12:25Z</time></trkpt><trkpt lat="22.404658333333334" lon="114.24404166666666"><ele>281.3</ele><time>2026-02-20T07:12:29Z</time></trkpt><trkpt lat="22.404646666666668" lon="114.24405666666668"><ele>281.20000000000005</ele><time>2026-02-20T07:12:33Z</time></trkpt><trkpt lat="22.404583333333335" lon="114.24404166666666"><ele>280.5</ele><time>2026-02-20T07:13:28Z</time></trkpt><trkpt lat="22.404584999999997" lon="114.244015"><ele>280.6</ele><time>2026-02-20T07:13:31Z</time></trkpt><trkpt lat="22.404581666666665" lon="114.24399333333334"><ele>280.6</ele><time>2026-02-20T07:13:35Z</time></trkpt><trkpt lat="22.404581666666665" lon="114.24397333333333"><ele>280.6</ele><time>2026-02-20T07:13:39Z</time></trkpt><trkpt lat="22.4046" lon="114.24396833333334"><ele>278.90000000000003</ele><time>2026-02-20T07:13:58Z</time></trkpt><trkpt lat="22.40461" lon="114.24389166666667"><ele>277.0</ele><time>2026-02-20T07:14:10Z</time></trkpt><trkpt lat="22.404614999999996" lon="114.24386333333332"><ele>277.0</ele><time>2026-02-20T07:14:13Z</time></trkpt><trkpt lat="22.404623333333333" lon="114.24384333333334"><ele>276.70000000000005</ele><time>2026-02-20T07:14:16Z</time></trkpt><trkpt lat="22.404598333333336" lon="114.24374666666667"><ele>273.8</ele><time>2026-02-20T07:15:11Z</time></trkpt><trkpt lat="22.404601666666668" lon="114.24372666666667"><ele>273.8</ele><time>2026-02-20T07:15:14Z</time></trkpt><trkpt lat="22.404571666666666" lon="114.24363333333334"><ele>274.20000000000005</ele><time>2026-02-20T07:15:36Z</time></trkpt><trkpt lat="22.404583333333335" lon="114.24360833333334"><ele>274.3</ele><time>2026-02-20T07:15:39Z</time></trkpt><trkpt lat="22.40459166666667" lon="114.24358166666667"><ele>274.5</ele><time>2026-02-20T07:15:41Z</time></trkpt><trkpt lat="22.404583333333335" lon="114.24356000000002"><ele>274.8</ele><time>2026-02-20T07:15:45Z</time></trkpt><trkpt lat="22.40459" lon="114.24353666666666"><ele>274.90000000000003</ele><time>2026-02-20T07:15:48Z</time></trkpt><trkpt lat="22.404575" lon="114.24352333333333"><ele>275.20000000000005</ele><time>2026-02-20T07:15:52Z</time></trkpt><trkpt lat="22.40452" lon="114.24353500000001"><ele>275.6</ele><time>2026-02-20T07:16:03Z</time></trkpt><trkpt lat="22.404494999999997" lon="114.24353166666667"><ele>275.70000000000005</ele><time>2026-02-20T07:16:06Z</time></trkpt><trkpt lat="22.404483333333328" lon="114.24351499999999"><ele>275.8</ele><time>2026-02-20T07:16:10Z</time></trkpt><trkpt lat="22.404476666666664" lon="114.24349166666667"><ele>276.0</ele><time>2026-02-20T07:16:14Z</time></trkpt><trkpt lat="22.404460000000004" lon="114.24348333333334"><ele>276.1</ele><time>2026-02-20T07:16:17Z</time></trkpt><trkpt lat="22.40444166666667" lon="114.24348"><ele>275.90000000000003</ele><time>2026-02-20T07:16:20Z</time></trkpt><trkpt lat="22.40442" lon="114.24347333333331"><ele>275.70000000000005</ele><time>2026-02-20T07:16:23Z</time></trkpt><trkpt lat="22.404403333333335" lon="114.24348333333334"><ele>275.20000000000005</ele><time>2026-02-20T07:16:28Z</time></trkpt><trkpt lat="22.40438333333333" lon="114.24347833333334"><ele>274.70000000000005</ele><time>2026-02-20T07:16:33Z</time></trkpt><trkpt lat="22.404365" lon="114.24346500000001"><ele>274.6</ele><time>2026-02-20T07:16:36Z</time></trkpt><trkpt lat="22.40435" lon="114.24345333333333"><ele>274.40000000000003</ele><time>2026-02-20T07:16:39Z</time></trkpt><trkpt lat="22.40433666666667" lon="114.24343666666667"><ele>274.3</ele><time>2026-02-20T07:16:43Z</time></trkpt><trkpt lat="22.404321666666668" lon="114.24342333333334"><ele>274.1</ele><time>2026-02-20T07:16:46Z</time></trkpt><trkpt lat="22.404305" lon="114.24340833333332"><ele>274.1</ele><time>2026-02-20T07:16:50Z</time></trkpt><trkpt lat="22.404283333333336" lon="114.24340833333332"><ele>274.1</ele><time>2026-02-20T07:16:55Z</time></trkpt><trkpt lat="22.40426166666667" lon="114.24340333333333"><ele>274.20000000000005</ele><time>2026-02-20T07:16:59Z</time></trkpt><trkpt lat="22.404243333333337" lon="114.24339833333333"><ele>274.20000000000005</ele><time>2026-02-20T07:17:01Z</time></trkpt><trkpt lat="22.404221666666665" lon="114.24339333333334"><ele>274.20000000000005</ele><time>2026-02-20T07:17:03Z</time></trkpt><trkpt lat="22.404198333333337" lon="114.24338666666667"><ele>274.6</ele><time>2026-02-20T07:17:07Z</time></trkpt><trkpt lat="22.404185" lon="114.24336999999998"><ele>274.8</ele><time>2026-02-20T07:17:14Z</time></trkpt><trkpt lat="22.40415833333333" lon="114.24326166666667"><ele>275.90000000000003</ele><time>2026-02-20T07:17:36Z</time></trkpt><trkpt lat="22.404103333333335" lon="114.24316666666667"><ele>278.90000000000003</ele><time>2026-02-20T07:18:15Z</time></trkpt><trkpt lat="22.404033333333338" lon="114.24315833333334"><ele>278.70000000000005</ele><time>2026-02-20T07:18:37Z</time></trkpt><trkpt lat="22.40402" lon="114.24314000000001"><ele>277.5</ele><time>2026-02-20T07:18:43Z</time></trkpt><trkpt lat="22.40400833333333" lon="114.24312333333334"><ele>276.8</ele><time>2026-02-20T07:18:48Z</time></trkpt><trkpt lat="22.403958333333335" lon="114.24312499999999"><ele>276.1</ele><time>2026-02-20T07:19:12Z</time></trkpt><trkpt lat="22.403981666666663" lon="114.24313166666667"><ele>275.8</ele><time>2026-02-20T07:19:23Z</time></trkpt><trkpt lat="22.403941666666665" lon="114.24307833333333"><ele>274.6</ele><time>2026-02-20T07:20:00Z</time></trkpt><trkpt lat="22.40390166666667" lon="114.24308"><ele>274.6</ele><time>2026-02-20T07:20:24Z</time></trkpt><trkpt lat="22.403908333333334" lon="114.24313833333332"><ele>267.70000000000005</ele><time>2026-02-20T07:21:25Z</time></trkpt><trkpt lat="22.40381" lon="114.24315166666665"><ele>267.70000000000005</ele><time>2026-02-20T07:21:58Z</time></trkpt><trkpt lat="22.403728333333333" lon="114.24313"><ele>265.3</ele><time>2026-02-20T07:22:38Z</time></trkpt><trkpt lat="22.40371" lon="114.24313"><ele>265.1</ele><time>2026-02-20T07:22:41Z</time></trkpt><trkpt lat="22.40368" lon="114.24311833333334"><ele>256.3</ele><time>2026-02-20T07:24:40Z</time></trkpt><trkpt lat="22.403716666666664" lon="114.24309999999998"><ele>252.4</ele><time>2026-02-20T07:26:28Z</time></trkpt><trkpt lat="22.403698333333335" lon="114.24310333333332"><ele>252.4</ele><time>2026-02-20T07:26:30Z</time></trkpt><trkpt lat="22.403686666666665" lon="114.24312"><ele>252.29999999999998</ele><time>2026-02-20T07:26:33Z</time></trkpt><trkpt lat="22.40371" lon="114.24311666666667"><ele>251.6</ele><time>2026-02-20T07:26:36Z</time></trkpt><trkpt lat="22.403688333333335" lon="114.24312333333334"><ele>251.9</ele><time>2026-02-20T07:26:48Z</time></trkpt><trkpt lat="22.403644999999997" lon="114.24312833333333"><ele>253.1</ele><time>2026-02-20T07:27:19Z</time></trkpt><trkpt lat="22.40363166666667" lon="114.24311333333331"><ele>253.4</ele><time>2026-02-20T07:27:23Z</time></trkpt><trkpt lat="22.403621666666663" lon="114.24303666666668"><ele>252.4</ele><time>2026-02-20T07:27:53Z</time></trkpt><trkpt lat="22.403556666666667" lon="114.24302333333331"><ele>250.1</ele><time>2026-02-20T07:28:19Z</time></trkpt><trkpt lat="22.40354333333333" lon="114.24300666666667"><ele>249.7</ele><time>2026-02-20T07:28:24Z</time></trkpt><trkpt lat="22.40352833333333" lon="114.24299333333332"><ele>247.9</ele><time>2026-02-20T07:28:57Z</time></trkpt><trkpt lat="22.403533333333332" lon="114.24295333333333"><ele>246.5</ele><time>2026-02-20T07:29:07Z</time></trkpt><trkpt lat="22.403518333333334" lon="114.24293833333334"><ele>246.2</ele><time>2026-02-20T07:29:10Z</time></trkpt><trkpt lat="22.403493333333337" lon="114.24294333333334"><ele>245.9</ele><time>2026-02-20T07:29:13Z</time></trkpt><trkpt lat="22.403470000000002" lon="114.24294666666668"><ele>245.6</ele><time>2026-02-20T07:29:15Z</time></trkpt><trkpt lat="22.403448333333337" lon="114.24294499999999"><ele>245.29999999999998</ele><time>2026-02-20T07:29:17Z</time></trkpt><trkpt lat="22.403421666666667" lon="114.24293666666667"><ele>245.0</ele><time>2026-02-20T07:29:19Z</time></trkpt><trkpt lat="22.403401666666664" lon="114.24292500000001"><ele>244.4</ele><time>2026-02-20T07:29:22Z</time></trkpt><trkpt lat="22.40337833333333" lon="114.24292166666667"><ele>243.9</ele><time>2026-02-20T07:29:25Z</time></trkpt><trkpt lat="22.40336" lon="114.24292333333332"><ele>243.7</ele><time>2026-02-20T07:29:27Z</time></trkpt><trkpt lat="22.403343333333336" lon="114.242915"><ele>243.9</ele><time>2026-02-20T07:29:29Z</time></trkpt><trkpt lat="22.403326666666665" lon="114.24290666666666"><ele>244.6</ele><time>2026-02-20T07:29:35Z</time></trkpt><trkpt lat="22.40332" lon="114.24288833333334"><ele>244.7</ele><time>2026-02-20T07:29:54Z</time></trkpt><trkpt lat="22.403340000000004" lon="114.24286666666667"><ele>244.9</ele><time>2026-02-20T07:29:57Z</time></trkpt><trkpt lat="22.40335166666667" lon="114.24284333333331"><ele>244.9</ele><time>2026-02-20T07:29:59Z</time></trkpt><trkpt lat="22.40336" lon="114.24282333333333"><ele>244.6</ele><time>2026-02-20T07:30:01Z</time></trkpt><trkpt lat="22.403373333333334" lon="114.24280666666667"><ele>243.9</ele><time>2026-02-20T07:30:04Z</time></trkpt><trkpt lat="22.403380000000002" lon="114.24278333333332"><ele>241.7</ele><time>2026-02-20T07:30:35Z</time></trkpt><trkpt lat="22.403386666666666" lon="114.24276"><ele>241.6</ele><time>2026-02-20T07:30:37Z</time></trkpt><trkpt lat="22.403385000000004" lon="114.24273666666667"><ele>241.6</ele><time>2026-02-20T07:30:39Z</time></trkpt><trkpt lat="22.403385000000004" lon="114.24270666666668"><ele>241.79999999999998</ele><time>2026-02-20T07:30:41Z</time></trkpt><trkpt lat="22.40337833333333" lon="114.24267833333333"><ele>241.9</ele><time>2026-02-20T07:30:43Z</time></trkpt><trkpt lat="22.403371666666665" lon="114.24265500000001"><ele>242.2</ele><time>2026-02-20T07:30:47Z</time></trkpt><trkpt lat="22.40336166666667" lon="114.24263833333335"><ele>242.5</ele><time>2026-02-20T07:30:51Z</time></trkpt><trkpt lat="22.403284999999997" lon="114.24259500000001"><ele>237.9</ele><time>2026-02-20T07:33:20Z</time></trkpt><trkpt lat="22.40333333333333" lon="114.24264"><ele>236.1</ele><time>2026-02-20T07:34:05Z</time></trkpt><trkpt lat="22.40331666666667" lon="114.24263166666667"><ele>236.7</ele><time>2026-02-20T07:34:11Z</time></trkpt><trkpt lat="22.403386666666666" lon="114.24262833333333"><ele>237.5</ele><time>2026-02-20T07:36:43Z</time></trkpt><trkpt lat="22.403403333333337" lon="114.24256166666667"><ele>238.6</ele><time>2026-02-20T07:37:10Z</time></trkpt><trkpt lat="22.40340666666667" lon="114.24254"><ele>238.9</ele><time>2026-02-20T07:37:12Z</time></trkpt><trkpt lat="22.403403333333337" lon="114.242515"><ele>239.0</ele><time>2026-02-20T07:37:14Z</time></trkpt><trkpt lat="22.403405" lon="114.24249499999999"><ele>239.29999999999998</ele><time>2026-02-20T07:37:16Z</time></trkpt><trkpt lat="22.403411666666663" lon="114.24247333333332"><ele>239.6</ele><time>2026-02-20T07:37:19Z</time></trkpt><trkpt lat="22.403421666666667" lon="114.24245666666665"><ele>239.79999999999998</ele><time>2026-02-20T07:37:21Z</time></trkpt><trkpt lat="22.403431666666666" lon="114.24243499999999"><ele>239.9</ele><time>2026-02-20T07:37:23Z</time></trkpt><trkpt lat="22.403436666666668" lon="114.24241333333333"><ele>239.9</ele><time>2026-02-20T07:37:25Z</time></trkpt><trkpt lat="22.403441666666662" lon="114.24239333333335"><ele>239.79999999999998</ele><time>2026-02-20T07:37:28Z</time></trkpt><trkpt lat="22.403458333333333" lon="114.24237333333333"><ele>239.79999999999998</ele><time>2026-02-20T07:37:30Z</time></trkpt><trkpt lat="22.403471666666665" lon="114.24235500000002"><ele>239.79999999999998</ele><time>2026-02-20T07:37:32Z</time></trkpt><trkpt lat="22.403475000000004" lon="114.24232833333332"><ele>239.7</ele><time>2026-02-20T07:37:34Z</time></trkpt><trkpt lat="22.403478333333336" lon="114.24230166666666"><ele>239.7</ele><time>2026-02-20T07:37:36Z</time></trkpt><trkpt lat="22.40348" lon="114.24227666666665"><ele>239.29999999999998</ele><time>2026-02-20T07:37:39Z</time></trkpt><trkpt lat="22.403485" lon="114.24225499999999"><ele>238.79999999999998</ele><time>2026-02-20T07:37:41Z</time></trkpt><trkpt lat="22.40349833333333" lon="114.24223833333332"><ele>238.29999999999998</ele><time>2026-02-20T07:37:43Z</time></trkpt><trkpt lat="22.403511666666667" lon="114.24222166666665"><ele>238.0</ele><time>2026-02-20T07:37:45Z</time></trkpt><trkpt lat="22.403520000000004" lon="114.24220166666667"><ele>237.6</ele><time>2026-02-20T07:37:47Z</time></trkpt><trkpt lat="22.403531666666662" lon="114.24218333333334"><ele>237.4</ele><time>2026-02-20T07:37:49Z</time></trkpt><trkpt lat="22.40354166666667" lon="114.24216499999999"><ele>237.1</ele><time>2026-02-20T07:37:51Z</time></trkpt><trkpt lat="22.403553333333335" lon="114.24213999999999"><ele>236.7</ele><time>2026-02-20T07:37:54Z</time></trkpt><trkpt lat="22.403565000000004" lon="114.24212166666666"><ele>235.9</ele><time>2026-02-20T07:37:56Z</time></trkpt><trkpt lat="22.403576666666662" lon="114.242105"><ele>235.4</ele><time>2026-02-20T07:37:58Z</time></trkpt><trkpt lat="22.40359" lon="114.24208666666667"><ele>235.29999999999998</ele><time>2026-02-20T07:38:00Z</time></trkpt><trkpt lat="22.403605000000002" lon="114.24207499999999"><ele>234.79999999999998</ele><time>2026-02-20T07:38:04Z</time></trkpt><trkpt lat="22.40362" lon="114.24205666666667"><ele>234.6</ele><time>2026-02-20T07:38:07Z</time></trkpt><trkpt lat="22.403625" lon="114.242035"><ele>234.5</ele><time>2026-02-20T07:38:09Z</time></trkpt><trkpt lat="22.40363333333333" lon="114.24200833333335"><ele>234.5</ele><time>2026-02-20T07:38:11Z</time></trkpt><trkpt lat="22.403635" lon="114.24197833333334"><ele>234.1</ele><time>2026-02-20T07:38:13Z</time></trkpt><trkpt lat="22.403643333333335" lon="114.24195166666665"><ele>233.6</ele><time>2026-02-20T07:38:16Z</time></trkpt><trkpt lat="22.403638333333333" lon="114.24192166666666"><ele>233.29999999999998</ele><time>2026-02-20T07:38:19Z</time></trkpt><trkpt lat="22.403628333333337" lon="114.24189999999999"><ele>233.2</ele><time>2026-02-20T07:38:21Z</time></trkpt><trkpt lat="22.403625" lon="114.24187833333332"><ele>232.79999999999998</ele><time>2026-02-20T07:38:23Z</time></trkpt><trkpt lat="22.403616666666668" lon="114.24185666666666"><ele>232.5</ele><time>2026-02-20T07:38:25Z</time></trkpt><trkpt lat="22.403608333333334" lon="114.24183166666666"><ele>232.1</ele><time>2026-02-20T07:38:27Z</time></trkpt><trkpt lat="22.403601666666667" lon="114.24180833333334"><ele>231.79999999999998</ele><time>2026-02-20T07:38:29Z</time></trkpt><trkpt lat="22.403595000000003" lon="114.24178166666667"><ele>231.7</ele><time>2026-02-20T07:38:31Z</time></trkpt><trkpt lat="22.403598333333335" lon="114.24175333333332"><ele>231.4</ele><time>2026-02-20T07:38:34Z</time></trkpt><trkpt lat="22.403598333333335" lon="114.24172833333333"><ele>231.0</ele><time>2026-02-20T07:38:36Z</time></trkpt><trkpt lat="22.403596666666665" lon="114.24170333333335"><ele>230.7</ele><time>2026-02-20T07:38:38Z</time></trkpt><trkpt lat="22.40359" lon="114.24167833333334"><ele>230.6</ele><time>2026-02-20T07:38:40Z</time></trkpt><trkpt lat="22.403583333333337" lon="114.24165666666667"><ele>230.4</ele><time>2026-02-20T07:38:42Z</time></trkpt><trkpt lat="22.40358" lon="114.24163500000002"><ele>230.4</ele><time>2026-02-20T07:38:44Z</time></trkpt><trkpt lat="22.40358" lon="114.24161166666666"><ele>230.4</ele><time>2026-02-20T07:38:46Z</time></trkpt><trkpt lat="22.403581666666664" lon="114.24158833333334"><ele>230.1</ele><time>2026-02-20T07:38:48Z</time></trkpt><trkpt lat="22.403585" lon="114.24156333333333"><ele>229.7</ele><time>2026-02-20T07:38:50Z</time></trkpt><trkpt lat="22.403585" lon="114.24154166666668"><ele>229.4</ele><time>2026-02-20T07:38:52Z</time></trkpt><trkpt lat="22.403583333333337" lon="114.24152166666666"><ele>229.1</ele><time>2026-02-20T07:38:54Z</time></trkpt><trkpt lat="22.403581666666664" lon="114.24150166666668"><ele>228.79999999999998</ele><time>2026-02-20T07:38:56Z</time></trkpt><trkpt lat="22.40358" lon="114.24147999999998"><ele>228.4</ele><time>2026-02-20T07:38:58Z</time></trkpt><trkpt lat="22.40358" lon="114.24146"><ele>228.29999999999998</ele><time>2026-02-20T07:39:00Z</time></trkpt><trkpt lat="22.403581666666664" lon="114.24143666666666"><ele>228.2</ele><time>2026-02-20T07:39:02Z</time></trkpt><trkpt lat="22.40359" lon="114.24141333333334"><ele>228.29999999999998</ele><time>2026-02-20T07:39:05Z</time></trkpt><trkpt lat="22.403591666666664" lon="114.24139333333332"><ele>228.0</ele><time>2026-02-20T07:39:07Z</time></trkpt><trkpt lat="22.403591666666664" lon="114.24136833333333"><ele>227.5</ele><time>2026-02-20T07:39:09Z</time></trkpt><trkpt lat="22.403591666666664" lon="114.24134333333335"><ele>227.29999999999998</ele><time>2026-02-20T07:39:11Z</time></trkpt><trkpt lat="22.403595000000003" lon="114.24132"><ele>226.79999999999998</ele><time>2026-02-20T07:39:13Z</time></trkpt><trkpt lat="22.40360333333333" lon="114.24128999999999"><ele>226.1</ele><time>2026-02-20T07:39:16Z</time></trkpt><trkpt lat="22.403606666666665" lon="114.24126666666668"><ele>225.4</ele><time>2026-02-20T07:39:18Z</time></trkpt><trkpt lat="22.403608333333334" lon="114.24124333333333"><ele>224.79999999999998</ele><time>2026-02-20T07:39:20Z</time></trkpt><trkpt lat="22.403606666666665" lon="114.24121833333332"><ele>224.5</ele><time>2026-02-20T07:39:22Z</time></trkpt><trkpt lat="22.403605000000002" lon="114.24119333333334"><ele>224.0</ele><time>2026-02-20T07:39:24Z</time></trkpt><trkpt lat="22.403605000000002" lon="114.24117166666669"><ele>223.6</ele><time>2026-02-20T07:39:26Z</time></trkpt><trkpt lat="22.403605000000002" lon="114.24114666666668"><ele>223.2</ele><time>2026-02-20T07:39:28Z</time></trkpt><trkpt lat="22.403605000000002" lon="114.24111833333333"><ele>222.7</ele><time>2026-02-20T07:39:30Z</time></trkpt><trkpt lat="22.403605000000002" lon="114.24109333333332"><ele>222.0</ele><time>2026-02-20T07:39:32Z</time></trkpt><trkpt lat="22.403606666666665" lon="114.24107000000001"><ele>221.5</ele><time>2026-02-20T07:39:34Z</time></trkpt><trkpt lat="22.403605000000002" lon="114.24104833333334"><ele>221.1</ele><time>2026-02-20T07:39:36Z</time></trkpt><trkpt lat="22.40360333333333" lon="114.241025"><ele>220.6</ele><time>2026-02-20T07:39:38Z</time></trkpt><trkpt lat="22.403605000000002" lon="114.24100333333332"><ele>220.2</ele><time>2026-02-20T07:39:40Z</time></trkpt><trkpt lat="22.403601666666667" lon="114.24098166666666"><ele>220.1</ele><time>2026-02-20T07:39:42Z</time></trkpt><trkpt lat="22.403599999999997" lon="114.24095666666666"><ele>219.6</ele><time>2026-02-20T07:39:44Z</time></trkpt><trkpt lat="22.403601666666667" lon="114.24093333333333"><ele>219.0</ele><time>2026-02-20T07:39:46Z</time></trkpt><trkpt lat="22.40360333333333" lon="114.24090833333334"><ele>218.7</ele><time>2026-02-20T07:39:48Z</time></trkpt><trkpt lat="22.403605000000002" lon="114.240885"><ele>218.7</ele><time>2026-02-20T07:39:50Z</time></trkpt><trkpt lat="22.403606666666665" lon="114.24086333333335"><ele>219.0</ele><time>2026-02-20T07:39:52Z</time></trkpt><trkpt lat="22.403610000000004" lon="114.24084333333333"><ele>219.0</ele><time>2026-02-20T07:39:54Z</time></trkpt><trkpt lat="22.403613333333336" lon="114.24081999999999"><ele>219.5</ele><time>2026-02-20T07:39:56Z</time></trkpt><trkpt lat="22.403611666666666" lon="114.24079666666667"><ele>219.6</ele><time>2026-02-20T07:39:58Z</time></trkpt><trkpt lat="22.403610000000004" lon="114.24077000000001"><ele>219.5</ele><time>2026-02-20T07:40:00Z</time></trkpt><trkpt lat="22.403611666666666" lon="114.24074833333334"><ele>219.4</ele><time>2026-02-20T07:40:02Z</time></trkpt><trkpt lat="22.403606666666665" lon="114.24072666666667"><ele>219.4</ele><time>2026-02-20T07:40:04Z</time></trkpt><trkpt lat="22.403606666666665" lon="114.24069999999999"><ele>219.29999999999998</ele><time>2026-02-20T07:40:06Z</time></trkpt><trkpt lat="22.403601666666667" lon="114.24066499999999"><ele>219.29999999999998</ele><time>2026-02-20T07:40:08Z</time></trkpt><trkpt lat="22.403605000000002" lon="114.24063833333334"><ele>219.7</ele><time>2026-02-20T07:40:10Z</time></trkpt><trkpt lat="22.403605000000002" lon="114.24061166666667"><ele>219.79999999999998</ele><time>2026-02-20T07:40:12Z</time></trkpt><trkpt lat="22.403606666666665" lon="114.24058500000001"><ele>220.0</ele><time>2026-02-20T07:40:14Z</time></trkpt><trkpt lat="22.403606666666665" lon="114.24055833333333"><ele>220.5</ele><time>2026-02-20T07:40:16Z</time></trkpt><trkpt lat="22.403606666666665" lon="114.24053166666666"><ele>220.9</ele><time>2026-02-20T07:40:18Z</time></trkpt><trkpt lat="22.403606666666665" lon="114.24050833333334"><ele>221.1</ele><time>2026-02-20T07:40:20Z</time></trkpt><trkpt lat="22.40361833333333" lon="114.24047833333334"><ele>221.29999999999998</ele><time>2026-02-20T07:40:23Z</time></trkpt><trkpt lat="22.40363333333333" lon="114.24045666666667"><ele>221.29999999999998</ele><time>2026-02-20T07:40:25Z</time></trkpt><trkpt lat="22.403644999999997" lon="114.24043833333332"><ele>221.0</ele><time>2026-02-20T07:40:28Z</time></trkpt><trkpt lat="22.403651666666665" lon="114.24042"><ele>220.7</ele><time>2026-02-20T07:40:30Z</time></trkpt><trkpt lat="22.40366" lon="114.24039666666667"><ele>220.29999999999998</ele><time>2026-02-20T07:40:32Z</time></trkpt><trkpt lat="22.40366333333333" lon="114.24037500000001"><ele>220.1</ele><time>2026-02-20T07:40:34Z</time></trkpt><trkpt lat="22.403673333333337" lon="114.24034666666667"><ele>220.0</ele><time>2026-02-20T07:40:36Z</time></trkpt><trkpt lat="22.403686666666665" lon="114.24032166666666"><ele>219.9</ele><time>2026-02-20T07:40:38Z</time></trkpt><trkpt lat="22.40369333333333" lon="114.24030166666668"><ele>219.7</ele><time>2026-02-20T07:40:40Z</time></trkpt><trkpt lat="22.403696666666665" lon="114.24027"><ele>219.29999999999998</ele><time>2026-02-20T07:40:43Z</time></trkpt><trkpt lat="22.403700000000004" lon="114.24024166666668"><ele>219.1</ele><time>2026-02-20T07:40:45Z</time></trkpt><trkpt lat="22.40370833333333" lon="114.24021666666667"><ele>218.9</ele><time>2026-02-20T07:40:47Z</time></trkpt><trkpt lat="22.403723333333332" lon="114.24019333333332"><ele>218.7</ele><time>2026-02-20T07:40:49Z</time></trkpt><trkpt lat="22.403734999999998" lon="114.24017666666666"><ele>218.79999999999998</ele><time>2026-02-20T07:40:51Z</time></trkpt><trkpt lat="22.40375166666667" lon="114.24015666666668"><ele>218.6</ele><time>2026-02-20T07:40:54Z</time></trkpt><trkpt lat="22.403755" lon="114.24013666666666"><ele>218.2</ele><time>2026-02-20T07:40:56Z</time></trkpt><trkpt lat="22.403760000000002" lon="114.24011"><ele>218.1</ele><time>2026-02-20T07:40:58Z</time></trkpt><trkpt lat="22.403765" lon="114.24008833333333"><ele>218.1</ele><time>2026-02-20T07:41:00Z</time></trkpt><trkpt lat="22.403776666666666" lon="114.24007000000002"><ele>217.9</ele><time>2026-02-20T07:41:02Z</time></trkpt><trkpt lat="22.403793333333336" lon="114.24004500000001"><ele>217.79999999999998</ele><time>2026-02-20T07:41:04Z</time></trkpt><trkpt lat="22.403806666666664" lon="114.24001666666666"><ele>217.5</ele><time>2026-02-20T07:41:06Z</time></trkpt><trkpt lat="22.403815" lon="114.23999833333333"><ele>216.9</ele><time>2026-02-20T07:41:08Z</time></trkpt><trkpt lat="22.403820000000003" lon="114.23997666666668"><ele>216.5</ele><time>2026-02-20T07:41:10Z</time></trkpt><trkpt lat="22.403833333333335" lon="114.23995833333332"><ele>216.1</ele><time>2026-02-20T07:41:12Z</time></trkpt><trkpt lat="22.403846666666663" lon="114.239935"><ele>215.6</ele><time>2026-02-20T07:41:15Z</time></trkpt><trkpt lat="22.40386" lon="114.23991666666667"><ele>215.2</ele><time>2026-02-20T07:41:17Z</time></trkpt><trkpt lat="22.403875000000003" lon="114.23989833333331"><ele>214.9</ele><time>2026-02-20T07:41:19Z</time></trkpt><trkpt lat="22.403885" lon="114.23987833333334"><ele>214.4</ele><time>2026-02-20T07:41:21Z</time></trkpt><trkpt lat="22.403893333333333" lon="114.23985166666668"><ele>213.79999999999998</ele><time>2026-02-20T07:41:24Z</time></trkpt><trkpt lat="22.403906666666664" lon="114.23983166666667"><ele>213.1</ele><time>2026-02-20T07:41:26Z</time></trkpt><trkpt lat="22.403921666666665" lon="114.239815"><ele>212.5</ele><time>2026-02-20T07:41:28Z</time></trkpt><trkpt lat="22.403948333333332" lon="114.239805"><ele>211.9</ele><time>2026-02-20T07:41:31Z</time></trkpt><trkpt lat="22.403968333333335" lon="114.23979499999999"><ele>211.9</ele><time>2026-02-20T07:41:33Z</time></trkpt><trkpt lat="22.403988333333338" lon="114.23978000000001"><ele>211.7</ele><time>2026-02-20T07:41:35Z</time></trkpt><trkpt lat="22.40400833333333" lon="114.23976833333333"><ele>211.5</ele><time>2026-02-20T07:41:37Z</time></trkpt><trkpt lat="22.40402333333333" lon="114.239755"><ele>211.1</ele><time>2026-02-20T07:41:39Z</time></trkpt><trkpt lat="22.404038333333332" lon="114.23973833333334"><ele>211.0</ele><time>2026-02-20T07:41:41Z</time></trkpt><trkpt lat="22.404055000000003" lon="114.23972666666666"><ele>210.6</ele><time>2026-02-20T07:41:43Z</time></trkpt><trkpt lat="22.404078333333338" lon="114.23971833333331"><ele>210.2</ele><time>2026-02-20T07:41:46Z</time></trkpt><trkpt lat="22.404100000000003" lon="114.23971333333333"><ele>209.5</ele><time>2026-02-20T07:41:49Z</time></trkpt><trkpt lat="22.404118333333333" lon="114.23971166666666"><ele>209.1</ele><time>2026-02-20T07:41:51Z</time></trkpt><trkpt lat="22.404145000000003" lon="114.23970166666668"><ele>207.9</ele><time>2026-02-20T07:41:54Z</time></trkpt><trkpt lat="22.404163333333333" lon="114.23969000000001"><ele>207.1</ele><time>2026-02-20T07:41:56Z</time></trkpt><trkpt lat="22.404186666666668" lon="114.23968166666667"><ele>206.6</ele><time>2026-02-20T07:41:58Z</time></trkpt><trkpt lat="22.404211666666665" lon="114.23967833333333"><ele>206.1</ele><time>2026-02-20T07:42:00Z</time></trkpt><trkpt lat="22.40423333333333" lon="114.23967499999999"><ele>205.6</ele><time>2026-02-20T07:42:02Z</time></trkpt><trkpt lat="22.404251666666664" lon="114.23966166666666"><ele>205.0</ele><time>2026-02-20T07:42:04Z</time></trkpt><trkpt lat="22.404271666666666" lon="114.23965333333332"><ele>204.4</ele><time>2026-02-20T07:42:06Z</time></trkpt><trkpt lat="22.404295" lon="114.23964333333333"><ele>204.4</ele><time>2026-02-20T07:42:08Z</time></trkpt><trkpt lat="22.404316666666666" lon="114.23963666666666"><ele>204.5</ele><time>2026-02-20T07:42:10Z</time></trkpt><trkpt lat="22.40433833333333" lon="114.23963333333334"><ele>204.29999999999998</ele><time>2026-02-20T07:42:13Z</time></trkpt><trkpt lat="22.404355000000002" lon="114.23961833333333"><ele>204.29999999999998</ele><time>2026-02-20T07:42:15Z</time></trkpt><trkpt lat="22.404374999999998" lon="114.239605"><ele>204.4</ele><time>2026-02-20T07:42:17Z</time></trkpt><trkpt lat="22.404401666666665" lon="114.23958499999999"><ele>204.9</ele><time>2026-02-20T07:42:19Z</time></trkpt><trkpt lat="22.40442" lon="114.23956833333335"><ele>205.0</ele><time>2026-02-20T07:42:21Z</time></trkpt><trkpt lat="22.404434999999996" lon="114.23955333333333"><ele>205.4</ele><time>2026-02-20T07:42:23Z</time></trkpt><trkpt lat="22.40445333333333" lon="114.23954833333333"><ele>205.6</ele><time>2026-02-20T07:42:25Z</time></trkpt><trkpt lat="22.404473333333332" lon="114.23954333333334"><ele>205.6</ele><time>2026-02-20T07:42:27Z</time></trkpt><trkpt lat="22.404493333333335" lon="114.23953000000002"><ele>205.4</ele><time>2026-02-20T07:42:29Z</time></trkpt><trkpt lat="22.404515" lon="114.23952166666668"><ele>204.9</ele><time>2026-02-20T07:42:31Z</time></trkpt><trkpt lat="22.404535000000003" lon="114.23951166666666"><ele>204.4</ele><time>2026-02-20T07:42:33Z</time></trkpt><trkpt lat="22.404555" lon="114.23951166666666"><ele>204.1</ele><time>2026-02-20T07:42:35Z</time></trkpt><trkpt lat="22.404578333333333" lon="114.23950666666666"><ele>203.9</ele><time>2026-02-20T07:42:37Z</time></trkpt><trkpt lat="22.404598333333336" lon="114.23950833333335"><ele>203.79999999999998</ele><time>2026-02-20T07:42:39Z</time></trkpt><trkpt lat="22.404625000000003" lon="114.23950666666666"><ele>203.4</ele><time>2026-02-20T07:42:42Z</time></trkpt><trkpt lat="22.404646666666668" lon="114.23950666666666"><ele>202.9</ele><time>2026-02-20T07:42:44Z</time></trkpt><trkpt lat="22.404665" lon="114.23950666666666"><ele>202.79999999999998</ele><time>2026-02-20T07:42:46Z</time></trkpt><trkpt lat="22.404686666666667" lon="114.23950666666666"><ele>203.0</ele><time>2026-02-20T07:42:48Z</time></trkpt><trkpt lat="22.40471" lon="114.2395"><ele>203.1</ele><time>2026-02-20T07:42:50Z</time></trkpt><trkpt lat="22.404731666666667" lon="114.23949499999999"><ele>202.9</ele><time>2026-02-20T07:42:52Z</time></trkpt><trkpt lat="22.40475666666667" lon="114.23949166666668"><ele>202.79999999999998</ele><time>2026-02-20T07:42:54Z</time></trkpt><trkpt lat="22.404776666666667" lon="114.23948666666665"><ele>202.79999999999998</ele><time>2026-02-20T07:42:56Z</time></trkpt><trkpt lat="22.40479833333333" lon="114.239485"><ele>202.79999999999998</ele><time>2026-02-20T07:42:58Z</time></trkpt><trkpt lat="22.404820000000004" lon="114.23948333333334"><ele>202.79999999999998</ele><time>2026-02-20T07:43:00Z</time></trkpt><trkpt lat="22.40484333333333" lon="114.23948"><ele>202.29999999999998</ele><time>2026-02-20T07:43:02Z</time></trkpt><trkpt lat="22.404865000000004" lon="114.23947500000001"><ele>202.1</ele><time>2026-02-20T07:43:04Z</time></trkpt><trkpt lat="22.404883333333334" lon="114.23946833333333"><ele>201.7</ele><time>2026-02-20T07:43:06Z</time></trkpt><trkpt lat="22.404905" lon="114.23945666666665"><ele>201.79999999999998</ele><time>2026-02-20T07:43:08Z</time></trkpt><trkpt lat="22.404929999999997" lon="114.23944833333334"><ele>201.79999999999998</ele><time>2026-02-20T07:43:10Z</time></trkpt><trkpt lat="22.404951666666662" lon="114.23944333333333"><ele>202.2</ele><time>2026-02-20T07:43:12Z</time></trkpt><trkpt lat="22.404973333333334" lon="114.23943666666668"><ele>202.0</ele><time>2026-02-20T07:43:14Z</time></trkpt><trkpt lat="22.404996666666662" lon="114.23942833333334"><ele>201.79999999999998</ele><time>2026-02-20T07:43:16Z</time></trkpt><trkpt lat="22.405016666666665" lon="114.23941333333332"><ele>201.6</ele><time>2026-02-20T07:43:18Z</time></trkpt><trkpt lat="22.405028333333334" lon="114.239395"><ele>201.79999999999998</ele><time>2026-02-20T07:43:20Z</time></trkpt><trkpt lat="22.405046666666667" lon="114.23938500000001"><ele>201.79999999999998</ele><time>2026-02-20T07:43:22Z</time></trkpt><trkpt lat="22.405070000000002" lon="114.23937666666667"><ele>201.7</ele><time>2026-02-20T07:43:24Z</time></trkpt><trkpt lat="22.40508833333333" lon="114.23936166666665"><ele>201.6</ele><time>2026-02-20T07:43:26Z</time></trkpt><trkpt lat="22.405106666666665" lon="114.23934166666668"><ele>201.5</ele><time>2026-02-20T07:43:29Z</time></trkpt><trkpt lat="22.405121666666666" lon="114.23933000000001"><ele>201.4</ele><time>2026-02-20T07:43:31Z</time></trkpt><trkpt lat="22.40514" lon="114.23931666666667"><ele>201.5</ele><time>2026-02-20T07:43:33Z</time></trkpt><trkpt lat="22.405160000000002" lon="114.23930333333334"><ele>201.29999999999998</ele><time>2026-02-20T07:43:35Z</time></trkpt><trkpt lat="22.405175" lon="114.23929000000001"><ele>201.2</ele><time>2026-02-20T07:43:37Z</time></trkpt><trkpt lat="22.40518666666667" lon="114.23927333333334"><ele>201.1</ele><time>2026-02-20T07:43:39Z</time></trkpt><trkpt lat="22.405199999999997" lon="114.23925499999999"><ele>200.9</ele><time>2026-02-20T07:43:41Z</time></trkpt><trkpt lat="22.405215" lon="114.23923500000001"><ele>200.79999999999998</ele><time>2026-02-20T07:43:43Z</time></trkpt><trkpt lat="22.40523" lon="114.23922166666668"><ele>200.7</ele><time>2026-02-20T07:43:45Z</time></trkpt><trkpt lat="22.40524833333333" lon="114.23920500000001"><ele>200.7</ele><time>2026-02-20T07:43:47Z</time></trkpt><trkpt lat="22.405270000000005" lon="114.23918833333333"><ele>200.6</ele><time>2026-02-20T07:43:49Z</time></trkpt><trkpt lat="22.40528" lon="114.23916333333334"><ele>200.9</ele><time>2026-02-20T07:43:51Z</time></trkpt><trkpt lat="22.405288333333335" lon="114.23914333333332"><ele>200.0</ele><time>2026-02-20T07:43:53Z</time></trkpt><trkpt lat="22.405296666666665" lon="114.23911500000001"><ele>199.9</ele><time>2026-02-20T07:43:55Z</time></trkpt><trkpt lat="22.405306666666668" lon="114.23909333333334"><ele>200.1</ele><time>2026-02-20T07:43:57Z</time></trkpt><trkpt lat="22.40532166666667" lon="114.23907499999999"><ele>199.79999999999998</ele><time>2026-02-20T07:44:00Z</time></trkpt><trkpt lat="22.405340000000002" lon="114.23906000000001"><ele>200.0</ele><time>2026-02-20T07:44:04Z</time></trkpt><trkpt lat="22.405358333333332" lon="114.23904499999999"><ele>199.7</ele><time>2026-02-20T07:44:07Z</time></trkpt><trkpt lat="22.40537" lon="114.23901666666667"><ele>199.29999999999998</ele><time>2026-02-20T07:44:10Z</time></trkpt><trkpt lat="22.40537" lon="114.23899333333333"><ele>199.1</ele><time>2026-02-20T07:44:12Z</time></trkpt><trkpt lat="22.405378333333335" lon="114.238975"><ele>199.0</ele><time>2026-02-20T07:44:14Z</time></trkpt><trkpt lat="22.405388333333335" lon="114.23895166666668"><ele>198.9</ele><time>2026-02-20T07:44:16Z</time></trkpt><trkpt lat="22.40539833333333" lon="114.23892499999998"><ele>199.1</ele><time>2026-02-20T07:44:18Z</time></trkpt><trkpt lat="22.405406666666668" lon="114.23889666666668"><ele>199.0</ele><time>2026-02-20T07:44:20Z</time></trkpt><trkpt lat="22.405416666666664" lon="114.23886833333333"><ele>199.0</ele><time>2026-02-20T07:44:22Z</time></trkpt><trkpt lat="22.40541" lon="114.23884166666667"><ele>199.7</ele><time>2026-02-20T07:44:26Z</time></trkpt><trkpt lat="22.405416666666664" lon="114.23882333333334"><ele>199.9</ele><time>2026-02-20T07:44:28Z</time></trkpt><trkpt lat="22.405418333333333" lon="114.2388"><ele>199.9</ele><time>2026-02-20T07:44:30Z</time></trkpt><trkpt lat="22.405423333333335" lon="114.23877499999999"><ele>200.0</ele><time>2026-02-20T07:44:32Z</time></trkpt><trkpt lat="22.40544" lon="114.23875000000001"><ele>200.0</ele><time>2026-02-20T07:44:34Z</time></trkpt><trkpt lat="22.405453333333337" lon="114.23873666666665"><ele>199.9</ele><time>2026-02-20T07:44:35Z</time></trkpt><trkpt lat="22.405475000000003" lon="114.23871"><ele>199.9</ele><time>2026-02-20T07:44:37Z</time></trkpt><trkpt lat="22.40548666666667" lon="114.23867999999999"><ele>199.9</ele><time>2026-02-20T07:44:39Z</time></trkpt><trkpt lat="22.40549" lon="114.23866000000001"><ele>199.79999999999998</ele><time>2026-02-20T07:44:41Z</time></trkpt><trkpt lat="22.405498333333338" lon="114.23863666666666"><ele>199.5</ele><time>2026-02-20T07:44:44Z</time></trkpt><trkpt lat="22.405508333333334" lon="114.23861166666666"><ele>199.29999999999998</ele><time>2026-02-20T07:44:47Z</time></trkpt><trkpt lat="22.405508333333334" lon="114.23858666666665"><ele>199.1</ele><time>2026-02-20T07:44:49Z</time></trkpt><trkpt lat="22.405511666666666" lon="114.23855999999999"><ele>198.79999999999998</ele><time>2026-02-20T07:44:51Z</time></trkpt><trkpt lat="22.405506666666664" lon="114.238525"><ele>199.0</ele><time>2026-02-20T07:44:53Z</time></trkpt><trkpt lat="22.405508333333334" lon="114.23849833333334"><ele>199.1</ele><time>2026-02-20T07:44:55Z</time></trkpt><trkpt lat="22.405511666666666" lon="114.23847666666667"><ele>199.0</ele><time>2026-02-20T07:44:57Z</time></trkpt><trkpt lat="22.405514999999998" lon="114.23845000000001"><ele>198.9</ele><time>2026-02-20T07:44:59Z</time></trkpt><trkpt lat="22.40551833333333" lon="114.23843000000001"><ele>199.1</ele><time>2026-02-20T07:45:01Z</time></trkpt><trkpt lat="22.405526666666667" lon="114.23840666666668"><ele>198.9</ele><time>2026-02-20T07:45:03Z</time></trkpt><trkpt lat="22.405536666666663" lon="114.23838833333333"><ele>198.9</ele><time>2026-02-20T07:45:05Z</time></trkpt><trkpt lat="22.40555" lon="114.23836833333334"><ele>199.0</ele><time>2026-02-20T07:45:07Z</time></trkpt><trkpt lat="22.405561666666667" lon="114.23835166666667"><ele>199.4</ele><time>2026-02-20T07:45:09Z</time></trkpt><trkpt lat="22.405575" lon="114.23832666666667"><ele>199.5</ele><time>2026-02-20T07:45:12Z</time></trkpt><trkpt lat="22.405581666666663" lon="114.23830500000001"><ele>199.7</ele><time>2026-02-20T07:45:14Z</time></trkpt><trkpt lat="22.405598333333334" lon="114.23828833333333"><ele>199.9</ele><time>2026-02-20T07:45:16Z</time></trkpt><trkpt lat="22.40562166666667" lon="114.23826666666668"><ele>199.7</ele><time>2026-02-20T07:45:18Z</time></trkpt><trkpt lat="22.405633333333338" lon="114.23825166666666"><ele>199.6</ele><time>2026-02-20T07:45:19Z</time></trkpt><trkpt lat="22.40565333333333" lon="114.23822833333334"><ele>199.5</ele><time>2026-02-20T07:45:21Z</time></trkpt><trkpt lat="22.40566666666667" lon="114.23821000000001"><ele>198.79999999999998</ele><time>2026-02-20T07:45:23Z</time></trkpt><trkpt lat="22.405678333333338" lon="114.23819499999999"><ele>198.0</ele><time>2026-02-20T07:45:25Z</time></trkpt><trkpt lat="22.405696666666667" lon="114.23817666666667"><ele>197.4</ele><time>2026-02-20T07:45:27Z</time></trkpt><trkpt lat="22.40571333333333" lon="114.23815666666665"><ele>197.29999999999998</ele><time>2026-02-20T07:45:29Z</time></trkpt><trkpt lat="22.40572666666667" lon="114.23813666666668"><ele>197.2</ele><time>2026-02-20T07:45:31Z</time></trkpt><trkpt lat="22.405745000000003" lon="114.23812666666666"><ele>197.0</ele><time>2026-02-20T07:45:33Z</time></trkpt><trkpt lat="22.405764999999995" lon="114.23811166666668"><ele>197.29999999999998</ele><time>2026-02-20T07:45:35Z</time></trkpt><trkpt lat="22.405786666666668" lon="114.23810166666665"><ele>197.5</ele><time>2026-02-20T07:45:37Z</time></trkpt><trkpt lat="22.405809999999995" lon="114.23809000000001"><ele>197.6</ele><time>2026-02-20T07:45:39Z</time></trkpt><trkpt lat="22.405831666666668" lon="114.23808166666667"><ele>197.79999999999998</ele><time>2026-02-20T07:45:41Z</time></trkpt><trkpt lat="22.405851666666663" lon="114.23807666666669"><ele>198.1</ele><time>2026-02-20T07:45:43Z</time></trkpt><trkpt lat="22.405874999999998" lon="114.23806666666665"><ele>198.7</ele><time>2026-02-20T07:45:45Z</time></trkpt><trkpt lat="22.405895" lon="114.23806"><ele>199.0</ele><time>2026-02-20T07:45:47Z</time></trkpt><trkpt lat="22.405916666666666" lon="114.23805333333333"><ele>199.6</ele><time>2026-02-20T07:45:49Z</time></trkpt><trkpt lat="22.40593666666667" lon="114.23804833333334"><ele>199.7</ele><time>2026-02-20T07:45:51Z</time></trkpt><trkpt lat="22.405956666666665" lon="114.23804"><ele>200.0</ele><time>2026-02-20T07:45:53Z</time></trkpt><trkpt lat="22.40598" lon="114.23803333333332"><ele>200.29999999999998</ele><time>2026-02-20T07:45:55Z</time></trkpt><trkpt lat="22.406001666666665" lon="114.23802333333333"><ele>200.2</ele><time>2026-02-20T07:45:57Z</time></trkpt><trkpt lat="22.406025" lon="114.23801333333334"><ele>200.6</ele><time>2026-02-20T07:45:59Z</time></trkpt><trkpt lat="22.406046666666665" lon="114.23800333333332"><ele>201.1</ele><time>2026-02-20T07:46:01Z</time></trkpt><trkpt lat="22.40606833333333" lon="114.23799333333334"><ele>201.7</ele><time>2026-02-20T07:46:03Z</time></trkpt><trkpt lat="22.406093333333335" lon="114.23798833333333"><ele>202.29999999999998</ele><time>2026-02-20T07:46:05Z</time></trkpt><trkpt lat="22.406115" lon="114.23798000000001"><ele>202.79999999999998</ele><time>2026-02-20T07:46:07Z</time></trkpt><trkpt lat="22.406136666666665" lon="114.23797"><ele>203.2</ele><time>2026-02-20T07:46:09Z</time></trkpt><trkpt lat="22.406153333333336" lon="114.23796166666668"><ele>203.79999999999998</ele><time>2026-02-20T07:46:11Z</time></trkpt><trkpt lat="22.40617166666667" lon="114.23795"><ele>204.5</ele><time>2026-02-20T07:46:13Z</time></trkpt><trkpt lat="22.40619333333333" lon="114.23793833333333"><ele>205.1</ele><time>2026-02-20T07:46:15Z</time></trkpt><trkpt lat="22.406211666666664" lon="114.23792666666668"><ele>205.1</ele><time>2026-02-20T07:46:17Z</time></trkpt><trkpt lat="22.406226666666665" lon="114.23791000000001"><ele>205.2</ele><time>2026-02-20T07:46:19Z</time></trkpt><trkpt lat="22.406243333333336" lon="114.237895"><ele>205.2</ele><time>2026-02-20T07:46:21Z</time></trkpt><trkpt lat="22.406259999999996" lon="114.23788166666667"><ele>205.2</ele><time>2026-02-20T07:46:23Z</time></trkpt><trkpt lat="22.406271666666665" lon="114.23786333333334"><ele>205.0</ele><time>2026-02-20T07:46:25Z</time></trkpt><trkpt lat="22.40628166666667" lon="114.23783833333333"><ele>204.79999999999998</ele><time>2026-02-20T07:46:27Z</time></trkpt><trkpt lat="22.406301666666664" lon="114.23782166666666"><ele>204.1</ele><time>2026-02-20T07:46:30Z</time></trkpt><trkpt lat="22.40631166666667" lon="114.237805"><ele>204.5</ele><time>2026-02-20T07:46:32Z</time></trkpt><trkpt lat="22.406321666666667" lon="114.23778833333333"><ele>204.9</ele><time>2026-02-20T07:46:34Z</time></trkpt><trkpt lat="22.40634" lon="114.23777"><ele>205.5</ele><time>2026-02-20T07:46:37Z</time></trkpt><trkpt lat="22.406363333333335" lon="114.23775666666667"><ele>206.1</ele><time>2026-02-20T07:46:40Z</time></trkpt><trkpt lat="22.406381666666668" lon="114.23774833333333"><ele>206.4</ele><time>2026-02-20T07:46:42Z</time></trkpt><trkpt lat="22.4064" lon="114.23773833333334"><ele>206.2</ele><time>2026-02-20T07:46:44Z</time></trkpt><trkpt lat="22.40641666666667" lon="114.23772499999998"><ele>206.1</ele><time>2026-02-20T07:46:46Z</time></trkpt><trkpt lat="22.406435000000002" lon="114.23771166666666"><ele>205.9</ele><time>2026-02-20T07:46:48Z</time></trkpt><trkpt lat="22.406453333333335" lon="114.23769333333333"><ele>205.4</ele><time>2026-02-20T07:46:51Z</time></trkpt><trkpt lat="22.406468333333336" lon="114.23768166666666"><ele>205.4</ele><time>2026-02-20T07:46:53Z</time></trkpt><trkpt lat="22.406488333333332" lon="114.23766666666667"><ele>205.9</ele><time>2026-02-20T07:46:56Z</time></trkpt><trkpt lat="22.40650666666667" lon="114.23764666666666"><ele>206.1</ele><time>2026-02-20T07:46:59Z</time></trkpt><trkpt lat="22.406529999999997" lon="114.23763833333332"><ele>206.29999999999998</ele><time>2026-02-20T07:47:01Z</time></trkpt><trkpt lat="22.40655" lon="114.23763499999998"><ele>206.5</ele><time>2026-02-20T07:47:04Z</time></trkpt><trkpt lat="22.406566666666663" lon="114.23762333333335"><ele>206.5</ele><time>2026-02-20T07:47:06Z</time></trkpt><trkpt lat="22.406586666666666" lon="114.23761333333331"><ele>206.4</ele><time>2026-02-20T07:47:08Z</time></trkpt><trkpt lat="22.40660666666667" lon="114.23760166666668"><ele>206.4</ele><time>2026-02-20T07:47:10Z</time></trkpt><trkpt lat="22.406625000000002" lon="114.23759666666668"><ele>206.6</ele><time>2026-02-20T07:47:12Z</time></trkpt><trkpt lat="22.406645000000005" lon="114.237595"><ele>206.7</ele><time>2026-02-20T07:47:14Z</time></trkpt><trkpt lat="22.406658333333333" lon="114.23758000000001"><ele>206.7</ele><time>2026-02-20T07:47:16Z</time></trkpt><trkpt lat="22.406673333333334" lon="114.23756833333333"><ele>207.2</ele><time>2026-02-20T07:47:18Z</time></trkpt><trkpt lat="22.406690000000005" lon="114.23755666666666"><ele>207.29999999999998</ele><time>2026-02-20T07:47:20Z</time></trkpt><trkpt lat="22.406706666666665" lon="114.23754333333333"><ele>207.2</ele><time>2026-02-20T07:47:22Z</time></trkpt><trkpt lat="22.406721666666666" lon="114.23753"><ele>207.2</ele><time>2026-02-20T07:47:24Z</time></trkpt><trkpt lat="22.406738333333337" lon="114.23751499999999"><ele>207.29999999999998</ele><time>2026-02-20T07:47:26Z</time></trkpt><trkpt lat="22.40675666666667" lon="114.23750166666666"><ele>207.4</ele><time>2026-02-20T07:47:28Z</time></trkpt><trkpt lat="22.406775" lon="114.23748833333333"><ele>207.6</ele><time>2026-02-20T07:47:30Z</time></trkpt><trkpt lat="22.406795000000002" lon="114.23747499999999"><ele>207.5</ele><time>2026-02-20T07:47:32Z</time></trkpt><trkpt lat="22.406813333333336" lon="114.23746166666666"><ele>207.1</ele><time>2026-02-20T07:47:34Z</time></trkpt><trkpt lat="22.40683333333333" lon="114.23744666666668"><ele>207.1</ele><time>2026-02-20T07:47:36Z</time></trkpt><trkpt lat="22.406851666666665" lon="114.23743833333334"><ele>206.6</ele><time>2026-02-20T07:47:38Z</time></trkpt><trkpt lat="22.406868333333332" lon="114.23742666666666"><ele>206.5</ele><time>2026-02-20T07:47:40Z</time></trkpt><trkpt lat="22.406883333333333" lon="114.23741333333334"><ele>206.2</ele><time>2026-02-20T07:47:42Z</time></trkpt><trkpt lat="22.406901666666666" lon="114.23740000000001"><ele>206.2</ele><time>2026-02-20T07:47:45Z</time></trkpt><trkpt lat="22.40692" lon="114.23738999999999"><ele>205.9</ele><time>2026-02-20T07:47:48Z</time></trkpt><trkpt lat="22.406943333333334" lon="114.23737666666666"><ele>205.2</ele><time>2026-02-20T07:47:51Z</time></trkpt><trkpt lat="22.406960000000005" lon="114.23736666666667"><ele>205.2</ele><time>2026-02-20T07:47:53Z</time></trkpt><trkpt lat="22.406978333333335" lon="114.237355"><ele>204.9</ele><time>2026-02-20T07:47:55Z</time></trkpt><trkpt lat="22.406996666666668" lon="114.237345"><ele>204.9</ele><time>2026-02-20T07:47:57Z</time></trkpt><trkpt lat="22.407018333333333" lon="114.23733500000002"><ele>204.79999999999998</ele><time>2026-02-20T07:47:59Z</time></trkpt><trkpt lat="22.407034999999997" lon="114.23732333333334"><ele>204.7</ele><time>2026-02-20T07:48:01Z</time></trkpt><trkpt lat="22.40705666666667" lon="114.23730500000002"><ele>204.7</ele><time>2026-02-20T07:48:04Z</time></trkpt><trkpt lat="22.407078333333335" lon="114.23729"><ele>204.7</ele><time>2026-02-20T07:48:07Z</time></trkpt><trkpt lat="22.407098333333337" lon="114.23727666666667"><ele>204.79999999999998</ele><time>2026-02-20T07:48:10Z</time></trkpt><trkpt lat="22.407118333333333" lon="114.23726333333335"><ele>205.0</ele><time>2026-02-20T07:48:13Z</time></trkpt><trkpt lat="22.407136666666663" lon="114.23725333333331"><ele>204.9</ele><time>2026-02-20T07:48:15Z</time></trkpt><trkpt lat="22.407154999999996" lon="114.23724500000002"><ele>204.79999999999998</ele><time>2026-02-20T07:48:17Z</time></trkpt><trkpt lat="22.407175" lon="114.23723166666666"><ele>204.7</ele><time>2026-02-20T07:48:19Z</time></trkpt><trkpt lat="22.407193333333332" lon="114.23722166666667"><ele>204.4</ele><time>2026-02-20T07:48:21Z</time></trkpt><trkpt lat="22.407211666666665" lon="114.23720999999999"><ele>204.2</ele><time>2026-02-20T07:48:23Z</time></trkpt><trkpt lat="22.407228333333332" lon="114.23719666666666"><ele>204.0</ele><time>2026-02-20T07:48:25Z</time></trkpt><trkpt lat="22.407246666666666" lon="114.23718666666667"><ele>203.9</ele><time>2026-02-20T07:48:27Z</time></trkpt><trkpt lat="22.407265" lon="114.23717166666665"><ele>203.6</ele><time>2026-02-20T07:48:29Z</time></trkpt><trkpt lat="22.40728166666667" lon="114.23715500000002"><ele>203.5</ele><time>2026-02-20T07:48:31Z</time></trkpt><trkpt lat="22.40729666666667" lon="114.23714333333334"><ele>203.29999999999998</ele><time>2026-02-20T07:48:33Z</time></trkpt><trkpt lat="22.407323333333338" lon="114.23713166666667"><ele>203.5</ele><time>2026-02-20T07:48:36Z</time></trkpt><trkpt lat="22.407339999999998" lon="114.23711999999999"><ele>203.79999999999998</ele><time>2026-02-20T07:48:38Z</time></trkpt><trkpt lat="22.40735666666667" lon="114.23710833333334"><ele>203.7</ele><time>2026-02-20T07:48:40Z</time></trkpt><trkpt lat="22.407378333333334" lon="114.23709166666667"><ele>204.2</ele><time>2026-02-20T07:48:43Z</time></trkpt><trkpt lat="22.407393333333335" lon="114.23707666666665"><ele>204.5</ele><time>2026-02-20T07:48:45Z</time></trkpt><trkpt lat="22.407408333333333" lon="114.23706333333332"><ele>205.1</ele><time>2026-02-20T07:48:47Z</time></trkpt><trkpt lat="22.407424999999996" lon="114.23705333333334"><ele>205.5</ele><time>2026-02-20T07:48:49Z</time></trkpt><trkpt lat="22.40744666666667" lon="114.23704833333335"><ele>206.1</ele><time>2026-02-20T07:48:52Z</time></trkpt><trkpt lat="22.407471666666666" lon="114.23703500000002"><ele>206.9</ele><time>2026-02-20T07:48:55Z</time></trkpt><trkpt lat="22.407496666666663" lon="114.23702499999999"><ele>207.7</ele><time>2026-02-20T07:48:58Z</time></trkpt><trkpt lat="22.407519999999998" lon="114.23702166666665"><ele>208.6</ele><time>2026-02-20T07:49:01Z</time></trkpt><trkpt lat="22.40754666666667" lon="114.23701000000001"><ele>209.6</ele><time>2026-02-20T07:49:04Z</time></trkpt><trkpt lat="22.407571666666666" lon="114.23700333333333"><ele>210.6</ele><time>2026-02-20T07:49:07Z</time></trkpt><trkpt lat="22.40759666666667" lon="114.23699333333334"><ele>210.9</ele><time>2026-02-20T07:49:10Z</time></trkpt><trkpt lat="22.407613333333334" lon="114.23698"><ele>211.5</ele><time>2026-02-20T07:49:12Z</time></trkpt><trkpt lat="22.407631666666664" lon="114.23697500000002"><ele>211.79999999999998</ele><time>2026-02-20T07:49:14Z</time></trkpt><trkpt lat="22.407649999999997" lon="114.23696333333334"><ele>212.1</ele><time>2026-02-20T07:49:16Z</time></trkpt><trkpt lat="22.40767166666667" lon="114.23695000000001"><ele>212.7</ele><time>2026-02-20T07:49:19Z</time></trkpt><trkpt lat="22.407688333333333" lon="114.23693833333333"><ele>213.2</ele><time>2026-02-20T07:49:21Z</time></trkpt><trkpt lat="22.407706666666666" lon="114.23692833333334"><ele>213.5</ele><time>2026-02-20T07:49:23Z</time></trkpt><trkpt lat="22.407724999999996" lon="114.236925"><ele>213.9</ele><time>2026-02-20T07:49:25Z</time></trkpt><trkpt lat="22.40774333333333" lon="114.23692333333332"><ele>214.1</ele><time>2026-02-20T07:49:27Z</time></trkpt><trkpt lat="22.40776333333333" lon="114.23692333333332"><ele>214.4</ele><time>2026-02-20T07:49:29Z</time></trkpt><trkpt lat="22.407783333333334" lon="114.23692166666666"><ele>214.7</ele><time>2026-02-20T07:49:31Z</time></trkpt><trkpt lat="22.407801666666668" lon="114.23691500000001"><ele>215.0</ele><time>2026-02-20T07:49:33Z</time></trkpt><trkpt lat="22.40782166666667" lon="114.236905"><ele>215.4</ele><time>2026-02-20T07:49:35Z</time></trkpt><trkpt lat="22.407843333333336" lon="114.236895"><ele>215.79999999999998</ele><time>2026-02-20T07:49:37Z</time></trkpt><trkpt lat="22.40786166666667" lon="114.23689333333331"><ele>216.0</ele><time>2026-02-20T07:49:39Z</time></trkpt><trkpt lat="22.407883333333334" lon="114.23689"><ele>216.1</ele><time>2026-02-20T07:49:42Z</time></trkpt><trkpt lat="22.407903333333334" lon="114.23688833333333"><ele>216.0</ele><time>2026-02-20T07:49:45Z</time></trkpt><trkpt lat="22.407925" lon="114.23688333333332"><ele>216.29999999999998</ele><time>2026-02-20T07:49:48Z</time></trkpt><trkpt lat="22.407943333333332" lon="114.23687833333334"><ele>216.29999999999998</ele><time>2026-02-20T07:49:50Z</time></trkpt><trkpt lat="22.40796833333333" lon="114.23686833333335"><ele>216.0</ele><time>2026-02-20T07:49:53Z</time></trkpt><trkpt lat="22.407988333333332" lon="114.23686500000001"><ele>215.9</ele><time>2026-02-20T07:49:55Z</time></trkpt><trkpt lat="22.408008333333335" lon="114.23686000000001"><ele>215.7</ele><time>2026-02-20T07:49:57Z</time></trkpt><trkpt lat="22.408026666666668" lon="114.23685666666667"><ele>215.7</ele><time>2026-02-20T07:49:59Z</time></trkpt><trkpt lat="22.408051666666665" lon="114.23684833333333"><ele>215.5</ele><time>2026-02-20T07:50:02Z</time></trkpt><trkpt lat="22.408076666666663" lon="114.23683833333334"><ele>215.29999999999998</ele><time>2026-02-20T07:50:05Z</time></trkpt><trkpt lat="22.408096666666665" lon="114.23683666666666"><ele>215.4</ele><time>2026-02-20T07:50:07Z</time></trkpt><trkpt lat="22.40811666666667" lon="114.23682833333332"><ele>215.79999999999998</ele><time>2026-02-20T07:50:09Z</time></trkpt><trkpt lat="22.408141666666666" lon="114.23681499999999"><ele>216.7</ele><time>2026-02-20T07:50:12Z</time></trkpt><trkpt lat="22.408158333333336" lon="114.23679833333333"><ele>216.6</ele><time>2026-02-20T07:50:14Z</time></trkpt><trkpt lat="22.408174999999996" lon="114.23678166666666"><ele>217.29999999999998</ele><time>2026-02-20T07:50:17Z</time></trkpt><trkpt lat="22.40819333333333" lon="114.23676500000002"><ele>218.7</ele><time>2026-02-20T07:50:20Z</time></trkpt><trkpt lat="22.408211666666663" lon="114.23675"><ele>219.6</ele><time>2026-02-20T07:50:23Z</time></trkpt><trkpt lat="22.408234999999998" lon="114.23673333333333"><ele>220.2</ele><time>2026-02-20T07:50:26Z</time></trkpt><trkpt lat="22.40825" lon="114.23672166666665"><ele>220.5</ele><time>2026-02-20T07:50:28Z</time></trkpt><trkpt lat="22.408275000000003" lon="114.23671"><ele>220.9</ele><time>2026-02-20T07:50:31Z</time></trkpt><trkpt lat="22.408291666666667" lon="114.23669999999998"><ele>221.4</ele><time>2026-02-20T07:50:33Z</time></trkpt><trkpt lat="22.408305000000002" lon="114.23668666666666"><ele>221.7</ele><time>2026-02-20T07:50:35Z</time></trkpt><trkpt lat="22.408323333333335" lon="114.23667166666668"><ele>222.0</ele><time>2026-02-20T07:50:37Z</time></trkpt><trkpt lat="22.40834333333333" lon="114.23665333333332"><ele>222.2</ele><time>2026-02-20T07:50:39Z</time></trkpt><trkpt lat="22.408361666666664" lon="114.23663666666668"><ele>222.1</ele><time>2026-02-20T07:50:42Z</time></trkpt><trkpt lat="22.408381666666667" lon="114.23661833333333"><ele>221.9</ele><time>2026-02-20T07:50:44Z</time></trkpt><trkpt lat="22.408398333333334" lon="114.23659833333335"><ele>222.0</ele><time>2026-02-20T07:50:46Z</time></trkpt><trkpt lat="22.408406666666664" lon="114.23657999999999"><ele>222.2</ele><time>2026-02-20T07:50:49Z</time></trkpt><trkpt lat="22.40842" lon="114.23656333333332"><ele>222.29999999999998</ele><time>2026-02-20T07:50:51Z</time></trkpt><trkpt lat="22.408435" lon="114.23654166666665"><ele>222.4</ele><time>2026-02-20T07:50:53Z</time></trkpt><trkpt lat="22.408448333333332" lon="114.23652333333332"><ele>222.4</ele><time>2026-02-20T07:50:55Z</time></trkpt><trkpt lat="22.408465" lon="114.23650333333332"><ele>222.3</ele><time>2026-02-20T07:50:58Z</time></trkpt><trkpt lat="22.408481666666663" lon="114.23648333333334"><ele>222.0</ele><time>2026-02-20T07:51:01Z</time></trkpt><trkpt lat="22.408495000000002" lon="114.23646166666667"><ele>222.0</ele><time>2026-02-20T07:51:03Z</time></trkpt><trkpt lat="22.408511666666662" lon="114.23644166666666"><ele>222.2</ele><time>2026-02-20T07:51:05Z</time></trkpt><trkpt lat="22.408531666666665" lon="114.23642166666666"><ele>222.2</ele><time>2026-02-20T07:51:07Z</time></trkpt><trkpt lat="22.408558333333335" lon="114.23640333333333"><ele>222.1</ele><time>2026-02-20T07:51:09Z</time></trkpt><trkpt lat="22.408586666666665" lon="114.23638666666666"><ele>222.0</ele><time>2026-02-20T07:51:11Z</time></trkpt><trkpt lat="22.408606666666667" lon="114.23637"><ele>221.8</ele><time>2026-02-20T07:51:13Z</time></trkpt><trkpt lat="22.408615" lon="114.23634833333332"><ele>221.2</ele><time>2026-02-20T07:51:16Z</time></trkpt><trkpt lat="22.408621666666665" lon="114.23632833333335"><ele>220.8</ele><time>2026-02-20T07:51:18Z</time></trkpt><trkpt lat="22.408634999999997" lon="114.23630999999999"><ele>220.5</ele><time>2026-02-20T07:51:20Z</time></trkpt><trkpt lat="22.408651666666668" lon="114.23629666666666"><ele>220.1</ele><time>2026-02-20T07:51:22Z</time></trkpt><trkpt lat="22.40867166666667" lon="114.23628666666667"><ele>219.9</ele><time>2026-02-20T07:51:24Z</time></trkpt><trkpt lat="22.40868833333333" lon="114.23627833333333"><ele>219.4</ele><time>2026-02-20T07:51:26Z</time></trkpt><trkpt lat="22.40870333333333" lon="114.23626333333335"><ele>218.8</ele><time>2026-02-20T07:51:28Z</time></trkpt><trkpt lat="22.408713333333335" lon="114.23624666666667"><ele>218.1</ele><time>2026-02-20T07:51:30Z</time></trkpt><trkpt lat="22.408726666666666" lon="114.23623333333335"><ele>217.5</ele><time>2026-02-20T07:51:32Z</time></trkpt><trkpt lat="22.408743333333337" lon="114.23621666666668"><ele>216.9</ele><time>2026-02-20T07:51:34Z</time></trkpt><trkpt lat="22.408758333333335" lon="114.23619666666667"><ele>216.3</ele><time>2026-02-20T07:51:37Z</time></trkpt><trkpt lat="22.408776666666668" lon="114.23618666666668"><ele>215.8</ele><time>2026-02-20T07:51:39Z</time></trkpt><trkpt lat="22.408795" lon="114.23617833333334"><ele>215.3</ele><time>2026-02-20T07:51:41Z</time></trkpt><trkpt lat="22.40882" lon="114.23617"><ele>214.8</ele><time>2026-02-20T07:51:43Z</time></trkpt><trkpt lat="22.408841666666664" lon="114.23616833333332"><ele>214.3</ele><time>2026-02-20T07:51:45Z</time></trkpt><trkpt lat="22.40887" lon="114.23617"><ele>213.7</ele><time>2026-02-20T07:51:47Z</time></trkpt><trkpt lat="22.408901666666665" lon="114.23617333333335"><ele>213.3</ele><time>2026-02-20T07:51:49Z</time></trkpt><trkpt lat="22.40893" lon="114.236175"><ele>212.7</ele><time>2026-02-20T07:51:51Z</time></trkpt><trkpt lat="22.408951666666667" lon="114.23617833333334"><ele>212.4</ele><time>2026-02-20T07:51:53Z</time></trkpt><trkpt lat="22.40897" lon="114.23618166666665"><ele>212.1</ele><time>2026-02-20T07:51:55Z</time></trkpt><trkpt lat="22.408991666666665" lon="114.23618499999999"><ele>211.7</ele><time>2026-02-20T07:51:57Z</time></trkpt><trkpt lat="22.409011666666668" lon="114.23619166666667"><ele>211.2</ele><time>2026-02-20T07:51:59Z</time></trkpt><trkpt lat="22.409033333333333" lon="114.23619833333332"><ele>210.7</ele><time>2026-02-20T07:52:01Z</time></trkpt><trkpt lat="22.409055" lon="114.23620333333335"><ele>210.4</ele><time>2026-02-20T07:52:03Z</time></trkpt><trkpt lat="22.409073333333335" lon="114.23619833333332"><ele>210.0</ele><time>2026-02-20T07:52:05Z</time></trkpt><trkpt lat="22.40909166666667" lon="114.23619666666667"><ele>209.7</ele><time>2026-02-20T07:52:07Z</time></trkpt><trkpt lat="22.409111666666664" lon="114.23619500000001"><ele>209.2</ele><time>2026-02-20T07:52:09Z</time></trkpt><trkpt lat="22.409135" lon="114.23618666666668"><ele>208.5</ele><time>2026-02-20T07:52:11Z</time></trkpt><trkpt lat="22.409156666666664" lon="114.23617666666665"><ele>208.2</ele><time>2026-02-20T07:52:13Z</time></trkpt><trkpt lat="22.409171666666666" lon="114.23615999999998"><ele>207.6</ele><time>2026-02-20T07:52:15Z</time></trkpt><trkpt lat="22.409188333333336" lon="114.23613833333333"><ele>207.2</ele><time>2026-02-20T07:52:17Z</time></trkpt><trkpt lat="22.409203333333334" lon="114.23612666666668"><ele>206.9</ele><time>2026-02-20T07:52:19Z</time></trkpt><trkpt lat="22.409219999999998" lon="114.236115"><ele>206.6</ele><time>2026-02-20T07:52:21Z</time></trkpt><trkpt lat="22.40924" lon="114.23610666666667"><ele>206.3</ele><time>2026-02-20T07:52:23Z</time></trkpt><trkpt lat="22.409260000000003" lon="114.23609666666668"><ele>205.7</ele><time>2026-02-20T07:52:25Z</time></trkpt><trkpt lat="22.40928" lon="114.23608333333335"><ele>205.3</ele><time>2026-02-20T07:52:27Z</time></trkpt><trkpt lat="22.409296666666666" lon="114.23606666666667"><ele>204.8</ele><time>2026-02-20T07:52:29Z</time></trkpt><trkpt lat="22.40931333333333" lon="114.23604833333333"><ele>204.5</ele><time>2026-02-20T07:52:31Z</time></trkpt><trkpt lat="22.40933" lon="114.23603166666665"><ele>204.0</ele><time>2026-02-20T07:52:33Z</time></trkpt><trkpt lat="22.40934666666667" lon="114.23602166666666"><ele>203.3</ele><time>2026-02-20T07:52:35Z</time></trkpt><trkpt lat="22.40937" lon="114.23601666666667"><ele>202.6</ele><time>2026-02-20T07:52:38Z</time></trkpt><trkpt lat="22.40939166666667" lon="114.23600499999999"><ele>202.2</ele><time>2026-02-20T07:52:40Z</time></trkpt><trkpt lat="22.40940666666667" lon="114.23599166666666"><ele>201.8</ele><time>2026-02-20T07:52:42Z</time></trkpt><trkpt lat="22.409425000000002" lon="114.23597666666667"><ele>201.5</ele><time>2026-02-20T07:52:44Z</time></trkpt><trkpt lat="22.409443333333336" lon="114.23596333333334"><ele>201.3</ele><time>2026-02-20T07:52:46Z</time></trkpt><trkpt lat="22.40946166666667" lon="114.23594999999999"><ele>201.2</ele><time>2026-02-20T07:52:48Z</time></trkpt><trkpt lat="22.40948166666667" lon="114.23593833333334"><ele>201.1</ele><time>2026-02-20T07:52:50Z</time></trkpt><trkpt lat="22.409505" lon="114.23593833333334"><ele>200.6</ele><time>2026-02-20T07:52:53Z</time></trkpt><trkpt lat="22.409530000000004" lon="114.23593166666666"><ele>199.8</ele><time>2026-02-20T07:52:56Z</time></trkpt><trkpt lat="22.40955" lon="114.23591833333333"><ele>199.6</ele><time>2026-02-20T07:52:58Z</time></trkpt><trkpt lat="22.40957" lon="114.23590666666665"><ele>199.5</ele><time>2026-02-20T07:53:00Z</time></trkpt><trkpt lat="22.40959" lon="114.23589166666667"><ele>199.2</ele><time>2026-02-20T07:53:02Z</time></trkpt><trkpt lat="22.409606666666665" lon="114.23587833333335"><ele>198.6</ele><time>2026-02-20T07:53:04Z</time></trkpt><trkpt lat="22.409620000000004" lon="114.23585999999999"><ele>198.3</ele><time>2026-02-20T07:53:06Z</time></trkpt><trkpt lat="22.409636666666664" lon="114.23584833333334"><ele>198.3</ele><time>2026-02-20T07:53:08Z</time></trkpt><trkpt lat="22.40965833333333" lon="114.23583500000001"><ele>198.1</ele><time>2026-02-20T07:53:10Z</time></trkpt><trkpt lat="22.409676666666662" lon="114.23582166666665"><ele>197.6</ele><time>2026-02-20T07:53:12Z</time></trkpt><trkpt lat="22.409693333333333" lon="114.23580666666666"><ele>196.7</ele><time>2026-02-20T07:53:14Z</time></trkpt><trkpt lat="22.409710000000004" lon="114.23579"><ele>195.8</ele><time>2026-02-20T07:53:16Z</time></trkpt><trkpt lat="22.409728333333337" lon="114.23577500000002"><ele>194.9</ele><time>2026-02-20T07:53:18Z</time></trkpt><trkpt lat="22.409746666666667" lon="114.23576166666665"><ele>194.0</ele><time>2026-02-20T07:53:20Z</time></trkpt><trkpt lat="22.409766666666663" lon="114.23574333333333"><ele>193.5</ele><time>2026-02-20T07:53:22Z</time></trkpt><trkpt lat="22.409786666666665" lon="114.23572833333334"><ele>192.9</ele><time>2026-02-20T07:53:24Z</time></trkpt><trkpt lat="22.409801666666667" lon="114.23571166666667"><ele>192.0</ele><time>2026-02-20T07:53:26Z</time></trkpt><trkpt lat="22.409816666666664" lon="114.23568666666667"><ele>190.5</ele><time>2026-02-20T07:53:29Z</time></trkpt><trkpt lat="22.409831666666665" lon="114.235665"><ele>189.7</ele><time>2026-02-20T07:53:31Z</time></trkpt><trkpt lat="22.40985" lon="114.23564833333333"><ele>189.2</ele><time>2026-02-20T07:53:33Z</time></trkpt><trkpt lat="22.409871666666664" lon="114.23562833333332"><ele>188.6</ele><time>2026-02-20T07:53:35Z</time></trkpt><trkpt lat="22.409888333333335" lon="114.23561333333333"><ele>188.1</ele><time>2026-02-20T07:53:37Z</time></trkpt><trkpt lat="22.409903333333332" lon="114.23560166666667"><ele>187.1</ele><time>2026-02-20T07:53:40Z</time></trkpt><trkpt lat="22.409918333333334" lon="114.23558999999999"><ele>186.8</ele><time>2026-02-20T07:53:42Z</time></trkpt><trkpt lat="22.409936666666667" lon="114.23557666666666"><ele>186.5</ele><time>2026-02-20T07:53:44Z</time></trkpt><trkpt lat="22.409953333333338" lon="114.23556500000001"><ele>186.1</ele><time>2026-02-20T07:53:46Z</time></trkpt><trkpt lat="22.409969999999998" lon="114.23555666666668"><ele>185.5</ele><time>2026-02-20T07:53:48Z</time></trkpt><trkpt lat="22.409996666666665" lon="114.23554833333334"><ele>184.8</ele><time>2026-02-20T07:53:50Z</time></trkpt><trkpt lat="22.410021666666662" lon="114.23553333333332"><ele>184.4</ele><time>2026-02-20T07:53:52Z</time></trkpt><trkpt lat="22.410045" lon="114.23551833333335"><ele>184.5</ele><time>2026-02-20T07:53:54Z</time></trkpt><trkpt lat="22.410059999999998" lon="114.23550666666667"><ele>184.6</ele><time>2026-02-20T07:53:56Z</time></trkpt><trkpt lat="22.41007666666667" lon="114.23548833333334"><ele>184.1</ele><time>2026-02-20T07:53:59Z</time></trkpt><trkpt lat="22.41009" lon="114.23546833333333"><ele>184.3</ele><time>2026-02-20T07:54:01Z</time></trkpt><trkpt lat="22.410100000000003" lon="114.23545"><ele>184.4</ele><time>2026-02-20T07:54:03Z</time></trkpt><trkpt lat="22.410113333333335" lon="114.235425"><ele>184.4</ele><time>2026-02-20T07:54:05Z</time></trkpt><trkpt lat="22.410126666666663" lon="114.2354"><ele>184.0</ele><time>2026-02-20T07:54:07Z</time></trkpt><trkpt lat="22.41013666666667" lon="114.23537666666668"><ele>183.4</ele><time>2026-02-20T07:54:09Z</time></trkpt><trkpt lat="22.410145000000004" lon="114.23535333333332"><ele>182.7</ele><time>2026-02-20T07:54:11Z</time></trkpt><trkpt lat="22.41015333333333" lon="114.23533333333334"><ele>182.5</ele><time>2026-02-20T07:54:13Z</time></trkpt><trkpt lat="22.410161666666667" lon="114.23531499999999"><ele>182.2</ele><time>2026-02-20T07:54:15Z</time></trkpt><trkpt lat="22.41016666666667" lon="114.23529166666667"><ele>182.5</ele><time>2026-02-20T07:54:17Z</time></trkpt><trkpt lat="22.410171666666663" lon="114.23526833333332"><ele>183.0</ele><time>2026-02-20T07:54:19Z</time></trkpt><trkpt lat="22.41018" lon="114.23523666666667"><ele>183.3</ele><time>2026-02-20T07:54:21Z</time></trkpt><trkpt lat="22.410186666666664" lon="114.23520666666667"><ele>183.4</ele><time>2026-02-20T07:54:23Z</time></trkpt><trkpt lat="22.410191666666666" lon="114.23517833333332"><ele>183.2</ele><time>2026-02-20T07:54:25Z</time></trkpt><trkpt lat="22.410196666666668" lon="114.23515333333334"><ele>183.0</ele><time>2026-02-20T07:54:27Z</time></trkpt><trkpt lat="22.410196666666668" lon="114.23512833333334"><ele>182.8</ele><time>2026-02-20T07:54:29Z</time></trkpt><trkpt lat="22.41019833333333" lon="114.23510666666668"><ele>182.8</ele><time>2026-02-20T07:54:31Z</time></trkpt><trkpt lat="22.410208333333337" lon="114.23508333333332"><ele>182.8</ele><time>2026-02-20T07:54:33Z</time></trkpt><trkpt lat="22.410223333333338" lon="114.23506"><ele>182.5</ele><time>2026-02-20T07:54:35Z</time></trkpt><trkpt lat="22.410241666666668" lon="114.235035"><ele>182.3</ele><time>2026-02-20T07:54:37Z</time></trkpt><trkpt lat="22.41025833333333" lon="114.23501499999999"><ele>182.1</ele><time>2026-02-20T07:54:39Z</time></trkpt><trkpt lat="22.41027166666667" lon="114.23499333333332"><ele>181.8</ele><time>2026-02-20T07:54:41Z</time></trkpt><trkpt lat="22.410286666666668" lon="114.23497833333334"><ele>181.4</ele><time>2026-02-20T07:54:43Z</time></trkpt><trkpt lat="22.410298333333337" lon="114.23496333333333"><ele>181.2</ele><time>2026-02-20T07:54:45Z</time></trkpt><trkpt lat="22.410309999999996" lon="114.23494666666666"><ele>181.1</ele><time>2026-02-20T07:54:47Z</time></trkpt><trkpt lat="22.41033" lon="114.23492833333333"><ele>180.6</ele><time>2026-02-20T07:54:49Z</time></trkpt><trkpt lat="22.41034833333333" lon="114.234915"><ele>180.2</ele><time>2026-02-20T07:54:51Z</time></trkpt><trkpt lat="22.410363333333333" lon="114.23490166666667"><ele>179.7</ele><time>2026-02-20T07:54:53Z</time></trkpt><trkpt lat="22.41038" lon="114.234885"><ele>179.3</ele><time>2026-02-20T07:54:55Z</time></trkpt><trkpt lat="22.410396666666664" lon="114.23486333333334"><ele>179.1</ele><time>2026-02-20T07:54:57Z</time></trkpt><trkpt lat="22.410411666666665" lon="114.23484166666667"><ele>178.7</ele><time>2026-02-20T07:54:59Z</time></trkpt><trkpt lat="22.410418333333336" lon="114.23482"><ele>178.8</ele><time>2026-02-20T07:55:01Z</time></trkpt><trkpt lat="22.410411666666665" lon="114.23479166666667"><ele>178.5</ele><time>2026-02-20T07:55:03Z</time></trkpt><trkpt lat="22.410414999999997" lon="114.23477166666667"><ele>178.4</ele><time>2026-02-20T07:55:05Z</time></trkpt><trkpt lat="22.410405" lon="114.23474999999999"><ele>178.4</ele><time>2026-02-20T07:55:08Z</time></trkpt><trkpt lat="22.410381666666662" lon="114.23475166666667"><ele>178.8</ele><time>2026-02-20T07:55:11Z</time></trkpt><trkpt lat="22.410396666666664" lon="114.234735"><ele>179.1</ele><time>2026-02-20T07:55:28Z</time></trkpt><trkpt lat="22.410418333333336" lon="114.23474499999999"><ele>179.6</ele><time>2026-02-20T07:55:31Z</time></trkpt><trkpt lat="22.41043666666667" lon="114.234755"><ele>180.0</ele><time>2026-02-20T07:55:33Z</time></trkpt><trkpt lat="22.410456666666665" lon="114.23476333333335"><ele>180.3</ele><time>2026-02-20T07:55:35Z</time></trkpt><trkpt lat="22.410478333333337" lon="114.23475833333332"><ele>180.6</ele><time>2026-02-20T07:55:37Z</time></trkpt><trkpt lat="22.410495" lon="114.23474499999999"><ele>180.9</ele><time>2026-02-20T07:55:39Z</time></trkpt><trkpt lat="22.41051333333333" lon="114.23473333333335"><ele>181.0</ele><time>2026-02-20T07:55:41Z</time></trkpt><trkpt lat="22.410531666666664" lon="114.23472833333332"><ele>181.0</ele><time>2026-02-20T07:55:43Z</time></trkpt><trkpt lat="22.410555" lon="114.23471666666667"><ele>180.1</ele><time>2026-02-20T07:55:46Z</time></trkpt><trkpt lat="22.410568333333337" lon="114.23470166666667"><ele>179.9</ele><time>2026-02-20T07:55:48Z</time></trkpt><trkpt lat="22.410588333333333" lon="114.23469166666668"><ele>179.7</ele><time>2026-02-20T07:55:50Z</time></trkpt><trkpt lat="22.410608333333336" lon="114.23468166666667"><ele>179.3</ele><time>2026-02-20T07:55:52Z</time></trkpt><trkpt lat="22.410624999999996" lon="114.23467333333335"><ele>178.9</ele><time>2026-02-20T07:55:54Z</time></trkpt><trkpt lat="22.410645" lon="114.23465666666668"><ele>178.5</ele><time>2026-02-20T07:55:57Z</time></trkpt><trkpt lat="22.410666666666664" lon="114.23464666666665"><ele>178.0</ele><time>2026-02-20T07:56:00Z</time></trkpt><trkpt lat="22.410684999999997" lon="114.23464166666666"><ele>177.8</ele><time>2026-02-20T07:56:03Z</time></trkpt><trkpt lat="22.41065" lon="114.23459333333334"><ele>175.8</ele><time>2026-02-20T07:56:26Z</time></trkpt><trkpt lat="22.41063" lon="114.23459333333334"><ele>175.7</ele><time>2026-02-20T07:56:28Z</time></trkpt><trkpt lat="22.41061" lon="114.23460166666668"><ele>175.6</ele><time>2026-02-20T07:56:31Z</time></trkpt><trkpt lat="22.410585" lon="114.23459833333332"><ele>175.9</ele><time>2026-02-20T07:56:34Z</time></trkpt><trkpt lat="22.410568333333337" lon="114.23458833333333"><ele>175.9</ele><time>2026-02-20T07:56:36Z</time></trkpt><trkpt lat="22.410548333333335" lon="114.23457833333332"><ele>175.7</ele><time>2026-02-20T07:56:38Z</time></trkpt><trkpt lat="22.410533333333333" lon="114.23456333333334"><ele>175.6</ele><time>2026-02-20T07:56:42Z</time></trkpt><trkpt lat="22.410555" lon="114.23455166666666"><ele>175.4</ele><time>2026-02-20T07:56:47Z</time></trkpt><trkpt lat="22.410573333333332" lon="114.23454833333332"><ele>175.4</ele><time>2026-02-20T07:56:50Z</time></trkpt><trkpt lat="22.410615" lon="114.23455333333335"><ele>176.1</ele><time>2026-02-20T07:56:55Z</time></trkpt><trkpt lat="22.410635000000003" lon="114.23455"><ele>176.5</ele><time>2026-02-20T07:56:57Z</time></trkpt><trkpt lat="22.410653333333336" lon="114.23455166666666"><ele>176.6</ele><time>2026-02-20T07:56:59Z</time></trkpt><trkpt lat="22.41067333333334" lon="114.23455666666665"><ele>176.4</ele><time>2026-02-20T07:57:03Z</time></trkpt><trkpt lat="22.410696666666663" lon="114.23456"><ele>176.0</ele><time>2026-02-20T07:57:06Z</time></trkpt><trkpt lat="22.410723333333333" lon="114.23455166666666"><ele>175.5</ele><time>2026-02-20T07:57:08Z</time></trkpt><trkpt lat="22.41073833333333" lon="114.23453999999998"><ele>175.1</ele><time>2026-02-20T07:57:10Z</time></trkpt><trkpt lat="22.410756666666664" lon="114.23452666666665"><ele>174.8</ele><time>2026-02-20T07:57:12Z</time></trkpt><trkpt lat="22.410773333333335" lon="114.23451833333333"><ele>174.6</ele><time>2026-02-20T07:57:13Z</time></trkpt><trkpt lat="22.410803333333334" lon="114.23450999999999"><ele>174.2</ele><time>2026-02-20T07:57:15Z</time></trkpt><trkpt lat="22.410833333333336" lon="114.23449666666666"><ele>174.1</ele><time>2026-02-20T07:57:17Z</time></trkpt><trkpt lat="22.410849999999996" lon="114.23448833333332"><ele>173.9</ele><time>2026-02-20T07:57:18Z</time></trkpt><trkpt lat="22.410876666666663" lon="114.23447499999999"><ele>173.7</ele><time>2026-02-20T07:57:20Z</time></trkpt><trkpt lat="22.41090166666667" lon="114.23446333333335"><ele>173.6</ele><time>2026-02-20T07:57:22Z</time></trkpt><trkpt lat="22.410938333333334" lon="114.23444833333333"><ele>173.4</ele><time>2026-02-20T07:57:24Z</time></trkpt><trkpt lat="22.41096166666667" lon="114.23443666666665"><ele>173.4</ele><time>2026-02-20T07:57:25Z</time></trkpt><trkpt lat="22.410978333333333" lon="114.23442833333333"><ele>173.3</ele><time>2026-02-20T07:57:26Z</time></trkpt><trkpt lat="22.410996666666666" lon="114.23441999999999"><ele>173.1</ele><time>2026-02-20T07:57:27Z</time></trkpt><trkpt lat="22.411015" lon="114.23440833333333"><ele>172.9</ele><time>2026-02-20T07:57:28Z</time></trkpt><trkpt lat="22.41103666666667" lon="114.23439666666667"><ele>172.6</ele><time>2026-02-20T07:57:30Z</time></trkpt><trkpt lat="22.41104833333333" lon="114.23438"><ele>172.5</ele><time>2026-02-20T07:57:31Z</time></trkpt><trkpt lat="22.411071666666665" lon="114.23436000000001"><ele>172.0</ele><time>2026-02-20T07:57:33Z</time></trkpt><trkpt lat="22.411086666666666" lon="114.23434333333334"><ele>171.6</ele><time>2026-02-20T07:57:35Z</time></trkpt><trkpt lat="22.41109666666667" lon="114.23432666666668"><ele>171.1</ele><time>2026-02-20T07:57:37Z</time></trkpt><trkpt lat="22.41110666666667" lon="114.23431000000001"><ele>170.7</ele><time>2026-02-20T07:57:39Z</time></trkpt><trkpt lat="22.411121666666666" lon="114.23429499999999"><ele>170.2</ele><time>2026-02-20T07:57:41Z</time></trkpt><trkpt lat="22.41114166666667" lon="114.23427500000001"><ele>169.3</ele><time>2026-02-20T07:57:44Z</time></trkpt><trkpt lat="22.411160000000002" lon="114.23425999999999"><ele>168.6</ele><time>2026-02-20T07:57:46Z</time></trkpt><trkpt lat="22.411179999999998" lon="114.23424166666668"><ele>167.8</ele><time>2026-02-20T07:57:48Z</time></trkpt><trkpt lat="22.411203333333333" lon="114.23422666666666"><ele>167.4</ele><time>2026-02-20T07:57:50Z</time></trkpt><trkpt lat="22.411220000000004" lon="114.23421833333332"><ele>167.2</ele><time>2026-02-20T07:57:51Z</time></trkpt><trkpt lat="22.411245" lon="114.23420166666668"><ele>166.8</ele><time>2026-02-20T07:57:53Z</time></trkpt><trkpt lat="22.411261666666665" lon="114.23419166666666"><ele>166.3</ele><time>2026-02-20T07:57:55Z</time></trkpt><trkpt lat="22.411281666666664" lon="114.23418500000001"><ele>166.0</ele><time>2026-02-20T07:57:57Z</time></trkpt><trkpt lat="22.411310000000004" lon="114.23416666666665"><ele>165.7</ele><time>2026-02-20T07:57:59Z</time></trkpt><trkpt lat="22.411325" lon="114.23414666666667"><ele>164.8</ele><time>2026-02-20T07:58:01Z</time></trkpt><trkpt lat="22.411341666666665" lon="114.23412666666667"><ele>164.1</ele><time>2026-02-20T07:58:05Z</time></trkpt><trkpt lat="22.411361666666668" lon="114.23411833333333"><ele>163.7</ele><time>2026-02-20T07:58:08Z</time></trkpt><trkpt lat="22.411388333333335" lon="114.23411"><ele>163.5</ele><time>2026-02-20T07:58:11Z</time></trkpt><trkpt lat="22.41141" lon="114.23409666666666"><ele>162.9</ele><time>2026-02-20T07:58:13Z</time></trkpt><trkpt lat="22.411425" lon="114.23407666666665"><ele>162.3</ele><time>2026-02-20T07:58:15Z</time></trkpt><trkpt lat="22.411436666666667" lon="114.23405333333334"><ele>162.0</ele><time>2026-02-20T07:58:17Z</time></trkpt><trkpt lat="22.411445000000004" lon="114.23403333333333"><ele>161.6</ele><time>2026-02-20T07:58:19Z</time></trkpt><trkpt lat="22.41146666666667" lon="114.23402166666668"><ele>161.0</ele><time>2026-02-20T07:58:21Z</time></trkpt><trkpt lat="22.41148333333333" lon="114.23400833333332"><ele>160.4</ele><time>2026-02-20T07:58:23Z</time></trkpt><trkpt lat="22.411506666666664" lon="114.23400333333332"><ele>159.8</ele><time>2026-02-20T07:58:25Z</time></trkpt><trkpt lat="22.411524999999997" lon="114.23400500000001"><ele>159.5</ele><time>2026-02-20T07:58:26Z</time></trkpt><trkpt lat="22.411545" lon="114.23400333333332"><ele>159.1</ele><time>2026-02-20T07:58:27Z</time></trkpt><trkpt lat="22.411568333333335" lon="114.233995"><ele>158.3</ele><time>2026-02-20T07:58:29Z</time></trkpt><trkpt lat="22.411591666666663" lon="114.233985"><ele>156.7</ele><time>2026-02-20T07:58:34Z</time></trkpt><trkpt lat="22.411606666666664" lon="114.23397166666668"><ele>156.1</ele><time>2026-02-20T07:58:36Z</time></trkpt><trkpt lat="22.411625000000004" lon="114.23394833333332"><ele>155.6</ele><time>2026-02-20T07:58:38Z</time></trkpt><trkpt lat="22.411636666666663" lon="114.23393166666668"><ele>155.3</ele><time>2026-02-20T07:58:39Z</time></trkpt><trkpt lat="22.411658333333335" lon="114.23391000000001"><ele>154.9</ele><time>2026-02-20T07:58:41Z</time></trkpt><trkpt lat="22.411671666666667" lon="114.23389333333334"><ele>154.7</ele><time>2026-02-20T07:58:42Z</time></trkpt><trkpt lat="22.411685000000002" lon="114.23388000000001"><ele>154.2</ele><time>2026-02-20T07:58:45Z</time></trkpt><trkpt lat="22.411698333333334" lon="114.233865"><ele>153.6</ele><time>2026-02-20T07:58:48Z</time></trkpt><trkpt lat="22.411713333333335" lon="114.23384"><ele>153.6</ele><time>2026-02-20T07:58:49Z</time></trkpt><trkpt lat="22.411735" lon="114.23382500000001"><ele>153.4</ele><time>2026-02-20T07:58:52Z</time></trkpt><trkpt lat="22.411765" lon="114.23379500000001"><ele>153.6</ele><time>2026-02-20T07:58:56Z</time></trkpt><trkpt lat="22.411785000000002" lon="114.23377833333333"><ele>153.1</ele><time>2026-02-20T07:58:58Z</time></trkpt><trkpt lat="22.41179833333333" lon="114.23376166666667"><ele>152.8</ele><time>2026-02-20T07:59:00Z</time></trkpt><trkpt lat="22.41181333333333" lon="114.233745"><ele>152.4</ele><time>2026-02-20T07:59:02Z</time></trkpt><trkpt lat="22.411830000000002" lon="114.23371666666665"><ele>152.5</ele><time>2026-02-20T07:59:04Z</time></trkpt><trkpt lat="22.411855" lon="114.23370333333332"><ele>152.1</ele><time>2026-02-20T07:59:06Z</time></trkpt><trkpt lat="22.411873333333332" lon="114.23368166666666"><ele>151.6</ele><time>2026-02-20T07:59:09Z</time></trkpt><trkpt lat="22.411890000000003" lon="114.23365833333334"><ele>151.1</ele><time>2026-02-20T07:59:11Z</time></trkpt><trkpt lat="22.41190333333333" lon="114.23364000000001"><ele>150.9</ele><time>2026-02-20T07:59:12Z</time></trkpt><trkpt lat="22.411921666666665" lon="114.23361500000001"><ele>151.1</ele><time>2026-02-20T07:59:13Z</time></trkpt><trkpt lat="22.411938333333335" lon="114.2336"><ele>150.9</ele><time>2026-02-20T07:59:14Z</time></trkpt><trkpt lat="22.411953333333333" lon="114.23358833333332"><ele>150.8</ele><time>2026-02-20T07:59:15Z</time></trkpt><trkpt lat="22.411971666666666" lon="114.23357499999999"><ele>150.3</ele><time>2026-02-20T07:59:17Z</time></trkpt><trkpt lat="22.412010000000002" lon="114.23355166666667"><ele>150.2</ele><time>2026-02-20T07:59:19Z</time></trkpt><trkpt lat="22.412035" lon="114.23353166666666"><ele>150.3</ele><time>2026-02-20T07:59:20Z</time></trkpt><trkpt lat="22.412059999999997" lon="114.23352000000001"><ele>150.2</ele><time>2026-02-20T07:59:22Z</time></trkpt><trkpt lat="22.412085" lon="114.23351833333332"><ele>149.0</ele><time>2026-02-20T07:59:26Z</time></trkpt><trkpt lat="22.412108333333336" lon="114.23350333333335"><ele>148.0</ele><time>2026-02-20T07:59:29Z</time></trkpt><trkpt lat="22.41212666666667" lon="114.23349333333333"><ele>147.6</ele><time>2026-02-20T07:59:31Z</time></trkpt><trkpt lat="22.412149999999997" lon="114.23348499999999"><ele>147.7</ele><time>2026-02-20T07:59:33Z</time></trkpt><trkpt lat="22.41217333333333" lon="114.23348499999999"><ele>147.3</ele><time>2026-02-20T07:59:35Z</time></trkpt><trkpt lat="22.412191666666665" lon="114.23348333333334"><ele>147.0</ele><time>2026-02-20T07:59:37Z</time></trkpt><trkpt lat="22.412213333333337" lon="114.23347166666666"><ele>146.8</ele><time>2026-02-20T07:59:40Z</time></trkpt><trkpt lat="22.41223166666667" lon="114.23345666666667"><ele>146.7</ele><time>2026-02-20T07:59:42Z</time></trkpt><trkpt lat="22.412251666666666" lon="114.233445"><ele>146.3</ele><time>2026-02-20T07:59:44Z</time></trkpt><trkpt lat="22.412269999999996" lon="114.23343000000001"><ele>146.0</ele><time>2026-02-20T07:59:46Z</time></trkpt><trkpt lat="22.41228833333333" lon="114.233415"><ele>145.9</ele><time>2026-02-20T07:59:48Z</time></trkpt><trkpt lat="22.41230666666667" lon="114.233405"><ele>145.8</ele><time>2026-02-20T07:59:50Z</time></trkpt><trkpt lat="22.412326666666665" lon="114.23339333333334"><ele>145.7</ele><time>2026-02-20T07:59:52Z</time></trkpt><trkpt lat="22.41235" lon="114.23337833333332"><ele>145.6</ele><time>2026-02-20T07:59:54Z</time></trkpt><trkpt lat="22.412373333333335" lon="114.23335833333334"><ele>145.5</ele><time>2026-02-20T07:59:56Z</time></trkpt><trkpt lat="22.412395" lon="114.23333833333332"><ele>145.2</ele><time>2026-02-20T07:59:58Z</time></trkpt><trkpt lat="22.412415000000003" lon="114.23332333333335"><ele>144.8</ele><time>2026-02-20T08:00:00Z</time></trkpt><trkpt lat="22.412435" lon="114.23330833333333"><ele>144.4</ele><time>2026-02-20T08:00:02Z</time></trkpt><trkpt lat="22.41245333333333" lon="114.23329"><ele>144.1</ele><time>2026-02-20T08:00:04Z</time></trkpt><trkpt lat="22.41247333333333" lon="114.23328000000001"><ele>143.6</ele><time>2026-02-20T08:00:06Z</time></trkpt><trkpt lat="22.412493333333334" lon="114.233265"><ele>143.2</ele><time>2026-02-20T08:00:08Z</time></trkpt><trkpt lat="22.41251833333333" lon="114.23325333333332"><ele>142.8</ele><time>2026-02-20T08:00:10Z</time></trkpt><trkpt lat="22.412539999999996" lon="114.23323666666666"><ele>142.2</ele><time>2026-02-20T08:00:12Z</time></trkpt><trkpt lat="22.412565000000004" lon="114.23321666666668"><ele>142.3</ele><time>2026-02-20T08:00:14Z</time></trkpt><trkpt lat="22.412586666666666" lon="114.233205"><ele>141.9</ele><time>2026-02-20T08:00:16Z</time></trkpt><trkpt lat="22.41260833333333" lon="114.23320833333334"><ele>141.5</ele><time>2026-02-20T08:00:18Z</time></trkpt><trkpt lat="22.412635" lon="114.23321"><ele>141.2</ele><time>2026-02-20T08:00:20Z</time></trkpt><trkpt lat="22.41266333333333" lon="114.23320833333334"><ele>141.1</ele><time>2026-02-20T08:00:22Z</time></trkpt><trkpt lat="22.412688333333335" lon="114.23320333333335"><ele>141.0</ele><time>2026-02-20T08:00:24Z</time></trkpt><trkpt lat="22.412713333333333" lon="114.23319500000001"><ele>141.0</ele><time>2026-02-20T08:00:26Z</time></trkpt><trkpt lat="22.412736666666667" lon="114.23317999999999"><ele>141.3</ele><time>2026-02-20T08:00:28Z</time></trkpt><trkpt lat="22.412755" lon="114.23318166666668"><ele>141.2</ele><time>2026-02-20T08:00:30Z</time></trkpt><trkpt lat="22.412775000000003" lon="114.23317999999999"><ele>140.4</ele><time>2026-02-20T08:00:32Z</time></trkpt><trkpt lat="22.4128" lon="114.23318833333333"><ele>140.0</ele><time>2026-02-20T08:00:35Z</time></trkpt><trkpt lat="22.412815000000002" lon="114.2332"><ele>139.4</ele><time>2026-02-20T08:00:37Z</time></trkpt><trkpt lat="22.412838333333337" lon="114.23321"><ele>138.9</ele><time>2026-02-20T08:00:39Z</time></trkpt><trkpt lat="22.412860000000002" lon="114.23321499999999"><ele>138.4</ele><time>2026-02-20T08:00:41Z</time></trkpt><trkpt lat="22.412881666666667" lon="114.23321666666668"><ele>138.0</ele><time>2026-02-20T08:00:43Z</time></trkpt><trkpt lat="22.412901666666667" lon="114.23322166666667"><ele>137.5</ele><time>2026-02-20T08:00:45Z</time></trkpt><trkpt lat="22.41292" lon="114.23323666666666"><ele>136.9</ele><time>2026-02-20T08:00:47Z</time></trkpt><trkpt lat="22.412935" lon="114.23325666666666"><ele>136.3</ele><time>2026-02-20T08:00:49Z</time></trkpt><trkpt lat="22.412951666666665" lon="114.23327499999999"><ele>135.7</ele><time>2026-02-20T08:00:51Z</time></trkpt><trkpt lat="22.412966666666662" lon="114.23329166666666"><ele>135.1</ele><time>2026-02-20T08:00:53Z</time></trkpt><trkpt lat="22.412989999999997" lon="114.23330499999999"><ele>134.4</ele><time>2026-02-20T08:00:56Z</time></trkpt><trkpt lat="22.413015000000005" lon="114.23331666666667"><ele>134.1</ele><time>2026-02-20T08:00:58Z</time></trkpt><trkpt lat="22.413034999999997" lon="114.23332333333335"><ele>134.1</ele><time>2026-02-20T08:01:00Z</time></trkpt><trkpt lat="22.413055" lon="114.23333333333333"><ele>133.8</ele><time>2026-02-20T08:01:02Z</time></trkpt><trkpt lat="22.413071666666664" lon="114.23334500000001"><ele>133.1</ele><time>2026-02-20T08:01:04Z</time></trkpt><trkpt lat="22.413090000000004" lon="114.23335999999999"><ele>132.8</ele><time>2026-02-20T08:01:06Z</time></trkpt><trkpt lat="22.41311166666667" lon="114.23337833333332"><ele>132.2</ele><time>2026-02-20T08:01:08Z</time></trkpt><trkpt lat="22.413131666666665" lon="114.23339833333333"><ele>131.7</ele><time>2026-02-20T08:01:10Z</time></trkpt><trkpt lat="22.413155" lon="114.23341333333335"><ele>131.3</ele><time>2026-02-20T08:01:12Z</time></trkpt><trkpt lat="22.413175000000003" lon="114.23342333333333"><ele>131.2</ele><time>2026-02-20T08:01:14Z</time></trkpt><trkpt lat="22.413193333333332" lon="114.23343000000001"><ele>130.9</ele><time>2026-02-20T08:01:16Z</time></trkpt><trkpt lat="22.413214999999997" lon="114.23344666666665"><ele>131.0</ele><time>2026-02-20T08:01:18Z</time></trkpt><trkpt lat="22.413238333333332" lon="114.23345499999999"><ele>131.1</ele><time>2026-02-20T08:01:20Z</time></trkpt><trkpt lat="22.413261666666667" lon="114.23346166666667"><ele>131.4</ele><time>2026-02-20T08:01:22Z</time></trkpt><trkpt lat="22.413284999999995" lon="114.23346666666666"><ele>131.3</ele><time>2026-02-20T08:01:24Z</time></trkpt><trkpt lat="22.413311666666665" lon="114.23346833333332"><ele>131.4</ele><time>2026-02-20T08:01:26Z</time></trkpt><trkpt lat="22.41333666666667" lon="114.23347"><ele>131.7</ele><time>2026-02-20T08:01:28Z</time></trkpt><trkpt lat="22.413361666666667" lon="114.23346833333332"><ele>132.2</ele><time>2026-02-20T08:01:30Z</time></trkpt><trkpt lat="22.413386666666664" lon="114.23346166666667"><ele>132.2</ele><time>2026-02-20T08:01:32Z</time></trkpt><trkpt lat="22.41341333333333" lon="114.23345499999999"><ele>132.4</ele><time>2026-02-20T08:01:34Z</time></trkpt><trkpt lat="22.413434999999996" lon="114.233445"><ele>132.6</ele><time>2026-02-20T08:01:36Z</time></trkpt><trkpt lat="22.413453333333337" lon="114.23343666666666"><ele>133.1</ele><time>2026-02-20T08:01:38Z</time></trkpt><trkpt lat="22.41347" lon="114.23342499999998"><ele>133.4</ele><time>2026-02-20T08:01:40Z</time></trkpt><trkpt lat="22.413486666666667" lon="114.23341166666665"><ele>133.6</ele><time>2026-02-20T08:01:42Z</time></trkpt><trkpt lat="22.41351166666667" lon="114.23339333333334"><ele>133.7</ele><time>2026-02-20T08:01:45Z</time></trkpt><trkpt lat="22.413526666666666" lon="114.23337500000001"><ele>133.8</ele><time>2026-02-20T08:01:47Z</time></trkpt><trkpt lat="22.413543333333337" lon="114.233355"><ele>133.7</ele><time>2026-02-20T08:01:49Z</time></trkpt><trkpt lat="22.41356" lon="114.23333666666667"><ele>133.5</ele><time>2026-02-20T08:01:51Z</time></trkpt><trkpt lat="22.41357833333333" lon="114.23331666666667"><ele>133.5</ele><time>2026-02-20T08:01:53Z</time></trkpt><trkpt lat="22.413598333333333" lon="114.23329833333334"><ele>133.4</ele><time>2026-02-20T08:01:55Z</time></trkpt><trkpt lat="22.413619999999998" lon="114.23328333333332"><ele>133.3</ele><time>2026-02-20T08:01:57Z</time></trkpt><trkpt lat="22.413644999999995" lon="114.23327166666668"><ele>133.4</ele><time>2026-02-20T08:01:59Z</time></trkpt><trkpt lat="22.413673333333335" lon="114.23325833333335"><ele>133.5</ele><time>2026-02-20T08:02:01Z</time></trkpt><trkpt lat="22.413698333333333" lon="114.23325000000001"><ele>133.6</ele><time>2026-02-20T08:02:03Z</time></trkpt><trkpt lat="22.413719999999998" lon="114.23323666666666"><ele>133.3</ele><time>2026-02-20T08:02:05Z</time></trkpt><trkpt lat="22.41374166666667" lon="114.23323166666665"><ele>133.4</ele><time>2026-02-20T08:02:07Z</time></trkpt><trkpt lat="22.413763333333335" lon="114.23323666666666"><ele>132.9</ele><time>2026-02-20T08:02:09Z</time></trkpt><trkpt lat="22.413785" lon="114.23323333333335"><ele>132.6</ele><time>2026-02-20T08:02:11Z</time></trkpt><trkpt lat="22.413809999999998" lon="114.23322166666667"><ele>132.0</ele><time>2026-02-20T08:02:14Z</time></trkpt><trkpt lat="22.41383166666667" lon="114.23321"><ele>131.6</ele><time>2026-02-20T08:02:16Z</time></trkpt><trkpt lat="22.413851666666666" lon="114.2332"><ele>131.3</ele><time>2026-02-20T08:02:18Z</time></trkpt><trkpt lat="22.41387166666667" lon="114.23319000000001"><ele>131.0</ele><time>2026-02-20T08:02:20Z</time></trkpt><trkpt lat="22.413891666666668" lon="114.23317666666665"><ele>130.8</ele><time>2026-02-20T08:02:22Z</time></trkpt><trkpt lat="22.41391" lon="114.23316833333335"><ele>130.4</ele><time>2026-02-20T08:02:24Z</time></trkpt><trkpt lat="22.413929999999997" lon="114.23315166666667"><ele>130.0</ele><time>2026-02-20T08:02:26Z</time></trkpt><trkpt lat="22.413953333333332" lon="114.23314166666665"><ele>129.5</ele><time>2026-02-20T08:02:28Z</time></trkpt><trkpt lat="22.413974999999997" lon="114.23313833333334"><ele>128.8</ele><time>2026-02-20T08:02:30Z</time></trkpt><trkpt lat="22.413998333333332" lon="114.23313833333334"><ele>126.7</ele><time>2026-02-20T08:02:33Z</time></trkpt><trkpt lat="22.414021666666667" lon="114.23313666666667"><ele>125.3</ele><time>2026-02-20T08:02:35Z</time></trkpt><trkpt lat="22.414046666666664" lon="114.23313166666667"><ele>124.6</ele><time>2026-02-20T08:02:37Z</time></trkpt><trkpt lat="22.414075000000004" lon="114.23313333333333"><ele>124.2</ele><time>2026-02-20T08:02:39Z</time></trkpt><trkpt lat="22.41409833333333" lon="114.23313833333334"><ele>123.7</ele><time>2026-02-20T08:02:41Z</time></trkpt><trkpt lat="22.41411666666667" lon="114.233145"><ele>123.0</ele><time>2026-02-20T08:02:43Z</time></trkpt><trkpt lat="22.414135" lon="114.23315833333332"><ele>122.1</ele><time>2026-02-20T08:02:45Z</time></trkpt><trkpt lat="22.414154999999997" lon="114.23317333333334"><ele>121.0</ele><time>2026-02-20T08:02:47Z</time></trkpt><trkpt lat="22.41418" lon="114.23317999999999"><ele>119.4</ele><time>2026-02-20T08:02:50Z</time></trkpt><trkpt lat="22.414205" lon="114.23319333333332"><ele>117.7</ele><time>2026-02-20T08:02:53Z</time></trkpt><trkpt lat="22.414225000000002" lon="114.233205"><ele>116.1</ele><time>2026-02-20T08:02:56Z</time></trkpt><trkpt lat="22.414244999999998" lon="114.23321333333334"><ele>115.4</ele><time>2026-02-20T08:02:58Z</time></trkpt><trkpt lat="22.414270000000002" lon="114.23321499999999"><ele>114.9</ele><time>2026-02-20T08:03:00Z</time></trkpt><trkpt lat="22.41429333333333" lon="114.23321166666668"><ele>114.4</ele><time>2026-02-20T08:03:02Z</time></trkpt><trkpt lat="22.414315000000002" lon="114.23320333333335"><ele>114.0</ele><time>2026-02-20T08:03:04Z</time></trkpt><trkpt lat="22.41434" lon="114.23318666666667"><ele>113.3</ele><time>2026-02-20T08:03:06Z</time></trkpt><trkpt lat="22.414363333333334" lon="114.23316833333335"><ele>112.6</ele><time>2026-02-20T08:03:08Z</time></trkpt><trkpt lat="22.414381666666667" lon="114.23315166666667"><ele>112.0</ele><time>2026-02-20T08:03:10Z</time></trkpt><trkpt lat="22.414403333333333" lon="114.23313166666667"><ele>111.3</ele><time>2026-02-20T08:03:12Z</time></trkpt><trkpt lat="22.414426666666667" lon="114.23311666666665"><ele>111.0</ele><time>2026-02-20T08:03:14Z</time></trkpt><trkpt lat="22.414446666666663" lon="114.23310333333332"><ele>110.9</ele><time>2026-02-20T08:03:16Z</time></trkpt><trkpt lat="22.414461666666664" lon="114.23308166666666"><ele>110.9</ele><time>2026-02-20T08:03:18Z</time></trkpt><trkpt lat="22.414471666666667" lon="114.23305833333333"><ele>110.8</ele><time>2026-02-20T08:03:20Z</time></trkpt><trkpt lat="22.414483333333337" lon="114.23304000000002"><ele>111.0</ele><time>2026-02-20T08:03:22Z</time></trkpt><trkpt lat="22.414495000000002" lon="114.233025"><ele>111.8</ele><time>2026-02-20T08:03:24Z</time></trkpt><trkpt lat="22.414511666666666" lon="114.23300666666667"><ele>112.5</ele><time>2026-02-20T08:03:27Z</time></trkpt><trkpt lat="22.414526666666667" lon="114.23299"><ele>112.6</ele><time>2026-02-20T08:03:29Z</time></trkpt><trkpt lat="22.414540000000002" lon="114.23297666666667"><ele>112.7</ele><time>2026-02-20T08:03:31Z</time></trkpt><trkpt lat="22.414555000000004" lon="114.23296166666665"><ele>112.7</ele><time>2026-02-20T08:03:33Z</time></trkpt><trkpt lat="22.414573333333337" lon="114.23294333333334"><ele>112.7</ele><time>2026-02-20T08:03:36Z</time></trkpt><trkpt lat="22.41459166666667" lon="114.23292666666666"><ele>112.8</ele><time>2026-02-20T08:03:38Z</time></trkpt><trkpt lat="22.414606666666668" lon="114.23291166666668"><ele>112.6</ele><time>2026-02-20T08:03:40Z</time></trkpt><trkpt lat="22.41462333333333" lon="114.23289500000001"><ele>111.9</ele><time>2026-02-20T08:03:43Z</time></trkpt><trkpt lat="22.414641666666665" lon="114.23287833333333"><ele>111.6</ele><time>2026-02-20T08:03:45Z</time></trkpt><trkpt lat="22.414663333333337" lon="114.23286166666666"><ele>111.5</ele><time>2026-02-20T08:03:47Z</time></trkpt><trkpt lat="22.414685000000002" lon="114.232845"><ele>111.4</ele><time>2026-02-20T08:03:49Z</time></trkpt><trkpt lat="22.414706666666667" lon="114.23282833333333"><ele>111.4</ele><time>2026-02-20T08:03:51Z</time></trkpt><trkpt lat="22.414724999999997" lon="114.23281333333334"><ele>111.3</ele><time>2026-02-20T08:03:53Z</time></trkpt><trkpt lat="22.414745" lon="114.23279833333332"><ele>111.1</ele><time>2026-02-20T08:03:55Z</time></trkpt><trkpt lat="22.414761666666664" lon="114.23278499999999"><ele>110.9</ele><time>2026-02-20T08:03:57Z</time></trkpt><trkpt lat="22.414778333333334" lon="114.23277166666666"><ele>110.7</ele><time>2026-02-20T08:03:59Z</time></trkpt><trkpt lat="22.414795000000005" lon="114.23276"><ele>110.4</ele><time>2026-02-20T08:04:01Z</time></trkpt><trkpt lat="22.414818333333333" lon="114.23274500000001"><ele>109.9</ele><time>2026-02-20T08:04:03Z</time></trkpt><trkpt lat="22.414836666666663" lon="114.23273333333333"><ele>109.4</ele><time>2026-02-20T08:04:05Z</time></trkpt><trkpt lat="22.414856666666665" lon="114.23272"><ele>108.5</ele><time>2026-02-20T08:04:08Z</time></trkpt><trkpt lat="22.414875" lon="114.23270833333332"><ele>107.8</ele><time>2026-02-20T08:04:10Z</time></trkpt><trkpt lat="22.414895" lon="114.23269499999999"><ele>107.0</ele><time>2026-02-20T08:04:12Z</time></trkpt><trkpt lat="22.414916666666667" lon="114.23268000000002"><ele>106.5</ele><time>2026-02-20T08:04:14Z</time></trkpt><trkpt lat="22.414933333333337" lon="114.23267"><ele>105.9</ele><time>2026-02-20T08:04:16Z</time></trkpt><trkpt lat="22.41495166666667" lon="114.23265833333335"><ele>104.4</ele><time>2026-02-20T08:04:21Z</time></trkpt><trkpt lat="22.414973333333332" lon="114.23264333333333"><ele>103.6</ele><time>2026-02-20T08:04:23Z</time></trkpt><trkpt lat="22.414993333333335" lon="114.23263"><ele>102.5</ele><time>2026-02-20T08:04:26Z</time></trkpt><trkpt lat="22.41501333333333" lon="114.23264499999999"><ele>101.5</ele><time>2026-02-20T08:04:29Z</time></trkpt><trkpt lat="22.415036666666666" lon="114.23266333333335"><ele>101.0</ele><time>2026-02-20T08:04:31Z</time></trkpt><trkpt lat="22.415049999999997" lon="114.23268000000002"><ele>100.2</ele><time>2026-02-20T08:04:33Z</time></trkpt><trkpt lat="22.41507" lon="114.23269833333333"><ele>99.7</ele><time>2026-02-20T08:04:36Z</time></trkpt><trkpt lat="22.415090000000003" lon="114.23272166666666"><ele>99.3</ele><time>2026-02-20T08:04:38Z</time></trkpt><trkpt lat="22.415115" lon="114.23273666666667"><ele>98.9</ele><time>2026-02-20T08:04:40Z</time></trkpt><trkpt lat="22.415133333333333" lon="114.23274333333332"><ele>98.8</ele><time>2026-02-20T08:04:41Z</time></trkpt><trkpt lat="22.415163333333332" lon="114.23274833333335"><ele>98.9</ele><time>2026-02-20T08:04:42Z</time></trkpt><trkpt lat="22.415184999999997" lon="114.23275833333334"><ele>98.9</ele><time>2026-02-20T08:04:43Z</time></trkpt><trkpt lat="22.415203333333338" lon="114.23276333333334"><ele>98.9</ele><time>2026-02-20T08:04:44Z</time></trkpt><trkpt lat="22.41522166666667" lon="114.23276833333333"><ele>98.7</ele><time>2026-02-20T08:04:46Z</time></trkpt><trkpt lat="22.415244999999995" lon="114.23277000000002"><ele>98.5</ele><time>2026-02-20T08:04:49Z</time></trkpt><trkpt lat="22.415268333333334" lon="114.232775"><ele>98.3</ele><time>2026-02-20T08:04:51Z</time></trkpt><trkpt lat="22.415295" lon="114.23279"><ele>98.2</ele><time>2026-02-20T08:04:53Z</time></trkpt><trkpt lat="22.415325" lon="114.23280833333335"><ele>98.0</ele><time>2026-02-20T08:04:55Z</time></trkpt><trkpt lat="22.415348333333334" lon="114.23282333333333"><ele>97.6</ele><time>2026-02-20T08:04:57Z</time></trkpt><trkpt lat="22.41537" lon="114.23283166666667"><ele>97.1</ele><time>2026-02-20T08:05:00Z</time></trkpt><trkpt lat="22.41538666666667" lon="114.23284166666666"><ele>96.8</ele><time>2026-02-20T08:05:02Z</time></trkpt><trkpt lat="22.415406666666666" lon="114.23285499999999"><ele>96.5</ele><time>2026-02-20T08:05:04Z</time></trkpt><trkpt lat="22.415435000000002" lon="114.23287333333334"><ele>96.3</ele><time>2026-02-20T08:05:06Z</time></trkpt><trkpt lat="22.415451666666666" lon="114.23288166666667"><ele>96.3</ele><time>2026-02-20T08:05:08Z</time></trkpt><trkpt lat="22.41547166666667" lon="114.23289166666667"><ele>96.6</ele><time>2026-02-20T08:05:10Z</time></trkpt><trkpt lat="22.415501666666668" lon="114.232905"><ele>96.9</ele><time>2026-02-20T08:05:12Z</time></trkpt><trkpt lat="22.415528333333334" lon="114.23291833333333"><ele>97.6</ele><time>2026-02-20T08:05:14Z</time></trkpt><trkpt lat="22.41556333333333" lon="114.23293166666666"><ele>97.6</ele><time>2026-02-20T08:05:16Z</time></trkpt><trkpt lat="22.415589999999998" lon="114.23293833333334"><ele>97.3</ele><time>2026-02-20T08:05:21Z</time></trkpt><trkpt lat="22.415621666666667" lon="114.23294499999999"><ele>97.5</ele><time>2026-02-20T08:05:23Z</time></trkpt><trkpt lat="22.41565333333333" lon="114.23295333333333"><ele>97.7</ele><time>2026-02-20T08:05:25Z</time></trkpt><trkpt lat="22.41567166666667" lon="114.23295666666667"><ele>97.9</ele><time>2026-02-20T08:05:26Z</time></trkpt><trkpt lat="22.41569833333333" lon="114.23296333333334"><ele>97.3</ele><time>2026-02-20T08:05:29Z</time></trkpt><trkpt lat="22.415716666666672" lon="114.23296666666666"><ele>96.9</ele><time>2026-02-20T08:05:31Z</time></trkpt><trkpt lat="22.415735" lon="114.23297166666667"><ele>96.4</ele><time>2026-02-20T08:05:33Z</time></trkpt><trkpt lat="22.415763333333334" lon="114.23297833333332"><ele>95.7</ele><time>2026-02-20T08:05:35Z</time></trkpt><trkpt lat="22.41578833333333" lon="114.23298333333332"><ele>93.9</ele><time>2026-02-20T08:05:38Z</time></trkpt><trkpt lat="22.415810000000004" lon="114.23298833333335"><ele>92.5</ele><time>2026-02-20T08:05:41Z</time></trkpt><trkpt lat="22.41583166666667" lon="114.23299333333334"><ele>91.4</ele><time>2026-02-20T08:05:43Z</time></trkpt><trkpt lat="22.415855000000004" lon="114.23299833333334"><ele>90.6</ele><time>2026-02-20T08:05:45Z</time></trkpt><trkpt lat="22.41587666666667" lon="114.23300333333333"><ele>89.4</ele><time>2026-02-20T08:05:48Z</time></trkpt><trkpt lat="22.415900000000004" lon="114.23300833333333"><ele>87.8</ele><time>2026-02-20T08:05:51Z</time></trkpt><trkpt lat="22.415926666666664" lon="114.23301833333335"><ele>86.5</ele><time>2026-02-20T08:05:54Z</time></trkpt><trkpt lat="22.415946666666667" lon="114.23302666666665"><ele>85.4</ele><time>2026-02-20T08:05:57Z</time></trkpt><trkpt lat="22.415956666666663" lon="114.233045"><ele>85.2</ele><time>2026-02-20T08:05:59Z</time></trkpt><trkpt lat="22.415968333333332" lon="114.23306499999998"><ele>84.9</ele><time>2026-02-20T08:06:02Z</time></trkpt><trkpt lat="22.415981666666667" lon="114.23308333333334"><ele>84.9</ele><time>2026-02-20T08:06:04Z</time></trkpt><trkpt lat="22.415993333333336" lon="114.23310500000001"><ele>85.0</ele><time>2026-02-20T08:06:07Z</time></trkpt><trkpt lat="22.416005000000002" lon="114.23312666666668"><ele>85.0</ele><time>2026-02-20T08:06:09Z</time></trkpt><trkpt lat="22.416016666666664" lon="114.23314833333333"><ele>85.2</ele><time>2026-02-20T08:06:11Z</time></trkpt><trkpt lat="22.41603" lon="114.233175"><ele>85.4</ele><time>2026-02-20T08:06:13Z</time></trkpt><trkpt lat="22.41604166666667" lon="114.23319666666666"><ele>85.5</ele><time>2026-02-20T08:06:15Z</time></trkpt><trkpt lat="22.416054999999997" lon="114.23321"><ele>85.8</ele><time>2026-02-20T08:06:17Z</time></trkpt><trkpt lat="22.416066666666666" lon="114.23322666666667"><ele>86.1</ele><time>2026-02-20T08:06:20Z</time></trkpt><trkpt lat="22.416075" lon="114.23324833333332"><ele>86.5</ele><time>2026-02-20T08:06:23Z</time></trkpt><trkpt lat="22.416091666666663" lon="114.23325833333335"><ele>87.1</ele><time>2026-02-20T08:06:26Z</time></trkpt><trkpt lat="22.416116666666667" lon="114.23325666666666"><ele>91.4</ele><time>2026-02-20T08:06:59Z</time></trkpt><trkpt lat="22.41613" lon="114.23324166666667"><ele>91.8</ele><time>2026-02-20T08:07:03Z</time></trkpt><trkpt lat="22.416226666666663" lon="114.23321499999999"><ele>93.9</ele><time>2026-02-20T08:07:35Z</time></trkpt><trkpt lat="22.41625333333333" lon="114.23321166666668"><ele>93.7</ele><time>2026-02-20T08:07:41Z</time></trkpt><trkpt lat="22.416290000000004" lon="114.233205"><ele>92.6</ele><time>2026-02-20T08:07:48Z</time></trkpt><trkpt lat="22.416288333333334" lon="114.23315"><ele>90.4</ele><time>2026-02-20T08:08:00Z</time></trkpt><trkpt lat="22.416301666666662" lon="114.23313666666667"><ele>90.1</ele><time>2026-02-20T08:08:03Z</time></trkpt><trkpt lat="22.41632666666667" lon="114.23312"><ele>89.4</ele><time>2026-02-20T08:08:09Z</time></trkpt><trkpt lat="22.416335000000004" lon="114.23313833333334"><ele>89.0</ele><time>2026-02-20T08:08:12Z</time></trkpt><trkpt lat="22.41640333333333" lon="114.23313666666667"><ele>86.6</ele><time>2026-02-20T08:08:28Z</time></trkpt><trkpt lat="22.416426666666666" lon="114.23313166666667"><ele>86.0</ele><time>2026-02-20T08:08:31Z</time></trkpt><trkpt lat="22.416445" lon="114.23312499999999"><ele>85.4</ele><time>2026-02-20T08:08:34Z</time></trkpt><trkpt lat="22.416465000000002" lon="114.233115"><ele>84.9</ele><time>2026-02-20T08:08:36Z</time></trkpt><trkpt lat="22.416488333333337" lon="114.233115"><ele>84.3</ele><time>2026-02-20T08:08:39Z</time></trkpt><trkpt lat="22.416504999999997" lon="114.23310666666666"><ele>83.5</ele><time>2026-02-20T08:08:42Z</time></trkpt><trkpt lat="22.416526666666662" lon="114.23309166666668"><ele>82.8</ele><time>2026-02-20T08:08:45Z</time></trkpt><trkpt lat="22.416546666666665" lon="114.233085"><ele>82.2</ele><time>2026-02-20T08:08:47Z</time></trkpt><trkpt lat="22.416565" lon="114.23307333333332"><ele>81.6</ele><time>2026-02-20T08:08:49Z</time></trkpt><trkpt lat="22.41658166666667" lon="114.23305166666665"><ele>81.0</ele><time>2026-02-20T08:08:51Z</time></trkpt><trkpt lat="22.416591666666665" lon="114.23303499999999"><ele>79.8</ele><time>2026-02-20T08:08:54Z</time></trkpt><trkpt lat="22.416578333333337" lon="114.23301333333332"><ele>78.3</ele><time>2026-02-20T08:08:57Z</time></trkpt><trkpt lat="22.41657" lon="114.23298833333335"><ele>77.3</ele><time>2026-02-20T08:09:00Z</time></trkpt><trkpt lat="22.41656833333333" lon="114.23296166666665"><ele>76.1</ele><time>2026-02-20T08:09:03Z</time></trkpt><trkpt lat="22.416574999999998" lon="114.23293333333335"><ele>74.8</ele><time>2026-02-20T08:09:06Z</time></trkpt><trkpt lat="22.41658166666667" lon="114.23291166666668"><ele>73.5</ele><time>2026-02-20T08:09:09Z</time></trkpt><trkpt lat="22.416588333333333" lon="114.23289333333332"><ele>72.6</ele><time>2026-02-20T08:09:11Z</time></trkpt><trkpt lat="22.416588333333333" lon="114.23286833333334"><ele>71.6</ele><time>2026-02-20T08:09:14Z</time></trkpt><trkpt lat="22.41659666666667" lon="114.23284833333334"><ele>70.2</ele><time>2026-02-20T08:09:17Z</time></trkpt><trkpt lat="22.41659666666667" lon="114.23282833333333"><ele>68.8</ele><time>2026-02-20T08:09:21Z</time></trkpt><trkpt lat="22.416603333333335" lon="114.23279833333332"><ele>68.2</ele><time>2026-02-20T08:09:24Z</time></trkpt><trkpt lat="22.41661333333333" lon="114.23278166666665"><ele>67.6</ele><time>2026-02-20T08:09:26Z</time></trkpt><trkpt lat="22.416623333333337" lon="114.23275833333334"><ele>67.3</ele><time>2026-02-20T08:09:28Z</time></trkpt><trkpt lat="22.41661333333333" lon="114.23274"><ele>66.6</ele><time>2026-02-20T08:09:30Z</time></trkpt><trkpt lat="22.416603333333335" lon="114.23275833333334"><ele>64.7</ele><time>2026-02-20T08:09:38Z</time></trkpt><trkpt lat="22.416589999999996" lon="114.23273499999999"><ele>60.9</ele><time>2026-02-20T08:09:51Z</time></trkpt><trkpt lat="22.416573333333336" lon="114.23271500000001"><ele>59.9</ele><time>2026-02-20T08:09:54Z</time></trkpt><trkpt lat="22.416555000000002" lon="114.23269833333333"><ele>58.9</ele><time>2026-02-20T08:09:58Z</time></trkpt><trkpt lat="22.41653833333333" lon="114.23268166666666"><ele>58.3</ele><time>2026-02-20T08:10:01Z</time></trkpt><trkpt lat="22.416521666666668" lon="114.232665"><ele>57.5</ele><time>2026-02-20T08:10:03Z</time></trkpt><trkpt lat="22.416499999999996" lon="114.23264333333333"><ele>56.9</ele><time>2026-02-20T08:10:05Z</time></trkpt><trkpt lat="22.416483333333336" lon="114.23262333333332"><ele>56.6</ele><time>2026-02-20T08:10:07Z</time></trkpt><trkpt lat="22.41646166666667" lon="114.23260333333334"><ele>56.4</ele><time>2026-02-20T08:10:09Z</time></trkpt><trkpt lat="22.41644833333333" lon="114.23259000000002"><ele>56.4</ele><time>2026-02-20T08:10:11Z</time></trkpt><trkpt lat="22.416431666666668" lon="114.23257333333335"><ele>55.9</ele><time>2026-02-20T08:10:13Z</time></trkpt><trkpt lat="22.41641666666667" lon="114.23256166666667"><ele>55.4</ele><time>2026-02-20T08:10:16Z</time></trkpt><trkpt lat="22.41640166666667" lon="114.23254666666665"><ele>55.2</ele><time>2026-02-20T08:10:18Z</time></trkpt><trkpt lat="22.416383333333336" lon="114.23253166666667"><ele>55.2</ele><time>2026-02-20T08:10:20Z</time></trkpt><trkpt lat="22.416366666666665" lon="114.23251666666665"><ele>55.0</ele><time>2026-02-20T08:10:22Z</time></trkpt><trkpt lat="22.41634333333333" lon="114.23250666666667"><ele>55.0</ele><time>2026-02-20T08:10:24Z</time></trkpt><trkpt lat="22.416316666666663" lon="114.23250000000002"><ele>54.9</ele><time>2026-02-20T08:10:26Z</time></trkpt><trkpt lat="22.416291666666666" lon="114.23248833333334"><ele>54.6</ele><time>2026-02-20T08:10:28Z</time></trkpt><trkpt lat="22.41626666666667" lon="114.23247666666666"><ele>54.5</ele><time>2026-02-20T08:10:30Z</time></trkpt><trkpt lat="22.416241666666664" lon="114.23246333333333"><ele>54.1</ele><time>2026-02-20T08:10:34Z</time></trkpt><trkpt lat="22.41622" lon="114.23245333333334"><ele>54.0</ele><time>2026-02-20T08:10:36Z</time></trkpt><trkpt lat="22.416200000000003" lon="114.23244333333332"><ele>53.4</ele><time>2026-02-20T08:10:38Z</time></trkpt><trkpt lat="22.416181666666663" lon="114.23243333333333"><ele>53.0</ele><time>2026-02-20T08:10:40Z</time></trkpt><trkpt lat="22.416155000000003" lon="114.23242"><ele>52.4</ele><time>2026-02-20T08:10:42Z</time></trkpt><trkpt lat="22.416136666666663" lon="114.23241000000002"><ele>52.0</ele><time>2026-02-20T08:10:44Z</time></trkpt><trkpt lat="22.41611833333333" lon="114.23240166666668"><ele>51.9</ele><time>2026-02-20T08:10:46Z</time></trkpt><trkpt lat="22.416096666666665" lon="114.23240499999999"><ele>52.3</ele><time>2026-02-20T08:10:52Z</time></trkpt><trkpt lat="22.41607666666666" lon="114.232395"><ele>52.3</ele><time>2026-02-20T08:10:54Z</time></trkpt><trkpt lat="22.41605666666667" lon="114.23238500000001"><ele>52.3</ele><time>2026-02-20T08:10:56Z</time></trkpt><trkpt lat="22.416035000000004" lon="114.23237499999999"><ele>52.6</ele><time>2026-02-20T08:10:58Z</time></trkpt><trkpt lat="22.416013333333332" lon="114.23236333333334"><ele>52.7</ele><time>2026-02-20T08:11:01Z</time></trkpt><trkpt lat="22.41601166666667" lon="114.23233666666665"><ele>54.5</ele><time>2026-02-20T08:11:13Z</time></trkpt><trkpt lat="22.416024999999998" lon="114.23232000000002"><ele>54.2</ele><time>2026-02-20T08:11:18Z</time></trkpt><trkpt lat="22.41602833333333" lon="114.23229833333335"><ele>54.0</ele><time>2026-02-20T08:11:24Z</time></trkpt><trkpt lat="22.416020000000003" lon="114.23227833333334"><ele>53.3</ele><time>2026-02-20T08:11:28Z</time></trkpt><trkpt lat="22.416008333333334" lon="114.23226166666667"><ele>53.0</ele><time>2026-02-20T08:11:32Z</time></trkpt><trkpt lat="22.416009999999996" lon="114.23224"><ele>52.8</ele><time>2026-02-20T08:11:35Z</time></trkpt><trkpt lat="22.416021666666666" lon="114.23222166666667"><ele>52.9</ele><time>2026-02-20T08:11:38Z</time></trkpt><trkpt lat="22.41604" lon="114.23221833333334"><ele>52.8</ele><time>2026-02-20T08:11:41Z</time></trkpt><trkpt lat="22.41606" lon="114.232215"><ele>52.8</ele><time>2026-02-20T08:11:45Z</time></trkpt><trkpt lat="22.416078333333335" lon="114.23220833333335"><ele>52.6</ele><time>2026-02-20T08:11:48Z</time></trkpt><trkpt lat="22.416096666666665" lon="114.23219166666668"><ele>52.4</ele><time>2026-02-20T08:11:51Z</time></trkpt><trkpt lat="22.416113333333335" lon="114.23217666666666"><ele>52.3</ele><time>2026-02-20T08:11:53Z</time></trkpt><trkpt lat="22.41613" lon="114.23215833333333"><ele>52.3</ele><time>2026-02-20T08:11:55Z</time></trkpt><trkpt lat="22.416144999999997" lon="114.23213833333332"><ele>51.9</ele><time>2026-02-20T08:11:58Z</time></trkpt><trkpt lat="22.416161666666667" lon="114.23212833333334"><ele>51.6</ele><time>2026-02-20T08:12:01Z</time></trkpt><trkpt lat="22.41617833333333" lon="114.23211500000001"><ele>50.9</ele><time>2026-02-20T08:12:04Z</time></trkpt><trkpt lat="22.416216666666667" lon="114.23204833333332"><ele>48.4</ele><time>2026-02-20T08:12:22Z</time></trkpt><trkpt lat="22.416226666666663" lon="114.23203"><ele>48.0</ele><time>2026-02-20T08:12:24Z</time></trkpt><trkpt lat="22.416245000000004" lon="114.23202666666666"><ele>46.8</ele><time>2026-02-20T08:12:30Z</time></trkpt><trkpt lat="22.416260000000005" lon="114.23201166666668"><ele>45.7</ele><time>2026-02-20T08:12:33Z</time></trkpt><trkpt lat="22.416330000000002" lon="114.231915"><ele>41.1</ele><time>2026-02-20T08:13:08Z</time></trkpt><trkpt lat="22.416339999999998" lon="114.23189833333332"><ele>40.9</ele><time>2026-02-20T08:13:11Z</time></trkpt><trkpt lat="22.416330000000002" lon="114.23185166666666"><ele>39.8</ele><time>2026-02-20T08:13:26Z</time></trkpt><trkpt lat="22.41631" lon="114.23183666666667"><ele>39.5</ele><time>2026-02-20T08:13:29Z</time></trkpt><trkpt lat="22.416290000000004" lon="114.23182"><ele>39.2</ele><time>2026-02-20T08:13:32Z</time></trkpt><trkpt lat="22.416276666666665" lon="114.23180499999998"><ele>39.0</ele><time>2026-02-20T08:13:34Z</time></trkpt><trkpt lat="22.416260000000005" lon="114.23178833333334"><ele>38.7</ele><time>2026-02-20T08:13:37Z</time></trkpt><trkpt lat="22.416246666666666" lon="114.23177333333334"><ele>38.2</ele><time>2026-02-20T08:13:40Z</time></trkpt><trkpt lat="22.416233333333334" lon="114.23175666666666"><ele>38.0</ele><time>2026-02-20T08:13:43Z</time></trkpt><trkpt lat="22.416216666666667" lon="114.23174499999999"><ele>37.6</ele><time>2026-02-20T08:13:47Z</time></trkpt><trkpt lat="22.416188333333334" lon="114.23172166666667"><ele>37.3</ele><time>2026-02-20T08:13:50Z</time></trkpt><trkpt lat="22.416170000000005" lon="114.23170333333334"><ele>36.9</ele><time>2026-02-20T08:13:52Z</time></trkpt><trkpt lat="22.41617666666667" lon="114.23164666666668"><ele>34.1</ele><time>2026-02-20T08:14:09Z</time></trkpt><trkpt lat="22.41617833333333" lon="114.23162166666667"><ele>34.0</ele><time>2026-02-20T08:14:11Z</time></trkpt><trkpt lat="22.41616333333333" lon="114.23160333333333"><ele>33.7</ele><time>2026-02-20T08:14:13Z</time></trkpt><trkpt lat="22.416181666666663" lon="114.23159333333334"><ele>32.0</ele><time>2026-02-20T08:14:21Z</time></trkpt><trkpt lat="22.416135" lon="114.23149166666666"><ele>29.4</ele><time>2026-02-20T08:14:50Z</time></trkpt><trkpt lat="22.416121666666662" lon="114.23146999999999"><ele>29.0</ele><time>2026-02-20T08:14:53Z</time></trkpt><trkpt lat="22.416108333333334" lon="114.23145166666667"><ele>28.7</ele><time>2026-02-20T08:14:56Z</time></trkpt><trkpt lat="22.416093333333333" lon="114.23143999999999"><ele>28.4</ele><time>2026-02-20T08:15:01Z</time></trkpt><trkpt lat="22.416081666666667" lon="114.23146"><ele>28.2</ele><time>2026-02-20T08:15:05Z</time></trkpt><trkpt lat="22.416103333333332" lon="114.23144166666667"><ele>28.1</ele><time>2026-02-20T08:15:11Z</time></trkpt><trkpt lat="22.416083333333336" lon="114.23141833333332"><ele>28.0</ele><time>2026-02-20T08:15:13Z</time></trkpt><trkpt lat="22.416078333333335" lon="114.23139833333335"><ele>28.0</ele><time>2026-02-20T08:15:14Z</time></trkpt><trkpt lat="22.416098333333334" lon="114.23139"><ele>28.0</ele><time>2026-02-20T08:15:15Z</time></trkpt><trkpt lat="22.416099999999997" lon="114.23133833333334"><ele>27.8</ele><time>2026-02-20T08:15:18Z</time></trkpt><trkpt lat="22.41609" lon="114.23131666666669"><ele>27.8</ele><time>2026-02-20T08:15:20Z</time></trkpt><trkpt lat="22.416106666666664" lon="114.23129666666667"><ele>27.7</ele><time>2026-02-20T08:15:23Z</time></trkpt><trkpt lat="22.416081666666667" lon="114.23127333333332"><ele>27.6</ele><time>2026-02-20T08:15:27Z</time></trkpt><trkpt lat="22.416071666666667" lon="114.23125499999999"><ele>26.9</ele><time>2026-02-20T08:15:31Z</time></trkpt><trkpt lat="22.416111666666666" lon="114.23123833333332"><ele>27.5</ele><time>2026-02-20T08:15:32Z</time></trkpt><trkpt lat="22.416091666666663" lon="114.23121833333335"><ele>27.1</ele><time>2026-02-20T08:15:35Z</time></trkpt><trkpt lat="22.416081666666667" lon="114.23115833333334"><ele>26.6</ele><time>2026-02-20T08:15:37Z</time></trkpt><trkpt lat="22.416121666666662" lon="114.23118666666666"><ele>26.5</ele><time>2026-02-20T08:15:39Z</time></trkpt><trkpt lat="22.416166666666662" lon="114.23120500000002"><ele>26.5</ele><time>2026-02-20T08:15:41Z</time></trkpt><trkpt lat="22.41620833333333" lon="114.23126499999998"><ele>26.2</ele><time>2026-02-20T08:15:42Z</time></trkpt><trkpt lat="22.416234999999997" lon="114.23128833333334"><ele>26.1</ele><time>2026-02-20T08:15:43Z</time></trkpt><trkpt lat="22.416255" lon="114.23131"><ele>25.9</ele><time>2026-02-20T08:15:44Z</time></trkpt><trkpt lat="22.416288333333334" lon="114.23128666666668"><ele>24.2</ele><time>2026-02-20T08:15:46Z</time></trkpt><trkpt lat="22.416315" lon="114.23127833333335"><ele>23.3</ele><time>2026-02-20T08:15:48Z</time></trkpt><trkpt lat="22.416330000000002" lon="114.23123666666667"><ele>21.3</ele><time>2026-02-20T08:16:01Z</time></trkpt><trkpt lat="22.416318333333333" lon="114.23121666666665"><ele>20.7</ele><time>2026-02-20T08:16:04Z</time></trkpt><trkpt lat="22.41631166666667" lon="114.23111500000002"><ele>16.8</ele><time>2026-02-20T08:16:23Z</time></trkpt><trkpt lat="22.41631" lon="114.23108666666667"><ele>15.399999999999999</ele><time>2026-02-20T08:16:26Z</time></trkpt><trkpt lat="22.41629833333333" lon="114.23104"><ele>12.8</ele><time>2026-02-20T08:16:32Z</time></trkpt><trkpt lat="22.416296666666668" lon="114.23101833333334"><ele>12.5</ele><time>2026-02-20T08:16:36Z</time></trkpt><trkpt lat="22.416276666666665" lon="114.23098166666665"><ele>12.1</ele><time>2026-02-20T08:16:39Z</time></trkpt><trkpt lat="22.416260000000005" lon="114.23096166666667"><ele>12.0</ele><time>2026-02-20T08:16:41Z</time></trkpt><trkpt lat="22.416243333333334" lon="114.23094166666667"><ele>12.0</ele><time>2026-02-20T08:16:43Z</time></trkpt><trkpt lat="22.416226666666663" lon="114.23092"><ele>11.6</ele><time>2026-02-20T08:16:46Z</time></trkpt><trkpt lat="22.416216666666667" lon="114.23090333333333"><ele>11.0</ele><time>2026-02-20T08:16:49Z</time></trkpt><trkpt lat="22.41621" lon="114.23088000000001"><ele>10.2</ele><time>2026-02-20T08:16:51Z</time></trkpt><trkpt lat="22.416195000000002" lon="114.23085999999999"><ele>9.9</ele><time>2026-02-20T08:16:53Z</time></trkpt><trkpt lat="22.41617666666667" lon="114.23083833333334"><ele>9.5</ele><time>2026-02-20T08:16:55Z</time></trkpt><trkpt lat="22.416158333333335" lon="114.23082000000001"><ele>8.9</ele><time>2026-02-20T08:16:57Z</time></trkpt><trkpt lat="22.416136666666663" lon="114.2308"><ele>8.3</ele><time>2026-02-20T08:16:59Z</time></trkpt><trkpt lat="22.416128333333337" lon="114.23077333333335"><ele>8.5</ele><time>2026-02-20T08:17:01Z</time></trkpt><trkpt lat="22.416141666666665" lon="114.23075333333333"><ele>8.9</ele><time>2026-02-20T08:17:04Z</time></trkpt><trkpt lat="22.416170000000005" lon="114.23075333333333"><ele>9.1</ele><time>2026-02-20T08:17:06Z</time></trkpt><trkpt lat="22.41619166666667" lon="114.23076166666667"><ele>9.0</ele><time>2026-02-20T08:17:08Z</time></trkpt><trkpt lat="22.416201666666666" lon="114.23077833333333"><ele>9.3</ele><time>2026-02-20T08:17:10Z</time></trkpt><trkpt lat="22.41622" lon="114.23079166666666"><ele>9.6</ele><time>2026-02-20T08:17:12Z</time></trkpt><trkpt lat="22.416233333333334" lon="114.23080999999999"><ele>9.6</ele><time>2026-02-20T08:17:14Z</time></trkpt><trkpt lat="22.416251666666668" lon="114.23083"><ele>10.0</ele><time>2026-02-20T08:17:16Z</time></trkpt><trkpt lat="22.41626833333333" lon="114.23084833333333"><ele>10.4</ele><time>2026-02-20T08:17:18Z</time></trkpt><trkpt lat="22.416288333333334" lon="114.23086833333333"><ele>10.9</ele><time>2026-02-20T08:17:21Z</time></trkpt><trkpt lat="22.416308333333337" lon="114.23089"><ele>10.9</ele><time>2026-02-20T08:17:24Z</time></trkpt><trkpt lat="22.416323333333334" lon="114.23090500000002"><ele>11.1</ele><time>2026-02-20T08:17:26Z</time></trkpt><trkpt lat="22.416336666666666" lon="114.23092"><ele>11.3</ele><time>2026-02-20T08:17:28Z</time></trkpt><trkpt lat="22.416351666666667" lon="114.23093500000002"><ele>11.8</ele><time>2026-02-20T08:17:30Z</time></trkpt><trkpt lat="22.416366666666665" lon="114.23095166666666"><ele>12.4</ele><time>2026-02-20T08:17:32Z</time></trkpt><trkpt lat="22.416381666666666" lon="114.23096666666667"><ele>13.0</ele><time>2026-02-20T08:17:34Z</time></trkpt><trkpt lat="22.416396666666667" lon="114.23098333333334"><ele>13.0</ele><time>2026-02-20T08:17:36Z</time></trkpt><trkpt lat="22.416411666666665" lon="114.23100000000001"><ele>12.8</ele><time>2026-02-20T08:17:38Z</time></trkpt><trkpt lat="22.416426666666666" lon="114.231015"><ele>12.9</ele><time>2026-02-20T08:17:40Z</time></trkpt><trkpt lat="22.416439999999998" lon="114.23103"><ele>13.0</ele><time>2026-02-20T08:17:42Z</time></trkpt><trkpt lat="22.416456666666665" lon="114.23104666666669"><ele>13.2</ele><time>2026-02-20T08:17:44Z</time></trkpt><trkpt lat="22.416469999999997" lon="114.23106000000001"><ele>13.6</ele><time>2026-02-20T08:17:46Z</time></trkpt><trkpt lat="22.416484999999998" lon="114.23107499999999"><ele>13.8</ele><time>2026-02-20T08:17:48Z</time></trkpt><trkpt lat="22.41650666666667" lon="114.23109500000001"><ele>14.3</ele><time>2026-02-20T08:17:50Z</time></trkpt><trkpt lat="22.41652333333333" lon="114.23111166666668"><ele>14.7</ele><time>2026-02-20T08:17:53Z</time></trkpt><trkpt lat="22.41653666666667" lon="114.23112666666665"><ele>14.9</ele><time>2026-02-20T08:17:54Z</time></trkpt><trkpt lat="22.416549999999997" lon="114.23114"><ele>15.0</ele><time>2026-02-20T08:17:56Z</time></trkpt><trkpt lat="22.416565" lon="114.23115333333332"><ele>15.100000000000001</ele><time>2026-02-20T08:17:59Z</time></trkpt><trkpt lat="22.416578333333337" lon="114.23116833333333"><ele>15.2</ele><time>2026-02-20T08:18:01Z</time></trkpt><trkpt lat="22.416600000000003" lon="114.23119166666666"><ele>15.600000000000001</ele><time>2026-02-20T08:18:03Z</time></trkpt><trkpt lat="22.416616666666663" lon="114.23120833333333"><ele>16.6</ele><time>2026-02-20T08:18:08Z</time></trkpt><trkpt lat="22.416631666666664" lon="114.231225"><ele>17.4</ele><time>2026-02-20T08:18:11Z</time></trkpt><trkpt lat="22.416648333333335" lon="114.23123833333332"><ele>17.9</ele><time>2026-02-20T08:18:14Z</time></trkpt><trkpt lat="22.416665" lon="114.23125499999999"><ele>18.1</ele><time>2026-02-20T08:18:16Z</time></trkpt><trkpt lat="22.416683333333335" lon="114.23127500000001"><ele>18.3</ele><time>2026-02-20T08:18:18Z</time></trkpt><trkpt lat="22.41670166666667" lon="114.23129666666667"><ele>18.5</ele><time>2026-02-20T08:18:21Z</time></trkpt><trkpt lat="22.416721666666664" lon="114.23132"><ele>18.4</ele><time>2026-02-20T08:18:23Z</time></trkpt><trkpt lat="22.416738333333335" lon="114.23134"><ele>17.9</ele><time>2026-02-20T08:18:25Z</time></trkpt><trkpt lat="22.416751666666663" lon="114.23135666666667"><ele>17.6</ele><time>2026-02-20T08:18:27Z</time></trkpt><trkpt lat="22.416765" lon="114.23137333333334"><ele>16.8</ele><time>2026-02-20T08:18:29Z</time></trkpt><trkpt lat="22.416778333333333" lon="114.23139"><ele>16.1</ele><time>2026-02-20T08:18:31Z</time></trkpt><trkpt lat="22.41679" lon="114.231405"><ele>15.7</ele><time>2026-02-20T08:18:33Z</time></trkpt><trkpt lat="22.416803333333338" lon="114.23142166666666"><ele>15.3</ele><time>2026-02-20T08:18:35Z</time></trkpt><trkpt lat="22.416818333333335" lon="114.23143999999999"><ele>14.7</ele><time>2026-02-20T08:18:37Z</time></trkpt><trkpt lat="22.416833333333336" lon="114.23146"><ele>14.3</ele><time>2026-02-20T08:18:39Z</time></trkpt><trkpt lat="22.41685166666667" lon="114.23148333333332"><ele>13.9</ele><time>2026-02-20T08:18:42Z</time></trkpt><trkpt lat="22.41686666666667" lon="114.23150333333334"><ele>14.1</ele><time>2026-02-20T08:18:44Z</time></trkpt><trkpt lat="22.41688333333333" lon="114.23152499999999"><ele>14.0</ele><time>2026-02-20T08:18:46Z</time></trkpt><trkpt lat="22.416898333333332" lon="114.23154333333332"><ele>14.0</ele><time>2026-02-20T08:18:48Z</time></trkpt><trkpt lat="22.41691166666667" lon="114.23156166666668"><ele>14.2</ele><time>2026-02-20T08:18:50Z</time></trkpt><trkpt lat="22.41692666666667" lon="114.23158166666666"><ele>14.3</ele><time>2026-02-20T08:18:52Z</time></trkpt><trkpt lat="22.41694" lon="114.23159666666668"><ele>14.9</ele><time>2026-02-20T08:18:54Z</time></trkpt><trkpt lat="22.416958333333334" lon="114.23162166666667"><ele>15.600000000000001</ele><time>2026-02-20T08:18:57Z</time></trkpt><trkpt lat="22.416976666666663" lon="114.231645"><ele>15.7</ele><time>2026-02-20T08:18:59Z</time></trkpt><trkpt lat="22.416988333333332" lon="114.23166"><ele>15.600000000000001</ele><time>2026-02-20T08:19:01Z</time></trkpt><trkpt lat="22.416964999999998" lon="114.23166833333335"><ele>16.0</ele><time>2026-02-20T08:19:10Z</time></trkpt><trkpt lat="22.41694166666667" lon="114.23166166666667"><ele>16.1</ele><time>2026-02-20T08:19:12Z</time></trkpt><trkpt lat="22.41694166666667" lon="114.23162333333333"><ele>16.2</ele><time>2026-02-20T08:19:14Z</time></trkpt><trkpt lat="22.416949999999996" lon="114.23160333333333"><ele>16.2</ele><time>2026-02-20T08:19:15Z</time></trkpt><trkpt lat="22.41700166666667" lon="114.23161833333333"><ele>16.3</ele><time>2026-02-20T08:19:17Z</time></trkpt><trkpt lat="22.41702666666667" lon="114.23162333333333"><ele>16.4</ele><time>2026-02-20T08:19:18Z</time></trkpt><trkpt lat="22.417050000000003" lon="114.23161"><ele>16.4</ele><time>2026-02-20T08:19:19Z</time></trkpt><trkpt lat="22.41703166666667" lon="114.23157"><ele>16.3</ele><time>2026-02-20T08:19:20Z</time></trkpt><trkpt lat="22.417126666666665" lon="114.23149833333333"><ele>15.899999999999999</ele><time>2026-02-20T08:19:21Z</time></trkpt><trkpt lat="22.41720666666667" lon="114.23143833333333"><ele>15.600000000000001</ele><time>2026-02-20T08:19:22Z</time></trkpt><trkpt lat="22.417245" lon="114.23139666666665"><ele>15.399999999999999</ele><time>2026-02-20T08:19:23Z</time></trkpt><trkpt lat="22.417278333333336" lon="114.23136500000001"><ele>15.3</ele><time>2026-02-20T08:19:24Z</time></trkpt><trkpt lat="22.41729666666667" lon="114.23134833333333"><ele>14.4</ele><time>2026-02-20T08:19:29Z</time></trkpt><trkpt lat="22.417306666666665" lon="114.23133000000001"><ele>13.9</ele><time>2026-02-20T08:19:31Z</time></trkpt><trkpt lat="22.417324999999998" lon="114.231305"><ele>13.5</ele><time>2026-02-20T08:19:34Z</time></trkpt><trkpt lat="22.417338333333337" lon="114.23128166666666"><ele>13.5</ele><time>2026-02-20T08:19:37Z</time></trkpt><trkpt lat="22.41734" lon="114.23125499999999"><ele>12.9</ele><time>2026-02-20T08:19:41Z</time></trkpt><trkpt lat="22.417350000000003" lon="114.23123500000001"><ele>12.7</ele><time>2026-02-20T08:19:43Z</time></trkpt><trkpt lat="22.41735833333333" lon="114.23121666666665"><ele>12.2</ele><time>2026-02-20T08:19:45Z</time></trkpt><trkpt lat="22.417371666666668" lon="114.23119166666666"><ele>11.9</ele><time>2026-02-20T08:19:48Z</time></trkpt><trkpt lat="22.41738" lon="114.23117333333333"><ele>12.5</ele><time>2026-02-20T08:19:51Z</time></trkpt><trkpt lat="22.41739" lon="114.23115166666666"><ele>12.6</ele><time>2026-02-20T08:19:53Z</time></trkpt><trkpt lat="22.417411666666666" lon="114.23116333333334"><ele>13.2</ele><time>2026-02-20T08:19:58Z</time></trkpt><trkpt lat="22.41743166666667" lon="114.23117333333333"><ele>13.2</ele><time>2026-02-20T08:20:00Z</time></trkpt><trkpt lat="22.417444999999997" lon="114.23118833333335"><ele>13.4</ele><time>2026-02-20T08:20:02Z</time></trkpt><trkpt lat="22.417461666666668" lon="114.23120333333333"><ele>13.6</ele><time>2026-02-20T08:20:06Z</time></trkpt><trkpt lat="22.417486666666665" lon="114.23120166666668"><ele>13.7</ele><time>2026-02-20T08:20:08Z</time></trkpt><trkpt lat="22.417516666666664" lon="114.23120500000002"><ele>13.8</ele><time>2026-02-20T08:20:10Z</time></trkpt><trkpt lat="22.41753833333333" lon="114.23121"><ele>13.8</ele><time>2026-02-20T08:20:11Z</time></trkpt><trkpt lat="22.417555" lon="114.23121833333335"><ele>13.8</ele><time>2026-02-20T08:20:12Z</time></trkpt><trkpt lat="22.41757" lon="114.23123"><ele>13.9</ele><time>2026-02-20T08:20:13Z</time></trkpt><trkpt lat="22.4176" lon="114.23126666666667"><ele>13.9</ele><time>2026-02-20T08:20:15Z</time></trkpt><trkpt lat="22.417616666666664" lon="114.23128666666668"><ele>14.0</ele><time>2026-02-20T08:20:16Z</time></trkpt><trkpt lat="22.41763" lon="114.23130333333332"><ele>14.0</ele><time>2026-02-20T08:20:17Z</time></trkpt><trkpt lat="22.41764" lon="114.23132"><ele>14.0</ele><time>2026-02-20T08:20:18Z</time></trkpt><trkpt lat="22.417671666666667" lon="114.23133666666666"><ele>14.3</ele><time>2026-02-20T08:20:25Z</time></trkpt><trkpt lat="22.41768833333333" lon="114.23129499999999"><ele>14.3</ele><time>2026-02-20T08:20:26Z</time></trkpt><trkpt lat="22.417711666666666" lon="114.23128999999999"><ele>14.4</ele><time>2026-02-20T08:20:27Z</time></trkpt><trkpt lat="22.417716666666667" lon="114.23132499999998"><ele>14.3</ele><time>2026-02-20T08:20:28Z</time></trkpt><trkpt lat="22.417735" lon="114.23134833333333"><ele>14.3</ele><time>2026-02-20T08:20:29Z</time></trkpt><trkpt lat="22.417726666666667" lon="114.23136833333335"><ele>14.3</ele><time>2026-02-20T08:20:31Z</time></trkpt><trkpt lat="22.417748333333332" lon="114.23137833333334"><ele>14.4</ele><time>2026-02-20T08:20:33Z</time></trkpt><trkpt lat="22.417770000000004" lon="114.23137666666668"><ele>14.2</ele><time>2026-02-20T08:20:35Z</time></trkpt><trkpt lat="22.417761666666667" lon="114.23134166666665"><ele>13.7</ele><time>2026-02-20T08:20:57Z</time></trkpt><trkpt lat="22.417743333333338" lon="114.231335"><ele>13.7</ele><time>2026-02-20T08:20:59Z</time></trkpt><trkpt lat="22.417725000000004" lon="114.23133833333334"><ele>13.7</ele><time>2026-02-20T08:21:02Z</time></trkpt><trkpt lat="22.417714999999998" lon="114.23136833333335"><ele>13.8</ele><time>2026-02-20T08:21:05Z</time></trkpt><trkpt lat="22.417710000000003" lon="114.23139"><ele>13.8</ele><time>2026-02-20T08:21:06Z</time></trkpt><trkpt lat="22.417713333333335" lon="114.23141333333334"><ele>13.8</ele><time>2026-02-20T08:21:08Z</time></trkpt><trkpt lat="22.417713333333335" lon="114.23143666666668"><ele>13.9</ele><time>2026-02-20T08:21:09Z</time></trkpt><trkpt lat="22.41773333333333" lon="114.231425"><ele>13.9</ele><time>2026-02-20T08:21:11Z</time></trkpt><trkpt lat="22.417741666666664" lon="114.23139833333335"><ele>13.9</ele><time>2026-02-20T08:21:12Z</time></trkpt><trkpt lat="22.417713333333335" lon="114.23142000000001"><ele>14.0</ele><time>2026-02-20T08:21:14Z</time></trkpt><trkpt lat="22.417693333333332" lon="114.23149666666669"><ele>14.1</ele><time>2026-02-20T08:21:16Z</time></trkpt><trkpt lat="22.417695000000002" lon="114.23154833333335"><ele>14.2</ele><time>2026-02-20T08:21:17Z</time></trkpt><trkpt lat="22.417713333333335" lon="114.23155666666668"><ele>14.5</ele><time>2026-02-20T08:21:20Z</time></trkpt><trkpt lat="22.417735" lon="114.23155999999999"><ele>14.7</ele><time>2026-02-20T08:21:21Z</time></trkpt><trkpt lat="22.417758333333335" lon="114.23157166666667"><ele>14.8</ele><time>2026-02-20T08:21:23Z</time></trkpt><trkpt lat="22.417775" lon="114.23148166666667"><ele>14.5</ele><time>2026-02-20T08:21:25Z</time></trkpt><trkpt lat="22.41778" lon="114.23145666666666"><ele>14.5</ele><time>2026-02-20T08:21:26Z</time></trkpt><trkpt lat="22.417795" lon="114.23142833333334"><ele>14.4</ele><time>2026-02-20T08:21:27Z</time></trkpt><trkpt lat="22.417796666666664" lon="114.23140666666669"><ele>14.3</ele><time>2026-02-20T08:21:29Z</time></trkpt><trkpt lat="22.41784" lon="114.23135166666667"><ele>16.6</ele><time>2026-02-20T08:21:54Z</time></trkpt><trkpt lat="22.417846666666666" lon="114.23133166666666"><ele>17.0</ele><time>2026-02-20T08:21:57Z</time></trkpt><trkpt lat="22.41785333333333" lon="114.23131166666666"><ele>17.6</ele><time>2026-02-20T08:22:01Z</time></trkpt><trkpt lat="22.417856666666662" lon="114.23128833333334"><ele>18.0</ele><time>2026-02-20T08:22:07Z</time></trkpt><trkpt lat="22.417855" lon="114.23125999999999"><ele>18.3</ele><time>2026-02-20T08:22:11Z</time></trkpt><trkpt lat="22.417863333333337" lon="114.23124166666666"><ele>18.1</ele><time>2026-02-20T08:22:13Z</time></trkpt><trkpt lat="22.417876666666665" lon="114.23121666666665"><ele>17.9</ele><time>2026-02-20T08:22:15Z</time></trkpt><trkpt lat="22.417888333333334" lon="114.23119333333334"><ele>17.8</ele><time>2026-02-20T08:22:17Z</time></trkpt><trkpt lat="22.417903333333335" lon="114.23116333333334"><ele>17.6</ele><time>2026-02-20T08:22:20Z</time></trkpt><trkpt lat="22.41791333333333" lon="114.23114166666667"><ele>17.0</ele><time>2026-02-20T08:22:23Z</time></trkpt><trkpt lat="22.417925" lon="114.23112"><ele>16.1</ele><time>2026-02-20T08:22:25Z</time></trkpt><trkpt lat="22.417939999999998" lon="114.23109000000001"><ele>15.399999999999999</ele><time>2026-02-20T08:22:27Z</time></trkpt><trkpt lat="22.417950000000005" lon="114.23107166666665"><ele>14.9</ele><time>2026-02-20T08:22:29Z</time></trkpt><trkpt lat="22.41796" lon="114.23105333333334"><ele>14.6</ele><time>2026-02-20T08:22:30Z</time></trkpt><trkpt lat="22.417968333333338" lon="114.231035"><ele>13.9</ele><time>2026-02-20T08:22:33Z</time></trkpt><trkpt lat="22.417984999999998" lon="114.23100500000001"><ele>12.6</ele><time>2026-02-20T08:22:36Z</time></trkpt><trkpt lat="22.417994999999998" lon="114.23098499999999"><ele>10.8</ele><time>2026-02-20T08:22:39Z</time></trkpt><trkpt lat="22.418005" lon="114.23096333333334"><ele>9.3</ele><time>2026-02-20T08:22:41Z</time></trkpt><trkpt lat="22.418015" lon="114.23094666666665"><ele>7.800000000000001</ele><time>2026-02-20T08:22:43Z</time></trkpt><trkpt lat="22.418026666666666" lon="114.23092166666666"><ele>5.7</ele><time>2026-02-20T08:22:46Z</time></trkpt><trkpt lat="22.418039999999998" lon="114.23089666666668"><ele>3.5999999999999996</ele><time>2026-02-20T08:22:49Z</time></trkpt><trkpt lat="22.418053333333333" lon="114.23087166666667"><ele>2.8</ele><time>2026-02-20T08:22:51Z</time></trkpt><trkpt lat="22.418065000000002" lon="114.23085166666667"><ele>1.9</ele><time>2026-02-20T08:22:53Z</time></trkpt><trkpt lat="22.418074999999998" lon="114.23083166666666"><ele>0.6000000000000001</ele><time>2026-02-20T08:22:56Z</time></trkpt><trkpt lat="22.418084999999998" lon="114.23081500000002"><ele>-1.2</ele><time>2026-02-20T08:23:00Z</time></trkpt><trkpt lat="22.418098333333333" lon="114.23079166666666"><ele>-0.8</ele><time>2026-02-20T08:23:06Z</time></trkpt><trkpt lat="22.418099999999995" lon="114.23077166666666"><ele>-0.19999999999999996</ele><time>2026-02-20T08:23:08Z</time></trkpt><trkpt lat="22.418186666666664" lon="114.23080333333334"><ele>2.6</ele><time>2026-02-20T08:23:54Z</time></trkpt><trkpt lat="22.418114999999997" lon="114.23077166666666"><ele>8.3</ele><time>2026-02-20T08:24:51Z</time></trkpt><trkpt lat="22.418141666666664" lon="114.23076333333331"><ele>11.1</ele><time>2026-02-20T08:25:51Z</time></trkpt><trkpt lat="22.418158333333334" lon="114.23073500000001"><ele>11.0</ele><time>2026-02-20T08:25:52Z</time></trkpt><trkpt lat="22.418171666666662" lon="114.23071"><ele>11.0</ele><time>2026-02-20T08:25:53Z</time></trkpt><trkpt lat="22.418185" lon="114.230685"><ele>10.8</ele><time>2026-02-20T08:25:54Z</time></trkpt><trkpt lat="22.41819666666667" lon="114.23066333333333"><ele>10.7</ele><time>2026-02-20T08:25:55Z</time></trkpt><trkpt lat="22.418215" lon="114.23063166666667"><ele>10.3</ele><time>2026-02-20T08:25:56Z</time></trkpt><trkpt lat="22.418225" lon="114.23061166666666"><ele>9.9</ele><time>2026-02-20T08:25:57Z</time></trkpt><trkpt lat="22.41822713020313" lon="114.23061000798228"><ele>9.85737963384363</ele><time>2026-02-20T08:25:57.284Z</time></trkpt></trkseg></trk></gpx>